sample_id,s0_A1_x,s0_A1_y,s0_A1_z,s0_A2_x,s0_A2_y,s0_A2_z,s0_A3_x,s0_A3_y,s0_A3_z,s0_B1_x,s0_B1_y,s0_B1_z,s0_B2_x,s0_B2_y,s0_B2_z,s0_B3_x,s0_B3_y,s0_B3_z,s0_C1_x,s0_C1_y,s0_C1_z,s0_C2_x,s0_C2_y,s0_C2_z,s0_C3_x,s0_C3_y,s0_C3_z,s1_A1_x,s1_A1_y,s1_A1_z,s1_A2_x,s1_A2_y,s1_A2_z,s1_A3_x,s1_A3_y,s1_A3_z,s1_B1_x,s1_B1_y,s1_B1_z,s1_B2_x,s1_B2_y,s1_B2_z,s1_B3_x,s1_B3_y,s1_B3_z,s1_C1_x,s1_C1_y,s1_C1_z,s1_C2_x,s1_C2_y,s1_C2_z,s1_C3_x,s1_C3_y,s1_C3_z,s2_A1_x,s2_A1_y,s2_A1_z,s2_A2_x,s2_A2_y,s2_A2_z,s2_A3_x,s2_A3_y,s2_A3_z,s2_B1_x,s2_B1_y,s2_B1_z,s2_B2_x,s2_B2_y,s2_B2_z,s2_B3_x,s2_B3_y,s2_B3_z,s2_C1_x,s2_C1_y,s2_C1_z,s2_C2_x,s2_C2_y,s2_C2_z,s2_C3_x,s2_C3_y,s2_C3_z,s3_A1_x,s3_A1_y,s3_A1_z,s3_A2_x,s3_A2_y,s3_A2_z,s3_A3_x,s3_A3_y,s3_A3_z,s3_B1_x,s3_B1_y,s3_B1_z,s3_B2_x,s3_B2_y,s3_B2_z,s3_B3_x,s3_B3_y,s3_B3_z,s3_C1_x,s3_C1_y,s3_C1_z,s3_C2_x,s3_C2_y,s3_C2_z,s3_C3_x,s3_C3_y,s3_C3_z,s4_A1_x,s4_A1_y,s4_A1_z,s4_A2_x,s4_A2_y,s4_A2_z,s4_A3_x,s4_A3_y,s4_A3_z,s4_B1_x,s4_B1_y,s4_B1_z,s4_B2_x,s4_B2_y,s4_B2_z,s4_B3_x,s4_B3_y,s4_B3_z,s4_C1_x,s4_C1_y,s4_C1_z,s4_C2_x,s4_C2_y,s4_C2_z,s4_C3_x,s4_C3_y,s4_C3_z
calibration_00000,-1349.9697103471992,622.9128394163909,186.91014037466275,-1500.0378395698124,150.93497330665326,254.48049590051474,-1650.0392609127407,315.5033526939109,-107.95333457650226,-299.99747105818227,-68.1064165516056,15.076502358664548,-0.006246116464951117,-579.7429984475264,105.31984529066386,300.06828660370866,-402.0728679740818,-382.9882990351013,1349.9669974197209,631.8816396912604,190.15303432299194,1500.0183471464243,120.19547356490489,280.3624741290953,1649.9993008470983,297.8879957206456,-207.93848066287455,-1000.0064934595486,273.02255294190485,99.31544456367223,-1150.0074687264498,-198.97035613744973,166.97016263263833,-1300.0475242762566,-34.37585590940323,-195.39042753054326,-299.98415203105594,281.839716018089,102.64641330947126,-0.050568802706606436,-229.90444435568304,192.8146791886819,299.99188671635073,-52.093287052911386,-295.4075489224303,1000.0036687821977,281.8936628038162,102.53927364473132,1150.013259178445,-229.84278490944737,192.8187418836959,1300.007526783653,-52.05792194511614,-295.5053660892126,-750.0327612350733,272.99394447070813,99.35237222136858,-900.005316869708,-199.0684178458597,166.98430248943583,-1049.9814844629077,-34.42809849885918,-195.42502354035778,-299.97666152615705,281.8695107752793,102.75887945624132,0.01151068439896892,-229.8277370416375,192.85108600105565,299.9496883460711,-52.136236322646106,-295.44704089668994,999.9790085462165,281.8497596194337,102.5939207893041,1149.9871027133133,-229.78307169197208,192.8216051627093,1299.973598663733,-52.088472419910545,-295.474582357933,-749.9560221522726,272.91460384584246,99.40491582558315,-900.0166083688196,-199.06178988216448,166.89545876667563,-1049.927839241365,-34.45033426425774,-195.4391217343914,-299.98588661646534,281.8897876906682,102.66956344209463,-0.057819173136633255,-229.8500733503867,192.8896346750695,299.86231782051516,-52.15764177462231,-295.41763740339036,750.0498192643504,281.7786146642928,102.5064948613539,900.0316082125795,-229.8533340222242,192.74630661780037,1049.89005207633,-52.19675807512875,-295.632829347279,-749.9632672946832,272.96102858881954,99.30215369223093,-899.9657579005309,-199.0946147924135,166.9131701434703,-1049.927801671668,-34.40731732920996,-195.5401684675184,-300.02471984610264,281.86505689162635,102.66475210559119,-0.08456808543269723,-229.81350139378287,193.00069613820355,300.01763723505576,-52.084913092057825,-295.32489620463895,750.0992092973445,281.9225733551244,102.65243312608102,900.0303863947403,-229.76361247349314,192.8186151599528,1050.00226825218,-52.132168386669406,-295.5272153085834
calibration_00001,-1350.0024797261933,622.9226785660909,186.88929969378728,-1499.9728911654997,151.00987002541143,254.48005907422288,-1649.9917207217993,315.54634426491486,-107.90529034917161,-299.99401607775314,-68.05105249212212,15.081931215735183,-0.0369021956317762,-579.883966383157,105.3411493469735,300.0069524588813,-402.0682425316975,-382.9606702492273,1350.057804079424,631.8954119886938,190.11947670783692,1500.0155494564958,120.184896746131,280.3143300524432,1650.0071117556515,297.9451038561038,-207.94050274758825,-999.9994422441529,272.93115807778696,99.35725732485662,-1150.0143071371517,-199.07168646501844,166.95357916035982,-1300.030609248081,-34.49466372324935,-195.41793188485534,-300.0067440429234,281.86320222419323,102.65438235201212,-0.022240288459234883,-229.84022154605154,192.8364927331112,300.0178028685329,-52.081007458258426,-295.42740818592955,999.9598443653836,281.84244837571424,102.56895999361309,1149.9672244623969,-229.79301755646722,192.91531946816397,1299.9687640362522,-52.13394564170237,-295.39804731095103,-750.0331771252764,272.8938122540969,99.35901330803372,-900.0810665289504,-199.03475668801252,166.9881086725885,-1049.9502968191825,-34.553142976387456,-195.39159961890087,-299.9601416433629,281.8398137689879,102.51978376551018,0.03663203082433041,-229.85798780143207,192.82811358764724,299.96228300648994,-52.059451748934244,-295.4815364332692,999.9872284203343,281.9054446684108,102.54119847764977,1149.9692412743505,-229.7796931033972,192.7962197992663,1299.9778687915452,-52.10387505929086,-295.40384240359236,-749.9903878823144,272.9878278897248,99.294488156841,-900.037103382436,-199.0666548865406,167.0240546257859,-1049.9554746281387,-34.49812491232549,-195.41622010931482,-299.9705908341337,281.8757414529183,102.59039490879903,0.062053086446759026,-229.8090716542388,192.81630795775405,299.94794448258676,-52.057337109969176,-295.44495641285795,749.9214143329242,281.9188734366636,102.51165021164222,899.9847538096385,-229.79519548373324,192.805807326222,1049.9879432265002,-52.05292432343446,-295.47950210666187,-749.9970254221558,272.98696041228476,99.33570736497525,-899.982124716105,-198.94608840208667,167.01444335666486,-1049.9698025190812,-34.40491530406115,-195.46844144110904,-300.0186449215019,281.8594889755209,102.68702650520787,0.02575502473304668,-229.79844239784322,192.84302790194906,299.9745521739243,-52.09723960811461,-295.41223978334455,749.9494221857697,281.931816710873,102.59167841346216,900.0408323212062,-229.84377987771455,192.8912451267305,1049.9959752467655,-52.036054240500704,-295.4164964565377
calibration_00002,-1350.0060939932198,622.9518936545787,186.88182584923592,-1500.0401795837074,150.95470478893276,254.52777953228338,-1650.0572294515098,315.54267767434885,-107.87527848314562,-299.99570983213334,-68.05871843556318,15.089719178486748,0.00644150298056351,-579.8041441276193,105.3894438663911,299.9681244344336,-402.082854270527,-382.98564066272206,1349.9772021134313,631.9054436423532,190.15508550349352,1500.0284606999287,120.19902672917216,280.35620445446796,1649.9883328078017,297.90452284243537,-207.92781815345126,-999.9796556055229,273.0100600336162,99.26784886012592,-1149.9698412561208,-199.02907089865968,167.03302864861476,-1299.9209302964634,-34.51157483166201,-195.49439315229986,-300.0182002176965,281.83941600088747,102.66586834704651,-0.058168776960701274,-229.89191676615218,192.86058995079912,300.05756132410727,-51.999272218956975,-295.44854885784207,1000.0285671415802,281.9193273514221,102.59601714811005,1149.9712536336924,-229.82850727239176,192.80897025139797,1300.0429887606574,-52.1105482354237,-295.4307022854749,-750.0699422723415,272.8848983399441,99.34083448276674,-900.0418358360939,-199.1201744366998,166.87503697887647,-1050.0534642233747,-34.45876069584053,-195.52502361174137,-300.0080710211309,281.82611015238933,102.68222915156883,-0.0815065790236715,-229.86644439049184,192.82986187701286,300.0871987866561,-52.00947635867291,-295.41649973699236,1000.0544056565454,281.8528396363377,102.61757240980577,1150.017718131107,-229.7829238321834,192.77624705276563,1299.9852438775233,-52.13338180554041,-295.4909844441998,-750.0780139272482,272.8546901918483,99.33708249653188,-900.0861329639129,-199.10202235156234,166.92025780642766,-1050.014142165879,-34.42208369512441,-195.53398054208296,-300.05237621217,281.9988941667384,102.67225811704446,-0.049226938709807835,-229.85116819034963,192.84509734262883,300.07939667566546,-52.12260309100927,-295.3953439693963,749.9828484406471,281.80820053707504,102.80937293221955,899.9321838435025,-229.8179558970215,192.92982177092753,1050.1183751276087,-52.03447915306818,-295.2173389928305,-750.0363174691773,272.8897084306623,99.34073435080332,-900.0163405993505,-198.99179329330462,166.9559641558311,-1050.01999581576,-34.48846621578215,-195.35945792160226,-299.9894544805489,281.9075323735674,102.65752060193218,-0.01774702502993333,-229.77997740343304,192.8215804073602,300.1019837446774,-52.13043050364432,-295.50742688284015,750.0008529710452,281.91098653955214,102.63075307859138,899.9814301419591,-229.75437638265618,192.83949312741558,1050.03130682202,-51.991298113531144,-295.3346236540946
calibration_00003,-1350.005818842191,623.0719273748291,186.91653567144448,-1500.0469664185023,150.93574953984316,254.4536701817271,-1650.0249756117905,315.51435458920264,-107.89619237618543,-300.0088733199117,-68.0999781920311,15.10828785177558,0.02482863258652237,-579.8097054753565,105.34550166101835,300.0174582963814,-402.07263267230866,-382.92862661188383,1350.0364650201577,631.9112170538444,190.12318690739212,1500.0186021557588,120.16476425416259,280.32386867892495,1649.9948873452981,297.87901017419813,-207.9341344562082,-999.9027350862847,272.8718690033979,99.21431651189802,-1150.036186438971,-199.05025720785525,167.04949774218719,-1299.9928504570837,-34.486316576080014,-195.36118791559963,-300.02280448944754,281.8786853213283,102.60467391946612,0.006432820249508588,-229.84579391186563,192.89967033352295,300.00060654441035,-52.05676845188475,-295.4975561255293,999.9025661669039,281.8812893979369,102.62418232848113,1150.0181866991632,-229.83242223131595,192.88135033397825,1300.0063938544688,-52.04906276094671,-295.36191393811663,-750.0196720190714,272.87499450480647,99.37679766604101,-899.9235556041837,-199.17058083727676,167.0508691205304,-1049.93777506747,-34.56207455850062,-195.36582027897435,-300.02847805271733,281.92411278933594,102.583766968417,-0.01601212768958461,-229.7723740326905,192.86871025311595,300.00220533141396,-52.145358064193054,-295.4618669647199,999.8908198374561,281.8272977217652,102.58997339640545,1149.9953117269679,-229.814366934109,192.865495884901,1300.0482479626944,-52.05480203150238,-295.46090519977724,-750.0687473246295,272.9522312364778,99.36969895348646,-899.9649026561787,-199.11869149329203,167.09223070990828,-1049.9853970580937,-34.5017388364987,-195.4155750239201,-300.05645279339245,281.8507832937781,102.61331105858463,-0.03354671139575416,-229.8735654920221,192.93880973041405,299.99586130161623,-52.146837343181836,-295.45114115626893,749.9880948654826,281.9149013418637,102.56159840248662,899.9657440621439,-229.82554171618008,192.8539068716522,1049.981174409087,-52.2292909619118,-295.519375447447,-750.0705832115685,272.97483686336267,99.32245484566191,-900.0148245982128,-199.07748980483427,166.94779789764007,-1049.9070528968846,-34.504490641544294,-195.44773823062002,-300.0368063208392,281.9762837349421,102.61107476222305,-0.03564870702650251,-229.79889742153458,192.91113676960506,300.0731026953279,-52.01974141857213,-295.533559042475,749.9596802507108,282.01499328862354,102.61082379549428,899.9135233234088,-229.7571094571387,192.87637463159308,1049.9434256584339,-52.09468876406544,-295.45732642262186
calibration_00004,-1349.993888750212,622.949738748897,186.8573733789104,-1499.9983499547773,151.01003602059345,254.495796670685,-1649.9784319733035,315.5323289200184,-107.95686620599928,-299.9990540381157,-68.12471149241692,15.093223386892868,0.020035344628809567,-579.8126363405066,105.33670529738485,299.9512368948598,-402.05530455093356,-382.9155424737225,1349.9640847676671,631.9220707020872,190.06858353780422,1499.9922566226496,120.18105927563829,280.32151247147704,1650.0236012684645,297.90334021125375,-207.94458623307534,-999.9975749746874,272.97569125535705,99.36200523413943,-1149.9787496382298,-199.07292110988803,167.03589247292973,-1300.01961277023,-34.47124043860124,-195.38533473845422,-299.9210600725939,281.9529419998569,102.57834864263643,-0.031406515526043476,-229.8320464300593,192.82441337998185,299.99520511791087,-52.11009625709871,-295.43562457926146,1000.0684411028757,281.88167148503715,102.60103556616068,1150.0459606647037,-229.80850776844662,192.81091167196126,1299.9140279394926,-52.072662578988904,-295.4136958276459,-749.8922230512663,273.0656370530295,99.29899168345284,-900.0981306351623,-198.79298521198317,166.9782000534698,-1050.0194128951198,-34.2902039392384,-195.46476709054042,-299.98908765674383,281.8955045691014,102.5773090308802,-0.04560526645062019,-229.7684708061658,192.81253076838408,299.9636099087265,-52.095050372697166,-295.4652393967621,1000.0142614890151,281.857895279586,102.62588533464904,1150.0228379108603,-229.8210596420017,192.8392789154403,1299.9229016927857,-52.12518596179047,-295.37077489975644,-749.8766651033674,273.10231336177634,99.32153420109911,-900.0404496392799,-198.76507564556965,166.96135131659412,-1050.045706078712,-34.22450224152455,-195.46148962382844,-299.9777246374354,281.92793513729134,102.61139187500602,0.0019296622220169486,-229.7175823652482,192.7810709257644,299.9625463684341,-52.12630520153746,-295.49714383862164,750.0383128618191,281.97086412199326,102.53511618015884,899.9910189192288,-229.80104481851635,192.8021862511476,1049.9854433138755,-52.103145022630336,-295.45969032879793,-749.9135189242676,272.85843583418057,99.35362465497771,-900.0678937636939,-199.03310646104285,166.9487025238762,-1050.060160480132,-34.433288559880886,-195.45912138418691,-300.01526556848023,281.7946385591958,102.62623071283537,0.024283965332662028,-229.8369901740963,192.91643695091952,300.07338980121676,-52.18357337448146,-295.38937022849785,749.9291820941685,281.91580966332083,102.61652993431467,900.0413464550323,-229.810589678251,192.85094894701083,1049.933428942857,-52.10383928072207,-295.44932247215837
calibration_00005,-1350.0130917641732,622.8970966427253,186.85764253802157,-1499.9773843464798,150.999187515241,254.50386922674724,-1650.019778981608,315.6106172069744,-107.88194768915217,-299.93201987105226,-68.10811573412971,15.094523602146907,0.005224568674204085,-579.8610974316828,105.36401216861805,300.0233332666989,-402.08447117477385,-382.97655493349646,1350.0313271673886,631.921232140653,190.11964934533893,1499.9582097645687,120.19899872491517,280.35855448953527,1649.9686262366615,297.90173643362425,-207.89146730133976,-1000.0160208865168,272.93775263286307,99.37214498193156,-1149.996477719147,-199.066475796882,166.97748870503702,-1299.9411019432198,-34.51882557463032,-195.50463072284717,-300.0316140691512,281.8876578443859,102.61690102791904,-0.003609559505142721,-229.7622834893853,192.8690195100819,299.96162453067086,-52.14590978105945,-295.4354011280774,999.9834767945827,281.8560276486232,102.5010208522076,1150.033531385881,-229.79828147953873,192.8129805325345,1299.98955675,-52.09954415948909,-295.4469980129371,-749.9392808627903,272.94511383532875,99.31378477722292,-900.0005736068042,-198.994852599139,167.15087234664924,-1050.0816554890093,-34.598331552111716,-195.29693880561945,-300.12009435076294,281.82878264544684,102.59156239942362,-0.06809080001981804,-229.73536168655735,192.97003006233257,299.98633833807395,-52.04875598461281,-295.4862957883537,999.9586625675,281.8630851874309,102.49863801453107,1150.0143479767085,-229.8022793830034,192.82634313069136,1299.933187136601,-52.081039494858345,-295.47961453488125,-749.9590630752479,272.92058571867193,99.38055328252655,-900.0010605741483,-199.00293067498106,167.1092093089809,-1050.0412675505643,-34.5679553659767,-195.32258017933276,-300.08198308223814,281.8778850763225,102.56107071805842,-0.041867777890511756,-229.7835603084929,192.9280708538958,299.9757691441217,-52.07615727507131,-295.47190258262117,749.9241674481442,282.12733608031795,102.54338240320912,900.0079321849872,-229.46120119011604,192.81308228090168,1049.9432896229641,-51.851725166366485,-295.4284601325426,-749.8897703696839,272.97800924169684,99.33814831940373,-899.9704121703993,-198.9129763843329,166.9724590514546,-1050.0403108582732,-34.41977963834948,-195.37505846612174,-299.98442437432084,281.83392644828365,102.61449932781241,-0.06404702461145344,-229.91876079754994,192.81057367352022,300.0610360239399,-52.18926584739233,-295.4865196015041,749.9343055574994,281.8587044619329,102.61656545415606,899.9696742887305,-229.77506407897178,192.8397039636634,1049.9038034289454,-52.07379221160078,-295.35425973000457
calibration_00006,-1350.022611027819,622.9561869487115,186.85421065926332,-1499.9931779768665,150.95302767217342,254.47062027121007,-1650.007331637897,315.5236667787252,-107.88804206584041,-300.0204284756456,-68.08707927675823,15.111830489693888,0.022417544874706298,-579.837556836377,105.33846693030937,300.0205597396248,-402.1188343337222,-382.92687853634305,1349.9913689119103,631.9208976975291,190.12055481579827,1499.9840165872167,120.21679423722395,280.37511462797653,1650.0672368623905,297.9301810733141,-207.9407890180546,-999.9827576641101,272.9763474494992,99.35388781499084,-1149.9776617258358,-199.041905965095,167.00136852413686,-1299.930492561459,-34.48947868926949,-195.44087599997957,-300.00547897567253,281.90684721756077,102.61083074043616,0.00024711587242996075,-229.8330862271045,192.84347653578297,299.97555365489995,-52.11944009537676,-295.44615764810743,1000.0308509185346,281.88860259841516,102.57242448014183,1149.9809107151245,-229.8222621429366,192.79184706816613,1299.9278070705827,-52.118097165363835,-295.4531152772616,-749.9865458012953,272.9605103384672,99.36736615297234,-900.037703661239,-199.01418021672336,167.1671128720203,-1050.0652350874134,-34.409280811269944,-195.33182203125298,-300.02487192893,281.9015106662129,102.57139476060298,-0.04953105481618685,-229.80466012256537,192.83221555355215,299.97922128161525,-52.0569705789359,-295.45962537083165,1000.0319830906735,281.92805106065333,102.53665473742598,1149.9964088907866,-229.84307911927846,192.7499070001088,1299.9168505407213,-52.1470939517304,-295.4567109872259,-749.994239763475,272.97401933118056,99.30892119823535,-900.0008620852279,-199.0202856780454,167.12006735839842,-1049.9952092825831,-34.36349097360861,-195.39056263883995,-300.08839443344215,281.90883300256337,102.63093890638146,-0.048818836480663416,-229.7819500003603,192.8371900087215,300.00366640745534,-52.049719851129275,-295.4700063744459,749.9712939899263,281.8589850950727,102.63971641012674,899.9489656318925,-229.82834462368078,192.88149667622014,1049.970560697883,-52.022474610873,-295.4187577088963,-749.891675364476,272.9102039372124,99.3315371958292,-900.0287970717252,-199.06148400801345,167.0034825060265,-1050.029209790774,-34.41607024065529,-195.3826447831189,-300.093477296245,281.91260312343445,102.52247345004422,-0.052326007668927435,-229.77730879662886,192.81939346527577,300.0280960073598,-52.07374102961732,-295.49196688205103,750.1051219865009,281.8062312435664,102.61936292999609,899.9571863023037,-229.7280376507441,192.82725955088483,1049.9969840646418,-52.07427176484901,-295.41730586627136
calibration_00007,-1350.010505511337,622.941580445709,186.88610789340393,-1500.0027316454268,150.9809396103529,254.52590443123538,-1649.9886723965576,315.539528287203,-107.88501979292366,-300.03060170319355,-68.08954211579608,15.161013833853737,-0.00845230253200306,-579.8147341590355,105.32970144305077,300.017992058768,-402.08103626861873,-382.9303952683068,1350.047167205785,632.0312284748858,190.11555487535327,1500.016199375285,120.18108661845422,280.3606458775875,1650.0320775523721,297.8607149181666,-207.93885788752362,-1000.028709888336,273.0267748740329,99.27771808905418,-1150.0359852260037,-198.96676251885157,167.04734417941847,-1299.9980653059056,-34.51289800314427,-195.43998705383024,-299.99045227099174,281.9413542533807,102.55883650229053,-0.012113819914408595,-229.78251865814715,192.85258124129567,300.00969805878844,-52.1863242031411,-295.41291559856677,999.9239016214669,281.8597051109476,102.65793861212525,1149.9463391113425,-229.9004014696401,192.798715688286,1300.04275132268,-52.01030293846811,-295.4224576836657,-749.976437343618,272.9824330459312,99.31628082685543,-899.975399759934,-199.01538098798636,166.97601337947577,-1049.962580131151,-34.46093351310048,-195.41169398876386,-300.0701773506044,281.9039877119747,102.46884018674972,-0.014354496870361434,-229.79557654366323,192.81695474936365,299.9899514483329,-52.109853131085764,-295.5190008010851,999.9112001706033,281.8589120747958,102.59267059901778,1150.0238897908323,-229.87414951063462,192.8260023812038,1299.9840883818629,-52.0473065443225,-295.48628989572666,-749.9164237335788,272.99822118651326,99.26454182655235,-899.971267943414,-199.03648515340456,166.92146391062047,-1049.9555661039967,-34.4533659971881,-195.36913992838058,-299.96996847666964,281.9036964796969,102.56972966413859,-0.021910261652185868,-229.86775985332065,192.9178393554693,300.0576938780173,-52.14248707067297,-295.5061571203481,749.9632610346081,282.03704172287314,102.5597124778108,899.9326222586304,-229.67956917477903,192.8791753540698,1050.090401421904,-52.01941441977763,-295.4244859327562,-749.977857507592,272.99962611471744,99.39612448861698,-900.0124104211084,-199.00852484083543,166.9712670281158,-1049.926014294993,-34.409140648794306,-195.32147688103507,-300.0228014740909,281.8185959222901,102.64096474702457,0.002234368686057241,-229.8556830945413,192.84365709648281,299.9406637864475,-52.15065260630842,-295.4883084137978,749.9480451207022,281.90721593924394,102.59641534704743,899.8043927003141,-229.78217774143434,192.82410689766164,1049.990210302238,-52.02977621856849,-295.47341618538786
calibration_00008,-1349.9770614969693,622.9559816996613,186.832096876397,-1500.0157022617893,150.98576284941564,254.52193257447925,-1650.0188468724991,315.50887603191615,-107.9343584745365,-300.00914230582424,-68.114130665806,15.094755409226549,0.0069127775267545976,-579.7894443815185,105.31975997928005,299.9651288555102,-402.12599173483557,-382.95373834776797,1349.9867653498873,631.9142602008158,190.10964418009158,1500.0105096439277,120.19007692825068,280.29200185564423,1649.972877125757,297.9585719729366,-207.90383375863382,-1000.0245444781597,272.95188609455136,99.42643348293457,-1149.987602643725,-199.01744385011,166.964407909444,-1300.0302090541754,-34.432818396406866,-195.43324065757528,-299.9035069798659,281.8816843574811,102.54625563076738,-0.02376627068028697,-229.85537754789127,192.81570984622627,300.03169826728816,-52.10278845274236,-295.37302306047343,1000.0166200241372,281.83534799913133,102.54202766018491,1149.9496933981054,-229.79956011659007,192.8669855229583,1299.995027962362,-52.172931097387995,-295.40130837866536,-749.930606360944,273.0314005411482,99.20874767955709,-899.8846282063305,-198.90140297559992,166.83241945265985,-1049.9378807083283,-34.40849077696778,-195.6543385216604,-299.91495914517316,281.9129924776343,102.58187408520067,-0.06537587655380436,-229.79851130832347,192.82820250219467,300.07420141462416,-52.12636562735011,-295.4359627774736,999.9874111809689,281.89478323631056,102.54510785421392,1149.9993813144702,-229.80907160962076,192.88686938430084,1300.0040592778728,-52.130932319787156,-295.4579847928338,-749.9788416133933,272.9727732474703,99.2596159554335,-899.9286480031296,-198.99697188225812,166.81034241636928,-1049.9565742654136,-34.34626986141909,-195.72113044740797,-299.94254760959865,281.81926662544055,102.57095320708441,0.08188258367051528,-229.85838178800373,192.78029791497943,300.04811183004915,-52.12169303582456,-295.3662861527466,750.0721577271278,281.79455132459225,102.72745029829669,899.9565057962996,-230.0393754300397,192.9649284835284,1050.028360898162,-52.24299759811657,-295.38232042336983,-750.0119298243841,272.9484279255519,99.27769073044583,-899.9764337672635,-198.91980500152943,167.05839226759366,-1050.0341524236778,-34.51146467254737,-195.39491348157486,-299.96424529749277,281.82582995631714,102.61135197235673,0.09860898235427584,-229.70730824995468,192.81664502286174,299.9527921342656,-52.0020875733371,-295.4032170941625,750.0410243979283,281.9217081672716,102.53711057444274,899.9396801061785,-229.85682844853386,192.83960778555874,1049.9369187510533,-52.102585244621444,-295.46726342434727
calibration_00009,-1350.0352569699535,622.9379476874849,186.87674659184685,-1499.9822505612474,150.95240095083088,254.51578429875917,-1649.9439808344712,315.5634559442698,-107.92788129638755,-299.97803018447496,-68.12636546594584,15.13288140352086,-0.013574242258031284,-579.7798476128468,105.36332319875808,300.0132266699797,-402.0841637828551,-382.96013182369217,1349.9778919964363,631.9459022051293,190.14259186065235,1499.9868557836007,120.20886802132408,280.38582447414956,1649.9903867017176,297.83811756042013,-207.9881186995633,-999.9857421386149,272.985593169594,99.32313696406091,-1150.1047979272919,-198.98784625477606,167.07334215932727,-1300.024558952533,-34.501172990898326,-195.35918043722862,-300.0376391129512,281.9108116981462,102.50846510338798,-0.024116763861676604,-229.78038432968484,192.842639101581,300.0321557265967,-52.120490664911685,-295.48634780552965,999.9828439904062,281.923659486184,102.6169520063968,1150.0227131043764,-229.84167545282045,192.84331276873883,1300.0299744614974,-52.075054166648506,-295.47501580536743,-750.0065162420248,272.91399437878556,99.25165530201627,-899.9861211207677,-199.0156329860045,166.81439527807518,-1050.0240267527304,-34.553652955086484,-195.46453870250397,-300.04133248610555,281.93053166421953,102.55037707744235,-0.0030280790984489347,-229.74745655230666,192.7336336973259,300.01056138951236,-52.1690050019184,-295.4412084677443,1000.0678507617787,281.8360380490726,102.59634875959526,1150.0085103657111,-229.83370252932676,192.81944368612744,1299.9721849326954,-52.048216195859155,-295.51769084224696,-750.0390646017231,272.90853681155903,99.21005900847868,-900.0011109092246,-199.03794028110454,166.9131321632803,-1050.061832453543,-34.56885676489478,-195.5042674896095,-300.01641954191416,281.9262590950818,102.49291595962296,-0.038951722123566644,-229.77107814564545,192.8071866733807,299.9841310165545,-52.12525692738322,-295.478689744919,749.9677037271779,281.7582332235932,102.58796204965353,899.9705647855596,-229.7832323623314,192.90923318674592,1050.012720944404,-52.112533229048104,-295.471174514243,-750.0088716136257,273.002445973005,99.33284026224723,-899.9755892196051,-199.01298985903844,166.95828826090278,-1049.9990424869875,-34.4118681796215,-195.39790368123204,-299.9700739408719,281.8599878357027,102.55768335391328,-0.008372070074566064,-229.6888108518478,192.83161205270673,300.0009559448806,-52.093724887622166,-295.4372645724251,750.0503602538677,281.85858077461876,102.69414891045693,899.9620767638149,-229.80671141707288,192.8917776553241,1050.025687225885,-52.067923361948864,-295.4286555970558
calibration_00010,-1350.036993231441,622.9951555133423,186.87606189702277,-1499.9718765160637,150.9128183366966,254.49005698909215,-1649.971810108288,315.57739322642135,-107.93649176391015,-300.0414044602443,-68.09262216273004,15.073097801437267,-0.051644163072869204,-579.828317411017,105.32956039982511,299.98618580889735,-402.08661656261523,-382.97733594000607,1349.9602014577902,631.9389365492672,190.12612400436512,1499.939463450912,120.19325663216229,280.3710463991488,1649.986794610419,297.8467412348991,-207.91229863592284,-999.9589261976972,272.93690526633156,99.37238095809819,-1150.0325353809376,-199.01515013525952,166.95124434145706,-1300.0623301860094,-34.540655056839135,-195.4521042189037,-299.9659104014705,281.9011060181609,102.6488945951762,-0.04351245566585282,-229.81748031867855,192.80168592745625,300.0664356642514,-52.121452135922574,-295.3656958365398,1000.0478409027486,281.9207556315319,102.62449944988994,1150.0840478037694,-229.85616141716199,192.81399722143237,1300.0717673990812,-52.07598597762424,-295.53465379872074,-749.9144612931243,273.1021886153459,99.2367131900454,-899.9961397580121,-198.869947503416,166.87137588979155,-1049.9063502305885,-34.28402012731644,-195.5549256302007,-300.0113545020016,281.91851149452344,102.64463330819808,0.05167416896851419,-229.82332108423313,192.88703978795263,300.04597963594796,-52.134663909279766,-295.39741855128784,1000.0899467719519,281.88402679242984,102.56774985570945,1150.0370326267496,-229.81228408576334,192.76997447331584,1299.9812140569813,-52.061947925508036,-295.5620539280492,-749.9732336276875,273.11331510095084,99.21749388334831,-899.938175100233,-198.8602896557079,166.88247552947962,-1049.9529118763169,-34.29822374972735,-195.53580136288554,-299.9756977387277,281.92452911966336,102.69465019848772,-0.04491049411039616,-229.8157381156614,192.84321341733278,300.079805388927,-52.16171503550049,-295.41596276740296,749.9716290524268,281.93578425528244,102.68289055630653,900.0488754429374,-229.74860356951916,192.86396374157283,1050.022247068573,-52.09008993989569,-295.3581606518563,-749.9947435624491,272.92988563369914,99.33058003289942,-899.9895568132773,-198.99394247423746,167.05414483444773,-1049.9909158956264,-34.39835724172708,-195.46366285261195,-299.9783299875852,281.8008823561643,102.68716376436925,0.022790441121008028,-229.86645502736422,192.8928350454114,300.03908950550857,-52.18582975993494,-295.4232323917857,749.947316896763,281.8990216922559,102.62029118458629,900.0240524008842,-229.76036827907993,192.79202918309264,1050.0553403453741,-52.07547400818221,-295.4438399861358
calibration_00011,-1350.034893757052,622.9751563952929,186.8958985191498,-1499.9752334570057,150.99399806506688,254.48647119530258,-1649.9736134402285,315.52816611214223,-107.88831283929296,-299.9689048215469,-68.05590098135848,15.050456479492203,-0.027581309861149848,-579.7915815262627,105.32198969050796,300.0151013852987,-402.07948204919245,-382.89620606309893,1350.0216012803076,631.8683856080472,190.05451168813454,1500.0384206988572,120.19860030723925,280.3591475175983,1649.9853414816469,297.8900717361002,-207.9631202365251,-999.996133663558,272.9313377084996,99.16442281511432,-1150.0092955858336,-199.01009230197107,166.9289871911504,-1300.021296833076,-34.44386105119047,-195.4709569471517,-299.9575641322759,281.8399403418121,102.6563743551496,0.03562908006541127,-229.82750691779958,192.87580298342266,299.94872202482975,-52.08945514665018,-295.4080063888844,999.8731087295931,281.8913178849467,102.60340104373653,1149.9599798123943,-229.859375531859,192.83344778011974,1299.937989361984,-52.12191198875111,-295.3322689405191,-749.9596868627774,272.85476202841926,99.52435985710736,-899.9887445713911,-199.06862463445106,167.14747774152184,-1049.9835083258608,-34.5451489788311,-195.2539935015451,-300.0205819251288,281.78623190909457,102.66178482694609,0.04859457776913226,-229.76547350728458,192.8828918852613,300.04862134502184,-52.1572991073612,-295.49856262831656,999.916258165037,281.8956821741411,102.56960197755834,1150.0073186729123,-229.84272714737577,192.85740773926648,1300.047605777337,-52.11839087098674,-295.35654885737745,-749.9513770786974,272.88231589623297,99.49454415271926,-899.9811658411384,-199.11563625385406,167.1467348130322,-1049.9775628357675,-34.53519885092783,-195.23420909387113,-300.0105502661509,281.7481066158431,102.67077741740718,0.02134651676831953,-229.78020642969045,192.83804091670427,299.98263139422374,-52.10838168309589,-295.43283329240415,749.9625695054282,282.12018016846946,102.52888157370025,900.1375646319614,-229.74088574375506,192.69850606612724,1049.951377083206,-51.94864981337551,-295.59353943877676,-750.0228206296978,272.89288787435345,99.37748002979382,-900.0337128928484,-198.96058768728724,167.02156666418637,-1049.9276909226749,-34.38199334109833,-195.42375031022652,-300.09705455057554,281.8522010087635,102.66451457610451,-0.060729396968248736,-229.83218506816502,192.79784311391253,300.12433277412015,-52.22966012174619,-295.42457134766903,749.9355878447653,282.0151274744164,102.61859525107415,900.0519598719634,-229.8467212885808,192.89703153861205,1049.9830272513823,-52.06611183897643,-295.42650943897013
calibration_00012,-1350.0026375267837,622.976857471182,186.83449802363072,-1499.9776716637232,150.9551591930588,254.50829690843617,-1649.9824482626973,315.5831275359867,-107.93187874582722,-299.92487866974864,-68.07864211191823,15.071967917968381,0.03695911868826978,-579.8297720360625,105.2970835102403,300.00328098166824,-402.0554004168198,-382.9364891837318,1350.0077877990866,631.9240592342793,190.10570015325385,1500.0393107834511,120.16235019449636,280.32481005914735,1650.0214585290416,297.9208776383961,-207.94989387728825,-1000.0216117979969,272.98127278348016,99.4190963090343,-1150.0306747827653,-198.97600761628323,166.95070586156424,-1300.0265778568728,-34.459945848313964,-195.36097335863064,-300.0769048003051,281.9174965325912,102.59290072156783,-0.03894724078331023,-229.83842741595691,192.9082209906716,299.9318624678391,-52.0798695689989,-295.44537465158214,1000.0338254648384,281.9532122940762,102.63271798532217,1149.9773856187744,-229.81428124895234,192.85905324412357,1300.018403606519,-52.169891621994026,-295.45238752220126,-750.0361923109712,272.8878427807216,99.36223958396975,-899.9726831733469,-199.08176030131665,167.0852284199655,-1050.0886118705864,-34.601597501956476,-195.33124594736,-300.01675281825135,281.9175513196065,102.57860947704347,-0.0290931833660859,-229.83601769175363,192.88366194866748,299.89923934873616,-52.12403520233198,-295.44591022685586,999.982427214021,281.92625343138815,102.61892941725479,1149.9154494299557,-229.8134118300471,192.85183392273726,1300.01642404552,-52.199764694420544,-295.4379354055627,-749.9688631383389,272.85723628268454,99.33930094366443,-900.0810743798627,-199.07132038046183,167.13555544882306,-1050.0713507660048,-34.622458914466804,-195.34644495713613,-300.1047713543366,281.9096445293063,102.58767038927198,-0.08744503162547365,-229.83450572129468,192.95343632296598,299.93307120620324,-52.113908761231095,-295.42322143731116,749.9812962513237,281.93236455777463,102.52697272174719,899.9760580722425,-229.81588276164976,192.7742790436558,1049.8960013502783,-52.15309396821266,-295.55706231210905,-749.9815235948787,272.9569789183695,99.31309238154421,-900.0200929194043,-199.0359538731433,166.9594199934757,-1049.9399740043532,-34.49477743931607,-195.48091408080262,-300.07046739345327,281.89669882053664,102.53786519357833,0.030951629675171184,-229.86474591838032,192.89518410994856,300.01190971839446,-52.02279999444868,-295.42118264585025,750.0166543505804,281.88072182412276,102.6288351407857,899.9787121476579,-229.78049125227741,192.87582195106918,1050.0127801470924,-52.11462041775006,-295.5311132418327
calibration_00013,-1349.9773667795575,622.9437482937673,186.83869094391915,-1499.9657207569094,150.97873591073738,254.50217549344353,-1649.9986476891283,315.5013514235521,-107.89377623658233,-300.0095210349413,-68.07911865785472,15.164969540957463,0.039935590821891596,-579.8540184101661,105.32174768512326,300.00208225754955,-402.0951913080862,-382.9373524305296,1349.9779678922682,631.8676996139808,190.0889711798936,1499.93506840215,120.16368619721327,280.3407639758773,1649.9522186160416,297.91448331819487,-207.95960462485593,-999.9586223392696,272.92135399269,99.39586056642761,-1149.9581629683819,-199.02026246416216,166.98234994976931,-1300.033867059557,-34.478043454833234,-195.4044282831079,-300.00250201947296,281.96249748265154,102.52769979362184,-0.022480099494891742,-229.86288956716106,192.85388140029096,300.01556978692196,-52.15045839975739,-295.4806468527239,1000.0317043970936,281.91001934447416,102.5816135542395,1150.0825984120304,-229.7423826751369,192.9097080089119,1300.1263685523604,-52.057195400836804,-295.45186066366244,-750.1047509388906,273.0552548221024,99.27222973763222,-900.0416496250035,-198.96913631566517,166.9045634510311,-1050.0274403721967,-34.402242562410315,-195.46695231077982,-300.06205418535967,281.9289824008122,102.63422897753628,-0.029173577000320958,-229.77273180484195,192.7965716513684,299.9649740105656,-52.088234545477995,-295.3531372889042,1000.1166924295001,281.9138378692466,102.61943594314869,1150.0079560397157,-229.82802277594223,192.88952347586795,1300.1455141218487,-52.02195583746461,-295.47955791307817,-750.0768314210351,273.1243469091159,99.33219496946731,-900.1407973090827,-199.03084938636906,166.83932144105074,-1050.0770993900953,-34.3980337797904,-195.46632461321832,-300.0807466012004,281.91378047784286,102.60147249512293,-0.004556799977214306,-229.7389123079837,192.81152990028772,300.04058811594365,-52.09211015674637,-295.4925851937005,749.9084467838949,281.85430353622286,102.5844512778368,899.9957516162006,-229.8104839114949,193.000709801929,1049.9750174064955,-52.11581248313482,-295.3275548788146,-750.0000791657852,273.04378108317917,99.38760161140002,-900.1058902436708,-198.95193131330973,166.99282233740962,-1050.0258897580245,-34.41089809154348,-195.36119397319516,-300.08738218079594,281.9329010371968,102.58169698720423,-0.018143379202712317,-229.75169891349077,192.80675642811343,300.05007847865943,-52.056759682556105,-295.4564898734858,750.0155272356346,281.9018978381608,102.58450260474567,900.0374896066338,-229.80297306709727,192.89411534969594,1050.0265553598947,-52.041112336788466,-295.43222218593417
calibration_00014,-1349.995733236675,622.9418579483955,186.81823863818536,-1500.0299710350866,150.98995508882098,254.5308368846986,-1650.0310249609872,315.5668758209072,-107.95628922960223,-299.99155379684714,-68.0957735404766,15.103102285489173,0.0390742726781695,-579.8556805632056,105.28331387636192,300.03646236627833,-402.0667123583632,-382.9764196468818,1350.0375730056867,631.8741291196659,190.04892289408014,1499.9695787139287,120.16646686546072,280.3638316737724,1649.9990497018082,297.8919643237194,-207.95189549474577,-1000.0112321285193,272.9687907780911,99.36552914150427,-1149.9484574167889,-199.04752035452307,166.98849985415765,-1300.0046649653627,-34.54044531916181,-195.3885807135165,-300.0493279363045,281.91453543524324,102.65638651206847,0.005326318368237227,-229.7240673107378,192.93602471001327,299.95999096890944,-52.09823435249367,-295.3842348913663,999.9634033706722,281.92247316596394,102.59306615377257,1150.0874831190915,-229.78271327571403,192.86371905756192,1299.9628614438009,-52.035075114159184,-295.41331718836,-750.0016860296251,272.92601060920515,99.39804530920497,-899.937113157918,-199.0393457530489,167.19208992054465,-1050.0491131856504,-34.5627647215398,-195.21361589583032,-300.06034399444553,281.9277540717233,102.73032231517006,0.0014204417671855318,-229.7527919288482,192.91876534564955,300.04706770965873,-52.15821894495233,-295.37929772079366,999.989120179614,281.9019901990786,102.58852228248399,1150.0605093009517,-229.7863519256137,192.88355673839973,1300.004072288427,-52.06030531041323,-295.4196551330564,-750.0182329818094,272.8794333467139,99.45059810351869,-899.9576556612457,-198.9846746256542,167.17992275092658,-1050.0625761516874,-34.55888863618603,-195.21545503364104,-300.01251982030954,281.831689041311,102.68691519049733,0.04443895082943905,-229.79377492808572,192.93125633123236,300.015921687775,-52.10280386631829,-295.3623644210082,749.9785718790852,281.93840845323246,102.59182670366958,899.988964953038,-229.73065420577967,192.93363522755465,1049.9505797890965,-52.05354700449219,-295.4045410795571,-749.9690607760032,272.92610050503566,99.369712145601,-900.0468724846418,-198.94643690302863,167.02164574307727,-1050.0465602179017,-34.47797026744663,-195.41935624692314,-300.0602939820876,281.8678929819514,102.66899645696925,0.01409215347247897,-229.898054483097,192.8692803179902,300.0232805966801,-52.051062051330874,-295.5285666307489,749.9614733538356,281.93078450838163,102.68927652073434,899.9824612735275,-229.78079425924543,192.9047647449573,1049.968619114613,-52.11091063330811,-295.45107359045676
calibration_00015,-1349.9971189503021,622.9788343422763,186.8272104814283,-1499.9694444366319,151.06319650527075,254.4578289174384,-1649.9839209436598,315.55541573721973,-107.87136609366381,-300.0089970343175,-68.06717797262789,15.138052095471549,-0.06740576055211035,-579.8386314800084,105.3657272757135,300.00419539377253,-402.0417253047952,-382.96778550816435,1350.032903400183,631.8474368505825,190.1334122085523,1499.9890904026672,120.20132469632064,280.2564454971679,1650.0559542607987,297.95162845322426,-207.9411591919478,-1000.0194511152231,272.9516491284458,99.36771820512851,-1150.0806907500985,-199.03644247149705,166.98215513465775,-1299.976656221254,-34.420360540004516,-195.44752379794303,-299.9636315107381,281.88265302566805,102.5140554616179,0.01531505515175013,-229.77867915880256,192.88449882937837,300.03188502922353,-52.12713435676984,-295.51140693083465,999.980041196298,281.87404754588346,102.57500087596024,1150.0098084675126,-229.84589654596655,192.89552060304047,1299.8935649998102,-52.10122699461561,-295.42887631491044,-749.9847226643024,272.89942191969357,99.19322682916683,-899.9118888549543,-199.0509913362681,167.09067750517792,-1050.0131474902225,-34.59698234039523,-195.4243026592134,-299.9573642812153,281.934763981164,102.5780964469648,0.0608504709000156,-229.74328307245545,192.8175252493844,300.004621785068,-52.10711117760443,-295.5466160601939,999.987249494637,281.89326256452875,102.58839798857511,1149.9984192461995,-229.8080193015835,192.92604820728076,1299.9547605433447,-52.11429637246687,-295.48242705464764,-750.0148909399293,272.9190572747542,99.218509047566,-899.9360512173898,-199.07534958133976,167.06496428884034,-1049.9598036712932,-34.51132035157776,-195.41181141000172,-300.0016336279634,281.9709807105888,102.56755139794214,0.020683926342819486,-229.8686920248799,192.83497044341317,299.97507891143016,-52.10464941895134,-295.5815481617577,750.040060891705,281.9527323075117,102.3746207829296,900.0112266986715,-229.7006622556085,192.74442741041193,1049.9621043134628,-52.04443844644778,-295.6375958954044,-749.9874429991567,272.97718230207585,99.26302156093267,-899.9931918267442,-198.99684219568502,167.10912858192393,-1049.9644407992369,-34.46219325860549,-195.35448255028766,-299.95835396045544,281.9439425875091,102.657446268471,-0.010752346800646712,-229.8600930995042,192.8600462470893,299.97401170827317,-52.083748694234245,-295.3895954203168,750.0434529440145,281.8612486025159,102.59986043604331,899.919456633214,-229.85937162774138,192.83898124550447,1049.9804151348842,-52.07071803890696,-295.42976353604416
calibration_00016,-1349.9714218789409,622.944572099153,186.87385719966647,-1500.014602498399,150.98315645255659,254.50775475612056,-1649.9990269007344,315.57596984848095,-107.9417792204201,-299.98556776064595,-68.10134008515529,15.091334190845282,-0.012124032219342624,-579.7787579120408,105.30245512723384,299.982988822628,-402.10101929818813,-382.90092892517237,1350.0059362435911,631.928419265224,190.07052552866529,1499.9675211482336,120.08432326552129,280.3739565998163,1650.0006633471712,297.8715185588271,-207.96309375492453,-1000.0024996556087,273.0006296951001,99.34260016244916,-1149.9519584967734,-199.01962236788694,166.99515454089254,-1299.936891311768,-34.55117955102424,-195.45292583446383,-300.00678915758397,281.89841660234885,102.57044357458177,-0.048781498434993846,-229.79061449055075,192.80493756603843,299.96413158310486,-52.13490692211005,-295.39912287116044,999.9651078811842,281.8451717363762,102.6333722994632,1150.039440940224,-229.77639088758383,192.8629056712534,1300.0026269216305,-51.97361642866574,-295.43830850084737,-749.9956839296776,273.0296387619426,99.3304253532658,-900.0786131366511,-198.94879503163375,166.9610929670418,-1050.007675358375,-34.364366038057995,-195.46144943671115,-299.9862744831688,281.8865656915101,102.53450379376261,-0.05413007079205942,-229.79317845246712,192.8605159380291,300.025075580556,-52.10491170368758,-295.41730714398454,1000.0412629883399,281.90019000904164,102.59847307057291,1150.0612712708864,-229.8076669340809,192.79148561610498,1299.9970143413918,-52.034234085597454,-295.4273054129795,-750.0066072778536,272.98783972522847,99.33563122712471,-900.0436339160032,-198.97790825589342,166.94437023640802,-1050.0316884767412,-34.37089698231617,-195.53157683971546,-299.97328936836436,281.93708049695323,102.56415982313992,-0.04135880409378969,-229.80849632974545,192.90129397341983,299.9407901892256,-52.10313174677053,-295.34927411669105,749.9737547276587,281.8970120565368,102.73881594837728,900.0350456238999,-229.77499840881387,193.00302952609678,1049.9857456503798,-52.08070440353648,-295.27515049480803,-750.0017162379729,272.90310203080577,99.37723190708897,-899.9268241049899,-199.16144859143208,167.01922745172237,-1050.0063940152813,-34.416918252761114,-195.43282192066093,-300.0462498621133,281.89910821581645,102.54457068809046,-0.03208333975703559,-229.86505541430174,192.84565975325955,300.002622575788,-52.1106531213632,-295.4685363837197,749.9471089740722,281.9513816510261,102.59248027858067,900.0785043608805,-229.75932576064787,192.8606136890216,1049.930879615004,-52.05699573345997,-295.43674351321334
calibration_00017,-1349.9856360003294,622.9481041896678,186.8445676610568,-1500.0121000846602,150.97349722814704,254.49339312045655,-1650.0734910881504,315.52919040742927,-107.84481058636842,-300.02398187122924,-68.09619594550595,15.078433888384929,0.05151291092027222,-579.8143544205119,105.38695152118727,299.973866721219,-402.0907596639994,-382.92001851932434,1350.0059700807162,631.8959042689514,190.10652551296442,1500.0123453975693,120.17790831714024,280.3293248911967,1650.0364011318773,297.89512771349905,-207.99471854230856,-1000.0118460925397,272.9729416753534,99.29136571966298,-1150.0524798588572,-198.96066364357233,167.04541293565876,-1299.8991818242187,-34.54725098923638,-195.39404454334476,-299.9553203766061,281.8422128485129,102.70172721806176,-0.017866569836065337,-229.88685619155174,192.80609360238947,299.99187413671814,-52.093761140006606,-295.51166448638855,999.9556132810221,281.9027436259002,102.62286276404464,1150.050864838011,-229.81401682558405,192.8540393478752,1299.9580240951989,-52.067483363624966,-295.40870977446116,-749.9580497679742,272.8538210067333,99.4881753607473,-899.9330739411188,-199.07659860599492,167.01855223863984,-1050.0421598252176,-34.33602175836959,-195.37031125397615,-299.9537828579395,281.8503619077393,102.58154104466523,-0.04106343730976495,-229.8694536736714,192.8077319502669,299.94253657203126,-52.099504059890485,-295.49475798820873,999.954642142448,281.9138072974724,102.66573663128746,1150.0255513941654,-229.75791378959184,192.89981850144613,1299.9382879392504,-52.13522773141286,-295.35939367538253,-750.031271802395,272.9192022653372,99.48568697892371,-899.9611055373531,-199.02100964865434,166.92723425040313,-1050.0025408670879,-34.349045714501145,-195.4176723999916,-299.92415248915586,281.82752474631985,102.57496995371483,-0.05852743330271924,-229.87026144966026,192.90704961539456,299.97744192747666,-52.09759421532117,-295.37882549024675,750.0126230354809,281.85938498092906,102.52753731140692,899.9479289473318,-229.88619305816823,192.72673393067404,1049.9937904092014,-52.18505370981269,-295.4693667045979,-750.0180240031781,272.93460814593954,99.39719225832425,-899.909753082194,-199.02976798665864,166.95333879247994,-1050.0001061445914,-34.465609914181016,-195.35883386243867,-300.0397370956449,281.88644910141545,102.59054615156923,-0.01910564691175621,-229.86018264283504,192.8822858661948,299.95025713258735,-52.08322404969253,-295.4194904600445,749.9332508460441,281.87609578882285,102.5222214957334,900.0407047616707,-229.87388184902514,192.67842363974353,1049.9771150358538,-52.1252075315124,-295.4604042854789
calibration_00018,-1350.0117096315498,622.9644118290257,186.82427740592902,-1499.9933676823355,150.97401966445145,254.51474956489176,-1649.9869424765131,315.535893869972,-107.91462826509878,-300.01847610951694,-68.11456393550125,15.157723465378393,0.01094264189180368,-579.7975021074631,105.3409435571659,299.9713129151159,-402.1283709629064,-382.97203443510773,1350.006982837902,631.9324020343289,190.1323241076668,1499.993566388095,120.23553043421808,280.37603464127767,1649.9845174084874,297.94003193072626,-207.95799803037445,-1000.0281543414537,272.98512648494346,99.3738046007108,-1150.0316115297364,-199.02882002915555,166.98851388993816,-1300.0682097380352,-34.38709556744029,-195.4016713734305,-300.00350750594765,281.95970683687193,102.61296160938699,0.04025990830033884,-229.8089937409589,192.83730361809913,300.07296124573816,-52.08852410620974,-295.4216080943747,1000.0291768740409,281.873529603322,102.583813743804,1149.955768945801,-229.85544685546623,192.75434713871329,1299.9828567293448,-52.11354481062798,-295.4655264706126,-749.9341341839317,273.0152400155985,99.30071206095079,-900.0322685910385,-199.05945965551214,166.94196653925482,-1049.9217585956596,-34.48216273916196,-195.49498008594495,-300.03367915057163,281.8213605957672,102.62624922594196,-0.05031580523855198,-229.6936768372355,192.7805125982475,300.07628319812903,-52.0873602458064,-295.40598100234695,1000.0574242513043,281.90530849780345,102.57677228094683,1150.026907899928,-229.89528870391868,192.8164274616052,1300.0230533382646,-52.134435097744436,-295.4866706149914,-749.8959353770983,272.9263580998209,99.34455141141318,-900.0189753580462,-199.0955484948015,166.9142567677018,-1049.8666636227176,-34.48027429764379,-195.56552483736257,-300.00470548913916,281.90894952414016,102.60787061846223,-0.06477936328240444,-229.76685269054602,192.79293577240915,300.0594571484023,-52.09718910793249,-295.4639181133145,749.9637024657869,282.0250276355483,102.74547470765994,899.9773170833885,-229.75447641709806,192.98122999664673,1049.998157920305,-51.9592728864406,-295.2435790124341,-749.9211313948042,272.9774566135547,99.42946439991105,-900.0765174088252,-198.9877710785711,167.05262551676705,-1049.8915899617273,-34.37496236773461,-195.4563692220835,-299.998554381022,281.8853122952834,102.65117841354667,-0.05334345272037721,-229.76389706596868,192.76896340596713,299.9892537529737,-52.115710870447465,-295.5245597963807,749.9120666599953,281.92944300534396,102.49807499889573,899.9317922883871,-229.8547921511116,192.8993898616162,1049.9545702182234,-52.13947430888028,-295.4233076250805
calibration_00019,-1350.0328365618282,622.8988026140036,186.92715349749247,-1500.0119732966791,150.98138616917913,254.54149012987403,-1650.0148077677459,315.50373671137066,-107.88489100531858,-299.98716156021766,-68.06231314946689,15.108724248937751,-0.004785697539970074,-579.8365680445727,105.34809243871698,300.02039083853515,-402.1003778661696,-382.98615971712377,1349.9223039591468,631.9469343540278,190.08597258825955,1500.0346335433253,120.21382444197215,280.35139950159476,1649.9846260488378,297.9035479510862,-207.90454024680258,-1000.0233940817596,273.0231307869626,99.2759661183572,-1149.9749055517739,-198.98153971203368,166.95115544447248,-1300.0245998462515,-34.35363656584785,-195.4361627692081,-300.0745867967406,281.9154266223368,102.61971931434088,-0.02866562112552958,-229.78140919171088,192.87373696131414,299.9907192122258,-52.2042933200269,-295.44433182358534,1000.0421961945666,281.8440323742522,102.63256714352971,1150.01767837362,-229.9103548885198,192.78056644718643,1300.086553441649,-52.097158139210585,-295.426689387201,-749.9693905659874,272.8617150818721,99.30379090860882,-900.0465175841828,-199.09141143316953,167.16357604883808,-1049.9201513413402,-34.526309939132005,-195.36191323623257,-300.0174193430782,281.9049157032367,102.63722533618444,-0.032245446983856785,-229.8362055131212,192.88411276395837,299.9820934095564,-52.148325180855515,-295.4110111863142,1000.1157569943208,281.89419552464153,102.6193840250167,1150.0007732659105,-229.86917517750436,192.7414207974023,1300.0668427117391,-52.09732049809328,-295.45896298535587,-750.0625043723971,272.8581347200181,99.28388156918056,-900.0019310490377,-199.07886587526824,167.14141702826032,-1049.9391990605673,-34.49884623365409,-195.36906119554817,-300.0900349542247,281.8841051024303,102.58536130822407,-0.0702625076148657,-229.79283865226148,192.83317710524892,300.0308234457763,-52.114649703686226,-295.50679697855065,749.9591704165462,281.8555299159488,102.62143676371359,899.9884543093418,-229.87272513006795,192.83719491321284,1049.934079392218,-52.230728386836795,-295.32859997979665,-750.033529057675,272.946504208192,99.32905864273381,-900.0872889943714,-199.03439324945933,167.0521316457621,-1049.943953260967,-34.41419827696253,-195.35168696529198,-300.0435133809324,282.0380562401204,102.55529903125107,-0.06275301967587683,-229.79294653232228,192.78124197881112,299.98612510650423,-52.0312424445907,-295.47139168472245,750.0123988604776,281.90359613670853,102.67600028561075,899.9971862237983,-229.8640542048882,192.76222604748148,1049.9838675063738,-52.077884917119924,-295.3306441646624
calibration_00020,-1350.013606467874,622.9803747542784,186.8730738459926,-1499.989266994259,151.01614505796215,254.5686654809943,-1650.0082658849983,315.508884185027,-107.89191422244922,-299.9647716689309,-68.10932043945563,15.122097692959192,-0.006472182016881606,-579.806560165116,105.31648062882599,300.0191742368831,-402.0839883503495,-382.9392503453723,1350.0138734640432,631.8870196287904,190.06673070139107,1499.99766438332,120.23986911167452,280.3207663658876,1649.9753224404976,297.88784336934293,-207.94096038853044,-999.9995652161534,272.98213294357396,99.33381462644216,-1150.0237747564602,-199.01410291663385,166.90239693133404,-1299.938149715297,-34.4868671008968,-195.49260580860022,-299.99456348123914,281.95186180875527,102.57570986792385,0.03035498043648109,-229.76888362468875,192.81820964101615,299.9491539082468,-52.101955040291614,-295.3706345665885,999.9836716820037,281.89527639740146,102.65332085582315,1149.9669520231957,-229.82045207789187,192.76426932309116,1300.0360493173437,-52.079193512321154,-295.40514684542455,-749.9742766621426,272.99654501271317,99.29446169822883,-900.0778207851597,-198.96123860805656,167.0708959617783,-1050.0045730281222,-34.39330114245882,-195.38376322503103,-300.02659613091026,281.9545640903726,102.52008915495169,-0.008175654714679022,-229.78608285983069,192.89015181939902,300.01951427080564,-52.081754604287035,-295.4628871856904,1000.045254202018,281.8371513651054,102.71616662373174,1150.0074712322184,-229.85780106406992,192.7857834051655,1299.9703757064538,-51.970865153970614,-295.4423567884531,-749.9820695802331,272.990436306675,99.32271776400292,-900.1337991621991,-198.94409874922772,167.0594019029057,-1050.0635421811776,-34.46915916059651,-195.33444956651823,-300.0653746778552,281.93381024738187,102.60089984417436,-0.08799926509102035,-229.8274907178875,192.91883106583796,299.9603874412363,-52.07314874474276,-295.48141820337406,749.9621345749198,281.93715845021427,102.50401981823957,899.9726814963228,-229.7353843837735,192.86289974972505,1050.0777800282208,-52.1293030583689,-295.38167254381614,-749.9530111735617,272.98617634555035,99.3077202119692,-900.0445141820646,-199.06159336890832,167.02046935389643,-1050.002783502575,-34.46562152649168,-195.41235552030193,-299.96761637211273,282.0007500739863,102.58086753543279,-0.0353049190597174,-229.90111233071426,192.82721830916037,300.0835420394752,-51.964838516392184,-295.54784045422696,750.0828947323636,281.9736212790189,102.64801427594821,900.0189176039291,-229.73278538184317,192.87200985195523,1050.124190905024,-52.10495428045174,-295.3902864458253
calibration_00021,-1350.0295385173254,622.9766815845543,186.82456219711634,-1500.0165559843695,150.98559106924557,254.46432107133825,-1650.0208637422438,315.5765089332495,-107.92523686309994,-299.98314884222475,-68.09833903920007,15.118547133862483,-0.02039719962306305,-579.7942641102254,105.34152210626628,299.958289371364,-402.0559760625323,-382.9274212785684,1349.9940162439711,631.9613404657616,190.0810771069956,1499.9834312911416,120.22759167768841,280.2576506010577,1650.0147470467416,297.9454260654702,-207.94312860283898,-999.99623682981,272.9204394147666,99.42139060305107,-1149.9320810402785,-198.9979726364723,167.0166162066785,-1299.9708464883058,-34.46983917885405,-195.4000204115363,-300.00539785259616,281.81405132655203,102.56081506050693,-0.05141078257734863,-229.7867962183286,192.89376442038352,300.01610395353026,-52.13940276200811,-295.4105721348523,999.9936998678328,281.8601765279864,102.63404751162163,1149.9904390417298,-229.8502284468798,192.90736186916644,1299.9889283663085,-52.11068791918313,-295.3841913950031,-750.0242809137944,272.84664183676864,99.2118376502504,-900.0489403173216,-199.0944650888108,166.9475979246857,-1049.954172254238,-34.67986180830243,-195.45927566632184,-300.00796268916406,281.8420641977031,102.56731135539717,0.006830714369649608,-229.78872243086104,192.8978511482342,300.0490190902963,-52.13831592339426,-295.40495254765057,1000.0069242382049,281.87420850837424,102.64545807833909,1150.0226206962482,-229.8378284838153,192.87194693094256,1299.9930968916701,-52.16049463125657,-295.4223922193398,-750.0701873772871,272.8905651133247,99.20084076569397,-900.0721307549219,-199.0909287177267,166.9791574194678,-1049.9729026566265,-34.59594300104921,-195.4884898884184,-300.0379286753514,281.78566212400483,102.52621249171452,0.04954296161417545,-229.82895349256273,192.8710706021286,300.01139199301116,-52.1752381487537,-295.4321331276139,749.9788067838372,281.93691314968396,102.58030938754918,899.9905832556823,-229.67461885423353,192.9514013812737,1050.0349916428395,-52.059736989738326,-295.327359129637,-749.9804496815203,272.9559378390789,99.34288850024348,-899.9810204847878,-199.0654590832357,167.04398769517624,-1049.947196663054,-34.42370005974521,-195.39141598288884,-299.99048274884075,281.8880830122455,102.59066637879107,-0.0028974799787902013,-229.88523102087655,192.84979775659855,300.02021668525373,-52.08236214895047,-295.51612414617796,749.9449443575326,281.8524840828398,102.59093035618494,899.9795938026953,-229.80062222749004,192.8247406255378,1050.0189447239068,-52.07798553619845,-295.43216898937806
calibration_00022,-1350.0395594043084,622.935671827114,186.8660908499077,-1500.045205249181,150.97844868754862,254.53214288842796,-1649.9818201086255,315.5232329022639,-107.90105173803559,-299.99586820972934,-68.08320615766867,15.093926786876462,-0.0065437147405170435,-579.8253307256545,105.38483094261763,300.0216406321786,-402.07925329755966,-382.8941492505377,1350.0229460217988,631.9222465066543,190.0785774655893,1500.012658756719,120.18340764895096,280.32153891108175,1649.9547671023213,297.8847512190578,-207.93238826709137,-999.912056309489,272.93394590318604,99.32962449834855,-1149.9795466251671,-199.02645657247172,166.93803993638755,-1300.010304014517,-34.45954585550471,-195.38972513181332,-299.9841133927834,281.911189583748,102.62691280063821,0.04503726128815842,-229.8101235335825,192.8372244344538,300.0659364892865,-52.12739505754316,-295.4306103398875,1000.0094599353852,281.8662419248671,102.61021343491933,1149.9961190302267,-229.8213886450471,192.81767843443595,1300.070903078169,-51.99899500412883,-295.48238826466167,-749.9263185039154,272.9332244407763,99.32856231298827,-899.9404958133986,-198.9958297362801,167.04417474226352,-1049.9712553168424,-34.50061335232254,-195.4707733379773,-300.05580374427444,281.86026822779485,102.60716975297863,0.11048879312694039,-229.86768480527672,192.7855700734621,299.987710923849,-52.049109672653216,-295.378426088474,999.9526138310458,281.9327041638292,102.63306498332474,1149.9827821615834,-229.8506749260517,192.89860013680283,1299.9771398897014,-52.057022540969136,-295.4516071959884,-749.988428345297,272.87075175755353,99.33315936655146,-899.912428757307,-199.0171653690712,167.05866308636482,-1050.010577481423,-34.40547232964755,-195.4669927310623,-300.0191393807584,281.90441862226754,102.63891850852399,0.04528068146215907,-229.84767929517872,192.77857013979724,299.9516497455305,-52.062396691935966,-295.4372739753342,750.016495459166,281.99824508017724,102.55389401088065,900.0678481637141,-229.69558256344024,192.78115848077834,1050.0777888496057,-51.89819703783352,-295.44933836787993,-749.934306669664,272.91279048640405,99.32303383748874,-900.016345860029,-198.9946578732216,167.04981558951673,-1050.0097298545668,-34.45584568391159,-195.55324258383848,-299.9506436049129,281.8827413911306,102.56049755161918,-0.01887423233066647,-229.8885927302069,192.86824918328446,299.88556443458486,-52.100106061944885,-295.4772327026564,749.9462735286008,281.91930558844484,102.56359831740848,899.9980990100532,-229.74915393508974,192.84283921845008,1050.0610701476287,-52.03951387037498,-295.3940888453269
calibration_00023,-1350.001574812565,623.0276959167524,186.80484109916307,-1499.9993453569264,150.99539263139627,254.5260931823902,-1650.049116954135,315.55672801242196,-107.90589647756462,-299.9940188293172,-68.07047796458407,15.144717853886261,0.004909489101593924,-579.8123900123744,105.27129910492532,299.9840423728172,-402.1440589499009,-382.98198456481344,1349.9426869554893,631.9247893562967,190.10126054281614,1500.0026585173707,120.2145454158503,280.36515525963887,1649.9966224764225,297.9342005644021,-207.93278557742894,-999.9426382388419,272.8730010947751,99.39275704533874,-1150.0521489735063,-199.01088037546236,166.97558675253583,-1299.978899440849,-34.48336944358221,-195.43859417270818,-300.0171415189741,281.8026905964803,102.57533581308454,-0.04566222806002586,-229.7522219646175,192.88505699007888,300.07708530355,-52.046343637729684,-295.3826014498963,1000.1316672669832,281.9094599942371,102.62954174830901,1150.0006141441338,-229.81763542396405,192.83114141921928,1299.968658835635,-52.165471611376525,-295.41023855687365,-750.0665880407672,272.87990518301376,99.22920239489467,-899.9420212329119,-199.24920527323144,166.86606809010925,-1049.9750762167403,-34.69931465917875,-195.57683865804958,-300.0299303721802,281.8376320746918,102.61923727512226,0.02009865625722465,-229.7495716366301,192.90681472658622,300.052616041989,-52.082798500668815,-295.31410514943224,1000.1183993415601,281.8934778923508,102.57042105781593,1149.9427916884595,-229.8245114623962,192.7590370621294,1300.0001403464123,-52.18897137778662,-295.5011486933396,-750.009784045668,272.88033255816487,99.17688570094415,-899.9298758131001,-199.21077056201054,166.89042209020036,-1049.9679374331988,-34.728187552605505,-195.5875256161259,-299.9486385834658,281.75044310683455,102.57034233976866,-0.03211935949164355,-229.82993812924363,192.85357613874672,300.1263674730439,-52.09977822649917,-295.4014765663034,749.9041509816922,282.06756637252056,102.7990681293322,900.1312296426474,-229.5975265465674,193.10481992483426,1050.0802968286691,-51.905619961188584,-295.2224654285887,-750.0030481788453,272.9777961716957,99.28218199215766,-899.9878925172424,-199.0341143138304,166.9430670611154,-1050.0392525731554,-34.40844480434604,-195.4124509938836,-299.98103473686547,281.8993705859351,102.68377824362672,-0.0294817166841383,-229.79816140433596,192.87402430878336,299.9342361363348,-52.096654174997944,-295.5463848740038,749.9078047041105,281.8673784213387,102.5588221586433,900.0325637851718,-229.79486783897585,192.82088411014303,1049.9300912172594,-52.126345286658434,-295.46954284637195
calibration_00024,-1350.0338868007425,622.9332753203336,186.84681583679804,-1500.0095805806836,150.9754746124003,254.5152766031754,-1650.0589956952174,315.54520906181097,-107.94773170162466,-300.024819981796,-68.09695301653737,15.126624069054392,-0.013841098039180093,-579.7698368313108,105.32037194904633,299.9995840644913,-402.0900703672979,-382.96911402072044,1349.9644169537755,631.9332708905185,190.0945357169802,1499.9889639364103,120.2548303215577,280.3299954019433,1650.0115680700887,297.8973313753322,-207.96713962129505,-1000.0394576453239,272.971168551436,99.32784498314592,-1149.957715488422,-199.03004824197754,166.99067009833476,-1299.9878113448242,-34.47754690277851,-195.4123039315273,-300.0009598417699,281.86574479918306,102.63298745122066,0.014188673278966567,-229.81192379081983,192.84766737737056,299.99250116840005,-52.03868827786374,-295.37438116952416,1000.0497432063358,281.8633999058267,102.68958845296017,1149.9956560405412,-229.8733385741243,192.88777055160526,1299.998347936904,-52.05797206611652,-295.46051216762146,-749.9284432688034,272.857500400943,99.36866738768674,-900.0146822337347,-199.09632113046345,166.9706756451227,-1050.0211961588793,-34.512096001221416,-195.37751825739124,-299.94255462593253,282.0020928501619,102.60555519506973,0.03342769456095019,-229.89470027422678,192.82748916101022,300.00441003340194,-52.15461122517969,-295.3938187866603,1000.0309427358254,281.8978251758541,102.64522696678382,1149.9210912398282,-229.84590968689173,193.0038087388827,1299.9920984810299,-52.147605343861585,-295.40175945903866,-749.9545636516949,272.8490875770657,99.35587705455357,-900.0387893413805,-199.10895706912413,166.9678291351584,-1050.0264059433973,-34.46508544642928,-195.3656155441924,-299.9300357494465,282.01526649403536,102.57898846319632,0.020033836721872724,-229.8723396042203,192.8646519717601,300.01528109381746,-52.04702038270975,-295.38966620191286,750.1526637439622,281.68934439932036,102.62354774798312,900.0503637673523,-230.07750813688435,192.8678104502807,1050.0660115845105,-52.22757320798376,-295.46835943603645,-750.0669664539854,272.902642187971,99.40638479790653,-900.0386190511504,-198.98721884393217,167.00862661700015,-1049.978220669668,-34.53103248569832,-195.43962701339353,-300.02877490996497,282.0767021187699,102.61116132593082,0.06488029656354441,-229.70718569702814,192.85504494960406,299.9946849893708,-52.02079150368608,-295.39658058812176,750.0628354336956,281.8562444622622,102.58563644455687,900.028750777891,-229.9481061798314,192.7465935497523,1050.051911783139,-52.070506074214656,-295.54374083838934
calibration_00025,-1350.0393003357653,622.9256480132635,186.86658858992894,-1499.9959735088407,151.06028015034877,254.51026878435465,-1650.021457280057,315.5227041597722,-107.88913747097456,-299.9713812443164,-68.08761759030764,15.14299889456952,0.01431907537055977,-579.8376221197693,105.37078470755787,299.9881774580699,-402.0612098521831,-382.93246114655955,1350.0372928399834,631.8946937401398,190.0737701674566,1499.9990837980088,120.18046172706602,280.3708457460981,1649.9388073650086,297.9306945343419,-207.96673915844215,-1000.0194041818904,272.947784728819,99.34242739040889,-1149.971360354082,-199.01548278934195,166.99001244060392,-1299.9846827909716,-34.42842795225324,-195.41751468618418,-300.02979877688824,281.96346549078436,102.55347053638519,0.0005041468983367683,-229.84193321121774,192.82007342084873,299.9957166751957,-52.02966262175505,-295.4253392293682,999.9331879684418,281.90304104990616,102.60739508359715,1149.9682791735572,-229.87240784043357,192.82772053821014,1300.0069303117834,-52.06453893754643,-295.3967560546926,-749.9845099099267,272.92971835054004,99.25429920602951,-899.9863673898059,-199.01840515892582,166.79833615173632,-1049.897598403984,-34.39798185444055,-195.52200405597063,-300.08093471654007,281.84509115890836,102.52471800492128,0.0025456245868226077,-229.82449994682992,192.82145167688805,300.0632223037541,-52.04556788411499,-295.45136925580243,999.9842903217777,281.8789689439776,102.67539083288592,1149.9867558684432,-229.75528465375984,192.83946870943691,1300.0019009491557,-52.01143176012146,-295.4011610950738,-749.9681099159405,272.9561419520956,99.28187118981604,-900.0048788061949,-198.98363749299114,166.8610437387086,-1049.9742979095106,-34.46459210037393,-195.44934937598467,-300.0767717324633,281.93469159536005,102.4853933086252,0.03956309746604015,-229.76661038371856,192.75612144762007,300.08076984159527,-52.08269925362817,-295.41018038794334,749.9819609363562,282.01793503332755,102.58234217249135,899.988958413755,-229.66256836335856,192.9651760535943,1050.063712306015,-51.93052666898814,-295.38333993982224,-750.073874214136,272.87316305193804,99.33935297123298,-900.0184044528675,-199.05381381448186,166.93953461132867,-1049.9632486200135,-34.42337076574157,-195.34018334252696,-300.0365262091104,281.9143532457798,102.65536639508721,0.006886852651259986,-229.90059667336638,192.7344426707534,300.02580729964893,-52.00740163250701,-295.3976967786075,749.9784687791815,281.93948969870434,102.57722885866892,899.9720098618067,-229.78462855214985,192.8742075216169,1050.0348597895525,-51.999616763554336,-295.4189891954501
calibration_00026,-1350.0264679791787,622.9576545286814,186.8629292355902,-1499.9714031031456,150.88899807599896,254.5036593955339,-1650.0451391315426,315.5141492670156,-107.9081319401431,-300.00952208210384,-68.00690962634756,15.075845354231143,-0.0408901018793033,-579.8559411084692,105.38228064212328,300.0181164959948,-402.1347602924039,-382.9634509369236,1349.947955862072,631.8657768076007,190.0785423565312,1499.9889925826294,120.16639863330977,280.29377863996217,1650.0186029655513,297.92465306620545,-207.95353550762724,-999.9286100656276,273.05484960322,99.35288404102205,-1150.0151952003368,-198.99082356637973,166.9470058563754,-1299.9468040519296,-34.49838790928151,-195.3981319486474,-300.0279962138371,281.9323456672289,102.65824785546576,0.07615943434570283,-229.80894026633788,192.83871602707123,300.01823049161317,-52.036524844598304,-295.4654967357278,1000.0642280634748,281.9082094866342,102.59663287555817,1150.0435444502325,-229.7725616196118,192.88026561471375,1299.993311479999,-52.13772323596304,-295.42864879884945,-749.9622333567739,272.9082644005335,99.41601140301397,-900.0158514357236,-199.09249738185468,167.04016869662195,-1049.9496907880134,-34.56032174454478,-195.31052779926867,-300.0153487964777,281.91317849932443,102.62321004917692,0.08263904325466133,-229.85016671277327,192.88202632518488,300.0701393934008,-52.06222942558083,-295.4604019634133,1000.0183780868213,281.8818920999115,102.52353746064259,1150.0458815443321,-229.76315835006778,192.8858999151681,1299.9130749876617,-52.13009704296945,-295.4157864342807,-750.0253932270356,272.9170699908473,99.4736750816283,-900.0007245679737,-199.0633891981215,167.10873532751765,-1049.9217233636646,-34.546550811963854,-195.36496239044706,-299.965368171432,281.85252844220884,102.63226428008225,0.08997854893056977,-229.88940012604618,192.8546711722469,300.0393040743223,-52.044792692457676,-295.46925569637375,750.0328356732609,281.9719814546565,102.62157855008857,900.0604066887768,-229.682345215155,192.84081553788135,1050.0655370520901,-51.95568815717938,-295.44530435086807,-749.9798532650206,272.97826306648733,99.33479944691295,-900.0476875347407,-198.98874127385815,166.9872739040362,-1050.0245704145584,-34.498588105473004,-195.3892530278527,-300.00620910022906,281.9164280565461,102.56477083354368,-0.023616183100104667,-229.8449340615087,192.83461674700385,299.9521626941033,-52.06427503416369,-295.47206512978556,749.9805133682017,281.80251791400553,102.57189495069224,900.0265584378159,-229.7900449054088,192.801128566513,1050.0388166627342,-52.10340130009982,-295.4128922341852
calibration_00027,-1349.9989283599566,622.9991565457917,186.83511728869428,-1500.025097834515,150.93969219690038,254.48221988745044,-1649.9604163389472,315.54350044797246,-107.92661446306877,-299.92359007147434,-68.16559934101174,15.135348877757176,0.019743888143883528,-579.8268273743445,105.26780100567669,299.97171241000154,-402.1259629418617,-382.9409572572546,1350.04026625301,631.8867231298726,190.1395718109131,1499.997112623877,120.13235407309534,280.33725617299893,1649.9963555386314,297.9286128475581,-207.95366760671516,-999.9904899979699,272.96031469888436,99.31441128985684,-1149.9836280491636,-199.0135306634343,167.0202635266063,-1300.0493597730876,-34.45399742426463,-195.4209420289535,-300.0742426294429,281.90898501243385,102.60150273368403,-0.031765134243327456,-229.76107153330065,192.83680974094005,300.03208103102986,-52.05139170811227,-295.36422242249563,999.989465714844,281.9446298929125,102.58026579182265,1150.0102865072606,-229.78129414557037,192.8712600421943,1299.968992817253,-52.10504350871942,-295.40798579365924,-750.0453488838917,272.91610156456653,99.25151598741199,-900.0596370684492,-199.09105544970436,166.92650477103882,-1049.9852233599588,-34.48974031902756,-195.55255033095642,-300.09204725290107,281.9138077634479,102.60085109519358,-0.03663974932132692,-229.7156241199277,192.85177488795176,299.9572678548958,-52.05404641667996,-295.3556011050091,999.9236547742252,281.909593326857,102.57056051264755,1150.0449918677004,-229.7683194739639,192.94963820118653,1299.9738403613817,-52.07196743068564,-295.42054571524096,-750.0070919190691,272.90359088530624,99.17700002472769,-900.0660954932799,-199.04123610944754,166.88522850146444,-1049.9616165033071,-34.443996523382374,-195.53667304514485,-300.06321382831135,281.9351575844366,102.59351825328652,-0.02524259672944852,-229.75929166777172,192.87509489452657,300.00272955780326,-52.112619831540485,-295.354293670107,749.9019578392891,281.9868953644899,102.64560608574295,899.8861634116627,-229.63258414521857,192.84775936398384,1049.9639211283243,-51.93743165914492,-295.36550993990494,-749.9589625793012,272.92433236734513,99.35381790391511,-899.9792776591631,-198.9905093002494,167.03151724020879,-1049.9914535851651,-34.42490260669918,-195.47579756431858,-299.9890831223987,281.8602524277093,102.61243735365117,0.025210447385838178,-229.79085772594132,192.9607986428752,300.0682456961948,-52.08132027364859,-295.3763254106393,750.0310658035288,281.9312978730011,102.66265224036351,899.8772233662817,-229.83449246209827,192.88809210898808,1049.9130991768031,-52.02967956685694,-295.4488906452394
calibration_00028,-1350.0384028564551,622.9733583502426,186.86400068952122,-1500.0337599804354,150.9661931313677,254.5209436888847,-1649.9587436226755,315.578546319964,-107.96533343136768,-300.0079239911451,-68.09935640510736,15.07535862643983,-0.03090509997159758,-579.8504624980919,105.29735588196768,300.0019324771611,-402.10187801312884,-382.98154251776305,1349.942739911093,631.946064256734,190.0701592444418,1499.9900978963622,120.19475502320311,280.391640634989,1649.9799585617407,297.9169732292649,-207.87926505085758,-999.8752414449569,272.9633604567138,99.34357538895287,-1150.0176868320211,-199.01358888020027,167.096447709591,-1300.004271388185,-34.46418750021261,-195.3881640929269,-300.04151576206004,281.8718508708023,102.61546145420922,-0.03800521468033716,-229.76523073494542,192.88690399188744,299.97898618061566,-52.118697669467586,-295.34900703969066,1000.0169883735235,281.89179339437135,102.5294776623132,1150.0430772976915,-229.7635483545453,192.74487828432126,1300.082086493372,-52.107453021068565,-295.5378564970231,-750.1191145772309,272.9498268072864,99.30348374410876,-899.9758080865307,-199.13469760388148,166.962062151573,-1050.046363379671,-34.550723086035184,-195.45768691864734,-300.0318187661695,281.9277636177485,102.68999757866818,0.06684247267970833,-229.78294430304283,192.88483423535448,299.9613120507363,-52.071923532945064,-295.369284182899,999.9382609983629,281.88171561267524,102.656413455947,1149.9577306862154,-229.79333777962253,192.73577190521007,1300.0197687405446,-52.123097410091056,-295.51096160238893,-750.0211147036013,272.94639721006195,99.38881487929446,-899.9771580248466,-199.12860125591536,167.0058708124099,-1050.0048968522212,-34.53578578621975,-195.4898368943473,-300.0063900358604,281.92956828828034,102.63678397160466,0.049933772977728844,-229.8340468736954,192.94236568214174,299.99641125135366,-52.03612135455266,-295.4289670867517,750.0501489062412,282.02524436535333,102.67411659068068,900.0303687596785,-229.6490703857058,192.74342963625705,1050.0664250220198,-51.98378779293493,-295.51322680483105,-750.0640048958948,272.9706435845981,99.39804915847002,-900.0600495560086,-199.08004400122093,167.00033139413424,-1050.0064235298246,-34.483067095262115,-195.44177836898083,-299.9730008743377,281.91840651550365,102.61218701726253,-0.010827633341281565,-229.7766416144359,192.9248950377791,300.0083969192422,-52.12043397652626,-295.37874435964767,750.0298154015968,281.9207123353462,102.65259690198383,899.9884105154794,-229.78163397766153,192.79303872166378,1050.0251249835262,-52.13483611065766,-295.4942925924211
calibration_00029,-1350.039134486114,622.9851043571576,186.85436462938048,-1500.008562208029,151.01531506205876,254.4834303485914,-1649.9592704194106,315.5063450782101,-107.87367003738731,-299.958868565275,-68.10192555716195,15.077041013259892,0.025553962354754226,-579.7925213303166,105.31505425114021,299.9409198861224,-402.0446182835886,-382.95286628590696,1350.013963856161,631.9037391454748,190.10381852151934,1499.9739848847903,120.17329087970984,280.34754851781787,1649.9888816168238,297.9270615366611,-207.92368209306608,-1000.0004456341995,272.89944616008125,99.34613931866055,-1149.990940444654,-199.0150279657135,166.98299315794895,-1300.04944377941,-34.4132640952373,-195.42875684094625,-300.01918642561395,281.8421427252031,102.55783338348218,0.025328836338700818,-229.87176237852708,192.91647252373636,300.0227265129681,-52.11938687827076,-295.3965981858507,999.9913562090678,281.89538432689903,102.58185901565622,1150.0763884448058,-229.80976786598762,192.80866341040658,1300.0289252282955,-52.1479025030275,-295.4944858063417,-750.019330731702,272.79491993719313,99.30613379171953,-899.9484573546916,-199.2012451602125,166.97835232634472,-1049.9397709785385,-34.67418833555022,-195.37982965051557,-300.0476580076864,281.9142538523747,102.61182715643794,-0.10040840227659775,-229.80041607420512,192.86788944106007,299.992878910177,-52.15864737257953,-295.3594432027473,1000.0115504144958,281.8654401168445,102.5959874013798,1150.012750190155,-229.8107976295124,192.89366802845126,1300.0479402103297,-52.091790365666036,-295.474323667545,-750.070938378098,272.8291026596978,99.24651514665617,-900.0098177750821,-199.1330614872424,166.97921673016802,-1049.9836075203034,-34.63862997014667,-195.47350904834838,-300.0243425844166,281.89994738289124,102.57827168398597,-0.011037749043660621,-229.85010860823445,192.79821038245066,299.99759601806477,-52.1609672177006,-295.38663417272323,750.0419823900132,281.83482062384513,102.72684085183734,899.8980638601191,-229.9557943733069,192.98211889767646,1049.9517858253605,-52.20062437619574,-295.346717396972,-750.0151995852002,272.8856424468962,99.32738856046376,-899.8742234322302,-199.08733668275696,167.0186537330936,-1049.8932252400261,-34.55660609773685,-195.40884852879572,-300.0898717417484,281.9469122823778,102.55842725152817,0.011693210137836491,-229.69031353676107,192.82807910465095,299.9697692172651,-52.056502945638385,-295.49517283322643,750.015512698057,281.87689775581606,102.61892336828986,899.9098680966292,-229.88005389749452,192.85967592731595,1049.9626354397894,-52.12650941910898,-295.3980304456591
calibration_00030,-1350.0029478157521,622.956290550095,186.84583821589982,-1499.9832858966174,151.00541510332008,254.48659477832206,-1649.9933596815124,315.5387035713845,-107.96478881343286,-299.97010460636096,-68.09652914085311,15.112349628732794,0.009544100901058852,-579.8337085873511,105.34318905250903,300.05692547978055,-402.12612131713394,-382.9276835947342,1349.968563865725,631.9739311656364,190.12797192483873,1500.0420508215034,120.1706220666728,280.3452353198312,1649.9754823283606,297.920107620896,-207.98111530487253,-1000.0044648605578,272.99107572101013,99.39912012910776,-1150.0027653466664,-199.03103222963824,166.96612020439954,-1300.034894047749,-34.41000886226717,-195.39532646509872,-300.03147344115825,281.9473936978752,102.55829481092607,-0.036229427978984444,-229.8340148717907,192.81851727306605,300.0398236446714,-52.0884362078349,-295.4152085736698,1000.0276476938968,281.87615543573776,102.52705458522237,1149.9436577449906,-229.87157017694932,192.82723372755865,1300.0019677309012,-52.081737717357605,-295.35855032260594,-750.0850681349699,272.91378857540815,99.14381477313194,-900.0333371134091,-198.97389102350843,166.93630693665028,-1049.9677725595802,-34.484732389245984,-195.58496482493544,-300.0492259038574,281.88515156393794,102.63178044558808,-0.028569719864092326,-229.80830243437083,192.79156807141484,300.0180030757741,-52.127586473218905,-295.4631840517338,1000.0159128922868,281.94155786003216,102.62812380969761,1149.9483955403123,-229.8469588405747,192.79429418935663,1299.9390052414697,-52.063632660870674,-295.3812290905134,-750.0462357676423,272.92966244502924,99.22674473315142,-900.0604741839511,-198.90064544186583,166.9294155268729,-1050.0360809638166,-34.49128412738924,-195.5277127705048,-300.04463991173725,281.9605930010578,102.55083661884491,-0.06482211468917207,-229.85266470283827,192.80085196045025,300.0087938684279,-52.080348872295886,-295.45669234460513,749.9391169526342,281.90846935009057,102.60385514373516,899.9897990037799,-229.87337201721533,192.78656849014473,1049.9844058781744,-52.16463222310955,-295.4292599284626,-750.0060598217337,272.9059909580529,99.30084383533197,-900.0508077475533,-198.962539283535,166.93764884606924,-1050.0302084848047,-34.51105523906766,-195.4882305776815,-300.05908912477315,281.9252995963357,102.65917098435993,-0.0005885088780083249,-229.80274865292512,192.7804188462515,299.95498437992364,-52.01909590600729,-295.46086379926174,749.9910062466278,281.95898264018166,102.57790251548946,900.1171993454684,-229.82366377513,192.77297063670838,1049.9858261540041,-52.18647263885891,-295.37105906448744
calibration_00031,-1349.9389819546661,622.9676985073633,186.8439305821332,-1500.019689028057,150.9758932631743,254.47159319279754,-1650.0008144367264,315.54800045050354,-107.94680130283075,-299.96566782861703,-68.10650568105004,15.116048401147102,0.030596227491545135,-579.826096893419,105.32491970124148,300.0327979536272,-402.1427053400121,-382.9260260826704,1350.0306490605824,631.8685817736016,190.09358873590168,1499.9843068007742,120.15988306426999,280.35302767721413,1650.049557662869,297.8886497984636,-207.98567653316542,-1000.0359295103315,272.9368322264196,99.3603570622738,-1149.9878283875012,-199.02243418928447,167.039317574704,-1300.0135697748965,-34.48726155910082,-195.38206577774554,-299.9965076110862,281.89743319565724,102.67747442555304,-0.02258622930405047,-229.77536782717883,192.76973948532932,299.9496209178631,-52.07140506412708,-295.45071285207166,999.940520375485,281.9556146700135,102.62478741294218,1149.9690469614452,-229.79898909802276,192.85990802811187,1299.9516652169189,-52.06660520522687,-295.45450909017393,-750.0188018023515,273.0454097064395,99.40467276525239,-900.0212506880915,-198.94999204063714,167.03097450727932,-1049.9929570962406,-34.359628552883514,-195.33582321854388,-300.0280167604644,281.90521168028937,102.65183822518247,0.00408733689238578,-229.8224439901058,192.70192651203746,300.05361872889426,-52.0276234058651,-295.43205503109937,999.913770061014,281.9429639576649,102.71345677172862,1149.997503559859,-229.71666395782478,192.86787631049344,1299.9985914373653,-52.11532846362584,-295.4664183519502,-750.0455930444234,273.02358595345527,99.46618017555937,-900.0066279993965,-199.00635428695875,167.0258052657038,-1050.0206504319178,-34.38056342961669,-195.2836084810714,-300.0227000732548,281.8578028081394,102.62363835448272,0.032857459636019985,-229.8226655572191,192.7368934938634,299.9359028380753,-52.08068362818706,-295.4159318031977,750.0661664976928,281.87659370634015,102.76146006008955,899.9241886212934,-229.85572560767238,192.77246910004763,1050.0395341097449,-51.98497100704134,-295.3775105656341,-750.0330000011717,272.9705371607029,99.33171472510156,-899.9902223790627,-199.0482398248139,167.033998285534,-1049.9660561229723,-34.441930655065576,-195.27652776955148,-300.012701697914,281.87543085906447,102.47946000568436,0.09141663685628615,-229.7732374471773,192.80758303554586,300.02445624823577,-52.16981574552529,-295.5175285746055,750.0603872094995,281.8506914215568,102.71432160575947,899.9723240438731,-229.8037633586826,192.94487122233687,1050.0588405603287,-52.081399566354065,-295.3642217149752
calibration_00032,-1350.0253553824755,622.9521634327685,186.82197856568078,-1500.0033870626114,150.98475275405093,254.47119044097713,-1650.0073089062307,315.57924484109225,-107.94833561980062,-300.00375854304696,-68.05919657692107,15.117876340637773,0.010063109433168583,-579.7694511568369,105.33381283882862,299.98597194080105,-402.17293847782594,-382.94480996527034,1350.0090110178053,631.9440269001683,190.13215458021466,1499.9866894372103,120.17175649015387,280.34551102016576,1649.947835844972,297.97582581742915,-207.92913318758085,-1000.0010936002984,272.9991606052466,99.37324773465298,-1149.9801898723397,-199.02236382651816,167.02283299864948,-1299.9063382216539,-34.481371759807736,-195.4473998011982,-299.99150370356426,281.88117752341145,102.59807503193235,0.0018251121044476556,-229.83365377122553,192.8313740869696,299.95769965998056,-52.05787499840527,-295.4120108457545,1000.0909811556784,281.85999655046766,102.50459136868369,1150.048279815797,-229.81709497295964,192.78606655184507,1299.9926085310162,-52.11312343631097,-295.4404607525005,-750.0141882145252,272.8511275354845,99.37144132760861,-900.015623842734,-198.98772275563212,166.98191963345357,-1050.074873815242,-34.42446879178894,-195.36637923671537,-299.9921681678479,281.8251406662936,102.60823824897149,-0.01339258502435567,-229.82727165467273,192.79953324416604,300.0466598107978,-51.990912411180105,-295.3667121481872,999.9956626064957,281.9314669380052,102.57705462219803,1150.0549141751358,-229.85373439400982,192.83637031399851,1300.0344280796558,-52.13246635796552,-295.43893904546087,-750.019637159698,272.91478804456983,99.34475250753044,-900.0192403606419,-199.0996365252115,166.9584046463971,-1050.0116097662014,-34.42557321550237,-195.37060642955527,-300.02048344731014,281.83906806072497,102.57079282359018,-0.015885934875011852,-229.83652416937628,192.74389141989246,300.1243965025798,-51.97379598947552,-295.3795822601102,749.9687739634485,281.9879736977119,102.72295591568803,900.065700406389,-229.7161447481161,193.01301141635764,1050.0893601738082,-51.93567416651716,-295.1952949775622,-749.9296675664535,272.9343149715859,99.34389201597386,-899.9962589038794,-198.96798075314499,167.0351452120461,-1050.065172030184,-34.37856633482509,-195.24473545971162,-299.9907860654506,281.90201419549214,102.62147116177147,0.05318449994398133,-229.84238759860816,192.73975112661785,299.9613832972923,-52.08635274607286,-295.46350785723195,750.0340322559451,281.95665000965596,102.59581209816957,900.0717204328636,-229.8736297896881,192.8416692025251,1050.0191441517456,-52.07972996818541,-295.3534017439762
calibration_00033,-1350.0073534192675,622.9875165346488,186.84065405061298,-1499.9699705875132,150.95740210502885,254.46451560988146,-1650.0522376775687,315.54328553349603,-107.92260854194782,-299.981112539695,-68.02584790334762,15.104715065568367,-0.03696441001157588,-579.810164929764,105.31816469607425,299.9969163684734,-402.14701137604976,-382.93980550154436,1349.977275752674,631.9078459459047,190.13375547040633,1499.9820468904977,120.20941056914683,280.3262882385425,1650.0138959934459,297.92387202543426,-207.9465836078317,-999.980035897838,272.8994969772555,99.37511497558849,-1150.0535382034113,-199.09568148881854,167.021094919488,-1299.9549625872523,-34.423235681027585,-195.40292620858185,-300.01941555673477,281.8497631114935,102.62788998289916,0.07667421285431236,-229.8286733997928,192.80764425489699,300.0184979904725,-52.04505227610715,-295.37144247369895,1000.0124590309096,281.90941255079406,102.56787088155,1150.0698255477253,-229.8110521298975,192.86766210569945,1300.0039931266658,-52.112453714302916,-295.4553442964779,-750.0104115890771,272.8464834000459,99.37219003540122,-899.9735374809907,-199.1816262515442,166.97722705177742,-1049.9935036473144,-34.63772135009163,-195.35091534750302,-300.0845558193148,281.8482709267873,102.6220183240164,0.07141866047580772,-229.88790673002083,192.8713634211443,300.0202852004673,-52.058198337752245,-295.42016569026305,1000.0257060262323,281.93548567637174,102.53137221482821,1150.053370808498,-229.797725410461,192.90789861856615,1299.9816536600406,-52.10139829048841,-295.41137730616975,-749.9813953395627,272.86316517414616,99.28796099945086,-899.9755806444341,-199.1133328561943,166.97013908708308,-1049.9798881625754,-34.56300411647167,-195.397546766704,-300.01314897193583,281.8596641808532,102.60803388833381,0.08067749799864468,-229.81634981486533,192.83261176024305,300.07973151440757,-51.96497087975839,-295.5011634741936,749.9693774134054,282.01428096174254,102.55743763533376,900.0761246991115,-229.69615335041337,192.82429804892212,1050.034981473003,-51.85100301214037,-295.4746767312129,-749.9933551199637,272.97269277313166,99.38381576293386,-900.0253347586829,-199.00847250992598,166.95639873326434,-1050.0287161671013,-34.48220363929729,-195.35202144345266,-300.07742649395163,281.8959188495941,102.55417698445719,0.045014012726299554,-229.83827971650442,192.88578654589256,299.96712232118705,-52.1039367835223,-295.4739828080081,750.0238276275144,281.9150811105451,102.61986765067884,899.9623214152593,-229.88141795783636,192.92108713671522,1049.9685933732567,-52.12670464871202,-295.44877075914104
calibration_00034,-1349.996311031188,622.9245063903182,186.8909122357393,-1499.9829193898008,150.96065684572824,254.49328095442084,-1649.9759823850845,315.52975456524604,-107.90571505184519,-300.0601778099465,-68.08714790785838,15.082984835211729,-0.0198168191333206,-579.8118868408387,105.31606239515818,300.0200324509462,-402.12104461900464,-382.9688926671007,1350.0078053862997,631.9119704099006,190.15289544439955,1500.007833581555,120.19114661887055,280.36781323217525,1650.053492963253,297.8772398285438,-208.00208549675529,-1000.0228133146131,273.0121624010855,99.28708966463138,-1149.9767134383007,-198.99486373391665,167.0195674633499,-1299.9586035833086,-34.50551078895272,-195.4518131784235,-299.9222330260301,281.9288897665258,102.67644354264667,0.03348553220556763,-229.6990857446773,192.8960344115308,300.0323900635684,-52.09659442962116,-295.463330494708,999.9214832538413,281.94880966410113,102.57252919633379,1150.0128148223655,-229.8241476685705,192.83106910736748,1299.9920145322383,-52.09242619691779,-295.4489237218096,-749.9350829160294,273.0078676094819,99.46375758948939,-899.8977431409969,-199.00710789260424,167.13774775083957,-1050.0138438947881,-34.414519102932736,-195.1666139299563,-300.00691223758537,281.9455764622164,102.63615711831032,0.001867130465846266,-229.7410462024116,192.965117262344,299.9815337394428,-52.10917112843787,-295.461705013819,999.9653587895857,281.8772840799705,102.594691073463,1150.0109990108624,-229.7994639384412,192.84103723629022,1300.0048424949248,-52.161693440977565,-295.4778171470514,-749.8809435033336,273.05403305088885,99.50501612953907,-899.8183752070403,-198.9751857211366,167.14674978110813,-1050.0670795620451,-34.371695938212405,-195.13975449309686,-300.0049047199873,281.8404183646811,102.68984591528086,0.012102988847008396,-229.71053688729944,192.95917367089672,300.0036674519231,-52.13652183860273,-295.445515323837,749.9635960684311,282.02726217473435,102.55550515990338,900.0273241313798,-229.66569027210542,192.82016442929992,1050.0093858392179,-52.05679447563343,-295.5521565595572,-749.8792307845786,272.9635024839711,99.28634065430202,-899.9913820850962,-198.94190206275547,166.85013344105164,-1050.0165000291672,-34.52783165913252,-195.36894009621594,-300.1021328394921,281.7949067402125,102.47376825708969,-0.12917588022649615,-229.8071874229876,192.85626294039434,300.05801344700984,-52.24685996429273,-295.50250152003525,749.8867507474725,281.98962737079086,102.57147059090937,899.969216737178,-229.8071775967876,192.8164496015603,1049.9822113067407,-52.06074637970706,-295.4213582068579
calibration_00035,-1350.0354112442487,622.9608295042323,186.83695650116204,-1500.015480632523,151.00627232330095,254.465038582477,-1650.0330642738998,315.5223374044433,-107.92807425921261,-300.0261602566729,-68.09167699561618,15.079600710870112,-0.06636486776189286,-579.8032849839025,105.33049899445754,299.9421479381305,-402.13657786231676,-382.9609937011236,1350.013037090451,631.8696138437365,190.1259795842072,1500.004559536345,120.18439982946836,280.35174725146214,1650.0348640391044,297.95828159476133,-207.9677327580726,-999.9883558990737,272.9971417598259,99.39486138405124,-1150.0063102929294,-198.9760623826451,166.94612060775788,-1299.9303237954935,-34.46551840414546,-195.40779409150494,-299.94200863585036,281.9176331191519,102.60940505438617,0.05036461210779182,-229.81145526251856,192.83913664727655,300.0435491230289,-52.030418968023525,-295.386907331376,1000.0288034173985,281.93363715675395,102.57015498493048,1149.9641324566333,-229.82676916299684,192.86314275513146,1299.9389660123304,-52.14783550923651,-295.41973373271446,-749.9297644466826,272.92679694770885,99.40898044075223,-899.9945363315092,-198.9813874678835,166.9044393897257,-1049.9700991612342,-34.47376004263592,-195.3885506579019,-299.91502024041137,281.95123137537587,102.64317281639846,0.03166917796624807,-229.7975440332495,192.8910080063598,300.0231045858808,-52.033354697220226,-295.3439003802097,1000.0423641544375,281.8525295493904,102.5722746335758,1149.975206511039,-229.78048721304495,192.87644275753016,1299.9788777402898,-52.083256760537026,-295.41241722738744,-749.9502386238867,272.86424175689456,99.3963389619421,-899.9913838005657,-199.00186846012926,166.8768073606884,-1049.9579907466298,-34.50360088415825,-195.40521952819316,-299.92315971762923,281.9246662590826,102.64236529796642,0.03356335386033434,-229.81093270250568,192.82653748461365,299.9914038243995,-52.05750432549673,-295.30155210920867,750.1017781935575,281.80477202959,102.69308544402018,899.9695247774285,-229.77767224164586,192.9233529804238,1050.00814491297,-52.09058978111153,-295.337440345455,-749.9346426651264,272.8245527710367,99.35411647108585,-900.0184148495048,-198.93051093282662,166.98382792615138,-1049.9847480693152,-34.504806105713236,-195.398202386652,-299.93238407891766,281.917047242617,102.60417906609129,0.02855153391897584,-229.77808140596935,192.79643844793543,299.94731443355727,-52.06612526930518,-295.4382791904812,750.0446731124276,281.8702893997511,102.56787045152872,899.9606551974607,-229.81159661294186,192.88640905601073,1049.9375297253887,-52.114782344273465,-295.313737080662
calibration_00036,-1350.0050349984654,622.9091996418721,186.82281138776636,-1499.9732901524205,151.00125212966282,254.48300106487773,-1650.032603606053,315.5439037239516,-107.85209414876435,-300.0058036368513,-68.12311099283602,15.159109775446733,-0.020687021079807157,-579.7869820642603,105.30334902879146,299.9836557882048,-402.0623306184624,-382.9526605082243,1350.021384700505,631.9498000022533,190.0865999400787,1500.0330197799462,120.20417350037788,280.3542934463062,1650.0157656469073,297.8997741671683,-207.90370109791886,-999.981881972844,272.9957750642619,99.39534508397874,-1150.048124705464,-199.01225761563504,167.02171681743758,-1299.9577890538887,-34.456041794949286,-195.4904628562736,-299.9299868814352,281.8772130912529,102.56898990701367,0.0019290799738058161,-229.78564260846932,192.78549845100892,299.96349148942113,-52.116770471713195,-295.48599091873183,999.9699927476607,281.80952066187854,102.64685795071564,1149.9646165678341,-229.84948860938982,192.8159957369373,1300.0170511305962,-52.17033404526704,-295.43444164277645,-749.9178480574435,272.9596289951659,99.34480422700648,-899.9541540052658,-198.96281366656828,167.0260001113457,-1049.9676000362342,-34.434948730946935,-195.38967936077037,-299.96700290783593,281.865751698027,102.65311397964072,-0.009837245421404009,-229.837629806583,192.87809783211546,299.996195381124,-52.12622059063885,-295.4112761910059,999.9673684531509,281.84337926884575,102.56961942727608,1149.9331551543762,-229.81381807912555,192.7942211388327,1299.9981753971654,-52.13740308863415,-295.447266171405,-749.955701894949,272.9995142229818,99.32585799977704,-899.9921683569082,-198.89515284277297,167.02880266663453,-1049.955899365457,-34.472282827620724,-195.33870230691818,-299.9676919757567,281.84947709312235,102.63210122154364,-0.04667641795266085,-229.82898387945644,192.86251984633697,300.0113158054899,-52.13287721188055,-295.4594870725827,750.0092576853259,281.785106624736,102.80096998402664,900.0080685824526,-229.8601423145439,192.87413195001787,1050.1215719301051,-52.13337059953954,-295.48052736229073,-749.9681344157509,272.98442886191657,99.32472963208275,-900.0156141183184,-198.9493694219103,166.9574749815769,-1050.02332830775,-34.54393702831792,-195.35652527655063,-299.9966934386868,281.8556842934461,102.58702771585178,-0.08088299856071747,-229.8213750859542,192.82686865754383,299.94778169257177,-52.131172131575184,-295.39363333787975,749.9400269098725,281.8899677687429,102.7126696923728,900.0303705762088,-229.77269352316293,192.77583368179893,1050.0771701422366,-52.09255378941885,-295.5003100694719
calibration_00037,-1349.9813260983428,622.9732311851027,186.8266787669362,-1499.9938834478457,150.9584102832992,254.51274309751273,-1650.02212320792,315.4886355749754,-107.8715431486164,-299.99048431387166,-68.06234600281685,15.132596934497062,-0.015205310128770848,-579.8272044258272,105.33376831315978,300.0206081134285,-402.06204000619437,-382.9488357750529,1349.9893415280599,631.9369730710147,190.07301062472297,1500.0130930102105,120.2012422934585,280.279863236861,1649.9889646104475,297.89295526890425,-207.99699352776113,-999.9956722912151,272.95428356632925,99.38477433177,-1150.0298653573293,-199.00029097811225,166.96454002165842,-1299.9269879852689,-34.37665525045839,-195.45028706132223,-299.9952929070376,281.9301028776863,102.52015321463509,-0.039264867330577255,-229.7653968163442,192.80956304703864,299.9816832480815,-52.15696176485361,-295.4788528409696,1000.0057103341452,281.8926953012566,102.64693524804107,1150.0403181217453,-229.8307696373428,192.93998793956422,1300.0312819415863,-52.05668334233105,-295.37447087639987,-750.0839334616911,272.93217996897346,99.2918794331988,-900.0103384200726,-198.91715175512135,166.97317942202787,-1050.039243990226,-34.38371041885014,-195.46282081559355,-300.04058266419526,281.8711264126819,102.56546647101172,0.026869980163031743,-229.8004329430514,192.81366446515062,300.0262847790972,-52.09379982845269,-295.4570187802221,1000.0273664249846,281.85866958474423,102.616718576719,1150.0324077779812,-229.82776289490187,192.93413633798718,1300.0307844389497,-52.08732570364509,-295.3291206263782,-750.0023813213909,272.95757851861913,99.26115280020967,-900.090782412494,-198.88762642969098,166.93077114611626,-1049.97097907574,-34.395648597590885,-195.41546164575962,-300.0219843316021,281.888941018761,102.51020545998571,0.09210158935165413,-229.7775220784825,192.79970965652697,299.997968647845,-52.08867426096388,-295.4707236169885,749.9612543647788,282.0101131456912,102.6383242168738,900.0135166992508,-229.66758783477798,192.87968899273338,1049.9634001976165,-52.015508623332124,-295.4416236189145,-750.0114316004118,272.97099489429627,99.31034631425403,-900.0429024174839,-198.9630938237343,166.9532173293661,-1049.954602034495,-34.447313917370614,-195.42735726256583,-300.0213681661935,281.8680358889591,102.58341885826688,0.12039933031236097,-229.83154592420718,192.71688944847415,300.0473528615058,-52.229571725951466,-295.4015289245012,750.0248039547936,281.9329946199004,102.58572512997144,900.0209690329427,-229.888386833441,192.8343609544266,1049.9428211961622,-51.998563507413955,-295.4434743790531
calibration_00038,-1349.9973079163333,622.9430258878502,186.8071735425341,-1499.9933421807727,150.99567119067206,254.46012276024646,-1650.0160473222365,315.47695679056284,-107.90295566248217,-299.97555673839247,-68.0699233229828,15.096961750006514,0.011009961320988795,-579.7940356125958,105.36413577100113,299.9338146105679,-402.096503110557,-382.96101452470157,1350.0204908958176,631.8507560007741,190.09754302360446,1500.0159158431184,120.16942146821599,280.3179437392943,1650.0060748520214,297.86573672302706,-207.92618777874986,-999.959721932839,272.9839057196171,99.34743142567727,-1150.020823133949,-199.04506155220352,167.0352190568887,-1299.9964974787188,-34.412124335223474,-195.42907268714745,-300.022373490052,281.87219551296755,102.60092096380859,0.025535477049218488,-229.75145590952292,192.8648155963006,300.0654531324107,-52.09231391005696,-295.47991110189434,999.9798822758581,281.87940524587725,102.65841116734529,1149.9572097114344,-229.72335986184598,192.8254203482979,1299.9457442238759,-52.01786076132795,-295.43920581124854,-750.0113315765087,272.9657268727967,99.2940961965904,-899.9690136988784,-199.0881227065181,167.0196419831,-1049.9847030070064,-34.5969963301858,-195.32345893449755,-299.98663376462315,281.87339165079976,102.59102299694402,0.045279878007910314,-229.7985306973221,192.8634297622284,299.9927102377561,-52.12199436719336,-295.48064995229873,1000.0048725961739,281.9346173622387,102.58147081752062,1149.9744381197572,-229.81849691415385,192.7928039069472,1299.971018448963,-52.03990134484749,-295.4287121239478,-750.0444395673991,272.94872486222005,99.31697090704718,-899.9670065398968,-199.1153931826398,167.1216950404753,-1049.9404347072618,-34.608993974788554,-195.40894210764995,-299.98305334112746,281.8892905475152,102.63044211800398,-0.02142635733830871,-229.75101861027585,192.8144752790745,300.05958662011375,-52.09016997067746,-295.432282694775,750.0147015563683,281.9373369660731,102.5431932346325,900.0749567111427,-229.7333107431529,192.8164720131741,1050.0167693828596,-52.038121489878435,-295.5168534318128,-750.0489047701711,272.9661603560637,99.41848322764201,-900.036766154999,-199.0512814551505,166.9846195753458,-1049.9818351844742,-34.45420076095243,-195.4981283573398,-299.9885993971057,281.89959304445046,102.60464227605517,-0.02083783391823353,-229.7651576225799,192.77074262040128,300.024197244036,-52.099101581932786,-295.3883051331175,750.016570385086,281.8135198099897,102.5625767723699,900.0032942640904,-229.85105905854294,192.85133459844698,1050.0330487790595,-52.152740749435964,-295.4495122265082
calibration_00039,-1350.0282352299814,622.9395099162397,186.88530342808636,-1500.0127723663811,150.93718983247163,254.50786538910677,-1649.9849160218607,315.50593406061796,-107.93569856640165,-300.00399820491504,-68.08238185100089,15.084776351025592,-0.044268443681908874,-579.8534340917568,105.26968544517825,299.990739791578,-402.0793269105114,-382.95000878238466,1349.9373479458798,631.9143961917054,190.10748090492206,1500.0029947899366,120.14375353173183,280.38091693146384,1650.0278505869057,297.9094733576393,-207.93387440584044,-999.9226541804695,272.92878999771386,99.37601962038669,-1150.0570815194308,-198.97553772276896,167.03095007291012,-1300.0504939978302,-34.41096590249701,-195.40250926751062,-299.88900356003245,281.87395427930517,102.66361471750581,0.08441261042145176,-229.86919291760395,192.90711286357313,299.9525322086446,-52.14648981520851,-295.42192248920935,1000.046728097937,281.9903780548969,102.64240534430805,1150.026243213839,-229.78922517357248,192.81857165928784,1300.027478988853,-52.051224114556554,-295.45970644792317,-749.9258172136581,272.98942761555867,99.5217734730163,-899.8919716200675,-198.98366995637474,167.18558581216405,-1049.9232780926936,-34.49056455500134,-195.20190752139442,-299.9579308476164,281.94990796820764,102.7043602879078,0.13131069494294265,-229.7983459464469,192.8691152906057,299.95062089073053,-52.177162161908974,-295.4403317832743,1000.0060811494708,281.92594163269746,102.60458570247812,1150.0074948294919,-229.7656744760116,192.76362718490307,1300.0393249229635,-52.05415847295789,-295.4727965773471,-750.0249715317386,272.9915627210372,99.54521434681105,-899.8907576639735,-198.96048083189473,167.18004086651806,-1049.954840511575,-34.561868396673106,-195.25629645741827,-299.9880019619082,281.8986429993769,102.67463800792719,0.053284825178361216,-229.83460900223136,192.88480286230993,299.9442691086186,-52.10326563160163,-295.4528453378204,750.1664550637012,281.8828405698762,102.50852806714235,900.0814244583138,-229.7389993537301,192.64386585950092,1049.9335605008537,-52.200485204596085,-295.66030338832735,-750.0053712713293,272.9841351047438,99.4280715487093,-899.9272474186429,-198.9908794084916,166.96365866851357,-1049.9535280426962,-34.54992223130586,-195.4343305187338,-300.04453884631414,281.91814604962025,102.61517445876468,-0.006025439460481388,-229.78455990876964,192.84892405358798,300.0087707597588,-52.02236566184404,-295.35646748831505,750.1222251357435,281.85162797362074,102.60890487376892,900.0015194486405,-229.7517049498182,192.768204499701,1050.0226110355525,-52.23725628584791,-295.4379140331968
calibration_00040,-1350.0003169510314,622.9308460170096,186.85915204098265,-1500.0006922564667,151.0295171348831,254.50968775775755,-1649.9532812214627,315.50127547075937,-107.89492435252536,-299.95257679534194,-68.07820859480674,15.109001089580646,-0.011163895175862582,-579.8611169999324,105.37919692851443,299.99359961954457,-402.13541499169145,-382.9290536884447,1349.978086938542,631.919882807298,190.09962386980902,1499.998244515473,120.16406116607973,280.3177886661772,1649.9794548953585,297.8694989732264,-207.95239615690699,-1000.0315024562389,272.89696674371436,99.30822987843781,-1149.9835378435157,-199.05717497887355,166.92685293015398,-1299.9981681267413,-34.43228483261263,-195.44993101591538,-300.04561118592505,281.87340499706664,102.60347379080612,-0.00687443878864568,-229.79954056771092,192.85214798919938,300.0029077381246,-52.0317957809048,-295.4939714803551,1000.0177227722385,281.9746886381669,102.62206166273714,1150.034913980337,-229.78741070449564,192.78448896656553,1300.055445267603,-52.06587642248256,-295.38422144653606,-750.1293603041397,272.88532701309805,99.44083919860813,-899.9697908695734,-199.11750837586166,167.0435610754002,-1050.064233061761,-34.49114009303748,-195.4194305561635,-299.9926652704828,281.8912642659422,102.6052688244602,0.06966270690458708,-229.82702410778245,192.84970253662271,299.9427389194628,-52.06247899439805,-295.4140757252174,999.9563621443433,281.94481358995495,102.61683798386451,1150.0783292408044,-229.76126596735153,192.9032713368909,1300.0695720419537,-52.03694877158254,-295.379921427163,-750.1665244089389,272.8483175295793,99.38374779935477,-899.9094642988215,-199.1361289087284,167.0732796482456,-1050.0805763947205,-34.459967614773376,-195.42137956875789,-300.03090385866983,281.8800458975578,102.56990564464185,0.11937129696362832,-229.83351320409946,192.84878338447015,299.9925948495331,-52.144825490083775,-295.4474830349072,750.0160414813704,282.0132998891315,102.50436315661064,900.0331079841911,-229.7751184451588,192.73264912256852,1049.9387260054789,-51.98096424187657,-295.5520108869135,-750.1705994264687,272.9835714423179,99.3911320401271,-899.9639767112508,-199.00474823230067,166.88464019467625,-1050.058231397363,-34.37855271869128,-195.59680329470396,-300.031560832708,281.87979612792714,102.56644462188208,0.07141124533699539,-229.81037740871002,192.93673640758516,299.98758259692,-52.14241368968405,-295.31143455459767,749.9692279247016,281.9689085479603,102.74858404555393,900.0464031243315,-229.89423490057905,192.79269550842244,1050.0205308412376,-52.092223272649335,-295.45394672803656
calibration_00041,-1349.976947997661,622.9563703221323,186.8335338508174,-1500.0461921390604,150.96739432504972,254.53287748543002,-1650.01702288535,315.5244352561025,-107.87652106087401,-300.0124889802418,-68.08805384671419,15.153646239312792,-0.023665188393720935,-579.8085262971538,105.32298597750703,299.99596898575186,-402.09112087185736,-382.94400245948214,1350.0049617644693,631.937529087854,190.12974119976306,1500.069822130678,120.17686601779394,280.33571222226226,1649.9798856510308,297.8901961123831,-207.96525339579784,-1000.0410698378828,273.01188202083176,99.39941229780452,-1149.9538948515747,-199.04816468987872,166.96677657317525,-1299.9838067653025,-34.42896443264736,-195.47134928185636,-299.94842292298927,281.8927269624787,102.61264251716642,0.018851988788063382,-229.79099935684425,192.81273075230112,300.02887730332236,-52.04325931016806,-295.4683672349375,1000.0094839870516,281.95633090308377,102.58100866918302,1149.9084261875075,-229.863621544539,192.78354886607218,1300.0636137887132,-52.0360879724315,-295.3834187828608,-749.89631320839,272.9603065086135,99.26230935096822,-899.9315164605688,-199.0569265246811,166.99065414969402,-1049.9028587535634,-34.488275960602685,-195.41732635106894,-299.8907415662104,281.9808462132888,102.55549037948184,0.05198790466311313,-229.8352478459258,192.8533282336652,300.0159278617829,-52.045990004314675,-295.49648291574636,999.9544206158876,281.8518649564058,102.61914386079495,1149.941385589044,-229.86667003678994,192.80728311327533,1300.0764991775784,-52.09674306053665,-295.3756875341242,-749.9272113809989,272.996335204145,99.26841272470259,-900.0124740289585,-199.03598072483314,167.00809052883457,-1049.9218075558242,-34.46295758098965,-195.32381682788068,-299.95700507023196,281.9250742412074,102.53103236012538,-0.00013228736228474564,-229.85364426281222,192.82945006086516,300.04162539134194,-52.04025900434569,-295.4426292595316,750.105527987698,281.8443989093258,102.54023510468011,900.0060197481906,-229.8368618677719,192.7169797662303,1049.9825539276167,-52.052367110175005,-295.52927035216703,-749.9989492907002,272.93912428194875,99.254879925112,-899.9615629178484,-199.08728657490823,167.05005978627622,-1049.9804027029334,-34.447929506784284,-195.3683554944572,-299.98384429171637,281.9762165777306,102.49857260619774,-0.06524443571115608,-229.89704203233555,192.77835644991617,300.0034920782302,-51.988346322900995,-295.4161081545952,750.0273691827407,281.9218588471443,102.65189505677611,899.9988544762107,-229.88264281233836,192.79588071746065,1049.9406974259566,-52.13255243345529,-295.4994356479136
calibration_00042,-1349.9741131768196,622.926401671858,186.83848965642284,-1500.0002001958662,150.97542870090493,254.481719758664,-1649.9837801806834,315.56837845334206,-107.90928866636824,-300.0261240383342,-68.12760256012741,15.12934027408036,-0.039174466004830634,-579.7914155244902,105.33716374023402,300.0009538001245,-402.1081913796459,-382.91628274484503,1350.0316471141964,631.9261147638068,190.13421681507518,1499.9948154088815,120.20359972978108,280.32934716009885,1650.036765341192,297.91444275689986,-207.91479423011253,-1000.0694786741955,272.9752273692117,99.3711361998138,-1149.9883907336364,-199.0251476170403,167.0138392482117,-1299.9530141266675,-34.46398581503033,-195.37165379048324,-299.9068609762085,281.9365897631695,102.66130955054751,0.11655415394401877,-229.7862322092809,192.84035119764718,299.9927653242589,-52.140682243896016,-295.4726938668694,999.9543632166096,281.8413419385918,102.58484700914342,1150.0497593202613,-229.79345519383523,192.772872729669,1299.9208834301826,-52.089379496006416,-295.44423403807,-749.8499737082282,272.9786015783398,99.4754836419983,-899.905554715504,-198.95677621583906,167.18932495946743,-1049.998555575079,-34.35490660166439,-195.1850069202483,-299.94579609988017,281.92069430096603,102.64149203031172,0.07410461152756999,-229.8427738901084,192.74328522459462,300.00243665715,-52.09770195730187,-295.48631833507204,999.9853848202365,281.87754352868615,102.59189912569984,1149.9831238120134,-229.8168075740631,192.80331134898634,1300.0340139213113,-52.11970636536047,-295.4115935284717,-749.9044404759759,272.99808773457556,99.54841385480783,-899.896797698869,-198.98043885873918,167.18870685355114,-1049.9509117376422,-34.36697380421988,-195.2360440375558,-299.93759894931134,281.89049875071163,102.58238419246672,0.05033982713117523,-229.77229051614236,192.74954163304346,299.891108268814,-52.15085175713397,-295.46178307578975,750.0089341115115,281.84962577654204,102.5502853059787,900.0605748774826,-229.88937898250722,192.65387651401298,1049.9734696709286,-52.16585556461573,-295.6090920549782,-749.9305985332887,272.98229330458395,99.41275229206767,-899.9918629655098,-198.9941250775858,166.97300559830302,-1050.0049297167375,-34.43837518921171,-195.3857611395106,-300.0385140525962,281.89010356485613,102.52512236549654,0.07202075530740445,-229.7623115610186,192.75200875581646,299.94186052632585,-52.12600854576574,-295.45722078423523,749.9777315268215,281.954406948464,102.7295733420153,899.9952501389182,-229.7967768000155,192.8146728138951,1049.9474914661675,-52.08555707412097,-295.37655984345923
calibration_00043,-1350.0021176267105,622.9165510937469,186.87548180950074,-1500.0050658027549,151.0399565008193,254.4834574462861,-1650.0354310525258,315.5245964914519,-107.90832845007724,-300.0417516143496,-68.04190819637338,15.060306576292682,-0.027406178578308894,-579.8527516387009,105.3473350676644,299.9781436746017,-402.09382528502175,-382.94214424084504,1350.025713867127,631.900163239032,190.10661773743684,1499.9758238507477,120.16935524615197,280.3918927823789,1650.0053736198865,297.90086829750175,-207.91229955990082,-999.9907133634109,272.92469519186125,99.40608619322474,-1150.0702883313281,-199.0360772799851,166.96101002736395,-1299.9497665227907,-34.438784930590636,-195.48324526554612,-299.8925127541692,281.8208039946499,102.70518502219245,0.09346289881876801,-229.77789305498604,192.81916299069405,300.02990596533044,-52.07816389181918,-295.4235312017237,1000.0048648805334,281.93159857388554,102.65295046865958,1149.939312523487,-229.80663228626514,192.81948025805218,1299.9912676537933,-52.08473271872209,-295.5090856801355,-749.9523472366935,272.91177509226645,99.43335941466968,-899.7807075026461,-199.08761875993767,167.1393959280029,-1049.9677434757702,-34.53897925229101,-195.21586782137982,-299.920982828174,281.8845503274954,102.67526064451623,0.10846126632239601,-229.78105426215737,192.7915353561569,300.0165123191282,-52.08947362399686,-295.419072047609,1000.0208149339663,281.8855385978598,102.61393026483987,1150.0413005902944,-229.71362453588347,192.87162171744896,1299.9977750065425,-52.05282525702328,-295.4807848500524,-749.9541155165451,272.8834395788704,99.51015746378435,-899.9100612323728,-199.0210481530788,167.16738687744513,-1049.9204318401955,-34.54124227989574,-195.14819714448478,-299.90254731955287,281.83393639809856,102.67790360377077,0.10616892682331276,-229.79055220181777,192.82640635763377,300.01883500128514,-52.12771339392764,-295.44455216839026,750.0901541226358,281.90068806051517,102.57017310902287,900.0633141373197,-229.80312427989634,192.74048933461472,1050.0192978288399,-52.13545311923848,-295.56147579831986,-750.1007276737736,272.92341357372135,99.30772437284256,-900.0204349828135,-199.07684215046143,166.91581349402017,-1050.0286798812378,-34.46512440610608,-195.3402561648104,-299.99590983910133,281.9049678049166,102.52176371561458,0.019379074290292526,-229.80186260000974,192.7814534658431,300.0261867029575,-52.04084110142812,-295.48822621863854,749.9785125391213,281.8631253060233,102.63697446926716,899.9764554565888,-229.80944259678614,192.7976635566019,1050.0173826726714,-52.09718313071762,-295.4148742282815
calibration_00044,-1349.9648039494148,622.9573337378113,186.90082522800165,-1500.0240492240373,150.968054420061,254.5332740991773,-1650.011674254006,315.54133532871293,-107.94730524445839,-299.9785029766141,-68.06288353587526,15.086555954891432,0.004786764838770543,-579.8288334000338,105.33534759557789,299.9872408540895,-402.06314430533666,-382.9674387398321,1350.0025244380324,631.8856875815318,190.0865693941351,1499.996577614357,120.1503826350407,280.33600176709666,1649.9609511815397,297.90853049522855,-207.9328408453188,-1000.0014721791316,272.9358617416474,99.31775618861977,-1150.0534931299205,-198.98785013765135,166.97240251202015,-1299.9992967126614,-34.49285281991156,-195.4849379859152,-299.9986583131497,281.8814664963683,102.61666510608197,0.010562019283003946,-229.8467081870758,192.85554298102443,299.91571721874755,-52.11412487470575,-295.41382478184164,1000.0041323673349,281.96934382517463,102.63745970870573,1149.9842344314313,-229.78791355479288,192.89489474862592,1300.0063159769236,-52.03251799923977,-295.4826844864551,-750.0596957618933,272.9296807455708,99.44817251361059,-899.9329776845361,-199.08918131337603,167.15305687161194,-1050.076673433871,-34.480783447644555,-195.2267471011872,-300.07365778541543,281.8900569541745,102.61058215421474,0.0023605904904902223,-229.787377679406,192.880543539073,300.08153712146117,-52.12482783057022,-295.4754819556054,1000.0583130901514,281.9158738758611,102.61992893480446,1150.0019640656872,-229.7503446281374,192.9575917910229,1300.0505437486288,-52.0725200226277,-295.38848946561393,-749.9556372918448,272.865321786669,99.55476859357734,-899.9530409840703,-199.0746001389931,167.1041795381706,-1050.039685193033,-34.48043780138672,-195.25234389325178,-300.04879884604435,281.8869070689639,102.63882091466763,-0.009984471887569537,-229.77137189486817,192.9329213901982,299.9731385709061,-52.14673873519635,-295.39855507973084,750.0555858886567,281.985895907607,102.59795932943997,900.0172350511884,-229.8158517725136,192.97297316190884,1049.9993311190444,-52.020663926549844,-295.3965676619711,-749.9121723620077,272.9991470740138,99.41593415961593,-899.9337562224717,-199.05746471037125,166.97825449979536,-1050.0079070710817,-34.49994008748624,-195.3944482551219,-300.03270017136384,281.95696140552053,102.5810139616188,0.02158876063271788,-229.8056296572534,192.85258335187578,299.9827266960635,-52.15833635239369,-295.5327784326292,750.0514047575673,281.9026187875431,102.54121745871694,900.0064011673833,-229.7843533842923,192.85975471282524,1050.0134131094162,-51.996452597100614,-295.51589723617997
calibration_00045,-1350.0031216640152,622.9710865935526,186.8812462065475,-1500.0148504590297,150.93314121638036,254.5296033034716,-1649.9313247355292,315.591112662291,-107.96328710257791,-299.98038249853664,-68.11726211431031,15.116987889446502,0.028474865167522095,-579.815479156881,105.32999292660477,300.00873902689244,-402.0566469037745,-382.92288308485024,1350.0106408154818,631.9105905643612,190.07312982276332,1499.9830335368683,120.11741931654008,280.3479241949266,1650.03677342159,297.8425062824446,-207.92227810410506,-1000.0172789353596,272.94573469213975,99.3389847204835,-1150.0104320820071,-198.9847119224601,166.96100357439917,-1300.0998505125954,-34.49693271181988,-195.40926031294526,-300.0119061950394,281.9143419529915,102.59554639067339,-0.0182165383058408,-229.83808271731638,192.8203972937024,299.9773558991612,-52.15987099555237,-295.44543476209986,999.9937442511088,281.9086970060665,102.66891534200501,1149.9935275370042,-229.7981621588629,192.87482521483304,1299.9528330282762,-52.034274833970144,-295.4542947851859,-749.9516086658936,273.0000015608178,99.33748232037618,-900.0904398917393,-198.94476733461832,166.96184248083807,-1049.963250435449,-34.414663167255135,-195.4106263962899,-299.9371177959295,281.95216336604386,102.64910541473623,-0.09797140068796358,-229.7793146429212,192.77399439835432,299.97959560718766,-52.1665550069447,-295.44618803272687,1000.0186295202915,281.989853877451,102.6329607117303,1149.9982258606012,-229.78919466882363,192.90046871680016,1299.9420163566247,-52.07700509482335,-295.40198995170135,-749.902391508551,272.957159219978,99.29041788831485,-900.1326920933082,-198.9368042620289,167.00987530382855,-1050.0008292465998,-34.44317176804589,-195.3759222164967,-299.9718133435145,281.94300452455445,102.61794884884057,-0.04463766280234989,-229.8355753567297,192.71967911876715,299.9839456167801,-52.23143209293678,-295.39281333058955,750.0749151435781,281.69267167927563,102.55628059021134,899.9518512523553,-230.0575673114108,192.77635496936412,1050.0049615196074,-52.251355586922735,-295.43427522136545,-749.930560498831,272.8845657050753,99.29103100593082,-900.0427291127266,-198.98266886196205,167.02629629260315,-1050.0163622974562,-34.49666414819736,-195.35264525002316,-299.9557093791126,281.9864435457222,102.6355965685967,-0.021328356022341653,-229.709314406215,192.79413871649044,300.0311516916485,-52.067448984679295,-295.3900507358143,749.9840532785099,281.86580258519365,102.60117893364529,899.8971079295774,-229.91966856207733,192.7390170377762,1050.0456624111796,-52.1292866729135,-295.42006179402733
calibration_00046,-1349.9590237785987,622.9754581054531,186.91357657617226,-1499.986635180068,150.95714862314236,254.45262825625568,-1650.0880318315023,315.59360546167215,-107.98974045314729,-300.0262558343175,-68.07190976699356,15.151975117511835,0.041247236816810216,-579.8020310616218,105.323745767217,299.987583546715,-402.08800097779357,-382.95836313217893,1349.9732671010513,631.9004460268883,190.09241029339535,1500.007408361368,120.18249668752912,280.34313257601485,1649.9234529662835,297.88369323213385,-207.93128589790308,-1000.0376797018512,272.867123063652,99.25938917642783,-1149.9948767303229,-199.04503068187,167.08165905968164,-1299.9918273802316,-34.524504882646106,-195.38426055204863,-299.98274714368756,281.879458828033,102.53433469058842,-0.03278815918828319,-229.843111148138,192.76858768184445,300.02246947100974,-52.18648210507993,-295.4206566104317,1000.0351500224868,281.9402983267269,102.62460318281587,1149.9946859324946,-229.75593463413017,192.86150015369756,1300.0945181723434,-52.085916834898455,-295.3932502227677,-750.0549401238765,273.03256625959654,99.28665085110424,-899.9958906629888,-199.014256594689,166.86289411404326,-1049.9641119269147,-34.35254668015017,-195.59891059997366,-299.93807206551116,281.82921367496664,102.52866309418306,-0.02239046418475684,-229.78261736614158,192.8167924953768,300.0694505638748,-52.08005907546841,-295.3920617336688,1000.0547816538052,281.9600766982262,102.59150967203861,1149.9823465318798,-229.80994271317095,192.81334826976445,1300.0775359448005,-52.096067155223025,-295.4353951962782,-750.021601673349,273.04426621332345,99.2498465353281,-900.0552463336721,-198.94902746924637,166.88120150047698,-1049.9833801538437,-34.318701727446076,-195.63271245982483,-300.0213661965673,281.86825043233364,102.56904540606799,-0.08940570049902376,-229.82812689309057,192.80262635848888,300.01470664749473,-52.11033724551683,-295.40369908048916,749.9628983052208,281.9449232834084,102.73174897353044,899.9924537029317,-229.83406903048402,193.00306385321412,1050.1260000424322,-52.07856687175541,-295.2585085484884,-750.0050009783582,272.94806829848085,99.33048978849617,-900.0738418695998,-199.08930881891524,167.0210042674236,-1049.9605939499263,-34.40979067916902,-195.41867998140015,-299.98976004932166,281.84474199351257,102.5752181378297,-0.01083528652283956,-229.84852176554782,192.77432718319318,299.9683239490961,-52.080530423082585,-295.4424331211351,749.9156967456851,281.91196667037644,102.59273730932745,900.0808809945341,-229.79361424118653,192.775861274953,1050.1533410766222,-52.06569367405801,-295.3917848991023
calibration_00047,-1349.9976574650482,622.9198764929987,186.80963451873413,-1499.965364567044,150.9406639531041,254.4646621318888,-1650.006528144686,315.53504504159804,-107.90401497028569,-300.0165308159797,-68.10541041056916,15.117194214061719,0.05886322436386841,-579.8372644870021,105.31122654751759,300.02531588236496,-402.1651430501169,-382.9285836894474,1349.9723132825122,631.9329332651363,190.05097505343076,1500.0458618947098,120.2396341218858,280.3242165550516,1649.957465927331,297.9514677752372,-207.98351835125365,-1000.0053813745727,272.9996679951581,99.4077178751201,-1150.0717930434573,-198.95360443271576,167.0501985054952,-1299.9416685172005,-34.44613421289611,-195.3971519702331,-299.98940197869223,281.9610415988872,102.59653567549233,-0.06080128604763735,-229.77055547142805,192.83420309372625,299.99248769467204,-51.976917093411636,-295.4698218032916,1000.0346622727451,281.8850427725497,102.65512795832893,1149.9744567083928,-229.89750141521765,192.9006101426685,1300.034803528765,-52.11561579744062,-295.37175385046856,-750.0435347056572,272.97854132849955,99.32115668505864,-899.9926753113779,-199.02893029357375,166.9380942278627,-1050.112743612892,-34.360312908826565,-195.51530603657378,-300.06911803483575,281.9031463297834,102.64826784634637,-0.031594429321896766,-229.75483476163296,192.82691470668112,300.04816773870897,-52.05250126187487,-295.41762775589956,1000.0335192659567,281.8732298071906,102.6341017784451,1149.989945507276,-229.97701471319516,192.8962344599171,1300.0935570341549,-52.10605331632819,-295.3683390775425,-749.995435932729,273.06053504797677,99.25188600510003,-900.0300571964885,-199.00398027664673,166.89542277220653,-1050.0823004288382,-34.25966306930782,-195.53810923789996,-300.06062543477276,281.93079480433136,102.63127960527336,-0.01947716709473412,-229.75919926619756,192.85415889009548,300.03874207192877,-52.01464290585048,-295.43172889593296,749.9380998207567,282.0239923413261,102.67446369355986,899.9769334091092,-229.7177626747123,192.982314245119,1049.9422585927498,-51.97230555273063,-295.2946092958754,-749.9776031606776,272.91706571377097,99.35455619864382,-900.0084945096522,-199.13320707495603,167.11739156740708,-1049.9838955482458,-34.390860168699035,-195.35439199281387,-300.0496863113177,281.924097604861,102.59752708477883,0.06356959401885377,-229.8241315792423,192.8339223130621,300.0190021560835,-52.150348395997646,-295.55529046452614,749.9880161174043,281.9345877755464,102.60672045696161,900.0142326994462,-229.78342041769886,192.9241650058154,1049.95626537447,-52.03954461163246,-295.52131315826836
calibration_00048,-1350.029110307265,622.9452754128406,186.8417549671072,-1499.9886973917305,150.98405906569542,254.54270295414474,-1649.994350952776,315.531145746727,-107.89220624861238,-300.00129587921623,-68.1322534128283,15.067835658718758,-0.03506673127256559,-579.7595903953612,105.31693017122548,300.0015262781298,-402.11868270322464,-382.92955992456876,1350.0081592333847,631.8654956906557,190.09550071544794,1500.0425419779124,120.15581845320894,280.3725454120311,1650.0084969520592,297.9064305908447,-207.87583984492517,-1000.0606329582902,272.9773739663537,99.37393728239739,-1150.0268905627465,-199.02384877015402,166.93193753293033,-1300.036501317894,-34.45591218795044,-195.45636537579966,-299.93176679340075,281.8983796921746,102.59042567655071,0.006813872566833842,-229.8334520881771,192.8052098422307,299.96159364117364,-52.09779099492134,-295.44662213418155,1000.0522936543327,281.9524976573048,102.521587583017,1149.9324134672029,-229.70970575011205,192.80468656628946,1299.9966529460803,-52.080264443459406,-295.43873823911633,-749.924370689115,273.055113948149,99.34077049013716,-899.9998775907677,-198.98246735169587,166.9985515093586,-1050.006376367873,-34.36309611313704,-195.40512585105253,-299.9668413645738,281.91163837439586,102.58004615805925,0.023810405927918006,-229.82790461907334,192.85115366439788,300.0286581301691,-52.179341938332925,-295.4662785382333,1000.0217228879474,281.95248650666286,102.63813332266889,1150.0279662718583,-229.7362047688653,192.8485177180496,1299.9519484802718,-52.13886682680864,-295.48260148390636,-749.8786882282816,272.93460289155104,99.31822580583415,-900.0096323614574,-198.9510732928186,167.05301096281843,-1049.971937658717,-34.33955018269191,-195.37363103555768,-300.0091283153271,281.8984551115802,102.6714893687411,0.08464734604171312,-229.78050417906428,192.8493675915399,300.02647887520965,-52.051091523844114,-295.4947133895463,750.0416217639746,281.86375333861815,102.51647119023167,899.9781916035046,-229.9251846286179,192.8196736303416,1050.1566747738098,-52.176874457012204,-295.4320128002009,-749.8975056807193,272.88333407832374,99.25804454323715,-900.007081456173,-198.9716306878769,167.00013806148328,-1049.9704296721723,-34.440904233324346,-195.38591528202554,-300.0464691643558,281.8673156426235,102.69162989555907,0.07888307266017801,-229.85761135840892,192.88489933571782,299.9664355949456,-52.077252193464396,-295.4958431953459,749.969727819909,281.91385004733445,102.50373259622336,899.8813184631701,-229.7974115670751,192.78492845443307,1050.04554666099,-52.06683068079913,-295.4379142426085
calibration_00049,-1350.0138473895167,622.9637310437932,186.87195782710762,-1500.0035865466814,150.96110013867695,254.50672637621665,-1650.0166218229267,315.5336389339079,-107.88460412280372,-299.97655466077566,-68.10219227577873,15.139321643584074,0.018087757682019544,-579.8305213271551,105.34323645451958,300.03067031360115,-402.097077239772,-382.9299433848106,1350.0175663088112,631.9401138093752,190.11127487480817,1500.005851103156,120.16842497813887,280.3216539929538,1649.960117946206,297.8496238001179,-208.0007475844786,-1000.0086813063399,272.98414666653673,99.34054188407346,-1149.97826058887,-199.00769928205239,166.95593191467634,-1299.9259203702566,-34.527088649916074,-195.41892682101476,-299.98658290147273,281.90108000451056,102.58515091845197,0.020787270989603392,-229.8170259317672,192.89110099857658,299.94264021482013,-52.072317869527495,-295.5023164838609,999.9708294217926,281.8629125298131,102.68142787424675,1149.9911001713217,-229.82694532238017,192.86186154938184,1300.0218562733935,-52.07052483461609,-295.39739182958516,-749.9523944479063,272.85361553788056,99.40724627889908,-899.9598123629135,-199.11905172388865,167.08467594707275,-1050.0320901708928,-34.50776914723542,-195.21510767008928,-300.01602908765614,281.88842618439236,102.50046153976186,-0.012439850676704643,-229.84227731267066,192.84857798260865,299.9056632321896,-52.10755345587757,-295.4815004869768,1000.033253214488,281.94297380247593,102.66110341652669,1149.9850941837622,-229.80308048540638,192.8552077565321,1300.1045997105584,-52.090963201004676,-295.3721571513208,-750.0074108735861,272.9627446924788,99.37930372948627,-899.965649801537,-199.08806793195876,167.13161552813358,-1050.0619662054053,-34.5254530749635,-195.19559416571056,-300.0709933114293,281.925771583868,102.56541929086733,0.02311877364070174,-229.81317490991015,192.76435896490167,299.97094867737013,-52.043251999033195,-295.40798237803745,749.8529575086243,281.98490471524855,102.51754223361876,899.9957316808444,-229.8057604945421,192.69309334021605,1049.947745950563,-52.14297107598945,-295.5893102702254,-749.911206368257,272.92563092048204,99.27285157663582,-900.0186676678795,-199.05876635237234,167.0040216892926,-1049.962205509007,-34.48214568958172,-195.34587455549953,-300.0765821375593,281.8836813725911,102.5998071370544,0.0814936624311534,-229.84568874981224,192.85375812203438,299.98770729434057,-52.10202258952637,-295.4398480088555,749.8472664346049,281.941053924694,102.6193934859742,900.0067577358336,-229.75067897127443,192.8065724557221,1049.9724520573739,-52.142279799286264,-295.38890578897207
calibration_00050,-1349.9923760553045,623.0181534913411,186.88647377130354,-1499.9829776951372,151.00248577594468,254.44851380886212,-1650.0142796337461,315.5734661065183,-107.96244189932459,-300.06884768009803,-68.088962754065,15.097637840876729,-0.009186945340210287,-579.8417786394172,105.29265538748221,299.9545138716493,-402.0598148276991,-383.0336313669582,1350.0361041388098,631.9141901222689,190.06043609710738,1499.959339346659,120.17527573763739,280.3487079615171,1650.0232384295118,297.97763198977157,-207.94981430889655,-999.9484700624054,272.8964106478636,99.34938625042905,-1150.0611872821405,-199.02460245644713,167.06170366772307,-1300.0558758202678,-34.533765409227634,-195.41259192564144,-299.96618135156535,281.8926702266966,102.64919904250003,0.015425026368602324,-229.7740948242957,192.8448788242874,300.0737841496017,-52.098953882337135,-295.4114828852243,999.8905043906533,281.840728753513,102.6241086916378,1149.962258365949,-229.8215216381451,192.90870698525936,1299.9744036382924,-52.1474530515856,-295.5163559872834,-749.94923155542,273.0190006182869,99.39402952194946,-899.9917158574779,-199.03599398989718,166.9803227370057,-1049.899381237035,-34.44690671889551,-195.4117587604262,-299.94201777173646,281.9328757618289,102.56129050879251,-0.012557685744584707,-229.80325842440388,192.8476495262878,300.0832346788879,-52.15264545988261,-295.36418648370875,1000.0006196658662,281.91044879815166,102.6111168384222,1150.0325681637992,-229.86929654043902,192.83618469102868,1299.904408298563,-52.07951373648885,-295.45368715595026,-749.9876269755257,273.033115501564,99.36933379450805,-900.0113049306707,-199.0502817421746,167.0358466352961,-1049.9356796036393,-34.4317987333585,-195.5284087485332,-299.96180552903235,281.84319351966633,102.57608671739827,-0.02499506670327659,-229.8772663977338,192.90089887682248,300.0385390707,-52.099499094580175,-295.33342557903535,749.9837950146177,281.81951690013636,102.77689697576922,899.9301950109002,-229.95955977534462,193.0883269513624,1050.1720888704565,-52.225536016591334,-295.31925655677827,-750.0166567848855,273.0347561070202,99.40023108248144,-899.9403682900546,-199.07078242710307,167.03810036504493,-1049.939877907432,-34.48163480556294,-195.46848027765955,-299.972021610696,281.9603902205665,102.56646469745851,0.026156760850242287,-229.80279594116786,192.8056465914113,300.0353211590803,-52.01588135667976,-295.472676157385,749.9338760572412,281.9547863125213,102.58919353540477,899.9875990644832,-229.8055840139019,192.86437815916537,1050.0474912739678,-52.07697138677138,-295.4685945346044
calibration_00051,-1350.0204339236652,622.9460919227589,186.89014511004888,-1499.9388913404102,150.99975556335693,254.50682016100794,-1649.961215465154,315.5343122040527,-107.93330872811003,-300.01604027518846,-68.12704042716099,15.115315498218166,-0.025692017223994362,-579.8233133452152,105.34411382801127,300.01775238054273,-402.0770107137693,-382.9674446494943,1350.008662040264,631.8966060391107,190.1271514175834,1500.0241072971874,120.19661066422697,280.3124013325547,1650.011694972828,297.9577455064682,-207.97842875343002,-999.985387735645,272.9540285531847,99.25722336777305,-1150.0658230907038,-199.00836925785796,167.01757311922205,-1300.0015091737407,-34.44706053254922,-195.4965119332594,-300.0351151740538,281.96533811916345,102.61484336131777,0.024282792903966066,-229.83919793951415,192.8354226157625,299.9721645620549,-52.11342827569643,-295.46035827042573,1000.0034088880078,281.93991150361217,102.66998257218744,1149.9571900665853,-229.79080900194288,192.85903573155989,1299.9760796500445,-52.14071169891548,-295.3153519479759,-750.0076128542069,273.01047947742836,99.43552732010352,-900.0315275758903,-199.07677401709992,167.0923834717685,-1050.0422297639968,-34.409189476152264,-195.26461513252247,-300.0025746799388,281.9320643111387,102.56923022786621,0.021510387907025696,-229.78060541491018,192.8415300694347,299.99733356126126,-52.07165353242407,-295.4437082931659,1000.0159174356436,281.8691930486754,102.62886358741554,1149.9546221781502,-229.81004771676754,192.8736736698951,1299.9402837072666,-52.11702725708497,-295.37164019212605,-750.0339926457681,272.9924656915881,99.58268721916862,-899.9861339902534,-199.04388984458967,167.04176323025789,-1050.0816718371416,-34.414871671877,-195.30356428216334,-299.96622307476343,281.96575349812827,102.6172703201119,0.1038266324574958,-229.78395704096184,192.86912944499093,299.9953705155384,-52.201648784328555,-295.40916038692166,750.0335457790857,281.96910065828786,102.54641427209205,899.9870603137234,-229.70022596344128,192.90235308442726,1049.9792319917067,-52.02833617994305,-295.41530219682124,-749.9356103934994,272.99606675502014,99.42717556443924,-900.0165987013905,-199.09106019532132,166.90401000603433,-1050.062731629849,-34.4093079480993,-195.39378989451052,-299.89222684053,281.8524963837591,102.52633450297856,0.0660425322885823,-229.84455601602963,192.77586949883846,300.0200775988492,-52.174568375076944,-295.4730343921489,750.0378049283462,281.9725161449223,102.61191596718378,900.0053522442034,-229.78498063589208,192.78882966407582,1050.0400468203359,-52.11469636663506,-295.38380608842056
calibration_00052,-1349.937757352504,622.9941215136043,186.89621523230676,-1500.0544788684872,150.94978883008142,254.51070700113573,-1650.0263031246946,315.5579050458313,-107.92969713573214,-300.00117725507226,-68.09447863208088,15.095429363675539,0.011643554065454103,-579.776940607474,105.32733808370816,299.9807093014207,-402.0700311616761,-382.9557616504615,1349.9895872831187,631.8992391052096,190.13577936918492,1499.9532432298188,120.16698749098263,280.37234039064765,1650.0243905140123,297.9222863752637,-207.89015683731674,-1000.0264916596128,272.90093749078,99.2808187198083,-1149.9303323247393,-199.0444664271729,167.00484563943064,-1299.9833844206366,-34.48483156509965,-195.37270937880191,-300.01025967022065,281.84923584340925,102.57211607622797,-0.03733594389348137,-229.83172427115795,192.80194238862418,299.9679970249129,-52.15837621576686,-295.3995290831834,1000.0241037343346,281.95831412005754,102.5127410444852,1150.0227096381977,-229.77351195398978,192.8026484564612,1300.0432734465414,-52.089808983987204,-295.4961818825309,-750.0695671264497,272.9538258392525,99.25215416151306,-900.060359084857,-198.9991196785321,166.95254333627676,-1049.964361062429,-34.536289172677776,-195.56550729607127,-299.99966678065306,281.91706153802915,102.54975336122821,-0.05413099816162651,-229.8541786622502,192.85270164435224,300.01617911132894,-52.141013928171034,-295.41483758713747,1000.0037347288579,281.91967452854914,102.60208874402817,1150.0769854473622,-229.74241011315638,192.8221144156053,1299.90819488961,-52.093973364580414,-295.5365174477197,-750.0255426218322,273.0216167048537,99.30610014997642,-900.0192335981811,-199.09899705976585,167.0090776193517,-1049.978028668831,-34.4142713117118,-195.49639366720683,-299.98698644860633,281.852922042958,102.56545907755974,-0.05517590281609676,-229.80775164932027,192.8487132994094,300.04271899058216,-52.081395210498535,-295.4362114626927,750.0495096111237,281.7381587033809,102.58787120962465,899.9084709220258,-229.86195247516585,192.97041922654077,1050.082178861817,-52.241741726762214,-295.30812015427,-750.0546504766259,272.93412183250376,99.42255384671525,-900.0003749365225,-199.1113322895641,166.97774447089475,-1050.0152488063825,-34.43894029698198,-195.3985266215966,-300.03921942956515,281.9116704122636,102.55307614457034,-0.02930984500062671,-229.8324429068271,192.75770960386174,299.941455295993,-52.06818510931889,-295.40995997942167,749.9835875353717,281.8756488726516,102.56879498760917,899.9673131674297,-229.81277304430546,192.8999186631654,1050.0678726060894,-52.03580252209509,-295.36876715392424
calibration_00053,-1350.0277051614476,622.9058559892671,186.88342873294278,-1499.934727013994,151.00992143122477,254.4686295732883,-1650.0004973100429,315.5048801997729,-107.85255393534298,-300.02436313395935,-68.05882942169343,15.113308565443969,0.01128675237107088,-579.8096122198692,105.38043578512485,299.99932968773055,-402.0362468741769,-382.93970118918395,1349.9998032899784,631.9283502196097,190.14211329437626,1499.9817911055054,120.15487414455295,280.3290687601305,1649.9852594125039,297.8684430036744,-207.97065197564663,-1000.0219351058117,272.99376827024497,99.30546152997508,-1150.0442308552933,-198.95683248984747,166.92847354382147,-1300.0004535157925,-34.44592710789664,-195.45144942285526,-299.96900455390266,281.8835614100101,102.63640267114513,0.0004746859752693122,-229.87144802519168,192.8510181536634,299.93774925264466,-52.068992038483046,-295.45986663055703,999.9930814919009,281.9282408878528,102.63817164575208,1150.0892663475443,-229.81362762225484,192.8392293240995,1299.989920994986,-52.022139498802765,-295.422465112896,-749.8648809882118,272.94930248354257,99.45527040056577,-900.0404414056134,-199.00427878758833,167.1053381726087,-1049.9570787962646,-34.47920292160082,-195.32126608276883,-299.970208266725,281.84493172360175,102.67458606379901,0.0484338365547654,-229.8506577666687,192.8032710820337,299.94741432148237,-52.078104001292594,-295.44910102530224,1000.0058802569753,281.9445529645105,102.66441551413394,1150.0936532078783,-229.7902684705903,192.8668546354783,1299.996414399952,-52.00642551193914,-295.4614890122731,-750.0064749785242,272.9298857858352,99.3720425499786,-900.0841009497767,-198.92312797196539,167.0867722357491,-1049.9753184727106,-34.518779962973824,-195.31800225946438,-299.93031067515,281.8587122015179,102.66700064362621,-0.018663597507443515,-229.938019492872,192.80975762946488,300.0533781646987,-52.07354088380315,-295.41586960712436,749.9363711959465,281.87899459435215,102.44948876953819,900.0227385083962,-229.84742363162522,192.69103255141712,1050.0043618955322,-52.127732920398536,-295.6354843769681,-749.9537229825537,272.9128737134039,99.29735743883722,-900.1082540813701,-199.0200848275553,167.0343297906827,-1049.9391511621216,-34.45846138004435,-195.4283124579824,-299.94017507474445,281.91536017670313,102.6134520618682,-0.006834897017650632,-229.85218744383067,192.93223384824228,300.06204702651877,-52.06938409610475,-295.30188279678265,749.9479521449153,282.0291689200751,102.63883008852812,899.9731177052424,-229.83704959564994,192.73210849668303,1050.0396141024366,-52.09387530979616,-295.44200039363153
calibration_00054,-1350.0084889569364,622.9485021053972,186.86662468914406,-1500.0219673254398,150.96474637728306,254.52897190723496,-1650.0185883666452,315.5315711989204,-107.88158054892388,-300.0268840495612,-68.10803908482943,15.067647538924762,-6.0668390829202974e-05,-579.8928423306867,105.33167153300674,300.0046670353086,-402.05539880137553,-382.9034834685603,1349.9484276417138,631.9482094131071,190.12138609715856,1499.9811195119787,120.17302103312895,280.2990988077565,1650.0152273737738,297.88791004721134,-207.90785769404405,-999.9257924205717,272.9531255998751,99.31826493703345,-1149.9619184212456,-199.03845830891734,166.97902342893752,-1299.9298872237823,-34.437252178179115,-195.40502324076874,-299.9979188374668,281.93447207255275,102.64729705971396,0.0034445713322952282,-229.73968811050503,192.8373835161622,299.9246633230815,-52.1336057433185,-295.45487548308006,1000.0718616956005,281.9212731936545,102.57525174161951,1149.9833566708533,-229.79122131577728,192.7753495941405,1300.0468112445037,-52.066829752502095,-295.4882872683564,-750.0750065799073,273.00883799826863,99.39436899131505,-899.9740245781055,-198.9702672538651,167.06028636733336,-1050.1242567947843,-34.47193588865035,-195.2230036072416,-299.983518919664,281.93671124244304,102.59101067803533,-0.026813676202975194,-229.80323341456685,192.8421523116729,299.88520247974014,-52.10148809938959,-295.5063666943968,1000.066219852365,281.85205003266805,102.61306480629524,1150.0035123084397,-229.83249242373856,192.8188496242916,1300.006371114671,-52.21894100338773,-295.46473539025783,-750.1186078667232,273.03151715087046,99.44521824792426,-899.9785547076502,-198.97745448628626,167.0648882236524,-1050.0791324096247,-34.46368336880117,-195.26995966145344,-300.02735443459824,281.9430320730737,102.58708205781363,0.017447465048931618,-229.75488580514738,192.85331172668236,299.8776999084359,-52.064977381083416,-295.54300277556206,749.9792264832456,281.8505581271867,102.48186935807423,899.9693775961595,-229.81121478827225,192.74002840310027,1049.926029389908,-52.16484361545352,-295.64348461627543,-750.0648672647999,273.0708795348091,99.46980851402594,-899.9515264275859,-199.0288603002036,166.92964511931734,-1050.070884687731,-34.51839854578871,-195.3669351490383,-299.93926018816984,281.95601232763653,102.62246734777378,0.06511631083657153,-229.85156309753498,192.90014470863477,300.02340760859045,-52.113950289805445,-295.43007226577237,750.0280639410768,281.83933278163795,102.62995627346156,900.0300711939567,-229.75421924655168,192.89459087794017,1050.0680149913228,-52.04865028996711,-295.54392275908907
calibration_00055,-1349.9976185487783,622.9797589966302,186.86153247697453,-1500.0138818707858,150.97870199578264,254.46258049326673,-1650.0299654156154,315.5588742660216,-107.89633132496061,-299.975096185666,-68.05686400268713,15.06259357550346,-0.012015821713108414,-579.8326329282746,105.39691117285868,299.98702950129706,-402.06470277502257,-382.9621853530354,1349.9796501492776,631.9262299003155,190.13308016647775,1500.0002817053671,120.18701097641491,280.30739941297566,1650.0105708644312,297.8742759346717,-207.9951044271841,-1000.0179574100698,272.9468791147189,99.37424129545441,-1150.0406462803367,-199.06102215547583,166.99092731040813,-1299.9855702567143,-34.52095202237885,-195.43302013092188,-300.03323945338155,281.8802006700216,102.59918094046374,0.01528679439992682,-229.84862204206374,192.81302226493202,300.03074866013066,-52.052253691344944,-295.38832092884184,999.9976733032656,281.9323235214833,102.61223585258597,1149.9859912009863,-229.83695182018462,192.83397734650893,1299.9038795163988,-52.062191198726545,-295.39755963566694,-750.1002582626502,272.95247351533476,99.29290239964868,-899.9408551925148,-199.10219952842203,166.89188440818938,-1049.8686133024219,-34.5595038112604,-195.51771650036488,-300.01724866638835,281.8960185959887,102.62001860654401,0.06266816380399057,-229.8253804492259,192.81676579109143,300.00290844207535,-52.067466480126264,-295.40548788704626,999.9999653249655,281.9535258203436,102.62964688692597,1150.0086601232506,-229.79079947930853,192.9195163623775,1299.949515841311,-52.019857012951505,-295.34596357389813,-749.9713158426222,272.98269242750916,99.2695899495881,-900.0129715001013,-199.1529123865981,166.89533358610194,-1049.828922509362,-34.543330061491496,-195.5660824057448,-300.0530488000728,281.89558320881395,102.56328483617273,0.05812592524206603,-229.78517569802335,192.8542423623024,300.04277593466526,-52.073125938037926,-295.4016499302907,749.9903733968151,281.88829740883034,102.58361051630737,900.0910225464756,-229.8037454891083,192.7825413050302,1050.0695522327617,-52.0407478971476,-295.39746077851447,-750.0378928258226,273.00609116010446,99.3857353834135,-900.0121421939899,-199.06186042982392,167.006883592001,-1049.8899575695534,-34.44351433639933,-195.46667696118945,-300.02855770954636,281.96462644656685,102.6733690412663,0.014571567164331476,-229.7866813517204,192.79324234423007,299.88958114346525,-52.11230510564061,-295.3695647508497,750.0237206526405,281.9537410247964,102.60761297337571,900.0149590971334,-229.74121385753625,192.71837608135627,1049.9540468206976,-52.067535519452655,-295.4752496629144
calibration_00056,-1349.9541988876172,622.9502622829384,186.78022070481455,-1500.0244204114522,150.9876358035145,254.49058892611018,-1650.0466092379197,315.5578989498669,-107.96098192817384,-300.0350487062768,-68.0878614778136,15.088265210281463,0.0007080016968571303,-579.8064935946161,105.3272781600046,299.99089254922364,-402.0679656169055,-382.9311513166626,1349.9675609290564,631.8631359860176,190.1469663912359,1499.9928143781185,120.17877326734735,280.3595131108526,1650.0232913707105,297.9348583376544,-207.9129631574627,-1000.032193491637,273.0068015076072,99.4222997942807,-1150.0251155143842,-199.02890949772151,166.98470886056086,-1299.9828350075657,-34.54810751283756,-195.40693501779637,-300.01748470929107,281.84456177444497,102.66825227364747,-0.022663359786793423,-229.84199611127255,192.8159096813838,300.00801170756483,-52.07845133238348,-295.46743396230266,1000.0175633239112,281.92157290611004,102.54694174753614,1150.1081365514472,-229.80385290030782,192.7624451447437,1299.975047459106,-52.17693639845005,-295.46878039351043,-750.0166800925415,272.92998273668184,99.46413831909899,-899.9573893562529,-199.10050623300594,167.01003814304894,-1049.9966940272707,-34.43884548251672,-195.43968043856628,-300.0582401440941,281.8928200883767,102.64512596965099,-0.018957958388469205,-229.86403292917512,192.79273854291512,300.03104099639165,-52.08360371157431,-295.49234748019325,1000.0147909493882,281.84080820363886,102.56581035721523,1150.0020879977121,-229.8280322637359,192.7907802308267,1300.0386340104644,-52.13353120301082,-295.46221058150735,-749.9382494738317,272.86894473987417,99.51747324139738,-900.024703455935,-199.16063860379847,167.00064539848515,-1049.9700519841317,-34.43725719613755,-195.37462838619135,-300.00084997277236,281.8892521072285,102.57429466563126,0.006915420073117873,-229.79164352987283,192.79555828225622,299.94490460524224,-52.06413710344691,-295.43614003836007,750.0017217574839,281.86583063947603,102.6025812615884,899.9641064040698,-229.7684802184983,192.8525120830794,1050.0001195093337,-52.064407472374064,-295.5177807458372,-749.9662450998732,272.9858068781246,99.38132746349817,-900.0278301691344,-199.13276860469153,167.00446731964118,-1049.9989640559272,-34.47008563252511,-195.38048749680908,-300.01852010945566,281.88504578503324,102.53919663530688,0.019265669307146422,-229.73818956427553,192.79228448029917,299.96285756565476,-52.107776218112846,-295.40425095749026,750.0129369718715,281.8752068424993,102.50353854673126,899.9158171041812,-229.7780464697886,192.90227843236616,1049.9335376820911,-52.14659987172202,-295.42461423396804
calibration_00057,-1349.988404307903,622.9711200324626,186.86358608617348,-1500.0276870604478,150.9979230812721,254.49140773620803,-1649.9957824100989,315.54505596812567,-107.97964776376094,-299.95763413312517,-68.01259581448417,15.072832372706637,0.006918037014001998,-579.7841011112364,105.30031947715888,299.99481556519413,-402.0706983590374,-382.92363215496005,1350.018496468791,631.9343493894851,190.11606869346747,1499.9801229429402,120.11896202439799,280.3711548009514,1649.9791775367587,297.9233429065562,-207.96400450072426,-999.9959219449449,272.9297043176459,99.35386731359364,-1149.9668566846515,-199.02217389943777,167.01541166028787,-1300.0505262007057,-34.56560698129855,-195.3560747001973,-300.01412801066914,281.8384900365979,102.5873699538415,-0.02444213420904559,-229.82589293869424,192.77673883055766,300.0131123731569,-52.11899080816898,-295.4800003551823,999.9592030461507,281.94833891718656,102.62065379683611,1150.0710326744918,-229.79383124467114,192.83372744661986,1300.0177320438825,-52.162781380594716,-295.4741354769442,-750.0690829151215,272.85564117951054,99.31292470302412,-900.059392584522,-199.0677413314836,166.81722222084593,-1049.9770769307497,-34.438837550090916,-195.55075535848786,-300.07736758319083,281.9073535874125,102.66040615454024,-0.07350713448517457,-229.89344625056145,192.86952241077526,299.9665819789018,-52.11599020941701,-295.49749033637625,999.9699203423677,281.9824539924955,102.65520228755305,1149.9855048485176,-229.79624557442244,192.80585744140674,1300.025212454317,-52.09394246843394,-295.4711275062729,-749.976650870223,272.890689850347,99.31773751739593,-899.9696315927456,-199.10783826266166,166.8876767020742,-1049.9710065564905,-34.448041405600065,-195.4638079084497,-300.10333583323376,281.855303141773,102.65066841715226,-0.045992911601192406,-229.9505021785345,192.84241768558857,299.9464398995325,-52.112547487316185,-295.5023817541123,749.9241588692144,281.87665761465473,102.56160978184788,899.9872300521497,-229.8803997670488,192.8750884562114,1049.9422948180309,-52.181852616757105,-295.49122269083836,-749.989947046593,272.9892951243122,99.29125948275275,-899.9955324269386,-199.0248401354151,166.97156860866215,-1049.9209156857605,-34.463346166360466,-195.41492364232158,-300.04918670010915,281.9541230337429,102.70213649999394,-0.019995304308742877,-229.96232930620036,192.89916232332942,300.00699298913065,-52.01830947322869,-295.5449913620426,749.9763563020113,281.92262399636155,102.61203873505787,900.0197574725058,-229.80976428971877,192.8680977512484,1049.8632358994946,-52.156748925342356,-295.4366658406303
calibration_00058,-1350.0657327463177,622.9685628826658,186.90234548067318,-1499.9995714197291,150.9329191454095,254.489969772121,-1649.989735239928,315.5384455455175,-107.9673942560987,-299.97191593017186,-68.13333106232687,15.144072639958399,0.07178577349105264,-579.8177087593248,105.30896656490262,299.9867741081893,-402.15740980250706,-382.9148078833832,1350.0270938909919,631.8838066313785,190.06931457327363,1500.008746126312,120.16653355848713,280.3434278936992,1650.0559896660177,297.889517974906,-207.95988483218167,-999.9220971358643,272.97259430391847,99.29744955231986,-1149.9700395219552,-198.9692952909505,167.08084238598093,-1300.0095428933055,-34.48849928034807,-195.42072372715853,-300.1120815373101,281.94520057335745,102.618655644419,-0.023382668231078332,-229.84494426890876,192.7817243179731,300.03003873179046,-52.096482249137,-295.46143524819456,999.9523752930338,281.9646672646441,102.66800510860332,1150.0267524063406,-229.8189354469884,192.82699297545082,1299.9619555663196,-52.056186389597826,-295.45030237694056,-750.0838412880211,272.91024238549863,99.28855570937284,-900.0525349765701,-199.05672756822605,166.8393224910368,-1050.0558803615754,-34.44716355038564,-195.55112121915113,-300.05557979789137,281.97007759381876,102.63026363397816,-0.014915168986327786,-229.81219766492885,192.79484153312163,300.00163851454295,-51.98324255986577,-295.50301538703144,999.9912561884912,281.92921486551705,102.64634200052659,1150.0376015381114,-229.80088649571198,192.89095530202928,1299.9863151500977,-52.076380837414845,-295.44957127663855,-750.1100212336239,272.9570410635695,99.34437314538405,-900.0713972040407,-199.10080449548448,166.8819497661607,-1050.0678067877898,-34.39789867109327,-195.47000501121084,-300.0830012644352,281.9861657604424,102.62390154791107,-0.006293849371669781,-229.77992877433573,192.76477203337726,299.9674924600897,-52.0230842252304,-295.451464784267,749.9257548455356,282.0059638961533,102.61230589891537,899.9591980056994,-229.78245551923683,192.8149170536657,1049.9660862194473,-52.034910664205256,-295.45212584373263,-750.0138346444908,272.8930874626441,99.30072703838651,-900.0508978126863,-199.01471774404268,166.95417726810007,-1050.0703561642897,-34.45662650150514,-195.4622199773378,-300.00424716713985,281.9523326949245,102.5974524672336,-0.02346301865821359,-229.8231066863181,192.84510564033107,300.06278742246906,-52.13705864745256,-295.36844077697174,749.9473871743879,281.9129164264127,102.64080201782924,900.0138576667586,-229.78085034008885,192.81007380229937,1050.0411893347743,-52.12585774855323,-295.4131596571237
calibration_00059,-1350.0013391886514,622.9343511950851,186.86377044364795,-1499.9752707864416,151.0092311684468,254.460578840745,-1649.9640543193032,315.598061110952,-107.9014892924916,-300.0076187523958,-68.03466209876967,15.138955056460548,0.010509852390820938,-579.7791067688772,105.32753515171082,299.96903605471334,-402.106445213017,-382.94083812312834,1350.0146684422214,631.8622133099769,190.0568798199063,1500.001214930372,120.14252278033999,280.3867512581257,1650.0404185522111,297.8622376522624,-207.98321139286716,-999.9797891666484,272.91560366476097,99.32654740068153,-1150.0199345764204,-199.07630234511754,167.01501759017688,-1300.0302885221815,-34.532857830953084,-195.38100334874997,-300.05620699716286,281.83489069325196,102.66946219390168,0.06213971409760767,-229.8803346993568,192.7843145215515,300.01116052781316,-52.14625427274651,-295.475512868055,999.96484945316,281.9407124314979,102.67458165699297,1149.929830347244,-229.8220079528778,192.87956953078356,1299.942452951704,-52.018673117580015,-295.42485218541117,-750.016129530129,272.82176952551924,99.41095814103625,-900.0027331194589,-199.14090268965256,167.02357525903835,-1049.999721099218,-34.577781415735274,-195.34494752423245,-299.9582152142459,281.8466132831452,102.62887903762477,0.05199853661154759,-229.8440680543904,192.85943368193594,299.9932817140534,-52.092614291299,-295.4300389566065,999.9539090596587,281.9878518394633,102.66693648531843,1149.944161099793,-229.68936262905945,192.80912844226458,1299.9922000126596,-52.0258143853675,-295.45922469865815,-750.0267410104166,272.81792729774133,99.43628384440616,-899.9565152185754,-199.175873226081,167.049246302973,-1049.9773064389392,-34.59054571564907,-195.3784544814765,-300.0209468048711,281.887310070095,102.57612900861027,0.04892867273705809,-229.92603961191634,192.80853068603167,300.0507677208113,-52.15344478385938,-295.4719590977625,750.0504338755463,281.8761602148234,102.58726721220124,900.0226898668025,-229.8153131011854,192.84999503886797,1050.0099639745215,-52.11500462040907,-295.44233006625836,-749.9717350429637,272.9914495210506,99.35885990150905,-900.0339905960772,-199.04797136650967,166.99653174670118,-1049.925714274902,-34.4701148685102,-195.41260286064843,-299.94535833020143,281.9432120209051,102.60889324594261,-0.03930009909465962,-229.72089588146787,192.83218418597914,300.0148403584448,-52.09849143754809,-295.43735056322254,750.0206973154185,281.92213980845946,102.64160538770682,900.0680121366236,-229.76985401071988,192.80543705963686,1050.072498885443,-52.08292427738474,-295.48307097055823
calibration_00060,-1350.008854230987,622.9428134612579,186.8411309289461,-1499.9764557514104,150.9710552453741,254.49045542732713,-1649.994365384822,315.5278576115744,-107.91578329495165,-299.98480983676546,-68.09571147592662,15.115838172836835,-0.04482410639594253,-579.8165785616101,105.36095842064954,299.97345916585084,-402.15031405424,-382.9712932791841,1350.0180518677187,631.8519658803209,190.12768746817721,1499.9783721795927,120.23431220881544,280.3812428617384,1650.0622545132255,297.923063489297,-207.93283374067283,-999.9576510868716,272.9187545054835,99.33186342828739,-1149.9451331543416,-198.99177706613534,166.9879115280103,-1299.999211408364,-34.43526416158881,-195.39555913724368,-300.02029544925455,281.84407622927876,102.6155291948129,0.051163620062436445,-229.738269220532,192.85378922506465,300.0643463876238,-52.04372785306477,-295.4649572067026,1000.0045072774458,281.9114574724527,102.59425721576356,1149.9791058210142,-229.70526214889216,192.81046475860845,1299.987491604691,-52.09492333735307,-295.4412520903039,-750.1371930012549,272.7985541015258,99.42310679122713,-899.8954661264714,-199.20769216515922,167.02337777748977,-1049.8797917528673,-34.70953544442114,-195.32942657770215,-300.00538774991696,281.8601979573781,102.69506305508442,0.009162634255093987,-229.7955000944396,192.83783103185456,300.03058355824,-52.0882062905813,-295.376947523834,1000.0005186911565,281.9777382592988,102.53145942552483,1150.0905576520581,-229.74695099956,192.74876502950056,1299.9233716731705,-52.106998228585724,-295.47597727494554,-750.0792278791423,272.7440044319483,99.3954946278185,-899.8977453219684,-199.14659848123517,167.03538485015525,-1049.9563303630196,-34.68212146523119,-195.3968957496197,-299.98893612543344,281.8345514789462,102.67080345482533,-0.0005200728259422693,-229.7454119211462,192.84046264581895,300.04625049192856,-52.04940862863072,-295.38665953344656,749.9423436785419,281.8328075199264,102.77544480170693,899.9511380774112,-229.8363632045438,192.93170444175624,1049.995535916206,-52.04175041578886,-295.356940367891,-750.0782979879799,272.9688737225688,99.29397037287372,-899.8686022314989,-198.97949359999836,167.02630439744644,-1049.967805525548,-34.540784911505355,-195.4111291897625,-299.94983693634464,281.9134348412597,102.5190795394257,-0.034397910781621445,-229.7279070025795,192.8164572743738,300.0198105724389,-52.03503309382462,-295.50501903145823,750.0374235168872,281.84758699554243,102.60844836997109,899.9461390782734,-229.8818312391056,192.7288464242533,1049.955858239412,-52.124777163170265,-295.4191575035444
calibration_00061,-1350.0481744387575,622.9687124601232,186.8587397908133,-1500.0116944508075,150.9621572314364,254.51400189679183,-1650.0136066193882,315.4977027380937,-107.88197815328371,-300.0070227315305,-68.05591061775554,15.071893051933158,-0.019225543605403773,-579.7733603972258,105.35436921071597,300.0403245794496,-402.1512105121759,-382.9405717635275,1349.9641948967997,631.8980003554643,190.12188582310094,1499.9859627695112,120.17770163881688,280.3520382277048,1650.0208482844494,297.89940577134024,-207.948183232002,-999.9782767391005,272.9424074295936,99.33960891347832,-1149.9828650201691,-199.01990596083945,166.98463035646682,-1300.0523075541225,-34.43321159357494,-195.43808168404374,-300.02154202730617,281.88917568995606,102.64923122196481,0.039857902293446254,-229.78887601411301,192.79320212388774,299.9695562109532,-52.04524665922867,-295.46530433598195,1000.0081569692384,281.8821616158197,102.5398427870426,1150.0698705458424,-229.80382608024007,192.82563177500947,1299.9454429508867,-52.10029568101608,-295.49939964714406,-750.0293816301127,272.9313328000331,99.43910796287652,-899.9401372117583,-199.1385307866565,167.11606214365386,-1049.9953739278196,-34.564162820125894,-195.3223811250516,-300.0207966842056,281.8813415224198,102.6621614969163,0.015194994085834208,-229.85791600903255,192.8584460714561,299.98396228738187,-52.06501321574085,-295.5197590682907,1000.0050598646006,281.94497784285244,102.46106291066742,1150.0138897803906,-229.81688502837056,192.80492482068212,1299.9940202460493,-52.05750850303389,-295.44751522201284,-750.053283645412,272.9919053994824,99.55740443123561,-899.9238332485977,-199.09995031546558,167.04479788007473,-1050.0328100323693,-34.543483116924016,-195.39643314492233,-299.98591314804776,281.86081011138714,102.65025851392224,-0.03026988412108331,-229.86713913318022,192.89226497722,299.9728804748934,-52.09571071857236,-295.4782706627088,750.0572772483981,281.94476416953745,102.51087853465211,899.9967861530927,-229.88224911809976,192.7870192040816,1049.929838246012,-52.05392601178477,-295.54585855663,-749.9763851737047,273.0336243248586,99.34769006573922,-899.9541339820025,-199.1149198406474,166.98822815387214,-1050.0102758455457,-34.472100040447046,-195.4972986481185,-299.997366451598,281.9071508948734,102.58532496681168,-0.02719181640743731,-229.82439630601348,192.8536158352512,299.99131895003075,-52.0451467961159,-295.4743781390903,750.0237082733155,281.98312064153146,102.49001630226644,900.018253088876,-229.77293600417767,192.8841392733102,1049.966731612098,-52.02980811043012,-295.4384558395969
calibration_00062,-1349.9865901358369,622.9500438800421,186.91706854493674,-1499.9970185243687,150.99206368218154,254.4715258830046,-1649.9973257834188,315.5317064353893,-107.90966014056306,-299.95953757919114,-68.11940498130286,15.067889746220814,-0.02477751827779748,-579.8060894236223,105.34861829542339,299.99843509324523,-402.08550960435207,-382.91519127888955,1349.9652290506922,631.9765752151923,190.13196191288864,1499.9526538893251,120.22965267912609,280.2942694066693,1649.974151157912,297.960505658448,-207.92119337939465,-999.9565601488931,273.0077161288954,99.29127451188928,-1150.0197563912388,-199.00673387945557,167.0573440313897,-1300.0602387443766,-34.49877679622735,-195.40453642523727,-300.03390570966303,281.8823168507627,102.64356575821137,0.023560109247347784,-229.8009854906923,192.8231099074282,299.90894536472365,-52.06706803812981,-295.4491104435966,1000.0343425596845,281.8150856191153,102.57303171486954,1150.0290059896201,-229.83571003848434,192.8051338482029,1299.9753068839057,-52.20353187265216,-295.3913665500645,-750.0521540032906,272.87993099392287,99.4451213096481,-899.997844463991,-199.14820799749265,167.06975100727342,-1050.019428865537,-34.535684608603255,-195.29642485839702,-300.0652349825171,281.89875871991916,102.62604061143402,0.0006739779340253459,-229.81995832300538,192.79905772196923,299.9397616663589,-52.04968648001124,-295.4939414604598,999.9861413816782,281.87509122088045,102.65738410736638,1150.0323168945224,-229.9059594385488,192.80033155014544,1299.9723107661691,-52.180706389150686,-295.4856058826569,-750.0621102222286,272.8884093836883,99.44765572980403,-900.0538213508156,-199.17523706956814,167.1017468607334,-1049.984079582194,-34.50904117248347,-195.28919819987334,-299.96506943683414,281.8357048717832,102.62142739321915,-0.007177480949804256,-229.83394819166853,192.78879140792665,299.89881233281375,-52.11748736970909,-295.4976294915077,749.977451099047,282.0045306544378,102.55996025203052,900.0223860196699,-229.66801058282223,192.72313589257374,1049.8989208671046,-51.95778438079723,-295.5628008066698,-749.9857737183847,272.94840637071263,99.32051657306332,-900.1035859736708,-199.0597524083504,167.00989790178681,-1050.038883662258,-34.5370789366981,-195.38037241235259,-299.92784813822897,281.9114828581411,102.62201543221757,0.033848544773772755,-229.7755621282801,192.80943189349077,300.0479352163006,-52.10343738192368,-295.41625852664913,749.9617631205595,281.8916115325427,102.63087673233538,899.9009729315264,-229.90982069367598,192.86616988691955,1049.9230886519135,-52.04970701853878,-295.4310870392576
calibration_00063,-1349.9761417392335,622.9976517740387,186.82754734285706,-1499.915701322466,150.99606770023192,254.5184503835242,-1649.9885119851722,315.5828076388486,-107.91966738035104,-300.0310564887091,-68.05879811238437,15.121162408581723,-0.04662253320066407,-579.8296699766557,105.2937889488037,299.99522731354654,-402.1039039626842,-382.9287291783845,1350.019574961199,631.9389550693921,190.11421280127112,1499.9402696001985,120.23083974410537,280.33238581804187,1650.0046742629238,297.9080175885137,-207.9222798492248,-1000.0992551281712,272.98118946499,99.3892520718302,-1150.0673971633014,-198.99521114791773,166.97331397610773,-1299.9861777930357,-34.4484641365412,-195.42233029503956,-299.9604985554017,281.96889113537645,102.53159857235002,0.13239628429458136,-229.85151285354328,192.83453035600604,300.0852929744842,-52.12041155546095,-295.4451048680821,999.9490654679357,281.8468275102948,102.57838116094162,1150.0868930474119,-229.81910454679198,192.82221346606087,1300.108246489392,-52.064772947741346,-295.4737667688334,-749.8956400522586,272.9218000717986,99.22447163664562,-899.8714992091785,-199.09499650595322,167.0741942778854,-1049.915042025228,-34.57888969628729,-195.39290088238474,-299.92203965780993,281.89651670952014,102.54896788067518,0.03194948304041078,-229.82982279046462,192.88787812161033,300.06604403283364,-52.06768173704122,-295.4249399338749,999.9318650808975,281.868408967423,102.60177710716555,1150.031715176177,-229.85296328480464,192.78374507306125,1300.0411658865748,-52.143011086287224,-295.44605571929185,-749.8722001471692,272.8683447024199,99.24691100097392,-899.9240845044317,-199.00685137737284,167.00157639439306,-1049.8651043147527,-34.49905348960832,-195.44589425151895,-299.9186003507934,281.9047257308909,102.62280574356903,0.05176968591017068,-229.83275532417585,192.80677182185403,299.99669017923327,-52.17561732371018,-295.4499394860259,749.9949657628206,281.889384501271,102.68894887002206,899.9881023841212,-229.78953877851507,192.90527026200627,1050.0780931494473,-52.05236378943376,-295.4253305472353,-749.9407778939778,272.9109362009829,99.23244140545418,-899.9174978295384,-199.04518464257552,167.07258457311306,-1049.9389567690325,-34.51613704685808,-195.41460340169402,-299.9291956696948,281.90710071297553,102.64561129650724,-0.015469596581502855,-229.77440174999205,192.81011263045482,299.8575322417469,-52.10333411755006,-295.5020713739044,750.0166613613779,281.8917301593567,102.63381780069612,899.9738662085564,-229.83568356670858,192.8855669273112,1049.9724650334792,-52.11603321831696,-295.5160761647682
calibration_00064,-1349.97775229115,622.9321428366162,186.82434474141397,-1500.0038917512752,150.98880080159057,254.52075393937295,-1649.987282295105,315.58111521942305,-107.90039923501072,-300.0162893454865,-68.06242522227731,15.158167929521209,-0.02166141384338116,-579.7983544047872,105.32081976410542,300.008078094054,-402.11891576571946,-382.9473642949294,1349.9650657269494,631.9673237579319,190.10825587778413,1499.9660085557064,120.16488123611626,280.3896460433255,1649.9255441262933,297.89596306271943,-207.8929265915266,-1000.0775130148116,272.95603265877116,99.41330085647671,-1149.9407425209172,-199.07920983708888,167.00253635329767,-1299.9769182133348,-34.490265125948945,-195.41226418939485,-299.98879919306614,281.8755672313776,102.56931417744981,0.02397029725732676,-229.77119998549784,192.7610530996115,299.9626784524692,-52.07865394436229,-295.4164516907996,1000.0005028111708,281.83574791415316,102.60318842327514,1149.9847505711973,-229.7690653561695,192.8317812755126,1299.982161311394,-52.109456335879074,-295.4404885592034,-750.0462864743222,272.8933616449878,99.29598191588869,-900.0352642057497,-199.00661863924302,166.92280837871562,-1050.0205068588696,-34.52731851743549,-195.3790320803455,-300.0394159301336,281.8067487267153,102.56111583348259,-0.02157381638219209,-229.73729165100224,192.81111037487915,299.9553253689596,-52.084933556410284,-295.4651097901494,1000.0467953187618,281.77274389398866,102.66373376010641,1150.060389987088,-229.724385210851,192.7932672365856,1300.033862413999,-52.073113218121115,-295.48962852840515,-750.0523757307097,272.87331941973764,99.2536884290781,-899.9702558505571,-199.02451960911247,166.939968112649,-1049.9908938169247,-34.57834164514355,-195.39494950361282,-300.0337702004879,281.8020625751182,102.59849202108947,-0.051966790649809746,-229.77607760477747,192.7950330408377,299.9239392606641,-52.0889118124519,-295.4112114033468,749.9834341678071,281.94072741741195,102.48755663808362,899.9050678756342,-229.61781745925867,192.80182960457824,1049.9889443409936,-52.04149667732714,-295.5247418215489,-749.9607711844608,272.9150057402377,99.34064611636519,-899.9422628796412,-199.00287990980192,166.945430502876,-1049.9816224778629,-34.43256722006194,-195.37235983790615,-300.0050861272698,281.8490765605165,102.67707009814374,-0.07070896309736359,-229.73588969036373,192.8061843907154,299.94216635342354,-52.025641422567126,-295.3983280234146,750.0427796449808,281.87171664096553,102.61140103948334,899.8990636642885,-229.76169718523087,192.845054814921,1050.0021935699062,-52.02219132748644,-295.44902563497806
calibration_00065,-1350.0005928542907,622.9519343815895,186.83659042530005,-1500.0340675658758,150.98893905771533,254.50672563243518,-1649.9885242248529,315.54303789923597,-107.9855554884694,-300.0185752239577,-68.04629433255883,15.110789118467585,-0.024168325421472157,-579.8673994935524,105.33410003195998,300.03324677497517,-402.12500212699234,-382.930352798296,1350.0034398652722,631.8929472493935,190.08121980421683,1499.9809792650638,120.18661455676224,280.36604201209025,1649.9625810673267,297.94051928047026,-207.96456468419402,-1000.0418745381196,273.00215702419274,99.35008110641424,-1149.9953979771346,-198.99965318332022,167.00761120123883,-1299.9891402787982,-34.5176406871103,-195.3898219250398,-300.0613893708776,281.95381151265155,102.60548665790893,0.00962315216300462,-229.7649512178418,192.8518588343876,299.9545345819447,-52.01072579040096,-295.48344464625524,1000.0346969798271,281.85177859725337,102.64183100427786,1150.0012209152462,-229.8111126106009,192.86904457943072,1300.0344127452945,-52.08594107299494,-295.4320795077419,-749.994673213331,272.9143026333068,99.39549764394309,-899.9794635044859,-199.131685380088,167.0368407036488,-1049.9926537898689,-34.599487913300436,-195.29247072775922,-300.01496712632104,281.9479101326614,102.61611093519913,0.030224855569236417,-229.82569939740392,192.87350166864584,299.8769142748109,-52.10225935827151,-295.47292613141303,1000.07554546877,281.8692496537544,102.63183886225336,1149.9420619483515,-229.76650838638645,192.78002622486792,1300.0798736302208,-52.109732534151405,-295.4641280551895,-750.0603708594682,272.9192107854445,99.39524612944697,-900.0266412226634,-199.11081346253314,167.0355065235774,-1050.0564510065842,-34.528088465531994,-195.28657054335062,-300.01769310807737,281.84654335179596,102.6123558643143,0.0671839278026393,-229.8044709010588,192.8623735008039,299.90647644359854,-52.056080182654476,-295.4693912566542,749.9075225744266,281.87699261393016,102.47583102282032,900.0208874153572,-229.69642473444043,192.67047884159803,1049.8953954760152,-52.16392507959822,-295.6298825423077,-749.9700094665056,272.98453456093205,99.32365327183474,-900.014403858657,-199.08177461303328,166.94969673815376,-1050.0659908403875,-34.40727105574507,-195.3438348547695,-299.9122136671144,281.96366869730144,102.66708662631873,0.06117842613318717,-229.7631101907187,192.88618155812844,300.0218539878763,-52.057893102302984,-295.35967714813694,749.9990485754315,281.82398367934576,102.6293512070447,900.0099138119363,-229.77123289167866,192.8192045823723,1049.9960322639984,-52.12637592329864,-295.41611555100496
calibration_00066,-1350.0412912250124,622.9499117835938,186.84110004561697,-1499.9978330812887,151.0077102598271,254.51739820046333,-1649.9903311729768,315.5052933609791,-107.88976294935038,-299.95645082105347,-68.1070179270976,15.120821262366558,-0.023363194011154498,-579.76350748422,105.31487618449528,300.03124389223706,-402.17488191586534,-382.92849831810776,1349.9621551673195,631.9509941680573,190.1079155604592,1499.9777915561754,120.16537285268694,280.35432417012515,1650.0181109678751,297.9488714486735,-207.9629329891609,-1000.0470812865353,272.9877515525903,99.3841661866716,-1150.0212016202058,-199.02526462481836,166.98319433144474,-1299.966359796869,-34.394455815862,-195.43197972416405,-300.05108077136504,281.8292081379314,102.6064387828692,0.01013260868598614,-229.83386118345996,192.8116095943687,299.95822374350666,-51.99974227749728,-295.47047526962314,999.9813064941867,281.88197372382024,102.63344071642327,1150.0266261271424,-229.8448006516071,192.8182766416783,1300.0029951390884,-52.14565094227267,-295.3993516340349,-750.072323848706,272.82992866445164,99.34597957053383,-900.0058005145797,-199.1685989017362,166.98282002168733,-1050.0599772021353,-34.61796686413106,-195.42993681106134,-300.06900610781867,281.9075410347383,102.64083154417936,0.016464201291719775,-229.83612007923625,192.84479810604827,299.94661103879815,-52.03768617992379,-295.4769474542323,999.9723839320302,281.88363406521967,102.60442799745569,1150.0713817039382,-229.79101589282027,192.88187963268712,1300.051670144969,-52.159761827721944,-295.4046320029253,-750.0917767461904,272.7832667244328,99.37503664046257,-899.9871080007508,-199.2715928822562,166.94089685029041,-1050.0618810126534,-34.58692737219723,-195.4343769011768,-300.155259857844,281.87454821424984,102.64277621524533,-0.004362971382652944,-229.8603695229363,192.8509205706766,299.9045107822369,-52.054315500251505,-295.370310198311,749.9808761273443,282.0121526065725,102.60512478119725,899.9714809173078,-229.70316288332532,192.66940198899908,1049.8897520318014,-51.954752455738294,-295.58502706606,-749.9323372246133,272.9005199240657,99.24889516221954,-899.9937336756868,-198.9823512644738,166.87845061685235,-1050.0008619597008,-34.42037478802531,-195.41133401794488,-299.95471794471615,281.8957002440614,102.64906362697666,-0.002525360432989232,-229.8108333547258,192.83156514107054,299.95605943973715,-52.15970289384398,-295.3982609614273,749.9918305678037,281.9417148912095,102.6517324286092,899.9742669525618,-229.78582110011564,192.72387298242975,1049.9934597215877,-52.150070485394416,-295.5793698083516
calibration_00067,-1350.062828568041,622.9571552594547,186.83801108221746,-1500.011642877383,150.98501605087472,254.47280214745174,-1649.9973781818646,315.5475800829875,-107.90212616490919,-299.95366579381,-68.08780099782767,15.082641519890206,-0.020935320295350574,-579.792954885586,105.34651871974654,299.9950918571443,-402.1039928402392,-382.9706619919122,1350.0004734899137,631.8913306708919,190.10473390241026,1499.9926766218664,120.18060149639186,280.3363196571464,1649.9847122469191,297.90999518866914,-207.92869365127302,-999.9693254579826,272.8917530575021,99.37780851246788,-1150.038199268756,-199.04885522792063,166.97410892665573,-1299.9975047361029,-34.52479143625104,-195.42053010974206,-299.9922520084454,281.89710340018485,102.60443728968785,0.010749986949552641,-229.79079597479458,192.828269807175,299.9869076829107,-52.06750449860035,-295.4152660034766,1000.0250532992007,281.90698235431415,102.5873959250835,1149.9516564521991,-229.78636251218836,192.87361712870492,1300.0353329480854,-52.1004961041314,-295.4220883604979,-749.9839230756987,273.0035840849489,99.3557195781947,-899.9356710158905,-199.0222452897645,166.9601970605838,-1050.0096925683968,-34.42582380993528,-195.4526823131602,-300.06723819796485,281.84689112420654,102.58088367809138,-0.00824245264623654,-229.85806394199537,192.78509578854784,299.9768664030326,-52.092265260302256,-295.3941204905222,999.9899419675762,281.89955784471874,102.62581593409882,1150.0906558106612,-229.82098097284643,192.77187407612539,1299.9421912058242,-52.05474937621157,-295.44342870478914,-750.0612360759071,272.9066655383143,99.33333131123933,-899.9565354794897,-199.02038690735387,166.99185135700822,-1049.9349466737178,-34.468124361211004,-195.42477055923726,-300.0767173162106,281.88498961093654,102.6434884699909,0.028031208313082975,-229.86752246481979,192.86428815657453,300.0166191862697,-52.072608858723434,-295.43871817505016,749.9217499473049,281.9315009663551,102.62654034100846,899.8974359031498,-229.7810451243132,192.93533204221393,1050.04946734808,-52.06370137269167,-295.2639472708991,-749.993303707721,272.9776865013623,99.31841827196143,-899.9804471312334,-198.97099147340535,167.02345564491128,-1050.0238173499858,-34.4310805855653,-195.41333248293978,-300.0023812500607,281.870994053812,102.5663567041508,0.07597075807357977,-229.84303222125544,192.7478564533216,299.9751867951852,-52.055673570645105,-295.44230898795723,749.9854462502412,281.9092686471467,102.59708265227043,899.9088053128289,-229.82652567776765,192.82426481307755,1050.003392037557,-52.09264584684877,-295.371102900881
calibration_00068,-1350.0212865214387,622.9886637558766,186.80020988513684,-1499.9956417521812,150.9847456084968,254.55265345734676,-1650.0167451120362,315.54970366490625,-107.87746870385224,-299.9731193844954,-68.07338641800635,15.04931762506915,0.0007233198756678056,-579.8025429373783,105.32785996436927,299.9508506248258,-402.08630148613184,-382.9184137015493,1349.982196264168,631.9148725424278,190.12051666055407,1500.0327186141717,120.17685481737132,280.3638355509527,1650.026652147403,297.92187296795237,-207.9470417287279,-999.981449879633,272.88111699949565,99.38938856138708,-1150.0060344711883,-199.05610400148313,166.98057475101598,-1299.9438523144393,-34.42948319335674,-195.51162609329938,-300.03349511372625,281.86204532267186,102.60189953113478,-0.03690857513155206,-229.8523263040078,192.86271099683674,299.97662687877374,-52.11047140694287,-295.4146255403483,1000.0295927349043,281.90996917881,102.56735580093672,1149.9977273212558,-229.77947203690812,192.86816420947423,1299.9610979600718,-52.08556941608855,-295.41297994978953,-750.060164476408,272.8590760435549,99.31288837050796,-900.0303971280623,-199.08965295661486,167.02519909245314,-1050.0431319844206,-34.584211152387624,-195.4327397702939,-300.05399203510143,281.8452743330773,102.55216868601241,0.028522088293704312,-229.87533474893726,192.80657700850978,299.97092036106307,-52.035539703959365,-295.4201843282055,1000.0114454406378,281.9900858053394,102.57147486959762,1149.9971780409796,-229.7761600003361,192.831335057427,1299.9887208613723,-52.10862133297004,-295.38152912046803,-750.0967331511122,272.9200774552358,99.36564360261086,-900.0948035686911,-199.0313828246778,166.9694258258944,-1050.0220760016641,-34.55701351911819,-195.39487433316648,-300.01013321769614,281.852659923743,102.58391753085836,0.03726543239923717,-229.86742476106883,192.8925951212117,300.0002628101976,-52.10749702526584,-295.4815987968913,749.8910394496651,281.9332865109778,102.59664720928413,900.0120489570523,-229.6967270586353,192.87521750685053,1049.9800308090537,-51.87967436821111,-295.2699584412021,-750.0812677702806,272.9739962245111,99.39575858452216,-900.0069269020432,-198.91560603924847,166.90775135335414,-1049.9520396038426,-34.3821663435567,-195.44697174068048,-299.9669690088715,281.86782809424017,102.57947763147709,0.08247793897666336,-229.83259527547295,192.8886614464001,300.03653861477517,-52.174053333663316,-295.4347383039176,749.9623573513792,281.89112013570127,102.56637651635286,900.0403508682991,-229.7810180942973,192.808166059598,1049.9421845515126,-52.02380981340353,-295.4070512253323
calibration_00069,-1350.059041865552,622.9116364847392,186.84572253947573,-1499.9825447686292,150.9611232630398,254.55489879685925,-1650.0559501574216,315.518159169162,-107.89296507886357,-300.03974680387205,-68.10913679123523,15.068921739501167,-0.004904843947704029,-579.8389341625086,105.37011810467963,299.9818584767185,-402.1122453433285,-382.9422230675053,1349.9565243634058,631.94959803523,190.11962400700696,1499.9437653443338,120.15117697414495,280.3498906655497,1650.008407010771,297.8884312217558,-207.94522547329038,-999.9203391630407,272.9489635458852,99.30542009283754,-1149.9749543819805,-199.03156930858393,166.9677957644171,-1299.9690035191916,-34.418978403128705,-195.46483787519927,-299.9240376830986,281.930273583631,102.61537408965812,0.04748218178157568,-229.8039524428828,192.82466405203985,299.99968540789473,-52.0678970664435,-295.45777488755976,999.9894715912503,281.90043052537237,102.59475254844172,1150.0770032193186,-229.74950914623548,192.84345671771152,1300.0130028765068,-52.049128974376586,-295.4951189999099,-749.9236109024771,273.06069565960155,99.43388632412513,-899.9945026313883,-198.99800114793442,167.02627086237322,-1050.0037946311506,-34.284621821946914,-195.36790359173884,-299.99366821478196,281.86739635790644,102.63635609503382,-0.019847055320694144,-229.72451919072137,192.828467600276,299.9732142407709,-52.05741370714114,-295.39773041555384,1000.0285553130875,281.977565007668,102.5855621774282,1150.054914574956,-229.82947814432904,192.8343185206082,1299.9691110713009,-52.063501748495,-295.5039407515762,-749.9252202148471,273.0034332732854,99.41679577585428,-900.0306643845295,-198.91565027278904,167.0482958295486,-1050.0276199494872,-34.361085937947756,-195.3261778270461,-300.0199951560906,281.9471554792785,102.61793143017996,0.01666171156369002,-229.7542304243685,192.8977308428606,300.00312289474306,-51.98314616856935,-295.3839380325407,749.942372453805,281.96936419309526,102.64155549068651,900.0093682828142,-229.74848212867602,192.87006628717327,1049.9884786200837,-52.0253248111855,-295.4766259950995,-749.926801440687,272.99822658700236,99.38411284286455,-900.023618535582,-198.96870027043647,167.02842288954267,-1049.9031572081522,-34.38631333760085,-195.3867566142389,-300.01370617559473,281.7967213294663,102.58123675417798,0.027535557985438344,-229.8551288718713,192.84038606071582,299.98420329926284,-52.11763511202566,-295.4825676638085,749.8890449280563,281.9361945155051,102.65967540902862,900.0513094753837,-229.84307735428027,192.95704541963744,1050.0139330239629,-52.08157756946912,-295.4774701182926
calibration_00070,-1350.036509193586,622.9604792590367,186.87863117867863,-1500.0045884138558,150.97915419395363,254.50095488569792,-1650.0117807990985,315.5278712921704,-107.94682543324713,-299.98757742248097,-68.06879406454482,15.13167297740218,-0.01854671280637567,-579.8237296032942,105.3857652319745,300.02553786463403,-402.070500597774,-382.91529126645815,1350.014595379045,631.9029075037523,190.1135390470805,1499.9965801437286,120.22131094345393,280.2781390507225,1650.019023300273,297.8794740185604,-207.9629757957349,-999.9858888443125,272.9394564185623,99.36201736898464,-1150.0061071486173,-198.99791059849446,167.0090094042773,-1299.9450859830868,-34.44137271284184,-195.42295527961258,-300.0499953749327,281.9090633005316,102.58039801616644,-0.012828071049158347,-229.8061829539619,192.83588224117943,299.9698480432291,-52.13860692015708,-295.4837523489127,999.960531926466,281.85456758505956,102.57238725793691,1149.9902485838256,-229.7958098452768,192.89935038188602,1300.0319768111312,-52.12569440851199,-295.3674183329428,-750.0667940731639,272.9108548227688,99.32538468040183,-900.0558835235327,-198.98056601188145,167.01613576805647,-1050.099153428699,-34.46322208553162,-195.40092355443412,-300.03577783094505,281.96400855731116,102.59326897096405,-0.05634244464228841,-229.82757033090323,192.82529803175768,299.9272766930936,-52.130867987749454,-295.4794605377787,1000.0213693306158,281.8062029738338,102.59913140516396,1149.9931307377944,-229.77557936492158,192.86069085851005,1299.9772651536764,-52.05856681405056,-295.4301417194406,-750.0171497359855,272.9002758161958,99.30251277036017,-899.9698449380506,-199.0228663917134,167.0333708960276,-1050.0757757416059,-34.562662037471995,-195.3574775368741,-300.0533004699265,281.88593641796797,102.50415664252273,-0.052634980014270416,-229.8339967693876,192.89620054450162,299.9404248725903,-52.04858169166478,-295.487302230489,749.9559769133226,281.7970737678602,102.47439939874182,899.9268057126588,-229.79696026449537,192.7628035909113,1049.9652994270423,-52.220282327585466,-295.45168255531934,-750.0335505470447,272.9612579790845,99.33602681282287,-899.9701383060282,-198.99179284043507,167.0017680960207,-1050.036438090122,-34.46663411135193,-195.45844745032602,-300.09031401123116,281.87892957955086,102.58677302641274,-0.003843845332645257,-229.87140552503706,192.84603487471202,300.0344148609314,-51.977381316976256,-295.4356161576886,749.9774763482814,281.8226785148463,102.6413831196696,899.9487794959075,-229.77818778622654,192.82840410113587,1050.0056263381546,-52.08286367368567,-295.2920473395683
calibration_00071,-1349.9587185990308,622.9781588497643,186.8075779408999,-1500.0039468464227,151.0777488720376,254.4903407452199,-1649.996568786756,315.5368487752557,-107.9054918482609,-300.0300345667804,-68.11293611191007,15.142915962608452,-0.024764357901038266,-579.8158875726964,105.37093859530623,300.0111763987023,-402.1263900327711,-382.88847996868935,1350.0288187587705,631.9257483560457,190.12640999005836,1500.03433589447,120.14945563954291,280.3101494500104,1650.0229804182395,297.87637117131516,-207.93306197634254,-1000.0214009182297,272.937408644159,99.38309086249886,-1149.961560746899,-199.0866089591046,166.99268729595977,-1300.0141911613948,-34.51672164198871,-195.3653140732494,-299.98431845014375,281.8558283548662,102.57548293731534,0.059585136729676386,-229.75664376650775,192.74159046928057,299.9626735808416,-52.0984654453865,-295.5371960742512,999.8450119841145,281.9684499403783,102.56350855090878,1149.9791132262826,-229.75898918184274,192.82687955000222,1299.9477024263992,-52.01618761219136,-295.48410285560163,-749.9916601008,272.8880429388608,99.41938459472617,-900.017562514307,-199.0627398977856,167.08217793063474,-1049.9957080545016,-34.516528577698,-195.30393093103592,-299.96884290465425,281.92040308190957,102.58208842009739,0.01680088050636937,-229.79458156702034,192.74752451056108,300.0752301352462,-52.04086306873894,-295.54351962777423,999.8884873642062,281.94419472537163,102.54362063885021,1150.0471927072645,-229.71369080004092,192.84657668108457,1299.9439059595447,-52.05260380794865,-295.450904199298,-750.0385329162016,272.90158140003064,99.35449385148925,-900.0293830352945,-199.05404602074782,167.11839612461117,-1049.9646779062393,-34.55174583019715,-195.38147363981795,-300.0105373590692,281.8904673301701,102.59711549313865,-0.021254996623272498,-229.76900495555148,192.8238833475905,299.9770545120794,-52.0371768424061,-295.5294785817675,750.056384831115,281.86622889854993,102.66497764226088,900.0284519525746,-229.8539140374886,192.7667682448917,1050.0439782888504,-52.067807891701335,-295.4326324092415,-750.016531038463,272.9159370499366,99.32665143329385,-900.0829267673943,-199.01424000873644,167.0635874924985,-1049.996778130763,-34.42398527623246,-195.36928003495223,-300.0087686935382,281.88487034327096,102.56846207350667,-0.036198934193690024,-229.78554437755614,192.79643327139888,300.04070678840776,-52.05138041369022,-295.49061833877715,750.0920732813539,281.89026485361484,102.61221737376322,900.0031289428865,-229.89795470912324,192.80859949631608,1050.0737794458178,-52.02349846445607,-295.4566549046256
calibration_00072,-1350.0571550505147,622.904698652602,186.84460827662764,-1500.016470728754,151.0052835277725,254.51592208886967,-1649.9829631509065,315.61235234437595,-107.95701339049832,-299.9828120678775,-68.06652534762037,15.062950783260554,0.053917631500288665,-579.8007013474883,105.39031495525707,300.005819619309,-402.1341239410407,-382.981420426096,1350.014064694888,631.9199586440851,190.08564896536316,1500.052911250227,120.1625812792417,280.32671008818335,1650.0037933927326,297.8872296083284,-207.9191768575288,-999.9442618455612,272.94804342625315,99.2945504029192,-1149.9318528057458,-198.98557093044153,167.090277713089,-1300.0009641152626,-34.45449533163293,-195.340583722656,-299.99458534096874,281.89055621315106,102.63099813415725,-0.02293827401181383,-229.85958612055728,192.76733797032477,300.03039073670124,-52.01392612062629,-295.422911677013,999.9699673872676,281.9365486888053,102.64181547899754,1149.9224784498408,-229.8151529740896,192.87778362628922,1300.0456705540746,-52.08006545855536,-295.4469852854461,-750.0108152295372,272.99030414335374,99.36848451718375,-899.9920170941223,-199.10886013651017,166.71803840129485,-1049.9548884623318,-34.4322767405254,-195.56421003721576,-299.9895466321958,281.8699198539713,102.6064481957333,-0.1230160863506044,-229.90255184124777,192.7899693625348,299.97831694600535,-52.07757827482315,-295.3546056559237,999.9585849097468,281.9451506544448,102.59943260362513,1149.960975093961,-229.83016555477346,192.7622762841212,1300.0647986568133,-52.163703748822485,-295.4222980644042,-749.9863749444618,272.9260195326394,99.30272589204878,-899.9733527650973,-199.10868967235243,166.7844352080321,-1049.9761674548658,-34.40704421958668,-195.54345768509327,-300.022471268673,281.8964365106516,102.61240284363689,-0.047398921217973934,-229.8735603011814,192.7570418584849,300.0879487465212,-52.043711164922165,-295.41276147549127,749.936817403441,281.7638930436017,102.90686383224354,899.912333323708,-230.03209292362078,192.9647233382119,1049.9249063178186,-52.17933336611029,-295.1778303268799,-750.0229698378495,272.95838513353164,99.37213596943633,-899.9807394159731,-199.0564029848873,166.95354397768062,-1050.0603798980555,-34.49975283723282,-195.34101740994927,-299.96012147666715,281.9566487311023,102.53177863179535,-0.06422161489812717,-229.78452120139045,192.85617909758525,299.930022329339,-51.99921185501861,-295.45555217310834,749.9406944854413,281.90371876178875,102.6674786921422,899.9676812350114,-229.89065439600105,192.8062476856541,1049.9394829471435,-52.140076907315645,-295.40473311151834
calibration_00073,-1350.033095136828,622.9301145125485,186.83456910015317,-1500.0539869662657,150.9918795358605,254.48541216803645,-1649.9540278005284,315.5498633553471,-107.93220620904097,-300.0099046184663,-68.09131120749691,15.094610050649036,0.02332633561603715,-579.8369504302492,105.33791119313153,300.00433245273524,-402.1114213747181,-382.9614394135884,1349.9710298369437,631.858522411106,190.14104980758913,1500.004106612695,120.21468129526396,280.3614988151705,1650.0132241526305,297.90434976571504,-207.94868337376602,-999.9388277540954,273.0310878529092,99.34953058818944,-1149.9580847009797,-199.02545456809125,166.96230651852068,-1300.0390620430646,-34.41807953734272,-195.37121771437685,-300.00371848799523,281.9173716493963,102.62040166578282,-0.065117627048532,-229.81399851595964,192.91543480849705,300.03183109694123,-52.111599371998054,-295.41064703462825,1000.0102740913909,281.9480334417083,102.52188895082733,1149.929585279416,-229.79389976767695,192.80212599238808,1299.9187914003508,-52.08568549845373,-295.533815530142,-750.0293415799667,272.969901080659,99.380390843589,-900.0216009678013,-198.97137208194303,166.9722948688899,-1049.9394784056806,-34.516205842946825,-195.43820895725838,-300.07384089224473,281.9163564024561,102.58751017616268,-0.03425769815985333,-229.8069930096332,192.8290603077784,300.04578979678024,-52.0897431001942,-295.3718557138452,1000.0589052755764,281.94715932996974,102.61421470604745,1149.9097897689794,-229.8027070993015,192.76855574559454,1299.9465449374957,-52.11991846552769,-295.47031893684687,-750.0145919879023,273.01837568660744,99.35817597346171,-899.9771755881172,-198.9593681578795,167.05934409469506,-1050.0014087746126,-34.397507774318974,-195.39693549765403,-300.11212846572374,281.96159328368583,102.55913522172803,0.022103658506472296,-229.83212195980747,192.8550959991479,300.02761124997375,-52.062844487251574,-295.3994604198823,749.9325851989709,281.8725618599494,102.77467532444089,899.9982841696864,-229.71326922099988,192.98329410858872,1050.1207677189907,-52.06884649909099,-295.23945211381834,-750.0854494779833,272.90054820189096,99.39320381055244,-899.951554526609,-198.9731118410275,167.0007055066752,-1050.033126245046,-34.46973205746765,-195.3421772212464,-299.97940262511105,281.8709691159083,102.56008977041964,-0.023621772989611454,-229.86122405791676,192.7911708872385,300.05186285568004,-52.150064072577955,-295.5049613912284,749.9417123011766,281.8836438406221,102.63157447769913,899.9932253748896,-229.76512375202392,192.8284268091057,1050.0893845325586,-52.060350551855066,-295.3787926152422
calibration_00074,-1349.9926256975102,622.93917067119,186.83308215697454,-1499.9526484927023,150.9962404472289,254.5165898010709,-1650.020474686097,315.52511843324305,-107.9441976767657,-300.03394691027347,-68.03208604494434,15.128142773689989,0.048686669393939716,-579.8360397596391,105.31543870786157,300.00303835267306,-402.1396320690397,-382.95177106825395,1349.957411128413,631.9116245365962,190.08267297428097,1500.0143423604322,120.18695204280789,280.4068516506031,1649.9894980106108,297.9287681880456,-207.9445570538436,-1000.0436897647576,272.98800978032153,99.32377179816946,-1150.027475855506,-199.07215784688069,166.99460815688784,-1299.9812143212055,-34.441917489541396,-195.45965460334102,-299.9692316920509,281.9113800787325,102.59921555684768,-0.039955444135933355,-229.7528300927496,192.907156949625,300.0647526415584,-52.12792463962152,-295.4272067465659,1000.0292712511595,281.9268072355486,102.62420494033631,1149.9641245222313,-229.9095957540724,192.74959577523765,1300.0487777651838,-52.103370787609954,-295.42594635341726,-749.9512769798339,273.0485254232707,99.31597493548756,-900.0157930001046,-198.9983657534968,167.01110514924625,-1049.956535076455,-34.40029807669925,-195.40458518033856,-300.0189104614357,281.839204089659,102.58875351678451,-0.040444105237546754,-229.8025918101319,192.8457990469378,300.00379357604567,-52.02744723511969,-295.38577746444827,1000.0028348923637,281.90269994029734,102.63689729087005,1149.9701426746033,-229.8064035259938,192.8697051050828,1300.0218352967868,-52.117462047168914,-295.41482449096804,-749.9189611892564,272.99591869402497,99.29131245168652,-900.0176364054784,-199.02410308468066,167.04873385097488,-1049.963843196657,-34.435819238760004,-195.4195751206465,-300.0314661114101,281.8740811125086,102.57743970865774,-0.0015708881114090273,-229.7693928404167,192.8269341644107,299.99787599093736,-52.07783309438902,-295.3729000800878,749.901704077951,281.9833507106018,102.73235578830058,900.0039814333427,-229.7466325919034,192.89605209095217,1050.0217753637717,-51.91585655059626,-295.3519488481649,-749.8870803985371,273.0461612475154,99.28381702268884,-899.9778729980893,-199.0122470339344,167.09723466094164,-1049.9737976054323,-34.38874552464784,-195.34099128202575,-300.01573700255875,281.8611164656097,102.57098067036458,-0.011548652615470882,-229.8387518056456,192.82874803718917,300.054979663118,-52.195384580567634,-295.3937038756858,749.9418175573875,281.9075521075761,102.71889057000654,899.9725476981471,-229.8618645270971,192.80168010711566,1050.0314695867298,-52.07424510699887,-295.4552101325875
calibration_00075,-1350.0226818577871,622.9567391786608,186.85276206336258,-1499.9831774425234,150.92747810248514,254.46810295386567,-1650.0202561302895,315.4927841599915,-107.92347095694768,-300.0126037797881,-68.11793582411104,15.134628102227921,0.00033472639124622225,-579.7982592507867,105.33149455128451,299.9805873962044,-402.1316966710988,-382.9633458137463,1349.9821249864567,631.8817957555569,190.10864049426797,1500.0254802255006,120.14844126648775,280.37013119346176,1650.0340991072521,297.89330445811777,-207.91624556686844,-999.925504386954,272.9992983505377,99.35210515302833,-1150.0162924034782,-199.0072358550135,166.97978198156915,-1300.027950904083,-34.42911971721008,-195.3705116405068,-299.9814179510205,281.92369556234996,102.57195025702731,0.006258221061196591,-229.82834923040414,192.7829553890271,300.0491404553157,-52.11170633612667,-295.44188289613476,1000.0421681410554,281.9331099955764,102.60652000134345,1149.9792816667668,-229.8618813617481,192.82221791538248,1299.9674012998937,-52.06319926584179,-295.4325129062576,-749.9447984751482,273.04895883349394,99.3282204328791,-899.9910463276249,-198.93122914892407,166.8692471716438,-1049.9485604814752,-34.37985095846844,-195.4771982770956,-299.99404459159905,281.90315960594666,102.64877464739043,-0.006893036842238704,-229.792278275321,192.83048987869876,300.06780314536115,-52.11369906233743,-295.52132205115,1000.0169384362844,281.9005675117177,102.5863967864568,1149.9884050863345,-229.75445324113258,192.87129282412263,1300.0601102248572,-52.053943237956844,-295.42361078836166,-749.9338688455106,272.96165833882054,99.27109557831291,-900.0515180319619,-198.91261904178538,166.91683638846342,-1049.9101193469135,-34.36183718048773,-195.50111417417037,-300.0126306644851,281.9415703213062,102.61390217084708,-0.06114852285786068,-229.81042375256072,192.8264725909784,299.9970275726552,-52.0567390882954,-295.44117868445227,749.9981970804805,281.9152234064071,102.60715137655363,899.9476144775693,-229.86888813915473,192.769839831306,1049.945808881751,-52.142022705921455,-295.55506267176514,-749.9593731600024,272.96355726953783,99.35176912715812,-900.0062347553712,-199.00068092474964,167.01932396996128,-1049.877937353592,-34.458302947957506,-195.42154494258048,-300.0047532798414,281.80676143173156,102.62149303714222,-0.05360585899346365,-229.7875683269849,192.88903396440637,300.1261806999169,-52.118231099597786,-295.4496903394036,750.0161624384588,281.853695359881,102.60838786656477,899.9956943978831,-229.79812628643205,192.8209942530716,1049.9624510706185,-52.08738070085273,-295.56304694124435
calibration_00076,-1350.0047816518365,622.9790663626231,186.86204029390325,-1500.0473800965915,150.96017068997415,254.49771501022687,-1649.9842138783108,315.53542544651003,-107.93605462413218,-300.0036000157954,-68.1380820920476,15.15435388377137,0.016988082326154782,-579.8160130438343,105.30410549581622,299.98165935665827,-402.0215836068063,-382.9601623988576,1349.9889142923903,631.9423065864908,190.13759398598452,1500.019918210844,120.19429549575801,280.3745083944964,1650.0084227595423,297.9573832420846,-207.91076139515448,-1000.0243826862484,272.99344408756707,99.29476820761788,-1149.9196810153799,-199.00120844488592,167.06104090055175,-1300.0600835664322,-34.41864126314703,-195.36732963541064,-299.9681505171711,281.9481093402563,102.59370456512563,-0.05928898036553132,-229.76939392102403,192.85505824534795,299.99607426220257,-52.18122690460818,-295.4029271719989,999.9371422774528,281.88221542994273,102.49792663699787,1150.0105489567795,-229.83384345409706,192.83643278161546,1299.999910266067,-52.127037078607735,-295.4193978181963,-749.9120475277373,273.06577533047005,99.2980697144472,-899.9755925122975,-198.9666481653951,166.9782413041806,-1049.974420461544,-34.25788107920687,-195.5423435473607,-299.83895704222783,281.93871780012563,102.5758311296317,-0.021438357751054765,-229.85919828637077,192.83432543236083,300.0191511267266,-52.077174394140854,-295.4691526692228,1000.041519912018,281.88827546489813,102.52885159282,1150.041025391395,-229.89721256641343,192.82826727791362,1299.9979920284782,-52.10637198393109,-295.4192539118574,-749.9767764278466,273.0476049926744,99.33399568436116,-900.0224292138173,-198.88682262101253,166.99740946812162,-1049.993786123242,-34.28372188511929,-195.5085494997339,-299.9286932623575,281.9630430372698,102.5531375701423,-0.05768148306357966,-229.8385900118064,192.9173207958709,299.97784497671773,-52.12343362531015,-295.4502021314559,750.0984617904523,281.8293771661303,102.56155413450426,899.9512563074267,-230.03387278013304,192.79926956329422,1049.9810522780874,-52.2860299440682,-295.4338126014315,-750.0240396710777,272.9379202721841,99.35867010606614,-900.0179433682767,-198.9798316345373,167.03115909444975,-1050.0551475041964,-34.42466797629572,-195.47337693287514,-299.894989349941,281.8948548186407,102.58145790333238,-0.0061460195560411966,-229.8085934131153,192.8818488230296,300.0148105585298,-52.01783660422379,-295.44810721570565,750.0238974356896,281.9474481336552,102.58178985244109,899.9839990286049,-229.89977720003017,192.7904287465549,1049.939539439295,-52.04818343064687,-295.3899799799116
calibration_00077,-1350.0012133856978,622.9640434651553,186.85651138299673,-1500.025510811796,150.99303136544148,254.44333342670492,-1650.0091257724987,315.5298582623098,-107.92019120214142,-299.9697844475541,-68.0576929202207,15.110084035937366,0.037132235114896814,-579.7959024584561,105.26896935224882,299.9862077737413,-402.1582231490203,-382.93212277088776,1349.9821700568825,631.9194783199563,190.11762994314773,1500.032069782625,120.19240035388377,280.30405811082454,1650.0068850568816,297.90867457906575,-207.90576943932982,-999.9934012549986,272.9619866708598,99.33953904026848,-1149.9340892480848,-199.00416720348036,167.03751397372915,-1300.0235938748956,-34.50289355587399,-195.43017942885865,-300.10417020655433,281.89020717586743,102.66476341105351,-0.0544484171219759,-229.81043263866243,192.84210187375638,300.0233478521565,-52.098197450112444,-295.41021754875385,1000.0719044412556,281.94242306665234,102.557656632557,1149.9672082852642,-229.83468817248007,192.87704749620568,1299.8504232078717,-52.159235606141195,-295.4187347377388,-750.0085929248488,272.9606145743669,99.37416715859099,-900.0980483376052,-199.07872034083235,166.8738859847729,-1050.0271313130281,-34.47027203447105,-195.48843514772744,-300.0395954820618,281.9131428514144,102.61119880635067,0.009322197608378786,-229.79640195943912,192.8793310151464,300.0388374326401,-52.07333082662935,-295.356223224128,999.983540746556,281.9396377031387,102.58811822067896,1150.0172744133858,-229.8171129125466,192.82169915366478,1299.9814791011172,-52.142266423936675,-295.399217509319,-750.0709405214614,272.89549284412004,99.36425650686179,-900.1206034889498,-199.1003123997129,166.98358041031543,-1049.9963846551054,-34.475788580541625,-195.50338789971474,-300.0524308322224,281.9400241911663,102.518798171977,0.0025555878431738795,-229.78028724664637,192.84188593149966,299.9820054281576,-52.08060536448123,-295.4282520873111,750.0260853665645,282.0743449050078,102.77968077416864,900.0077794205998,-229.671201167734,192.9815573721716,1049.949891200744,-52.04390378317244,-295.2530564948306,-749.9876421495496,272.891297300581,99.38302329471267,-900.0994250451589,-199.0828536539468,166.9922119792522,-1050.0202661675694,-34.33837959787632,-195.41468166340312,-300.01260888551997,281.9063474503538,102.52995476341195,-0.052861638816704734,-229.82789421891763,192.8595401719101,300.0009775750945,-52.16079479668527,-295.4683832742743,750.0550269177015,281.9465690734353,102.62340002943264,900.06043977061,-229.7473544758366,192.79690155764519,1049.977658485137,-52.16291777444911,-295.455482139773
calibration_00078,-1350.0118915549174,622.943376385512,186.8506441246227,-1500.0142169160445,150.95241873246258,254.55861473805322,-1650.0533966696512,315.55776496672524,-107.94035751919985,-299.9345954329629,-68.09716430847527,15.065906174733367,0.0073242322423814794,-579.8133492119235,105.32351305126967,300.03761432314803,-402.08735627867816,-382.8969437254556,1350.0457773585704,631.9183704443034,190.16373691491415,1500.0120015886857,120.16689677960495,280.32376208584765,1650.0039080096692,297.96706385301457,-207.8966314150684,-1000.0333172047614,272.9655806773959,99.39150276335609,-1149.9986904429586,-199.026930024031,167.00842022203628,-1299.9220169904622,-34.48760052485667,-195.4769811030551,-300.0582808164093,281.8961610279802,102.61876497948062,0.007227995555545273,-229.8845758139118,192.8840486919308,299.8843133551505,-52.09645929973787,-295.5058732763776,999.9356864568465,281.89903494070023,102.54075516467391,1149.9928830628846,-229.79898086293613,192.82977025620508,1299.9820502567259,-52.21892569038578,-295.5331146306167,-750.0643697496889,272.9193601772011,99.4335447532429,-900.0177294152259,-199.13639249057422,167.2036858271011,-1050.168952947138,-34.532503918036454,-195.21074529028496,-300.011023895988,281.94010981821197,102.61931430661633,0.053154918497253234,-229.83721218159963,192.9239071372017,299.9009278737125,-52.107288104927015,-295.49706177284384,999.8620855037981,281.88460491830887,102.57853581184358,1150.0573076543112,-229.78300830571223,192.85264941711512,1299.982214813267,-52.15539766999058,-295.4521099656931,-749.9611793420963,272.90017087620504,99.45947296905902,-899.9949133178646,-199.10032743694845,167.20760335303783,-1050.1179417491783,-34.55996025943716,-195.20865035094414,-300.00737897739293,281.9508438679462,102.62849384974201,0.010093070469679586,-229.84128277716553,192.9693256002242,299.96664727263385,-52.14989512488382,-295.49075962943465,750.0531763491354,282.0065974805732,102.39020104686647,900.0228600080516,-229.70385577883098,192.6228013161149,1049.9780675668922,-52.04550271484857,-295.67065449945477,-750.0159771352547,272.9299594735226,99.34473197957999,-900.0098634424606,-199.03161656158252,167.0129896955037,-1050.041807911399,-34.443324363701564,-195.45452524049648,-300.0258716633293,281.92699544266685,102.59840352184692,-0.004783922399990089,-229.813764291858,192.8657413572457,300.02837139115013,-52.07168007935913,-295.4003798459122,750.0488129255408,281.9318414287409,102.65083170952668,899.9187630699408,-229.8488294171334,192.74096993745488,1050.1253345182226,-52.096850624561476,-295.58511203821985
calibration_00079,-1350.0063926538726,622.9497744731968,186.8691736013591,-1499.993390184424,150.96342342194265,254.4970664237394,-1649.9762739749399,315.5094667983001,-107.91681323271274,-299.9680658170179,-68.04100995702076,15.076491355616124,-0.00023207283448458104,-579.7534711685693,105.36829526985413,299.9769664979864,-402.1185716693683,-382.92868911086265,1349.9966633846898,631.8990734149424,190.07155015299267,1499.9825228654831,120.21654067631448,280.33759146287724,1649.9356268342774,297.921295701501,-207.9550102523281,-999.9752719213898,272.9676746241217,99.31066104138299,-1150.023018767453,-199.02380285753378,167.01821269384607,-1300.017898739726,-34.411806755526555,-195.4369089477859,-300.03718878865897,281.86674204589804,102.68563901019046,-0.07110902134938418,-229.82339747647632,192.74677260179996,300.06798613086454,-52.13250041670596,-295.4003008526241,1000.0703159153115,281.8657037003445,102.61747039460015,1149.958300320125,-229.82962636065866,192.84345799681387,1300.0101320744695,-52.14840767597328,-295.3833712696844,-750.0493771927718,273.00270477665833,99.30264966568716,-900.0691760890152,-199.02181843022962,166.798031791073,-1050.0040243602211,-34.31486768664202,-195.58795239888016,-300.01224869270146,281.8890729893343,102.56961531876007,-0.04334913047535926,-229.88772559591843,192.7768645071315,300.02474506658837,-52.048604703867156,-295.35445886686136,1000.0934718342339,281.9195781742317,102.61323513892121,1149.965055921897,-229.82628271205678,192.82457562740638,1300.0203954036442,-52.136418656476536,-295.42170304480493,-750.139392896991,272.93660256369503,99.31296090544954,-900.0764961187668,-198.98225403085357,166.79561663631475,-1049.9703973647631,-34.339011240347666,-195.56839316232444,-299.94376790886685,281.86502759810685,102.60360013396027,-0.05667430896190403,-229.8630604677946,192.81829089461306,300.107038854011,-52.05834914631979,-295.4032756342726,749.9872884454941,281.7933316541089,102.86513779713655,899.8971767118201,-229.9029898092579,193.00635776641826,1050.0795415526773,-52.15620323622409,-295.21615772379545,-749.9805747071509,272.98881715169694,99.44688576222819,-899.9930044390618,-198.99813579840003,166.96470952364555,-1050.1349103539055,-34.39194685763643,-195.28782539225156,-299.9827883089068,281.86844962063066,102.60623371993233,0.03756094039122568,-229.7812474876469,192.8484616719966,299.9955443143723,-52.08633630762529,-295.4880259390628,749.9351005566534,281.9771355225753,102.55711607720245,899.9554870607748,-229.7834664629496,192.7649574879654,1049.919181216544,-52.09510831663422,-295.46736651704606
calibration_00080,-1350.007680936055,622.9430544712743,186.8263355213864,-1499.9487526872742,150.9798231468452,254.51073287288344,-1650.0498608101846,315.55830326469436,-107.94295264672766,-299.97357884672374,-68.10284706521595,15.103161636429922,-0.011713640654908833,-579.8055159630921,105.28879241529229,299.93038334884574,-402.075946369259,-382.92002765340584,1350.0197096511586,631.8756823601532,190.1454091359074,1499.9674782044044,120.1782973143164,280.4330540356985,1649.9746169116308,297.92676086551654,-207.94008807694237,-1000.0359675627813,273.01681707233973,99.42064952178364,-1149.9924069302715,-199.0442476299709,166.95772003012425,-1299.8748031881246,-34.42005450788138,-195.43931986858544,-299.99115163039943,281.8889495595849,102.58374729701403,0.03928265574648178,-229.85435904764043,192.9259036960775,300.0335465599481,-52.08493596762366,-295.4327966816842,1000.0233323265643,281.8598029458329,102.53337571523556,1150.0414690228054,-229.80294573835363,192.7876313477113,1300.0387477153174,-52.092704692445565,-295.52321825964725,-749.9796464856287,272.9131845342822,99.32292835355412,-899.9982728306611,-199.15016934784828,167.042538881786,-1050.087134814247,-34.6141199192751,-195.4068845646867,-299.98827916771324,281.92357441747333,102.6174745144276,0.09999703942441263,-229.8496627008133,192.85003432115508,300.0600236903212,-52.17257833582115,-295.3886710059496,1000.0114488964143,281.8850436595273,102.53200994489544,1150.047275745348,-229.8277507343268,192.83365423045683,1300.007566446418,-52.12807248832316,-295.55353127647095,-749.9300850117688,272.91165014721236,99.27273788743338,-899.9585973793673,-199.11660685754006,167.00025571396534,-1050.0360800393844,-34.69263229769391,-195.30949089763868,-299.9585329075278,281.97072296970003,102.62399395415439,0.11072207565825921,-229.80424486888523,192.79926177414887,300.0684839297501,-52.1061893628282,-295.3974718122967,750.053196149124,281.9233236984932,102.6587138348593,899.9830159483691,-229.88166966359745,192.91486525922446,1050.090303520956,-52.131369397409884,-295.3694967284133,-749.9114671204536,272.9980901523878,99.23082144602587,-899.9754098622676,-199.16419191959957,167.01557709042146,-1050.1320707278694,-34.477273227492354,-195.4115691108137,-299.9169778692351,281.9464768887056,102.66391865784651,0.060795848476547155,-229.766476428455,192.77428952687023,300.05537154545664,-52.025795450390305,-295.53289120755153,749.9952110614702,281.9482246745846,102.61859282401753,899.9746182763023,-229.9459989272981,192.83843368937372,1050.0654369261651,-52.05036546380546,-295.479861164445
calibration_00081,-1350.024249258488,622.952901200571,186.8611882223279,-1499.953961027637,150.98714396628307,254.51015038903745,-1650.057707740336,315.57395051851023,-107.91382098917785,-299.92872402973853,-68.07112584328505,15.097825849896598,-0.008696686018293357,-579.853384799627,105.33079762055091,299.9747796216959,-402.098625516692,-382.92284621603545,1349.9829073381377,631.8785681229429,190.08324124861323,1499.9930009121258,120.14617291368516,280.31077437172496,1649.9608520127813,297.9368648219225,-207.8818268574027,-999.9352835526655,272.9312249633423,99.31254756421806,-1150.0660827522186,-198.9606102618373,167.0290941016939,-1299.9312747005797,-34.4626799573532,-195.45814082795678,-300.0663269875966,281.8666294771738,102.60391627162326,-0.002933981494013955,-229.7399708464468,192.821201857622,299.9745377805943,-52.04052215127764,-295.39131994277443,1000.0457654927035,281.9663246878833,102.64741538745763,1150.0747257525172,-229.79880582278813,192.90859782821497,1300.0467247875733,-52.10343638044694,-295.4322015726332,-750.0770644892203,272.8630565256376,99.32301537731213,-900.0004860044694,-199.16421427974802,166.8886309600743,-1050.0164601647275,-34.56650528904931,-195.4399422537008,-300.0778176003981,281.88930978856797,102.62252729163792,0.0001666519674993934,-229.71989423003302,192.84889790595767,300.02472143259774,-52.10497921832426,-295.4119013439223,1000.055148059267,281.94415772192843,102.60177321031885,1150.0365775680523,-229.69067078640083,192.9018357629925,1299.993457158531,-52.136457677124945,-295.4666260067821,-750.0833746979591,272.86363571909317,99.3522088793358,-900.0231454213733,-199.09331132945465,166.98779325889396,-1050.0069883669182,-34.65511366746948,-195.4455415755478,-300.0266972378545,281.89256723113795,102.55631500221286,-0.015060858328512118,-229.76690965645608,192.85767904387893,300.04467584340483,-52.06494221413942,-295.4181617936522,749.9382354277125,282.0287294417797,102.65513436604712,899.991036952995,-229.72887455011477,192.86230079443288,1050.0686229818784,-51.96929273900193,-295.3684720826028,-750.0378861185204,272.8784163920463,99.35756345307361,-900.0370761874468,-198.9807489735527,167.00232122929842,-1050.0458052219,-34.46623153295135,-195.3943110650992,-300.029928520502,281.9547188819072,102.555591801947,0.03380220395823805,-229.85942469790197,192.84463204056627,300.0157020552349,-52.13805666833891,-295.43356393992786,749.9593983923606,281.9344680646967,102.69033180735,899.9796689992513,-229.83903322421023,192.7459284512412,1050.019651234816,-52.20331632186279,-295.5067670989714
calibration_00082,-1349.9831990323576,622.9784510800656,186.79816144392555,-1500.0030781329347,150.9866777468317,254.56623311403294,-1649.9631492000403,315.5334854375009,-107.90938944370063,-300.01472954551076,-68.1232752987716,15.065768089918247,-0.023592084463783462,-579.7921671808031,105.34716167474734,299.98255172705296,-402.09989423284554,-382.9577751921763,1350.0641120280668,631.9471572291287,190.1223354554564,1500.0459880772305,120.11552627353024,280.33623418941767,1650.0312307980264,297.9173277018859,-207.94132789504135,-1000.0752662058301,272.9218761810025,99.46174044589915,-1150.0012859532278,-199.06103166404816,166.92689301968986,-1299.9946300197746,-34.52318038128767,-195.40128853395765,-299.9790327134275,281.9879401198911,102.62003581106967,0.015079635129825901,-229.83180761538458,192.83014236716159,300.05384668396346,-52.127823682392446,-295.4315120958808,999.9326849733687,281.9069811149429,102.62914343539558,1149.9650044858192,-229.7725198903086,192.82064330241695,1299.9869159352536,-52.001785343218714,-295.4348214815741,-749.881813483971,273.0314511703941,99.27697614206187,-899.9840425342185,-198.8756161624738,166.9065846078732,-1050.067063122035,-34.388046776676774,-195.50364839561956,-300.00662555848464,281.9262767986668,102.71638364217077,0.049854343246511224,-229.80610879940096,192.8748454960392,300.04758313061393,-52.141211582083166,-295.39628539846046,999.9231973110475,281.91749127016755,102.63282500184647,1149.9594313202622,-229.79654934414282,192.8682347071321,1299.9931429963267,-52.03589363957217,-295.4048511529791,-749.8645889905844,273.0166829439676,99.32188406668712,-899.9770814374784,-198.85399243533988,167.04007588715936,-1050.1470420419284,-34.29935226438937,-195.47753276425408,-299.9429913356262,281.95786180863246,102.61882628025698,0.058103646019205195,-229.8516785961477,192.800192502783,299.98338669667527,-52.155905952194885,-295.4218651711856,750.0200951669636,281.909603261922,102.61516837350568,899.9824553405705,-229.90535908061915,192.85188681818383,1050.0317242936533,-52.12968522650123,-295.45323571799463,-749.9374684303825,272.9562981594027,99.31253144657006,-899.9400183641951,-199.0020125103716,166.92703581909626,-1050.0827364851998,-34.43435234868384,-195.5065293686748,-299.97673180399534,281.88942920807483,102.62632391838042,0.06418155974034531,-229.81242181151703,192.8528605278311,299.9939015474968,-52.07030806472237,-295.35252390437563,749.9850155858682,282.027277634601,102.69500051516376,900.0104880786845,-229.7822332855467,192.91967169530727,1049.9839385041048,-52.059129560405445,-295.40612063941745
calibration_00083,-1349.988472623982,622.9743918319059,186.81271103027396,-1500.044669854584,150.9746986302427,254.50081981142134,-1649.9838555706694,315.49444225423855,-107.91565984384957,-300.0066628710014,-68.1015239436806,15.12399607528037,0.020257012850542086,-579.7742077365149,105.31009776405898,299.9900091175248,-402.0982443743097,-382.920791370565,1350.0496641589662,631.889472203515,190.12010712904154,1499.9699912872436,120.21875730601981,280.3375964208778,1650.0137774454238,297.95293979650376,-207.95350811318437,-999.9847011082637,272.91997341530475,99.40835831075574,-1149.9507364854273,-198.93449094385122,166.90698403122704,-1299.9625375306684,-34.42334814733206,-195.38812664626295,-300.00975085129636,281.93293073719155,102.6462898837615,-0.020519496018762427,-229.8427174122494,192.89252152866962,299.990898701702,-52.09636759722182,-295.47589280883807,999.9947668288172,281.85320675209636,102.58970812563803,1149.9879538197652,-229.8216000960095,192.9083173105393,1300.0675315552926,-52.134983266996755,-295.4250441237684,-749.9511349123621,272.90724618251414,99.44592204142926,-900.0958713608852,-198.97274874450991,167.0403949191768,-1050.0939536607439,-34.410523251462656,-195.3505193683902,-300.0531482049319,281.98338071879397,102.57780772937916,-0.02867328586412719,-229.77812047215377,192.86824108074433,300.0646988615786,-52.17028621153004,-295.45208716777717,999.9791383865668,281.87968020254436,102.61293437470158,1149.9452540071184,-229.838702103135,192.82766481307445,1299.9737781895114,-52.15972505629957,-295.48142573352965,-750.0495408076786,272.87110661234817,99.41018910752511,-900.0506125502545,-198.9904548730085,167.08505279994253,-1050.0849172366693,-34.40052183039694,-195.2576953591719,-299.9813253392693,281.9217182018462,102.55866908385632,0.02506695997595576,-229.85112407318675,192.88948735585052,300.0260376565729,-52.130756769980444,-295.42671777770835,749.929035375452,281.9203330651686,102.71773038039507,900.0360962956493,-229.80186371730812,192.95163496747864,1050.0831895501822,-52.24556793436954,-295.39554282308706,-749.9725252881027,272.92457820243095,99.33820928266918,-900.0527687961951,-199.0788564113807,166.98081270300074,-1050.0740364362907,-34.37560315467097,-195.3475334669975,-300.0061493035988,281.8433671154505,102.54716270803002,-0.028875305845588166,-229.8433680786561,192.78076530383035,300.0184322248021,-52.06865873198142,-295.43636278546546,750.0667481075923,281.9356934028616,102.65387097249082,900.0270799901717,-229.79005475905853,192.86604245133972,1049.9961160842197,-52.261053648703836,-295.4509445124044
calibration_00084,-1349.9994279869477,622.9008295447961,186.84975719067114,-1499.9950088741236,151.00723469674583,254.46087001019313,-1649.99371760825,315.55780699510296,-107.88318842093423,-300.06291979358645,-68.14984262970572,15.116807306753016,-0.020575877255075026,-579.7760314871161,105.33634013779265,300.0172696217433,-402.0834563105148,-382.92122576080783,1350.0303142130488,631.9004889921172,190.10448439220548,1499.9519184479977,120.2303672020003,280.3337845707453,1649.9553778153106,297.8899021163815,-207.96199998119926,-1000.014156718168,272.916666110372,99.32755670106556,-1149.9496636137942,-198.99994372805543,166.9925653959266,-1299.9128023460325,-34.51425616948002,-195.4559442539478,-299.8872219543038,281.90358672535376,102.61225794379668,0.009367516231738803,-229.8545678122624,192.8316310227353,299.996782142952,-52.11248455878786,-295.3903340046997,999.94951820074,281.90369684676,102.58504295852283,1150.0758052510223,-229.78490141518952,192.87486947027173,1300.0484559691506,-52.08895566027306,-295.41376606521914,-750.0036001061684,273.00871031848067,99.4666888748089,-900.1052672804789,-198.8718822316495,166.91107930916058,-1049.9943731652068,-34.2526575062857,-195.341361658256,-299.95476876207266,281.93164343167217,102.57149770066536,0.05838682305911697,-229.83499981874954,192.88018599064335,299.99839921224043,-52.170646526438794,-295.4440379202534,999.9677213418884,281.8991474840285,102.61285820360021,1150.100788638539,-229.7467685612004,192.89895387471677,1300.0232766656125,-52.084666522955175,-295.4539488422682,-749.9915670694238,273.03957954675354,99.42554358645116,-900.045141297273,-198.90773894725749,166.97611498961544,-1050.0066204557777,-34.30456331776259,-195.39114229955237,-299.96747049400443,281.91220509649105,102.57872929618111,0.018985616191836693,-229.85135788772374,192.85990148298814,300.0475180334318,-52.175181477719335,-295.3707942536659,750.0219573163735,281.7903824412142,102.482325770697,900.0167136940815,-229.899498377595,192.71109204861332,1050.0053554788972,-52.196679980997665,-295.53247446029843,-750.027749745971,272.96506152359325,99.393042908581,-899.977490242678,-198.963965125517,166.91867562197322,-1050.0224526595769,-34.3782875919886,-195.4310146893376,-299.9736672787763,281.87290030194714,102.56514461187359,0.10430681765247864,-229.79851353638077,192.8722388070177,300.022230464302,-52.04683813195613,-295.34305502077837,749.9795407464512,281.9177709925626,102.59839908531124,900.0071307253165,-229.8057088310148,192.78621828106415,1050.0346281776708,-52.05760298054993,-295.4842603207662
calibration_00085,-1349.9931511175166,622.9589738206989,186.8534960545603,-1499.993370970474,150.93722535460998,254.47322580567746,-1649.9640996052606,315.55278082057316,-107.89417949777383,-300.0049733954178,-68.06482107373633,15.126335359654847,0.01162324393428863,-579.8233273122385,105.33329074257749,299.9711263274138,-402.0854626205333,-382.90934376634164,1350.0251764813333,631.8820274907204,190.04736760362096,1499.9790092982837,120.20163485123717,280.32773421159703,1650.0318048699019,297.91469462121484,-207.8988927603047,-1000.0371030834199,272.915373415831,99.32974543177048,-1150.0605789781466,-198.9871963546816,167.04381473098624,-1299.9984506145606,-34.48805194655564,-195.4510315187659,-299.9921643816321,281.940838205606,102.55451442974207,0.011671570752628611,-229.82470314990186,192.84418461836015,300.04021339472285,-52.09443143089623,-295.41363822027216,999.9986770179252,281.8614951577814,102.68740986116362,1149.971877692668,-229.82387744775886,192.84533308488258,1299.9237317857335,-52.130065153611206,-295.4389171838523,-749.9892033327837,272.97807825621254,99.28849857259091,-899.9855753939612,-199.00847275170958,166.89121987961173,-1049.8890309216274,-34.37676796376988,-195.5039600414797,-299.9806003644568,281.9291598898902,102.53146351671312,-0.029311025290111203,-229.81172493430736,192.86857483016348,299.98561433660694,-52.07307621653083,-295.45863575355423,1000.0296324971534,281.9162137250037,102.60492367386881,1149.9618807278353,-229.7952581816107,192.83778542840966,1300.011499125114,-52.15641343094772,-295.4872986787792,-749.9232600396326,272.96982405292505,99.25999438139083,-899.8832333683922,-199.04467455998247,166.92817960059875,-1049.9801022262352,-34.39976563259359,-195.52185643282652,-299.9594300361152,281.8657490825778,102.54335214592466,0.06548972934958447,-229.85756061892528,192.79408794343897,299.93965081053824,-52.156130445764,-295.5067594937357,750.0153675524068,281.96005414514195,102.699105124631,899.9961961435482,-229.81527616394774,192.86675803377156,1050.0134968902762,-52.036666195157764,-295.39260979189385,-749.9990559187684,273.05773706002367,99.39151052476231,-899.8630463056444,-199.0410908011834,167.04226223032995,-1049.9772611686074,-34.48091596633941,-195.43237631220427,-299.94117534862477,281.92761930486046,102.5688495601795,-0.014830000727818319,-229.8775189424241,192.82176944508956,299.8653666960847,-52.17916693502462,-295.40486327427317,749.8625245227989,281.9849901722537,102.65152778063351,899.957083949884,-229.84259378849032,192.8409118244116,1049.9672234196819,-52.069318332576444,-295.4311831055047
calibration_00086,-1349.9780124324416,622.9354954720452,186.79373651743862,-1499.9940363244316,150.9541243564062,254.49429691122018,-1650.001497389759,315.5694803740766,-107.92869802157983,-300.02675846425734,-68.11094799847615,15.113312848992171,-0.057319259854792845,-579.8229311477428,105.30085159930007,299.9605930436218,-402.06962941323,-382.9083854834609,1350.0020364648874,631.9164454097665,190.11980000870594,1499.9817368617487,120.18479670743797,280.3539499140524,1650.0133820773337,297.89757176768546,-207.94377172269674,-1000.0486940904608,272.9618324910693,99.30518461708638,-1149.9870639228698,-199.023344917363,167.00126229132024,-1299.9686450047066,-34.46405563014191,-195.38032155009293,-299.96261520367875,281.97804808901327,102.56717242514748,0.10886980300298052,-229.80049291272144,192.84205016641334,300.0085740941358,-52.16115715811663,-295.50214590143855,1000.0281364643947,281.90874618994866,102.60173803573979,1149.977953220938,-229.83457158008437,192.8161587364237,1300.036515000511,-52.02714426790972,-295.45688931712414,-749.9165207019867,272.98385038542443,99.40006961968868,-899.9197101036877,-198.97727353010393,167.14291296368108,-1049.945753184333,-34.49924697567219,-195.28735025929683,-299.9390816795948,281.91209716915256,102.56165205547396,0.07417132405861246,-229.81390723315755,192.9231968705784,299.97949434197665,-52.17690028934343,-295.4578989294877,1000.0047451108867,281.9652886222792,102.59445003973643,1149.9561950938182,-229.8054851944237,192.7883287952551,1300.0042758936754,-52.0309819508326,-295.4916499895129,-749.928641836742,273.0247572162693,99.4162509765641,-899.9533449891273,-198.9825339682595,167.10682964758942,-1049.9514376817815,-34.46210188814393,-195.31336603235732,-299.9302143040926,281.8240505864285,102.57036848427798,0.17082779416852645,-229.79252115299926,192.91951443652573,300.0312488147989,-52.157623118154,-295.479895603848,750.0879059609632,281.9849436707996,102.41017611181933,900.115996435393,-229.83679469927515,192.7756963860345,1049.9534241754843,-52.193510636687705,-295.588880379843,-750.02547131162,272.97251909311626,99.45999416167993,-900.0710901140691,-199.03275163601174,167.06218279802926,-1049.9877180399317,-34.41874542380133,-195.48572840901443,-300.0011689090845,281.87761191785546,102.63626203866481,0.04378073113981257,-229.84109122330628,192.79866784881224,300.0401870263743,-52.14386190656394,-295.4462194160177,750.0385601942305,281.9178397480343,102.60595796275072,900.0487278229787,-229.80279184408212,192.88331608794385,1049.9903821323246,-52.08296842355556,-295.4262461213943
calibration_00087,-1349.9958539803633,622.9618488234103,186.88138941269435,-1499.9098022148899,150.95739330621927,254.48520774379122,-1650.0004638885434,315.51618988577104,-107.95713245421496,-299.95315061528265,-68.04594820526668,15.119758636555884,-0.009198369275402374,-579.7940252689699,105.33066136764668,299.9990704159441,-402.06231278431835,-382.9388851729744,1350.0027684492052,631.9620991137994,190.14923485385248,1500.0321773448786,120.21353493324341,280.3499377496233,1650.051862656048,297.89458003883533,-207.93913719188208,-1000.0880212125795,273.0001567905904,99.35977317050526,-1150.0570316510073,-198.97727521327099,167.01343044150713,-1300.031391001766,-34.37763481448282,-195.44016601576323,-300.0347411218378,281.83503722277817,102.54054640161942,-0.015484657224109162,-229.8149373855642,192.85692290777155,299.982704902555,-52.14175681493378,-295.4329422588032,999.9955384631123,281.92800825000273,102.58811755226152,1149.9512947700316,-229.76490082117132,192.81460351919978,1299.9676454557264,-52.12118493695909,-295.49230124892165,-749.9664727199487,272.7474391119441,99.27519494547009,-899.9780686394432,-199.11759096301355,167.05684012549895,-1049.9910532417705,-34.63948874551869,-195.46317373242798,-300.01016893239637,281.84167095936766,102.6046006036911,-0.03567948265969663,-229.83116180857553,192.78332959518877,300.0245091866182,-52.14454431377631,-295.3917777915646,999.9665310470151,281.900699345371,102.56471724978641,1149.9388480716468,-229.7998982171329,192.7854326220859,1300.0214822939486,-52.080312827906745,-295.5240667169266,-749.9656881814545,272.7679903749882,99.33060451174867,-900.0128579607182,-199.14512051087945,167.0483307328751,-1049.9901451144974,-34.54474542082927,-195.45531143730128,-300.0115591835631,281.7717541495717,102.67026094583754,0.04560435857971447,-229.8816694925657,192.79441879373925,300.00629754205994,-52.19835495148122,-295.46640802548444,750.0284192005113,281.852781725462,102.75438713596888,900.0008130341446,-229.8696807115155,193.04639326964613,1049.9767707501169,-52.21349703232944,-295.399017655551,-749.9872364151777,272.97836917349684,99.26665873367392,-899.9662541760341,-199.01743137092433,167.06186285612208,-1050.0274284884924,-34.5167794961235,-195.49295449433455,-300.03493195443434,281.93401918995545,102.6244883138899,-0.022756408798162292,-229.64611561295953,192.76643817634871,299.9277643079237,-52.023908771490284,-295.5526709069197,749.9257882670863,281.9251672055559,102.65148840011781,899.9339743666645,-229.86647124153333,192.94973754244768,1050.0033612031118,-52.17272731469701,-295.50039150451573
calibration_00088,-1349.9327059639422,622.9037215244504,186.8454160890887,-1499.9833078286756,150.98239632893683,254.50715158946954,-1650.0001758125388,315.56908020799455,-107.90364154459928,-300.0141538767631,-68.11816738320881,15.133365606636053,-0.0052136750362438864,-579.8173491512439,105.31720248295751,300.0259040402088,-402.1284315882061,-382.9206811875994,1350.042858171641,631.9721975165153,190.1025125837922,1500.00335852812,120.16683116161738,280.3246024175656,1649.9794646482333,297.877046070862,-207.95783291357364,-1000.1141239949314,272.9979309781894,99.25333177810016,-1149.9755771565895,-199.0114247465794,166.97257528861013,-1300.0169953084871,-34.50002098253,-195.40440199089562,-300.0201955578129,281.93757613630396,102.582193790905,-0.04938500542772755,-229.8162539354285,192.85800678857197,299.9563867111473,-52.08036133243082,-295.40946425028795,999.9577527398721,281.86493614097185,102.58412793138947,1150.0628049013712,-229.78437525007232,192.90201087918413,1299.9895367862198,-52.1003585646106,-295.38850425846243,-750.0012007242922,273.018976523454,99.35254250167483,-900.0806480651901,-198.98622675661315,166.92944442554392,-1050.028675119587,-34.38863991171558,-195.37323981511722,-300.05111914358804,281.91397979337665,102.63924351225971,-0.04223571228800557,-229.74953517838296,192.8443435409684,299.96573815602545,-52.06813389029476,-295.45709992427936,999.9090639719085,281.8830280382594,102.59232964902198,1150.0213236578231,-229.78930688795555,192.78096444692943,1299.9965582970033,-52.06835178624196,-295.40330808552795,-750.0038043022213,272.9469292608159,99.32343241574918,-900.0303689613427,-199.01623904250602,166.95068188321184,-1050.054949024293,-34.39735442993251,-195.42587862666235,-300.0076436103248,281.95788740260645,102.65103999244356,-0.060808921293138966,-229.82780091986655,192.8957944347454,300.051113008565,-52.079657386281895,-295.498533973228,749.8692826493083,281.9843004994606,102.53000019633411,900.0065165396475,-229.80501187767186,192.86244786844884,1049.996630454036,-52.03641931102382,-295.5039900593998,-750.0002134207864,273.0172608253662,99.3917427789526,-900.0784124818778,-198.97851612877778,166.98629795576932,-1050.007253673488,-34.380794352008046,-195.41188619169876,-299.9375759891648,281.9511437412795,102.7033496118465,-0.04282408283338318,-229.86190598353545,192.9036703269564,300.0282176907728,-52.04947990687397,-295.4401400495395,749.9628634021751,281.9894776350256,102.62938951585568,899.896857840543,-229.80486006122783,192.93261440514593,1049.9588927493407,-52.082970607446974,-295.4526527191862
calibration_00089,-1349.9498508144952,622.9501741166125,186.85159338789853,-1500.0640964470097,150.97466534230338,254.47467931473145,-1650.0112667387818,315.56284434354814,-107.9161548506632,-299.98019575110936,-68.09471429986176,15.156640076967584,0.00586331861212309,-579.7846149620283,105.31826769815781,299.98198855812757,-402.1305338423009,-382.9680931345115,1350.0120932686089,631.8550891584711,190.1267312690819,1499.9959719242659,120.17951955417927,280.3392287946831,1649.9785676605172,297.9057624861879,-207.95640042149032,-1000.0518480819168,272.95974900886523,99.32387207382344,-1149.974514022814,-199.00550054482227,167.01256148816108,-1299.9996874820733,-34.49152267068728,-195.37158595104887,-299.9924040262581,281.88492370522476,102.57587299396796,0.021296161499391248,-229.82850677080657,192.76847003210963,299.9794710226338,-52.11099659010768,-295.48463848389946,999.9809585352349,281.9206577530767,102.57559285976316,1150.0041504860849,-229.75251059380489,192.88207670024008,1300.0836015370703,-52.08379571306481,-295.4464118680415,-750.0035555609543,272.91626672117627,99.39910879665727,-900.0050305245164,-199.0607631018168,167.01603070003875,-1049.9793627584497,-34.491039715728355,-195.43637956377913,-300.0426256719186,281.89335654437,102.549295151135,0.002993942538590761,-229.80817240671084,192.82122252855777,300.02522564108165,-52.0783030641218,-295.47639351078493,999.9909239931006,281.86523157964274,102.63207608132842,1149.9770739068063,-229.7689876906399,192.90004771793485,1299.9784399527937,-52.07374847759967,-295.3543933385005,-749.9926181654782,272.97082807819334,99.33430743393004,-899.9478933085998,-199.07181741746166,167.02577882034697,-1049.9961234128166,-34.465983000433155,-195.42899581933563,-300.07058961603656,281.9524040493438,102.60752736836228,-0.008867910533540397,-229.8575743390056,192.78271095671016,299.99431850470637,-52.02897376629211,-295.4153879469883,749.9692973369062,281.8713364142285,102.51600400354707,899.9580792442986,-229.62561741558076,192.81780937837397,1050.002585116198,-51.98462081526852,-295.48604315895255,-749.9809118891334,272.9346409415183,99.34126799661769,-899.979019607223,-199.09926291296478,167.0418515111475,-1050.0063928790876,-34.45270438112629,-195.45745324265087,-300.0371672293302,281.91115873500564,102.59794427802655,-0.029951341055100396,-229.79754797560528,192.85770722870066,300.05852482664324,-52.09319719035344,-295.41990534234003,750.0248571373564,281.8751212440693,102.53193566065706,899.9350193760955,-229.79569473460668,192.90970664857082,1050.0567508189627,-52.01897192390211,-295.45196032098977
calibration_00090,-1350.014028446099,622.9539330887118,186.88319584561137,-1499.949107134368,150.95236117475156,254.5197419821094,-1650.0026663420147,315.50035612771853,-107.89348799436834,-300.0254950790946,-68.07599174448598,15.158092644015136,0.05964994649193421,-579.7322761276519,105.33573903931669,300.0216627295891,-402.09105063031666,-382.9807059788378,1350.0213479243523,631.8987100152442,190.09193814995766,1500.0333851606467,120.16380850487641,280.37084574901417,1650.0129022538376,297.9460638230167,-207.9302148762476,-999.9129599144039,273.0011030029683,99.28367342205995,-1150.039069508661,-199.00407259297805,166.91372412211553,-1299.9530605850805,-34.40928594280313,-195.41252660358467,-300.00737354204176,281.8604106534501,102.6188478066421,-0.10151271884922798,-229.9027488762224,192.79378785630834,299.9584537401753,-52.15272402454801,-295.40067959114344,999.9629096147687,281.9586359619991,102.64077585218728,1149.9646484743466,-229.86762921917145,192.866532968083,1300.0276635913003,-52.12375786694205,-295.4730706659104,-750.0533504388529,273.0458445110949,99.34509747548259,-900.1430170471546,-199.00459983806505,166.94092460262937,-1050.0309311713859,-34.356257734114706,-195.48381391076248,-299.97809953258445,281.8906379083694,102.59405964883788,-0.06549318445956061,-229.88029299193033,192.78539752301887,300.04736154030627,-52.235369797711265,-295.3224126722594,999.9459361211376,281.89258591519575,102.64636003049343,1149.9566728426648,-229.9034321057633,192.78001191642463,1300.0060190257843,-52.11448647560471,-295.4209872463266,-749.9780686073145,273.05721574875815,99.33874520916041,-900.1297232651933,-199.00446708355133,166.92896139548438,-1050.1147348858121,-34.230259863687,-195.54440210134473,-299.8954771270882,281.8922741142459,102.59499739899772,-0.07080913037511118,-229.98473305900242,192.8283737509971,299.94804178801775,-52.16477771116113,-295.3917989802576,750.0380891932219,281.7406790592619,102.83269950155905,899.8992150748928,-230.04720842824713,193.0237170775706,1050.0296909736148,-52.430597008874216,-295.330170461704,-749.9977376990083,272.954799885488,99.39046287374823,-899.9877550503157,-199.13307190671492,166.9918895194889,-1050.1238785498745,-34.4771661354395,-195.4258051769727,-299.96706818899634,281.8888911306675,102.53389118326693,0.054981783693103845,-229.87965568812555,192.85256322387448,299.95497458195086,-52.049305611842534,-295.44333067510075,750.0453878786814,281.95047110899026,102.64626774471942,900.0414428889649,-229.7599835018813,193.00938522500985,1050.0092579738227,-52.16705645959387,-295.40816263094484
calibration_00091,-1350.012751811949,622.9545271928979,186.86747593837342,-1500.0302435672932,150.98129948313664,254.4518870053467,-1650.005615151633,315.5467883295057,-107.92294142807131,-300.0000036952449,-68.09525715326797,15.092130774735907,-0.047284259673423874,-579.793446175458,105.34329147875424,299.9971383304151,-402.09682260724657,-382.8946789022494,1350.0053779545613,631.8712010256415,190.095703396463,1500.0110408647379,120.19072697684813,280.3135009240127,1650.0045560640738,297.9273899140462,-207.9941612975214,-999.9895863592803,272.9252959454754,99.32778064670134,-1149.9805533831322,-199.01612605525494,167.02408493432367,-1300.0159609495875,-34.47784544384253,-195.40620197688824,-299.96106859808697,281.9270898998752,102.6481207507096,0.07975440180156693,-229.86018324193233,192.81463293083152,299.8776643493382,-52.11213454221868,-295.4838760765441,1000.0029685346271,281.9089035885523,102.6732954167198,1149.9514680626685,-229.83945205931713,192.86229409333467,1300.0877434380113,-52.10620648854956,-295.45945565015603,-749.908312762958,272.93894983822304,99.55079255712864,-899.9305696570449,-199.0458404983286,167.20020001838003,-1049.9771880164562,-34.44378319910423,-195.11569409940535,-299.9954707077438,281.92097024431166,102.6933696561081,-0.01477354138615855,-229.85479593632053,192.80007689322568,299.94305350416147,-52.15234693959201,-295.54242802294476,999.9253142933784,281.99046363101206,102.64812498752744,1149.9517634008243,-229.91081928372898,192.91785874127297,1299.9864693488864,-52.1021565093671,-295.46432804181427,-749.9690564758544,272.9617623841985,99.5522453183604,-899.9544225431115,-199.043893607679,167.27779695701423,-1049.9926988207378,-34.45154805255532,-195.14549223572848,-300.0669881648163,281.9781774095634,102.62058623704257,0.03408554155740276,-229.8107370384042,192.81816790033884,300.03795072276625,-52.117197803245936,-295.44790486648634,750.0303928026796,281.83420936683376,102.48064382387774,899.9847660542301,-229.9484067569788,192.5942766408368,1050.0294257656574,-52.198762181696246,-295.7368157583745,-750.0153836744009,272.9536099402605,99.34782935176733,-899.9767539393818,-199.03217489717107,166.98379946917103,-1049.936472956423,-34.4807331096847,-195.3502168263677,-300.1176585910119,281.9419117981889,102.58808109017825,0.038393258428645216,-229.78378304487237,192.7532277596851,300.09895277242276,-52.11414344928903,-295.4229499563264,749.9715432876496,281.94422029576134,102.66828889124069,899.9732171766584,-229.80877260364346,192.7994560144959,1050.069290359108,-52.1166020457491,-295.45334383598043
calibration_00092,-1350.014334589887,622.9333323194917,186.8132995137386,-1499.9912397012536,150.96951954226816,254.50028282375126,-1650.03898170109,315.51568198167496,-107.96698199138066,-300.04637270019106,-68.05363691677275,15.113997859047021,-0.02823878542494894,-579.8497800474127,105.25654575265635,299.98149910845694,-402.12012484083203,-382.90199732166025,1350.0169139314917,631.9232160260306,190.13782623505213,1500.0004097122026,120.2319160803542,280.37212920311885,1649.9860797370127,297.8938471239263,-207.9271634294481,-999.9114914244689,272.9412254307719,99.38263650255998,-1149.9502427171396,-198.9932300990325,167.01643397569111,-1299.9596795496075,-34.4118677673674,-195.35709656463303,-299.9860336398152,281.87950708934585,102.61235977986654,0.13042329248036671,-229.7784935560283,192.91501188777684,300.0143503164896,-52.127788391690935,-295.43411536023507,999.983695535746,281.86100544518416,102.5695022756817,1149.922843880089,-229.79350534612522,192.76312395085327,1299.9814198784654,-52.13352911584808,-295.3921972298472,-750.0171294470875,272.8219482177659,99.41391731581001,-899.9128099415947,-199.19260358791075,167.22633947759812,-1049.984682339269,-34.6858996141083,-195.26095670067753,-299.9092520666928,281.9075247744315,102.55255424963269,0.06461244133977417,-229.7728915192038,192.86199142750726,300.0053538762211,-51.99720181453377,-295.46435416622944,999.9837392268756,281.92080582044633,102.62816816275729,1149.948128359664,-229.77422248791376,192.77399632363853,1300.0489211515526,-52.03241725889756,-295.45185501197363,-750.0233960154233,272.7737016158159,99.44160806888902,-899.9677515898812,-199.14824151878716,167.28802096714134,-1050.0301049021746,-34.75707039836844,-195.30293219301802,-299.90618103332787,281.90888887834495,102.59222871023242,0.0960826468464649,-229.77216069148682,192.78432630077947,299.9608278590663,-52.10498973328163,-295.51711173189966,750.0306227700426,281.9934966730947,102.53673346724794,900.0945686549344,-229.72717511215444,192.75919335215275,1050.034133793324,-52.04488554900578,-295.50742054097316,-750.0135248173833,272.91804838845815,99.32280031962239,-900.0391568490337,-199.06359170982455,167.04261823627013,-1050.011796355955,-34.52597633742741,-195.41533878466288,-299.8806240660116,282.035095356277,102.534136136618,-0.05589928450117279,-229.79977040878393,192.78199474592537,299.9323966927696,-52.03335087179709,-295.5268533840237,750.1020014021965,282.0062875230456,102.68250218043056,900.0241754334796,-229.87669993614386,192.75103917270673,1050.0544436293133,-52.08652056950356,-295.4149955029466
calibration_00093,-1349.9827948786958,622.9177467934599,186.88742047058517,-1500.0405782373637,150.96031195428216,254.48658906472934,-1649.9697107074269,315.59053961913526,-107.93960214294772,-300.0122435407614,-68.05099337331546,15.127965571391739,0.022899328509032865,-579.8722322885444,105.27195331710074,300.04121619569105,-402.0424449674305,-382.8886976647446,1350.0023919011646,631.9381290471933,190.10632718619874,1499.9531164959315,120.15298120926033,280.326461500597,1649.9753498988186,297.9718746741482,-207.9523745809778,-1000.0726768790661,272.9286760765585,99.33142488550736,-1149.9452241385254,-199.0004006375917,167.01877832953608,-1300.0137852663472,-34.539508515851786,-195.35612714985936,-300.07708976649184,281.87630072713904,102.61969209182429,0.031632448256563514,-229.73665694621235,192.9231013558352,299.88181820730193,-52.06654723362767,-295.4622432235239,999.9300785523415,281.89187542901476,102.5995113589815,1150.0796950253302,-229.7776180270121,192.87738077707456,1300.0160430784981,-52.09795925105911,-295.4881245440422,-750.0221920792609,272.8017719867561,99.53273820435916,-899.9418570432546,-199.1079289673021,167.20091931660278,-1050.0313002963562,-34.63958662187316,-195.15160360098417,-300.0070215850228,281.9849798081639,102.59703611038233,-0.048135646977414154,-229.78723997338528,192.83813201836037,299.97623445831715,-52.15151690051531,-295.54331427450774,999.9954858306927,281.8367413018852,102.63311286627739,1150.0539396825338,-229.84893556629993,192.8571570304021,1300.0366455358846,-52.1150246972005,-295.46262605421674,-750.0665711368187,272.7909633609096,99.51417626956622,-899.9390717853476,-199.09643424499598,167.25110800794184,-1050.0961255048728,-34.67303727522524,-195.1969364338685,-300.03196338930127,281.91607218424105,102.6023387683356,-0.03464219737365437,-229.80664341926163,192.869139513652,299.9007303282889,-52.17523603534159,-295.4895019965923,750.056773700395,281.93007699712734,102.46477724459427,899.9777600238032,-229.94040404034817,192.80302382226122,1049.8869962220158,-52.2936311402811,-295.6134452992378,-749.9883313564246,272.96600768072597,99.32625240714808,-899.9797864150538,-199.09482451576412,166.9706155993849,-1049.9521219789158,-34.52919741469283,-195.41679372060054,-299.98074625775195,281.97953832299453,102.60097701180096,-0.04027419934857551,-229.73356421610723,192.76853651476065,299.9959748254762,-51.96475205548631,-295.4396998557813,749.9765330411302,282.01198276696306,102.61567194584143,899.9181204765601,-229.8058933131519,192.7264214083965,1049.937743146608,-52.159124485172946,-295.4968640046135
calibration_00094,-1350.0520048005067,622.9091895116968,186.83102581763964,-1500.0100618858748,151.01339922507736,254.48118511004478,-1649.9735645778662,315.5464992493473,-107.9108587872024,-300.01184250061834,-68.0419300657929,15.109751717447788,0.0120032249865925,-579.8347335341027,105.31431476655582,299.97095574866296,-402.08352042202955,-382.911417984075,1349.9904334840808,631.888348521677,190.1492665582559,1500.0426193562796,120.16436100571978,280.3066757737096,1650.0238950066182,297.8828141407345,-207.9946882949994,-999.9990621467322,272.92690280343044,99.32879805595137,-1149.9707684136113,-199.0295775159021,167.01520314291432,-1300.0254344388468,-34.45308370456877,-195.3982913471175,-299.96474628276354,281.85033710830277,102.63572602472128,0.07676254657141633,-229.80321788922498,192.8530467433601,299.95084053708,-52.156722493436085,-295.5231822610243,999.9515653089762,281.898440421508,102.59316205079043,1150.0072613055465,-229.77330015937198,192.84864748186047,1300.032180168531,-52.057988457315595,-295.37928492253343,-749.9974810650565,272.7750083514883,99.49028618604085,-899.8360337306086,-199.1969640543341,167.27237331809735,-1049.935505595187,-34.58633926308163,-195.17793787909187,-300.0186450391158,281.9044655752045,102.60938044839558,0.1524230037657109,-229.79269189979937,192.8444498315238,299.98976512247464,-52.05604284971751,-295.4812380602256,1000.0069011071869,281.9226745101546,102.57325948154534,1150.0455679790007,-229.80039094400703,192.9082022394579,1300.0606665232926,-52.08159401567304,-295.39745072439814,-750.0180675335827,272.81357704922897,99.50081314783597,-899.9087560618774,-199.03980353204773,167.23518833350812,-1050.0200320959732,-34.682357733384194,-195.0919057614989,-299.9846979574812,281.8702465627478,102.61500933772562,0.03754735684105778,-229.81326742432302,192.91224828948663,299.98869141316874,-52.045109680246824,-295.4899075449387,749.9595516640209,282.0493792534153,102.35421249475705,899.9722872511542,-229.62827913114106,192.64427372052137,1049.9875212661054,-51.8368391570015,-295.61481116205545,-750.0168921364269,272.9168324577322,99.38174466013159,-899.9786593042115,-198.98802948679392,167.0830590582702,-1050.004970612729,-34.45493785342589,-195.3850455383025,-299.9232878254102,281.86315626469707,102.61178652731549,-0.10780560926715829,-229.85354591926884,192.82470240920503,300.00105735991554,-52.12458903023994,-295.4698521594411,749.9712820812595,281.92764337964894,102.65833583022554,899.8824194507652,-229.86822647050423,192.80445096650237,1050.0796336661913,-52.02875111085624,-295.37029702117906
calibration_00095,-1350.009143874038,622.9818954383358,186.80365795981345,-1499.9585911592117,150.97137599553372,254.55230474912085,-1650.0467853538646,315.52520416571855,-107.9145262429646,-300.00128938278027,-68.09574694698644,15.113280252931556,-0.03802897134160509,-579.8087938423205,105.35053022906908,299.96895665563045,-402.08282078016356,-382.9282335729579,1350.0093658336764,631.8786836377099,190.15995333685572,1499.9817533178905,120.24528604343146,280.3371333240899,1650.0573559510924,297.92256055695725,-207.95325229083912,-999.970751432644,272.9616810267882,99.41782401503704,-1150.0691003927718,-198.9924426567716,166.9380178282456,-1299.915273556582,-34.44081060563218,-195.4871917841695,-299.99479619442315,281.90588047082997,102.60118259770574,-0.024448795396311424,-229.90949130477867,192.841079934074,300.0544210682647,-52.03966669136724,-295.43934824341335,999.99398459183,281.8604659579909,102.59565630240154,1150.0536272274403,-229.74117675453215,192.84739508530703,1299.9692708132889,-52.16895450551595,-295.49876761863567,-749.9659321125367,272.91675414240575,99.3252918287733,-899.9999446886193,-199.08899086606272,166.84755914292978,-1049.9813885160397,-34.5245767434148,-195.56798020251082,-299.9725841336049,281.89649517791725,102.56401555052055,0.0446546139980674,-229.88888628641195,192.837569161413,300.0492999670953,-52.12712681886529,-295.4709326856482,999.963410403237,281.94419064196387,102.57410144483148,1150.0553781104516,-229.81797730497462,192.80480751723076,1299.9387407987058,-52.199943987501335,-295.4821162115188,-749.9612775784001,272.92138490484547,99.30812934531902,-899.9965445784081,-199.02674846994583,166.81290286591653,-1050.0511269239776,-34.41814220376697,-195.4868065320525,-299.99380068350297,281.9210014187534,102.59323030894738,0.027272603239706653,-229.96308309653313,192.79498726823985,300.0482577512019,-52.06281926120681,-295.4225459005229,750.0072719751591,281.8971396919133,102.69471144884011,899.9204568761222,-229.89861685108704,192.76353121074328,1049.9901664826903,-52.155286454411296,-295.39006030115576,-749.8710581082464,272.9687724923953,99.33747838096707,-899.9976446126801,-199.03018667492674,166.92038888869988,-1050.0226255453638,-34.50433618211877,-195.41987969288647,-300.02699206577915,281.9583717523923,102.60087142590011,0.07120604536718438,-229.77312843220957,192.9202890612245,300.0678424298082,-52.119454023036866,-295.458879691238,750.057826796019,281.95924244706015,102.607799355915,899.9746390371822,-229.8098928958334,192.83601076704545,1050.020741473589,-52.14254885256476,-295.48581271270973
calibration_00096,-1350.0034196068368,622.9518124151768,186.91632117202562,-1499.9641231109497,150.9804008406644,254.50691733141898,-1650.0049233541092,315.58425926213664,-107.94767597412446,-300.03880658010416,-68.05388642645143,15.181981113520028,0.01633623836266251,-579.729957342293,105.32382848493644,300.0327964282576,-402.1172428812253,-382.9515339364229,1350.0176656693209,631.9204675758652,190.07970612305147,1500.0601317008413,120.18160287842059,280.3300184743428,1649.9357757132002,297.8832949804308,-207.9726256202945,-999.9534672041304,272.98226165373313,99.25205374499684,-1150.0314204777624,-199.00338321710282,166.99120188011884,-1300.0706207756202,-34.56319165474673,-195.4718900982567,-299.9938740595378,281.82790689063495,102.63734220359734,0.049779745306205145,-229.84034346412454,192.77482586553282,300.0230128185583,-52.154757109164684,-295.4727221624634,999.9854257973352,281.9366295092104,102.65373126497514,1149.9056649522954,-229.8639388166415,192.85973027703324,1300.0432882590635,-52.023861672239924,-295.37081405889586,-749.904117338721,272.82044569477614,99.42823682823648,-899.9500686672551,-199.1545728859201,167.0592082232202,-1049.9811875030332,-34.47462562545111,-195.32630821711084,-299.98417162950983,281.8964839686824,102.59884004789392,0.02491210204123899,-229.85167694278582,192.869301904922,300.01249807325627,-52.17140991023637,-295.4849374915031,1000.0357693812764,281.92957391006576,102.57117528287064,1149.94798361232,-229.7642050733598,192.90701212189222,1300.0279565502508,-52.05392580161328,-295.4155955500471,-749.9559078684762,272.7888982140664,99.45679669285083,-899.9684582334521,-199.07611935120988,166.9384897337399,-1049.9374119980334,-34.48547080882756,-195.3418014512356,-299.95096876118754,281.9280277595407,102.60412230272483,0.03924783093103361,-229.82507699804236,192.85006778160138,299.9975522632948,-52.132215682717806,-295.4580221176115,750.0620260475787,281.82636643579553,102.55317742686007,900.028734555646,-229.88552463042006,192.80573394707793,1050.0037309078034,-52.137613822365225,-295.5154552712493,-750.0903467231009,272.85610893877106,99.43917265539747,-900.031769356256,-199.0892199965982,166.96473035212998,-1049.9781836508448,-34.47571151628076,-195.32760847872896,-300.02448746321704,282.00756371314026,102.58175764199129,-0.04696845653205305,-229.80068698787778,192.8484750885688,299.95215671882363,-52.073324129626215,-295.426464905342,749.9286579319528,281.8888483755609,102.60856493321737,900.0293200491101,-229.85564354046286,192.85416030421288,1049.8995272942743,-52.07747485710111,-295.39973535656236
calibration_00097,-1350.0106061020706,622.8940470349137,186.87733809316,-1499.965210947443,150.97139212577838,254.50076894830312,-1649.9889611462252,315.5148334532496,-107.9310787099555,-299.99578884451665,-68.10412800456551,15.075033530215345,0.037105030065763434,-579.8147509211394,105.3327051759668,299.9744586486903,-402.1054570761793,-382.9816107731773,1350.0366015640495,631.9944553547322,190.13073183351202,1500.0078098194276,120.23928467981442,280.33611535811747,1650.0176908081771,297.9285664043803,-207.95731963549687,-1000.0157392733557,272.9095705822826,99.26554172660438,-1150.103389336399,-199.0076253350637,166.97581070903428,-1300.0861906135056,-34.42906542600511,-195.4531490751569,-299.9534947419278,281.9351876622691,102.66342767721287,-0.06338104150110947,-229.78636042099149,192.80746235152304,300.02398471338,-52.060024906870844,-295.38423331516265,999.9627509413309,281.8538927768677,102.58577390857269,1149.9831667160458,-229.83962642910834,192.82919247237717,1299.9498549867915,-52.09615157295452,-295.4812875676114,-749.978277714455,273.1884189340854,99.3458281419305,-900.0036204359868,-198.92871399982997,166.96873997378174,-1049.864142147744,-34.2534574409057,-195.48890779760038,-299.9254541979169,281.91260331226295,102.60926929331012,-0.03413019451614062,-229.84796728924005,192.85233173114642,300.0147372960444,-52.07777203153131,-295.45935988844303,1000.0068199985594,281.8752737885191,102.53355559359862,1150.0313303800071,-229.86727073925994,192.7921261789533,1299.9336167575973,-52.1280157644999,-295.5179166554853,-749.9144146144653,273.11261559707043,99.42130682069958,-900.0245627047609,-198.94647870896588,166.96239062978518,-1049.8861381767479,-34.27101988206028,-195.49137901825716,-299.8952837734405,281.8685952930663,102.63730289505787,-0.08196503435150986,-229.81515079642526,192.84681226676838,300.05183056240156,-52.08321242900082,-295.43993377953706,750.0218880699633,281.83129065677304,102.61914717475649,899.9491497733138,-229.94103183973172,192.82915914902682,1050.0670728074704,-52.072315855407915,-295.4302721894816,-749.9920179591278,273.02546148660406,99.3782686541268,-900.0734258856197,-199.14357964863328,167.07446002767682,-1049.9129048494203,-34.446119501120066,-195.4584113182949,-299.9659743582324,281.81352016504854,102.51975763209802,-0.10742318024671388,-229.8243805559544,192.94410838801574,300.0181818634575,-52.145799042937995,-295.3893223857467,749.924044269606,281.8359725580766,102.52285543800018,899.8791900007172,-229.79188676479765,192.87969448778105,1049.947622325097,-52.06272478464535,-295.4110422480464
calibration_00098,-1349.9850015215904,622.9637244433723,186.83488975199452,-1500.015068072098,150.94394955872033,254.49749970072398,-1649.9905040050785,315.513378655361,-107.90087171506838,-300.03197817320574,-68.14033676781288,15.105685652022125,0.004392785485950154,-579.7986373028425,105.3206997021709,299.98774132124294,-402.1053012814342,-382.9600748176887,1349.975844143804,631.8681864663578,190.15892234261602,1499.9702501363424,120.1692282244737,280.3377983179588,1650.000959241225,297.94507665929075,-207.89458856514594,-1000.040375392764,272.928036921624,99.3967136414171,-1149.995534456856,-199.03863395919095,166.9961411125555,-1300.0182424721445,-34.433701412762325,-195.4559185717914,-299.9556854394876,281.9261027070351,102.63794482799545,-0.04894173606846717,-229.78087985288204,192.80720727507384,300.0087957904015,-52.16857711304431,-295.43844812926795,1000.0329681482489,281.92143569786964,102.54243399912825,1150.0103622585755,-229.75562145845637,192.86878146027718,1300.036485502192,-52.136936373195894,-295.52798825336583,-749.9839762320108,273.0447615187295,99.3246860625784,-900.0098428643836,-198.77432351480877,167.05009212378135,-1050.0356411123425,-34.29016650068096,-195.44457655026102,-299.91836253084324,281.96059602304877,102.65604345017034,0.016730313218413447,-229.78483585873087,192.85335459990216,300.0552587552556,-52.182744647691386,-295.46327762777076,1000.0522072018717,281.96026704596716,102.51119504748232,1149.971543997242,-229.77944032259268,192.8419604047724,1300.0064982654546,-52.11345405568208,-295.4845996546123,-749.9327792441741,273.1666643208358,99.27579569283894,-899.9885885164621,-198.82704362345774,167.07267717007772,-1049.9979797138687,-34.3657251489936,-195.43521294811725,-299.9445538601173,281.9099350592458,102.69264113042645,0.019859624863892106,-229.820541927219,192.83244744416567,300.07678171890456,-52.06160160978362,-295.3318366374372,750.0704492446782,281.7891465762957,102.53415776542309,900.0079506146362,-229.94807207534754,192.8825218558968,1050.0242948816242,-52.27944253515132,-295.47322317188895,-750.0508164622028,273.05441403069113,99.2474571774109,-900.0161572675814,-198.98721275425748,167.00363773091314,-1050.0523970280012,-34.45729094433315,-195.43834944212216,-299.974489728685,281.85096319730627,102.67949176536825,0.03494368927584453,-229.86141768423437,192.77992983057788,300.03158999992314,-52.02498838232709,-295.3950363546319,749.9872054731613,281.8223135108925,102.55039149656501,900.0295918675064,-229.9048781365984,192.78104064184203,1049.9331622415707,-52.21209587603413,-295.437085896506
calibration_00099,-1349.9644052801882,622.9830547137368,186.8641544692715,-1499.980553515198,150.98314894149917,254.49435771579934,-1650.0189461345194,315.5292907631707,-107.88790735095036,-299.96954282068253,-68.0811981671871,15.066352435343912,0.02162150934321013,-579.8124596059225,105.31591421206718,300.01830879933783,-402.06247433494036,-382.8781263361515,1350.0037724104363,631.9429814132542,190.10814162650777,1500.0093756500432,120.1784563582041,280.350226449721,1649.960391045099,297.8724174813638,-207.95761699246606,-1000.0740928184854,272.98539368587336,99.349094119384,-1150.0663271675903,-198.99873060653493,166.97943032835047,-1299.9328237195061,-34.511259321253796,-195.53783641211444,-300.0151244051937,281.8637280340342,102.63657011925488,-0.0034014524826829215,-229.8161019151229,192.85219420982307,299.93660019086184,-52.153996462449044,-295.513202305353,1000.011049748986,281.88477481586756,102.56400845026873,1149.9951262463246,-229.8256012713275,192.89760669734608,1300.103219491994,-52.09770226391374,-295.4333649028626,-749.9656478556905,272.96276527943905,99.50099122424004,-899.9541245803238,-199.12420780855223,167.14928105206147,-1050.1529734866194,-34.54943372076321,-195.14804947114175,-300.01328138021,281.9053821419094,102.62692622874388,-0.08533544730717771,-229.81407251785967,192.84860949769697,299.9555835029052,-52.088908537976586,-295.48223830242364,1000.0245845139359,281.9304014044232,102.55855015347187,1149.9162281333297,-229.76572955209045,192.85783254575824,1300.0574565231004,-52.10221329352685,-295.46318865736214,-749.9556717471115,272.8676170519717,99.44581440246036,-899.9714617163982,-199.0907761745063,167.1130483536794,-1050.1076887251581,-34.517524704836326,-195.1429762077999,-300.1116473580367,281.93572528584605,102.65875762103839,-0.043691119399879116,-229.76802079362068,192.86379867590378,299.9426012624151,-52.128139667575766,-295.4892961262404,749.9942288849204,281.8118642879834,102.57268077081478,899.9697907617808,-229.9948066701436,192.942498078072,1049.9487904658333,-52.16563401103466,-295.506244454815,-749.9036923639776,272.92608752787777,99.38397445712911,-899.8839240110481,-199.08214055741064,166.945606663335,-1050.0775898657569,-34.46937232642562,-195.26952733676475,-299.9820473762296,281.9151546939341,102.55234077149109,-0.07115711557982705,-229.74193045589064,192.77178889540386,300.0501266156494,-52.110520989646425,-295.5223195090494,750.0790159427951,281.8925841373339,102.61496536137322,900.0333079315238,-229.8240115619079,192.94226971319517,1050.0282048148172,-52.11380236953626,-295.4097953859202
