sample_id,s0_A1_x,s0_A1_y,s0_A1_z,s0_A2_x,s0_A2_y,s0_A2_z,s0_A3_x,s0_A3_y,s0_A3_z,s0_B1_x,s0_B1_y,s0_B1_z,s0_B2_x,s0_B2_y,s0_B2_z,s0_B3_x,s0_B3_y,s0_B3_z,s0_C1_x,s0_C1_y,s0_C1_z,s0_C2_x,s0_C2_y,s0_C2_z,s0_C3_x,s0_C3_y,s0_C3_z,s1_A1_x,s1_A1_y,s1_A1_z,s1_A2_x,s1_A2_y,s1_A2_z,s1_A3_x,s1_A3_y,s1_A3_z,s1_B1_x,s1_B1_y,s1_B1_z,s1_B2_x,s1_B2_y,s1_B2_z,s1_B3_x,s1_B3_y,s1_B3_z,s1_C1_x,s1_C1_y,s1_C1_z,s1_C2_x,s1_C2_y,s1_C2_z,s1_C3_x,s1_C3_y,s1_C3_z,s2_A1_x,s2_A1_y,s2_A1_z,s2_A2_x,s2_A2_y,s2_A2_z,s2_A3_x,s2_A3_y,s2_A3_z,s2_B1_x,s2_B1_y,s2_B1_z,s2_B2_x,s2_B2_y,s2_B2_z,s2_B3_x,s2_B3_y,s2_B3_z,s2_C1_x,s2_C1_y,s2_C1_z,s2_C2_x,s2_C2_y,s2_C2_z,s2_C3_x,s2_C3_y,s2_C3_z,s3_A1_x,s3_A1_y,s3_A1_z,s3_A2_x,s3_A2_y,s3_A2_z,s3_A3_x,s3_A3_y,s3_A3_z,s3_B1_x,s3_B1_y,s3_B1_z,s3_B2_x,s3_B2_y,s3_B2_z,s3_B3_x,s3_B3_y,s3_B3_z,s3_C1_x,s3_C1_y,s3_C1_z,s3_C2_x,s3_C2_y,s3_C2_z,s3_C3_x,s3_C3_y,s3_C3_z,s4_A1_x,s4_A1_y,s4_A1_z,s4_A2_x,s4_A2_y,s4_A2_z,s4_A3_x,s4_A3_y,s4_A3_z,s4_B1_x,s4_B1_y,s4_B1_z,s4_B2_x,s4_B2_y,s4_B2_z,s4_B3_x,s4_B3_y,s4_B3_z,s4_C1_x,s4_C1_y,s4_C1_z,s4_C2_x,s4_C2_y,s4_C2_z,s4_C3_x,s4_C3_y,s4_C3_z
train_00000,-1349.9854640944045,622.8786138556821,186.8196426915456,-1500.021305724818,150.95549613849542,254.47216933511984,-1649.9931961918,315.54116255971076,-107.89757744373362,-299.9973676266479,-68.10433856531029,15.153138484952526,-0.018059887979001706,-579.8165685731116,105.28192514234739,299.94916393223224,-402.12463740829673,-382.9186856253433,1349.9818663648532,631.875562347353,190.09668276047185,1499.9786536142383,120.23953330799479,280.32289599916766,1649.9807865777232,297.86841449228655,-207.92868254326564,-1000.028110259736,273.0044437797496,99.39171849166053,-1150.0247628935685,-198.98906495326142,166.9965197155305,-1300.0112778348719,-34.51239920936992,-195.3903833057271,-300.0570192772441,281.9365036792121,102.54120954364454,0.08588359304209156,-229.79043013430527,192.90380760169293,300.0314133621291,-52.12443230614188,-295.43423258732804,1000.0144093541602,281.88419815165685,102.60998797597013,1149.959724721462,-229.82246152800357,192.80565651301302,1300.0178864031743,-52.05080219530163,-295.43715786989657,-750.0028036808415,272.8831820211531,99.38045626688395,-899.9311785714036,-199.0924196155051,167.0892027150371,-1050.0191777977238,-34.686484640322064,-195.40752531852507,-300.0118179837457,281.97662174964245,102.46894363057338,0.04721670021083031,-229.72012724160757,192.90219549148986,299.9868471789983,-52.109674310757406,-295.39726943101834,999.9962045241595,281.89223067385694,102.58223161417158,1149.9283034627192,-229.83652899811494,192.82309898588915,1300.0407858307701,-52.074182371346055,-295.4492713340949,-749.9849639497235,272.8668243929059,99.34487380007567,-899.8895065878899,-199.04885141037906,167.09008757637247,-1049.9323450288775,-34.62974518947803,-195.43838295799156,-299.98058130319635,281.90250666811113,102.54958475527717,0.07279243305251222,-229.78888898432209,192.97031668905086,299.96930557913447,-52.104866464194146,-295.4137377545691,750.0292076478344,282.1630787880696,102.49685064541987,900.0329913700567,-229.57673369261,192.93399964382746,1050.0051316424613,-51.97527968100254,-295.4382331792373,-749.8797156156295,272.8871226874443,99.427140375066,-899.948672954573,-199.0108754875509,167.0533712670344,-1049.983848651789,-34.447529672636904,-195.51521909832584,-300.07135167198857,281.83434572405974,102.5893373377983,0.07851043275718929,-229.8300852757327,192.82739701352148,299.9560886846286,-52.143439254821104,-295.4438122613126,749.9652519109173,281.92231567328804,102.54891971683048,900.0372442725159,-229.802167807558,192.79194333393556,1049.9771019428567,-52.03657206978754,-295.46483997757434
train_00001,-1349.948821891139,622.9418138285721,186.83661965339058,-1499.9536749023205,150.98537875951516,254.51262385391297,-1650.0092017102618,315.5427965088987,-107.90228937111962,-299.97577110261193,-68.03503744020229,15.09584475305136,0.001527563521299539,-579.7863507302227,105.3343672762672,299.9358527671734,-402.0575916441691,-383.0136130504965,1350.014967616063,631.9457285403588,190.08489250292956,1500.0199438025534,120.22570339043473,280.3519862397197,1649.9779153681648,297.89311034898657,-207.96060187056193,-1000.0438867337277,273.0159965002889,99.33658690140511,-1150.0275877930385,-198.99897165813485,166.96000941900311,-1300.0052290400022,-34.38134929123859,-195.4487566389207,-299.98544228673177,281.78974443224087,102.54323900299153,0.062488288344672634,-229.87401517242913,192.83655711361172,300.0552437458358,-52.1286314572184,-295.3546651480935,1000.0160600995174,281.9827540143153,102.58048948517106,1149.950359990601,-229.8184016513471,192.81296698864261,1300.0271515513143,-52.10040591672049,-295.4366988044202,-750.0036909367489,272.762975195042,99.2488447167698,-899.9794561401728,-199.19794651496858,166.9703224252831,-1049.8889373376194,-34.77443609008628,-195.5609653221847,-300.0308590874661,281.84122422344655,102.59861788618538,0.013462304348709861,-229.87338756501802,192.8635922419036,300.06477270288224,-52.13979237921015,-295.3950998414541,999.966576856381,281.9913771242986,102.62005797956367,1149.9161215275399,-229.86062507570873,192.87400693441398,1300.0215304238845,-52.108748413411206,-295.51965191423807,-750.0448952060755,272.7100600083565,99.2646248173873,-899.9490196508381,-199.20781992586276,167.02251014445972,-1049.8946968614675,-34.713426913349046,-195.53636543135892,-300.04826478795184,281.826376864036,102.60370840314312,0.0025761816211824218,-229.890748463296,192.7740091365309,300.04142861978954,-52.106345719623974,-295.3441904519666,749.9231823560575,281.9059826645117,102.66978247698934,900.0939482646627,-229.86753831825717,192.99832967125448,1050.138947676688,-52.11525008599241,-295.29640324573126,-750.100104697097,272.8988545171385,99.25774166964923,-900.101535160277,-198.97436860518056,167.08391287524353,-1049.97663948383,-34.46634205003575,-195.45404047410588,-300.00804942384065,282.02378530493667,102.5430717344293,0.039273676817333215,-229.68049916264852,192.7854966402804,299.86072716398303,-52.0271623199658,-295.46896443684375,750.048581438288,281.9514745385185,102.5694851315881,900.0070070987974,-229.84092694954688,192.96124198350313,1050.0678464665505,-52.058512722807464,-295.46896925129164
train_00002,-1350.0097135178783,622.957104801187,186.89905731196853,-1499.99859679098,151.00106593854085,254.52111464822383,-1650.0422438682795,315.55396023472366,-107.91151598153841,-299.9756170233787,-68.08957109739009,15.10320477823688,0.03727075119360687,-579.8471860250065,105.32944140691373,300.0312435590287,-402.0678809639193,-382.926514596498,1350.011058647153,631.9256025516975,190.0608782623296,1499.9414706579216,120.23931726427698,280.3301680001845,1649.9460576270542,297.9013255416011,-207.91992114725772,-1000.0145105944515,272.961519167396,99.30633998947806,-1150.023842052642,-199.0982635687492,166.99152772110023,-1299.9785949421503,-34.449710445082616,-195.4062386584196,-300.0063183497257,281.9222423282159,102.57429377199557,0.009882509014223564,-229.8270538929305,192.79188480981935,299.9590568771924,-52.126255814755176,-295.4947635911575,1000.0461773019338,281.7898307507423,102.6793770191452,1150.0252675695451,-229.86444973056624,192.75029679262116,1299.9829545520195,-52.0880127156415,-295.41690962273054,-749.9829191289215,272.91916776721513,99.3553548908044,-899.9764863876275,-199.03877362639597,167.01842470563167,-1049.9915677584997,-34.378405530154815,-195.37071425762605,-300.0249326865061,281.97070107333826,102.49967527376859,-0.005624631405384188,-229.75546689204134,192.83860135345574,299.9664504464072,-52.137701815757744,-295.5042979953652,1000.0695224168788,281.80448336038125,102.56413161373548,1150.003451295072,-229.86863562215584,192.79781607985151,1299.9366594196993,-52.03144356347426,-295.44199774702906,-749.9020752403242,273.00010326403145,99.35919486644646,-900.0385547297158,-198.98937244852593,167.0089567690118,-1050.0132808201402,-34.34727826785624,-195.30165215661816,-299.98005094396126,282.05976635390886,102.44942406528676,-0.015023410603743723,-229.7199602454576,192.88729492834975,299.91479695018575,-52.032201310527356,-295.501987355839,750.014824667357,281.8634915009303,102.38748212745689,900.0761829839186,-229.7061663481373,192.80781973347635,1049.9388645518186,-52.118600889499824,-295.4198043652262,-749.9450064661827,272.91800339845724,99.40330832630418,-900.0300677074589,-199.1107960176488,166.90669010991743,-1050.0031609354899,-34.43739870449098,-195.4208372737252,-300.0687829814555,281.8919603701043,102.57821761582898,-0.006312132136270368,-229.79933720175435,192.92437653191845,300.01600505954156,-52.06490342301315,-295.5109423783036,749.9567767047064,281.8356736807847,102.50872398212034,899.952324555904,-229.80713972678575,192.86163010712892,1049.9182108284936,-52.05663626639518,-295.4030691377365
train_00003,-1350.010393289603,622.9420599493386,186.79460081443878,-1500.0060382489971,151.0026421478715,254.47520347403852,-1649.904109898148,315.51847273100543,-107.91432103555319,-300.01822027601713,-68.14128901419762,15.115111528884691,0.019637493454117947,-579.7864119026797,105.42980789319843,300.004417066813,-402.0973485789246,-382.9712532980832,1349.997638326288,631.9829295754613,190.11540830852465,1499.998594397047,120.1840964188698,280.3649170976579,1649.9774021425621,297.89280044855576,-207.9498761346649,-999.9607084054686,272.93592806460543,99.43997940847404,-1150.019458673642,-199.04754962276795,167.00627997314524,-1300.0565752414327,-34.425575922849326,-195.35319551519325,-299.97156489547274,281.91786032920896,102.5628116850572,-0.06479181221596586,-229.8149290219511,192.7452055857496,299.954132716258,-52.05209089484502,-295.43398098008424,1000.0052764296476,281.85450996914545,102.6425145855602,1149.9650273605132,-229.82583692972082,192.79013928300827,1300.057527589041,-52.1042363135089,-295.4336883705628,-750.0963450016212,273.03894258201666,99.25433730759052,-900.1083966388562,-198.96389468764366,166.87851649687008,-1050.0412304357208,-34.368793038439826,-195.66267799144234,-299.9729527742534,281.9351826288592,102.55648850788437,-0.03144929003685771,-229.77163480934553,192.78543878429758,300.00807843345524,-52.07459765782999,-295.5470161365303,999.9913185088069,281.8022792526704,102.56164244762901,1150.020273415714,-229.83494932412924,192.8598280222882,1300.0607772238473,-52.10519396963963,-295.35900175770615,-750.076578597844,273.02018090328835,99.29262537426085,-900.1300013096998,-198.90361643751476,166.91224321239662,-1050.0629420828873,-34.34757074235681,-195.55030287196305,-299.9429339581474,281.8914994658121,102.5204722864531,-0.05046910423028405,-229.79736581755665,192.79886858851685,300.0442284904457,-52.05267616332648,-295.50438997091675,750.0654302517814,281.8983010972944,102.48338790788914,899.9300739199219,-229.88426972989245,192.75080808648352,1049.9222103764607,-52.05930979946568,-295.5671752680739,-750.0328051344368,273.0050712593217,99.32400339271953,-900.079399926943,-198.97671303351257,166.97988071960538,-1050.0333666541767,-34.43929903264684,-195.5221660913309,-299.93809466330623,281.8527910972033,102.66223305384207,0.08336469196831595,-229.8019574442851,192.8587370699039,300.0232388253986,-52.114889345525086,-295.38386394860237,749.984475892817,281.95706349575556,102.61453317637593,899.9520561462926,-229.82310582596799,192.8531479443036,1049.981492465682,-52.070592481957206,-295.5669130240861
train_00004,-1350.0384229246706,622.9261887296192,186.83753826636283,-1499.9959916445791,150.9714326323492,254.5047848592282,-1650.0086096008656,315.5691697693895,-107.98368797469132,-300.0395012730563,-68.09786834734969,15.157660199428452,0.02249264897992677,-579.8225422156434,105.36667320177237,300.0548997144207,-402.1303410104805,-382.97187732420554,1350.033626861979,631.9165475164425,190.0797835368132,1500.0181555703803,120.19615998850635,280.33204679675987,1650.0186604651774,297.954430785782,-207.9042923525417,-999.973611890324,273.0050651115567,99.4036510207226,-1150.0053839538027,-199.03307841386373,167.02338883588877,-1300.0035868434015,-34.464593503881424,-195.41625219433047,-299.9479269296189,281.94451258448015,102.6170218210899,0.03956813349615905,-229.72271732739938,192.80682921046505,299.9922660103243,-52.135754243931956,-295.4257707424016,999.9648001561452,281.89374012249704,102.60810585494944,1149.9977309043854,-229.79457028561978,192.86558051442398,1299.9807317799637,-52.09690504498985,-295.4660655054309,-749.9083170700094,272.97013675222706,99.32785448589728,-899.9255517471995,-198.94121064253358,167.01507105452754,-1050.006947369988,-34.330431952146455,-195.25728626271558,-299.9977226233154,282.0037822487901,102.52457916757798,-0.02072295667144396,-229.76328186927367,192.8142795963805,300.0091758275005,-52.12875387483028,-295.38778423707623,999.9262871086622,281.90995056544733,102.60785771228151,1149.9902927026487,-229.85984830572676,192.8753140173847,1299.9284213676315,-52.11133069447954,-295.46979431848024,-749.8333570245914,273.0008445580556,99.2932714160747,-899.9443046225841,-198.96579437858364,167.05145138100724,-1049.9963092314476,-34.32674894261918,-195.2562293315551,-299.9600593152741,281.89950919218467,102.49891371932485,-0.04210740414144162,-229.74456953352365,192.82594148454103,300.04342289175446,-52.123034621973034,-295.4385220284247,750.0180321101452,281.83151831381895,102.64405262789008,899.9292909985053,-229.8984707704598,192.96218750668345,1050.088651936464,-52.19427090395925,-295.2909526456447,-749.850267420176,272.89286782231625,99.32922664845744,-899.9269043488815,-199.09916493048038,167.04321099024887,-1050.0935422778791,-34.466293346682164,-195.27741612019432,-300.10556511881026,281.8985506526244,102.48175628069443,-0.029368871555579722,-229.73402395726322,192.72954768407737,299.996865549736,-52.11768951753501,-295.51578546070607,749.9264200086036,281.9950756107711,102.56653308257489,899.9433675856959,-229.8165864567513,192.91543091463882,1050.0308348171716,-52.057584860061624,-295.34700599000513
train_00005,-1349.9837210854494,622.9615586716004,186.8188926932233,-1500.0577723765157,150.9807008566383,254.45574617920596,-1650.0108062991897,315.52171571258305,-107.92652772867969,-300.0373691031498,-68.16897889619887,15.070219974279688,-0.043674797041431075,-579.8045759867555,105.33462344234154,300.003239341917,-402.11668394160637,-382.9494848586258,1350.0379203983296,631.9269459543517,190.0716753604324,1500.0656379660911,120.16976063470288,280.3450687159685,1650.0021929688849,297.86649152379283,-207.94685358001254,-999.9825692284414,272.96973443127223,99.41624112550201,-1149.9555758341412,-199.04640300811988,167.04001105132565,-1299.9849440214568,-34.40395301741239,-195.31018600317984,-299.9943710427503,281.9769726738995,102.65806524861841,-0.005797978446763365,-229.7462034439065,192.84933167073268,299.9865804200343,-52.072282899984764,-295.45039969856697,999.9427115944206,281.98547745153957,102.60224580988572,1149.9797811811395,-229.76601544849152,192.80607684806319,1300.0635186028067,-52.088101741308776,-295.37436343846286,-749.9941291368362,273.09861208295604,99.34839983034706,-900.0709198889467,-199.0054420969995,167.02377628964558,-1050.0564247817404,-34.43739538286845,-195.44495325205602,-299.98145360892363,281.90194797053493,102.646338270786,-0.029269760918792596,-229.7513083285486,192.90055079488798,299.97320180111063,-52.00608684133582,-295.38183866642726,999.968648885806,281.9911789802861,102.65766195067715,1149.9788949968379,-229.77972667715764,192.73990411204989,1300.041996001324,-52.00090771443717,-295.39299468770577,-749.9433619163822,273.077420642172,99.3787610090971,-900.0484789197884,-199.01212567584562,167.05371790361934,-1050.081241681609,-34.44836407731562,-195.44550403259396,-299.91242021514483,281.90536275566996,102.68447200715313,-0.049221053932979264,-229.76495622586904,192.94752336730087,299.91682347434715,-51.95378202185256,-295.3585159748825,749.9834728216803,281.98692347444324,102.67351742542891,899.9621438910897,-229.77401833319772,192.91838384204794,1050.009066073616,-52.14223264682664,-295.34183647805344,-749.907652900093,272.99726033946587,99.30496500313687,-900.0149301245366,-199.03339406751212,166.97606143445276,-1050.0801433997763,-34.47390657700166,-195.50609868657435,-299.8601617541463,281.8767250875946,102.54996183832661,-0.06663706202196386,-229.84358019717467,192.82925791664772,299.94663468414956,-52.04480319082258,-295.4663279757355,750.012907553354,281.9735992234399,102.54478811313584,899.99374590779,-229.78938982262378,192.87079582442706,1049.945305650873,-52.144985719253356,-295.45900312843116
train_00006,-1350.0207404104758,622.995657992922,186.8746476220041,-1500.0219584810027,150.95077763957016,254.51524191292637,-1650.0148920984432,315.55810239919634,-107.90869603776987,-299.9876869709587,-68.01871306810635,15.09331130949348,0.011773397777828563,-579.8333059254533,105.32488894492197,300.02392450230246,-402.03050777225985,-382.8928150628047,1349.9895242815937,631.9293160697866,190.08617491399102,1499.93577725859,120.18878443845315,280.34132892492244,1649.9864688933762,297.9060362614916,-207.95782463144587,-999.98956034354,272.96962006782206,99.29753566785344,-1149.9705948939284,-199.02868346975657,166.97617646407122,-1300.045665679792,-34.48713548059325,-195.49042782300634,-299.9991555039384,281.88674610796215,102.5989019203621,0.03834119214489139,-229.81058994411634,192.83174854246448,299.98811034810905,-52.16237943238874,-295.51636915522573,999.9939949826221,281.88571375777633,102.66493918081389,1150.054957647234,-229.89032382510635,192.8664707160963,1299.990810633678,-52.09643537170094,-295.47531101625566,-749.9923327462249,272.98842641074395,99.41848350490963,-899.9949155368721,-199.07579825107445,167.16749777852905,-1049.945443828544,-34.5493287540984,-195.24319553080767,-300.03240583020454,281.87032486670034,102.5725182326314,-0.04773293510645039,-229.8077990278114,192.8775008136027,299.94563726440435,-52.166974809181745,-295.5316256005972,999.9559422753655,281.8987638681348,102.58091330686757,1150.01923181129,-229.82953954261342,192.81554567034001,1299.9766676202837,-52.05825951357774,-295.3875175894818,-749.9731680590866,273.00395646618097,99.50507284009358,-899.9892323720476,-199.0344009592391,167.1150908326765,-1049.977020973225,-34.595719196755766,-195.25229838558835,-299.9989001886295,281.86926244020793,102.63571567977641,0.023545693609002445,-229.81015336952748,192.83655826370168,300.03157635759106,-52.144033078013756,-295.5077203309654,749.9520016879998,281.86463182828123,102.44961187044325,900.0645569860502,-229.76615231333562,192.76856069788982,1049.897329701184,-52.181769946560756,-295.56651298146585,-750.0115250843487,273.01158568868584,99.42339180097034,-900.0059390694332,-198.99561195948388,166.9797541589809,-1049.9364221944716,-34.49108764284925,-195.39880536346712,-300.0019167420544,281.89739124853025,102.5739661422098,-0.054104292196591325,-229.78632383466243,192.85717466353955,300.06408769890623,-52.0391406822994,-295.4646837947932,750.0342744802512,281.9009837004235,102.55598667396357,900.0652937057871,-229.81190697122312,192.88708487070335,1049.9322268975905,-52.114465061781,-295.473350792508
train_00007,-1350.0159344516937,622.9471702856395,186.84623860650754,-1499.9424267513264,150.9408241908599,254.46769800728225,-1649.9957306590518,315.52212761678123,-107.91990202206154,-300.01924989356155,-68.10954629233082,15.134031422601039,-0.039934100074875085,-579.8012006835705,105.3190096578767,299.98377281497415,-402.11212146792957,-382.98448072151,1350.0263715522822,631.9034623753378,190.12809019609819,1499.9925882260081,120.1549258577097,280.35110102758244,1649.982241515833,297.8898047424807,-207.97686215924452,-999.955296420756,272.89245372218863,99.3899621073834,-1150.0457347314077,-199.04437156899283,166.99572122499953,-1299.9582621842721,-34.51098180301638,-195.35834113373434,-300.01250312994404,282.00404938388306,102.57198696547276,0.013058415046069046,-229.82990787706277,192.85412773418022,300.1088471056955,-52.047455340822886,-295.37806713675246,1000.0004803178683,281.9434168998028,102.6257687665014,1149.935731794358,-229.74686729755362,192.86264773773206,1300.0743672118383,-51.977255928539165,-295.42739292274774,-750.0206383724778,273.11021917662845,99.10361917260323,-900.0328757583266,-198.93432442550161,166.7906555099521,-1049.9557129920038,-34.27419970538093,-195.65030895554574,-299.9749773105089,281.95978363452286,102.53460107418586,-0.058052199806527344,-229.86254824279996,192.88638413208082,299.9968265009169,-52.08240949435158,-295.37968600229783,999.9908528632544,281.9189839963143,102.59809895071037,1149.9170436928596,-229.8153724046859,192.84428315181756,1300.0370246474306,-52.08963391403394,-295.4748549345839,-749.935210201948,273.1320691008434,99.10308414295316,-899.9834068755213,-198.90055683349163,166.808326989938,-1049.948766280491,-34.33253279331516,-195.66883881680218,-299.9743291142986,281.9435505333587,102.60757765147734,-0.018233702718551945,-229.9053536860669,192.81191182083586,300.0370835454463,-52.127345272215486,-295.3470138397234,749.9838816036572,281.7784652215879,102.7692671734376,899.973827790291,-229.8671252256532,193.00434774567077,1049.9859985701426,-52.18482569670235,-295.24524244035007,-750.0751630246897,273.03895920208805,99.29968869680646,-899.9406036893755,-199.00662179338477,166.99030730100716,-1050.0184611664577,-34.46283190160607,-195.44478990512272,-299.99735346405447,281.9122607847755,102.65425376093816,0.08251155174904162,-229.90745048892765,192.8921562943044,299.9097222046285,-52.096908710887256,-295.4597999400341,749.9149595967993,281.79979982794913,102.60765350515433,900.0064270258092,-229.75987253070733,192.8097439528093,1049.9429644992986,-52.06153195189821,-295.46995636796163
train_00008,-1350.0227794917207,622.9774379181566,186.89946532506266,-1500.0454198896057,151.02956366513033,254.48121724398402,-1650.0064019551999,315.494755267886,-107.90278583920775,-299.99840439333633,-68.12406437128048,15.07968086878272,0.027786051335898024,-579.8653212007963,105.31905042081925,299.964465045527,-402.0590155836026,-382.94886133643394,1349.9762540265463,631.905968799476,190.09225417295502,1500.041790639399,120.18594718698276,280.3490113695168,1650.0270686405115,297.91371967542665,-207.93962750628867,-999.9949786500513,272.956102832286,99.28554136805624,-1149.9445688995854,-199.0723428707285,166.975199585329,-1299.9821885104632,-34.42609540258793,-195.38357269764248,-299.971275280708,281.9075336829888,102.56561399416614,0.010581144480177863,-229.79539113017628,192.91391014778765,299.9924519257607,-52.11951985829555,-295.4238792579129,1000.0544644426435,281.82899025501143,102.63241902118381,1149.9465184757307,-229.81613356829314,192.8654476777391,1299.9580246684827,-52.08840885296857,-295.456765543971,-750.0131287445788,272.9936091169599,99.31962752005929,-900.0432768687953,-198.9849779636229,167.0686897975862,-1049.942416672248,-34.48406315675959,-195.4452978217322,-300.07408435521086,281.97382422408396,102.61154575525877,0.035047734464697326,-229.78329882245828,192.85625620198584,300.02423529397754,-52.166625522865864,-295.45715975960536,1000.1345525727133,281.959010489008,102.56784667865674,1149.9588439982472,-229.818139940655,192.8802587623943,1300.0032520163215,-52.144896325729974,-295.4842849840038,-749.9944417944913,273.03679857958633,99.38198902628342,-899.9986604266645,-199.05728797667882,167.01538361409933,-1050.0264295968223,-34.48406944069987,-195.45197626948038,-300.05216583729907,281.9387895955503,102.57587338693382,0.013112633694283546,-229.69470271138277,192.91811319490225,300.04531931045375,-52.21519109917295,-295.47674702361587,749.9589339473496,281.88771090649993,102.63002574350115,900.0157062140378,-229.7530484879925,192.8461212216774,1049.9788027886393,-52.057341785310186,-295.49152222217543,-749.8888054923302,272.9507483014478,99.44070153280255,-900.0161311454566,-199.02310728295913,167.03211556993742,-1049.9794417610747,-34.471635223964924,-195.3538997119036,-300.01264728196855,282.03008917648935,102.62003391336378,0.042135240890714076,-229.7375510411383,192.8291754723587,299.99009923740994,-52.173026420789085,-295.45975117379487,749.9368403921671,281.8832945365866,102.64483635846781,900.026798360329,-229.83816569038257,192.79401020863313,1050.0136407905418,-52.1037966312401,-295.4847395658384
train_00009,-1350.0012265506143,622.9509556476869,186.82431620059285,-1500.0067301931767,150.9671805921136,254.55471906444652,-1649.9755292435275,315.58268825234455,-107.90296748528111,-299.9953695828931,-68.0889829674096,15.174551612072031,-0.01883649316032747,-579.7753710904188,105.32312652479906,299.92305413707044,-402.12677939537696,-382.98762845239554,1350.0769178130568,631.924958545121,190.09901714501987,1500.0083024819517,120.17482846296512,280.34469635514654,1650.03204759828,297.9220933615216,-207.9689903064159,-1000.0331597401675,272.9092030648776,99.32344314800744,-1149.9853396873566,-199.06194374478184,166.96485011302963,-1300.0718619341776,-34.455527232353454,-195.45427966561502,-299.996058248773,281.8703367679949,102.56092207352178,-0.003987646042367319,-229.8552847032888,192.80429474604523,300.02197736122775,-52.096789889900585,-295.40890279833803,999.9949922371325,281.85238875529166,102.59245219090363,1149.9977087336003,-229.74770326389995,192.80465527346553,1299.9626354456302,-52.154579613309295,-295.39891871188985,-750.0683228021041,272.9337075040161,99.31496416038641,-899.9357941520274,-199.10079758026325,166.90785795931365,-1049.9154852112156,-34.509546775980525,-195.56708380468913,-300.03148955158076,281.81302224092565,102.52627100510699,0.021730903448740874,-229.80965283309888,192.82687055498192,300.0529074742393,-52.10519997534907,-295.41681666244915,999.8992033481509,281.90814740244844,102.6627956300784,1149.9897508227066,-229.77696241046598,192.7939004878365,1299.984521015611,-52.11337971821271,-295.41936519632105,-750.0105276167895,272.9319684712797,99.3002912039893,-899.9312691720378,-199.0213550634419,167.0331060072636,-1049.956689090173,-34.45619893264906,-195.52537800781855,-300.0665939394284,281.8712539224727,102.54830467275742,-0.05269223588223982,-229.7890317105984,192.76280760517747,300.01922165953107,-52.03930573749389,-295.3252027338028,750.0053361211124,281.9937950555786,102.65038667621108,900.0177305179863,-229.6375025113541,192.8869417037504,1050.0814358578293,-52.00074448990811,-295.32466425457864,-750.0769410892368,272.93335699599777,99.35970619771514,-899.9567255933774,-199.07013415719908,166.99188508142157,-1049.97833689284,-34.36837915310148,-195.51575259328803,-299.95205056892615,281.82866226657666,102.5468438831925,-0.029151891659180293,-229.80465348355278,192.81429762294198,299.99357794860066,-52.117417360843625,-295.4378104905807,750.0008144090883,281.8639877132782,102.60933845192923,900.0543113777139,-229.7909445815579,192.9199685563343,1050.0655564623205,-52.07006154222164,-295.43678409306
train_00010,-1350.0044323198151,622.9396450743081,186.8225160670352,-1500.027832406169,150.99557319892654,254.49767957974433,-1650.0069748098485,315.480221099587,-107.91755429795568,-300.00958402627845,-68.0647190257192,15.110942401186222,-0.019300255169060095,-579.8308642988643,105.34609160901915,299.9787516391504,-402.10538594866324,-383.0037951405898,1349.9811487361028,631.8949290578122,190.11513156091735,1499.998530707059,120.16410048218478,280.3270910329997,1650.0266436414283,297.96389826604246,-207.9739442849596,-999.9951663025922,272.9977882055454,99.33714227273626,-1149.9564431298659,-199.0361816566794,167.0401786862483,-1300.03784345418,-34.43705969421571,-195.4087577788426,-299.98007167698,281.84926205947505,102.65504691949113,-0.0006354574822930283,-229.7616681713738,192.8390004909261,300.06056913438516,-52.05569437091487,-295.3981396973212,999.9772812986877,281.90285495565405,102.59293622675206,1150.0310630432323,-229.75185321357793,192.8065375205171,1299.9492717514638,-52.21475436647962,-295.41661729621325,-750.0367760592306,272.89967052791843,99.39006941462188,-899.9526047554316,-199.12821212685586,166.9445190236538,-1049.9253702784201,-34.435385883776654,-195.50334301362162,-299.94270081400464,281.872569366581,102.63841588064808,-0.04578017315037837,-229.79747110498369,192.84028474791214,300.02533381904925,-51.975131971120256,-295.32452964545803,1000.0182691081112,281.90241303657535,102.62456855599198,1149.9795226770575,-229.84807124999665,192.852342415124,1299.9811932168598,-52.17436868099735,-295.45920006128057,-750.0252629283364,272.9253439484259,99.41639741904378,-899.9784380273504,-199.04216890309547,166.94263034999864,-1049.9180939301773,-34.4347805032697,-195.42805534552167,-299.987325151674,281.93598761198774,102.6090945271078,-0.04379497879624838,-229.78140891401142,192.8552274371064,300.00366425034576,-52.05873319906037,-295.38352922594385,749.9784755377461,281.98594007012434,102.85605952537774,899.9695035823221,-229.77490388799563,192.99811192677163,1050.0954039710716,-51.98881021494436,-295.19123311716857,-750.0013648462246,272.91964901986023,99.34278108158819,-899.9433783860768,-199.03445936181686,166.95901144970887,-1050.0048279087314,-34.476061950639966,-195.42034862498775,-299.97475849951684,281.8935918784009,102.5351316287799,-0.060835081650260775,-229.79056918482243,192.76203113845474,299.9418473115954,-52.12581665144362,-295.4362560795559,749.9580516935023,281.97207404993867,102.64395721087882,900.0670406170865,-229.8025245612055,192.83328433744805,1050.0434603501567,-52.10585514866617,-295.4467193311884
train_00011,-1350.036452249265,622.9189964647118,186.78160506180922,-1499.9813699847737,150.90691107941117,254.50458795575128,-1650.0029431473167,315.5061203866515,-107.92791638112212,-300.05142845646424,-68.05841390875135,15.117199084152608,0.0036791768682784883,-579.8246221480053,105.32875702114723,300.03709772702683,-402.1401667463085,-382.9863487335561,1350.034187681785,631.8831849767745,190.12506228889626,1500.0347346115473,120.16081446405157,280.31009740156424,1649.9985270011632,297.9059376336453,-207.95697466619453,-999.9621284456445,272.97857154937714,99.4517322087433,-1150.012837379096,-199.05153706723348,166.94855060723626,-1299.9027838051943,-34.413038422524636,-195.4029911954211,-300.01353632635573,281.91286638376715,102.58659278413812,0.005494922687309188,-229.79171302344702,192.79815163306048,300.00225899756066,-52.09714594687949,-295.46154809800294,999.9061125360057,281.95106964083885,102.57246652193734,1149.9811553610627,-229.85184889460348,192.81237346774242,1299.9893946285247,-52.09201125987069,-295.4224885083837,-750.072145365986,272.93519441383745,99.31709066699382,-900.1023754707321,-198.97209284804075,166.9902337536768,-1050.0663713925853,-34.49075855361767,-195.4315353702123,-300.0097062886081,281.8752308279405,102.62129483306259,0.07342962531463784,-229.805006878084,192.83123742218808,300.00734001063734,-52.01833997711921,-295.4810702789061,999.9236558063649,281.9105588212772,102.51610119450606,1150.0320496841266,-229.8327902220302,192.8273448073177,1300.0636901195778,-52.114861626093344,-295.4128368849505,-750.0820652845938,272.9368205445774,99.29088967974877,-900.0989456036602,-199.0392797222035,166.9674378585021,-1050.0734352712766,-34.413071707193104,-195.42451762431892,-299.9784804119239,281.84335714011297,102.61832347960409,0.10027773288271472,-229.80625198745435,192.80755927237644,300.054762005138,-52.02842879063004,-295.4542472408904,749.9205707325915,282.0586097324875,102.5673533516329,900.1015940526438,-229.68540031813532,192.79138086967217,1049.9898071323262,-51.95592524816068,-295.5136559514309,-749.9720382721912,273.0134214781733,99.29459450280986,-900.1222528069952,-198.9676318978471,167.00206635869108,-1050.0574550135564,-34.405405326669275,-195.39270168113612,-299.9273743747823,281.8428853723319,102.6249985803256,0.027945194729511787,-229.8142308006796,192.8645798046554,300.0596498744421,-52.07688413345348,-295.45780949583417,750.006655614916,281.98029684484123,102.61325068572013,900.0778092801586,-229.71378450933042,192.86063401595737,1050.0389080851035,-51.9890558711944,-295.4217353322634
train_00012,-1349.962186290384,622.940860692411,186.8674828152042,-1500.0051248199566,150.98690303153325,254.46194808000564,-1650.0006395800926,315.60457311076345,-107.99612167877373,-300.00130983892427,-68.13060510791,15.1074395665585,-0.011069037798981487,-579.8708940997162,105.30754902254613,300.0097359242521,-402.0840023755386,-382.88785235717745,1350.0349803931008,631.8324572714457,190.09785588936413,1499.9597255595727,120.14914638673149,280.3476701927231,1650.0158857790584,297.94111765356354,-207.94696372746904,-1000.0510630657444,272.95772166775964,99.3038537443918,-1149.9664393455068,-199.02540768137004,167.03647447056966,-1300.0626114161246,-34.481183900243664,-195.41369031764947,-299.97654680490785,281.9413677272123,102.57463656110404,0.011050294980985935,-229.78930731722113,192.88593041417963,299.95234919275185,-52.110633972661624,-295.4883774463566,999.9621146213325,281.94212162922395,102.5971581246615,1150.007698073789,-229.78552174196602,192.83895366379681,1300.0052996910692,-52.16165339026838,-295.4180619350614,-749.9807612292244,273.00498080296063,99.34532005375083,-899.9988368964006,-198.9631850044363,167.15534275723348,-1050.007444433964,-34.54007835708471,-195.31673380933293,-299.9417759241433,281.9111460520286,102.5904340879679,0.0018159129049785012,-229.77301233608233,192.88320048228755,299.9841884652704,-52.11754039111477,-295.50383149712934,1000.0439038984846,281.9911528184682,102.57662395286759,1150.0905574403464,-229.76053269812832,192.8394166227172,1299.9653032106696,-52.180257043796324,-295.48078853641823,-749.9629509360328,272.98870970844894,99.42933010836424,-899.9531079122987,-198.95011917077045,167.12076517733945,-1050.0911660803324,-34.415476211731,-195.3660067583041,-299.9987780738043,281.92881248680055,102.5717111570888,0.08258204717901681,-229.74887669470988,192.869641304505,300.02025076314465,-52.105352879870665,-295.4277034430106,749.9568853429973,281.9531611507924,102.46201621721396,899.9494960049656,-229.85052883784923,192.77280600332287,1049.9321368896954,-52.10358160906941,-295.5773819451768,-749.9838409015931,273.0255004730081,99.36576177986568,-899.9399949524943,-199.06114273737555,167.00607549029777,-1050.0316171053769,-34.48826235953933,-195.37840127700866,-299.9877980742409,281.8883131046247,102.5735859388468,0.017356431685707673,-229.7702408493198,192.88191453698076,300.1164888153863,-52.04687306746727,-295.4106826454232,749.936509186323,281.9391255465375,102.57516266191868,899.9384209665902,-229.83116048540344,192.82162703025554,1050.027751438347,-52.1167181034858,-295.4446923619127
train_00013,-1350.0014964789484,622.9174371913546,186.82371495374605,-1500.0275334957255,150.95733023800213,254.527844464265,-1649.9883823485445,315.52267162130033,-107.91646167262644,-300.01767089015505,-68.13736519278251,15.156472526684357,-0.024362842688837993,-579.8454060159785,105.287703157653,300.0016049629702,-402.1286065332035,-382.9081836708985,1350.032031125805,631.8801108940556,190.11216483610414,1500.0115410927983,120.19875045487821,280.3722671852803,1650.003906274163,297.87814913513245,-207.93467410948054,-1000.0175882578731,273.0106943226654,99.36880133915055,-1149.927022886722,-199.08480633616395,166.91862122437016,-1300.017858781627,-34.3871307946077,-195.4144719550591,-299.97850037982073,281.9308742432352,102.49584276139208,0.07578726215033918,-229.7501333556906,192.9093285657856,299.9617252041578,-52.098234938655054,-295.50222896823044,999.9244428568898,281.88839339133426,102.55133403528744,1149.9339421078853,-229.8011693148783,192.80479765139236,1299.976312393935,-52.02989932363728,-295.47575515487836,-750.0012559899559,272.97121171545535,99.36756103862047,-899.931946674985,-199.08119735312525,167.1901283937695,-1049.9524444677725,-34.604800878836386,-195.34168871622472,-300.02834872265026,281.91551070851796,102.56592114831362,0.09758726020500609,-229.71059276723736,192.8623117706294,299.99396512022514,-52.04437132590661,-295.385567860447,1000.0260476050051,281.97885398037556,102.60101169428448,1149.9967521270862,-229.8463073333086,192.78277411372784,1300.0124881393883,-52.07136719237471,-295.50879388465654,-749.9906808075823,272.96827966846837,99.34762933565106,-899.9565028374212,-198.952617914504,167.23917576449753,-1049.9775912186178,-34.65780505635194,-195.30890489930044,-299.9974942530779,281.9012376643303,102.57746714617159,0.10265048443086737,-229.7311605751705,192.89354886759946,300.01516012823464,-52.05265338784878,-295.4758069548299,749.8363135043941,282.15371429468377,102.63023488682107,900.0777861821724,-229.54619387798343,192.88840765082008,1050.0101747269046,-51.85578677615852,-295.4784456701725,-749.9901888878388,272.9965983471361,99.35306463649822,-900.0012027052243,-198.93959925948525,167.07599864149137,-1049.9613914492008,-34.5506000329691,-195.3969817728465,-300.0277505732153,281.9014801463712,102.56481532521468,0.02692180603964201,-229.84065596711372,192.775897293306,299.9458283241923,-52.04039242696661,-295.4859197013092,749.9186353387288,281.98792304874723,102.67485958407099,899.9335971349713,-229.87676502026503,192.88701892949035,1049.948569218688,-52.1356798847871,-295.4101772979916
train_00014,-1349.9794169244533,622.9417970323877,186.82613639997203,-1499.997375968222,151.0202780311382,254.48716156945167,-1649.9711738038734,315.53302154341986,-107.95967436375942,-299.9709361981141,-68.12686047921706,15.179720370992909,0.012915079674944943,-579.8395589231191,105.28680641171056,299.9816748910584,-402.17281099612194,-382.92174466149135,1350.0327435112774,631.9431808953541,190.122024617449,1500.009040383997,120.19968199436923,280.3778812818065,1649.9467993877518,297.910413519486,-207.9767461585683,-1000.024483400728,272.95824740212436,99.40045581126132,-1150.0338246418391,-199.0790685822169,166.99396199657645,-1300.0378932152255,-34.498204014173844,-195.34488151557764,-300.0463707586681,281.9407407796213,102.5367781798408,-0.022180364578138125,-229.73720598159605,192.8013459381754,299.94963303600395,-51.99628336468616,-295.4191510714555,999.9261471340637,281.8478869165539,102.59581220740293,1149.9657955321813,-229.7750522994384,192.79245122266863,1300.1155442377767,-52.119476075519145,-295.39042202101155,-750.0775721229313,272.95988531018753,99.22204453588482,-900.0595419262457,-199.0058595491044,166.94333777353984,-1050.0000517282338,-34.53418542691644,-195.48492136058738,-299.9825293927809,281.9523128361113,102.54286230022944,0.025049931414708206,-229.66594471214893,192.86933444308124,300.0775554770722,-52.05688476205876,-295.3745415446615,999.94236844762,281.91208082541954,102.58463196407986,1149.9728781927952,-229.86054418027024,192.85308472102872,1300.083224375411,-52.08277210052791,-295.40925397934177,-750.0969425595792,272.95687629667805,99.23973783517599,-900.0311484104807,-199.03128658696167,166.98643288963942,-1050.0053217648278,-34.51191599358493,-195.467034687132,-300.02641611881285,281.9486214226233,102.54830413036275,0.005668565202124011,-229.73435894175856,192.83027871064158,300.1103547773059,-52.047925612428045,-295.48928568144464,749.9909018851985,282.0570306754488,102.69338225105764,900.0062557631718,-229.65794333844036,193.00165705174967,1050.0998153236521,-52.01736353490269,-295.2925562719927,-750.0067613757624,272.9878648609134,99.40345786656131,-899.9935103014641,-199.0417026966434,166.94361550320082,-1050.0965558085902,-34.45167805688404,-195.4830583130052,-299.8650720238852,281.8717079436629,102.56652341732365,-0.023721698557083396,-229.74900287652775,192.8045415952722,300.08604908625637,-52.13166691527281,-295.5112729092255,750.0066053523578,281.9829737337805,102.56043712902533,900.0508220848325,-229.77760708593087,192.82836951632478,1050.0751366662369,-52.200009168043565,-295.472430608883
train_00015,-1349.9553612901295,622.9290446829621,186.85600231902225,-1499.9687911027816,150.94470188724233,254.47398108270733,-1650.0004413911115,315.5145710065802,-107.8989915237137,-300.004940477612,-68.08693643723532,15.118649655688282,-0.005226834383280112,-579.8808213099181,105.35471597362971,300.05084275086597,-402.09817052823036,-382.9610293615314,1350.0619796118021,631.9500910308141,190.14146323386802,1500.0306007794536,120.16407007042558,280.2927422328924,1650.0045159891965,297.9455971710615,-207.90819072661833,-1000.0588996530267,273.02912159656086,99.35399586661714,-1150.0314449901296,-199.04211462924965,167.0379927356772,-1299.9714349565593,-34.40723927314833,-195.38114371826825,-299.97963904060873,281.9161112606735,102.59124673779264,0.015675842797444155,-229.82824131129087,192.78653728118817,300.00139248259075,-52.033008961587576,-295.4927254042239,999.9083756071998,281.8611138132937,102.56234869491526,1149.9522053796927,-229.84715936312125,192.85038442821346,1299.9787069309564,-52.180606837641385,-295.40255248779414,-749.9758894766567,272.96333654970493,99.3674213647183,-900.0004336618447,-199.03414023204584,166.9549213524895,-1050.0451328715376,-34.43202888953598,-195.44257092619526,-300.01379927802935,281.951119763828,102.6139949948789,-0.03149334169721975,-229.82404836838333,192.8411127160602,299.93332453942395,-52.0406206798554,-295.4541646008979,1000.0937092723167,281.82720418212955,102.58564696231365,1149.9426127193756,-229.8375087005383,192.85632374300764,1299.878471566762,-52.19195132757034,-295.4403445525622,-749.9696181855919,272.9306756882305,99.32639900646221,-900.0170247469088,-199.07277976171383,166.9932495823744,-1050.0243819005902,-34.426899964448936,-195.53096594179345,-299.9839376952034,281.96298846450566,102.57888674927857,-0.017265001045661175,-229.81524501059567,192.88673986483775,299.955597972927,-52.088620968558985,-295.4872923523537,749.9499030819645,281.8879226422708,102.62406873208312,899.9846622083405,-229.82781347868556,192.78328480297162,1050.0033552838445,-52.06263350350259,-295.4398256486193,-749.976831907795,272.91887308463265,99.44568034744981,-899.9616875204778,-199.07297974148113,166.95149732944813,-1049.9821458331178,-34.460479983920955,-195.45623643145348,-300.0410626776473,282.00605005672526,102.56193193702998,0.02256490312332018,-229.74603083972914,192.8433431250919,299.96507883690873,-52.14938335348569,-295.5130720213373,749.9313786704747,281.8561572231566,102.50772688302811,899.9758016541163,-229.79031533065825,192.7896679892348,1050.0208856471763,-52.142891676623236,-295.41266096003335
train_00016,-1349.9555009847106,622.9553828071919,186.82053265554023,-1499.9347250278167,151.0060360158831,254.5163207803378,-1650.003054729324,315.51706587458114,-107.91467315087736,-300.0521810163376,-68.06531735485588,15.094945983038375,0.013055267526577478,-579.7431544842385,105.38710382495516,300.0473742038391,-402.13887747209117,-382.95051369369844,1350.0095514311902,631.9068698712656,190.09604254947214,1499.931060743948,120.21156006194371,280.3368937381807,1650.0416043073335,297.95719689281503,-207.94330323263904,-1000.0307601614485,272.9054601722644,99.36943661263146,-1150.1113000627508,-198.98021137695233,166.99840929424246,-1299.989964608227,-34.43974626640568,-195.46651600157745,-299.9658135412742,281.84004507266644,102.60707909993906,-0.012244237645455399,-229.87793851492975,192.79339757820824,299.98313120674464,-52.004577447578534,-295.4492330436519,1000.0495972406744,281.88796370908517,102.5990552871585,1150.0099205112767,-229.8764955471005,192.89926794685505,1300.000256747972,-52.16324353623094,-295.4291314048329,-750.0622314939176,272.89818538700564,99.42219779595828,-900.0095125085542,-199.1011571435524,166.9217683009855,-1049.977456992155,-34.4245658176257,-195.41460185378642,-299.9323495951133,281.870427072277,102.68362357844103,-0.022902929095827057,-229.79952895921826,192.8477448805755,299.9721108789056,-52.05170818432852,-295.4075634743706,1000.0016967323402,281.87331132316376,102.5873224667348,1150.022275119619,-229.88024957085207,192.86697117332085,1300.0494883312706,-52.167802631473734,-295.443560959188,-750.0861135529931,272.9272215167107,99.37056888961352,-900.0843696999656,-199.14547293329213,166.89528433037952,-1050.0330835195982,-34.51916044552765,-195.48925242801033,-300.03815243167617,281.867668817076,102.63877011359726,0.038316509234526216,-229.87228089671842,192.76790874326892,299.96802205843954,-52.03723616805255,-295.38873757040705,749.9296736612293,281.8548255197032,102.68062411844215,899.9907591534388,-229.82466906331305,192.81949053223133,1049.8853674524312,-52.18806201448241,-295.4955987041482,-749.9195368259776,272.93910434392717,99.44611119539088,-899.9242826076212,-199.07938770991655,166.95714151244093,-1049.908605583193,-34.567293616383196,-195.43544579372866,-299.94447710498014,281.9079900652927,102.67179294579037,0.01657978528220285,-229.77599640793218,192.824337024767,300.02718824952524,-52.09231232276938,-295.39851131276174,750.0885656411226,281.85668240874725,102.5646113908254,900.0222437782382,-229.74952445163902,192.8703830793434,1049.898285717365,-52.21303834984679,-295.42181224835264
train_00017,-1350.0676838011861,622.9302878409843,186.81351229795837,-1500.0578718787337,150.94558174735224,254.5208037517091,-1650.022245843881,315.570302307223,-107.94792974914841,-299.964514780844,-68.09650071609028,15.052693236265917,-0.09720312559843525,-579.8535583566533,105.36858391557216,300.00698715835784,-402.04724620350476,-383.00037496353207,1350.0102951562353,631.8839479554684,190.1452823402686,1499.990735526332,120.22684710043066,280.36131339155673,1649.9861519641458,297.90823587072305,-207.96986347570123,-999.9237465416373,272.9330088061929,99.33633422460849,-1149.9488854965077,-199.0680104942554,167.05138331861505,-1299.9573032556732,-34.452127195908794,-195.4208740685676,-300.01127727865486,281.93664533212177,102.61961220803013,0.08950573446894194,-229.79167222575276,192.92978169659327,299.99681559483884,-52.067005651990506,-295.40899403146204,1000.0216612835106,281.96484988337573,102.58744755856847,1150.0012899234805,-229.76489553646482,192.8188556287127,1299.985332502362,-52.11797808248302,-295.44975326583375,-750.044382448485,272.9450197777654,99.42231978319744,-899.9852864785053,-199.10867734516572,167.15953040704116,-1050.0130124047591,-34.59772472176684,-195.3333890218041,-300.048638846865,281.9924778221619,102.57418349736022,0.07105255922073665,-229.81335841721906,192.9022757063133,300.00333494082827,-52.083590090786856,-295.4339773808816,1000.0116520490852,281.91634401463716,102.56869148881185,1149.9972815028668,-229.7303539319995,192.86016555673118,1299.9442388441944,-52.05154250974736,-295.3674075783851,-750.0210928955629,272.9549254672163,99.50525173079556,-899.9460988567906,-199.11073077806998,167.1027179303886,-1050.0194097893034,-34.518781081699935,-195.34114686178685,-300.0799064382773,281.9479498717944,102.58902101465722,0.034603830092006724,-229.81291167464389,192.84120872084807,300.02020401814974,-52.17527314260231,-295.42329475878836,749.9510307243519,282.0707686690225,102.53480955747779,900.0558627780061,-229.69295957069662,192.8243442780064,1049.9435326744715,-52.016602029217864,-295.46328504163915,-750.0446791817523,273.0055646552896,99.39629153078675,-900.0014772592231,-199.04168059434878,166.9705028107409,-1049.9401618807349,-34.53535819318367,-195.4043560748917,-300.0374627753525,281.950744730556,102.53251485077833,0.04493854157132064,-229.863982613605,192.82379923737727,300.00060638107635,-52.08491315494468,-295.41804115807685,749.9598578812038,281.83461976656463,102.55865481641735,899.949217066843,-229.77316108481398,192.8550083082301,1049.9881534794454,-52.09957026491824,-295.4074941330874
train_00018,-1349.9924439696235,622.9556026678183,186.8744650459546,-1500.0394229624408,150.9310066428552,254.4969882116278,-1649.9834971445423,315.5359143520798,-107.92854194431568,-299.97329940933156,-68.06716856116118,15.075158611230718,-0.026334030158665894,-579.8229846850902,105.36501092047912,300.014341667333,-402.068232240782,-382.96802088201247,1350.0163026568107,631.8661099939657,190.09164533784434,1500.0009349561801,120.23816432773059,280.349981464984,1649.9983463429912,297.9022563895855,-207.88147559649423,-999.9954837040233,272.9140103384954,99.38248986833241,-1149.981250634594,-199.03474362881673,167.03084720931028,-1300.0527984185605,-34.4623456553336,-195.3845181377875,-300.0315334437518,281.90980565004344,102.62922943764228,0.05882989226520133,-229.81124589230777,192.83141884689525,299.9863746855633,-52.118254123620005,-295.4130578412142,999.9743470746025,281.8891505671473,102.62008836291477,1149.9820486985425,-229.79610462596509,192.86052130007525,1300.0243826267842,-52.14123980543447,-295.4968225879694,-750.0347546236558,272.8659580994753,99.33322941616554,-899.9006839033284,-199.01142434350228,167.08682761012287,-1050.0486633395035,-34.497056111741614,-195.3082347153063,-300.04423967096693,281.91272979412213,102.59011388634237,-0.005038541024811147,-229.8072588874037,192.7415895014312,299.9846191059065,-52.05790679472018,-295.3759970101114,1000.0025020784917,281.87381246639114,102.66449976470307,1149.975279718607,-229.8594250822989,192.82952566503343,1300.0374619752429,-52.17007084893086,-295.5340640262523,-749.9377270132924,272.87670462249275,99.33476302682567,-899.9968449215529,-199.03996659962687,167.11434764212368,-1049.9555442654507,-34.52257703567801,-195.392188530408,-299.97736033359683,281.9071156517411,102.59793777452226,0.08233499943876516,-229.8345447085919,192.75435947032264,299.94247209522575,-52.146876432936835,-295.341363475663,749.933976371312,281.97352592516467,102.7022232851194,899.9658830961712,-229.88942281244778,192.84810151847023,1049.9866387947457,-52.000640710429174,-295.28880972779353,-749.9046020924126,272.9859853536905,99.30017322741696,-899.9583681201557,-198.99687414503572,167.03059200552863,-1050.041967927662,-34.49178942272153,-195.38304227229227,-299.964099365799,281.95773847358106,102.60424797009011,0.029915092921307007,-229.73772750289794,192.74493625074876,299.93236576398317,-52.12943141112294,-295.3937115595432,749.9193411739197,281.9238470521788,102.6533903036342,899.9407102425179,-229.8630652725657,192.80948661414197,1050.0167543176672,-52.05648293813554,-295.40262470618615
train_00019,-1349.9913786192806,622.9205699033103,186.86536833949157,-1499.967174770939,150.91049864573014,254.4508336389245,-1649.9426706981708,315.50115668708713,-107.92441720000913,-299.9919144355396,-68.10486379729394,15.116631646637133,-0.062318996045271496,-579.7582932488723,105.32813697108007,299.9946645413158,-402.09544312173017,-383.01277273021464,1349.96213478394,631.8751271988674,190.0894464639768,1499.9933952164395,120.16086484524011,280.3359304364148,1650.0194444590234,297.86543413560645,-207.91736888701692,-1000.0283791794083,272.9685889102368,99.31776957550149,-1150.037621891686,-198.98087744713067,166.98777181051864,-1300.052601720219,-34.347866182450666,-195.4153419422428,-300.0106145113025,281.86860594322627,102.62995580073603,0.06703773346307638,-229.82826484908742,192.8720795364871,300.0792040383472,-52.068773973118375,-295.4354225416093,1000.0328784763796,281.9093093400851,102.64833571841685,1150.0655977333222,-229.8677265858186,192.8739159526414,1300.011442729964,-52.05237331711033,-295.4793749510393,-749.9875505059892,272.83549107998294,99.40069901199513,-899.9720134803007,-199.13647509184761,167.02642561285762,-1049.931671820205,-34.661066831283,-195.38469828447705,-300.01475381415503,281.91684930574655,102.59653792491409,0.019906369245316115,-229.7540098886685,192.87155615371805,299.9971361030146,-52.121375743329466,-295.44155086023125,999.9641029395248,281.86680391596695,102.7019721724256,1149.9830134095637,-229.78680920281073,192.87034511199846,1299.9906180887021,-52.05468198753348,-295.4419147288624,-750.050318034724,272.84841957254895,99.44339124414142,-899.96264325002,-199.18444631619144,167.07177600194416,-1049.8576871416212,-34.6715498305482,-195.3179577661132,-299.98499572822243,281.9966244906451,102.6539468821819,0.044548144319908244,-229.79052805413338,192.8074281933953,300.064671321761,-52.10729478951229,-295.464079431185,750.0445453278621,281.9662692436338,102.60245446582555,900.0358773750281,-229.69130355428933,192.85149007688483,1050.0155595352671,-52.09027467300024,-295.58234189293165,-750.0378409389176,272.8781901697755,99.36211953988148,-900.0511136489836,-199.01984790148893,166.99682100136727,-1049.9487402609836,-34.505463437974974,-195.4014840043968,-300.00226365431627,282.0965131807384,102.61062208323575,-0.06181365715020958,-229.80688604884847,192.81669101344642,300.1068286065221,-52.1010713621506,-295.4160247587561,750.0004753806566,281.9465123267571,102.60778322415108,899.9654757669139,-229.79395379403232,192.98111470136988,1049.9215697394063,-52.16048823718798,-295.4971122026824
train_00020,-1349.980608034547,622.8908571266816,186.81538625196492,-1500.0047030446142,150.95484849781278,254.52062107960862,-1650.0272937582263,315.54660737362525,-107.94131144596403,-300.0046429550932,-68.12462730027687,15.132335935693773,0.02484521076327494,-579.8494823690015,105.35749605713737,299.89396872894355,-402.1432468477872,-382.9133506073585,1350.0905376621668,631.9281885064061,190.08283858199013,1500.0424144913522,120.184680659121,280.37566680742106,1649.9237070295012,297.9394859230371,-207.96329236897506,-1000.0427200447541,273.0186428576922,99.3749716321242,-1150.0192501699814,-199.00188166231771,167.0212357765025,-1299.9477230182763,-34.4919556704671,-195.40516858622675,-299.9803757369268,281.8907201956546,102.51522883367822,0.0021912057420864503,-229.79493642185201,192.83202710391453,300.0319142488901,-52.00018944370523,-295.4580504569772,999.8599776201504,281.90716793286504,102.58014511889427,1149.9262819536502,-229.84849992582556,192.81048920838077,1300.0248643845603,-52.09470641964264,-295.4252725010499,-749.9817220330901,272.95672878111094,99.2579578268478,-899.9483360285245,-199.10684544141992,166.7860349458125,-1049.9526457356394,-34.48340369591594,-195.5150596488101,-299.99636896443087,281.9693685697143,102.60497286257434,-0.026108172755320236,-229.76742811066538,192.77687655631627,300.0168084289481,-52.06396177414018,-295.4910552249349,999.9211174328592,281.79355713267626,102.54499286942318,1149.9707123843878,-229.83194527887224,192.8328344450338,1300.0221899170372,-52.125723699165434,-295.3908694590265,-750.0646694063751,272.9786982060717,99.27396289959283,-899.999629260554,-199.04982012320673,166.83732765846165,-1049.9112056606416,-34.46816399683329,-195.54541882726323,-299.9464323888834,281.8491381463874,102.54557981828157,0.05195808129027821,-229.6821732741416,192.79598470077875,300.08998396614265,-52.1165347173609,-295.53106931111586,750.0634612387948,281.912906009176,102.59228673544419,899.9158710235672,-229.78381772727775,192.7669979388143,1050.0022178194397,-52.141958773586126,-295.47705230759055,-750.0166772239288,272.92404770666315,99.37287917434095,-899.9702179942707,-199.08121549928072,166.9527018854915,-1049.98007134425,-34.433605901959304,-195.38290147075017,-299.9749540945114,281.96323433855497,102.63782624447707,-0.005543014400578351,-229.80083556478988,192.81861443269685,300.0892466414831,-52.09524961006016,-295.324393630794,750.0214459122071,282.0025784781645,102.68910601246274,899.9108984749262,-229.81907264790578,192.8550651354478,1049.9286929578868,-52.16202483975601,-295.4647538704124
train_00021,-1350.0365205897579,622.9654038799405,186.81034289336617,-1500.0081169680093,150.95664110108066,254.46807518492218,-1650.0305411210902,315.5305833523082,-107.8933896202091,-300.0002049989736,-68.10488380557238,15.125606443457647,-0.004971928575637364,-579.8023195032237,105.34799655799503,299.98567170922934,-402.1053749829689,-382.9086434350975,1349.9811557575604,631.9208809756689,190.12407526743115,1500.0036454001859,120.19974957335027,280.29925951579594,1650.0242776922582,297.881445784667,-207.94850928660492,-1000.0084531662162,272.9155815425972,99.33954636656814,-1149.9678095676277,-199.00229378667242,167.0122783511264,-1299.899420166732,-34.44017869813508,-195.43717960213854,-300.0343876499237,281.8829824441079,102.61092432612877,-0.045033667686834755,-229.82298809658627,192.8419563285785,300.0003436108179,-52.12255981925757,-295.4401987409431,999.9759206858705,281.95404823472956,102.68464010720443,1150.0015641031328,-229.83757409181436,192.8591580191113,1299.9449809004627,-52.05092167815724,-295.38121368952966,-750.0117088266003,272.9243708265926,99.3977158366409,-900.0625787709915,-199.0398943411944,166.99783387641645,-1050.091581833546,-34.4570957202026,-195.442333626191,-300.0122565207467,281.9134753642567,102.52824288756274,0.02351903954040307,-229.86118704241673,192.8063236862033,299.9941714947528,-52.12707046261675,-295.3948779475183,999.9982808321688,281.93431942446017,102.6375594433265,1150.0267504443023,-229.83857920129265,192.82761450410095,1299.9408547568662,-52.1624904383291,-295.50001404198434,-750.1066961795937,272.8821444586869,99.31475157838857,-900.0974355879404,-199.0602410541297,166.96091319068785,-1050.0710264251588,-34.429012434881905,-195.41093538983225,-300.0588392546332,281.9645244580438,102.57170964666524,-0.10835643135229972,-229.83657324069077,192.87408492057227,300.05137389333527,-52.11757222650515,-295.42820730859904,749.9876217289582,281.9897803334612,102.75847089320673,899.9372284685888,-229.79277257666823,192.99218546351014,1050.0448900814408,-52.11885879205352,-295.31780458332673,-749.9321560419585,272.8947673691712,99.37978126395282,-899.9443289214956,-199.0495484713063,167.02727768379137,-1050.1035919150422,-34.39668954782326,-195.4327305267099,-299.94422075760184,281.84894349492316,102.58969482363672,-0.019752062364341266,-229.81554396143738,192.7925922087238,300.00016718091894,-52.132281258361,-295.4678828325317,750.0151183291914,281.9341953561275,102.57502162791008,900.0615013362897,-229.8076631026348,192.81028198136056,1050.0903348673285,-52.13535848687911,-295.4590365725512
train_00022,-1349.9607968239857,622.9559283925234,186.90869887289287,-1500.0228649996552,150.9646014636991,254.49609742842011,-1649.9501938015921,315.54847073955926,-107.95602521237541,-299.9833030376966,-68.09066960122695,15.128792491626925,-0.04286960824816684,-579.7953678587221,105.31266927016766,300.0084469128384,-402.1524884069154,-382.9370084503025,1349.9730445119037,631.878573601868,190.16560942901057,1500.0136173478747,120.2007548494893,280.2879455448903,1650.0246868437848,297.9616486288206,-207.93247970513457,-1000.0570572379175,272.93547288199676,99.2511768508279,-1149.9424092986947,-199.07633946128576,167.05084416327946,-1300.0545907363946,-34.46750858925699,-195.4165481647674,-299.98880751916244,281.89931568801677,102.56232845378028,0.06275095126476156,-229.738146693066,192.86743188217787,299.94840358910557,-52.02137850828863,-295.45922738138853,1000.05478416895,281.9438953317081,102.56347633061992,1149.9946680766982,-229.8308014563375,192.88128095608914,1299.9610477486444,-52.12534775248212,-295.42859684789636,-750.0342253178618,272.90774643086843,99.37020750369417,-899.9909660005674,-199.0908025786685,167.1725841796011,-1049.991194116574,-34.51877429431104,-195.34667229993553,-299.99441832321077,281.8896508171147,102.56110836330487,-0.00447313732685814,-229.79901282079413,192.7846569465826,299.98716781577843,-52.02846170580755,-295.4502618529522,1000.0002170245123,281.96280896297947,102.58618473899368,1150.0213931187218,-229.87148940054036,192.81907932385917,1299.990711025516,-52.17771082671399,-295.3821680141497,-750.0136684635829,272.8718561593982,99.38492431602214,-899.9621885778173,-199.10127830263474,167.11314179622613,-1049.9772131401992,-34.55803024203894,-195.35559199836524,-299.97372541467433,281.9110392226836,102.60494044511256,0.030386565165416823,-229.8023555134862,192.90341737552703,300.00959098736087,-52.083298417599536,-295.4861739301028,749.9835201464572,282.0719867952593,102.71107017489348,899.972986908931,-229.7842454368862,192.81162803776297,1050.04544858143,-51.982387628138376,-295.44841887688375,-750.0039450024126,272.91119664753944,99.32855280361197,-900.015525325802,-198.98103052468716,167.12094307932242,-1050.0377709835593,-34.49948548983586,-195.37436647653178,-299.95410158078465,281.9150295990943,102.52239352204035,0.012564340028285458,-229.80440844722764,192.81845016680816,299.9540647142633,-52.23708296197481,-295.5353112771762,749.9921194817587,281.9632181378789,102.60307357247234,899.9385235977066,-229.88755492864996,192.80353909982767,1050.019962226085,-52.02619836704677,-295.43027877726433
train_00023,-1349.9748375457068,622.98190438154,186.87941632392375,-1500.0077347115275,150.99669224089925,254.52551873939714,-1649.9169201074055,315.5760427756481,-107.93804330749104,-300.01300749328664,-68.08648916409491,15.155088169311934,-0.0047049769330738695,-579.808136632555,105.32123657330725,299.97124659949253,-402.1521595303576,-382.9385793479635,1350.0119653036577,631.9670499666145,190.0520355061844,1500.024518295988,120.15923509412626,280.3524687112261,1649.965072910282,297.90084083707575,-207.89339122046027,-999.9609170576714,272.95316381272795,99.3076887374355,-1150.010333475664,-198.99924479838978,166.99246365183726,-1300.0689140638917,-34.50259560708014,-195.34417501822222,-300.11122094507334,281.9815936798958,102.57406411555553,0.08198816337004705,-229.78185627545338,192.85375441434314,300.0244618471775,-52.09528585283359,-295.46723703638804,1000.038994217617,281.9124665510792,102.68315141752771,1150.0120640360872,-229.84283505211408,192.82584343154156,1299.9560650118228,-52.04830602422908,-295.3931288436524,-750.0424795136256,272.7904947229098,99.36690336932601,-899.9311370833777,-199.1094941795787,167.03390274366402,-1050.0038095941075,-34.658586821773014,-195.34774366104494,-300.00162158526695,281.9302955842309,102.58243748908185,0.0038568739394235344,-229.80281244521592,192.81692296487532,300.0146931705319,-52.136823847235455,-295.463726196232,999.9868586758281,281.8346077855143,102.6081178355298,1150.037572470808,-229.83724178177448,192.73131510985633,1300.0104299710283,-51.986610589720925,-295.4021369250886,-750.0217047434694,272.8288623455827,99.35355109770967,-899.9180934550528,-199.07968791993284,167.01160255368606,-1050.0107776796513,-34.66151910408737,-195.37946953544613,-300.07520940842903,281.91947363307963,102.58051867652517,-0.026105767164074787,-229.8043350567417,192.78525706071898,300.0305242965155,-52.14843085309537,-295.4735220669708,750.023128911434,281.8951655357512,102.59235817852928,899.922382013975,-229.76946030902806,192.84171986716336,1049.9966540797357,-52.09200836888397,-295.3793282156883,-750.0363338665005,272.91055640819997,99.35706615233016,-899.9164613626845,-199.0232778683689,166.98595752878305,-1050.0304102115579,-34.53757465414675,-195.40466441410376,-300.0367275810419,282.00628846513143,102.59611976684815,0.040924790740186734,-229.8081100612524,192.7439633656324,300.0230099669888,-52.03705722848228,-295.4476696768018,750.083299795075,281.81001175481293,102.56982547812137,900.0014131882516,-229.74483862553078,192.85383393715384,1049.9575335190693,-52.13892474391094,-295.39240804297805
train_00024,-1349.9835298576609,622.9675972176705,186.9125815667691,-1499.9503911981885,151.00077449737557,254.49102024598736,-1649.9907675039267,315.5360010507283,-107.92307602140265,-299.98317757006515,-68.03332240044318,15.08527773308602,0.00814808419166408,-579.8450331595183,105.37352787303455,299.96147909783116,-402.14483095889796,-382.9371541877276,1349.9854850423324,631.8713671572507,190.08812267668813,1499.9891396059875,120.14572062485456,280.33708818561223,1649.9685719077243,297.92019336038413,-207.91896003293792,-999.9756204629588,272.9468194888007,99.29269140308251,-1150.0339617696682,-199.0212929044376,166.94706871975848,-1300.028123274778,-34.52120124828626,-195.45307964677792,-300.0296489147065,281.93069716310123,102.62572003685739,-0.05637371033642517,-229.8318971767646,192.7821568323268,300.0662127552632,-52.075831910190146,-295.4403268606682,1000.0423544297399,281.8778421814271,102.65012984013403,1150.0275100185534,-229.82158110903416,192.88217024632945,1300.032699544935,-52.105406877991925,-295.3096005724036,-749.9448525386903,273.0134471223247,99.37138334326606,-900.0017406079551,-198.99809220913642,166.84135151768797,-1050.0237939919543,-34.42545211736883,-195.53588253089015,-300.0663431535536,281.842515405013,102.63401897980587,-0.07573698209818655,-229.81904252485282,192.77700697462151,300.0584224661177,-52.076587127409546,-295.47780601205824,1000.0043841833821,281.8814685518048,102.61109250740945,1149.968160375736,-229.77609826122847,192.84919703810368,1299.96172201862,-52.043871981886916,-295.4587314301025,-749.9776481013707,273.03892395343587,99.38656434987539,-900.103608915968,-198.97574463164585,166.71681874294796,-1050.007006314666,-34.41253521471006,-195.53498669854093,-300.03752498013216,281.8580310994248,102.65746232363799,-0.08400317182329105,-229.89511363660813,192.74569504659212,300.0110279881687,-52.10584796879667,-295.4348375511554,749.9735666433143,281.93294546628965,102.7335501319355,899.9821715629965,-229.820729186183,192.87311097057412,1050.0525365890937,-51.94992888148711,-295.2753314819648,-750.0035028209753,273.0674601765705,99.38446589943324,-900.0872100193054,-199.0360012421492,166.94531172676244,-1050.0024884528289,-34.488591812324366,-195.41021877810905,-300.07623469014845,281.9396818855064,102.61669371137351,-0.0768427931134953,-229.78986801328742,192.8663659688641,300.0034153394624,-52.1317081495867,-295.5106343821584,750.0249104495974,281.88825926926717,102.56340055736133,900.0116514438688,-229.813227427088,192.86521363533072,1050.1057202499212,-52.13064835080217,-295.4785997559781
train_00025,-1350.0236200697852,622.977287113159,186.88415135647304,-1500.0447408229115,150.98325484198497,254.49138736113406,-1650.0883461224114,315.573259433236,-107.9351195088495,-300.0206712837651,-68.13628551778375,15.085146069968498,0.0034819753571307876,-579.8373151179637,105.33065534656227,300.0364833213701,-402.07065326537906,-382.86721938289696,1349.9426626160896,631.8487854924733,190.14253709435576,1499.9778226950648,120.19204529233171,280.34961509128385,1650.0354014383854,297.9393158769401,-207.94990022064422,-999.9229076194406,272.89255085985144,99.33480533151548,-1149.9192980440519,-199.0140345774598,167.0350295088241,-1299.9764894374512,-34.493630724898594,-195.40874774849402,-300.02743493395786,281.9630944275298,102.62997989541626,-0.014450915540903215,-229.74987534527978,192.94979680062806,299.9230208235625,-52.12929895164928,-295.47616006729777,1000.0604237806896,281.92973121976814,102.58644322005107,1150.0493496939705,-229.79952516584575,192.81022663092455,1299.9766372909473,-52.103034585328025,-295.44600403202946,-750.0526134807737,272.9506816489998,99.43698983128235,-899.9481142999894,-198.92962830826647,167.2962167377091,-1050.133833946366,-34.465948616948175,-195.23331799534512,-300.0034844876577,281.9325565632229,102.49989841531186,0.01961740425990994,-229.7617461471156,192.9582065647586,299.95151992769433,-52.123378559215105,-295.5089838880305,1000.0018675075273,281.90618647611274,102.65821367896629,1149.9511280301176,-229.7809697227915,192.90024327759585,1299.9260631709938,-52.10112195840177,-295.4082232093179,-750.1377803580946,272.97963913903465,99.395982631975,-900.0288089811355,-199.02308104825033,167.27762870995605,-1050.0408531649637,-34.457034855189534,-195.2019443816877,-299.99580885882017,281.8918564251833,102.57858951824181,-0.02361881902551841,-229.81445206361184,192.84604271557305,299.98918026861065,-52.17103141883927,-295.4967844459113,749.9795555394982,282.0036895115036,102.36273150286833,900.0893296945591,-229.59048766076623,192.70844378809127,1049.932597626645,-52.03708331463065,-295.63325004355363,-750.0835604383548,272.93653585299876,99.36998696777407,-900.1000532642754,-198.97793507490306,166.97914133952858,-1050.009489507619,-34.406388318438566,-195.38510161661796,-299.94616763509805,281.9131205619431,102.6335773113179,0.00416298908118215,-229.91037777344542,192.8995262334109,300.0239119289752,-52.19989722713928,-295.3299637255164,750.0526194716053,281.86330630113423,102.6181938731628,900.1205886445249,-229.7711767549506,192.90759967603165,1050.1054228632743,-52.119315408137986,-295.39418465268193
train_00026,-1350.0085460135194,622.9635270074383,186.81957062333728,-1500.0046201089347,150.9669850168181,254.46497583150702,-1649.98500830167,315.5663556735159,-107.85570290568215,-299.9916215785682,-68.10921780880754,15.102669834676254,-0.017245133622681274,-579.8057688986008,105.31462132084333,299.95355661744827,-402.08481713489346,-382.92516732594794,1350.0372604337492,631.9237517970446,190.04935342090326,1499.983020728858,120.19490168134278,280.3099680007456,1650.0024562200695,297.9069283522567,-207.95012763407968,-999.9740384914311,272.9210469332772,99.31983534055243,-1150.0528123133488,-199.03792848031668,167.05736695538593,-1299.9956179193568,-34.523618953990976,-195.41890305067156,-299.93403180680735,281.86779187148386,102.58609852629125,-0.013362545209989482,-229.7889607534036,192.8518998003563,300.0097058395322,-52.15961746157948,-295.4608650133312,999.9487489838647,281.8934313966126,102.64617412131203,1150.0053462053863,-229.84034922221215,192.90966502028593,1300.0512960073804,-52.08629455575593,-295.42289430638857,-749.9937145844391,272.95583944079164,99.34583492178174,-900.0299272104627,-198.95315519560884,167.090327848789,-1049.9963941976268,-34.393040011208704,-195.3800185416723,-299.9460477646676,281.87947240007924,102.61052967534982,-0.014932270674306665,-229.7955426408342,192.8055852003029,300.0736633770934,-52.06460923838667,-295.47805947111476,1000.0287834811264,281.8891165524542,102.62216541626034,1149.9443820748088,-229.8488894986118,192.90189899755663,1300.00120148659,-52.06056835960336,-295.42390678009133,-749.9347083828318,273.07668094431614,99.33504701398381,-900.021823711933,-199.00964259713245,167.02427697194506,-1050.038790388266,-34.41652319857773,-195.4193191692937,-299.9770240202711,281.853382197904,102.61114881223108,-0.05635436365441339,-229.82602462934904,192.8474594929473,300.11431765173234,-52.14843160857533,-295.5071568175141,750.0510703363204,281.8925914958052,102.74701399139839,900.0794486859929,-229.88163813858222,192.88500390006845,1050.0718606540172,-52.02055758864597,-295.4542050203139,-749.9601587389297,273.0284838219405,99.31703578257353,-900.0287227604291,-199.06591709546132,167.08403331241,-1050.0266002104634,-34.463578612007865,-195.34556445588288,-299.9744672417086,281.9896042563009,102.64604351348399,-0.15713517421653556,-229.81741270616362,192.83677983702142,300.0224490144983,-52.15940122238745,-295.4742653119524,749.9700973721156,281.8741827472073,102.72985368987298,900.065338496278,-229.80104643139077,192.84451744709412,1050.0022174125538,-52.12334832674719,-295.49588038578634
train_00027,-1350.0320133288753,622.9541714530643,186.8004056450747,-1500.010154949901,150.94306842692208,254.56302558846687,-1649.9999164433154,315.5716621275991,-107.91063870798892,-300.03881978904803,-68.03115214732858,15.146205264963177,0.015524016854723524,-579.8534275652039,105.29289225840498,300.0551166714663,-402.0843143074953,-382.9114149833913,1350.0219936101917,631.8663399339878,190.11133809490212,1500.0237854650784,120.174142381524,280.32408418268653,1649.9577918584991,297.89479857572456,-207.96121085800695,-999.9946143587232,272.89698805737805,99.33687114331067,-1149.9820422514017,-199.01871953958462,166.98412667129156,-1299.9660266229823,-34.439709764288864,-195.3940029718563,-300.03318803120567,281.9106992506798,102.51144520178504,0.0835443695966161,-229.78647635467536,192.84496814983507,299.9772669362181,-52.077435472621644,-295.4738473452091,999.9382185156398,281.8853088916484,102.58971247790447,1149.977165665046,-229.78660675013896,192.85706587102794,1300.0284346478445,-52.06348143319945,-295.453374005701,-750.0613716608619,272.81349143735355,99.2910725755477,-900.0214788402407,-199.0606767297187,167.08520720212425,-1049.9813948174476,-34.69747755668264,-195.36368272103522,-299.9598695386425,281.79515668121144,102.52865266018402,0.039271770400793035,-229.821736879719,192.8658958170766,300.02229835725325,-52.07215219198753,-295.47585994949,999.9825145620024,281.92294030426297,102.57478194990736,1149.91016423338,-229.7920865209136,192.85191528510916,1299.9992350123323,-52.05806257841721,-295.42519093080864,-750.0184897558665,272.84760293477103,99.35171471327094,-899.9440591640847,-199.0901975159464,167.1274302810629,-1050.0132274464227,-34.64521761097726,-195.48325526675876,-300.01679551213175,281.8288357650139,102.53519021675325,0.026641280254586286,-229.80246147551844,192.82210939416674,299.8560529076318,-52.114437213321025,-295.49842694497363,749.9740046265439,281.9509725824766,102.55656190823348,900.200435813339,-229.67770774575467,192.93621999371152,1050.0170524913779,-52.000758621701195,-295.44257515102936,-749.9696468527618,272.86864580219253,99.31613184545184,-899.9613666868522,-199.06400671384634,167.04580876869167,-1050.013199454101,-34.45191591509152,-195.49439025187183,-300.0207166465321,281.84827999632137,102.531005700937,-0.06814688355731674,-229.8292065757122,192.82683536479163,299.88710738483087,-52.062421884013766,-295.4970725820982,750.0120984274222,281.8960062708523,102.66925670905877,900.1154871401191,-229.85884652417715,192.8527729694213,1050.083211822354,-51.991916572859,-295.3939120999921
train_00028,-1349.99618358185,622.9499288254151,186.83151191419523,-1499.9666411241392,150.93588925307327,254.5386439660609,-1649.9678024844084,315.4992759006469,-107.92807879082417,-300.00071428415816,-68.0704756261145,15.135220206858547,-0.01791765716939931,-579.826544303236,105.3181011931949,299.9714056805232,-402.0505579238682,-382.9139065709838,1349.9859378836386,631.884242066861,190.08976131243583,1499.995104967519,120.20207511441117,280.318763809358,1650.0195550307596,297.9159125532521,-207.95566419474798,-999.9573260692775,272.9751639487192,99.37838516997375,-1150.0509304657305,-198.99198005270833,166.97873514662453,-1299.9940951292022,-34.45735524120257,-195.42348942876174,-300.00315949585394,281.84042346088097,102.53668497520181,0.015848993545450038,-229.834164087855,192.79491299163587,300.02036726529644,-52.20795718542342,-295.4758398981653,999.9782759823485,281.8950782360915,102.63976289290139,1149.9684307430482,-229.81704156068463,192.85768901535064,1299.9915327925034,-52.20513909358708,-295.45571281040685,-749.9403860647316,272.8695744478226,99.1865041574378,-899.9627690639046,-199.12598426910384,166.93658953139632,-1050.065106010686,-34.474612459528686,-195.44542195976058,-299.94154781866854,281.84877513232107,102.57415510741653,0.020687702463400758,-229.86082588712958,192.8766713796076,300.0093665070183,-52.1887761805639,-295.41732674590264,1000.0039914381259,281.9080401938967,102.67694647724407,1149.9922665099416,-229.79770600420252,192.87883916204117,1299.9930149178438,-52.185167079898605,-295.40176027818853,-749.9046516205719,272.9102197066891,99.24067816091417,-900.0279379743811,-199.07311607828908,166.97096389300128,-1049.9906050251377,-34.49808899985221,-195.45809169166745,-300.0689419478396,281.838480544179,102.55251630549994,-0.008778817839820874,-229.9233912600433,192.81381479137875,299.9835276206895,-52.15987926754104,-295.4616216812858,750.0862075013105,281.82724579318,102.55723557474485,900.011926580073,-229.93221794208966,192.77391638879158,1050.0968604550108,-52.27039152136301,-295.4595775736912,-749.9482576553928,272.9201626110127,99.39451067919863,-900.0268343685281,-199.07695839175383,166.96946889257325,-1050.0826117294957,-34.41377520437904,-195.44005904001133,-300.0252466973811,281.91851667414113,102.59607919803251,0.045036541853255625,-229.8038162386829,192.82443199502745,300.02270721066054,-52.02912592507744,-295.3854511547424,750.0522081506103,281.9248538364998,102.60772252609517,900.0180942855415,-229.77907818846555,192.81952221464238,1050.073449714848,-52.08035059639995,-295.4033363462096
train_00029,-1350.0021081526302,622.9726097106989,186.85818030742314,-1500.0369325991614,150.9047263392911,254.4662306751814,-1649.9661801178595,315.51535767056606,-107.87092422213667,-300.03416196796803,-68.03942507985286,15.058502641126557,0.008557319054498393,-579.8068926920349,105.35212075734218,300.02153419159276,-402.07878886290956,-382.9320995443782,1349.9666590646857,631.9132269412178,190.1436813896081,1499.9376618412496,120.13562316231149,280.3641298581616,1650.02035566671,297.8949095248955,-207.92495406320788,-999.9657739648708,273.02153841165386,99.36942584460554,-1149.9622912074326,-199.031138029793,166.99934727304154,-1299.9740996288872,-34.42902384484979,-195.39897255488955,-299.9498832153025,281.8344421573175,102.59622811193978,0.019030950205269757,-229.83535213526037,192.81159087226078,299.98218503051174,-52.130063345008345,-295.46121485283095,1000.0368452306834,281.8475741040888,102.61015732805777,1150.0081061903186,-229.86161186435822,192.7867738874683,1299.9989230653334,-52.07455226795786,-295.5212413380063,-749.996747665039,272.89363076668,99.41086506278641,-899.9907271420788,-199.0617384641576,166.98463777607068,-1049.989985143434,-34.52434694211856,-195.4464653234588,-299.9720127853585,281.9069525497205,102.59750286256119,-0.021967108108251605,-229.86097812322052,192.7929855752184,300.02103487887257,-52.13178644347864,-295.4078639251932,999.992448155454,281.8788404515101,102.57727648773589,1150.07562786903,-229.84849038892665,192.78421505708627,1299.9802628814743,-52.09306827454157,-295.52131637067095,-750.0355723737764,272.93501745142976,99.38261137996666,-900.0140155460546,-198.9995180165049,167.04568391415006,-1050.024527190573,-34.55653284008786,-195.41389993299396,-300.05275881807705,281.87037170630924,102.61812482942813,0.010629534986087945,-229.84612937259266,192.80134413246026,300.01523746106426,-52.1182617179992,-295.444405533865,750.0924426199608,281.8621726777835,102.62494108124473,899.946331534662,-230.0245878361449,192.94386498179796,1050.0372886635193,-52.17373055952576,-295.3363934228463,-750.070276221926,272.84176147063215,99.33136686166876,-899.954267271117,-199.0074399650551,167.0175805313833,-1049.9925111089901,-34.42077739951505,-195.45963288947,-300.01123709010335,281.9311275232944,102.52910805493062,-0.0010822884666543495,-229.84143240969092,192.76322475819066,300.01182805685005,-52.07173425801755,-295.42007114192626,750.0626085875886,281.93031976859464,102.59997433663396,899.9636429620389,-229.9250257301772,192.84378562541917,1050.0272054815703,-52.057618231335354,-295.41146849937866
train_00030,-1349.9894793657845,622.9430258797253,186.92885914282132,-1499.981912816343,150.97168266070278,254.47582238762823,-1650.013300262934,315.5883839886896,-107.94542113809793,-300.0249479203749,-68.06411102674787,15.093647662090452,0.011707475474451966,-579.8504446686676,105.31415086965127,300.0175639417554,-402.1200504819579,-382.9780772370153,1350.0032136336754,631.8926360324949,190.11252986269267,1499.9886886342083,120.21135737886446,280.29797019490456,1649.9273907499025,297.9308815012945,-207.92728421700565,-1000.0314307026115,272.9272489432642,99.26958630397311,-1149.94152551157,-199.05465417114576,167.03767526299256,-1300.0440949003485,-34.46873355362943,-195.45696557434667,-299.9979197215,281.9040756329202,102.63090756839017,0.053824335809028054,-229.8173322213333,192.84783801816823,299.972266857633,-52.042555475338006,-295.4535630482564,1000.0972825677366,281.8845954181884,102.53527069149249,1150.0151696272342,-229.8171973528223,192.8556358772017,1300.0536440950366,-52.0740466070152,-295.45551740668,-749.9497874773517,272.9447337187773,99.42852225829489,-899.9413262884084,-199.03304394845927,167.14390966917307,-1050.0465716919798,-34.49284555435124,-195.3452250445574,-299.9567468750996,281.93155782967085,102.6150063178697,-0.07590391386197673,-229.76817357319857,192.8881661837847,299.99697871796315,-52.080670665801414,-295.4027705524009,1000.0063367323683,281.8740952900119,102.62247064633391,1150.0069728180333,-229.80794253422522,192.9049263469091,1300.0722225015456,-52.161158443614106,-295.39442018103,-749.9994094719002,272.90400346504697,99.3845028122026,-899.9601740163583,-199.10043109919383,167.15150030729504,-1050.0681428618793,-34.5226456927515,-195.32077703287655,-299.9493473331582,281.9299672607048,102.5871748567166,-0.02108172689058169,-229.80830387976567,192.90634984926857,299.9366176701123,-52.13800780258098,-295.37555349130156,750.0795244305464,281.89327715837646,102.61579991851688,899.9245402470546,-229.86612211914138,192.86994620331168,1050.031575090267,-52.163870466413634,-295.35590205495123,-749.9528474738412,272.91068762643783,99.3238982185937,-899.9269667517473,-199.02109171157727,166.98753882274423,-1050.047253638754,-34.43229778061602,-195.29222962412402,-299.9650784224464,281.8965126075669,102.51834350341242,-0.052681748410954424,-229.80028136333203,192.83950007276653,299.962611220424,-52.02859330199827,-295.4074214778968,750.0332867300706,281.98617018760746,102.68138922715453,899.9704780552577,-229.85023616740992,192.81315805554766,1050.0306101301726,-52.10827528053799,-295.38813281747537
train_00031,-1349.965901739763,622.9150870776031,186.86328673109122,-1500.0123847001898,150.99384273287924,254.4890110974671,-1650.007448294085,315.5623868625337,-107.87064677237574,-300.0307586387733,-68.10668975090032,15.151172920607623,-0.011102937608319652,-579.8224139517655,105.33136939464026,300.0427737873279,-402.1033389377944,-382.8778876510701,1349.9730732374533,631.9193802431352,190.10251729399883,1500.0414180459052,120.196326030155,280.2834040813125,1650.0777459361998,297.83398462973094,-207.9514551773953,-1000.0803211171753,272.98970546868736,99.35182023044524,-1149.9986459282368,-199.00729276984652,167.0139962458694,-1299.9727181113828,-34.500218579425216,-195.38723114623355,-299.99224833450904,281.9144829935303,102.63694604749303,-0.0018746557177103046,-229.77918257456625,192.75721706819783,299.9007755005506,-52.13817598015228,-295.4758912447136,1000.0245963989016,281.97947518135766,102.66487373386441,1149.9922561237895,-229.76762711924033,192.9106647983567,1299.9510172601933,-52.0818672318794,-295.4167026248235,-749.9918567347681,272.9779305842468,99.40902650063066,-900.0247289029397,-198.95344522891762,167.0407474334942,-1050.0543456063688,-34.36418801462503,-195.3021140013778,-300.07309893593646,281.90996799260773,102.65631812255205,-0.00016660335023326728,-229.79721947253773,192.77734203791917,299.964658738435,-52.15307761798449,-295.48572234927474,1000.0583763526146,281.9328729736021,102.5764908097477,1149.9438942028016,-229.7576188731483,192.86725542034156,1299.960549876435,-52.09769905633058,-295.4061788885338,-750.0229520231211,272.97197245908103,99.4488106362389,-899.9813945480744,-198.93630103043114,167.04939251795844,-1050.1343884278858,-34.37232282401211,-195.33037494191694,-300.03563972054167,281.91236275722065,102.6593570370335,-0.04700975152986285,-229.80863063581836,192.8445258736816,299.90363536005685,-52.20236555207774,-295.5383216095145,750.0051920901594,281.8708482984988,102.5858479375508,900.0896680153689,-229.85918671610017,192.75540967554858,1049.9546543003903,-52.07803394362607,-295.4863448023475,-750.0697423679494,272.87431468334586,99.34049066345968,-899.9861371927308,-198.9976920950277,167.0569644627465,-1050.0546816519486,-34.46171316179494,-195.4434549724124,-299.9993643213046,281.907370494476,102.62527518717873,0.05168294674145757,-229.77869551781205,192.8636633538104,299.9327284055425,-52.190043947336065,-295.45104567217373,749.9854176618446,281.8643153444545,102.58103444180517,900.0781504963485,-229.7874032130798,192.76170020946384,1049.9630231857263,-51.98444415267458,-295.41881310392216
train_00032,-1349.9875363212493,622.9906556764478,186.85127274184316,-1499.9971225697313,150.96677341846834,254.4902289135504,-1649.9484801890806,315.5841355207245,-107.88807418941317,-300.0403614122549,-68.11847337324136,15.062764597140134,-0.02234488761624573,-579.8056599746765,105.37346569555517,299.9603016651902,-402.08996843414735,-382.96080566304084,1349.9950283177816,631.8843942126829,190.1638001368171,1500.0443046311964,120.16467872899013,280.3142325157422,1650.0182847648555,297.9329076738608,-207.95943341065404,-999.9984870841449,272.91034401591577,99.34732398039614,-1150.0323315934509,-199.0334933022963,167.05042926281337,-1300.002805740936,-34.51271025991302,-195.42631293545716,-299.90235473441805,281.9712452322576,102.62438718365827,0.09254674267123975,-229.84317631498115,192.78954335017872,300.047085583592,-52.08990331858091,-295.40937875453625,1000.0585609470892,281.9621442182965,102.52428524011347,1149.9095770724027,-229.8010094100418,192.87604732961728,1299.9800473775626,-52.11459823614865,-295.4589488813998,-749.9302092580413,273.0664446813146,99.32912962819094,-899.8566079041818,-198.89667389488991,166.93421815775835,-1050.0230713921019,-34.312530755778305,-195.42244303125096,-299.9382729380016,281.9977268810675,102.58740473265308,0.003942341990217602,-229.85671143298714,192.81668444481758,300.13313065132166,-52.10877851862866,-295.4218891861526,1000.0090999567659,281.98403750558475,102.48826801460217,1149.979369140805,-229.73061443834868,192.87413192642268,1299.9406602860597,-52.14448288973142,-295.4441598579915,-749.8445133605926,273.14056612940277,99.3383587952816,-899.8927963381645,-198.88414976626677,166.9214987825869,-1050.0055046566424,-34.35599365685433,-195.43397034544176,-299.9239936962868,281.9881614187118,102.65817986633239,0.04184212318672513,-229.83090403851935,192.81219827557223,300.0844946171454,-52.02900711427333,-295.3930214627904,750.1516116932077,281.78764233233454,102.75498633273928,900.0290146306135,-230.02815122201133,192.92919480541804,1050.0789548674477,-52.13819624545007,-295.2442070012935,-749.9622811334846,273.01030953001765,99.30986935929941,-899.9486148440994,-199.04932088368005,166.96499264297003,-1050.0570368177705,-34.517008581569634,-195.41888597970262,-300.06774317340694,281.9462251269902,102.61250775640919,0.019949002880572823,-229.75584724105445,192.7303844197943,299.9905877433283,-52.04910517665888,-295.4258850719224,750.0360327408371,281.8041112315994,102.57050502257987,899.9433522002292,-229.87065203336644,192.8108357015582,1049.9888065172029,-52.16124011190805,-295.4111319527933
train_00033,-1350.0007627734344,622.9722110607308,186.85637100831048,-1500.000143133063,150.9566792252644,254.5224783094434,-1649.9432505528368,315.53881591654647,-107.89933460312864,-300.02671379097484,-68.13527843324184,15.0537193389242,0.011357261348477176,-579.837569774852,105.34371526203505,300.0647792432508,-402.06171490275597,-383.0027598721364,1350.0122254933372,631.8843827920873,190.126321273433,1499.956267704371,120.1802879769937,280.3376817862736,1649.954681747961,297.9371898324398,-207.9272723947809,-999.9948947859277,272.9307267597975,99.3004653512808,-1149.9756370087575,-199.02576532949274,166.96913367093777,-1300.0193840998413,-34.40990120168837,-195.41831047213668,-299.98163904817807,281.99042018297143,102.62299369049363,-0.037012094492644684,-229.83869170404606,192.8497220204939,299.9158512817409,-52.11597018328655,-295.37354678098933,1000.0034867752494,281.92784334798927,102.58182004342757,1150.058531090125,-229.75444421166978,192.84320418052937,1300.035306869081,-52.10695088052739,-295.4386800955232,-749.9930993875441,273.0742075667942,99.46409288168749,-900.0954446054399,-198.8746740950465,166.9864222515056,-1050.0762570141835,-34.26987669335737,-195.34098245694375,-300.0014686523565,281.9877324568714,102.66623140559015,-0.030986626701650165,-229.80649822046146,192.87675315339285,299.9504522687952,-52.1090777766432,-295.36357308981695,999.9553667372087,281.92964326519217,102.5334376488736,1150.046551752843,-229.80711359272314,192.8669066073718,1300.0564966057332,-52.11085329290338,-295.39176105212977,-750.0738911702076,273.00238182323585,99.49884607208541,-900.0939589161386,-198.87953255756312,167.0216381914535,-1050.0495740210226,-34.26307390741149,-195.30391964496755,-300.0311967327733,281.95222062087464,102.64579263163893,-0.03693060788913264,-229.81250069205154,192.9066806942405,299.9643049854936,-52.10819260591743,-295.3722205961853,750.0130660628994,281.8172149819754,102.71617880543957,899.8956913335583,-229.9561402701362,192.87937448322694,1049.937787031866,-52.21199458725788,-295.3777021231541,-749.9900571886511,272.99429300376045,99.29873883791572,-899.9836409024808,-199.0270913989726,166.9442634610373,-1049.954288612702,-34.46312920159143,-195.46898684186218,-299.90206886618427,281.9980791667794,102.57469114342477,0.09828745166121852,-229.7867954482163,192.76607935595675,299.9933750564999,-52.057087572630216,-295.430165243888,750.0177828129146,281.87509062847664,102.62467836911398,900.0238911524549,-229.8543309680116,192.7676831361899,1049.9310980852104,-52.0803468322852,-295.5420193463969
train_00034,-1349.9814745591332,622.9428943555656,186.79402278300776,-1500.029594662797,150.9725570360844,254.49989191734127,-1650.0072941594212,315.532713028859,-107.92571030901775,-300.02888532182703,-68.05358883211112,15.127215432771788,0.04802590796500657,-579.767255360413,105.3420888921807,300.00235940472777,-402.1114752539288,-382.92339959772295,1349.9783711299704,631.902281382339,190.097498729229,1499.9975983543593,120.1649106526885,280.3296018909151,1650.05462724584,297.88469267738105,-207.97212203046143,-999.9787768939176,272.9994878732225,99.36079058513175,-1150.0123636855237,-199.0322084097944,166.99310461620414,-1299.971611733113,-34.45543554598031,-195.44698827543687,-299.9722832939455,281.8730288741514,102.58662590099524,-0.051980841818587996,-229.79594142195816,192.8464654302404,299.9724865237841,-52.12907217251972,-295.42852703536494,1000.0155657763995,281.90602042988735,102.60463334414968,1149.9520279688406,-229.76315576408706,192.8106698451919,1299.9650363916785,-52.06235204627463,-295.4730539865717,-749.9797329636217,272.9864131731721,99.34900477986497,-900.0332291096014,-198.99430316766504,167.00984787767294,-1050.0438443567675,-34.43072377171618,-195.39971054154367,-299.9465014242614,281.9063470119245,102.63517180809954,-0.038067041937288104,-229.7851486025343,192.8602471891507,299.9490968584067,-52.146923501756966,-295.429817217358,1000.0880518549817,281.8971772022385,102.59926864860957,1149.9530312283734,-229.7713186722236,192.89916180514805,1299.973457741719,-52.10838249485473,-295.4344548072229,-749.9533098188883,272.9572115052715,99.28752353884032,-900.092426749518,-199.07760598821397,167.0002647156031,-1049.9685868929103,-34.479350024460146,-195.36074700825276,-299.90954527053964,281.8866960523605,102.60903487338375,-0.020813098893969168,-229.88178940216815,192.80820316290328,299.9117396065851,-52.13987591461505,-295.4424514118177,750.0149153303056,281.8039439358303,102.53923772983946,899.9154301388943,-229.9221309801859,192.77813525962267,1049.9468573905897,-52.18532746256691,-295.47549449572824,-749.9200690499297,273.0061393547401,99.3560888563922,-900.073871034451,-199.00735627420713,167.04961077146004,-1049.9924039713055,-34.41834272697423,-195.40141756687987,-299.9169996795918,281.9677131908859,102.62685053891794,0.03271932778135618,-229.75534361053292,192.83716989632333,300.01533968960933,-52.098445016770214,-295.4294318399856,750.02562699466,281.91333884957504,102.64912327078206,899.9711443059127,-229.8428172839986,192.87886486044113,1049.9163495631021,-52.086093979745385,-295.48900876110304
train_00035,-1349.962993922129,623.0027111866785,186.80357016897693,-1499.987018410108,150.9629183289356,254.48376307275416,-1650.0343210210299,315.511241371545,-107.95269063418829,-300.023666720103,-68.13532140088289,15.12161718770819,-0.0065027290943028586,-579.8329068140914,105.36074768084012,300.02710728123964,-402.0891530661775,-382.98508354545066,1350.0373921758398,631.871917723153,190.15107093035175,1500.0685621599523,120.18917190473708,280.3172462805832,1650.0186322342774,297.97603278969274,-207.90957956539268,-999.9890391274268,272.96617782111275,99.34866412200971,-1150.0221305819323,-199.0450026207668,166.995541721317,-1299.9832076856353,-34.439771067847175,-195.32501284428648,-299.97376020665234,282.0496972170268,102.56273254836421,-0.04825977027377715,-229.74048316395024,192.8615956797978,300.05902388045615,-52.0557202375928,-295.37865448641213,999.9780369357843,281.93590307990854,102.57539084313899,1149.918000995898,-229.70723847099714,192.8472132059447,1299.9337575464422,-52.10512041046607,-295.3962562925136,-749.9850065995894,273.14159863412897,99.29520937991428,-900.0750372940876,-198.8814087054099,166.8877587954717,-1049.9545896703714,-34.21799150305082,-195.6343005599194,-299.96222148247386,281.9959788312875,102.54717785343315,-0.02292003077631615,-229.66533963526075,192.8265819381527,300.05241571851656,-52.07680443579013,-295.41523849012276,1000.0130911523133,281.93883482272867,102.56766887512741,1149.960630835201,-229.7366161826011,192.83445358479577,1299.9683543830172,-52.173427764108666,-295.3893394490285,-749.9119557158722,273.1512275271307,99.27913995297693,-899.9757818270531,-198.78610528930986,166.88794933649615,-1049.9304135289574,-34.22265293757838,-195.61910846302507,-299.89554861946215,282.0353319094662,102.51821653431296,0.0050434006861891575,-229.74258571751045,192.83787049419007,300.02171755925485,-52.042574400533205,-295.390329922808,749.9571878744598,281.9928924679651,102.69886192099995,900.0228548476821,-229.77165638984695,192.90998922054843,1050.0267315426672,-52.14047964450591,-295.34749624035226,-749.9970489498837,272.99201724149265,99.34080278686972,-900.0871604594751,-199.00883194096312,166.9465683906887,-1049.958508636244,-34.393289540203405,-195.51748451781046,-299.9603797463916,281.8596444692122,102.62983139182883,-0.03888231892532127,-229.92614802645795,192.8131911772896,299.9953304690885,-52.16950807505027,-295.46008515054945,749.9789962898741,281.9269672913401,102.609867254518,900.0538888478412,-229.85945337150127,192.77296065925816,1049.9268333534224,-52.121690041847835,-295.4732653927017
train_00036,-1350.0262057380448,622.9669082536386,186.86086216410243,-1499.968125416479,150.98027308163213,254.45592978236206,-1649.9747576830625,315.5723578224587,-107.90088207827712,-300.0072831105947,-68.1265706112105,15.054297262667268,-0.0287145203596829,-579.8283517917255,105.35531271430278,299.95300412240687,-402.0148964097736,-382.9519884409864,1349.9702919983442,631.9003620383736,190.11965423754128,1500.0213107323962,120.21377580249256,280.35839042594887,1650.0122131055243,297.94507992276164,-207.9337865059805,-999.9148264009543,272.9001111295301,99.34889335516631,-1149.990466661788,-198.96936466066356,167.02086690911185,-1299.9543772768627,-34.477076529564684,-195.39852569307968,-299.9471461194741,281.9273115401234,102.62117022924448,-0.037201508392511136,-229.85429837784315,192.84225252900697,299.9635176996527,-52.087111087107964,-295.4520952714861,1000.0268166472692,281.8822667254651,102.59649113989815,1149.9656000098958,-229.88901585450063,192.77854873417468,1299.952951062926,-52.1019873385394,-295.40469950150924,-750.012651845827,273.0660616397348,99.43988687163994,-900.060213860904,-198.92874464497643,166.96782426947001,-1050.1031320155068,-34.271843034218676,-195.27843349099757,-300.0221765506848,281.92127422111383,102.62684394826957,-0.02049484112728115,-229.82793667975147,192.90032395445758,300.04908633668384,-52.13209048941115,-295.48120842912755,999.9928211153699,281.8781326423167,102.70014076708169,1149.9479618847377,-229.88201147019146,192.87135692795007,1299.965369439651,-52.14403168094973,-295.4737026939966,-750.0546774644442,273.059905172024,99.41415677762926,-900.042969844992,-198.93438472039057,167.02646353109745,-1050.0719411239472,-34.33268144177362,-195.33598504618587,-300.0406785002994,281.9370375042685,102.60793269859556,0.0639288247019485,-229.8975954743926,192.91841289953743,300.0594856563923,-52.10537188608978,-295.48208118718026,749.9320237955993,281.97631641592324,102.58185960895298,899.9876249139236,-229.79186627700457,192.83910423770004,1050.04744941829,-52.14091480094144,-295.46408686960143,-750.0245347155819,273.03386534311784,99.38280508173993,-899.9808923963071,-199.0027265621263,166.926129369574,-1050.033044173044,-34.400683545521844,-195.36585133685242,-300.05235462604304,281.83590171088827,102.59068902407698,0.023579342030743636,-229.90145024195735,192.82906901586153,300.1203517139357,-52.10270144578955,-295.44662630972795,749.9865778540327,281.96638372415606,102.58085081982695,899.9796087121074,-229.78131602618856,192.81662655691864,1050.0133155857468,-52.16183792819042,-295.54949010409666
train_00037,-1349.9929509354386,622.9320401122038,186.8687094963679,-1500.0009218299608,150.96095425638828,254.5033770077379,-1650.0044577769772,315.45780924938543,-107.93528756836346,-300.0101288970417,-68.05998893533572,15.051190285691868,-0.0763845380889521,-579.8099005660713,105.39397102807426,300.03006867808614,-402.0855540226255,-382.9661317366025,1349.997893598956,631.8548126194911,190.0701902708836,1500.0364884976686,120.14720769647646,280.33660531123263,1650.0338840877303,297.9429369541759,-207.90193249911155,-1000.0374703693205,272.9877303255126,99.36459799043575,-1149.9809145641148,-198.9679731960214,166.99434209585178,-1300.0478842476869,-34.4381944204552,-195.35838612681624,-300.0493042521062,281.91912312461096,102.62983928272443,0.0806161101277372,-229.7980622505781,192.7932808560138,299.9419477174749,-52.12338995287403,-295.46869770453384,1000.036610008257,281.9374963905328,102.61320756250292,1149.9529936129518,-229.69935574141067,192.80601158366247,1299.9384657958187,-52.10860176408061,-295.5001720501477,-750.0248503612963,272.84296221764987,99.43914979944407,-899.9853423147797,-199.05332153022349,167.16132890904532,-1050.100552435504,-34.566959983286964,-195.21255481186458,-300.02783098421367,281.85676206575147,102.66374169597401,0.05461623578688309,-229.7983817639989,192.81721128210216,299.99085396300495,-52.07414966239862,-295.42871749299496,1000.0368642788336,281.9054198856387,102.58692623868686,1149.975194349815,-229.6885197123225,192.80723059913677,1299.9732178794075,-52.148824854010385,-295.40653544536406,-749.9409203432834,272.79348428013486,99.47183132230182,-900.0667896375058,-199.12201294600584,167.13245622302193,-1049.992898034059,-34.549629078153416,-195.27309525623372,-300.0189712185603,281.97482550241523,102.67571856134073,0.06591522677475532,-229.86126555001692,192.86916919755183,299.90893222114414,-52.06547761744834,-295.4907536772303,749.978720649869,281.9392418393266,102.56927381664286,900.0533114286193,-229.6756767448625,192.7045659247156,1049.941110151805,-51.93078204597031,-295.6068382976049,-749.9857517652189,272.9237022744805,99.32289966494078,-900.0560448690997,-198.9164993706492,167.02557592707797,-1049.9347912948313,-34.45612241724831,-195.40260282933778,-300.05895485942193,281.9882580810088,102.60961790674433,0.046759677076237356,-229.82521604998988,192.8706473034864,299.9720306931744,-52.122808834722655,-295.5325154834473,750.0861210291074,281.9457424787986,102.77149897194879,900.0014655040534,-229.77915535921525,192.80559779923388,1049.9627997788032,-52.18563091352632,-295.42373310913587
train_00038,-1349.9826787183308,622.8811790266305,186.86344746795615,-1500.0459299211948,150.91556046489183,254.48624970999757,-1649.959691784524,315.5787754250048,-107.91515168717127,-299.99704185026803,-68.08432639145556,15.134119312524138,0.0166777934921596,-579.8501904582301,105.30842675107472,300.00425491190344,-402.13009445725555,-382.96711757644476,1349.9756860588961,631.8578444650396,190.02924542151567,1500.0510423023304,120.1722525237438,280.3144812217755,1650.0288344819603,297.911280675957,-207.96001904071113,-1000.001497488077,272.9377473699845,99.29754992435322,-1149.9194086161926,-198.95405883499575,167.0272225640994,-1300.0289410423356,-34.45388859934461,-195.38736059895476,-300.0108781320518,281.90946943357613,102.62960608329891,0.03496191696625586,-229.8870244108967,192.80168196617615,299.99054757008435,-52.060625804713204,-295.46198660886876,1000.0293576626273,282.0001144793397,102.65323975040796,1149.9327866198262,-229.79858765871802,192.85416115579724,1299.98059669803,-52.02157926215017,-295.3679664415643,-750.0053428428286,272.9617977978385,99.41946103901888,-900.0158065036858,-199.08747886871083,166.97267370626432,-1049.997545184533,-34.45858833257445,-195.46758189830012,-300.01907537897733,281.912220011384,102.6407323010483,0.05883902774904279,-229.8094149885845,192.87434470501378,300.0197480383171,-52.07298619021439,-295.40615987948354,1000.0103899045936,281.9578130632352,102.6855632966617,1149.9817577800914,-229.80977524289042,192.89845330466795,1300.0236639268205,-52.02583192979435,-295.42990750276596,-749.9860866458638,272.9450085232996,99.41320102915627,-900.0151086702921,-199.0802674223361,167.07256255792845,-1049.9879812895765,-34.49768987781022,-195.46726543610924,-300.069576597657,281.81711534820323,102.65024572538195,-0.015844377879205625,-229.9094730027671,192.88112744117143,299.96971177493873,-52.099985274815346,-295.378657408,750.0167292391176,282.006969809249,102.65968412247858,900.0740834129475,-229.7222754473701,192.89151094697303,1050.0599808294196,-51.9982695214069,-295.44395921626887,-750.0036381864375,272.9423098769502,99.39030975228083,-900.0657578757183,-199.08975167869042,166.9557107652619,-1050.0893450730898,-34.420774264704654,-195.49072646620417,-299.9379828861081,281.93926265553057,102.61336991773318,0.04105231376963388,-229.86112042779246,192.817806797876,300.0567836327776,-52.08666165917545,-295.52382463108154,750.0421031959596,281.9597844863941,102.5279980509414,899.995746617416,-229.79737669271097,192.82236278674205,1050.0351344130445,-52.09508714703876,-295.4736549036984
train_00039,-1349.9457978435603,622.9133967700113,186.81845434675358,-1500.0526082663262,150.9872907822707,254.48621043725376,-1650.002977108249,315.65860472675024,-107.86117008450603,-299.97210204835903,-68.05177528001443,15.167664958173958,-0.035571696408863214,-579.7761975001986,105.33316156617154,300.0567167214129,-402.0875046621037,-382.9418404134419,1349.9554776503203,631.8495914134229,190.080694765006,1499.998929646848,120.19660101824005,280.3392665021252,1650.0500782266556,297.87762438498305,-207.920049261798,-1000.0600685396853,272.98727032840094,99.3451543373801,-1149.9108527299713,-199.0620571144847,166.9949015289715,-1299.9620137279314,-34.57380615470066,-195.4364531408393,-300.05553880853483,281.80183104828524,102.59609299899458,-0.00312693501878214,-229.82150654371915,192.79345668420464,300.0094562084916,-52.161729287197005,-295.47773668258304,999.9545882924131,281.9159127955758,102.63915283022057,1149.977190809929,-229.82302976909057,192.8813315992662,1299.9689238373364,-52.01678906007947,-295.46614255828206,-750.085542338666,272.77596129543036,99.28595875331526,-899.9997372255037,-199.17965207395923,167.01581781523373,-1049.9325077464937,-34.673367060172616,-195.47705172290821,-300.0061658277414,281.8977740676138,102.60960290502685,0.038453894090039326,-229.8077523694299,192.75587631430912,300.05737025495745,-52.1250344990023,-295.4786871303191,1000.0449909410272,281.9181739353845,102.63629686972158,1150.0453592602948,-229.7774289235925,192.78068970148058,1299.8991655846817,-52.03501693934039,-295.46072284029816,-750.0724191435181,272.82143662948414,99.32562272345305,-900.000044760269,-199.19614662473197,166.99620984799074,-1049.9492008920924,-34.61381737441826,-195.46111756585373,-300.02408732945753,281.8127836132025,102.54085006404102,-0.0496146975552955,-229.75049174933494,192.77584616504998,300.0366787350766,-52.10294218356283,-295.4547805299481,749.9885800975923,281.85787694288524,102.57352615812196,900.0075796685927,-229.87687295382565,192.84951612980848,1050.060202268119,-52.079623433086674,-295.4488586357145,-750.092501103787,272.9020621701552,99.28475547557024,-900.0787108345972,-199.0104702849233,167.07920971009995,-1050.018788469982,-34.467546284574624,-195.4758410089599,-300.00457213819374,281.9433429898968,102.61035248979162,-0.060631314607868234,-229.64272101804596,192.83948230872528,300.0017722816243,-52.00788360584986,-295.41010806521064,749.9955910248945,281.88924289869794,102.63808064605415,899.9329715079153,-229.8223529886705,192.82102259064538,1050.037416167769,-52.093198801870635,-295.39606849839055
train_00040,-1349.9829720554844,622.945294241482,186.84997591091275,-1500.0390202104056,151.00402036130401,254.5013242993896,-1650.0265087168318,315.530522647936,-107.9046702689338,-300.00082994963566,-68.09693947102718,15.104542679226595,-0.010641778911210447,-579.7826692278211,105.3194129899543,299.9597586621503,-402.1195141795131,-382.9622132096239,1349.9887503888244,631.9046123134013,190.0964036362257,1500.0145001232463,120.15670194225724,280.35582361012854,1649.9594568634486,297.8763796662136,-207.94231779802186,-1000.0216456229663,272.9654592699602,99.41110561119582,-1150.0121713100582,-198.99470957218333,167.0372360143559,-1300.0015128041691,-34.53359722363407,-195.43434443257038,-299.9697481671582,281.9453297713437,102.60233046171969,-0.05841797033252251,-229.90731759029777,192.7438889120797,300.0282649758908,-52.091203615374766,-295.3743129848464,1000.014858357528,281.9533082207416,102.63014906329668,1149.9463069812568,-229.80498839115276,192.816745443797,1300.0211430725547,-52.072703080352916,-295.42262506982286,-749.9242776391907,273.035545646155,99.22421306664235,-900.0426956924978,-198.93658498139953,166.6081039136906,-1049.9885283568965,-34.18122640176951,-195.74066254670743,-299.96008949822897,281.8731207233198,102.58709131651568,-0.007747249505797735,-229.85581828245756,192.75378311074007,300.1264942621672,-52.05761389270689,-295.386947433983,999.9451637251519,281.90846109754176,102.62785371145944,1149.9511696062368,-229.9403659965824,192.78163729930765,1300.0059482013812,-52.001957450043605,-295.47496377909687,-749.9450053917697,273.0356413661889,99.25036364793593,-900.0478001127306,-198.93460059896387,166.68848844169713,-1049.9470313020463,-34.24219710637918,-195.72239369672937,-299.91256439713396,281.8920873221903,102.55762595369295,-0.013210524209790218,-229.83474881828903,192.8051099053405,300.0622579437019,-52.163089862705796,-295.4125340676052,750.0830596891637,281.90994863081625,102.90041028451074,899.9514915335161,-229.93669174396243,193.0523463227072,1050.0730889951888,-52.190311603242336,-295.17558473930626,-750.0628181536113,273.02316856613265,99.38036709902268,-899.9178203759882,-198.96437305889398,166.93482495672788,-1050.0743803399441,-34.36618630504061,-195.45167940768528,-300.0008298951322,281.9543298938797,102.70535384950819,-0.021073494166207678,-229.82733478598067,192.83258719084225,299.9861472739204,-52.06915506534096,-295.48273889386587,750.0440899323321,281.9519654091165,102.57647736236189,900.0382024768257,-229.770243580065,192.7997605748068,1049.9672534809936,-52.127551668382296,-295.4042613032711
train_00041,-1350.0072488297226,622.9579493512043,186.74630853388155,-1500.0011210068797,150.98501251407907,254.46306195053504,-1649.957629143562,315.5879950279369,-107.9602429426277,-299.9892728980245,-68.09978874476786,15.116701957011857,0.029761440482946655,-579.8095198772999,105.34883586608734,300.02548191108076,-402.1240939172131,-382.9559104484596,1349.9863000569917,631.9142383156524,190.09912085553043,1499.9626652801874,120.11654501073532,280.3012039277844,1649.9859809732948,297.88522347226,-207.9432484960289,-1000.0665666835328,272.9390240025696,99.46502427847047,-1150.039948568042,-199.05731075249156,167.0659411056032,-1300.0742005230688,-34.54522852318651,-195.31373645327042,-300.0105513660597,281.8979064594346,102.6081132410991,-0.04432529271498577,-229.76962775300532,192.78724412992133,299.9954873880909,-52.04378921975496,-295.4335170140877,1000.0297634357918,281.97466229504727,102.60399564056966,1150.0811868082071,-229.77029903438736,192.84337339380482,1300.0112661403589,-52.05827072477486,-295.51071304592915,-749.9730661600645,273.00020789440964,99.3263367581802,-900.0498154086927,-198.9930606563326,166.9230438825912,-1049.9589319171594,-34.41139418369743,-195.52807312237852,-299.9461643766851,281.81213972089495,102.61205312179548,-0.01492716234643578,-229.82334557293186,192.82169022924685,299.97652698213034,-52.043955459523985,-295.40234262665103,1000.029489327207,282.00552730546906,102.56749279288458,1150.1075844576928,-229.80926330913874,192.92225196045234,1300.0166249797671,-52.08599152034629,-295.41261731801325,-749.8919944211716,272.9997787225556,99.30603127760298,-900.0382889750648,-198.96409197884398,166.91635065906144,-1049.921338889347,-34.40001320640545,-195.60585248804995,-299.9691373263333,281.8662297591401,102.56145233067816,-0.006389386385294283,-229.8011940698622,192.8320378273168,300.01671574419703,-52.00034644042279,-295.3797302335144,749.903860850781,281.9652135562124,102.6197536169758,900.0611651188268,-229.8621467101959,192.78596558907927,1049.9732126858444,-52.062742620375985,-295.40619838016966,-749.9972403652282,272.98326012224675,99.32028812066893,-900.0388214386608,-199.00805342727105,167.01579205670652,-1050.0132701259065,-34.45841364747091,-195.42776116902138,-299.97779898510447,281.84341265112295,102.6864294776746,-0.033990749514547405,-229.83856465271688,192.91202008272154,299.94704073053526,-52.01818402180923,-295.38502939296905,749.8787697309958,281.96417171908837,102.61038431642866,900.005995932896,-229.89552500600084,192.80888440655028,1050.0545337675137,-52.04504959918778,-295.4323823678717
train_00042,-1350.0208362783312,622.9263631189399,186.83058763525815,-1500.0185049206973,150.99444956054978,254.46783971156157,-1649.9746973288015,315.5209053771183,-107.97461874990937,-299.9846219854035,-68.02710903591657,15.05970988364113,-0.031721328128016056,-579.8322425140454,105.3365291592891,300.0277495960836,-402.0649811363679,-382.9049235546089,1350.0283941192254,631.8597244332531,190.07876638894018,1499.9991399582864,120.18633387071897,280.34459422233203,1649.9695213430957,297.89835389702614,-207.95495145276337,-1000.0394089823093,272.971376909526,99.33736079923585,-1150.0316648626338,-199.05148354754343,167.01606126730857,-1299.992404760755,-34.473111198310846,-195.39779083279134,-300.01120990542665,281.81742082530883,102.65838015361216,0.07625503727812721,-229.85717739878763,192.89151347505555,299.90628402397306,-52.122891382608294,-295.52983892951323,1000.0042765877901,281.9062801372781,102.63038141434427,1149.9911167440716,-229.79920310438604,192.8809337277489,1299.9677188546675,-52.05594532729034,-295.4296442832857,-749.9283316048571,272.72796593627305,99.5146562103777,-899.9389443955282,-199.12064793268624,167.31899001101425,-1050.155717824603,-34.745694061524674,-195.04887389747614,-299.98851502832787,281.83856234289254,102.62412771745257,0.05564221169502904,-229.820334372454,192.89157357268382,299.9243081823394,-52.14163416118588,-295.55736594284843,1000.1471372232197,281.8691762150895,102.59007810462326,1149.9844237800098,-229.78404040323318,192.80309108213893,1299.9461542570943,-52.007943113867654,-295.4518219390102,-749.9575668930459,272.73972475455986,99.55249184081627,-899.9086540067342,-199.1895373471857,167.25774810128217,-1049.991735735294,-34.69608834710951,-194.95073259474447,-299.9566498532076,281.87717035853245,102.59843583276508,0.09356709566269289,-229.81170397777052,192.89325314388074,299.92452861378166,-52.10773148003513,-295.4599617077125,750.0214540395741,281.86356759337787,102.25393302028996,900.1133935772,-229.7481038308102,192.6764588385039,1049.9478368263515,-52.079906973866166,-295.8164062519296,-750.0272212008717,272.89990110789256,99.3187913966873,-900.095117485738,-199.03616823397675,166.91945908048257,-1050.000252376917,-34.4609758770893,-195.41693116067037,-299.98513275165664,281.95161892058366,102.5275623432419,0.013979324841568823,-229.7747997460826,192.79984211770366,299.9869770357028,-52.02032472536085,-295.42235211948787,749.9539340359794,281.7856994955245,102.5939098863599,899.9253016439236,-229.8313343124079,192.96828385201175,1049.9947417845083,-52.075707426444815,-295.3876757519513
train_00043,-1349.9944906605735,622.9649224471352,186.85652809007593,-1499.9657393894502,151.0329780122002,254.50099659127315,-1650.00828530602,315.51907027632825,-107.91716407317979,-299.9429059412605,-68.10249360410516,15.144875584784012,-0.011600383464160093,-579.8154325146675,105.31075789919036,300.0014740973744,-402.09285921124456,-382.95027356442273,1349.935971561865,631.8812942862467,190.06449931721343,1499.96046667126,120.20385768001691,280.3384620078241,1649.9945907954518,297.91913263685973,-207.9529577929308,-999.9836829440706,272.9619067372204,99.35188328709738,-1150.0400065734354,-199.0056634343803,166.89467828669117,-1300.034215014725,-34.49441583564796,-195.43314238176177,-300.04464458688796,281.90154961353295,102.48881197871454,-0.009378491700439192,-229.74773559391608,192.8834060788805,299.9713017863208,-52.11955315783296,-295.37821510062633,1000.0890684421504,281.9713091906098,102.66587013541812,1150.047057554628,-229.76197383488065,192.8177563169266,1300.0138511594548,-52.07673424814848,-295.4035175624738,-750.064491211554,272.9693539904926,99.17302905532803,-900.0489972652583,-199.07599935755576,166.9554668654304,-1050.0263489477732,-34.71800650303789,-195.42751643679753,-299.994682489249,281.8813851420727,102.53247531251779,0.07877843014892262,-229.81840019100355,192.84697563534527,299.995100005717,-52.11375551805419,-295.4314958377968,1000.0688496468907,282.00324942681794,102.64098227940536,1150.0953520671383,-229.79265338027457,192.88267903174562,1300.0629695051373,-52.06704985641781,-295.42051738207925,-750.0525055965858,272.9589834834614,99.17393550661261,-900.0363009193586,-199.02752389436748,166.9593972022468,-1050.0806942061738,-34.60649748163191,-195.42770692220097,-300.0633874914375,281.98889248517116,102.5002183893418,0.01218211336892842,-229.79002126434366,192.85109957137607,300.0631232632872,-52.11360052409865,-295.4693562158147,749.9955937610891,282.042401469867,102.58497288521988,899.9675550134873,-229.75677426183864,192.8047907080653,1049.9612625567381,-52.06015434609201,-295.567432737791,-750.018953497235,272.91310239895125,99.39505292738092,-899.9240435667606,-199.00948622425,167.02060529260766,-1050.025339148273,-34.61940954939745,-195.42570441469604,-299.9913947020041,281.9138979959932,102.60206853629555,0.005127994566317727,-229.84527194347336,192.85983418525973,300.05205099780454,-52.13917304153755,-295.35141055418563,750.0358606806769,282.00449982127145,102.66434734674641,900.0291864252079,-229.84837563056814,192.82753972271402,1050.0018912579264,-52.12546850110601,-295.40093743472124
train_00044,-1349.9389912633565,622.9003041520551,186.87996975494005,-1500.0478207113117,150.97423767660965,254.49338675439628,-1650.0707509116007,315.51738566191665,-107.93680562652078,-299.98199735803723,-68.07073215485856,15.126363871191112,0.009513720273134324,-579.8196247626609,105.3459905137086,300.01648947617423,-402.13431826640124,-382.937123117611,1349.9984994550111,631.9084109487449,190.07810946304414,1500.0184671704142,120.24268876118799,280.37246131263913,1649.9974846297273,297.89177402219065,-207.92816964146306,-1000.0418756515962,273.00873360675826,99.38539233061063,-1149.9590290186015,-198.97737965513033,167.04789425166936,-1299.9998941085848,-34.48879582213496,-195.389865222798,-300.0459966491892,281.86175443543425,102.57181632147947,-0.028025064114702517,-229.81524038861937,192.84419588048533,299.9531816518222,-52.10529171459208,-295.4804996372549,999.9952146884474,281.95293258185916,102.60272319754752,1149.9513474560324,-229.92057871449038,192.85956286116067,1300.0407347167225,-52.033435999216906,-295.4462153241712,-750.048981970582,272.84311635492026,99.28475833373034,-899.9603473267863,-199.0808505025936,166.95105190036682,-1050.0360184581368,-34.563323140087284,-195.4147297344952,-300.0840705816401,281.9023729521919,102.54291769006093,-0.014495625022119733,-229.74742506292816,192.8640972906987,299.98033536563435,-52.00603358115818,-295.52254733389566,999.9873905274367,281.92244573001653,102.72313332726014,1149.9159402456226,-229.86379447820755,192.87621625510988,1300.0342289194787,-52.02569112793625,-295.42072666804364,-749.9970142514469,272.81714968998807,99.35076006896733,-899.9769542977522,-199.09240929528755,167.01943565714578,-1050.048962704163,-34.56880279201549,-195.45959681527103,-300.008883780243,281.8418876439196,102.5573596128885,0.0570728339484892,-229.8157339031023,192.8477009696698,299.96571479578404,-52.09998717246429,-295.50599556628055,749.9558083500156,282.18905775729473,102.43684656454873,900.0090142536225,-229.6295475839386,192.8210145568908,1049.9903297243939,-51.85754045791992,-295.4871183676527,-749.9283629440796,272.96164084018994,99.41957577083735,-900.0379709727332,-198.96629362808133,166.89487252001723,-1050.0563885015056,-34.34440282717463,-195.52603106686868,-299.99802460673556,281.8853710343458,102.66482345747308,0.033046495986370356,-229.96422977509735,192.85953804269465,299.9415194980581,-52.09677391557568,-295.3912222277241,750.0125520447332,281.9749485708547,102.63291832677527,899.9816668342077,-229.77408162769683,192.79192918786055,1049.970668673704,-52.04087879430494,-295.48082503257314
train_00045,-1349.9995387115687,622.9014364891143,186.91699882922353,-1500.0109958437358,150.97273935336307,254.49851059134005,-1649.9601443963275,315.55694135265736,-107.91581069493509,-300.0123279996706,-68.0450567652722,15.088155211005745,-0.015071128427695007,-579.8050686272829,105.33959983178735,299.9826203940213,-402.1129207763234,-382.9730570550659,1349.9873262842177,631.8961997237981,190.12850270923292,1499.991296790369,120.13645574289583,280.36358143213675,1650.0088812691786,297.92428949130476,-207.93003785644922,-1000.0233086785489,272.99603258416124,99.27208108721872,-1149.9455709840856,-199.0106750308704,167.00814672898034,-1300.062209829271,-34.469379885001516,-195.38364788467885,-299.99685736705,281.9181186187456,102.57466785081115,0.04168628582420877,-229.8314521767459,192.8445107691816,300.0090727323417,-52.0569194646683,-295.3704008813489,1000.0704378820739,281.93519094004034,102.57114387230324,1149.9367491569792,-229.77450027848153,192.86765456544612,1300.020199424683,-52.16533118349868,-295.463815113428,-749.9670027303195,272.9495659410476,99.30885296117717,-900.0329581143054,-199.11064433410405,166.8920105134662,-1049.9344356912984,-34.53922584192649,-195.5101036175325,-300.03139681831016,281.8788523814342,102.58908061236926,-0.005919935363952636,-229.7942719170396,192.83036826401985,300.0310979742546,-52.039104064741835,-295.38079065536925,1000.0709562379931,281.9485844485239,102.539593594684,1149.9465350250314,-229.77872438405967,192.85112077588246,1300.065509230208,-52.10859691966464,-295.4182455877562,-749.9909539414136,272.8945560210439,99.30078702911024,-899.994129839877,-199.10432188968082,166.90299984667556,-1049.9619355537932,-34.54822701185034,-195.52142691783266,-299.940441016686,281.8467016969617,102.53606325200454,-0.017300864915141684,-229.8012031157534,192.82294647579224,300.01210859878364,-52.05789423124091,-295.34768714828635,749.9432670649284,281.9788538464821,102.81997932715896,900.0182991907534,-229.6505791320424,192.90899014225076,1049.960937359945,-51.96554274461955,-295.3055455013521,-749.9434471503629,272.96773478969095,99.30890219316558,-900.0205306211134,-199.04053667770205,166.9675413657534,-1049.9502395027484,-34.46569625189863,-195.4084209337157,-299.93487134337846,281.8475561165214,102.64997360638988,0.04104770738001024,-229.8018330375533,192.80767636341295,299.9420788772119,-52.119328137467164,-295.45800444356496,749.9897679526202,281.82304964006505,102.60572118827436,899.9921447206548,-229.8181136119826,192.7834113279819,1049.9757239861863,-52.05364838786585,-295.4971821884448
train_00046,-1350.022309850624,622.9817325356863,186.84995442176276,-1499.9775370807672,150.92636341264296,254.52886170309108,-1650.0089808856353,315.5701094697822,-107.93656673434393,-300.053113132801,-68.08376400673582,15.130751823468083,-0.016462842892577004,-579.822816869823,105.29507058315667,300.00197813255875,-402.116999454741,-382.9289654254912,1350.0106778459683,631.8701236006028,190.01531535648164,1499.9938701859344,120.16352696285611,280.314452783195,1649.9833922867667,297.9441306096589,-207.9673174794224,-999.9998214083881,272.9447347576926,99.34085708375984,-1150.0655485186687,-198.9436077555661,166.99238813358573,-1299.9335316403967,-34.433047192057636,-195.42567021912038,-300.0273688181009,281.944827447682,102.56934502190843,0.0834032968816564,-229.820747950674,192.84830127818705,300.07598713090533,-52.085287793175496,-295.43547684074593,999.9648649610663,281.8988977325835,102.72453840844771,1149.9490251014686,-229.81919820295286,192.86682872400533,1299.9843123730034,-52.033139959676284,-295.475669156578,-749.9610113180447,272.8607716405845,99.25744908850297,-899.9197099665639,-199.0658738252174,166.9540999165904,-1049.948830599865,-34.58554770041448,-195.4895098893714,-300.0322419633776,281.9765266264008,102.55649571253323,0.06461312622706115,-229.79997021139036,192.88885755620498,300.04324968558836,-52.09483674782961,-295.46852493303095,999.9946387503198,281.901117554149,102.68108750598942,1149.936843463812,-229.7786448282359,192.83262244612382,1299.9788927660675,-52.08184829300392,-295.43222429512184,-750.0486581868353,272.891928861211,99.27349655189863,-899.9460406834739,-199.1162570279497,166.94037376280198,-1049.9741759102242,-34.59553712963754,-195.50576351918642,-299.9707618395914,281.91910313166545,102.5909391162949,0.07177913609156462,-229.80442655316637,192.80483178388099,299.9815061692183,-52.10886930411917,-295.4801694878728,749.9701015029133,282.01758993285904,102.60484995518551,900.0502613922392,-229.6648910112555,192.91867848826965,1050.0576792385534,-52.01846548904703,-295.52642545042784,-750.0178303838011,272.9954161421704,99.33466234048674,-899.909210125282,-199.08809178677646,167.04700099383845,-1049.9735844224265,-34.41500737219175,-195.40972705650444,-299.94354488045275,281.970419043109,102.56990777521814,0.09750503286998828,-229.7688197812292,192.78806315250188,299.93145082293375,-52.165531677629396,-295.4120433754125,749.9717470495488,281.87254121609163,102.63057692939435,900.0920011676261,-229.82244329118916,192.8809921754834,1049.9960574034626,-52.1693445427636,-295.49078868780896
train_00047,-1350.036016154227,622.9803148241034,186.8775977871641,-1499.9862366976279,150.99516131622428,254.46433539751382,-1649.9862203316718,315.5329503022756,-107.94268750574392,-300.020626625068,-68.081782818948,15.1113851764692,0.009769318803449596,-579.7589811121669,105.38490588431799,300.0651376948381,-402.0580677483803,-382.99213365454807,1350.0317729382205,631.9112391105651,190.09128922590415,1499.9996534650156,120.23108631578081,280.34772331679306,1650.0311265184466,297.91632897306386,-207.91700922782908,-999.9757394165799,273.01085256001454,99.33878096312266,-1150.0413689120717,-199.05782264876098,167.0205633196678,-1300.0635819140819,-34.49438956475562,-195.46904435279075,-299.9703113413087,281.8673779029886,102.59519252792698,-0.06743202504217517,-229.85552230775,192.77661611576698,299.96215227956134,-52.179814383266454,-295.43086254133283,999.9746510813649,281.8479964279386,102.5969704235819,1150.0294716465867,-229.7998839456237,192.8295945589623,1299.9339970336002,-52.10961275719549,-295.4709955815284,-749.9226068560977,273.03111994612414,99.33502946312122,-899.9932112366664,-198.97666146581375,166.98620196433913,-1050.0175338134113,-34.38556894588212,-195.4257007584547,-299.9443737592269,281.93738368294447,102.55823076600682,-0.05433347980518047,-229.8617099412446,192.80153420826682,299.9362622910098,-52.19669360730864,-295.421853913728,999.9845650749105,281.8871887022985,102.69340873722095,1149.9677478465974,-229.85712161112068,192.8788493120379,1300.036145271879,-52.09240415409493,-295.42272397484066,-749.9661785550669,273.01249345467374,99.21430250327954,-900.1068176892477,-198.91990500904973,166.96874921003015,-1050.0313475940047,-34.370959103946994,-195.484552837089,-299.9716545611478,281.92390910056474,102.59229635675462,-0.06865634099755585,-229.7948044823544,192.84524640405672,299.9315656285917,-52.16946719136629,-295.43244128133165,750.0163608832696,281.76714075256353,102.56172343584278,899.92984222673,-230.03369137255467,192.87825670949618,1049.9748071754088,-52.331575073090875,-295.55613931610077,-750.0404101300228,272.92678666993766,99.34134948926632,-899.9502482659204,-199.10145190529997,166.99167687179423,-1049.963095288139,-34.44814817212922,-195.44403476831818,-299.98706230013937,281.8535537631912,102.71794889294499,0.05546598136716276,-229.84644207925163,192.80364691338386,300.03968452330116,-52.07969173136282,-295.3916598753489,749.9489347740326,281.8575508687525,102.61949519810035,900.0144173338107,-229.9710376827304,192.8740010526679,1050.0388662852363,-52.10934793738722,-295.5764365853446
train_00048,-1350.0055560947003,622.8982699767906,186.8167862535636,-1500.0485619937074,151.0048763253332,254.5458978469527,-1649.9812731072793,315.580212872781,-107.89159512576693,-299.988707633703,-68.08583124883565,15.136283509192028,0.00885686893886505,-579.7537185405357,105.3141629025334,300.0343658941431,-402.05515847005216,-382.9330741687833,1349.9440671886503,631.864542911027,190.11680343054235,1500.0435754834887,120.18310145646171,280.3714487389641,1650.0294346946935,297.911509785048,-207.96722691081754,-999.9935088662851,272.94354492196976,99.34761471833423,-1149.971106934014,-199.0600982119877,167.01861628117064,-1300.0119205979397,-34.48097832366253,-195.45043719377668,-299.98606153458013,281.8902945876467,102.52602956496165,-0.016197462546705066,-229.79555713766842,192.8271050473002,299.9643855030458,-52.14072056529491,-295.4832114231449,999.9830119750825,281.90617638150206,102.61130786282634,1149.913281513997,-229.81575350229446,192.84711608882017,1300.0615966262071,-52.12285456488224,-295.43702041782507,-750.0456640298755,272.8874541362718,99.28475050022323,-899.9769767349461,-199.02010962210474,166.92387193204522,-1050.0089185372938,-34.49562057460972,-195.47647000621868,-299.9221424440513,281.88504409739454,102.53264072534502,-0.07057100427702931,-229.90457268502666,192.8955990251504,299.9478129342527,-52.13933530311584,-295.47224697712744,999.9587703381673,281.9722524287283,102.65894488799529,1149.9062459751892,-229.8479026970842,192.85245409942814,1299.9392327509238,-52.04272108830703,-295.47226451046447,-750.0349819840462,272.8593149705557,99.32093303809005,-900.018424307803,-198.97769820033398,166.95181818691137,-1050.0137269289066,-34.392523506000366,-195.48375405727168,-299.8932562549369,281.8940815487836,102.59108210597162,-0.003402185526430474,-229.8932276111801,192.80843709085218,299.95379206030054,-52.0833055448194,-295.4210823765452,750.0786225582683,281.7849085195178,102.57697298351762,900.014991540768,-230.04034352228362,192.9089976529783,1050.0131391301097,-52.33133411933967,-295.4547104193918,-750.0352800041015,272.97552663194057,99.31822982854418,-899.894001228469,-198.91922847428572,167.0489357110387,-1050.0490784711487,-34.58434535277799,-195.4989940534781,-299.9688932373974,281.93935993535183,102.59579736543495,0.02008766751214501,-229.83697508793983,192.852738092079,299.98884482537665,-52.05812983151782,-295.49670747895993,750.0636784740379,281.9251422533998,102.52807399361055,899.932854474679,-229.82482662747077,192.85617715707332,1049.9937628535822,-52.140168279250155,-295.52775773089735
train_00049,-1349.993068257661,622.9632318959457,186.863522576475,-1499.9805403780265,151.02393404597015,254.47633856948377,-1649.9926005954915,315.5366184148178,-107.93749544430175,-300.0039134817912,-68.12076364371013,15.092723573056723,-0.01751394791110274,-579.8352279256983,105.29150993892462,300.01178971122744,-402.0417199353404,-382.90757738241257,1349.9771138636395,631.9220674000492,190.1133507864259,1500.0136004980252,120.23086415192843,280.4286189243186,1649.9655007475765,297.8582164695796,-207.95419091604631,-999.9689329874162,272.9059662460009,99.38878004871037,-1150.0081013338659,-198.95385636032378,167.02076065431194,-1300.0300197188565,-34.4140459566765,-195.43857523100797,-299.91035248299664,281.94346408413514,102.61182381642598,-0.01793397634060223,-229.81565328514716,192.90656964744107,300.0033359030753,-52.180727513222145,-295.4505977029548,999.9775296333919,281.9179743027185,102.61882395564139,1150.014807231945,-229.84055064605448,192.81063860818037,1300.0820701307764,-52.082172061727746,-295.4713706534085,-749.9720684153309,273.03995227941834,99.46163820694905,-899.8840859783824,-198.8601959987067,167.1048360721363,-1050.0424565828025,-34.34767320274333,-195.32493682190946,-299.96789922813605,281.8975285004934,102.59842670330895,0.010905390504543108,-229.8020065872428,192.8633086656741,300.0140495716982,-52.177154965118056,-295.5569890714742,1000.0107907007971,281.84456652262577,102.62034721210134,1149.9333046925494,-229.84747311421182,192.84038636118257,1300.10324763949,-52.06028110856217,-295.4387829681745,-749.9557232441351,273.08002682630064,99.43618636541684,-899.893799289214,-198.90507644911074,167.15412792824367,-1050.0322371714283,-34.402230878280875,-195.35945441594103,-299.9293161907307,281.93368210698736,102.65720958112551,-0.013138228675462278,-229.75706679728182,192.8604430962538,300.0330314812498,-52.17579424384884,-295.43122623654926,750.0695976155,281.8876676857492,102.34346939157685,900.0531863227349,-229.83186638469985,192.68408360321402,1049.943970222869,-52.194226496378775,-295.7109074544948,-750.0311720512159,272.94078359790194,99.31738069137738,-899.9997378510716,-199.01445323888524,166.96398182611836,-1049.9717112586,-34.40705661261505,-195.46271164299247,-300.05389512500045,281.86713856763265,102.61703351349394,-0.062284715688952816,-229.7835455359576,192.90183705993718,300.01171336862774,-52.11456421521065,-295.402340888735,749.9909468734464,281.90886727849073,102.61794042150753,900.0327527088027,-229.74115853276237,192.9070868181556,1049.9839843471734,-52.091387546621014,-295.52989916290835
train_00050,-1350.0124534388067,622.97243378186,186.871286999289,-1499.9299831824244,150.96800138542514,254.52227493915393,-1649.9809727237825,315.6007694892826,-107.89869924979273,-300.0287806432712,-68.0868443846221,15.08579538513854,-0.0015706795044873236,-579.8190262719105,105.36462878338699,299.9961632852085,-402.0662231716312,-382.9108618603246,1350.0415918720114,631.9385603014116,190.07964209178814,1500.0147471667356,120.22836975862744,280.320826537864,1650.0337663427397,297.8964676970962,-207.94661445351895,-1000.0629931933909,272.9343258572475,99.34764969011512,-1150.029649552391,-199.0429037851072,167.01106506566012,-1299.9955474349272,-34.477380276368656,-195.5073546057695,-299.95846503929937,281.8876575923131,102.59378985665718,0.01862460465507231,-229.77065759944858,192.76826432657845,299.9877570808208,-52.153639410398426,-295.46418783999945,999.929790818696,281.856808879858,102.61757651435538,1149.972062085454,-229.7925447511658,192.8579060367591,1299.9948063791583,-52.18462424089382,-295.47579558889174,-749.9862927199875,272.98289436744875,99.37716614091458,-899.8754675744757,-198.92725125744994,166.9929485064948,-1050.006274039256,-34.4191151863856,-195.36122521001957,-299.95619385052714,281.9040606615961,102.61143483836594,-0.08513438143115962,-229.8145876815242,192.7730606119618,299.9269194999191,-52.15651836054672,-295.45780248522533,999.9326674176968,281.87117687272644,102.53215449496034,1149.965752347004,-229.7887499634648,192.8214375906559,1300.0277365929464,-52.122828302531474,-295.39888436358973,-749.9897121686894,272.9565574784873,99.36928972551125,-899.8557251065424,-198.9990983709434,166.97424129405812,-1050.0154084628145,-34.3447283787758,-195.3732066144172,-299.9591058017294,281.9437014258205,102.55826849005132,0.00758254631513317,-229.77793359966086,192.77303508861715,299.9325530045176,-52.12737550476974,-295.515188385035,749.8915562393865,281.73200974963714,102.5996938959547,899.8427905400866,-230.02397514892064,192.71870723893727,1049.90376500541,-52.317551134483566,-295.5147794854387,-750.0030817376489,272.93200437249766,99.35716641756564,-899.836839763548,-199.04956126182492,166.93290369809526,-1049.9819117310878,-34.50479661936682,-195.39617361010136,-300.0108978953376,281.8620226831681,102.5819641717349,0.08615078108259294,-229.75186775954188,192.8548241609103,300.0293997174716,-52.07021955476926,-295.4403639434113,749.9615573480163,281.9287075880062,102.66263496822701,899.9058067358909,-229.8408008799736,192.87895880007207,1049.929687835925,-52.18301540246201,-295.4470860264406
train_00051,-1349.972976976905,622.9238595377833,186.86811570494504,-1500.0169049484095,150.97676509950486,254.47857016408375,-1649.9931700984991,315.5279186657178,-107.93875683439552,-299.9680032852484,-68.10172917136371,15.132597327836258,-0.03530783057330298,-579.8065740125209,105.36355234802825,300.030891058277,-402.1043019789551,-382.9254724687651,1349.9975677679145,631.9514662311987,190.07885082668216,1499.9648601919987,120.17438369877597,280.368634577484,1650.0305242044442,297.8829880285299,-207.95070874516483,-1000.0567927276072,272.9786933721244,99.32394205407668,-1150.0626150765256,-198.99761824851493,167.11459721680177,-1299.9442440336888,-34.34448625603404,-195.42094064412217,-300.0782972325148,281.90952267152556,102.5610933350849,0.03719875367021728,-229.79464547941717,192.8196450481343,299.8957133778654,-52.08261117996359,-295.50871929746825,999.9905136867333,281.86275928309516,102.6437862637073,1150.0334897111927,-229.80329412354575,192.85540100681717,1300.0264329197094,-51.96207314038478,-295.4426855536774,-750.0695964824881,272.87094446844185,99.29318018795803,-899.9048901858807,-199.14650956695021,167.08279849587575,-1050.0865860324193,-34.69257506745628,-195.26964741014774,-300.05218920151947,281.8725754681816,102.62522367499376,-0.05396916113956751,-229.80847975231876,192.831113081888,299.950841895508,-52.108325187007715,-295.47891093097206,1000.0251414559305,281.9182404357218,102.68923650178687,1150.031280745758,-229.8159343310912,192.85901381893615,1299.992900369601,-52.02727035243945,-295.43166356619463,-750.1158698745977,272.7305583594114,99.25008334667693,-899.9121096076286,-199.2106861085496,167.18587838476344,-1050.1067993843506,-34.65976829831426,-195.36029889394626,-300.05502412551635,281.89510275412357,102.61355494718774,-0.02023515818552458,-229.83178986924148,192.81479354396444,299.9773011367653,-52.10041390798311,-295.5024270040953,749.9060244416678,281.9485016029309,102.5246773941173,899.9212138812698,-229.81057500746263,192.711184200537,1049.961695879259,-52.06982654596756,-295.5385283075942,-749.9983022711053,272.91687228951173,99.30989169384407,-899.8589040441205,-199.0060199203726,167.04949862102984,-1050.0844115462148,-34.428519475900586,-195.4161327582731,-299.90117067455617,282.011179430593,102.64424762735966,0.02975809940881448,-229.73898804081284,192.77529303383534,300.0829974622967,-51.9929918740598,-295.47306369252806,749.9469579906774,281.8304308411738,102.7074646725079,899.9959234247927,-229.91071118966553,192.84993087541568,1050.0262309088691,-52.08405463930504,-295.3841933594718
train_00052,-1350.031489191117,622.926406961383,186.89176630206217,-1500.0019482120838,150.98460796082355,254.50108311952985,-1649.9669831753085,315.5331812561619,-107.90553932903262,-300.0320873405084,-68.05953007520988,15.083474152383873,0.03282863729109055,-579.7981699237673,105.37117571548477,299.97127894324205,-402.14181093285845,-382.9184776618742,1350.009752727547,631.915312828737,190.08676387007884,1500.0273366730842,120.23236652629488,280.3198853546049,1650.013159506703,297.90859820682806,-207.9604047426963,-999.9473920263982,272.9593629107711,99.25737678993953,-1149.9391812366575,-199.0251217431954,166.95286403505372,-1300.0079452242942,-34.418662037851895,-195.44405717341746,-300.03449368648177,281.9284051215309,102.55342174743815,-0.023665274673882953,-229.81699836169625,192.7816148860504,300.08336130114645,-52.031952300343846,-295.4745658420611,999.9813604466071,281.9755039864191,102.65250531839013,1149.9380120504024,-229.86953595882417,192.83254185792788,1300.002658774475,-52.09831678103329,-295.3637063570216,-750.048672314595,272.9619957912746,99.26082259787283,-900.0405090618054,-199.04923059506294,166.80382537455571,-1050.0096414480622,-34.469977946474174,-195.6462033091131,-300.02722632070385,281.90524208016905,102.57869087264093,-0.03039861428408052,-229.7744769604253,192.7958437727135,300.0676848257011,-52.025310924362074,-295.5558193397121,999.9952779032863,281.92468497214765,102.66085439740226,1149.998887756029,-229.89270594693275,192.8840029316177,1299.9383236390156,-52.140991308381864,-295.3772356567638,-750.0628316398079,272.92935270445315,99.16162803900124,-900.057907093845,-199.07112180786766,166.82293493611053,-1049.9446159987285,-34.53004310712261,-195.64131005764116,-299.94601038901436,281.9100039841717,102.67581808672409,-0.06763390089396366,-229.82229985820604,192.75974453222113,300.0752399502266,-52.069629384490604,-295.4742542135471,749.9046623933381,281.9824384269644,102.59061790825103,900.0432670374723,-229.69944783371926,192.75091234039587,1049.9503683983273,-51.902246689513404,-295.44018358938183,-749.9687478788752,272.9214912928473,99.30608638537569,-900.067427735396,-198.97152453994477,167.03425778786237,-1049.9418298929693,-34.40143623277937,-195.44842920221103,-299.9827276075359,281.8507524752237,102.66549027884082,-0.046308082624614964,-229.86475618578746,192.92351490128684,300.0606933196886,-52.19706831726886,-295.41417281216104,749.9995773485643,281.9458526108897,102.5464817507283,900.0153079799375,-229.89552949532205,192.76155378115436,1049.9499020392882,-52.10723239692386,-295.4723910005418
train_00053,-1350.0007432044838,622.9708483591605,186.82681466398574,-1499.9538105610284,150.92769490437828,254.44731451637853,-1649.9980548222527,315.5355392345147,-107.91945362086699,-300.00326393939224,-68.1043726009083,15.097739521380923,-0.030719264675955486,-579.8061809340542,105.33937392677016,299.983574115958,-402.13717387615895,-382.9591832528933,1350.000966084317,631.880064699809,190.14704892864583,1499.9699775213405,120.23917853536321,280.32710078195623,1650.0057590465121,297.89666554871826,-207.9411317195108,-999.9715707772134,272.94951385530936,99.34632439434986,-1150.123401795708,-198.94190145626175,167.05672149432175,-1300.0185420403234,-34.48188065065098,-195.27521807895795,-300.0126103578665,281.95456291157285,102.6564668714365,0.04555731917781062,-229.78890767433583,192.7835418529016,300.01436149498755,-52.080898762266855,-295.47734467754935,999.9674218574299,281.8229390596368,102.54529636187168,1150.113382883401,-229.8433969318319,192.8908926006034,1300.07944706426,-52.12277895880058,-295.41669288527095,-750.0371766311457,272.9413772538418,99.368160871048,-899.9289331520827,-198.9911990769259,166.88771606394454,-1050.0221582600993,-34.38798165184768,-195.399911630882,-300.00964782419925,281.9451646233337,102.63820159118619,0.0862647851837874,-229.77719365736897,192.83698683666384,299.97777892255147,-52.082459905689774,-295.3931183709874,999.9516268200939,281.90832665525005,102.5808296904072,1150.0216682866535,-229.79842363537844,192.85092449141598,1300.066510889354,-52.09313264980658,-295.3945687552579,-749.9985338064464,273.0240310416743,99.37267955831808,-899.8932851010045,-199.0367422142317,166.9320579455265,-1050.0265373908426,-34.345904771128694,-195.42505738934966,-300.0560276255192,281.94897608448326,102.59855875109741,-0.02023155605389086,-229.8192208229036,192.87122070481905,300.08004277119676,-52.0798433815219,-295.4160782579484,749.986013987707,281.99217478921656,102.55425173011878,900.0183443681116,-229.7746304451264,192.7760371709167,1049.9766429375281,-52.095389125513385,-295.54009873422484,-750.1421987287473,272.94233690759955,99.35477644065959,-899.9119082365607,-199.12773555875052,167.00346285752346,-1049.996173409434,-34.40238051844624,-195.31218052412504,-300.00109631830315,281.91148321210284,102.56760838688123,-0.007574687674778584,-229.83162411118113,192.92209626575652,299.9983160896176,-52.12138464094413,-295.4405742948654,750.0365973841393,281.9672544012974,102.65208299376907,900.0021897666691,-229.83196280805552,192.8272453990121,1050.01056584578,-52.06669649865665,-295.4846916556271
train_00054,-1350.0014644564055,622.9488619347197,186.89666755403354,-1499.9852631565366,150.90415329318478,254.53816158600478,-1650.0122202242474,315.59548490420656,-107.9312774942491,-300.058127865917,-68.09571995687033,15.120149606165272,-0.02478056417974007,-579.8033462097153,105.37946402213339,300.0049320622793,-402.1229705437933,-382.9196198738935,1350.0654606708592,631.9139742376015,190.0987665844902,1500.0314519484389,120.20872644206106,280.3318535558937,1650.0114253085549,297.9268093931695,-207.99002553496055,-1000.0256420297445,273.0159797348985,99.26985434300146,-1150.0071169638672,-198.9748344431157,167.00881428694774,-1300.0545707221636,-34.51480215958618,-195.42839411572461,-299.9136598368071,281.9162189774477,102.63685495339465,0.03473914649931438,-229.81929213819373,192.79023593683618,299.96818681869263,-52.09584433074019,-295.4924413825542,999.9094059066791,281.9011808297708,102.58414518338822,1149.8732663745966,-229.8410356002883,192.90090303145578,1299.963820733262,-52.09722072153814,-295.3967519297401,-749.9213988149168,273.0314301111973,99.45997090470124,-899.9111385447254,-198.94923893310207,167.04837950198666,-1049.928744971086,-34.318645062019506,-195.22799577161103,-299.97389184029157,281.8138819527511,102.70467750020343,0.07097018249429823,-229.80616271588298,192.7617375748277,299.9860668989618,-52.06964052289617,-295.50809973541385,999.9465320661893,281.86624562657056,102.6206013565209,1149.978424477834,-229.83212674903754,192.87684376469022,1299.978878685287,-52.11997745788412,-295.44258844914896,-749.9780888586477,273.0474109622644,99.48316577758189,-900.0028388432415,-198.97501707236003,167.01235124988781,-1049.914122388933,-34.35003413081194,-195.26628445838867,-299.9401907300643,281.91518849828907,102.64230992728582,0.010163870944668009,-229.81184164443388,192.7819970871859,300.04319351067653,-52.116949016822545,-295.47917493374854,749.9788205534536,282.0030214943632,102.48607020879454,900.1486379100992,-229.83636132737513,192.61593055601955,1050.0292002967697,-51.98755956671989,-295.6544976631989,-750.010132478675,272.9931195068202,99.39314471695064,-900.0326468930875,-198.98097532717225,166.96804639974152,-1049.9559568289023,-34.416513252017815,-195.3720847581308,-300.0822574852149,281.85713583793364,102.58971024385949,0.06350803419919106,-229.82763621709844,192.81809907391562,300.0617461211016,-52.12707057514499,-295.40772287223984,749.9845908119888,281.8700056657153,102.63099870750068,899.9952630296447,-229.8181110390614,192.79748010518506,1049.9532609973826,-52.097433283989844,-295.42665667166074
train_00055,-1349.9147073186757,622.9460338746975,186.8784618281402,-1500.0005997175933,150.99070939808507,254.46241060452104,-1650.026907383465,315.58309763107343,-107.92336401435938,-299.9946624300791,-68.07800101817404,15.110207658497227,0.029568099139631356,-579.8330206128408,105.33583563843042,299.9984406428187,-402.0526798826337,-382.94009211641804,1350.0291004993605,631.9064183515064,190.09970684096325,1499.9583868154887,120.19106555784518,280.3269212166045,1649.9649311386856,297.8553827571249,-207.93822243966022,-1000.1024715425599,273.0224020375558,99.39314228766082,-1150.0080638499346,-199.049374944969,167.07947568132107,-1299.9443431032166,-34.54337104680817,-195.42999304707848,-300.0149275477565,281.9244415276895,102.6089706293584,-0.05572160647511049,-229.82037009926262,192.82796593932522,300.0168141019329,-52.1005116686576,-295.4409704491526,999.9711796102529,281.85886016607634,102.67086099360705,1149.9836077642517,-229.81687217652396,192.83356652135342,1299.9843413311676,-52.032583060028514,-295.4237053367643,-749.9981192009525,273.0242427336579,99.2862156219446,-900.0436657264372,-198.9037288749262,166.89826388799568,-1050.096314171691,-34.41622755463065,-195.5335186062076,-299.9523168212228,281.9703991388058,102.56129733897689,-0.01902130138552338,-229.84311421684208,192.88952946942703,300.0042507379613,-52.08973522231134,-295.4168444295841,999.9638768668091,281.83242419775627,102.66585539230924,1150.002647362202,-229.77538448991535,192.8485789203388,1300.0313312127369,-52.030099952889685,-295.449969648125,-749.9953609926338,272.88825724184625,99.22335767171366,-900.0051886101373,-198.87893513215448,166.76738758672778,-1050.1182277273954,-34.48080935533274,-195.50903835346872,-299.94299145880274,281.85635631358747,102.61874118156214,0.006339563703937739,-229.90018147862182,192.84671905542547,299.9583275374767,-52.185249679104096,-295.4353524252694,750.0837672029809,281.87292789459525,102.59049093657102,900.0455138513454,-229.8745333320454,192.98817779715085,1050.0546998302832,-52.1703511002885,-295.4761927840243,-750.0099661955926,272.9449803646497,99.32626133691736,-899.9860409180272,-198.94715995341468,166.90040044763657,-1050.0172151858187,-34.46108077246248,-195.30965991654853,-299.96614483333366,281.8508420477052,102.61067383245855,0.05255261679645515,-229.80979824946562,192.91591322865335,299.9545380781108,-52.03147737555816,-295.4288310035471,750.0003319873681,281.98084817465633,102.63020346406716,900.0457968045758,-229.80901886036722,192.92209924992014,1050.0549465754245,-52.11299020577179,-295.4697713910804
train_00056,-1350.0265221363154,622.8793302256138,186.83919317069106,-1500.0557105654025,150.93770597600948,254.46004426085722,-1650.0113646660536,315.50767494933973,-107.88216346317905,-299.98521458969384,-68.12326436563858,15.09312144988473,0.022201699653297453,-579.7888515670952,105.32993275683387,300.0288616200619,-402.12444355482353,-382.91724888380105,1349.9980740242431,631.9045662660517,190.07898251204398,1500.0202007050145,120.2467236482347,280.32475300542507,1649.9845045558407,297.91370856270254,-207.94858346753261,-999.9621584621199,273.07304160263556,99.34897240584208,-1149.9205063957108,-198.92480148773797,166.94378040802349,-1299.9417489321531,-34.4648348494857,-195.4463193426236,-300.0260206092763,281.99154906475985,102.66663996703308,-0.004181505979992454,-229.82424210941122,192.77062856784494,299.96429551323183,-52.04633393044836,-295.46362485602356,999.9464609347439,281.882854170711,102.63669148812133,1149.8769504590064,-229.81061111439283,192.85814381597797,1300.0099045180837,-52.15600677795003,-295.4289050102203,-749.9278524904594,273.0040009529294,99.47476823301609,-900.0491001044259,-198.99576800644965,167.0711961412837,-1050.046327943613,-34.320798624361366,-195.3698858048624,-300.02721136159363,281.98398969747603,102.64575733845437,-0.05207254423754435,-229.82033607242934,192.90007248897996,300.0002827090309,-52.09064413290486,-295.44436738721487,999.9488670962926,281.8367233165214,102.70803192024876,1149.8949363721895,-229.83552044894077,192.88238552751486,1300.0156428997202,-52.06457490679158,-295.36001866370174,-750.0073229219428,272.988899975254,99.54212639348576,-899.9967968693855,-198.99346472159945,167.04978833142542,-1050.040718534998,-34.3582872421544,-195.41303335672347,-300.0129806082537,282.0083368218964,102.65898875773075,-0.10409762219216945,-229.81010962801645,192.8017839331272,300.0361370869356,-52.00028480041713,-295.4802615607505,750.0120921297477,281.896866771131,102.60983667888075,899.9440134198002,-229.90950150684816,192.82559932806421,1049.9426051584956,-52.10017276716388,-295.4969384807864,-749.949194161472,272.99025695273497,99.35052850311881,-900.0486068721171,-199.02576206479,167.03849251369095,-1050.0140133130897,-34.42570197812047,-195.42655687284963,-300.10734732740855,281.9616940947855,102.5728889623034,-0.02620060495650561,-229.7554144817448,192.8438951887108,300.03994061777223,-52.05777414473348,-295.5316436835259,750.011074711943,281.8974744273964,102.64329070276092,900.0489436080268,-229.78094532287386,192.92448385567087,1050.0565748734793,-52.18266018212183,-295.519951479189
train_00057,-1350.0008037815612,622.9702740518054,186.8625801735187,-1500.033231863852,150.9959812059857,254.5046176865756,-1650.0204651233444,315.4941703477521,-107.93103249060569,-299.97159230070963,-68.07989528806566,15.105865229870595,0.0019289256366268005,-579.8491612170708,105.32603686100332,300.07566036448435,-402.101905052341,-382.9688092084109,1350.012889690768,631.9526919604409,190.1064385508937,1500.0262644504774,120.16549288562153,280.3577541577284,1650.0066215818522,297.9461541299133,-207.93402736070712,-999.9081803989683,272.98015900780234,99.34488219961841,-1149.9521543758435,-199.0339232896401,166.98065267372527,-1299.9715441899887,-34.485808692411396,-195.39518475989183,-300.0333509968504,281.90205842033816,102.60997599614063,-0.07580731198785337,-229.81224646182983,192.84105208641793,299.9189805087922,-52.074506786618464,-295.4104650035059,999.9312135911745,281.96148458850695,102.63500657333411,1150.004012900217,-229.76157814673746,192.7690906062454,1300.015284449029,-52.133014455632576,-295.4559147381071,-750.0094664994762,273.0122895300435,99.36820649642326,-900.049246369602,-199.0249500345928,167.02805060122634,-1050.0616219554886,-34.34928889556094,-195.45637348737569,-300.0728616286948,281.9442890958159,102.7327387460412,0.03489528724760444,-229.80286448159728,192.90383123442757,299.96809009854707,-52.026020998422695,-295.4790613851454,999.9717964885962,281.86053872246265,102.65470211068283,1149.9308077780179,-229.85594853632583,192.77320480835354,1299.986205763417,-52.064882819263794,-295.45961314117665,-750.0968004624339,272.99719348368404,99.34477609341754,-900.097554860484,-198.97964638243556,166.9621480925467,-1050.0598703962698,-34.34157419258473,-195.43328391994677,-300.02234846320783,281.93141914782404,102.64044682427368,-0.0025587670465489305,-229.7787574161971,192.8750779906925,299.9867987671144,-52.05906979461673,-295.47637981978664,750.0058943340986,282.0188413602716,102.5048146480229,900.1294337128415,-229.65104541474597,192.7495729107002,1049.8926434102739,-52.02758365820583,-295.58859297529307,-750.0113445938301,272.97323929928035,99.34247452810382,-900.0234219290077,-199.04523834757921,166.9662752192422,-1050.062964843407,-34.34661770366,-195.524774762019,-299.97472785308804,281.9170063034042,102.60948348627215,0.030641086055203635,-229.97062638859273,192.93326447257357,300.0373779159281,-52.173520198528145,-295.37804083048917,750.0269707266986,282.0120585816881,102.61938025562381,900.1754595304321,-229.81042011580703,192.7961622468178,1049.9367887144817,-51.99590064067497,-295.4546031731729
train_00058,-1349.9952732493016,622.9533969201141,186.8678521970789,-1500.009917991185,151.00055711362072,254.4357465576436,-1650.0069482702115,315.5561582190385,-107.96901748161915,-299.9930985287441,-68.09263982785866,15.095071635004144,-0.012193001814982578,-579.8420738284893,105.37389989345267,300.0106510951632,-402.0594138647258,-382.9354982354166,1349.9529541829197,631.8592775800149,190.17709455125689,1499.999823706654,120.1597531158236,280.3360571030416,1650.0041004124005,297.90080259787277,-207.91070297644347,-1000.0475922244223,272.99740678395807,99.3375959012036,-1149.9654899480502,-199.0073470509121,167.04891164777393,-1299.945618238051,-34.51797669782384,-195.34133288288155,-299.98608610062786,281.8882245099686,102.6131735120861,-0.036748748590429876,-229.8288290330263,192.85053343182963,300.00188944675403,-52.08076525084209,-295.416535212916,1000.0827100026356,281.95236629614965,102.57465190325917,1149.9643993676143,-229.80198833000247,192.84778004064506,1299.954184386479,-52.07876411833982,-295.4340239681963,-750.0455295879982,272.94916620831214,99.38811100248677,-900.0513165240405,-199.04801006141685,166.91256347812381,-1049.9834115264962,-34.41087908859305,-195.41839919764175,-300.0014670208242,281.91050670118824,102.62638349046556,0.043429984341175,-229.76994612740475,192.88558654446018,300.0063351887112,-52.08495738692954,-295.45743348089985,1000.1094462568785,282.0370637524223,102.48156990492997,1149.9333554566451,-229.7306773071994,192.8075983260455,1300.028384420178,-52.0970840480187,-295.47937287349384,-750.0019326347356,272.97780834932195,99.45093829627834,-900.0118691493642,-199.02479745895576,166.98955008891477,-1049.977785459591,-34.39933190673792,-195.39805055105194,-300.00679610350556,281.921964846268,102.57145405863581,0.05458905080504745,-229.76524400497334,192.8624620960661,299.9976110653011,-52.14352822031562,-295.4370894426672,749.9617024863637,281.9405440237046,102.52224246880394,900.041553049889,-229.8313386369425,192.79235699626503,1049.9757718059059,-52.02438491988058,-295.49327181765136,-750.0523629052992,272.8982664964159,99.32947855431496,-900.07528661025,-199.03871587525123,166.91821675275102,-1049.9630226570048,-34.40826546652609,-195.4225447093211,-300.03616006788826,281.8922162705947,102.65854552825289,-0.014350232896757457,-229.78878763688002,192.87612110716546,300.00567463539096,-52.18293285217806,-295.29840968051565,749.9864203263453,281.9569771202217,102.61870098754258,900.0191537400615,-229.68690865413822,192.89235839634725,1049.9799364643422,-52.0092905936949,-295.4871746754514
train_00059,-1350.0224168006835,622.960820624831,186.82659253344275,-1499.959894374266,150.9502425929621,254.4611931773054,-1650.0019143040283,315.5587785159446,-107.88848329720646,-299.9948187532525,-68.10348766954495,15.096217075727056,-0.027928673172225717,-579.8319062228711,105.33478043104002,300.0180082182201,-402.12401993249114,-382.9332777256727,1349.9633391718903,631.9245542366599,190.05621663256287,1499.965246967975,120.18064737601547,280.3058607589742,1649.9550557083226,297.921838822389,-207.92948328258666,-1000.0216768996924,272.9282105050061,99.3783592356868,-1150.0416570655743,-199.04238781550893,167.03827699063032,-1299.9414721475127,-34.47372185186386,-195.44666658664687,-300.04605022992627,281.92140468967193,102.5963510426505,0.022190753668063737,-229.75304781021907,192.8445644349182,299.97433388918836,-52.10901069736366,-295.4137098770999,999.9646898908146,281.8423147499169,102.67146164065252,1150.06519471186,-229.7965743112992,192.87942438284733,1299.9883394271621,-52.1177820272381,-295.4231645578951,-749.9873322250007,272.9521754039913,99.34013413874813,-900.0025830736367,-199.00188531995192,167.07795321940802,-1050.0271066730306,-34.467857535417714,-195.37893295503594,-300.00490065874055,281.9144674829933,102.63581585654762,0.04970809875294588,-229.76882691801973,192.86724525099862,299.95244959830586,-52.02279220581251,-295.52569914532575,1000.0275155559941,281.82069829661367,102.66128605645726,1150.0229396816087,-229.7431983253077,192.89983251959143,1299.9761765668502,-52.02227914330307,-295.4200795873118,-749.9258720988784,272.9237144695949,99.32316916323366,-899.9389387006838,-199.03295180540925,167.13036413323042,-1050.0830469398963,-34.5072671618753,-195.33835972143692,-300.0019382256026,281.95136647009286,102.65737214825377,0.048324480469740506,-229.75954682914912,192.85986119874406,300.04271525465384,-52.07645406455786,-295.5158329640149,750.0839218029931,281.93971420364693,102.41190027900457,900.08020814347,-229.6197867272909,192.64239789382287,1049.889487612615,-51.91290185358528,-295.61827690147095,-749.9314983176027,272.98559479436864,99.2566561892689,-899.995244103942,-198.9578390237236,167.02065920663605,-1049.9855716435382,-34.41428901780643,-195.48256606486981,-300.07140306446865,281.92970925923004,102.68067194111971,-0.09477416886313172,-229.736559194483,192.85595033658342,300.00400443089706,-52.15401086567616,-295.4552877866235,750.0526888786985,281.81120747021504,102.57224487472806,900.0008836065198,-229.7413911805149,192.86151087480457,1049.9385013071808,-52.009538394023785,-295.4146603162712
train_00060,-1349.992341334067,622.9297250544095,186.86022234437195,-1500.0327784361807,150.97431597481798,254.448855889052,-1649.97013619545,315.54700172250756,-107.88696851389427,-299.982663586772,-68.08543955671281,15.088227994957855,-0.056567654920181475,-579.8390802657691,105.35708279593507,299.97448514510637,-402.06417596923933,-382.95300085943256,1350.0251087452457,631.9469725730647,190.11065924237369,1499.9456993824485,120.14090144110675,280.31145579392773,1650.040614618044,297.9276276351364,-207.972904852787,-1000.0006418178114,272.9418632854586,99.3296260680429,-1150.026130724224,-199.06354985929684,166.99675916000126,-1300.0249845411045,-34.499529400952596,-195.35915587858872,-300.02417867701564,281.9396517565169,102.62301463105516,0.03358520876773629,-229.85272930746672,192.88867834527824,299.9867209083938,-52.08288207323273,-295.39926887151296,999.930955831129,281.8586361639287,102.6392950335743,1150.0700752343519,-229.73290252120063,192.91147674874216,1300.0205159787242,-52.12672056757696,-295.4427719583891,-749.9982523500456,272.9856306323686,99.44494555289405,-899.946287396668,-199.01286712999823,167.02999901641,-1050.0551505209562,-34.47500502879218,-195.31727267718009,-299.9927926097167,281.89206242383176,102.6139641571376,0.029342810309402455,-229.8019161340914,192.87076424141776,299.97380531463256,-52.007084338550236,-295.3930376022333,999.9801677938757,281.818748907947,102.59604949715123,1150.0802583576742,-229.76174951845644,192.89373276220354,1299.9880638981397,-52.18881345013776,-295.44612083622576,-750.0499697123242,273.02837472815895,99.3847126992953,-900.0451384711879,-198.9695193813644,167.06464313538197,-1049.938748359342,-34.469763643013096,-195.33868816527496,-299.9658721067042,281.8791674019651,102.62085922460811,0.05806894519068026,-229.80391059259375,192.8536808255786,299.97086014006044,-52.094052312409595,-295.4265993102516,750.0017957005255,281.9623490667338,102.6641621743597,900.0470996749939,-229.66199228799206,192.83528519867818,1050.0135551441049,-51.93000188248172,-295.49723611934604,-749.9717567055222,272.998615256008,99.40085523169617,-900.0920683101954,-198.91180805944455,166.99052895616774,-1049.9349626440057,-34.50174144307847,-195.3158867526952,-299.9256552289294,281.83951232871675,102.64165864544437,0.017575371041032715,-229.8242309009254,192.8366297610942,299.99722075634827,-52.10339056996336,-295.42198945390317,749.9921743016059,281.93907471234724,102.66589746404033,900.0004923934127,-229.80206061034468,192.85425534771983,1050.032777708739,-52.07361862758624,-295.3909732807406
train_00061,-1350.0263131824568,622.9462525256595,186.8533882319626,-1500.0450543160016,150.96914164353214,254.48255391276666,-1650.0058813046699,315.5180918726681,-107.84191444898538,-300.03245357062593,-68.11428555861437,15.126683640254624,0.01468671644861434,-579.8197097389051,105.34351598560654,299.9816510137913,-402.06469735156804,-382.9800053762033,1349.9777041632688,631.9647543507194,190.10704394415635,1499.9878950832328,120.19533074749373,280.3724012964699,1649.9810047505337,297.898673891348,-207.92029447774328,-999.9956371251274,273.01145881633096,99.32987316090875,-1150.0012054184513,-199.00413959457313,166.9458000525187,-1300.0483449591238,-34.44778295416267,-195.43908099468368,-299.9525188409491,281.89628621239075,102.61713079511313,-0.006127274323573434,-229.86208241841516,192.81802604327962,299.99947113420734,-52.14474557573956,-295.3810481942086,1000.0085937429461,281.91239950609116,102.60058709626279,1150.0639319825361,-229.88851219884648,192.7985320672082,1300.0001482451135,-52.0989680112388,-295.48478541717594,-749.886062460323,272.992949314952,99.31386629694401,-899.9656164278018,-199.0112690809761,166.99535899448315,-1049.9540965700996,-34.37240989460142,-195.41498306292954,-299.8508382395443,281.90176948611804,102.66300545542953,0.0005296325128097967,-229.8603371599549,192.7882626712082,299.9304109619799,-52.09205106443566,-295.4603046159939,1000.0367209892756,281.8819562229242,102.57021606675909,1149.9942861786487,-229.83788631154016,192.7858979803454,1299.9881519605824,-52.14226347317621,-295.46790896289,-749.8348461784863,273.0224099174437,99.35186626522257,-899.9880174571775,-199.0769143428889,166.91832404523686,-1049.9307516670742,-34.38874492943844,-195.4443930349671,-299.9226307020173,281.92595075751655,102.6535386374342,-0.06452110775820562,-229.86578479395834,192.88309739417616,299.92734582184033,-52.17289361681261,-295.46758943237097,750.0291388480342,281.72610712728334,102.63832383943146,899.9845187024788,-230.000034325899,192.67133947937296,1050.0501964806197,-52.1153287693362,-295.58107821046514,-749.9187939001798,273.01124181490104,99.31330698712743,-900.1227380453107,-198.95387640297275,167.0533946020343,-1049.938218564919,-34.44505118826966,-195.50921128321164,-299.9419005077433,282.00722776303076,102.62233510058134,-0.0626070742647991,-229.7745068486028,192.94284421320452,299.95667171189393,-52.11085741910925,-295.3780599235682,750.0205520916687,281.85281519500234,102.65059062515459,899.9302443148775,-229.79400822563616,192.79232120247408,1050.0197905524315,-52.12078321750768,-295.4451445453713
train_00062,-1350.0385331266768,622.950083485501,186.85982609003338,-1500.0092936044493,151.00721743703,254.43443039078966,-1649.9713772333703,315.5558348911231,-107.9533519499019,-300.01536673762445,-68.11500418277583,15.089662500023145,-0.01070303796723488,-579.7989395319141,105.33567359926944,300.0058827863143,-402.1029812833755,-382.9368042046212,1350.0046265949388,631.8968757323183,190.09068249225882,1499.9999684607749,120.1713335448083,280.2986030562435,1649.998877667407,297.8839594090561,-207.9508750902386,-999.9921792032875,272.9223381299264,99.31114415987237,-1150.0193927710245,-199.06163799447828,167.12594218712206,-1300.0436919148037,-34.48745283180153,-195.30902578740935,-299.9887463577462,281.90990915468194,102.58447910717476,0.06056211684498376,-229.82685168993078,192.80484514499997,300.04379894419725,-52.042960301282406,-295.38510821450626,999.9730117245289,281.88194615844236,102.62583369834493,1150.0243535258155,-229.78245005209885,192.8459087540294,1299.9948251827973,-52.17031640430132,-295.45567693113435,-749.9961198973552,272.96513645906913,99.31912218673165,-899.9415536549199,-199.04774148547895,166.86454800061443,-1049.873909754554,-34.470437804331276,-195.5714496729596,-299.9792791007666,281.86767764657947,102.55762290332096,0.02215107862464862,-229.79058057426968,192.85825117196256,300.0048820883566,-52.15614838859271,-295.4219875111949,999.9219930555746,281.9785445313993,102.61138359986835,1150.0547297888415,-229.75415775083272,192.80465686805684,1300.0048528692448,-52.09698564942332,-295.4007117938222,-750.0460532545271,272.922744026994,99.27515874872535,-899.9835458497733,-198.99250686719796,166.8330842378364,-1049.8793093177437,-34.41277345024901,-195.5273181446499,-299.9676182768485,281.9191204254574,102.60684102936101,-0.007085828332060062,-229.82347552897483,192.7815200228487,299.96926150779024,-52.05376336633435,-295.41466706131115,750.0622554275064,281.8937060939385,102.54595939388474,899.9683261386804,-229.75540003250183,192.76352780664084,1049.9429126638527,-52.1995564393601,-295.42312632523374,-750.0527270274698,272.8830857617221,99.35622563117956,-899.9798413781928,-199.0353367655303,166.96745020357238,-1049.8440014096702,-34.42371516317776,-195.43272683144474,-299.93926666568314,281.90239530404466,102.66190851463041,0.027483746535116284,-229.82769751650298,192.84183251060145,299.98226403414844,-52.14677423625246,-295.33876664273856,750.0222526201835,281.94250209158304,102.6011226386859,899.9720761840574,-229.7467577545827,192.85663573563033,1049.8587575970123,-52.221449212292086,-295.391741347474
train_00063,-1350.0316620241204,622.9572561066221,186.79066236058634,-1500.0118364213881,150.98569797646698,254.51817489887267,-1649.9527103190821,315.57993698266336,-107.89499711231026,-299.99565913160853,-68.06545835970968,15.162226879833874,0.014555827023115298,-579.78922395642,105.38340354124671,300.0258721779563,-402.0891651992954,-382.96358357296515,1349.9895517001378,631.881548253309,190.1323292076571,1500.0185380350888,120.181460763637,280.3611862953343,1649.9963501826387,297.9787161861127,-207.95176112349088,-999.998564756706,272.8782298136785,99.39478824653227,-1149.9759378001474,-199.01615498901208,166.98511143294286,-1299.9724414244727,-34.44485095703153,-195.4662441245753,-300.04569642594674,281.88403662231866,102.51448605023393,-0.05312052046447191,-229.78360640813383,192.81027344847442,300.0108098890919,-52.10680871018067,-295.4811930150837,1000.0614691004358,281.89918566637135,102.57025143481776,1149.9195574060434,-229.8452959977095,192.85081006783656,1299.9666144139005,-52.123774360414,-295.42186387133364,-749.9909988975521,272.9670235844698,99.19253797635253,-899.9881781799717,-199.0577077282639,166.8396379936118,-1050.0236609026317,-34.56758365733122,-195.55022014208637,-300.0708966771783,281.86855400583715,102.58289781574139,0.013948196874197207,-229.75693505558584,192.7631344479651,299.9801262674827,-52.08709741350561,-295.44106862189767,1000.0893411412293,281.95325179718105,102.60861651772288,1149.9308565073359,-229.82308677897765,192.8432808459225,1299.9942142550794,-52.11144333091816,-295.4524052332341,-749.9996743339266,273.0137281066744,99.15569214142205,-900.0555172008922,-198.9981561003565,166.86049745577157,-1049.9925568305682,-34.51972341859064,-195.5222259314872,-300.0924939538422,281.8239844406447,102.51930909664495,-0.02594094928566975,-229.7985667103462,192.7745387779232,299.959989814651,-52.02976162284827,-295.4904539909162,749.8939266111886,281.9918881867248,102.59327228228561,899.9954435812251,-229.7279965014385,192.87610031822618,1049.9850323172482,-51.998564928553066,-295.4678416316247,-749.9210009406963,272.9629061079466,99.33178940854188,-899.9734758116317,-198.98752202323521,166.9474224919341,-1049.9624454440773,-34.431953030613776,-195.37376072602274,-300.0205654082859,281.8480737424505,102.63004323876079,0.05801203889197612,-229.86423721093516,192.81045579054734,300.0519568931754,-52.04866922496004,-295.40125130173254,750.0010446509268,281.86058409120216,102.61681739281684,900.0233834465224,-229.85791624375912,192.83335487624615,1049.9610729845,-52.096897431602535,-295.48199527976846
train_00064,-1350.0186067877225,622.9524767645254,186.83711112764897,-1499.9860022150667,150.98368177548556,254.50637669053756,-1649.9932834008514,315.50899135064947,-107.86720467784498,-299.97675514658187,-68.01549637797997,15.096873839745681,2.728611767741844e-05,-579.81913294293,105.35200034243339,299.9337643563088,-402.1017093945407,-382.91165499673497,1350.0362937940547,631.8537002561623,190.1836037254976,1499.9995778377067,120.18325523526056,280.3405486849069,1650.0257964447237,297.876231750885,-207.96612519200602,-1000.004830832409,272.95788326673664,99.31516729715979,-1150.0202528172217,-198.961667369193,166.9597613057784,-1299.9883773220074,-34.43349977030278,-195.42049627638553,-300.0165700207698,281.89122141076996,102.60003856879966,0.03675264655655247,-229.8120420028045,192.8076944111185,300.0104008838743,-52.04143192715047,-295.43331746122317,999.9265708616227,281.92234236507966,102.53702923740595,1149.9970607406185,-229.7923011996823,192.8715343255074,1300.0007647305426,-52.05723575795435,-295.5043589159158,-750.0198965391471,272.8753461882116,99.39326220378129,-899.9747061677231,-199.17053521575178,166.9347271018365,-1050.0399748377579,-34.561216723211196,-195.45573684258153,-299.9565975983752,281.89515326968564,102.57396441148775,0.014410808638489415,-229.86969762347834,192.85372230120475,300.0351910633944,-52.06204028664989,-295.4158291405582,1000.008972323748,281.99125171850517,102.51913186133217,1149.944775547974,-229.84050314487374,192.8843644297306,1300.0287266049659,-52.10146132123571,-295.44377626520367,-749.9738574960159,272.8757738777091,99.39620273387297,-900.0186825811808,-199.10177670641673,166.92333452397114,-1049.9978647461562,-34.562872186405855,-195.44579289526192,-299.9761211251463,281.88079402360637,102.65617978743656,0.04110385386094487,-229.7917466177747,192.82152519578398,300.0884731824886,-52.08754373499729,-295.5006696690031,750.0032124233426,281.9044314916854,102.75391709589933,900.0801818758605,-229.9506614768129,192.9381985433238,1050.107244292952,-52.0755559486803,-295.34272107075105,-750.0065006441357,272.93153862297817,99.35471026095419,-900.031087979521,-199.02933636225674,166.9025126479193,-1050.0964580506877,-34.546308272173746,-195.3888495993681,-300.0499559945733,281.951589320997,102.53899410018542,0.08662039286749919,-229.78558294479,192.81634597176506,300.01125185493197,-52.10744183354508,-295.4711861346239,749.9854093663535,281.97476901443196,102.58308444334914,900.0755222281911,-229.83676023273642,192.787339513153,1049.981354052957,-52.10379712277986,-295.4254033956679
train_00065,-1349.9721301059792,622.9231059473153,186.82656305104575,-1500.0326103304994,150.97286005458008,254.49608796090644,-1650.0329984371908,315.5814721513101,-107.92482633170428,-299.9774512327457,-68.10984210703704,15.1316304001566,-0.015706651835307416,-579.774768372356,105.33983017247658,300.0455756418248,-402.0523759179174,-382.95883431039596,1350.0272679293696,631.9203634586968,190.0858274358541,1500.012404018012,120.11636577392245,280.2749148397548,1649.9836942982913,297.88651067407625,-207.97331591824636,-1000.0129179980134,273.00219461608253,99.3723893684893,-1149.9720081781502,-199.0536248199646,167.00451346005414,-1299.9717509382388,-34.43480824268638,-195.3934663771195,-299.97800077829567,281.8481249591714,102.63161339203313,-0.02833352197298604,-229.81220452716275,192.85200363389424,300.06224180681346,-52.16646265717573,-295.44665677048647,999.976744331141,281.8778551599367,102.68307369430752,1149.9819232918376,-229.76842755798714,192.86639129956595,1300.0676451219404,-52.08073852519327,-295.3241290341447,-750.0067706999482,272.9985568339543,99.35156007898766,-900.0404775053316,-199.0712852711402,166.9738005828729,-1049.9601168948052,-34.491402969279875,-195.45579300126857,-299.99252472909177,281.8742635987465,102.64691011284822,0.020593409243543345,-229.8738882760557,192.88303657613395,299.99260751620704,-52.199564682394744,-295.3388921119564,1000.0155064688751,281.9046643116374,102.56852942618329,1149.9681377346635,-229.74258508310976,192.9085163124615,1299.9957835152095,-52.10143503973977,-295.3598666991497,-750.0004864582203,272.9914158598657,99.26473966504626,-899.9748219339635,-199.0520330240162,166.94919578495544,-1049.967338313806,-34.48654029602402,-195.48313194442102,-299.95287275320436,281.9148293494879,102.64202817066432,0.02717683459715673,-229.91269307059758,192.87483336717685,299.9748791602951,-52.17834877741462,-295.3651908245343,750.032028791405,281.7893096410885,102.66562935855568,899.9989164980559,-229.85716978576144,192.90040263830195,1050.0349162451307,-52.18597714969499,-295.4269400649025,-749.9990543065619,273.11450848807715,99.2754275248568,-899.9837004304577,-199.03730724337427,167.02169373949638,-1050.0338765305644,-34.48616257601451,-195.43980773509148,-299.9949077882224,281.9176254466862,102.62980085176913,-0.020828728490713596,-229.7885405159744,192.97351607197973,299.9877904216539,-52.1482751417838,-295.4272920342066,749.9704919094189,281.83149500572046,102.69301182599818,899.9938012399926,-229.82168673694883,192.8434615215645,1050.0334386124373,-52.0590749192879,-295.437049488714
train_00066,-1349.979850092031,623.0069049600316,186.87432329120122,-1500.045847128554,150.90811752548066,254.48721732944838,-1649.9764518795394,315.55459030555716,-107.9472553196821,-299.9711122584753,-68.06321515794133,15.129930222106887,0.027896044444532996,-579.8347635598673,105.31563508901665,299.9960435366591,-402.0786442774936,-382.9517322557077,1349.9959613254628,631.9260873122814,190.08794086678097,1500.013027965718,120.17389239553665,280.3864137786117,1650.000482816446,297.91426388370763,-207.97687698887276,-1000.0178249429471,272.90045798476325,99.32794213527109,-1149.9742578906596,-198.97209812612385,167.0393656951435,-1300.070386422123,-34.46719817194748,-195.4529002479998,-300.0001997948872,281.88320940167495,102.60210296054547,-0.004800222185949724,-229.79849688052974,192.87526912287012,300.0179307073227,-52.12030901367177,-295.4467624496245,1000.0551914340672,281.9024533497467,102.62960193830244,1149.9750335612928,-229.77144764135136,192.8208344516713,1300.0011175184632,-52.080227602439265,-295.473915605343,-749.9819738475654,272.9195967648353,99.35547215652689,-899.9911908527964,-199.00485603986584,167.019598791557,-1049.9633794701986,-34.53500261754287,-195.3795008222983,-300.1194931938787,281.8823753388318,102.55829645510644,-0.04772854451172928,-229.8380223825832,192.86049886525973,299.9749225725221,-52.081000563039794,-295.47118950948965,999.9813733357847,281.84821587859244,102.63333901371661,1149.978122295688,-229.80840330652396,192.8886018063698,1299.9599441641976,-52.13641534668788,-295.47946700279005,-749.980215593772,272.89475155857576,99.41836268258463,-899.9696145617039,-199.00257849646346,166.98648446683112,-1049.996887932118,-34.5130266246437,-195.3525946248246,-300.06050480252355,281.9331819781209,102.56827619462027,0.00816285462515742,-229.81326201766154,192.88446560401212,299.9311419125786,-52.11375518542089,-295.3711297903376,749.8867689577746,281.9564121641286,102.59806761622956,899.9136681029269,-229.62087121064354,192.83761608042158,1049.958928875035,-51.98448513671443,-295.43410963761625,-749.990803120001,272.89482233897337,99.4259194813005,-899.9163975334158,-198.9505841627354,166.9693515542757,-1049.9806686025204,-34.51313006470738,-195.46548966746136,-300.00961340144283,281.90363479033925,102.5675761402784,0.02545064990449904,-229.80721989933764,192.89751301753884,299.9765821651656,-52.0923669791557,-295.3824693515366,749.9580974265059,281.86371710311977,102.61565967814764,899.9157369616308,-229.77286249973076,192.7759640524301,1050.0537728146994,-52.00281056428391,-295.4215280777454
train_00067,-1349.9651766462393,622.9282674162596,186.8494449707904,-1499.9580054494159,150.92204441007536,254.46481954948652,-1649.9582103917749,315.60302319805703,-107.92929888655127,-300.0133006601468,-68.12073466737753,15.129324235164798,0.05529432877639217,-579.7963199033774,105.33895714682512,299.9805188737786,-402.1209660484363,-382.8889807911948,1350.003008605427,631.9222637594883,190.15013563167219,1500.0038297984227,120.17471525625808,280.37195283474443,1650.0467529810358,297.8538562749972,-207.98308653549944,-1000.0691441075428,272.98496262191134,99.30781366444589,-1150.0156124380162,-199.0502660884764,167.08141952128383,-1300.026220862701,-34.46951871500218,-195.3756749905852,-299.97943371805354,281.9125515928333,102.6085323601433,-0.0784838407833982,-229.77346774310783,192.79713974688795,299.9841248364638,-52.055823018790015,-295.474332637375,999.9594387697416,281.85194559209197,102.60127867410118,1149.9683143366178,-229.77943909451952,192.79435372704185,1299.9493947386263,-52.014903023162205,-295.41890818189,-749.9797425519638,272.9582648916971,99.30857309439818,-900.1446051332686,-198.8666073889944,166.9079157964497,-1049.9422571125401,-34.27830505106284,-195.4714317248547,-299.98328269013774,281.90145408548926,102.55072070021235,-0.055075768280744584,-229.7837130216462,192.82226203762787,300.0223454529701,-52.04234554565382,-295.44847404672896,999.9777532433953,281.8393641186959,102.63977235190262,1149.9607708995625,-229.71687353662062,192.86595455260834,1299.948297229364,-52.05757393688039,-295.4482569378454,-750.0033241117096,273.01860279495577,99.36885241712078,-900.0749530689249,-198.9043287062231,167.0050606793055,-1049.9270415388048,-34.24021632920984,-195.4161614617673,-299.99873330295094,281.9357326173429,102.53975260204668,-0.07291896877945202,-229.8639225766243,192.75906078093297,300.0357002812849,-52.087498719067774,-295.4667575226872,749.9611037602065,281.9378800755592,102.69609386496982,899.9369830755214,-229.7828832049823,192.85818503493815,1050.0898457851627,-52.01685169969161,-295.4204491099819,-749.9740925128743,272.902052231414,99.35341642989755,-900.1205317107232,-198.96818293145844,166.99328285483486,-1049.9781551211129,-34.49062080567848,-195.33518118469033,-300.07068717298085,281.8398556202893,102.56161784397146,-0.00949752470690102,-229.8428547167705,192.80718498673127,300.06789180878053,-52.119480447382195,-295.45238825297815,750.020251331834,281.9363318401705,102.64907023500456,899.9815454356142,-229.74947779319066,192.86228572010035,1050.0500213914702,-52.12278381830102,-295.4263638081104
train_00068,-1350.063796048184,622.9852088949502,186.86824748878954,-1499.9925296593563,150.94393111270134,254.43484267506685,-1649.9885120454455,315.55103488002027,-107.87010438916252,-299.9695201080201,-68.15299637515231,15.099374430563019,0.004782392090750077,-579.8283538695566,105.35142122439751,300.00033502544295,-402.0796404335821,-382.8931667614816,1349.9741926174643,631.9496340453085,190.10428580086457,1499.9598418851435,120.22262353956967,280.31852811474033,1649.9891600798705,297.9222523217073,-207.93294058958506,-999.9731199915103,272.94933950995596,99.25636886170854,-1150.0644956943431,-199.05438837424938,167.03812357566395,-1300.0123809362763,-34.414427059879486,-195.41309890889232,-299.97984957547845,281.95939921490833,102.61084716983576,-0.07101119352196737,-229.8275995163151,192.88909672241144,299.99191783223205,-52.102849972349354,-295.5054433550816,999.9908053068773,281.8657118215503,102.56745020335693,1150.021899933511,-229.8318973780562,192.77457797642396,1299.9913752299503,-52.150815230992905,-295.4425791624399,-750.0490302594774,273.0749757487142,99.3254636781171,-900.0608319517728,-198.95656969278272,167.0839743410692,-1049.9415910972712,-34.35740913458243,-195.371900789634,-299.9731802354408,281.9636165290446,102.5326607078076,0.009909995196671604,-229.77142080036228,192.84491020013144,299.9894951621518,-52.08213272236162,-295.45802513162226,999.9818323267232,281.86405969129015,102.58663432545372,1150.0894004630147,-229.78349213651,192.84323035933494,1300.0308676815803,-52.128081079470704,-295.39921844479295,-750.0566676745589,273.1203496335526,99.41133240882186,-900.0065368536156,-199.0083580623596,166.91662833825586,-1049.9660726448035,-34.26107243177382,-195.3067765136758,-299.9202741726974,281.9612655403805,102.606767779286,-0.06515361421539556,-229.8724223540431,192.86403164041553,299.96722562276204,-52.046169806749354,-295.4911508884127,750.0639062593978,281.91679555165376,102.57398305191822,899.8977629511711,-229.7858632099035,192.80803245075455,1049.9568103786225,-52.1305256246599,-295.43266969864004,-750.0689834582713,272.96028397221517,99.42087267575448,-900.0071270326007,-199.0745789155231,167.06367457622412,-1049.9487903718332,-34.444089179386275,-195.34937413085498,-299.97430169301526,281.86901869112586,102.57017688420405,-0.06838820369314191,-229.81329022447508,192.82485340991389,300.0640030382665,-52.13138138619235,-295.4810005681323,749.9963195958186,282.00777776169406,102.58134688797549,899.8870094252745,-229.72026214582033,192.86249726782688,1050.0081470039559,-52.09160155279165,-295.36953087119866
train_00069,-1349.9690584778373,622.9833540296621,186.82219071837352,-1500.0341818828092,150.9890331192204,254.52900105232473,-1649.9726742491437,315.56072625147925,-107.97283341074728,-299.9964571505427,-68.07061832518255,15.107186045658993,-0.05606010968873875,-579.8497618620107,105.36072722542615,300.0052631249468,-402.15922901016876,-382.95212099367177,1349.9556606147323,631.8865097233003,190.0998505525522,1499.9805140852347,120.20131533856959,280.34598606100417,1650.0255248398685,297.89846922282914,-207.9638507860943,-1000.0858206589097,272.97737774267574,99.40302708686157,-1149.919389164471,-199.0772793452644,166.95022843304272,-1300.0768700719545,-34.48764712783443,-195.418447447758,-300.0542334527131,281.92717044147383,102.63880529636263,0.031654027125751175,-229.80704880373526,192.8494459831994,299.99625627720326,-52.01027406221411,-295.4563303426716,999.9958916192948,281.87133783391033,102.59705621519907,1150.0320364961983,-229.84268694316918,192.80123704160002,1300.014394678565,-52.15507672763986,-295.4410889333004,-750.088748090152,272.9083569364506,99.44127027698285,-900.0062628128812,-199.1230264732032,167.09823239522146,-1049.9860683827103,-34.576764341288516,-195.4142335444065,-300.01846096067493,281.8812731289611,102.58944932059507,0.000571515705680245,-229.78053797894674,192.80136236755905,299.99421292949944,-51.940225936915695,-295.5133570576349,1000.0558643222205,281.94969045518224,102.55200812025285,1150.057562812503,-229.85712478061237,192.79131231517385,1300.0340564679236,-52.09642986929897,-295.43810728756347,-750.0674579758468,272.898820666725,99.37885002956581,-900.0719218288928,-199.1608348710763,167.03384500393094,-1049.929295449923,-34.58823679830181,-195.33463992204716,-300.0336597125027,281.8796038972379,102.60125855575538,-0.04224003628135124,-229.7593569357513,192.78495180638416,299.9670476971623,-52.02486856968559,-295.4703945852815,749.9982985613175,282.0979608172844,102.56147434520878,900.0185848065471,-229.70668281511223,192.8263794417362,1049.9472067055463,-51.806552923770006,-295.4744996417806,-749.9846947413141,273.01758605139304,99.39466655558968,-900.0528946623368,-199.02965736302565,167.08163737599693,-1049.9113148973515,-34.47129009888651,-195.45447509157884,-299.97277489210535,281.8281874790123,102.66745514808144,0.02338836538037435,-229.7761088735223,192.77113456342505,300.07567325546063,-52.087795164705156,-295.4264043576103,750.1008241409498,281.9685294763544,102.54070030681265,900.0265732947037,-229.84705611162474,192.8575942649243,1049.9428248687373,-52.01338477814097,-295.4159524049846
train_00070,-1349.9615723279057,622.9547261055585,186.84965496354104,-1500.0097394183479,151.04586241600137,254.4898059193255,-1649.970285099374,315.4931905418283,-107.84369222287141,-300.0045729114095,-68.08197187940175,15.07357334545471,-0.007388670044440451,-579.8291311726969,105.33070443962738,300.0102043293973,-402.06960265869014,-382.9254407721039,1349.9481013559114,631.9323186764245,190.0100826016349,1499.9783590402235,120.20385794037281,280.3223533667942,1650.0349694636523,297.92408313781834,-207.91478881987126,-1000.0132487459829,272.9540894200831,99.40088351397526,-1149.977232304198,-199.04700089109707,166.93539420125347,-1299.9953500343313,-34.43970919104576,-195.47662375027843,-299.9873955680225,281.90364175501225,102.61638002656095,-0.05819921364016243,-229.79113133155366,192.87001023465183,299.9604604344986,-52.113982072393924,-295.4319309296946,1000.0242623624484,281.8241554187678,102.67071188724358,1150.0119964927503,-229.86469445044477,192.87535880438782,1299.9456063821965,-52.10593970540116,-295.36244010168906,-750.003002212007,272.9632298328021,99.34238074708436,-900.0649796603461,-198.89679710610505,167.0893131449324,-1050.1276142655188,-34.443471706922566,-195.38980903605744,-300.07297961554696,281.898682078921,102.59229804898638,-0.01966611908951736,-229.79645331252712,192.87204485860232,299.9440978359211,-52.081285248369326,-295.47392240353975,1000.0434897717889,281.8677113167209,102.68523154884947,1150.0219052641955,-229.88210815530707,192.89956885844157,1299.9773813506863,-52.08480579000484,-295.4351636289897,-749.9274167340043,273.0152767246307,99.30964728073633,-900.0553273732336,-198.985025212744,167.0705116151686,-1050.0428908165486,-34.4296668113964,-195.43275651272901,-300.07663157693054,281.88362960663346,102.66497531145161,-0.0132530680322114,-229.7586135242864,192.86097451673945,299.9777718118967,-52.1322518221569,-295.480532087149,749.9859005078641,282.0406765118543,102.53609584011241,899.9857248284708,-229.7131271397167,192.76414744682205,1049.84432872199,-51.989771325228816,-295.5047586690951,-749.8958460145269,272.8892233724542,99.33308693548669,-900.0172556647937,-198.95303409221933,167.0925907100277,-1050.023890026203,-34.40023070041047,-195.5161498431758,-300.01234438252317,281.8916728006197,102.75260542807916,-0.051367947415601106,-229.86505402439698,192.85922090037238,299.93771997786683,-52.109178238087935,-295.4476139767761,749.95091781842,282.00665213363544,102.62420676463518,899.9462856443621,-229.70575300974508,192.81189366318853,1049.950930696381,-52.06281426229356,-295.43892515248126
train_00071,-1350.0350247948165,622.9285867633383,186.85125387436383,-1500.0494132769118,150.9859959999667,254.51105275057088,-1650.0221296767772,315.52774120771466,-107.92732467092453,-299.89121980713537,-68.07343700569373,15.109211265118129,-0.006017112248562198,-579.7861640655232,105.29503337302806,300.00721361866437,-402.1053248665618,-382.9238819522354,1350.0163196288706,631.9050700464385,190.16032381213208,1500.0351084351098,120.15009022226175,280.3014543704491,1649.9900913712504,297.9062708272231,-207.95896771809316,-999.9311556596035,272.9764581734142,99.39141158488162,-1149.9559895316652,-199.0307318178429,166.96425119052526,-1299.9811466124104,-34.4603668722868,-195.42666389469025,-300.07249087316666,281.8293256948296,102.55178509716255,0.01868393821137372,-229.79974545448678,192.9155417482093,299.9301986087299,-52.09359952490449,-295.4444452431831,999.9212512792337,281.926412742851,102.49763780246907,1149.9305084761365,-229.79974012513333,192.8578628950739,1300.0080455839684,-52.1474254024147,-295.40129821850485,-750.0197640934692,272.8024438914785,99.2666382907026,-899.9924843665924,-199.18126880536315,167.17677667443252,-1050.0830632647715,-34.780035512933104,-195.2825872999649,-300.0467987530956,281.8944526756252,102.57618350085485,-0.0139492567035083,-229.83024194032618,192.9016525121945,299.9982847207984,-52.073618204841644,-295.4619204892382,999.9203660130253,281.9244114331149,102.56100777279276,1149.9318884408813,-229.83262159290396,192.78588602552406,1299.9341183115077,-52.05654282941639,-295.32780936387644,-750.0911799883887,272.74093020371964,99.39760079290348,-899.9495502953819,-199.1475154015072,167.0983226904965,-1050.0569298636847,-34.76695203100491,-195.28766104020443,-300.1665763743078,281.9011471700861,102.54384971242197,0.03823262600738808,-229.85327507585984,192.82228714714725,299.9697494771014,-52.08024062343487,-295.4154971621815,749.9554548294208,281.95138425647076,102.4800888150818,900.0486347196311,-229.65583409804208,192.90040072325553,1049.9993640200428,-52.16215209015049,-295.3767710469708,-749.9500804379961,272.9623376208985,99.37531877411955,-899.9361836751004,-199.0161220240503,166.92026050988207,-1050.0057333623984,-34.481550975326364,-195.33286847163924,-300.0851171367215,281.9719005229524,102.5635574222526,0.06023998098421035,-229.83725975601843,192.76851603260943,299.9443966988869,-52.023023295030654,-295.4832923983517,750.0568462053648,281.96025863810706,102.57922298468117,900.0064528552047,-229.72666710050171,192.8022013129941,1050.0398746572216,-52.06915895535961,-295.3264836076472
train_00072,-1350.0192353702305,622.9335055199481,186.83669712979494,-1499.9995616138633,150.97717012974113,254.5007800620605,-1650.0051884582272,315.50954854675774,-107.92466487863142,-299.95408603765713,-68.08423614415376,15.143570387948632,0.013742761143600662,-579.8281419286628,105.30224383003525,300.01293493428614,-402.07744677504866,-382.9140594609998,1350.0354026260623,631.848716496683,190.07637720133187,1500.011808193918,120.20292357670057,280.3199451451332,1650.0309576909394,297.9174316204558,-207.94422241303002,-999.9631511936108,272.96463607570746,99.35717882315426,-1149.944501903157,-198.98922044977445,167.07228587298695,-1300.0341077641149,-34.410733453866044,-195.45378654039348,-300.07334479863584,281.88847447267506,102.57458690197357,0.01807906158345537,-229.74202886589634,192.84073559737763,299.9923242315669,-52.05826244616311,-295.3859527427669,999.9353570738781,281.9031860643555,102.6297855816961,1149.957108939013,-229.79445989889834,192.88568235383312,1299.9651227682402,-52.1706105642226,-295.4230182790143,-750.0843742538661,272.88033081510434,99.29724839029436,-899.9380198312617,-199.14116366948537,166.99350907924037,-1050.0431321618078,-34.673220407595124,-195.4737584321747,-300.08007408294213,281.85738910486515,102.56201201562355,0.0014307090748352895,-229.7365967222916,192.90994463162673,300.0000763823286,-52.0914311227593,-295.3939596461779,1000.032656826579,281.9461483038224,102.62216049367926,1150.0142730659404,-229.80163587896718,192.858290292252,1299.9460127681234,-52.09050315502499,-295.4801800418995,-750.1409152538505,272.87799657116165,99.32414255640677,-899.9384719956524,-199.17618481022384,167.0809624861572,-1050.0560699900993,-34.61813041687428,-195.42007482902085,-300.11191617274665,281.8263552315116,102.57536468575913,-0.01527451895730998,-229.7483120668934,192.85858202802757,299.98058223449203,-52.12093429857454,-295.41370366175687,749.8356946490609,282.0536472160969,102.64768721450376,899.947051770598,-229.56585684625338,192.9285158281171,1050.0002244850164,-51.89923774764313,-295.3661719194004,-750.043568641764,272.9711179723332,99.31890961878209,-899.9006378975955,-199.03247863687267,167.07616560280596,-1050.0240027737648,-34.44892617908547,-195.4281937481159,-299.9791131946516,281.8269799710655,102.59355122210476,0.0066038091426405075,-229.79870531564595,192.7633174665652,300.02871455494426,-52.13863835425942,-295.4103230380747,749.9336361215655,281.8201327563482,102.66824864393789,899.9159782694464,-229.8199887274207,192.88705172817728,1050.0084748708693,-52.08081023345717,-295.47459020876045
train_00073,-1350.0234920446687,622.9802050511498,186.83693975317883,-1500.02540463064,151.0246498218695,254.4675119428397,-1650.0207512636493,315.5402544213582,-107.86940387315036,-299.9629793246023,-68.10126337804029,15.090156924112346,-0.011131381487610541,-579.7769456269114,105.31443017379893,300.0243462288039,-402.02675078790435,-382.87105454838917,1349.975828866965,631.8503677002097,190.12815855750557,1500.0245986467683,120.1837494647565,280.29549335339937,1649.9564821221331,297.8584690643346,-207.97212662812728,-999.9511245145544,272.9548754166641,99.35962128441052,-1150.035224962971,-199.0398296728927,166.98249079458762,-1299.9871290292424,-34.488850664740895,-195.39230714318657,-299.92141083743593,281.8725211736051,102.5432860480619,-0.011625813582794544,-229.8455679024797,192.82289283956473,299.94483907083924,-52.17513656650844,-295.5232540249196,1000.0429718163576,281.970252544539,102.63066325638579,1150.0026749861213,-229.79373585003802,192.8305996093139,1300.09214761285,-52.09037328062446,-295.36266869534364,-749.9254677749791,272.8736159710503,99.37374211942084,-900.0021710397772,-198.97517265565415,167.03721443084262,-1050.0318924305961,-34.423794368121946,-195.2875076803009,-299.9455386312534,281.9521518065044,102.60109284682454,-0.030420818152614933,-229.84067414986174,192.82893722815606,299.9567884468697,-52.12562837146572,-295.5501382568797,1000.0434725693651,281.9792503339374,102.68306466275482,1149.927518678693,-229.81398209540365,192.78653819304225,1300.1635160043725,-52.05179674023712,-295.4227744373974,-749.8699483773908,272.9183419958967,99.39949614572679,-899.9741244914447,-199.01799446228142,167.0345956713548,-1050.0397092905644,-34.458234742744374,-195.31717016751654,-299.968358543351,281.86596337963977,102.61644134961556,-0.0450088325016074,-229.79968537167514,192.8513660170388,299.9244396895093,-52.11819054109426,-295.49969972763074,750.0946255824169,281.8629702755242,102.47758017120645,899.9352957301967,-229.92275752146418,192.74767035089855,1049.922715251813,-52.331459359449774,-295.6813501464227,-749.901782754286,272.85689706602375,99.34619654067954,-899.9839844840234,-199.05394227166974,166.89849509505305,-1050.0081151791826,-34.46986682861638,-195.49344083493273,-300.0382100615955,281.8685803923775,102.60441478296751,-0.026003611837826984,-229.74086231124383,192.8801441289403,299.9395368521555,-52.033327448383275,-295.53137837032546,750.0420186359283,281.95040752481395,102.58975218173845,899.9954992836285,-229.8002778038701,192.85081610402014,1049.9803555291644,-52.11232744943927,-295.5261640916081
train_00074,-1350.0160820507006,622.9216297505378,186.8704573817155,-1499.9879446353557,150.96501788741,254.5166176278832,-1650.034117334908,315.5860984680425,-107.95039716184677,-300.004771979141,-68.14411001919886,15.062654930289083,0.007697955852729739,-579.7935357793527,105.30740471774797,299.94177510431086,-402.0987612536169,-382.95079397075335,1350.0134614328406,631.9586737005756,190.03861664695106,1499.9847701623776,120.18701317536251,280.304136962184,1650.0044853680595,297.9207630905397,-207.93114138004128,-1000.018412324847,272.9660978883145,99.38456489882968,-1149.9982874056716,-199.0330835792645,167.07208181283883,-1300.015492618372,-34.481630203198556,-195.32711041375507,-299.98779450719314,281.894868868681,102.58775404058218,-0.05884868510748821,-229.78921283672022,192.87806721032842,300.05928634195874,-52.10867007628645,-295.39111784074896,1000.0147054084703,281.8634738739396,102.65595492580832,1149.9760541514675,-229.91184845970835,192.85587968451222,1299.9663391737429,-52.12826082195926,-295.43349000741784,-749.9897256132549,272.9817742573114,99.24988308544641,-899.9908263845064,-198.94673378091727,166.81463494815597,-1049.9473907144281,-34.37632561448968,-195.59475103370423,-300.0001452350213,281.90357624822144,102.57505744598453,-0.038837402541131834,-229.8185241775592,192.87945957005047,300.03875905286196,-52.02539474834286,-295.3569707115285,999.9978498367685,281.8305715757909,102.7038382834265,1150.0075953301694,-229.82394013489832,192.76429779766434,1299.9982182870767,-52.15370952410339,-295.40053192755386,-749.9676037143786,272.95157013019605,99.2620222832772,-899.9641717915728,-198.9110455097614,166.8413663514413,-1049.977527669465,-34.42182740120763,-195.62604818496663,-300.02401355796366,281.8315327470303,102.54675894760425,-0.05475759580493772,-229.7585492809001,192.7915196513091,300.0839880234701,-52.107052919020575,-295.3204731680596,749.9536751766947,281.97917206299894,102.84935418056092,899.9736900874917,-229.68557781355082,193.0873581728561,1050.0463234580966,-52.01415077532048,-295.23403560612604,-749.9725209150993,272.9665744348619,99.4107653476376,-899.9299950966019,-198.95863803069892,167.00065228958,-1049.965686794873,-34.334024559751064,-195.41123935892833,-299.98188079613203,281.86891304792834,102.61813032206311,-0.034689782438603746,-229.7638392384762,192.896352259219,300.03966014693594,-52.13252245945985,-295.46492852011824,749.9644798593848,281.8887692892598,102.58849911473747,900.03615122734,-229.8116514144345,192.78815173952646,1049.982682668669,-52.11417802827068,-295.44830943856726
train_00075,-1350.0030826741308,622.9352563159256,186.89035676960825,-1500.014614771901,150.99271854768207,254.49631458242519,-1650.0042301619446,315.5610539498128,-107.90907950985647,-300.04596240427094,-68.05307413900437,15.03200580660756,0.03960254882652356,-579.8137419233703,105.28539339990645,300.0074211011347,-402.076650868278,-382.9105439854856,1350.0106212683204,631.8782760414417,190.0933248174887,1499.9994264503446,120.18950592739249,280.33595969107637,1650.0159472190433,297.8784650631963,-207.9376989528933,-999.9258692879212,272.93311842568124,99.27384112021987,-1149.99760819913,-198.99438964550805,167.01447983695965,-1300.0672420378542,-34.465986801364565,-195.48425653983793,-299.98866262126063,281.83294788042184,102.71363560071272,-0.033188559767139886,-229.77177906564532,192.912610006084,300.0077220032623,-52.19933838686739,-295.42150870223696,1000.0384578959287,281.90922491177344,102.63972468342587,1150.0521789948218,-229.76224314200925,192.84014633718976,1300.0035904997442,-52.11878608639402,-295.4100354475109,-749.9934057611736,272.9585208964386,99.4273763248553,-900.0021186500476,-199.01190728017278,167.21134456370672,-1049.991870227064,-34.48916924443107,-195.27924166043897,-299.93238035681,281.84562500113003,102.66459877479448,-0.04350537584528306,-229.7889279831297,192.88089856494037,299.99494415387954,-52.15326692396756,-295.4379725266489,999.954554352818,281.94356129862734,102.62256057613624,1150.0836613855229,-229.71385053605502,192.82723356474364,1299.945849759846,-52.120853477324964,-295.4008327860313,-750.0080835741572,272.97125192103675,99.48888992339,-899.9427284263866,-199.02322331441408,167.24864530398347,-1050.0178628424069,-34.55319553811491,-195.17304670133845,-300.0350799171094,281.8268683811716,102.64852277349466,-0.03002220802328249,-229.8605430678405,192.8383437079662,300.04645297217957,-52.10883419115344,-295.391367598634,750.120625047569,281.85068333220767,102.66496933260251,900.0870420945291,-229.85867213136092,192.8042059070242,1050.07965572439,-52.160055222524775,-295.4228891493196,-750.0959320192194,273.01119021814543,99.30304594895175,-900.0072214637486,-199.02357767631443,167.05014483447957,-1050.0151947805512,-34.499133195808014,-195.40928571387215,-300.11380861535343,281.95138119136897,102.53883842813582,-0.09346941302392321,-229.79034757120746,192.8165048850635,300.0260820633166,-52.065880983871004,-295.42197795201923,750.1360031529179,281.85916269719854,102.62869136236962,899.9696623602508,-229.83357548061193,192.76349130205867,1050.016946789639,-52.14757739146848,-295.36855272978823
train_00076,-1350.0343595496797,622.9597784901968,186.88255355679988,-1499.9889315983803,150.92692856471257,254.5265937064738,-1649.9740694530929,315.4920367103639,-107.89468931491324,-299.99781671792846,-68.10872125095239,15.158981094939087,-0.020016546578055124,-579.7691979674973,105.29218755697023,299.96443566717505,-402.09629799229987,-382.9343079363579,1350.0108513691355,631.8810197717942,190.0889700281919,1500.018766711116,120.17755963407717,280.30653117966204,1649.9587691880376,297.8993188032184,-207.91772972247347,-999.9901045048982,273.014953029979,99.27813943702954,-1150.062416632693,-199.0311787724212,166.99232282867786,-1300.034513425179,-34.4636457223777,-195.44796801622545,-299.984809601376,281.8570505858994,102.57179622455878,0.008688017294941461,-229.78313474928402,192.87669077878527,300.08775339490944,-52.10061831991671,-295.35865487339146,999.9904300691544,281.8969232122594,102.61945364645155,1149.9305599395234,-229.79948910316332,192.78823262736702,1299.9941973001783,-52.09508884462203,-295.44556685445116,-749.9645500520274,272.9581598256198,99.21868948470194,-899.9905067516293,-199.12624498722997,166.84330138320604,-1049.8911801515997,-34.54717803243207,-195.5836220507288,-299.98707465092707,281.87131982524164,102.61709005540591,-0.04154757640392604,-229.7919805103976,192.83337413623357,300.0203277915495,-52.08802909858606,-295.3456637891828,1000.0621958832133,281.8369279384283,102.62895022961085,1150.0323999552315,-229.76610357547963,192.82287456550873,1299.9543586115665,-52.015325087997084,-295.4735125344121,-749.9061616097081,272.9942442676838,99.2198844631631,-899.9697559426847,-199.0874685887751,166.8731190181895,-1049.9481555592051,-34.565802048302416,-195.56413202267498,-299.9358433512494,281.8330129623248,102.58580744241695,-0.054401031384494425,-229.86910392088762,192.87518737841654,299.94056444957954,-52.09247125384551,-295.4382114862317,749.9919080449837,281.84736653604494,102.7572129592572,899.9111400784282,-229.8587873524923,192.97378136395088,1050.050472759966,-52.136316058844116,-295.21472211294736,-749.8603344331494,273.0168049290534,99.3841291291427,-899.8555701640662,-199.04947767058593,166.99913611466943,-1049.9684953979001,-34.53261246397283,-195.44536164474175,-299.96487656445277,281.93127166135895,102.59207394309038,-0.06499638371253022,-229.8860517869679,192.85322616504578,299.9592179184479,-52.113425300378154,-295.39862731744086,750.0362056362037,281.9004434424861,102.59880428421127,899.9545512587888,-229.7611482251928,192.8844943099848,1050.0050604070398,-52.02174896833894,-295.36074848635434
train_00077,-1350.0220853089183,622.9444544554493,186.85812767108087,-1500.0085321693537,150.9606282546145,254.55057942916682,-1649.9779961303345,315.5368646062201,-107.9797628352956,-300.0388821262289,-68.11626980419402,15.190364080087951,0.005615617685676986,-579.8630969678451,105.3939760244327,299.989100528386,-402.1407413253347,-382.9075965084582,1350.0075070648393,631.8760382148837,190.0832605201986,1500.0192435053318,120.19860418905722,280.30713618175776,1650.0041472126966,297.9021134728082,-207.9381253721086,-999.9750405766025,272.97238234899515,99.32521457411836,-1149.9453417426112,-199.0068683591019,167.01197119391557,-1300.078846443202,-34.470350931736334,-195.34172046018725,-300.001925589812,281.90728886378963,102.58325303931058,-0.004006607822065625,-229.8034025739203,192.8110135933485,300.05379107201867,-52.026669979188874,-295.5025999099848,1000.0076211179211,281.8763317024161,102.58901901431241,1149.9429745087473,-229.82620445448538,192.87166918323194,1299.9312800616544,-52.067585610534316,-295.4706187655494,-749.9690589061471,273.0213879894058,99.32812753063932,-900.0227166148896,-199.05751051882427,166.8610548652449,-1049.8813229200991,-34.439360309079035,-195.57144079724964,-300.01174365072205,281.9190548562171,102.60675658418178,-0.00998450326147168,-229.82804642846924,192.83893871406678,300.04248906760137,-52.088077558033746,-295.46757913383084,999.9739020983616,281.8683596687899,102.5682869095761,1149.9849143770111,-229.8670079899871,192.8761294849489,1299.9245724178363,-52.10333957687694,-295.49072638003463,-750.0232040841212,272.9254259345639,99.31484885578206,-900.0181728988566,-199.08459976871887,166.83620254714728,-1049.9963858150213,-34.480674566156246,-195.48220180447544,-299.9839699953346,281.93271524219836,102.62443763334406,-0.018008955125348985,-229.80370239605028,192.83563698135748,300.04933611701136,-52.10833689442088,-295.4430981531342,750.038458927349,281.96489179688456,102.6625963195491,900.042789169239,-229.82129055933433,192.81260752992253,1050.0808876236626,-52.098772268179495,-295.40537692129817,-750.0519765484388,273.0250330976752,99.31630725083335,-900.09006250088,-199.10124491170973,166.92247722752174,-1049.9772289459513,-34.412775598513285,-195.42211433964803,-300.0096188420532,281.9248645878466,102.6815519158862,0.010997847108227874,-229.76359985906257,192.94293387603372,299.97647811611756,-52.11517183578767,-295.51499682587934,750.0480230277822,281.9475248484997,102.66176324744865,899.9524610892599,-229.91390166587468,192.78827382754824,1050.0101775670516,-52.09854447769991,-295.4498807085586
train_00078,-1350.0456452187561,622.9612798593522,186.87082615616842,-1499.9965733911815,151.01030802218438,254.4583873004457,-1650.006583568056,315.562382390418,-107.91467987649939,-299.99154158855515,-68.07606412651566,15.138698904963944,-0.02018880066964645,-579.7852322516958,105.30540413773613,299.9930412991514,-402.12975642103714,-382.9476282389889,1350.0290054982092,631.9092501652312,190.12128595035287,1500.021975720976,120.17922214440004,280.34387583928367,1649.9576350843872,297.9289098439563,-207.98898818276933,-999.9125982267769,272.9178925224203,99.36367624835016,-1150.0329699588647,-199.07205489736168,167.0308092944363,-1299.9622734367854,-34.48092352888591,-195.3751378266763,-299.9963373284196,281.83140738471974,102.55107462157221,0.018663483872417053,-229.78476339813707,192.84497022883968,300.05236848069205,-52.13140016953484,-295.42728059385325,999.9759609667074,281.8897450113489,102.56332920361896,1149.9838328785959,-229.7869005295253,192.90265943364355,1300.0528545360153,-52.10088648335116,-295.3911744496094,-750.0921022655288,272.91971636515444,99.3278482725922,-899.9531828700372,-199.1553587292595,166.92692515622807,-1049.9862575912714,-34.59376131459064,-195.51148961216944,-300.0338453311267,281.7821524770459,102.64304097395454,0.038206522029788796,-229.73905889378324,192.86388055419576,299.97226559470397,-52.10113450505505,-295.43439118148734,999.911629882789,281.97340072106437,102.6150003488974,1149.9661140685544,-229.81510722251437,192.8954228850915,1300.0620368716882,-52.115206248116344,-295.37075177284555,-750.0720858917861,272.8836188178283,99.28248635492606,-899.9579548504317,-199.22415918089956,166.93378916393416,-1050.017018705643,-34.59006221881903,-195.53963994942166,-300.0602040879605,281.8180459658517,102.58319781472166,0.020838255982104446,-229.76581423197186,192.85379743109326,300.01033699950193,-52.13873162983799,-295.37435077702963,749.9404687841659,281.96860732668523,102.55152654192712,900.0533469176537,-229.65949587291033,192.77290471493131,1050.0401104072823,-52.02654693096395,-295.61943719714316,-750.1093718094841,273.04526001504973,99.3064027551169,-899.9068587016066,-199.1260657595991,167.00920061580146,-1050.0265377930325,-34.45372152316034,-195.49490064397952,-300.00571193195407,281.88463916938287,102.67972512625362,-0.004252522634468674,-229.71582582135485,192.87433587785887,300.0676106725267,-52.17735773731174,-295.3471216412988,749.9263620065377,281.95043652485276,102.57857319305894,900.0515793965939,-229.77043766045054,192.74653372787307,1049.8930340468185,-52.07741907404845,-295.6162663198896
train_00079,-1350.0022259566078,622.9750764416741,186.8608139741602,-1500.0332778694667,150.97728088986358,254.50330073722785,-1649.9962796901577,315.5472175953219,-107.9232499174447,-299.99194184191003,-68.07123659732466,15.098315400322136,0.023041164510662734,-579.8617071075387,105.31747162059112,300.01850055134065,-402.13678817314,-382.9479009903164,1349.9930699736285,631.9357033183221,190.07911442886459,1500.0026482757971,120.16055744026066,280.33620987572726,1650.0049922894739,297.890184668919,-207.9378063763774,-1000.0700794158911,272.9419511977348,99.34497597653899,-1150.03376295389,-199.05151163956094,166.99016505772238,-1300.0752490928198,-34.449086812923504,-195.42011770320585,-300.0165888417738,281.9221736848007,102.57236418994181,0.06751587362446099,-229.84911215313383,192.84547441678512,299.9799750916339,-52.03442993432008,-295.39372991054455,1000.0583272041202,281.92016180237255,102.56242258288623,1150.0004592341131,-229.83057830578156,192.82564685780497,1299.9798407368967,-52.048989151289184,-295.4904523140955,-749.9989865718603,272.8714751464458,99.36925857264079,-899.8857528614047,-199.06427743625588,166.97405004458574,-1049.957326299193,-34.63496226917795,-195.38065159346735,-300.0172300363317,281.9066456367428,102.58594035446188,0.07884763098035796,-229.76959876737664,192.82317817634603,299.94236437503685,-52.03151290305783,-295.401014221636,1000.0451969352234,281.93914813747455,102.57427128293415,1149.9832479902084,-229.82487058284673,192.82367691109562,1300.0119032784871,-52.08140651381607,-295.490267021169,-749.9166139056027,272.87567714372824,99.39388906707568,-899.8787599555133,-199.04665283664355,166.97723501213736,-1049.9012451516496,-34.56498791965268,-195.42587954547062,-300.0428732084477,281.9365119031015,102.54142355489776,0.036846384131746845,-229.80761854714785,192.84041841819143,299.94261781495226,-52.03635726430145,-295.46391893091567,749.911223716026,282.03410515924116,102.55991216013916,900.06084557829,-229.6730430667974,192.84823116627558,1049.959867312519,-51.97241318781109,-295.48564341860754,-749.9282719869027,272.9071018813389,99.28353135249155,-899.9234387843284,-199.07967702241712,166.90557826508376,-1049.8747762433418,-34.4723769182621,-195.43302507008815,-300.0622585204837,281.9203305989573,102.64167965549926,-0.04603398598869106,-229.8154863951296,192.8089519858373,299.9476153872538,-52.094703597645406,-295.44894243835756,749.9810014412565,281.8782947127114,102.53044585886012,899.9777779933233,-229.82268856453402,192.78886588036275,1049.8885998678131,-52.07126329741912,-295.40967359525087
