sample_id,s0_A1_x,s0_A1_y,s0_A1_z,s0_A2_x,s0_A2_y,s0_A2_z,s0_A3_x,s0_A3_y,s0_A3_z,s0_B1_x,s0_B1_y,s0_B1_z,s0_B2_x,s0_B2_y,s0_B2_z,s0_B3_x,s0_B3_y,s0_B3_z,s0_C1_x,s0_C1_y,s0_C1_z,s0_C2_x,s0_C2_y,s0_C2_z,s0_C3_x,s0_C3_y,s0_C3_z,s1_A1_x,s1_A1_y,s1_A1_z,s1_A2_x,s1_A2_y,s1_A2_z,s1_A3_x,s1_A3_y,s1_A3_z,s1_B1_x,s1_B1_y,s1_B1_z,s1_B2_x,s1_B2_y,s1_B2_z,s1_B3_x,s1_B3_y,s1_B3_z,s1_C1_x,s1_C1_y,s1_C1_z,s1_C2_x,s1_C2_y,s1_C2_z,s1_C3_x,s1_C3_y,s1_C3_z,s2_A1_x,s2_A1_y,s2_A1_z,s2_A2_x,s2_A2_y,s2_A2_z,s2_A3_x,s2_A3_y,s2_A3_z,s2_B1_x,s2_B1_y,s2_B1_z,s2_B2_x,s2_B2_y,s2_B2_z,s2_B3_x,s2_B3_y,s2_B3_z,s2_C1_x,s2_C1_y,s2_C1_z,s2_C2_x,s2_C2_y,s2_C2_z,s2_C3_x,s2_C3_y,s2_C3_z,s3_A1_x,s3_A1_y,s3_A1_z,s3_A2_x,s3_A2_y,s3_A2_z,s3_A3_x,s3_A3_y,s3_A3_z,s3_B1_x,s3_B1_y,s3_B1_z,s3_B2_x,s3_B2_y,s3_B2_z,s3_B3_x,s3_B3_y,s3_B3_z,s3_C1_x,s3_C1_y,s3_C1_z,s3_C2_x,s3_C2_y,s3_C2_z,s3_C3_x,s3_C3_y,s3_C3_z,s4_A1_x,s4_A1_y,s4_A1_z,s4_A2_x,s4_A2_y,s4_A2_z,s4_A3_x,s4_A3_y,s4_A3_z,s4_B1_x,s4_B1_y,s4_B1_z,s4_B2_x,s4_B2_y,s4_B2_z,s4_B3_x,s4_B3_y,s4_B3_z,s4_C1_x,s4_C1_y,s4_C1_z,s4_C2_x,s4_C2_y,s4_C2_z,s4_C3_x,s4_C3_y,s4_C3_z
calibration_00000,-962.9763037412496,292.4257825687056,33.01948919730778,-1099.317967897813,-186.66712617591602,-8.729208742997798,-1226.368753579305,44.90708416769942,-342.16791524792063,22.47592491158455,118.3092891477022,163.90756777437,310.2058273579679,-401.65140762459885,246.35818387197142,623.6856492747393,-217.38153722908237,-230.85610581105217,1001.6833136293031,145.02353939451012,175.40727795732496,989.1598438247138,-384.5500968578793,284.2849794656081,1206.3671337931908,-276.64715584172967,-199.12856900165335,-1000.0139047685283,272.8750722957102,99.38658257781975,-1149.942698248857,-199.06567831149667,167.0574267641798,-1299.9008899021528,-34.520538479601555,-195.33667378524933,-299.98812169940203,281.8560275324696,102.65686870073881,0.036271629302573785,-229.78481895410775,192.85399997489276,299.9786636840752,-52.1265033128319,-295.4386874030659,999.9823510413491,281.90028808778396,102.62311807157403,1149.927866353588,-229.80456819517792,192.83558044243986,1299.9622401860067,-52.076930895075336,-295.5376327527349,-750.0005591487688,272.94351799467375,99.41942285607313,-900.0176512897715,-199.05112828805977,166.97427749253046,-1050.0297431096176,-34.36051996482213,-195.35871658720558,-300.027770984416,281.8334931589644,102.62277577054013,0.027288337107717636,-229.81923073369555,192.8203510193083,299.9925204246449,-52.11825421503077,-295.4569915806066,999.9414585720701,281.8994093443271,102.62950761884107,1149.9326025114044,-229.80482433223324,192.78555476015586,1299.8684564488515,-52.106625413732665,-295.4494655389743,-749.9354805799167,272.9963336422628,99.38163403890506,-900.0118409280332,-198.968157229172,166.9700769382005,-1050.0358770818448,-34.45832653986597,-195.37899023319414,-300.00095830635127,281.8658635326361,102.53208397539194,0.021118209545493594,-229.8394625655047,192.80016703865132,299.9909925368544,-52.106019254394404,-295.4517788073919,750.0254897022371,281.95028573398014,102.57427511712103,900.0825481434522,-229.8087888517247,192.9189148906219,1050.0768484817486,-52.115616327037735,-295.34271196181624,-750.0853602587397,272.9395327558821,99.40195288255369,-900.0877212282644,-199.07704585758157,166.96556083972266,-1050.0654058778412,-34.45984479296289,-195.4061428343828,-300.0023037992622,281.811029393327,102.6079562683703,-0.011987792584278407,-229.83349538693537,192.85125928507608,299.9582701613147,-52.10489176987811,-295.50257875950257,749.9983799069183,281.85524773831384,102.59529438314705,900.0144301103737,-229.8651101924715,192.8828472060648,1050.0793287731217,-52.081825473272325,-295.3677292414808
calibration_00001,-1188.4899574450278,138.61826023000353,-102.79399525012977,-1375.5429830929083,-312.2439086319118,4.574778456147699,-1489.4794513271925,-180.74791728412677,-383.5609196401413,-179.53566372707095,128.87523903501886,-37.41294373878994,122.41181770227749,-381.6524166087821,52.87062724855579,419.940122748507,-204.33292308024016,-437.13022900698445,1249.262061940781,465.7424908103538,61.742093172581676,1398.598015934621,-49.8287694384298,128.3936349207849,1600.607366706568,168.45208650110314,-323.3200931873599,-1000.0515941695202,272.91080751217464,99.31550224081332,-1150.0392386184312,-198.98081398457506,166.88235194640458,-1299.957986213006,-34.34956142208336,-195.52386349975788,-299.95262070349577,281.9484589364791,102.61971533778858,0.0029951256400575638,-229.87997814743386,192.8275243029502,299.99334623549754,-52.07650079774816,-295.42182392331085,1000.063022043269,281.9208373852336,102.5757082429487,1149.9880195253124,-229.87090456707605,192.814609951318,1300.0311259899086,-52.13257362958403,-295.499640881696,-749.9611765804726,273.03851734411217,99.32589918119659,-899.9602387310083,-198.9568297473698,166.9581942573024,-1050.010242231934,-34.42803221685903,-195.36480868948965,-299.9633630410309,281.94668932347366,102.67978198465607,-0.050423013438194116,-229.8643805410023,192.83045919380965,300.0217053040796,-52.05164387591148,-295.4416842937431,1000.0550466818739,281.8542291262778,102.65283865296176,1149.9825244275582,-229.83066322040318,192.82569632279913,1299.9813558823303,-52.2029594704603,-295.4595756231765,-749.9920733051089,272.9612802748661,99.35068625451953,-900.0054103688086,-198.9921606941582,167.07057457914078,-1050.0589138310365,-34.438956131949666,-195.3259814066399,-299.93475235993674,281.98096646439683,102.70601332535418,-0.04520683313091645,-229.82861477871484,192.83827006945629,299.97572191009976,-52.1007455015699,-295.34500051377677,749.9670702038615,282.0692227447012,102.55748267082599,899.9954011289185,-229.72905202786592,192.75970686063656,1050.021931468678,-51.90875610861771,-295.4629915431326,-750.0548853456831,273.03158739637536,99.2861225988451,-900.0878638817627,-199.0080579130586,166.96542578877146,-1050.0303198058423,-34.33239899007353,-195.4986255473509,-300.0323715240316,281.9404965692169,102.61425495563103,-0.12474163987566095,-229.84446129424475,192.7793055636382,299.98179035615885,-52.19656371185711,-295.40127873867885,749.9041128621803,281.88968865416535,102.56782408280698,899.9703820868291,-229.7897241785122,192.89233258492882,1050.0072960835844,-52.04873831652232,-295.4157909602908
calibration_00002,-1331.4804440013227,135.46428231295388,-93.3431376919554,-1296.5836939413866,-350.52452148920565,18.495906472025467,-1519.2309990617464,-284.55436459151383,-337.9160284853932,-189.64308953298516,287.8588208075572,18.328640732572282,-3.8063713200715075,-277.5548335697974,94.38911827907177,348.9446664852539,-144.83506994715862,-372.5101890439665,1308.2199730455666,497.9940883919735,-247.21830839522565,1376.6768235146935,-12.554273057724176,-82.33478487931329,1685.5168304105232,111.5669790203611,-508.64313799457443,-1000.0503560236165,272.93579897805665,99.31390157032898,-1150.0241239385523,-198.94454543096865,167.03161039780213,-1299.9870684109992,-34.43809184210922,-195.43414435327944,-300.01508198858676,281.8905158282863,102.53138530080341,-0.025648881031033893,-229.78909668649337,192.88109606246383,300.0141448651155,-52.09471758707302,-295.473388533352,1000.0372240816852,281.83827051951505,102.60437279994399,1149.9625793406726,-229.83958909868213,192.89760930239564,1300.0764253467487,-52.127069505125874,-295.37225154186365,-750.0281435971291,272.9003602494999,99.32415242539822,-900.0627442393635,-199.0660258854359,166.91863255155826,-1050.019598311003,-34.547298712512884,-195.4278674206794,-299.9768296259739,281.87756796307673,102.56750549359269,0.01381175399387396,-229.80642552388636,192.9294989684359,299.97907659630783,-52.09934315431218,-295.4289471598067,1000.0070973566382,281.8914238209718,102.63248407957472,1149.9722545730956,-229.87627892419374,192.9284418008465,1300.0329605624388,-52.13505009705715,-295.38009576738085,-750.0211718501936,272.8889544799404,99.323166623546,-899.9980866659807,-199.12665419809127,166.91400523787732,-1050.0065471751227,-34.49347897003492,-195.42646007037686,-300.0089227044113,281.9100673893806,102.6305776405213,-0.02035914324615994,-229.83979556267326,192.87708035707317,300.00175560031204,-52.163736105377964,-295.3997337722045,749.9479251310206,281.8888622914076,102.65986954053187,900.0273875489977,-229.7865626796066,192.83485680591505,1050.0184183886272,-52.03325185839936,-295.44915860021035,-750.0271796159336,272.95403071821437,99.37104028415722,-899.9694523800829,-199.04439063311128,166.98025288484746,-1050.0348281535994,-34.453002243476426,-195.39315764952767,-300.0091544896842,281.94083084023725,102.58044535726907,-0.022738448992349412,-229.7668730206893,192.86274580257069,299.98812267273496,-52.142734158999204,-295.43877678837896,750.0067708262682,281.87406479235716,102.59833085405539,899.9878607837131,-229.88439096458796,192.78942663937156,1050.0081604048482,-52.171091093919884,-295.4563230692189
calibration_00003,-775.3973618303592,-70.79714509108972,176.34117829648233,-915.4067201037822,-548.4012567958797,222.79204686379347,-1050.7025542604158,-377.3546794981963,-142.4583444730811,-279.2962076695205,196.35361812115957,400.4389313443813,5.697898080606652,-324.50936166608665,487.08796662330434,311.11904179875984,-151.98111951761192,0.2817421732713229,932.8611292116844,24.87578204052578,303.8617404319624,1169.20997264557,-460.3699386628086,270.76400988159423,1227.282043980558,-169.42688957095604,-181.48582842353963,-1000.0054934828695,272.8973968169284,99.36013284041326,-1149.9842795189086,-199.05443693834383,167.09461190941786,-1300.0252048773123,-34.561519989577036,-195.3781258096407,-300.0332102515621,281.88967151873885,102.59089817785387,0.006930894523429879,-229.7873490732734,192.9145117095189,300.0260891138521,-52.140858814822316,-295.4222935063608,999.9771171147104,281.9149271409128,102.6335456853187,1149.9735069617293,-229.79929751034675,192.851999373848,1300.0279438588425,-52.107421300760954,-295.41481855044447,-750.0328884001934,272.9304290255321,99.35366597930532,-900.140758101329,-199.04150971386264,166.969926768901,-1050.041824368673,-34.472869424458466,-195.43422706151398,-300.0274901885187,281.83974050897416,102.62572150234507,0.044226707436293436,-229.78400312087672,192.86873372255877,300.01608910240304,-52.06292676749376,-295.3835936544911,999.9684026070172,281.91498933172113,102.60818579359542,1149.938779044322,-229.81824702391813,192.8189903256229,1299.9838589386234,-52.059481455156515,-295.3720222483335,-750.1090856382864,272.8821925209857,99.4256301821433,-900.1479761294261,-198.98504222613528,166.99127890021052,-1050.069520205936,-34.42131808844461,-195.4490744498124,-300.0486333334898,281.87138874698104,102.59016385063275,0.03218531819381116,-229.8317837430398,192.8609407496363,300.0148708290523,-52.11054753070526,-295.42999227924406,750.0157191162717,281.9075502253091,102.53955306031028,899.9560953402674,-229.86360676859067,192.83873801839556,1050.0232459607203,-52.14518542665967,-295.4376767166486,-750.0798917491753,272.8834721478843,99.4130663071805,-900.0741891136234,-199.02714229651764,166.92203085421684,-1050.055349025017,-34.436688731959826,-195.5197061016804,-299.9551769815987,281.93015219243614,102.56632701111904,0.01664874096675594,-229.844293349372,192.81340336386415,300.02519423772173,-52.07738219335781,-295.43579863588957,750.0387150892096,281.8926797219109,102.56219089023688,899.9875181167943,-229.8321261484845,192.80673371567588,1050.0331617891322,-52.12800174870007,-295.4905634635104
calibration_00004,-682.0608296449772,459.448091552716,226.8494558256491,-882.4374329097369,5.079533984953285,283.62459165592503,-975.740469856934,174.19840798879375,-95.2791081904921,4.455106620585024,418.83537013446085,-228.70921430020937,129.38299163896355,-143.5399205061524,-61.04714319233069,518.0916526982392,-113.20502794605994,-517.1019276328504,741.0050654423145,354.09219118811757,142.07772272061308,773.2534306691413,-146.94149714547743,343.065533217925,913.2558102243842,-122.75780197437697,-178.80351078481266,-1000.0267624008326,273.04980194511165,99.35916379110185,-1149.9643051700646,-198.93846252763237,167.0585870234555,-1299.9292480797637,-34.44309012006374,-195.34919327961893,-300.07718584904734,281.89097388411165,102.51620611790258,0.06902693054042319,-229.77716717691908,192.86198258423482,300.03758814855695,-52.13829061538179,-295.46760307598197,999.9420980538484,281.9451462042032,102.62659542054143,1149.899794472063,-229.78875880622957,192.84828679369835,1299.9870585835868,-52.14547566660168,-295.34754969132143,-749.8639021703782,272.86296913176267,99.28095953485055,-899.9477732885963,-199.11487913091756,166.95260504536802,-1049.9529591126302,-34.47208055909712,-195.45654200629664,-300.0888621166205,281.8325385993401,102.50973955390226,0.0673916226504651,-229.74969449786929,192.87292126889437,299.9715849504556,-52.12463223874924,-295.4994328922031,1000.0331824368689,281.95270439785634,102.6863586337745,1149.9467837778764,-229.7969042407831,192.88244682138088,1299.9988575322404,-52.04968992114272,-295.3667273840818,-749.8856760290503,272.8421503084066,99.30934702428404,-900.0000384177939,-199.0534303189105,166.94009789075636,-1049.9185528045211,-34.487988127533654,-195.50446057944703,-300.07473540436024,281.97565008153737,102.545161348294,0.031025439480075388,-229.7641175408984,192.86740633876445,300.01424077526906,-52.170153851374415,-295.4232082719648,750.0170373115698,281.9001704326446,102.5080877060225,899.9679306197294,-229.74317563418035,192.86284878420884,1049.9733803248898,-52.0799958315133,-295.51818993949,-749.880745524358,272.96786007882463,99.41756979677042,-899.9420157653808,-199.01646872875938,166.96466665630817,-1049.9806945759226,-34.36027991812756,-195.36662742848353,-300.05483873261534,281.9006162354623,102.6237603099363,-0.026573602418263537,-229.75129305045985,192.88294541635844,299.9480586847094,-52.054918223196886,-295.4465040997751,750.0274464359721,281.9060563580925,102.59333807942068,899.9394354459777,-229.88683484017312,192.8765698712352,1050.0434042723532,-52.11041305641407,-295.43188350717526
calibration_00005,-931.6600370924674,52.94110520326701,-111.46962369718214,-1038.6742790384153,-427.366382376127,-199.22144876673082,-1139.4346632942745,-178.63070814270077,-529.315352875842,-313.84173750886856,-77.72471924511751,-22.25939263712969,86.16850286470138,-475.8223900242128,181.56691310941778,379.75655346263704,-324.1700159247735,-319.2720807860802,745.2954308719993,580.9703402930637,-42.16391319223761,845.8212047829182,50.169921344098164,-18.823054779657827,1042.9412707628164,279.6602791851029,-467.0698043395681,-999.9165933890081,273.02939206194566,99.35988774545751,-1149.9331353657649,-198.9057775880053,167.02821377165452,-1299.9738500520452,-34.344873256820115,-195.37417256198142,-299.974078318091,281.9545283263796,102.64827908764308,0.020524328039893503,-229.76105542713879,192.87202804475984,300.0937937597461,-52.070298103183305,-295.4479124853535,1000.0155494963545,281.8501221672884,102.62744954687072,1149.8948470407815,-229.91025475002616,192.80365363824382,1299.9216276105662,-52.183639913390536,-295.42244700284664,-750.0193224539388,272.9594988564568,99.38514570880768,-900.0198015858606,-199.02975280214406,167.02872805117423,-1050.0186587230223,-34.408003431726456,-195.39215029511203,-300.0329693631763,281.8752162329748,102.6244037337713,0.04483372197410938,-229.7726582188865,192.88800726728988,300.04285296985483,-52.04066056637602,-295.3843668566309,1000.0080489776443,281.8817918302432,102.66349334930375,1149.927912732097,-229.87338266381153,192.7972260871362,1299.9837983565583,-52.114204444515366,-295.41673467688145,-750.0175100984487,272.9630403479909,99.32545058696861,-900.0575464789375,-198.99588129515143,167.02447369987385,-1050.036541246194,-34.429383475395866,-195.39050236541644,-299.9184780090952,281.9610907785023,102.7045437550148,0.016518637717326506,-229.7501242338967,192.89774160817908,299.9812609438813,-52.06117947993895,-295.3886638714623,750.0016440685388,281.8910114679618,102.62138140904706,899.9627400732841,-229.8802269955263,192.92963705770853,1050.0140729737275,-52.241209980092805,-295.3359574043829,-750.0669713317219,273.0610295417992,99.32719661163597,-900.0585545133818,-198.96876853489508,166.89214441778273,-1050.1127250572592,-34.37989528490594,-195.48585682442666,-299.99339740083036,281.9472206614962,102.60970132786449,-0.035772696316449644,-229.71660429713762,192.7662031418491,299.97662892492633,-52.02941103631051,-295.4651680822615,749.9711660881547,281.91996861980647,102.58378119044919,899.9177603964874,-229.7969116856372,192.77014575358737,1049.9971468339256,-52.12471112310631,-295.48475410562025
calibration_00006,-1169.6508946220183,360.58989497959834,27.749103593897587,-1458.6567048914624,-44.5266378530409,73.97904041045261,-1601.9775578245262,219.94480260657943,-226.57885360306625,23.187501086792697,413.7518455074955,307.70076520079914,313.7215258229133,-111.1176619333317,318.6281105740057,589.9091099446676,117.49489348366718,-162.5098880880545,1054.8725124010434,-38.77194892657011,6.298938232205568,1044.0983753157159,-578.6776874461292,35.578299459792355,1309.761126063655,-399.30174194604916,-400.0307196013343,-999.9763270880654,272.9164527891131,99.35943253362376,-1149.9257573162756,-198.97836292758814,167.0036995250343,-1299.9080146955275,-34.44374864246514,-195.48180149660195,-299.9935415815273,281.8829518249507,102.5725714376152,0.016910762417856794,-229.8571301960852,192.78316139570964,299.9938797738131,-52.020851769278195,-295.48007157048005,999.9188547586627,281.9885583578464,102.60217868188998,1150.108393189352,-229.68820207436107,192.8952922438484,1299.933909633634,-51.97643731723164,-295.46543863775406,-750.0108961555813,272.91192764844874,99.41575148753375,-899.954649156748,-199.1133603320821,167.1481018440959,-1049.989650332887,-34.47726906649564,-195.3057062795549,-300.05710132567447,281.85555755468056,102.60351393305129,-0.03913386101591278,-229.8166772493414,192.77774793426306,300.00457755323686,-52.03631798751375,-295.5190407750772,999.9450773164727,282.0243329949175,102.6063633758051,1150.0184946819647,-229.7346468271768,192.93907893305382,1300.0162228968975,-51.97624631124351,-295.43480016573096,-749.9281979885087,272.90113553163496,99.37536895177753,-899.9727091132153,-199.04635022994714,167.08090392675462,-1050.0017134153336,-34.55088809706238,-195.28424295798456,-300.06110835311665,281.8949544137007,102.6147681788076,-0.0603921233171133,-229.81159274098593,192.73978506641973,299.97595845746264,-52.04205558166423,-295.4126062522072,749.9726326246472,281.8118473939269,102.62864857952277,900.0577111614721,-229.98376841441922,192.88598844596228,1049.9804573443423,-52.20915097479603,-295.3923153285082,-749.9484257393362,272.96037011950636,99.30742757515097,-899.960349511825,-199.04125278693965,167.02362029471107,-1049.9537520692495,-34.44682370002825,-195.33617864664416,-300.0229639608104,281.9487751549082,102.5360949426574,-0.008920752638341817,-229.76089851654578,192.8000782856816,299.95120199217564,-51.99133756150362,-295.5249812231385,750.091843779441,281.9235800254186,102.64769190196456,899.9913972503648,-229.8451476369056,192.90025055615075,1050.1007311954484,-52.17634721433712,-295.3352680057831
calibration_00007,-1264.7216821363513,365.1064847534933,333.9748136471615,-1414.777199676298,-100.67955352527373,435.65486736892217,-1533.9165804207407,23.91291620778965,46.7760716261791,-197.11267426274503,343.6459807191014,-12.92113897452445,68.6454172296722,-164.58991677556813,163.59841312178753,373.12297896077985,-94.70508021939763,-348.6674047929685,856.6520092680038,135.2233357892236,209.28447963445748,886.0040054884286,-393.1252777197824,320.9600516948934,1139.6539177120244,-263.34327558956977,-138.6965297344781,-1000.0290044248721,272.9150715836163,99.388089124323,-1150.0193255537642,-199.07972016547112,166.95178453833944,-1299.99579809007,-34.47290340216431,-195.4266342363802,-299.90704191438783,281.84563275563113,102.64125013892458,0.09419520283715939,-229.8598396066951,192.78772203957342,300.09494026042404,-52.12055960478827,-295.4487511960949,999.98632363323,281.8968961532512,102.5450363078515,1149.9667911639508,-229.73307788942236,192.7970223279108,1300.0249723193226,-52.11499189994307,-295.43828268004387,-749.9721559740303,272.93133308149095,99.31479016252251,-900.0205472757348,-199.00440446874939,166.96961322344356,-1049.9393866484468,-34.46076694523761,-195.44803325051367,-299.91135343972974,281.8928813458443,102.58497611236926,0.06417562267285276,-229.828849821406,192.8639859873287,300.1234026291072,-52.095992542070604,-295.46554660644233,999.969038902461,281.9015674431255,102.46385001613162,1149.9503338198208,-229.77588750132864,192.8275997579926,1300.0374665548345,-52.07661695974008,-295.5328270751824,-749.9434676812566,272.97035180317226,99.2435507693964,-899.940094786484,-199.03297007866982,166.98310311196687,-1049.9252985879007,-34.48461459561636,-195.4468849830973,-299.87319546058245,281.83316198920113,102.6385592708515,0.11225314010306278,-229.88544958106473,192.78066509015733,300.13247816501456,-52.106164069911806,-295.3951884525277,750.021886545355,281.96259900078496,102.645625874279,900.0646635045481,-229.75500528412746,192.85168117962235,1050.0163368310314,-51.993780225286834,-295.45187241384093,-750.0204887045379,272.935451343734,99.34640459572167,-899.9737783597363,-199.01631842851629,166.9993788636533,-1050.0525440734195,-34.48802251632353,-195.46301239963046,-300.03150682372956,281.9102177569122,102.60780259890451,-0.04294079021656419,-229.8226077852861,192.83131105009141,300.05668449840243,-52.08919197949508,-295.3564036210802,749.9552056443579,282.0101520698734,102.61345660154542,899.970339975778,-229.74038098554118,192.90113755324714,1049.9667721118267,-52.05970118425055,-295.42922622235574
calibration_00008,-973.0404577960053,-41.05906786399381,458.0123735361324,-1119.306147037491,-515.8295764777906,513.285744215251,-1234.9829749829269,-356.18791074768023,136.3129519175612,-347.920510782868,358.43031372550763,-86.46730358643275,-69.68824562893884,-162.36406390509936,20.219470955465443,247.12001447318045,-5.996858640570809,-464.7807906518689,707.6352105435096,283.66600762996273,224.14101787862091,943.7772888941591,-202.76401007058678,213.27321245752927,956.1318986032312,45.241172342414714,-267.1886873202556,-1000.1094289856541,272.8910453719896,99.45464502144615,-1149.9908142676522,-199.04171125206912,167.10230757240737,-1300.0910664062949,-34.43108255835362,-195.33427599573238,-299.96663702614876,281.90317599941676,102.66781098427083,-0.019688046996155027,-229.75950755777146,192.85750111095712,299.9864027209127,-52.04264889951469,-295.3713003896771,999.9377417844609,281.8339352015031,102.58107207129937,1150.0058108564199,-229.8225307126918,192.7200485896192,1300.0129676723877,-52.10684375345195,-295.52734445101476,-749.9562157531628,272.85965263584654,99.3759407320053,-899.9702291520152,-199.125150496142,167.08161864878429,-1049.9910877919406,-34.51458268975552,-195.45957098931754,-299.9727766448428,281.90520662088596,102.57129158984522,0.0024706877257631293,-229.8393141362306,192.88047456704464,300.0054406101735,-52.060807946314334,-295.4278199596633,999.96138624177,281.8185560207716,102.5823741713346,1150.0200480774547,-229.82652998508738,192.72252748512096,1299.9149687659356,-52.18572261552187,-295.51114101130963,-749.9804626372231,272.83704208508345,99.33934458511803,-900.009122066458,-199.0928458639219,167.04832768528993,-1049.9890454580423,-34.59373054808536,-195.41240080418768,-299.9704449226039,281.867980306319,102.5962930883351,-0.017960264198826983,-229.81269971295498,192.84895675127046,300.0152866406125,-52.08669636312325,-295.41261803267844,750.0119324203479,281.96079547565967,102.61508391124144,900.0167880197073,-229.79889603183952,192.80763891035895,1050.0706555595812,-51.99235755448509,-295.4658556171499,-749.9505671145095,272.97636645070503,99.27274266343024,-900.0327389191738,-199.04886838008198,167.0092002414954,-1049.9358615466945,-34.40070615475548,-195.4556332081036,-299.9338094689047,281.9573268985222,102.50995885812445,0.07391215898116912,-229.73011691111796,192.76864431903581,300.04893696619973,-52.05595172200209,-295.52995670301954,750.0432908220172,281.89267997047705,102.51364527117022,900.0414151439353,-229.82787520652525,192.75693567990731,1050.0248351035655,-51.99110008604293,-295.4866794816305
calibration_00009,-659.9160656190045,257.4189323162496,-4.565341499398414,-767.6756300730564,-229.16323593331083,33.78948264611017,-1025.322239069983,-29.853727024119987,-239.7423893100099,-353.0690538991454,601.514902060154,-351.81487110420017,-91.38087654791097,146.88223013633035,-60.527428633305576,231.13873325780318,108.27150204709658,-564.9726969948756,1338.4675367224852,503.01700759826105,284.4700532105248,1439.764464558724,-21.383611953352027,369.67932903952334,1615.5839539739595,148.78470724164143,-112.6372332630554,-999.96969538572,273.1110215532032,99.3785375232754,-1149.9481574998524,-198.85591135228583,167.0242265483808,-1300.0391894140691,-34.29871775444407,-195.4445271727004,-299.97794931813866,281.8919084366776,102.68872193212148,-0.0009849316967529605,-229.76861704570015,192.83109636721227,300.03138270320477,-51.997068743712454,-295.4155030720418,999.9596387524108,281.87827451985646,102.64475079569029,1149.9457742728669,-229.80115515064267,192.79324240037423,1299.8859270340645,-52.11141717101099,-295.4655088329991,-750.0396908352881,272.88146200460375,99.32341118199206,-899.9626599560017,-199.09716615866145,166.9947431952521,-1049.9554589206728,-34.585251416300736,-195.44857532571402,-300.04319090183066,281.9740057615389,102.61690433809773,0.047660040148291026,-229.77519321847234,192.8688643319939,300.03798882075955,-51.977108363088306,-295.4237193154145,999.9598331304389,281.97984176676096,102.62311120615233,1149.8862060519027,-229.82660055085614,192.85891958518093,1299.945385246534,-52.13901677671075,-295.42804104059826,-750.0183031402202,272.85829712814126,99.35950025082059,-899.9487816301562,-199.10139534641092,167.01035397728086,-1050.0295865364933,-34.56249442106489,-195.39609509247535,-300.05789297481556,281.88998594449595,102.63927595775486,0.05093544613144334,-229.79421390493334,192.86034343064546,300.01920565808683,-51.965705469240376,-295.36027624654974,749.9876098810538,281.91319737081284,102.66863225350427,900.0887342016488,-229.80917937157434,192.9341025018151,1050.0001345098303,-52.05498403042615,-295.3917969959492,-749.9922050818176,272.8528110731953,99.35178781836562,-899.9760497593539,-199.08311984635895,167.08800507644793,-1050.0326030472797,-34.57658250227876,-195.3652100656813,-299.97521111889984,281.9305565040523,102.66213675411807,0.05762553697215042,-229.76811416666575,192.86058154210832,300.0367037887303,-52.060808337792025,-295.3979743872354,750.04148378584,281.8875693697684,102.63735954150557,900.0785844278417,-229.90392672597207,192.8190695548878,1049.9568902293286,-52.17447127925754,-295.39773701487337
calibration_00010,-708.1353041052918,426.16071992970075,221.65866672941078,-854.6480198975952,-49.628921168936316,266.87370074204637,-923.0287665685581,101.75718164863738,-124.70675877943349,-145.0093517720105,-141.28453511382133,-227.55737859726466,270.1842495837896,-567.2143252036658,-148.7205749819174,538.8457485374438,-283.93632284365816,-604.2477406797053,763.3938687808832,535.5047047666761,327.11829864502084,932.2473510991571,47.57428992850526,488.1816042114918,1147.7934283402299,196.61961609651397,15.047991524114687,-999.9868969061843,272.9085470294078,99.36684449357062,-1149.9982398773639,-199.03658327336507,166.9582344238329,-1300.0009343203114,-34.52137155517222,-195.47068164452799,-300.0012062407828,281.9695127541953,102.59262873766131,-0.04719932190523907,-229.707950814982,192.8618478484471,299.9720156066461,-52.04838277114863,-295.40767649544654,999.9647080644929,281.94378673641035,102.7181621261984,1150.0276006600272,-229.7653949918748,192.9406610121047,1299.9405248004994,-52.103742138140866,-295.41364258701583,-750.0680211512687,272.9591822311938,99.29770815871075,-899.9632788792467,-198.999235983434,167.01252649937123,-1049.9797555697642,-34.50612546863258,-195.43863287342504,-299.9848452690283,281.9768731097708,102.65328585917713,-0.05466062106723901,-229.80929189999708,192.85271142856246,300.0285782663919,-52.0735331598217,-295.45317186482185,999.9823603111024,281.95571312429144,102.72330488959203,1149.9506309382637,-229.787075678721,192.9742899793442,1299.9654743643114,-52.09568763305893,-295.3542972000523,-750.0692261907833,272.9460320682802,99.30126586531367,-899.9719692578175,-199.00975716739828,166.97734803201578,-1050.0059828244912,-34.46695874799351,-195.45536659123138,-299.96956483293496,281.92480928684245,102.64736840748517,-0.027780361276855268,-229.79894448444927,192.84294644176626,299.99620366797086,-52.01429226914696,-295.3695714177276,749.9886062728813,281.8486241175192,102.55483837803084,900.0009104634058,-229.86030219089227,192.7718387385736,1049.9826325209883,-52.18104842794333,-295.44947343352544,-750.0614665240563,272.9539113021445,99.34964588383808,-899.9167960702181,-199.0275044658067,167.01557209672796,-1049.9541142146209,-34.554155246517354,-195.44140866359558,-299.98122285171814,282.00229035667576,102.58255584753205,-0.01247451811828793,-229.72026735564,192.7977640045492,300.00105148914025,-52.02621620462873,-295.4225825849942,749.9810266112218,282.0035811960861,102.59591931537109,900.0690533462797,-229.7283775928803,192.76475091974305,1049.9660437259038,-51.983311425210324,-295.52961343258045
calibration_00011,-974.5366184989881,-35.7869981927951,178.64000303009274,-1169.5910663969773,-495.63963540724245,195.95219411675876,-1217.2324739367673,-316.5331152207601,-186.97316942441867,83.95284668880252,195.99132943660325,-107.70695642598358,290.04534739736255,-363.10909271157976,-178.2421236689357,652.022496094742,-98.86015671480875,-577.1190083071751,1273.786487207979,129.5152151348875,111.05810714395899,1412.9499889330039,-381.2928321755049,221.59724830450466,1552.1702679814402,-231.5441082104212,-279.04569069556777,-999.92485237795,272.99216073169316,99.42267863365049,-1149.99802254568,-199.00755622884955,167.13067618934176,-1300.0127045032277,-34.42665078388901,-195.29275977728912,-299.97263766500754,281.8741013913885,102.55007985532093,0.0690878951771936,-229.77558662984177,192.84782734019328,300.0416516809156,-52.09670804084619,-295.3937997738889,1000.0059492916183,281.96024843333953,102.67620823505287,1150.0391270328585,-229.77621207835236,192.84137533648504,1300.0468513691849,-52.04893301495553,-295.4043212473122,-750.0498662866407,273.0180723812475,99.24558170291611,-900.0038328808625,-199.00616328746497,166.86641662018005,-1049.9474992065748,-34.40992348069277,-195.5057583234888,-299.96326882837957,281.9279944793166,102.59383184780765,0.08695916989696152,-229.77175821041666,192.87058725313923,300.05010956153393,-52.10040092945928,-295.40510954989617,1000.0596204387674,282.01371287276567,102.7171020257688,1150.0089687012019,-229.74703130661905,192.9167701227833,1300.0399623609376,-52.02536172335666,-295.4024678274528,-750.0345790189003,272.996182182472,99.3109329516766,-900.0089052800438,-198.99091157965486,166.92313194891514,-1050.0021574703926,-34.46706588301063,-195.5521774800786,-300.00003007192976,281.91345294705184,102.61549955269896,0.055524567745077795,-229.74581396290267,192.82017793508675,300.08941065077545,-52.08891215099382,-295.3739884630473,749.9259003475732,281.98444273997103,102.64466784507586,900.0206449229183,-229.73250693930734,192.79172500644876,1050.0135147108979,-52.05463728155752,-295.41094358798244,-750.0147282494073,272.9453219126868,99.37879664438907,-899.9491459457317,-199.08438208742456,167.00900557252777,-1050.009008545185,-34.54855801773477,-195.43395344870464,-299.913461843856,281.8285493749781,102.70013260719556,0.1553779493023693,-229.85626678056377,192.8632783338273,300.0325418666783,-52.08411618133967,-295.49326496651435,750.0135208750734,281.86713352194386,102.51773173886288,900.0828726402652,-229.82034625173145,192.74529550780898,1049.9040448527694,-52.0301326347117,-295.60997157527885
calibration_00012,-755.5399433963261,-96.02039820162751,101.51558297796777,-992.2190469226865,-535.8682711074885,86.09423971994694,-1074.4110763697001,-298.5767414639648,-257.1418573465152,-5.984306892135358,107.9296007335026,-70.595924404658,259.41798333342416,-417.6944358509045,44.3704359095267,584.5843235733074,-273.7301123330149,-438.82205754038694,763.5526225732602,49.76980430554149,-22.29345695423426,821.4348151028395,-481.54995574098496,60.1638806737715,849.9169277905042,-347.9647633948877,-463.16807292326956,-999.9400587512364,272.87505034105084,99.3705869963999,-1149.9451309603578,-199.12234180254433,167.01396363631815,-1300.01437936956,-34.52339649035503,-195.3581940184861,-300.01934244552007,281.8505191732544,102.63271141335983,-0.0618233474466199,-229.80570971198466,192.91455395465528,300.0721209975463,-52.080355402112545,-295.34800649135576,1000.0571386738234,281.8618718514702,102.5590873633764,1149.9599380265704,-229.82810804944305,192.73041202860972,1300.112989713026,-52.09707312096276,-295.38021996991637,-749.9647312618484,272.9522190396559,99.22347661917574,-900.0183032224088,-199.08354726433674,166.93507909419554,-1049.9780115781243,-34.5871841392143,-195.50612870451667,-300.0549261537293,281.8614822212556,102.63912242158602,-0.005189513534012282,-229.87271638101186,192.89301327208943,300.02906625868235,-52.1144388124522,-295.25662970857763,999.9693467410468,281.8919598230006,102.63601690454223,1150.0512766759548,-229.81606061948753,192.86045805945858,1300.0418597354117,-52.07166474624769,-295.39338080643034,-750.0393676212818,272.8915632617181,99.31024633191308,-899.9847116657606,-199.07259077822275,166.95475666697575,-1049.9288429955357,-34.52135635955894,-195.51481608543568,-299.9493017476946,281.88622762701704,102.67386116566284,0.02963513791796791,-229.83810778726902,192.89060628906213,300.0486293361469,-52.08223694176713,-295.2396495076878,750.024546272669,281.90705348993527,102.510927949584,899.9407741557444,-229.81488290657217,192.69921464793723,1049.9649381917525,-52.136082716612826,-295.5520357687682,-750.0602346396313,272.9901501943122,99.29551268418729,-900.0545878000063,-198.93940237811663,166.98360707848298,-1049.97478353692,-34.49318470358698,-195.49686753225484,-300.0346877185598,281.9148207274906,102.66053634256247,-0.04809331865811296,-229.8471818155103,192.89986043120368,299.9954355031148,-52.10806763131185,-295.3163788639122,750.0287232013585,281.9283185601694,102.55194143456579,899.9056271018704,-229.82540960999714,192.7118740197633,1049.947459564551,-52.13162300202485,-295.51471848000546
calibration_00013,-913.9865087670377,91.92804827079961,245.04130342397727,-992.0037980573095,-387.24720838467744,363.8357531454496,-1198.7098325447869,-275.0832281965133,9.344866747982817,-557.5998415890022,143.69050450081062,305.77968332423785,-290.28072060912706,-345.31846971806567,527.9866875472219,172.53074784050793,-149.14514273083077,200.4655658830225,1061.1941219364335,359.59845117322004,64.47162743630678,1006.4312347723657,-167.40444992997212,173.00615834907242,1198.5204022364567,-76.34220310630582,-324.2231070245919,-999.9623962607168,272.92747301230315,99.37749722026496,-1149.9840328434782,-199.12191776120864,166.9608358034296,-1300.0016041153187,-34.50243218259404,-195.47725286038636,-300.03797486012536,281.9319446176094,102.67557118056735,-0.05212715003928921,-229.7863625114447,192.82607967582655,299.9945678802682,-52.01695316177243,-295.4828154183605,1000.0309694435581,281.93958656213766,102.67891575064209,1149.9293950337749,-229.81494330895075,192.883312273871,1299.9079557227435,-52.101250085314646,-295.39599550855985,-750.0029527513021,272.93981497438773,99.31360192623313,-900.0263073757575,-199.07807076690753,167.00301213396938,-1050.04849558806,-34.50132033260232,-195.41240811994854,-299.9718056519745,281.9335886599427,102.63849302343002,-0.04262571358409805,-229.81552596075602,192.83316783234253,299.94448058135174,-52.07669556527786,-295.48193176990276,999.956656027762,281.92363165099647,102.62324519314437,1150.0235758840768,-229.85089798035418,192.91556756789046,1299.976217489282,-52.13742525181257,-295.4326992474274,-750.0447026677249,272.8954275717472,99.31430087044299,-900.0008644468743,-199.05806982764392,167.11369339118679,-1049.9942027611428,-34.52282789926946,-195.30430490261153,-300.0054316960866,281.9343480657076,102.56893664797234,-0.049578080998270296,-229.7839644315008,192.80297526219783,299.9893613262236,-52.05175540769149,-295.42830838217367,750.0731105124675,281.9459411727154,102.60263896694339,899.979743702824,-229.8395811544218,192.86537845971657,1049.9670729731251,-52.09783371406163,-295.40812856545745,-750.0227284854434,272.87781294920256,99.29393273447198,-900.0200797920093,-199.13337110996844,166.94002521550223,-1050.0196722261978,-34.53676584849423,-195.50830249850483,-300.0098038895823,281.86926410523915,102.56059071135992,0.03498777845863185,-229.84586543447136,192.76579642623227,300.0329754010434,-52.02029264201816,-295.49553347925854,749.9830483624299,282.00829258513323,102.70330891101167,899.9107054004467,-229.88561920444585,192.8795690673466,1050.0750291502718,-52.11096106415495,-295.39260591043114
calibration_00014,-1164.9808036922811,346.57051303915244,323.12549293492657,-1319.0503592477676,-123.7101947447306,393.0506506646257,-1468.3740822737677,40.76265548269056,30.252840537642097,-364.5497288276388,626.1162262929195,377.8784801251308,-62.44789122288162,116.38529484966365,471.8250730911257,241.9554965877361,295.62764716585286,-13.03890204991004,840.7577998477835,579.771001651462,433.73092250185715,990.8510024859909,68.17680026785837,524.5712017346385,1140.8058892647357,245.329508997021,36.07864370439015,-1000.0389362207079,272.98378420174555,99.35825387243646,-1150.0072575426211,-199.10609047676977,167.0340097971586,-1300.0059091481075,-34.52319220768783,-195.41116005413318,-299.963735079846,281.87353799646866,102.56112142793839,0.036880669547258514,-229.8121983759073,192.7562352299641,299.9783220974451,-52.07992123578599,-295.523811075637,1000.0039647651419,281.7937041203189,102.51554693829722,1150.025959878237,-229.89039212465806,192.73528329726105,1299.9351340706487,-52.146684409888366,-295.52867538896646,-750.0860448403428,273.02495959364245,99.30003859936907,-900.0364032307201,-199.0572888644055,166.92605915690154,-1050.0263295774218,-34.482631451387114,-195.5013102322961,-299.9864504313889,281.84745405053866,102.51962437838105,0.045036791991734215,-229.80940420933254,192.73571420538093,300.03443809839143,-52.080667364444096,-295.60183362813063,1000.0035498563755,281.8434629166574,102.52848305612387,1149.9966260042295,-229.8581920876597,192.74866533301966,1299.9708893506095,-52.06675990595468,-295.5036343829626,-750.0510170086455,272.99770489754167,99.30182353316053,-900.0059781797165,-199.03066981514485,166.98450025717977,-1049.9744895670858,-34.505185228229735,-195.48035073506605,-299.9598664523969,281.8479682214958,102.64263919671735,0.08798662882719407,-229.8307768052627,192.73535832512573,300.01438194568004,-52.05877008129355,-295.61274142605976,749.9376776754324,281.863615730644,102.60008346768852,900.0071176234961,-229.74966098735803,192.90188072534514,1049.9912462766665,-52.06103017284795,-295.3827250379513,-750.0400972683386,273.00172821892113,99.32664647301081,-900.0249000478864,-198.986796559309,166.9474926952733,-1050.0470223996983,-34.37687293632969,-195.51985794525737,-299.9318457137133,281.88124929893854,102.52511255847476,0.057006531193208865,-229.80601447200254,192.74862495749923,300.0145264292965,-52.08924209420732,-295.51605141303594,749.9662833850351,281.92063189871345,102.58451098246042,899.9277719220315,-229.81907520751764,192.8711064312657,1049.923001733179,-52.16665716800645,-295.4671508250194
calibration_00015,-1010.8303264914211,292.15632584035626,91.4370352523422,-1155.6947567264606,-185.60464085944048,67.64115110520875,-1210.80972632613,16.36646320595179,-302.69128198189406,-340.66231451896175,76.66674221909203,421.1416977257283,-187.90524411227386,-503.55477244342546,422.6821191040047,128.28543103808232,-344.0746187732019,-61.68573463370618,1223.9929444660852,337.04228381818984,59.03045553517209,1201.9034783471675,-203.24332091045218,48.41628624835659,1393.9987889056129,6.160529533135303,-411.75508285744155,-1000.0349640551719,272.92667100387905,99.42259648023516,-1149.9687932541299,-199.03687669630764,167.00659337755167,-1299.9648570147995,-34.48424497383722,-195.34366719400356,-299.952626375623,281.91682805473926,102.58254130111271,0.020795552850249487,-229.7969244969904,192.7865963897003,300.0751948319213,-52.10051786649799,-295.46980467652924,1000.0028722032762,281.826279832077,102.555107239097,1149.9310429879422,-229.87439280248248,192.75508075332414,1299.996806550633,-52.20039728898965,-295.44982466570394,-750.006200199833,272.9744116676093,99.36864080289789,-899.9793532317408,-199.06389994547695,167.01979929726613,-1050.0317793172514,-34.45899208519996,-195.31594965774465,-299.91858723624347,281.97373065167176,102.5351988940324,-0.03736617167891514,-229.82018154780366,192.81192270082605,300.0508443042498,-52.01789966098246,-295.40547720396756,999.9537997551352,281.8395161985256,102.56604167176637,1149.9871985646303,-229.8924439722927,192.76511415837348,1300.0243422072442,-52.16294502164069,-295.47783230870044,-750.0307170041743,272.8816441083321,99.36134299490402,-900.0048269332273,-199.06338388379316,167.0063219862735,-1050.0409521013303,-34.426513272965835,-195.39225205287926,-299.98018018357783,281.9153155728466,102.55455124895437,-0.023667506644531718,-229.81293773385073,192.79684008638534,300.05231851795986,-52.021756997791286,-295.4690908187423,750.0597042626523,281.9194839937726,102.64867751369768,899.9529678966345,-229.8768959547278,192.89095468135503,1049.9737033225003,-52.178591020769474,-295.4008184804335,-749.9790137311365,272.9673900485201,99.32713850996315,-899.9757096520235,-198.98248565085967,167.1138410384764,-1049.973869316055,-34.482971623847476,-195.39178277339656,-299.93807028292866,281.9014739159882,102.54205182998213,0.0830260554729394,-229.80428687914986,192.76465505060847,300.032948806236,-52.03591827507353,-295.48422533003577,750.0024154340426,281.89362115304215,102.5662855151172,899.9583843692915,-229.8379152550029,192.93634606895776,1050.0316921533279,-52.13240079894744,-295.4443876187174
calibration_00016,-1168.8027412971142,414.5996478104861,159.8981536453633,-1339.4739993647513,-47.180423051092795,73.67844227394603,-1378.5547099784833,203.46862476621675,-267.61689267636046,-437.37607847811813,41.479032838590356,218.3218623854351,-185.04710200623288,-449.19872710127294,454.1719288571126,70.06584522109951,-486.6404400261437,-87.5876631299956,1189.3485558222153,186.91746698637246,337.01383172355133,1470.5477834121104,-274.4387551422093,360.6982946215344,1509.761418232675,-31.4777611216094,-120.8503975958447,-999.9477510845135,273.0000878992693,99.40952695601008,-1149.982442777536,-198.9980787634131,167.0697999092618,-1299.9800070242768,-34.47146014831049,-195.32481672018108,-300.0031550132272,281.87467631064214,102.62942624928294,0.010831983208413987,-229.7705449319637,192.84277502181433,300.03149541052517,-52.07040584320736,-295.45270701790236,1000.0287148814735,281.8819078707896,102.64084329939867,1150.0535780923658,-229.80575591026016,192.7675362802675,1299.9287883559807,-52.098771864559254,-295.49454830367443,-750.0060628442388,272.936997979669,99.3326217229811,-899.9695958988261,-199.00891280352172,166.97823676016685,-1050.0056366106373,-34.506472138977,-195.38365580310668,-299.9940842620142,281.87736036525166,102.64961225934337,0.026203949656350832,-229.82285222498567,192.82686782959004,299.93742339238895,-52.05592254514547,-295.4583815540268,1000.070676648861,281.87523245633565,102.66549216167972,1150.0048808473089,-229.8944300751837,192.84663634341786,1300.0017251731633,-52.14949407229408,-295.52058692663155,-750.0353573919846,272.96808057317423,99.34187415353816,-899.93488662109,-199.04776374942813,166.94978894320647,-1050.0366397165683,-34.479898687997206,-195.38192557515833,-299.96875190687615,281.92244487139703,102.64051734733003,-0.04915445627269196,-229.89838142837633,192.77804138791385,299.95749030064206,-52.030645766888796,-295.42643428912777,749.9545202993099,281.8771185519214,102.57281233184737,899.956897376828,-229.7177463788465,192.85213429520186,1049.9319431865417,-51.98705775267086,-295.4087104050674,-749.9513645026007,273.0609634574756,99.47897385210449,-899.9417779267523,-198.92482519840283,167.051789960379,-1049.9922400572354,-34.399083908615474,-195.36477211945538,-299.96738038898275,281.8904636649061,102.65718656982413,0.01870146076118863,-229.8742238119023,192.8629184990152,299.9315638186147,-52.12924378296071,-295.4094740482784,749.9103499781748,281.83201843928333,102.540639672313,899.9770846267381,-229.84438972872204,192.84913184534992,1049.923734783414,-52.12323643260485,-295.44904812760325
calibration_00017,-1029.8492193237298,-128.49341261556228,382.45107772142876,-1348.828711726064,-512.9142466508998,398.8375160818724,-1396.0095164515403,-281.67522732622706,44.97186844537553,-231.78369007627595,413.40574998515814,431.70634367431836,62.59487027159103,-105.73261833959718,493.64349128313853,377.9062788114117,104.13544385858582,28.355168742525883,906.3802878715829,420.92658350286297,246.27998245900812,996.6589752793576,-74.36433605817322,443.84600022575364,1244.7191220699654,9.133453968128938,-29.42109001241296,-1000.0012619739418,273.01848895788777,99.27214640780835,-1150.0261401093296,-199.02020000735993,166.94342919785595,-1300.032535278338,-34.36767277726957,-195.50452049050335,-300.077741158503,281.8925361046714,102.60231265263124,0.04672381877235977,-229.7892454769003,192.84299542288937,300.00304190102236,-52.0024998155276,-295.4622194826461,1000.0697275556386,281.80881542705987,102.66865839790665,1150.0377372108287,-229.81096660415366,192.82973681505987,1299.987855467578,-52.147591636187656,-295.4086082818604,-750.0027557839694,273.02955277373525,99.38552352423612,-899.9957669983252,-199.0487004429221,167.04381782273447,-1049.9848376303496,-34.45879736784922,-195.34362339168132,-299.96431359004106,281.8691873206514,102.55919726458734,0.03574266495577578,-229.8128727125106,192.85705285798346,299.99882237204514,-52.02634884546157,-295.44178062012867,1000.0142965981945,281.85320253101577,102.59295043175248,1150.040283680179,-229.86974712066356,192.85463271422432,1299.978069196794,-52.11065070690309,-295.41885964768557,-749.9935341772315,272.91542070162944,99.39348988277649,-899.9656680513738,-199.01833578504858,167.0474526430267,-1049.9687515304968,-34.50170040741034,-195.3887232079422,-300.0748745329337,281.9105519639647,102.59635749085969,-0.02687825444402788,-229.76870526015634,192.83142393587582,300.00150760200796,-52.028002435797,-295.37956927288894,750.0765602757582,281.90638740648365,102.54191009677764,900.0493729724666,-229.86216385888977,192.80335479199013,1049.9696037308393,-52.1570751079334,-295.44281565351565,-750.0816185908456,272.96822601958655,99.37529777212409,-899.9788449935082,-199.0417777986271,167.0297140833323,-1050.0109990687836,-34.50949652521209,-195.38142928738694,-300.0892094484713,281.91349788180764,102.56447375764692,-0.039290025661294324,-229.84311741366486,192.86237266172128,300.0276341250646,-52.046587957020286,-295.4286007893419,750.0495147703153,281.91279609599616,102.58200388065845,899.9978829504402,-229.78853413141823,192.8897469467189,1049.9869320170626,-52.11505056659365,-295.4141422548943
calibration_00018,-624.0721679121714,-51.880373540047486,0.956246148208264,-831.6695873123405,-501.5031863962605,68.40380755184755,-960.3547390980851,-319.19067758802674,-293.7353268934005,-227.36119105442813,445.40689180822227,235.2071135125896,95.0085226633196,-54.88042096902637,310.720525751676,349.1579838282696,121.21058312674602,-203.43584298852193,1158.6315777931823,3.262749037052756,-282.75423220722473,1238.6396288796464,-493.7613753801124,-85.07182769076115,1503.3043349971665,-409.481971274785,-549.0730993551153,-1000.0242358420026,272.86825865659716,99.30956201587848,-1149.99822668066,-199.07643005729167,167.02090604484192,-1300.0407939008792,-34.535957419611535,-195.3910643061516,-300.059845050388,281.9287929253183,102.56796715060457,-0.028310761204742442,-229.7742198778742,192.80037491760737,300.0642821041885,-52.036709188977675,-295.3793397314732,1000.0148293888959,281.87444462851306,102.56012901154828,1150.0039595156047,-229.90697355062906,192.89373825806857,1299.969299766366,-52.162345085637526,-295.42906869599926,-750.0207854589494,272.86525941590344,99.40159810494896,-900.0019554609488,-199.05994255912873,166.9771908832825,-1049.995616132166,-34.497576442557246,-195.37593226399977,-300.0062208306439,281.9738899582419,102.57719604059332,0.010866134194336857,-229.80992754542336,192.77969525875002,300.0613334406508,-52.011271269452024,-295.42019063480336,999.9016586484943,281.8505039943342,102.65782423098997,1150.0534137808902,-229.84830012536915,192.83668395148965,1299.9261099640873,-52.12175091606881,-295.49555331041114,-750.0060118199204,272.88073941858704,99.4362807858141,-900.0164314063868,-199.08474412396143,166.9851683088104,-1050.0245921771857,-34.497337274713,-195.38744866354426,-300.0347375974876,281.81331139344906,102.51096699166206,0.03669929308165976,-229.84362669896106,192.85989606443565,300.04078155324174,-52.011315252516,-295.38859870344606,750.0671329040728,281.8926164845272,102.50901908533271,900.0328510172855,-229.83514175943864,192.7988214739475,1050.1087014053867,-52.14486047699342,-295.4655123036845,-749.9384036343964,272.9696541225894,99.37702713299151,-899.9809809733617,-199.0844839546304,167.01210383094534,-1049.9219575110612,-34.3886755955979,-195.37362803382965,-300.02381692758354,281.9481856746244,102.55691440970419,-0.00456557366312711,-229.75018759976538,192.83642084829197,300.02934569816796,-52.02367715097132,-295.45128807141657,750.0937109692321,281.9255250411554,102.5085042119231,900.0705065125047,-229.80056402318803,192.77617338442798,1050.076511867385,-52.13103825156188,-295.48667567907586
calibration_00019,-1230.2389907859497,318.24186329512946,-203.18144735915996,-1436.9086043975478,-130.37133316257214,-126.43598369879263,-1571.2166199562669,47.17489535549122,-488.8632713037181,-585.3546586289563,455.4088180541845,387.92524005563274,-269.9820815071524,-47.942779293123415,472.4627127567689,33.78666677238885,151.6527008307609,-4.89040467005591,916.483586882919,503.0216636183879,157.23545966567838,1059.09937196345,-10.72527894519639,247.68422115409328,1216.936605779723,166.47910638229803,-238.29754164607957,-999.9128612929535,272.993827166987,99.26567878364372,-1149.9497003076897,-199.10560411656672,166.89058340017024,-1299.924169059248,-34.44929639392256,-195.45323696366623,-299.9786331701957,281.9579290702284,102.5897581814909,-0.10198785700797107,-229.84228059105425,192.84579868273306,300.01510697443086,-52.07045099093442,-295.39784305761737,1000.0775560138769,281.93685400694795,102.69517323571662,1150.0340408546592,-229.72044963712463,192.87938201996602,1299.9131843505445,-52.089873200625476,-295.3653271038907,-750.0109715221571,272.9647727863187,99.27296696849778,-899.997802657672,-199.02594998043298,166.96721200131017,-1049.9731927318333,-34.48022061019628,-195.47146469403734,-299.97714473662734,281.9322620984438,102.59728388318145,-0.05974120696315955,-229.85604396395405,192.8488652070824,300.03491086557125,-52.14206858217514,-295.38827736749204,1000.008257302026,281.91007607555076,102.69347984132826,1149.9761948727505,-229.77257048588052,192.90146783409645,1299.987650961138,-52.08235407534537,-295.3684359119163,-750.034384998165,272.992022181335,99.32696729719268,-900.0922594132372,-199.03144266703984,166.99206925172368,-1050.0193272504648,-34.490803110913376,-195.48460786585093,-299.9928804342301,281.9376485570731,102.59614003136248,-0.0880699867016588,-229.79021389361003,192.8547284089673,299.92755465571,-52.11406348944578,-295.36098832884977,750.0435608749185,281.99963598050334,102.56416812139693,900.0334666235723,-229.7538513539708,192.7676976978166,1049.9822968655153,-52.03013810749252,-295.48877659450056,-750.0548718954615,272.99178579501887,99.33775874408656,-900.052951075455,-199.00021563985055,166.97088841243584,-1050.0034986154117,-34.39340953229595,-195.45297234617658,-299.95085027610395,281.9394389258531,102.64251874062943,-0.09731309747725989,-229.85486014138556,192.8478771778238,299.98520575750547,-52.17407604868189,-295.35464203827013,749.9661182548713,281.84396837193265,102.66441886478687,900.0596198670423,-229.8384833244442,192.8385939145439,1049.9700959598408,-52.16873705678771,-295.4393057867323
calibration_00020,-978.9970912484443,175.76572514484602,176.34461098025594,-1136.135354828482,-293.45024445695,246.67875501639122,-1285.444922162641,-127.9705102319086,-115.54437892514692,-447.69852906423705,460.14209152649346,-14.41451611440867,-161.90464318693776,-60.8240134359185,68.59428168983088,155.9686582615094,124.40912171836572,-405.3918912299661,1268.4680960623339,566.7415419053984,327.52138284867806,1274.78482593023,54.22488152424027,500.0818849515901,1494.2565849436955,111.13226266400744,9.09878898251937,-1000.0032530887887,272.90363394964356,99.37361743679229,-1149.941572600842,-199.0466596779245,166.9802119869219,-1299.9423872765738,-34.486290119582506,-195.4033147337506,-299.98693459975624,281.90278945477365,102.60580943126348,-0.020131616076745806,-229.80155618097325,192.79812647193492,300.0313418901028,-52.055756092352375,-295.415569633881,1000.0401341361797,281.96168986610337,102.64304771227307,1150.0059160126914,-229.78971700551787,192.86034426231382,1300.0559281884355,-52.034712212148904,-295.37941425596534,-750.0562755199593,272.91282559985143,99.33267473587023,-900.0485745066977,-199.07630704113515,166.98113537284564,-1049.9648194407184,-34.501280034949474,-195.5326788930022,-300.0103531415208,281.88150098231336,102.66222971526861,0.0052569808908738865,-229.84438444796007,192.86152819984517,299.9956356400852,-52.037033468738606,-295.3477047708922,1000.0352411782101,281.8892707476358,102.6460684132362,1150.1072254541004,-229.80729133252996,192.88068678784526,1299.9727394310528,-52.05195912028306,-295.4183270051807,-749.9923597901964,272.95644535966,99.33546911863239,-900.0193955842819,-199.06608569765064,166.9838281961106,-1049.9467150573767,-34.47112040272151,-195.47626403940384,-300.0208856311431,281.8922128340353,102.65903681515185,-0.029709293843603407,-229.7998822110859,192.8079288197654,300.044598238832,-52.0664266809393,-295.4104814662725,750.0164706977023,281.9547564598385,102.60945343845296,899.9904040625222,-229.83209822777877,192.82189124657663,1049.999984454707,-52.00201841148145,-295.4866559134357,-750.0210451424867,272.9819847697461,99.33844041465345,-900.0886713574158,-198.98985142385135,166.9987832001071,-1049.913182470946,-34.46557456524751,-195.4734427007989,-299.98358441355276,281.9779860018721,102.60514524457498,-0.04392313172853478,-229.80116294088768,192.87474484911527,299.98463417589835,-52.11078838773488,-295.4691689605043,750.0891047646976,281.8825540407362,102.54563620058255,900.0118611915068,-229.87876241281265,192.7902629039998,1050.0253866925293,-52.11041879374354,-295.49642894072366
calibration_00021,-1258.8678258828427,32.524260773787624,98.68654182841199,-1280.1194570721739,-465.6224623529696,133.4087471953529,-1406.6190508515376,-326.8589576188611,-248.27640298658167,-5.447697699031592,51.271705425404036,489.7875860469392,318.91598102953776,-442.00495049939354,382.46232485348236,462.5463323275138,-147.06814239789963,-119.94690606857658,957.6523935885962,296.74243110600224,427.30554468441244,1139.885564690905,-210.08731988914872,476.13679309415,1296.5039123047757,23.67556201677287,14.36198734211837,-999.9524061873158,272.9294531788454,99.40894939396658,-1150.000520857443,-198.99831563645452,167.06084554323962,-1300.0482493093991,-34.44862354490494,-195.3579520974389,-299.95955696632785,281.9549700047885,102.51821668822163,0.0435579263545513,-229.74632652537787,192.79890489886446,300.0373016084476,-52.0703946532279,-295.5330811111899,1000.0711714853138,281.939027772845,102.63003694940255,1150.0573413505685,-229.8104396763138,192.77318622093398,1300.1130541771497,-52.074138907801306,-295.43756557743205,-749.9937194411533,272.9691053429664,99.32269134655643,-899.9901332278198,-198.98992162787124,166.97759786983116,-1050.018867654162,-34.48143676661046,-195.42947715566757,-299.96722602872995,281.96902962667406,102.52150583383892,-0.0014290156718939438,-229.80745155513466,192.7927213042939,299.970225255172,-52.12483803928387,-295.47189689039186,1000.0523967861237,281.92492696045815,102.64272640898041,1150.055967988209,-229.82694607728257,192.84222639551606,1300.1126869151963,-52.06353629713382,-295.4010423472957,-750.0569270267592,272.9842307052337,99.25209303349897,-900.0261871226793,-199.0350120413201,166.9361799072317,-1050.0470919232414,-34.47307298461342,-195.444193193356,-300.0808509067648,281.9316498131205,102.56861797026356,0.013658524925980338,-229.7771022422903,192.82220141112307,299.9850844557071,-52.14790402774328,-295.54744738863496,750.0127161472603,281.9571377519666,102.43698329415626,900.0308058583046,-229.79661419389802,192.68373476173105,1049.9728189677198,-52.03836927456943,-295.63337874497955,-750.0217485550103,272.9170307938354,99.37693872081849,-900.0305501454391,-199.1411074957195,167.02974162085417,-1049.9606814764484,-34.47605862760823,-195.3729524431085,-299.9982247905276,281.9003249488859,102.67963018978904,0.029723239402424467,-229.7852789560491,193.01286152476936,299.95127623096573,-52.15006486612025,-295.33482163959195,750.0179639731839,281.91794870900446,102.62622448156195,900.0738098153547,-229.8298034137998,192.80705842699746,1050.0140102425135,-52.08326091687515,-295.5281722324973
calibration_00022,-1178.739320899056,114.99114831930576,345.4893694526099,-1302.5891204232814,-367.4177830196644,387.25685070258083,-1508.2207686296251,-177.18429744048325,67.27455177247144,-623.8465700328071,325.266464631525,166.81267502281722,-374.1149287597288,-220.2183601797455,171.3323770130577,-20.05697990187161,20.842812209058742,-248.88039510913737,1402.3247536688332,330.916642489778,-20.5361366205282,1476.122859356123,-204.44977255278988,0.07508437397097988,1574.865765063648,0.28859600735832497,-490.5733492509756,-999.9019025961377,272.8737635923394,99.36030753824133,-1149.9268919456877,-199.08888609964097,167.04163063424485,-1299.9890167234214,-34.538295761609575,-195.39735113854593,-299.95058046704975,281.86970928076573,102.65334774336787,-0.04891792216154223,-229.83546995034771,192.89665640090647,300.00002943749223,-52.17194882733648,-295.4715202844226,1000.051030886817,281.9486767745498,102.63245335602173,1150.0777241695407,-229.7293015324569,192.86652713302638,1300.062299483674,-51.98546484811771,-295.3872428842233,-750.0105622510241,272.97823690598284,99.36112178715435,-900.0398286305184,-198.9591270912893,167.04145142263962,-1049.981957240966,-34.389960262428886,-195.43934249449345,-299.96830153524957,281.896889928691,102.5710556871239,-0.03940549122928846,-229.83757053635395,192.83307958125798,299.97010295111664,-52.18359935122685,-295.3814389567869,1000.033885459987,281.9348406298071,102.63054425905615,1150.0875092646013,-229.72169004013546,192.87759998496344,1300.0780670682595,-52.0102660123413,-295.3520124903988,-750.000138023233,273.01403445220274,99.34553011339742,-900.0889503850179,-198.9261256244158,166.97065269193297,-1050.0141074207863,-34.43290091128132,-195.4111531903119,-299.8950225525733,281.8991691044109,102.63431081243301,-0.02065509357787329,-229.85598466526915,192.90895561109525,299.9864499036613,-52.18561808068777,-295.44618142715217,750.0326657528528,281.9191678785788,102.61937433059232,899.9364483024085,-229.78699926426674,192.7795522204087,1049.9627101643018,-52.08954227515647,-295.4947562185083,-750.0857444886789,273.0056882007368,99.30880935459645,-900.0418513796677,-198.96717334081364,166.98337743399867,-1050.0055194751544,-34.461592557768874,-195.37058780247418,-299.9692183171748,281.87625294140446,102.69758649635558,-0.031078171296888522,-229.86717040551326,192.86093592197503,299.9346542487662,-52.19505414959521,-295.395504153597,749.9720664782168,281.9503538220562,102.60397076650503,899.9542254236165,-229.73852131720272,192.81021813832427,1049.9708092069475,-51.93697679014241,-295.44759575374127
calibration_00023,-1217.2614337974173,469.2432084047161,-183.6790153010735,-1283.2625232204691,-12.144963001914613,-66.25631096370851,-1493.9980296706324,96.23317135866183,-419.56221287074464,-4.926442720851875,292.0737669466327,-221.5804835730772,233.3225527044869,-240.92059006992216,-83.2686499805948,612.3257818700735,-102.32533121446318,-527.302935377696,882.8875377762134,523.328819921191,532.661594155106,1070.7531009159445,23.528669780414496,446.3247645160505,1092.6533648247732,333.4425492283628,3.5828167702110147,-1000.015453465135,273.03153897180965,99.32438628413105,-1150.009239532009,-198.942277637326,167.0407615892876,-1300.017383731008,-34.39310256841561,-195.35464403707599,-299.9345939088061,281.93276444070597,102.55434048054865,-0.019089407287380192,-229.73830003160245,192.81684953284906,300.03173484512297,-52.14886837804725,-295.46356702903586,999.9595566036737,281.8401937750537,102.59786411079126,1149.9494726616754,-229.92285916053365,192.80995343473387,1299.8288947824324,-52.1338154928653,-295.5421872468964,-750.017939272627,272.9125855575473,99.3339254299615,-900.0047078442635,-199.05530147839852,166.9649509340176,-1050.034970426605,-34.3683700054348,-195.39122136799688,-299.9574763186891,281.8871466403563,102.57284611957981,0.015386382328228195,-229.82180902820397,192.79875463610338,299.9832255915594,-52.090583196024795,-295.4775854838938,999.9835923224022,281.8393813012474,102.63042501439934,1150.0014502309175,-229.98207144882664,192.782003833753,1299.8532526323813,-52.15750112633699,-295.60503737934084,-749.9955125933209,272.94725766209604,99.36767374035324,-900.0018644632971,-199.01113013044997,166.95370647056617,-1050.037068419148,-34.40838800868121,-195.46396707774824,-299.96010979520196,281.94541612742756,102.64119158533707,-0.003661246914518662,-229.81099216528844,192.79910608747,300.00356562181753,-52.13866313309619,-295.4218308875993,749.9828956562251,281.94774546827955,102.51518957689508,899.9119951399471,-229.81216039326918,192.8903296775246,1049.9701056748108,-52.05934640348703,-295.3564017593327,-749.8984153757839,272.9756397301405,99.35657591698937,-899.9597193112845,-199.04222793416403,166.95402088780475,-1050.0146232171692,-34.438713045437126,-195.38763682936232,-299.8963987216533,281.84764780442015,102.62103843346543,0.05935982744841819,-229.81012189090848,192.74616033573483,300.04172823179493,-52.16068637854549,-295.5825361725751,750.0225253746179,281.96380229259717,102.54165614882383,899.9776794698228,-229.82688044149253,192.72947498854333,1049.9753491385932,-52.104225868731724,-295.55646260857935
calibration_00024,-1066.856711641331,206.66155159222072,487.6776478825827,-1301.5821890758866,-234.6313597850757,484.71287458448916,-1340.6030034967187,-30.828542267699962,113.42701523321904,-593.245374694565,321.5164543373531,172.37749207566318,-336.468639073524,-151.97611908386352,436.5892784392675,128.72464017757852,1.9933322635604336,90.30574410095906,662.2760765914886,627.8494093886419,185.9009299688144,815.4106094685919,116.74475463311475,274.5526487686016,966.0042617625193,297.63570885322247,-212.31598412717426,-999.925656540235,272.9483066787014,99.30248174046041,-1150.0151638331713,-199.04262480511474,166.93246079809958,-1299.9163107492152,-34.46240676213306,-195.48027745699352,-299.9626934482641,281.962149692602,102.65633339746174,-0.027231278255394564,-229.75423450009725,192.79718428113404,299.9378774775619,-52.05889834216401,-295.4650961318876,1000.0119240124955,281.97838618458786,102.56370568685296,1150.0854831314002,-229.72180007598152,192.812710694882,1300.0649181180104,-51.99938119620063,-295.42230087744605,-750.0389603413856,272.98189781166906,99.35253289731429,-900.0118054520651,-199.0689683540293,166.94034794864075,-1050.0214423064592,-34.49161914225495,-195.56883313826506,-299.9864094892587,281.9617770457096,102.69273878503726,0.0036019100308764124,-229.7973011069194,192.80923261527042,299.9159827112462,-52.00968134288058,-295.4550210551701,1000.0163516519863,281.98031229253786,102.57042728870468,1150.050311413044,-229.70802689394822,192.82270715099665,1300.066842492288,-52.011015644826614,-295.4817672090078,-750.0355195664326,272.9351611195298,99.29041067153986,-899.9917073144593,-199.07838337759384,166.84595412000186,-1050.018195530396,-34.49368468712916,-195.49145145409116,-299.9782921574435,281.9658736165061,102.606560861055,-0.047491502297301716,-229.8134473570591,192.84204402130717,299.94927704711847,-52.02248045653186,-295.45076241261347,749.9864973179351,281.87726789165333,102.60672800993986,900.0344486590737,-229.89145155665244,192.7539915502262,1049.9320337397219,-52.19364949244905,-295.6278340111359,-750.0582552195007,272.9020063598055,99.38517693814748,-899.999140161446,-199.07711399134817,167.01878280894857,-1049.991053049162,-34.523384048179004,-195.41608921514467,-300.06362096111917,281.94445586895426,102.71852719628879,-0.03928775567494788,-229.7523270007413,192.96994665198739,299.949179281427,-51.997121750460785,-295.35344984845796,750.02193183039,281.8799621059645,102.64887383511659,900.011889118793,-229.78323785184187,192.83662030287897,1049.96751068734,-52.11616677918044,-295.4302487533971
calibration_00025,-1133.3509338863985,34.420093232078045,-78.39034459318154,-1440.7957617636714,-355.5832464425878,-22.04624498229398,-1482.7807293567528,-173.39441182278756,-404.0957077006265,-406.2588614101374,294.17089308633166,311.249312011735,-137.06740145827712,-235.93352354327237,391.74003463586433,196.8157882966912,-51.92069077573113,-71.49890453018729,965.2011639821077,394.52203848760894,202.52787637156516,1094.000926530856,-113.21287073899909,337.2309099566805,1235.2749389410694,9.642513866285341,-170.1933014325655,-999.9308902484775,272.9404591613119,99.40705994963325,-1150.024185936719,-199.07150858828575,167.03156353591035,-1299.9333728677102,-34.433792601032984,-195.39585057745228,-300.02744239589555,281.8417130768039,102.62903791834526,-0.055516734680906905,-229.77092138975502,192.82273350236102,299.8810257661118,-52.07379803000797,-295.4918371844783,999.9699270518416,281.88696911246285,102.58618043495665,1149.9365420272882,-229.85829450383088,192.75561695390684,1299.950514041951,-52.158739185080705,-295.5270793027741,-749.9387881839189,272.9718538105659,99.34614167766284,-900.0381231632468,-199.0226897361296,167.0370534467148,-1050.051796479762,-34.43489826229373,-195.38495188871664,-300.0147022070732,281.91620999066544,102.6447300298308,0.026276117275218232,-229.7473582859022,192.8344789256677,299.9348133817631,-52.106061422483265,-295.51056155416944,999.9719264379276,281.81924643735624,102.57656858665875,1149.9722739062743,-229.83841829165044,192.8249033224631,1299.930770248816,-52.14527010971654,-295.49350434765995,-749.9724618984483,272.9387077917869,99.3295694680585,-899.9947538128342,-199.03970508021865,166.99804503094128,-1050.0784451997117,-34.42823340999597,-195.39488068321245,-300.05308540922476,281.88138384720025,102.66885893965248,0.03457810636019605,-229.84045789751204,192.82389698156453,299.91968080649184,-52.0909462277531,-295.4831554294029,750.0792795662384,281.8675564992378,102.66239499581178,899.9622931791171,-229.79485283768204,192.84199678888845,1050.044415366946,-52.058041084850466,-295.4429365885466,-749.989539414293,273.07444444758823,99.30038519479129,-899.9899220969804,-198.96601446672528,167.03498477309512,-1049.9958057525548,-34.43199048307546,-195.38182493567516,-300.00546527304954,281.96417856845943,102.62335013609867,0.04838820822202261,-229.7807242553711,192.82400143974058,299.97477542062063,-52.067609518729874,-295.48455548704345,750.0838624020325,281.9495055511513,102.58223842572498,900.0061714465585,-229.75380801260158,192.81522216771748,1050.0517989552375,-52.0615107483192,-295.40301732141603
calibration_00026,-745.3226131506401,608.9707345171282,115.30635411766337,-931.321111276544,157.69227502055443,223.08191391890267,-1083.795030617359,309.6100193710557,-143.8119944371761,-540.5910851479983,587.8599306522032,341.2047270437307,-196.68125649322138,112.19420864342283,465.88128621520065,93.93800356836664,287.2587672125361,-28.94623918210664,970.1863348869737,253.5070807603201,103.27230974453624,1042.2703813808535,-255.81532368756098,270.352556075257,1297.2110766375413,-151.54040810596067,-195.10333530439982,-1000.0250254179662,273.0019429607262,99.30385580815458,-1149.9557197773715,-199.0184065732235,167.01743077123024,-1299.9758559851543,-34.47074702298392,-195.42834336123087,-300.0675701842736,281.8918625919062,102.61066026355044,0.02197540831395022,-229.82603849272488,192.84886551754605,299.99292733807226,-52.01862299898333,-295.4150635136785,1000.0088149486552,281.86679205681526,102.64247579378424,1150.0514287621486,-229.7496370818252,192.90121248732083,1299.9169362767786,-52.10762404286353,-295.39521653130214,-749.9760916651577,272.93758214066776,99.40264298647953,-900.0451897384806,-198.9805083309226,167.04102991133692,-1050.0466820806616,-34.39945267374678,-195.3425573165305,-300.0758681763024,281.89037693586187,102.62968366399964,-0.01987692082061871,-229.80671763555873,192.87054009015662,300.0034581077062,-52.10622495329159,-295.44565293091534,999.9768749429898,281.87707013250844,102.6211132679483,1150.023124126277,-229.82206589272525,192.90057053081327,1299.9987793601395,-52.11638594535303,-295.492036595081,-749.9420725920158,272.93568717729994,99.27945554211988,-900.0880296322661,-198.94409406211233,167.02768866411137,-1049.9724434618015,-34.3940859554113,-195.43068054364903,-300.0298782379508,281.88257415220795,102.59045166828336,-0.013832699561580633,-229.8071855593974,192.8205020056694,300.0355601289483,-52.03687207763945,-295.40861215486655,750.0445969636913,281.9102419124478,102.65692013673754,900.000553658479,-229.836523126383,192.90858872125253,1049.9661534493403,-52.11064281542976,-295.3835935540081,-749.9429119533529,272.89997492033035,99.3849589279142,-899.9866541277539,-199.08808088506865,167.02715426269134,-1049.9619151323325,-34.478248403250234,-195.37811982939323,-300.0308520926328,281.887338756416,102.56829756767236,0.026436207066409773,-229.81934962870525,192.805918739399,300.0295647656631,-52.09434397785684,-295.44868062322587,749.9697722925314,281.8975878944758,102.57983173172417,900.0048739398289,-229.78541085842596,192.86978946188657,1049.9969530309127,-52.10385918422518,-295.4074957652712
calibration_00027,-751.1342898864041,588.2837706290024,361.93351246954967,-871.9264593134325,106.93249453523775,421.15155226511223,-994.4625926122707,256.55451268546454,42.38507904095989,-304.2051706728462,402.20434260142247,110.00879413708635,80.4120568529708,-51.81854409617246,33.232543143853505,276.2105051938891,289.6609595554084,-419.5020335544771,1291.4765394904084,510.60709717359657,-19.57192680870128,1412.1599432795326,1.7222338501172574,117.73934942197728,1552.0218991759366,118.57403563153883,-391.55668228150574,-1000.0571537895784,272.8869170276627,99.3369371931559,-1149.9974155466284,-199.0937156841087,166.999449795899,-1299.9128867501004,-34.59533431577203,-195.53608112509175,-300.0457048972054,281.9604927499916,102.61502685938713,-0.04989445574425125,-229.75732985396715,192.83572781501988,299.97420061707226,-52.14949128100356,-295.46901344006653,1000.0606475892666,281.8824683065241,102.62817043776583,1149.9747382552207,-229.87866823473425,192.82836857241037,1300.0001929471566,-52.08978954419112,-295.53798386876247,-749.9398418189592,272.98972515683954,99.3786839413413,-899.9130589957027,-199.00629717689407,167.01684435302082,-1050.0143199022111,-34.425157869330825,-195.4123222168882,-300.03928111728413,281.96542733736754,102.50155661396644,-0.047501022602744455,-229.72582821955703,192.82983295101246,299.9933008803426,-52.06879389206864,-295.414020225645,1000.0862974270793,281.84429501974876,102.61386695107684,1150.0507514921353,-229.93481625182412,192.82002924176444,1299.9667632977387,-52.11765956271899,-295.5069506373595,-749.9889228553883,272.98657622090536,99.41965386316527,-899.9510715489637,-199.03181563459762,167.01109704624227,-1050.032556112687,-34.427008994131086,-195.41718188089612,-300.0816956638896,281.97473753710614,102.58664271905201,-0.06025572968607774,-229.7936291999302,192.88027059646853,299.92869312849507,-52.1074574451617,-295.43697519109895,750.0099883696455,281.9417387767062,102.54945384038213,899.9849513329929,-229.7454064258547,192.82176119236783,1049.964367939782,-52.055900802152735,-295.45250530982554,-749.9394396952661,272.98002380884157,99.31975276599186,-899.940562706908,-199.05840588514343,166.92168026479894,-1049.9907510297915,-34.44677018927613,-195.45976879938982,-300.07815892311754,281.9470834378448,102.62298876133461,-0.05708151440899003,-229.79394139979644,192.83628913490367,300.0120011098107,-52.13540566418188,-295.42556945119856,750.0143855564556,281.89489970534186,102.55685220616468,900.0394118833245,-229.73254177360258,192.81745106157618,1050.0308797436694,-52.060251846463295,-295.3844655102826
calibration_00028,-1152.5248968230856,365.65954504540366,-62.570382761493725,-1298.5194266752644,-104.13852392148141,-151.0272107786714,-1436.4807292320047,164.82093363711448,-450.4152117038318,-67.73904507239303,496.64010479506874,397.25661984474016,234.79753297006795,-13.553779372255034,487.29210529573334,533.6415499740806,165.60276071696723,-1.251587044212576,792.0781399933779,-24.49370113624819,-49.74247107645386,910.0354299919771,-544.7324441171289,39.512711044227096,1095.1642162981614,-368.26064110944424,-437.03694883669414,-1000.0407558155287,272.96851924752707,99.43384108485863,-1150.0318189601526,-198.93480556580977,167.12676583062742,-1300.0199185577421,-34.37755056231478,-195.35542494606128,-299.9467828619633,281.8661581389583,102.53973961328654,-0.016802965482679177,-229.80544956160895,192.8276969405148,300.0469545691381,-52.09118192400699,-295.42843953467354,999.9721081342257,281.99285236408065,102.65590880143726,1150.0073713238,-229.69780698810638,192.90064361981212,1299.980720463189,-51.89539161420288,-295.3456276762935,-749.8903411622607,272.9672988754,99.30238793460205,-899.8983288245295,-199.01248246545953,167.0354438229779,-1050.027386736509,-34.47035062037749,-195.37965676384528,-299.98105729878176,281.87727615482385,102.52874365834774,-0.09899792973833539,-229.82964972391105,192.7684017632815,300.0197095311502,-52.09125539320236,-295.4500874252438,999.9644264061416,282.0315792249449,102.62320771196974,1150.0495208376217,-229.6868822697026,192.88754414139376,1299.9975049779077,-52.017329481297686,-295.42328308714025,-750.0063124700724,272.98661277630765,99.31931234772598,-899.9829598581804,-199.00567670953535,167.03146956397035,-1049.9699915382755,-34.43195490044498,-195.35441268622642,-299.92596439261916,281.91038292709123,102.58676136985996,-0.06408925585370773,-229.91403125447906,192.78907752503665,300.0103947926885,-52.08511204373238,-295.43502058432654,749.9643197623819,281.85322310220096,102.6019808028979,899.9217372264889,-229.79713898979549,192.78169035677885,1049.9387051060955,-52.09036328134959,-295.4532257112503,-750.0004697480133,272.9500550784003,99.29620060450694,-899.9611955718642,-199.04533796008735,167.1207014220651,-1050.0076132802892,-34.524691959396144,-195.35061371149976,-300.01658272038736,281.8681314391206,102.5827823957637,-0.02332890475644559,-229.82710553002644,192.75344929509785,300.0504436192171,-52.10881673255569,-295.4658972746988,749.8816045083373,281.95235271060756,102.61881820033636,899.9321244975852,-229.77004604047923,192.82596165604855,1049.927062714339,-52.008901294814365,-295.47701706663145
calibration_00029,-757.9743487288722,415.8286208305188,112.02528095680881,-964.7875230857233,-2.4893402203797117,291.1231621788179,-1188.8183658196374,160.6857661641765,-31.526534027655188,-408.54354634315047,608.8186480518547,-100.91969019185849,-96.4688776404243,134.46864727612513,92.89252306952389,235.8862192805444,249.2600751038379,-393.24736091518156,1161.581235152335,473.494654036963,79.35223952058459,1359.6825713895064,-28.412216163872657,115.11672696897418,1486.7061091939386,212.5305852616051,-352.12053143472133,-1000.0276483297707,272.8726484260332,99.37511658115866,-1149.898743358255,-199.07541889946197,167.13589199316212,-1299.951589244321,-34.57161706305307,-195.36098896642932,-300.0524055787985,281.9300312996664,102.62130277568822,-0.09603724562997885,-229.8646206941033,192.84703822692083,299.99976187568154,-52.18712203809215,-295.49783813003984,999.9995692127532,281.96646166275724,102.63879805843486,1150.0177354787288,-229.78388108147266,192.89003917297796,1299.9683350259313,-52.020485701614305,-295.43940553428513,-749.9423148435948,272.97604612458133,99.3508628476697,-900.0085338513287,-198.98078667710982,166.95626690149805,-1050.0232100095775,-34.443738890458704,-195.4322814760503,-300.0107042190527,281.8616040377666,102.54077079495771,0.010039390765258581,-229.85360169281012,192.8690065687181,299.9745041979759,-52.198811788452545,-295.48514340694766,999.9590750450608,281.9307494816102,102.64417966291322,1150.0201851559877,-229.74601461771317,192.84392735203463,1300.0037372848062,-52.09089456715631,-295.3945920144873,-749.9611400936516,272.98855416016715,99.29073157404632,-899.9592491531241,-198.93664509958703,166.98075315428878,-1050.044866539896,-34.38348954463193,-195.40306305343177,-300.00315082188166,281.91022883986847,102.57289375040122,-0.008860274260260433,-229.8499762292165,192.7920129159623,299.9232381311548,-52.21547960341118,-295.491923372428,750.0315973027776,281.89781149364984,102.5872020042905,899.9974118616834,-229.78431569596574,192.84557686322086,1050.0321091470735,-52.118122994752454,-295.4577323058653,-749.9375961441667,272.90385508488686,99.29350717407114,-899.9184734190891,-199.06348346778591,166.98188575040496,-1050.0137213993755,-34.38946712539678,-195.4068893606301,-299.9968434801686,281.8591744760392,102.65928296148962,-0.00414213232512234,-229.89953079718475,192.84783999232528,299.97635274515613,-52.181799614827355,-295.4658665355583,750.0492109854926,281.913472464426,102.68047713885731,900.0789087397177,-229.78285210640922,192.8516944802444,1050.0375486490157,-51.99075450633106,-295.43824345504936
calibration_00030,-795.248355939441,468.98419276055813,390.0822143594909,-911.1589838697055,-12.839857794295,455.21938510008476,-1062.4397641499595,139.2101669539793,87.86844856841893,-515.0269125266249,153.33947738642473,-201.03011442113453,-241.23389213858525,-363.5701030583683,-67.47393735290969,53.97387762564376,-252.00157715416265,-577.8240959096562,1056.281394946963,292.4814132669522,363.53973840534536,1194.227755356737,-210.10062231335485,507.7723981239398,1400.2105117473488,-67.33042840611704,28.451392292455214,-1000.0012369326133,273.02973151035343,99.25316096943058,-1150.0521786165116,-198.95654423269443,166.90898698281686,-1300.0106850931015,-34.377569973741416,-195.4767521469095,-300.1030084396612,281.9008633820998,102.62386676294652,-0.04811516776881696,-229.82586389103915,192.82571544653752,299.9627742836007,-52.16174577646373,-295.5191990557249,999.9119746076848,281.9108908768575,102.53451245820801,1149.9686198903346,-229.82796612293507,192.79653021115362,1300.0010374508406,-52.006279696062435,-295.4743761154736,-749.9833788751507,272.984983840989,99.43313087645652,-899.9393520273246,-198.99442056598147,167.04150583639148,-1050.0391894518998,-34.49143552517842,-195.36301417058522,-300.0907382333958,281.8117005161008,102.54551174643511,-0.03073678201107353,-229.82754737121374,192.86980682251004,299.98897178430553,-52.06734623104333,-295.49628173576656,999.9204555366524,281.9066688420554,102.61473862543413,1149.9578812329978,-229.76369848986903,192.8488785884977,1300.0264741297244,-52.02437800170651,-295.4908109400685,-749.985285856499,272.94624245283654,99.44733259466027,-899.9426763590152,-198.99504635832562,167.06534332549634,-1049.9792901276128,-34.42054230387035,-195.3787350074148,-300.0402080467504,281.8733032433396,102.5587059327116,-0.028591237359390165,-229.81417165920715,192.9292008368888,299.9229658843523,-52.063878932925746,-295.4659603418543,750.0082625482241,281.89411463855856,102.59243881258314,899.9820497210977,-229.9221605000157,192.86278974000842,1050.0174991270708,-52.15779725064727,-295.4431040808179,-750.0020939126345,272.949489724532,99.4094246182932,-899.9486386744971,-199.09322150676454,166.97893793416404,-1049.9280821114621,-34.488887356702776,-195.4521685190617,-300.0302859454039,281.8375378216513,102.51455029958498,0.026676081178906345,-229.8712819394953,192.80121485797554,300.0132453644792,-52.02831341131315,-295.4910786394904,749.983624166579,281.9386366367883,102.6621669393998,900.0083073458616,-229.7942350653622,192.8018385574655,1050.031808028506,-52.098160174126434,-295.41074465649274
calibration_00031,-668.8782257425527,464.94808119655664,126.181329848464,-776.4191084789371,12.669598093650196,309.7271280635622,-1043.4635363149582,126.19852890530974,-1.1984888801609455,-256.6440094304105,318.1205768570196,221.08792888538898,75.1172074533166,-177.81446347914007,284.3188240116701,377.90406801331096,56.62995696720142,-177.6396401835192,825.9021104647974,498.39333429750246,-24.07496734887786,970.8586995656987,-15.153658267488058,64.24051367372388,1121.8975586603653,162.6576078332177,-423.64506961916817,-1000.0877721796747,273.0390088403646,99.41858129114948,-1150.1225655307467,-198.92489045376627,167.05576529309187,-1300.132079782726,-34.35413990630013,-195.3848916690558,-300.00852748910586,281.919299198974,102.63903644485033,0.05620453195101113,-229.81808816421176,192.8845485210856,299.9760465404924,-52.12609578355244,-295.4612066365173,999.9608508756017,281.9313727548502,102.60945811493659,1150.0416895268093,-229.74929159733176,192.83678782931048,1300.1003843606202,-52.02826734500804,-295.4312020224068,-749.8648846517964,272.9187312318937,99.40221603820693,-899.9408720350535,-198.9906664749314,167.0252737052725,-1049.9623474580026,-34.49914738371414,-195.34452831473862,-300.02104300763403,281.8506136444685,102.57776652889063,0.023378926973908015,-229.79812476006575,192.86177583226896,299.9446549179762,-52.116637696489455,-295.4974898296258,999.9717609817109,281.9046989342965,102.55255688853786,1150.0723989852625,-229.78342011942988,192.84208557630436,1300.0431350278975,-52.00624285204773,-295.4551561535242,-749.9093606765431,272.96456030624506,99.40203278755628,-899.8933053705878,-199.02706791090128,167.01696755836693,-1049.9581012899089,-34.529134047742644,-195.37954229216632,-299.9965701545689,281.8578640030264,102.63458773523924,0.053737617228295835,-229.83204400207725,192.7920975607661,299.96230868672404,-52.15168883289268,-295.43156834860866,750.0448433060873,281.966942911457,102.58929238164558,899.9638918595556,-229.76570563517637,192.83783131226247,1049.9765918708808,-52.092756373469584,-295.4315927885535,-749.8898902102756,272.9668573673021,99.4188554006426,-899.9491382144998,-199.03595915889497,166.95595435573568,-1049.9407261886395,-34.35679589650108,-195.4228713065892,-300.03716086788506,281.8895297270364,102.59144712732356,-0.005639362222577207,-229.84612766016136,192.89863943457624,299.9345949691488,-52.1703571308318,-295.49023135757744,749.9945820375472,281.9230946219185,102.6990731758251,899.9688595381002,-229.8418861724475,192.849459720645,1049.9947428504233,-52.129312578142965,-295.3286742421829
calibration_00032,-760.3508722147915,104.11656393379862,-41.86196859777999,-861.5962286923651,-368.26699454930394,86.17416665484177,-1131.6971264608542,-221.35567396660724,-207.62987851443376,-449.0948289326862,606.412964000833,10.093126951304756,-147.11130388498177,92.88705218275418,81.1524248799687,168.86591606286365,301.8905776974382,-384.0922094025685,1328.771113659117,333.2017444812634,-157.25074132497636,1475.318538401131,-185.96845909239207,-195.7747554867517,1524.4907853154643,79.36468500364035,-664.5003480612834,-1000.023077074933,272.87456802703963,99.27619029731665,-1149.99852993443,-199.07598708387567,166.88496919200335,-1299.9747822659947,-34.467036465343284,-195.54585064047592,-299.9508029381503,281.98463627978856,102.65094982106119,0.006616236362214929,-229.83983906912266,192.7544547421463,300.0169486005341,-52.031396058297496,-295.46914674780555,999.9591165253535,281.8826459127072,102.62693905107119,1149.9926865934524,-229.80586186024743,192.87382571613662,1299.9819574440621,-52.066358495540065,-295.4461400566853,-750.0124442742225,272.9720059825954,99.30147965424919,-899.9938243228447,-198.98526660623673,166.95701071173258,-1050.0086942089424,-34.44734161862856,-195.3354085143501,-299.9553511198121,281.92774867960867,102.71805098148342,0.014983983617123928,-229.7971464519165,192.82023897797353,299.949074081323,-52.048043184997574,-295.44202420281476,999.8960262574091,281.8935757275166,102.58329567075891,1149.9123339528312,-229.88249908932562,192.86134409488426,1299.9302568606913,-52.07429136996447,-295.4899779640701,-750.0226218566858,272.97789415450944,99.38351203738405,-899.9677149696345,-198.94831469943657,166.94399434019462,-1050.0382752166418,-34.42331252755116,-195.4075755451858,-299.9925676909244,281.9215685956837,102.6555717969872,0.01095097775484765,-229.8563875420837,192.78810404546343,299.97592723544096,-52.0745681343455,-295.41807731838685,750.0856173388019,281.9439301033435,102.61189390975672,900.1277224104289,-229.74817802209597,192.78460658332656,1050.0738017079875,-52.01582958430576,-295.4959268917508,-750.0035533243029,272.94744849765084,99.25984120684318,-899.9796129267972,-199.01656883012978,167.01507840253043,-1050.0781850546146,-34.5657467146582,-195.40487966258192,-299.9617342368362,281.8675575142917,102.58783629577259,-0.09167473458496142,-229.89963372291922,192.83553236841396,299.98773212717504,-52.14829362008266,-295.5261184145477,749.9823296927196,281.8897357794679,102.60088824118895,900.1152481673114,-229.8060406494539,192.83175430164582,1050.089822517738,-52.111459884600386,-295.4226644061383
calibration_00033,-727.7713705917837,183.51304161825345,67.19075852861795,-969.0994131579129,-254.08778675787374,55.30219374610528,-1038.4062942182088,-24.18468005248825,-295.8222422690756,83.26567480113455,211.00500591592834,128.87620962655046,322.1086273172584,-326.9026519344444,245.58752958950345,624.44463076861,-218.97002908389723,-261.29417528998346,925.5540069791067,12.319117989921478,262.90683573401066,985.6796565229641,-509.39357228970135,392.53120172332575,1240.8027223158576,-378.23665531389156,-65.96450238965608,-999.9767690413184,273.0236194895108,99.40992872526931,-1149.977536003531,-198.99270553108607,167.07667521733347,-1299.9465086507366,-34.38349199300202,-195.38391104782227,-299.99099168983395,281.94778247441025,102.61422772019583,-0.017138182456929225,-229.80625267838255,192.8659337716243,299.9926904549955,-52.05901271652657,-295.4068457063318,1000.0196382774539,282.0163854171313,102.68773264679388,1149.9272469310065,-229.7079089576798,192.9181182389562,1299.931522096454,-52.00055856424032,-295.3964940922397,-749.9544949682909,272.93536920400084,99.29241301641923,-899.9800058744754,-198.9247140981395,166.9684191017585,-1049.9886325766902,-34.53525036121422,-195.4326010330653,-299.9751373764171,281.92997932269867,102.72475258456156,-0.055221296781121795,-229.8707115034727,192.78815211937192,299.93629386162036,-52.066816923667616,-295.4520943886613,999.9583409740255,282.0151475935709,102.70803932447247,1150.024845823263,-229.72871041974201,192.8992356418395,1299.95994092309,-52.026594067797724,-295.3669950536363,-749.9598143644005,272.9603829732081,99.30358701188464,-900.0283298643127,-198.9586531627831,166.99596678923098,-1050.0654547421634,-34.49133597670098,-195.46698876285402,-300.02230354315316,281.97065394227894,102.70810334515039,-0.0696371795277834,-229.8972139890454,192.86043173682185,299.9934029388295,-52.07973107118234,-295.4305208661601,749.959849852821,281.8890007170364,102.56472905868563,899.9952345008136,-229.83080912875005,192.82789458110338,1049.9797861840698,-52.132229362806726,-295.401911914203,-749.9001221090372,272.9317625035723,99.26651675345502,-899.9354220384004,-199.02155304465563,166.98685335282525,-1050.0079503148431,-34.507460248215374,-195.46030334783535,-300.007111659732,281.8869097841514,102.62927399667434,-0.05023774574297318,-229.82700473412837,192.81121798971066,300.0216022439566,-52.07347440916543,-295.4564190265798,750.0486489785644,281.9570365003751,102.60431714235916,899.9721439346694,-229.78681617752764,192.85551859105723,1050.0398261778885,-52.08334790705238,-295.4681072827055
calibration_00034,-742.5454617423461,263.43060394832486,-239.28284914190994,-905.436471192866,-204.10884060362812,-170.47967805221475,-1037.5091537971387,-42.15108995995897,-540.9785671190618,-394.47383928639454,43.78841642163648,302.6343036964983,-202.75705824191252,-522.0178730744121,358.13573835888695,108.47202594300086,-385.64358521941296,-136.3590780229309,974.3229736377373,653.9203537919532,-107.32285448095843,944.9628987828992,120.03575784166414,-26.251147264323297,1168.508335865231,246.0993428132173,-502.3365787794889,-1000.0113381991146,272.9245614012579,99.39902770858617,-1150.090771042963,-199.03403458551668,167.03508898742683,-1300.0738532666044,-34.412752566282755,-195.37476448559568,-299.9955014920455,281.9734720244515,102.61765823479513,-0.03300550723990429,-229.77902772849538,192.80530013687613,299.96998154072634,-52.033523124179915,-295.46272598698454,999.93196855963,281.8534627215546,102.5517695932592,1150.0104030786463,-229.93161856607625,192.80483018324,1300.083853403181,-52.096644910627454,-295.44711499250366,-750.0356564320228,273.0298528323516,99.36249218517551,-899.951089016322,-198.95787754675314,167.06897863449672,-1049.9753237387704,-34.489774378149846,-195.3210954079424,-300.02629564173463,281.9842137313355,102.64819543192473,-0.022531990703398137,-229.78647834686387,192.77970696604092,300.00693129695645,-52.02727655746045,-295.5499286947733,999.9463948059592,281.7878041593592,102.62763740123279,1150.0160912438241,-229.84209100736808,192.78114000176316,1300.0718349803153,-52.120295787333596,-295.45428115803344,-749.9967801550632,273.0355221932014,99.31997892514023,-899.9629431205991,-198.97467696399573,167.07375043918077,-1049.9410761508507,-34.468136686270725,-195.341308142702,-300.016347227339,281.9302607574097,102.5931707091695,-0.07417134813155359,-229.82253574382696,192.79375310858083,299.9729619519194,-51.98825422191889,-295.4867104059672,749.9840163541318,281.8973354047923,102.720523341438,899.9707996435778,-229.8249677474605,192.96148881638942,1050.0095406611947,-52.07073337792325,-295.3211053431106,-749.9127363316741,272.9697795943433,99.32305297234893,-899.9323299340926,-198.96948161543128,167.0871913029954,-1049.9208231450377,-34.512683993007634,-195.39311923703536,-299.96586915510323,281.90423703277526,102.60013383281618,0.043593035063565835,-229.85255185306656,192.75431931489794,300.03339429709564,-52.02602523953253,-295.5344511191174,749.9938118718343,281.85931817379776,102.59964836620418,899.9800877059009,-229.79765106328915,192.88488109765544,1050.0041903092422,-52.072737256094,-295.40816934734744
calibration_00035,-1198.046224423872,282.11176288463435,-141.1365798482257,-1373.6835704313814,-185.80753117797602,-132.107594059131,-1366.2154964035024,-25.926493546241336,-526.1824851987546,-325.2040878590392,479.12425819452886,116.66802934085759,-26.538613927492406,-36.0694320838787,189.86617800643813,281.10270122132937,162.0152331636006,-285.5901031954065,1252.838628851661,249.9083999251949,-203.32053393468163,1482.0753031786949,-232.90317458785594,-120.52973103843547,1532.5149435524165,-63.70931708937501,-631.6406243788491,-999.9718313102989,272.9404619254922,99.36066671017451,-1149.90435689051,-199.05802077376887,166.95098339893568,-1299.9001538902965,-34.508623968583365,-195.49175989784055,-300.03551143280896,281.9411516867288,102.63370695331318,0.014676746493009606,-229.77096534510417,192.8331573075862,299.9681541265248,-52.04915713116295,-295.41217760389014,1000.1069107487423,281.82049500329464,102.62426040444342,1149.945187779216,-229.89982305966865,192.84510249297983,1300.0068248568314,-52.221833515207045,-295.41264494191734,-750.0126960618816,272.88417571222385,99.3207217027784,-899.9993617395302,-199.13456035208458,166.94278779525175,-1049.9859713717378,-34.54053598645671,-195.48596711089877,-300.04622027832875,281.89285528135787,102.62108549774388,-0.04868815385555714,-229.759136980641,192.84657907024223,300.0449971928728,-52.068602571574175,-295.4260250080714,1000.0713796499897,281.82336813926537,102.6212712802191,1150.0460799494276,-229.8484499297057,192.88981463728425,1300.0859390583635,-52.20199625000391,-295.38711287096555,-750.0160151502921,272.8785226090257,99.35654076856981,-900.0204121110072,-199.09784733657924,166.92438628925564,-1050.001720745593,-34.505849527543596,-195.39532373616063,-300.0523358128476,281.91347675414903,102.63412195795249,0.033400401295232196,-229.7591038088405,192.82863214322435,299.9464505169442,-51.96462517070763,-295.43097826734623,750.0259943549314,281.88186297826303,102.65339675466706,899.9822036879983,-229.79977058270003,192.81364671396244,1049.9537660872634,-52.04611193700083,-295.53056404482686,-749.9931138399522,272.9586270641785,99.24112288160507,-900.0252110084532,-199.00537435170438,166.96034713403986,-1050.0519942635299,-34.48163255211299,-195.52504551335244,-300.00277722898403,282.0080521702699,102.51754564624204,0.0038748703929095407,-229.744848817027,192.88319400745567,299.996282170508,-52.10184039272665,-295.44029645249594,749.9912081287875,281.89483560250477,102.62186536564417,900.0129187904367,-229.79304423631018,192.87143574737115,1050.057401472489,-52.128060056136434,-295.412125695781
calibration_00036,-727.330025504392,266.4365025688898,24.04556942409233,-846.3649598962082,-215.92154109412002,79.40855015147915,-1025.278066004471,-46.27558578994764,-267.22743827022515,-61.38560294365548,184.7939930901056,231.2643312087307,221.55333865406303,-316.3483616150791,400.7687545854597,569.3175946668036,-190.0304396187148,-71.43242894892612,732.8935173783417,496.9275692687927,148.13353690136378,978.6505166259022,41.65443019381188,305.4213956800894,1055.6516690485914,148.98143943259984,-218.98406140128176,-999.9209327952544,272.9382973262892,99.43328390667054,-1149.9461633906096,-199.06929973319643,167.15754279111374,-1299.941645955313,-34.50040066574883,-195.30689936545468,-300.06282740876736,281.9064615592935,102.5880655017572,0.014727499078490889,-229.8707823066967,192.8684186766706,299.9643020905658,-52.0289074493622,-295.3886187648621,1000.035156386582,281.956644281821,102.55834062979886,1150.0336419379394,-229.79617378280372,192.7618566183424,1300.0140994121698,-52.03673739119073,-295.5404450473057,-750.0818220177025,272.9459249226885,99.40341583405532,-900.0376732816144,-198.98413294760454,167.03694799447885,-1050.0430753457636,-34.504156750311125,-195.3449288962494,-300.02639904819966,281.83345802790285,102.61836188225219,0.03428075420257723,-229.84854094071886,192.86561706213053,299.9629219336749,-52.08866205658217,-295.3713716806473,1000.0551024130258,281.9136681080072,102.4965412248479,1150.0558985987263,-229.79625904159272,192.71378228449404,1300.000947627928,-52.04937763069572,-295.558338308366,-750.0306223598254,273.0167538163906,99.34884982506756,-899.9425499165934,-198.99704332993508,167.06290890489416,-1050.0673371620624,-34.48991796738777,-195.35183737071873,-300.0427520823047,281.83900876374935,102.56132541868055,-0.015119958970474886,-229.8923328361278,192.86076185715743,299.9996747876038,-52.10016106182939,-295.38596611765996,750.042366988992,281.9820090792469,102.66063746698727,900.0121347655316,-229.82288281647905,192.91021605075403,1050.009675532998,-52.059275791892205,-295.3892072272093,-750.0757655100917,272.93995406907277,99.35324876775836,-900.0102077870303,-199.06280705757342,166.97403208117953,-1050.03860521311,-34.45724814859253,-195.36535761547708,-300.06423896195724,281.82222799833767,102.56908581217746,-0.02251165799728016,-229.8920201214717,192.7569930490299,300.0235915469864,-52.12299285725208,-295.4350636431759,749.9940067716169,281.88445587915567,102.64839341663699,899.9643994597874,-229.84914107496945,192.87601830897947,1050.0624294436084,-52.0023132898554,-295.44148925544835
calibration_00037,-752.7993143841898,210.39303213894723,-120.63275750577594,-891.3154328130156,-262.78918985390834,-38.777950025686614,-1040.8811237020127,-114.57300368909296,-408.37053458036996,19.817409036067836,344.9142059408325,-128.7228115663963,249.67887492618433,-186.03891068674122,30.04168207706279,568.761688030268,-113.58040089468393,-472.97002428607414,1154.5993206086648,262.46861184825747,392.42373368970607,1277.993600214611,-229.75749005407013,579.4341223916116,1445.2707307537428,-152.47952848561425,71.029869146212,-999.9379897271767,272.86579879070524,99.41527220878892,-1149.993624013103,-199.05945484838932,166.96595080597237,-1299.9887029029173,-34.46434276749266,-195.4314469449244,-299.99764450982224,281.9630137016408,102.64776941831609,-0.08287016431433147,-229.87702090566876,192.8390172621641,299.9596724204586,-52.1817287357026,-295.4023318731962,999.9475635623181,281.8827952511961,102.49511731571502,1150.0338734229279,-229.87953802798492,192.7937748867458,1300.013383187704,-52.091293694526534,-295.5280876541804,-750.0216913197734,272.9512549691938,99.33662941051111,-900.0076712521617,-199.04446108634207,167.04048427217398,-1049.9926430456246,-34.48832382188361,-195.34730783757954,-299.94881137142886,281.9457278571428,102.67783250381461,-0.10100440530483812,-229.8413315285681,192.8429927462992,299.89265746452463,-52.1346557475239,-295.42589617635946,999.9674999797609,281.85230849942275,102.51929994961712,1150.0475457450505,-229.85318303896995,192.74667122463543,1300.0231419808554,-52.096652138811855,-295.468340169582,-750.0243002709049,272.92333238136246,99.36926651838498,-899.9016658279438,-199.0551702316995,167.0821294699651,-1050.0130408551565,-34.513707937914056,-195.35354529930527,-299.99107207044295,281.97868308506673,102.69476424333664,-0.06369229817019328,-229.80435553267336,192.79619892258282,299.9039102994418,-52.102866433388215,-295.5006232187875,749.9806003396567,281.84103242039276,102.61143282745667,899.968610047332,-229.8928484849543,192.858814023838,1049.937925099452,-52.13309254015374,-295.45857918359064,-749.9503297055016,272.9629805238098,99.26079004920955,-899.9306837685491,-199.02669127276957,167.00514622023206,-1049.9322306114948,-34.52957005746596,-195.36193080209907,-299.95120767271925,281.96555878665663,102.56975300530682,-0.02011586943786372,-229.82211808866717,192.7848823114268,300.00731929367964,-52.10836769827687,-295.54041086350344,750.0307042684155,281.8495252720837,102.59282440113839,899.9849521386826,-229.8737488530911,192.7868266301459,1049.9415124768325,-52.11159326390453,-295.53438381628706
calibration_00038,-1091.9392105785491,496.53549212859275,-243.04805475104862,-1152.4810710979955,29.751944836853337,-74.77660931119975,-1399.3874868514622,111.20073882132928,-411.40193270088884,-529.1271619624935,94.0193737316723,96.02336401058359,-144.98947473541594,-366.1539544529479,70.93838097256938,-10.203390586072462,-126.68047259023085,-462.4765988484826,829.4315859520715,566.1571164600791,308.3689235064768,959.1300331317015,60.07956464274274,447.88256321146946,1185.7872474019268,211.5649124646746,-19.190075863428227,-999.9678529846917,272.95307946254786,99.37711294153425,-1149.9674696852728,-199.06723923461342,166.99673369905176,-1299.8935565554495,-34.42660026796899,-195.4147640878155,-299.9745727955696,281.91188372213514,102.58276838383414,-0.012609197748794569,-229.8486242750722,192.9275643233836,300.0336259815294,-52.23491881686279,-295.44010292452197,1000.0620888157948,281.88662361247816,102.59969418733847,1149.9643582528138,-229.7562593261248,192.90509901775476,1300.0069986625072,-52.1236765791171,-295.4344778736953,-750.0322097741152,272.955383516627,99.2626742786991,-899.984961030772,-198.98010397313962,166.99981917702826,-1050.0974394678756,-34.47011993308157,-195.4406689428896,-299.9441508745813,281.8899042695566,102.55606236401658,-0.006370708052996636,-229.84493699567918,192.88229243076066,299.99488285564905,-52.26150973110622,-295.35211862924814,1000.0445568517796,281.9359138307314,102.64464347513548,1149.956348399264,-229.83236632766474,192.81920770439856,1300.0490733033052,-52.15252051742038,-295.43267076989724,-750.0373980849931,272.9450023862596,99.27441243381115,-900.0323179293125,-199.03057620295425,167.0133713240306,-1050.0560216190447,-34.48798644415836,-195.49781891499805,-299.9516454473499,281.88949466787165,102.57353784397166,-0.017293377650379367,-229.82894472067758,192.9424273026896,300.00361304515167,-52.249168253301704,-295.3894644493548,749.9682823054158,281.92485113947413,102.52091597378826,900.1564262417929,-229.73154931748522,192.82765892961405,1050.0249796618732,-52.02672074532464,-295.46248512029433,-749.9909674155822,272.9732614233941,99.30046372387086,-900.0577665755889,-198.98964028331912,166.95460494533313,-1050.0802594145532,-34.35358279189045,-195.52760856334362,-299.9666708813121,281.8960615874185,102.59505506684854,-0.06187610541216332,-229.82689861826483,192.8912349767832,299.97672856633,-52.1660971860183,-295.42172044367965,750.0022007375187,281.9445352383505,102.60715053063392,899.9880485951118,-229.79204098241004,192.74712137405027,1049.9625228580558,-52.01628891554797,-295.5108654600715
calibration_00039,-927.7865748936654,308.4108287811358,-301.02858053581303,-1015.7469764148594,-158.77539960952004,-146.69942557452322,-1199.2821216079483,-77.52388697373834,-521.7348087201785,-534.1935586640042,51.90091968217775,-179.2535764463633,-287.61959561173563,-491.0603056765941,-112.57425802367563,14.33225143784161,-331.6390058754105,-605.952443557539,1151.7650040637816,57.859909016289336,-105.59971457746371,1306.6515114695478,-440.9871831718924,34.290858625799586,1514.6031409252316,-283.81027955689615,-439.6019861634481,-999.9782248060437,273.07796512178663,99.28505117894844,-1150.0472284314358,-198.93604348861646,167.00902177329584,-1300.1050165986317,-34.3584666851102,-195.4681536488117,-300.0492298439888,281.93943346023576,102.72121549154798,-0.030307848652033405,-229.812185126973,192.8883507099778,299.9670754741475,-52.06676964842374,-295.4082280939089,999.9269617733883,281.91207156567543,102.61061008052768,1150.0403850175508,-229.767257989117,192.91667594948848,1300.0241350456301,-52.10152294907227,-295.4017392592621,-750.0054537065988,272.93620929303796,99.26383904752831,-899.9841866587474,-199.04807885139755,166.95703405155388,-1049.9359144037462,-34.51045903720767,-195.49985572028348,-300.02029322713673,281.9321607856497,102.667580849893,0.007478008714029601,-229.81254169613794,192.82642095416563,299.97632421368473,-52.08052713808327,-295.34433597192805,999.8925953653475,281.94177418603624,102.5964758541157,1149.969353506168,-229.7730944989394,192.92158525365062,1300.053933535057,-52.11421811346049,-295.40627089687683,-750.0313523947348,272.90895202360804,99.2975752109737,-899.9428101118912,-199.05462131147888,166.97513367621187,-1049.9765409591353,-34.5312264830616,-195.50468421743372,-300.01664961591246,281.89970829189315,102.75651553207796,-0.017571939812120713,-229.82727242676526,192.91009311159925,299.9140804785283,-52.11496367034364,-295.39902583361686,749.96142328119,281.83078011837546,102.67481183607096,900.0336450699524,-229.87033357723575,192.88808492191902,1049.9897303889647,-52.08712712198334,-295.48403618485156,-749.9381310314358,272.96267467606134,99.28647076294936,-900.029367117701,-199.00256539048337,166.92814795507192,-1049.9637671579046,-34.548287414372965,-195.5177457086056,-299.96064435734985,281.92902439978786,102.64959956900593,0.0653560003646906,-229.71650813612393,192.92849403875914,299.9453114096919,-52.087204883951465,-295.44524616167524,750.0001755444898,281.8610954569682,102.5331882544123,900.0536563953195,-229.82967340715504,192.86864568827542,1049.9374413683756,-52.14473372601228,-295.4672962130176
calibration_00040,-1289.0088289102632,50.38118702425636,380.1458426916049,-1467.691107145164,-415.9779632016783,402.4638445993964,-1660.5567032577892,-185.55470130305426,101.4277542763193,-96.09039156062259,-61.58824632793018,-215.79849892782428,205.71877180245775,-572.4863129578562,-127.29202670484106,504.6735756539278,-392.4289433299926,-615.3854797360551,1227.395760494068,142.74604491882323,143.6531647754287,1373.883270571925,-372.63005726639506,217.13282522665517,1466.306735504853,-199.92855734124257,-286.9173125196009,-999.9885572790417,272.9346698693135,99.41066620026272,-1150.065272301833,-199.10438142899798,167.04554459072793,-1300.0272592844435,-34.51492198540261,-195.42926563596015,-299.98497331658166,281.98159375023357,102.60937856902333,-0.01775842128427295,-229.77254158989413,192.82116018426473,300.0552600452197,-52.107363191773594,-295.48509325301967,1000.036607897108,281.86911132434557,102.62719354946198,1149.9875091325612,-229.80697185429483,192.87220390245204,1300.0588221755684,-52.04699192303726,-295.4076984689545,-749.9507592141556,272.9694260789029,99.35425156438033,-899.9819444383111,-198.97564038225002,167.0722667807247,-1050.047563576892,-34.390016281430775,-195.32560138390141,-299.94910868592865,282.0281984047277,102.6152855155422,-0.002038863551647823,-229.78101459313024,192.8499821182751,299.9888240443175,-52.037003332965796,-295.4567798982802,999.9694335653189,281.9218108671995,102.63169146033819,1150.049219469854,-229.74754037044625,192.84132961277788,1300.0083571562527,-52.01023836985704,-295.44182541642647,-750.0124888425079,272.92877848899326,99.34371643822432,-899.9210069858414,-199.0329968640675,167.11216667718548,-1050.058283813062,-34.440923839208146,-195.35484216368366,-299.948284388458,281.9277639185562,102.57787849477221,0.03034663296537907,-229.81301236022563,192.87112456943484,300.02852316842643,-52.05166554115211,-295.43462493172996,750.0303125279191,281.87904207371747,102.65236990869624,899.9636137978581,-229.83983872079705,192.80744791623042,1050.000583885827,-52.039948937762084,-295.44642187253413,-750.0354234426502,272.9764754060952,99.30991269894203,-900.0199282612791,-199.06176568446216,167.0406917799022,-1050.0342207179858,-34.489781296680285,-195.42611597314306,-300.0096344486653,281.9364864966218,102.57376355328276,-0.014482679916609082,-229.7658626159848,192.84941238175898,299.9359950379069,-52.16233929650358,-295.4439281206307,749.9471656598456,281.8339706841341,102.6017077816587,899.8996606554124,-229.8313737487001,192.84860938185545,1050.0003446616386,-52.14380979175436,-295.42334255828735
calibration_00041,-1224.3801507218225,-66.2382277828735,9.293138936337844,-1422.1624897816243,-516.9134076965726,96.61042266065026,-1526.0926032607865,-369.09985494079706,-288.44983967307957,-603.245815271308,368.4180750299581,392.25033499911024,-208.86755025154827,-75.91109699414548,476.701653041156,114.90953262517102,237.41622307168004,80.50561950027922,975.0663441756566,348.36387833774603,348.1377735037743,1114.7131689046023,-168.0017082149609,428.21655712592093,1270.1949294536764,16.909175395984995,-55.6326453262269,-1000.0770675613317,272.98604291163537,99.30457454983578,-1149.9684110572164,-199.0490994674195,166.91823737805296,-1299.9716076575046,-34.440539972597975,-195.54774736696422,-300.0020637972094,281.86554980495737,102.60571942530181,-0.038636878423858004,-229.79786252292115,192.80686736986826,300.0575972495929,-52.0114155282617,-295.37792416405097,1000.0292130421253,282.0317663824723,102.59198105123473,1149.9828698540566,-229.69217447709343,192.75694430776443,1299.9989921365996,-51.87489682849935,-295.4402182064856,-749.9545842387108,272.9084394308545,99.33171137487152,-900.0055631971808,-199.0047079929844,167.01484696990224,-1050.050630380293,-34.4751472318369,-195.4360456316118,-299.9930721273799,281.9034738609304,102.62679153230194,-0.015376145695047503,-229.79525904568948,192.8242729665801,300.0705379175757,-52.039084950884586,-295.4124960649974,999.9963931697995,282.02635823420354,102.628294163725,1150.0432646365791,-229.7163348977399,192.78156797360228,1299.970160305824,-51.93092526986134,-295.43398541673764,-750.0208878196908,272.95680361777454,99.34429344044847,-899.994388554393,-198.99915187589457,166.9796113759787,-1050.0009007354088,-34.46458451080241,-195.41078674136295,-300.0733193115406,281.9151935623432,102.56760128672788,-0.0176460577706686,-229.81905062892952,192.79002792126602,300.0530922295455,-52.03343525492839,-295.3999502524867,750.0145652044096,281.8753084455118,102.52606344302308,900.0281788373649,-229.82905979809428,192.73593384230952,1050.044915307861,-52.09955987659092,-295.4884582311369,-749.9843127118621,273.03214725892656,99.34232464420252,-900.0282936934834,-198.9847908118289,167.02294115726187,-1050.0567574298923,-34.43319452072786,-195.36146626577147,-300.01064303729703,281.9112840900168,102.68116281466774,-0.12002912563038268,-229.82947848149522,192.8579299070682,300.0489109372491,-52.03259990398775,-295.38718519501407,750.0266870502815,281.83290848209117,102.58502389251164,899.9779474003514,-229.82465742635404,192.86421958877062,1050.0115172942203,-52.17409855441635,-295.4520376525694
calibration_00042,-1192.5381313984788,433.49880214903976,-320.06554400591256,-1333.5231076652938,-6.903170711251295,-130.24402147726636,-1574.0807665185368,108.2958250711527,-461.57611546426733,-416.5386260672466,209.003252754502,252.1738269238194,-47.87574288650494,-249.5982692847428,369.01304028203697,336.9230538953311,74.37580236606009,42.03707857088315,1021.1633467891911,420.2759208809234,331.93308003661224,1219.2432035092577,-46.42591963985506,520.1205508921529,1484.173691676132,130.8134749056069,83.23677891441295,-999.979844692665,273.0227615667486,99.33625409159131,-1149.9478931030674,-198.90933344867437,167.09712824054122,-1300.0366924966293,-34.41193832912445,-195.32032442000826,-299.95766615643663,281.9396678147006,102.60325018124986,0.0068803438504697195,-229.80253587229925,192.81605015456523,299.9868634171651,-52.19504465670194,-295.5555366851199,999.9857301254384,281.9243009316444,102.59928701487154,1150.0724687658064,-229.71027259918367,192.83134464299116,1300.0738759283233,-52.03061237487614,-295.545879726787,-749.9169073464387,272.9128798747201,99.34122870716871,-900.0819287781794,-199.0177091449855,166.9808905986823,-1049.948788329295,-34.3822498832094,-195.54127161997343,-299.95853664646654,281.95578577471497,102.61987367640467,0.02814424663773327,-229.85813720895266,192.83950663771816,300.0001572845955,-52.15697126855085,-295.5091871811099,999.9750088459082,281.93781687851083,102.56058190304132,1150.0986352362,-229.7285824770066,192.81839257283684,1300.007762710822,-52.09368273188391,-295.4508933438634,-749.9931657241118,272.93138172004006,99.31308873296449,-900.0764522657531,-198.9706402505038,166.9877488553907,-1050.0538980149706,-34.449011886624604,-195.4676046003527,-299.96966338188344,281.8938997875104,102.63288521136012,0.03134046751658783,-229.80382345008138,192.82698083800616,299.9812372034888,-52.16204528261044,-295.4655722620576,749.8835294193055,281.90344957569357,102.65021969587995,899.9459997718128,-229.86723927714257,192.81017969912426,1049.9788482380502,-52.066659592875844,-295.4247234150742,-749.9301052258182,272.97617658503265,99.39508855385604,-900.057830467823,-199.0076415935991,166.9643297787909,-1049.9932399914303,-34.41250048999122,-195.41160341429227,-299.9094513881907,281.9282598054678,102.6002965584801,0.16076616829183998,-229.78594259471237,192.82053280554376,300.04153558292455,-52.25872592535102,-295.46966958783247,750.0563803531438,281.9032572152654,102.63202106973019,899.9892489252335,-229.78873624934423,192.8032246924238,1050.0081609221688,-52.09797966504343,-295.4180453568002
calibration_00043,-1018.7471997658176,237.2931545738022,449.1394516472151,-1310.5587222390225,-165.49707403471433,498.27901688781543,-1411.6762676878002,63.525507627668894,154.45765509375795,-328.1309404131489,-31.675165057298617,-211.68131988372667,-44.75144760835093,-553.8208505752618,-127.64838535696354,249.4175214726299,-387.6784361570719,-623.5557511078583,830.5091087461524,-75.52840593164538,19.940398378398196,1013.3274483451083,-577.0353217525619,107.1305135066365,1136.9191807584486,-393.3651062467408,-386.33726720334556,-1000.0273665779373,272.98881044569663,99.34119076033221,-1149.9681204924866,-198.9386278294206,167.0788325071892,-1299.898719027486,-34.47699494418895,-195.42254531059223,-300.0570891158159,281.87374428425034,102.67580858519457,0.06718272297843182,-229.8532792091923,192.8949690760651,300.0206274055935,-52.07931975840625,-295.45243848487905,999.9298539208787,281.90821294523573,102.63042447304116,1150.0070691089536,-229.77924297870376,192.906850474515,1300.1073780007582,-52.05721318422777,-295.4079493491159,-750.00021373497,272.926511366827,99.50539018069264,-899.9705404880895,-199.14513372282005,167.08963788873226,-1050.0681924604269,-34.48931667207912,-195.218429830916,-299.9513170689593,281.9383101424463,102.64530915088744,0.04465964911818732,-229.84585112863286,192.836710326149,300.0328400417857,-52.06447888695709,-295.4053311141369,999.9438957919365,281.9270522903832,102.70521836763731,1149.9430288027022,-229.76960186918157,192.86244564536116,1300.0193651179598,-52.04155330714948,-295.40284830604656,-750.0099245643275,272.91201572356755,99.57689463558755,-899.9523980003448,-199.12611678278608,167.07536333000093,-1050.028222619472,-34.48017789836018,-195.21666524447969,-300.0019296970963,281.87656880465954,102.61413533921228,0.07310794311373578,-229.89517344177884,192.8534107723848,300.0579066266755,-52.079286309156004,-295.39191622009577,750.0664878082627,281.88995325846884,102.53977854685378,900.1567770381234,-229.7565245236017,192.78179915409092,1050.0695166285043,-52.19901286873249,-295.4829162668358,-750.0161184353389,273.01845262136965,99.44759123744065,-899.9802431573637,-199.00366072002095,167.00172590682973,-1050.0467242679772,-34.34238765785638,-195.3292756995772,-300.00675901774446,281.9795445438051,102.55661492183049,0.026279247861185503,-229.797163296339,192.85581774685983,300.03378404415054,-52.103137775765916,-295.39101254863704,750.0937714023539,281.7876897065729,102.56071912682161,899.9766629349308,-229.91140338573214,192.88152938259088,1050.0048469387993,-52.261955006946835,-295.39184696397507
calibration_00044,-993.0745067474435,111.25504973154405,43.09411599402861,-1158.9731765652405,-355.9824869975808,-20.838877149682286,-1241.9435246318963,-109.85811517313859,-357.68762788204987,-505.17825996674367,191.92095070802256,264.7432239715722,-366.3477496377696,-386.3808536138253,343.69495447004647,-1.0586399772580153,-284.34684880070955,-121.14116511219534,936.2431036163041,515.828219559335,6.088512923460066,934.1037218353933,10.10358101639116,197.8300224455808,1134.0984601746202,41.53865387636209,-303.67618652375427,-999.9088586546228,272.99768057194336,99.34711688099367,-1150.0161283752918,-198.94172224347355,166.99749737654722,-1299.9604040383356,-34.35782670305469,-195.48018847837227,-300.0074440770658,281.8912949061179,102.52479045352601,0.017067993791716744,-229.81244028026913,192.83554344482238,300.0409352831752,-52.04320132730797,-295.44851717483135,1000.0562673217097,281.8794555159964,102.62883688602071,1149.956376982588,-229.86939640106274,192.86065448521128,1300.0647064813356,-52.1312882442321,-295.4258803046888,-750.0521252377008,272.9845853847777,99.32383202907953,-899.9038216902171,-198.9909801552065,167.09963352913132,-1049.9923133977063,-34.502723884247274,-195.31736362142348,-300.0243585342206,281.87058642627784,102.55944165641463,0.027076636459352432,-229.77132294803417,192.764416571685,299.9799114994844,-52.05181774477783,-295.45472254367564,999.9808816236714,281.86687070868163,102.6151194872402,1149.9814162817092,-229.90826068352268,192.8354544895176,1300.0380019091676,-52.15782105786586,-295.437078559164,-749.9376778146776,272.92700007022523,99.42207389938417,-899.9427491343863,-199.00744985400905,167.06161872422035,-1050.0318509173328,-34.492704913027396,-195.3349943650797,-300.04767515161467,281.9272806523108,102.57946055713548,-0.06708968728152553,-229.77733838689116,192.765373381046,300.00381534255024,-52.04575834158421,-295.434558174403,749.9514600426601,281.98967730408464,102.59780264607632,899.9611497896096,-229.7214829559279,192.7987129165681,1049.9457513005677,-51.96977937563387,-295.4098722925376,-749.9949969495656,272.96392830771845,99.34515060548608,-899.8642098572177,-199.0323355309206,167.0091877949255,-1049.9510664591087,-34.50383264368223,-195.39063716559966,-299.94094563613186,281.86056011283193,102.54031391209021,0.03252427632558163,-229.84653271730195,192.7602161428391,300.0179992633977,-52.16156842225875,-295.4369246573992,749.9566285284066,281.86188922089644,102.6174549537829,900.040341705867,-229.85605406085367,192.87412094916724,1049.9736315348223,-52.152111915858036,-295.4617700692325
calibration_00045,-682.820049348515,7.694306465827782,220.2074004759429,-836.0342363834386,-467.7948465584011,201.28008686812686,-932.1621474086318,-254.99111758697202,-154.24960211623522,-579.088000479086,624.5621577185609,209.78130194737662,-282.7820232705149,116.66924558219974,329.24809963132395,18.716345905825815,264.3425392311665,-168.00000208212364,1078.7165429227994,533.7829164981312,307.11593173645656,1263.5437283026024,28.740491512961817,363.9734246187508,1422.0761386297554,257.18913845370724,-99.82519820015598,-999.9863620903724,273.0180890514592,99.31923911350961,-1150.0133233291806,-199.0356716089302,167.01216669487567,-1300.006065979449,-34.47544014094109,-195.33296117343482,-299.9632219371511,281.9676684518599,102.62609399950712,-0.07695332854055495,-229.78889791125178,192.83525648634577,299.9886031155253,-52.14604253039797,-295.4200237812103,1000.0124179922861,281.8452370617428,102.54152662231688,1150.0146889058005,-229.83215470142858,192.7775099184847,1299.9864452350596,-52.170301565158674,-295.47965907488805,-749.9763139024367,273.03338962443325,99.30637011652527,-900.0577933626275,-198.92145546643178,167.06209879492548,-1049.9502526472158,-34.391447341102065,-195.39583810804484,-299.9989978155072,281.9577511614506,102.65373577261671,-0.07643816484559438,-229.7600426461572,192.82267907673304,299.9550534142241,-52.14668606783341,-295.43735833290344,1000.004243128913,281.8784391696754,102.49121006481042,1150.0315140139173,-229.90653279324607,192.78282700686788,1299.9406618520734,-52.16516643614541,-295.5420928509393,-749.9980699306859,273.04064662191996,99.34013407209885,-900.0309347128149,-198.93643443961017,167.03317998299082,-1050.0546553067047,-34.429052951402845,-195.38096742895758,-300.0271251212904,282.06963581437043,102.57526333838791,-0.032589303786715526,-229.7861401630267,192.88235369387058,299.96391536438256,-52.128708966435006,-295.4742495247197,749.9909941131145,281.9269156733108,102.63070768654028,899.9989126190478,-229.75468388846457,192.84394300885785,1049.9969200316534,-51.99571427530435,-295.46950608508274,-749.9698889851478,272.97240482379294,99.36051043641129,-900.0530360638256,-199.01356739863084,167.02773237778064,-1049.9836173809042,-34.4222336179244,-195.36238246232807,-300.04688348550167,281.89385592344865,102.66187522000386,-0.047536828674127,-229.81484436679648,192.86309814643832,299.9929279639323,-52.09803159430564,-295.43824620848096,750.0051039934998,281.8865204934595,102.61966862968954,900.0315182409784,-229.81555977211843,192.79682182168222,1050.0127925867603,-52.041218037838476,-295.4472129449696
calibration_00046,-1178.8943973768146,46.92089236210598,1.6140497591889293,-1329.2676371652813,-425.9611014074943,61.57988009804673,-1478.3257721330208,-255.71704669806857,-298.6319065772903,-269.2132671268263,464.5399148293393,-251.62413430886298,-137.52176299575999,-104.18362669255806,-113.102919202422,329.02488792396986,-5.834257751497684,-477.29261034325356,948.4679419043562,234.84721664501458,350.9274466036935,1140.8163304821765,-225.25994878442063,560.0792732356657,1197.1057901621434,-201.57390235948313,22.709735614959918,-999.9650075848955,272.92306823915663,99.31920422811024,-1150.0121352184813,-198.9310767993858,167.04851680459626,-1299.9626073233185,-34.5198963615386,-195.42694397772576,-299.99119197595695,281.96969202356934,102.5495913836615,0.035100522289000326,-229.79212521611032,192.8061190154957,300.0189519123347,-52.0895888742096,-295.50545768381926,1000.0976268023727,281.9037108575045,102.61021981566924,1149.9690437220643,-229.91378460580341,192.7666362179467,1300.0784236138502,-52.06738760722573,-295.47743203623673,-750.009067087976,272.962055989528,99.38865730937171,-900.0043738074913,-199.05369502272148,167.00643517708517,-1049.9773180503134,-34.422263126614574,-195.37405916949314,-300.02104106575155,281.8718200690497,102.57386271362495,-0.011421889418691038,-229.86760991667558,192.82788255514635,300.0186707348506,-52.1195169250113,-295.4894135046127,1000.0689417957904,281.931169455058,102.5980598191257,1149.9780331720494,-229.88690727031064,192.79874022167806,1300.0359145956377,-52.05425518438854,-295.4595164639433,-749.9944426802258,272.9478347508974,99.41077829879302,-900.0188039716638,-198.95251125905585,166.98730837670846,-1050.042009012413,-34.440661703479634,-195.40062411009424,-299.9531538123282,281.9102772147041,102.56923824185243,-0.036349574255154955,-229.87531851277512,192.78468347251766,300.0352677335044,-52.10511395769445,-295.4301313859425,750.0208707674902,281.94924960385185,102.58464398555427,900.0296207864659,-229.84390604555344,192.8809056469184,1049.9495974014965,-52.095682167737785,-295.42866230424346,-749.9797976762708,272.95556717641415,99.34098647788402,-900.0496701558652,-199.02884968987308,166.98694446498837,-1050.0471402890948,-34.396980696932594,-195.4395571963015,-299.96511725839326,281.89275887988924,102.49807970596417,-0.015306147518534312,-229.7842568669604,192.82116398002015,300.0066667639392,-52.14373842184037,-295.4751965428655,750.0183978808366,281.87068572300365,102.5833331987204,899.9954969459111,-229.78803804107014,192.90551330522746,1049.9688393055583,-52.16970765965964,-295.45906420523596
calibration_00047,-1361.2288533279698,454.74626443826094,257.1977885088305,-1439.486625760089,-34.661597385858954,192.57382441010955,-1633.0974459647962,198.50071920839818,-105.83407172517562,-625.1019386641578,-12.341355539538768,437.7549394954733,-266.61064473774616,-493.30905940548496,425.64796972464836,16.674590756710597,-177.8119995463929,1.1034846647618166,1154.4209496111998,-18.59713088434647,295.43178975131934,1296.2977275258786,-529.9504988230832,400.08149150244816,1475.0634090849471,-358.73799691232364,-80.7210964720586,-1000.0336903260646,272.9533816234225,99.42142404026548,-1150.0281448819342,-198.99524178388867,167.09818891766625,-1299.950615928567,-34.450056249693844,-195.28454072593848,-300.07626962225805,281.9144571677675,102.61676074587909,-0.06838487931756917,-229.79236671362608,192.83638728627588,299.9598184937624,-52.096035453878734,-295.43061054627185,1000.0381751553188,281.84847853893837,102.55760479631242,1150.0116519789444,-229.8591522647737,192.82170052464218,1300.069994984339,-52.11327335909703,-295.47413009647187,-749.9830953349543,272.9428825643337,99.3434620147144,-900.0133925917922,-199.06179731779602,166.9892309349515,-1050.0428823794764,-34.48995900848001,-195.3671433990564,-300.06813676879665,281.8973785157803,102.60075089286632,-0.004614052565903522,-229.7984574908524,192.8305047965257,299.9576957435003,-52.06515915103027,-295.36823914281507,1000.037438088904,281.8989390922584,102.61531500696843,1149.9647276586752,-229.91826079171682,192.8804336570885,1300.0229022121125,-52.20316518783707,-295.45466294093836,-749.9967985552242,272.9675264110575,99.34820451319264,-900.0121193324874,-199.00815918163536,167.01350357767873,-1050.0634730912875,-34.42888555792766,-195.40972797052166,-300.0633703696243,281.92106076841696,102.63623764345884,0.028793298111059316,-229.81290471343954,192.7997594587998,300.01540114547976,-52.09988311361431,-295.4199506010895,750.0596327069032,281.8462440962867,102.55075613852964,900.0490298228858,-229.88664955439333,192.85353525067464,1050.024499108208,-52.19102449944879,-295.4620620606052,-749.9518768229475,272.89119826386866,99.4428480129105,-899.9321957081302,-199.06968632717115,167.11397725146225,-1050.0675104645002,-34.47355483525373,-195.3054030112437,-300.07110717953884,281.89876967650235,102.632300653208,0.04326222958769275,-229.81390614501558,192.8549140477212,299.967458924504,-52.0052444851296,-295.40269811364124,749.9984496573945,281.92718952636,102.50735423358891,900.1283940803247,-229.79143915748003,192.83143785679718,1049.9661718110026,-52.11141767388429,-295.5552881277518
calibration_00048,-850.46398604064,-27.125049541389405,511.12661012112784,-984.6135526375065,-505.13926176448314,453.8853083410692,-1072.6951666771404,-272.47827288841523,108.8073653538974,-405.89440627630177,421.8659285047134,-165.7702806384365,-47.56409757048867,-38.77435924486688,-26.36001370306042,217.93922167596716,108.90949667699043,-543.7342421138294,737.8723705165492,223.88913628717827,17.269126589986232,932.5385393307607,-259.72613420321034,161.2981464945213,983.6349110772835,-164.29956207199203,-368.61183723274024,-1000.0188505286036,273.0004559198158,99.2905750282673,-1149.9907918204135,-199.05319455707772,167.0285489871987,-1299.9510132925027,-34.54283118858283,-195.42717443459335,-300.0548255841082,281.9550198911313,102.57856335307179,0.03984129392404878,-229.80921557092714,192.8524868105135,299.90787541061286,-52.015218655280314,-295.4553138465551,1000.0181266257703,281.8887585821025,102.65318973239143,1150.0180981563226,-229.84479293683256,192.89869365104667,1300.0080928911639,-52.09071698531745,-295.4490138803965,-749.9886603417331,272.9518463854001,99.34076129585594,-900.0782935784366,-199.00726585623482,166.9927528049059,-1050.091395965191,-34.417227274445175,-195.45168446967818,-300.0097223371848,281.9408808877953,102.63542561918977,-0.02836852975443098,-229.72843900163403,192.80245338462765,299.9615026151116,-52.01738693773533,-295.42394887970346,999.9735661457669,281.8652989556077,102.66672576314532,1150.045623908292,-229.78009027532568,192.8576373502784,1300.016594589152,-52.10212044089524,-295.36752055078193,-750.0084348464521,272.9808952891605,99.31026946295873,-900.0640078965175,-199.02454832738664,166.9538211011821,-1050.03427060343,-34.39972443394687,-195.41162801767874,-300.060835312963,281.8863223471501,102.64686400175,-0.003592110495015014,-229.751165127066,192.837309397901,299.9889030696998,-51.976208015637134,-295.44684833078765,749.9946893267249,281.9897832076773,102.62869616330549,899.9419116065916,-229.7756843945299,192.8596967562286,1049.8858720796422,-51.99758425430882,-295.4038898025784,-750.026814879403,272.9079321021242,99.30165395582742,-900.0143449050537,-199.03503517829938,166.945255618405,-1049.9790118243059,-34.51406738750508,-195.3751448081276,-300.072443033931,281.86257873285246,102.59973445609174,-0.018090240334164367,-229.85900567160263,192.87821137140585,300.01672666475594,-52.09807270207711,-295.4473588088814,749.9928028732697,281.9218175501218,102.63461111427756,899.9203717962432,-229.76956293725797,192.8635555812649,1049.9366107535711,-52.091322879199325,-295.409070662058
calibration_00049,-890.8171638514413,-100.33127018192579,-190.57885762098473,-1094.7877171358905,-552.717373765455,-130.00266850784783,-1317.300985883347,-312.52536343634057,-401.5856106674615,-245.62215450821742,95.73829766499132,-165.41732981133165,134.06550647551026,-340.97058776064824,-6.850711317697519,478.2781726232188,-92.60387974312754,-430.94857002069233,1261.9427725204564,295.07677701092103,333.421004055839,1426.3698112410143,-215.35285677376595,403.4476193034909,1566.974817584729,-15.869937356735255,-79.1979428823043,-999.9772991205499,272.97324877507737,99.26410334942763,-1149.9300471248396,-199.02775617890592,166.91128198972137,-1299.903874465572,-34.45294159899927,-195.51662667781514,-300.104478114917,281.9042270987387,102.6032924088028,0.08137053399923044,-229.7353221376837,192.87490195472742,299.9938189751158,-52.043366397733415,-295.41501162779645,999.968762263443,281.79969614610735,102.61177654373815,1150.0063284212065,-229.89326999832184,192.87483951449678,1300.012243945777,-52.0995677130338,-295.4357526549017,-749.9933265064761,272.9776160501162,99.34786687257387,-899.9498311178496,-199.03839319506542,167.0469530796352,-1050.0209734160578,-34.520852826670065,-195.35522743451156,-300.06529429441025,281.8682557695482,102.60332900464493,0.016598756968204984,-229.78920398400444,192.82924974593652,300.013185893216,-51.980797284768826,-295.46971650893875,999.980185229919,281.88016864524,102.65800206767929,1150.0183518374997,-229.83753706796227,192.8317715063762,1299.9677300821504,-52.09557182224457,-295.44045551030666,-750.0060977592505,272.9443628369251,99.38172222062636,-900.0603325655286,-199.04915870532204,167.06591996907406,-1050.0009830785498,-34.51032762714959,-195.38775718178584,-300.0307507392168,281.879201888883,102.62221041189017,0.01047886932454431,-229.76483135579315,192.8357325852511,300.038364258745,-52.04893652682527,-295.40141836698973,750.0354351841444,281.85734193395587,102.5303647754241,899.9532031575377,-229.81800705895674,192.83386980282756,1050.0673589284224,-52.06852002034688,-295.4486999982961,-749.9343695503206,272.9296485609481,99.32590492531688,-899.9538638638581,-199.03976245873935,167.05648825634526,-1049.9747374886801,-34.5539029696011,-195.41904815310264,-300.0275924665776,281.8889459152749,102.57341901810068,0.01965581253184366,-229.81525407887608,192.81152077065008,300.0335630440472,-52.01442777746066,-295.4480567852376,750.0256351679451,281.8612373325436,102.53582660899524,900.0055681908846,-229.82005313896235,192.7777986921146,1050.0633939883076,-52.148140446579525,-295.4581811431313
calibration_00050,-956.6913596339882,500.9181775350322,-82.13127738500053,-1106.5125608040678,28.48837633375164,-17.472152727300944,-1254.718969234941,194.58414698824836,-379.88964977546374,-338.6479271977406,253.1461668347832,426.3922206940046,-28.740296582984687,-257.41268243521756,483.7565978515576,270.85676927918854,-40.535545754038814,11.343020998246224,977.7961467389167,429.2214645709665,-108.8328905388928,1115.2629353959985,-90.81190057801142,-51.91908926603366,1270.567137006901,114.53960695792087,-527.5025874540482,-999.9570177745635,272.9363407967434,99.31244190886876,-1150.0289618850143,-199.05024218389585,167.01951204158397,-1299.9691345451427,-34.50281511669833,-195.4279929163235,-299.93300809487306,281.9254772741554,102.48265818341908,0.02937052296709574,-229.7254539364001,192.9272826782488,299.9595460612193,-52.16506206775992,-295.47041200602604,999.9563622904025,281.93573368481304,102.58052691568692,1149.9804230907623,-229.78201780880045,192.82726991907026,1299.9558349607025,-52.0702375818765,-295.5094357388,-750.0254281025248,273.0414639596036,99.28697927361,-900.09556346609,-199.0027479002154,166.93877466701312,-1050.0646256392058,-34.39281587852961,-195.42567660973066,-300.0024144254167,281.98006477487843,102.46474550945061,-0.008036741734861644,-229.7297409307346,192.85066803330457,300.0012106533374,-52.15791709468947,-295.48009935414245,999.9902785442255,281.9563023797795,102.61138332850553,1149.9389217923572,-229.81484459887253,192.77983777665207,1300.029475517702,-52.085811353100176,-295.4911260494304,-749.9998659084105,273.03644846628674,99.31942229801734,-900.0289150243977,-199.0017766643451,166.95595577864407,-1050.026069266969,-34.378150646812614,-195.49668730665957,-299.9857479466387,281.9590394918923,102.4945704264848,0.03373452784932175,-229.74364850507078,192.90202206414597,300.01190343087234,-52.17253124265649,-295.44786706979323,749.8863050798024,281.9920179333037,102.6380439180766,899.9792271312145,-229.78104815346634,192.8729594287147,1049.8959862660129,-52.08241322375436,-295.44695101424,-750.0256237038332,272.97557963715235,99.34826640203735,-900.051685209317,-198.9296002406513,166.92064057158365,-1050.0280675907281,-34.324661819336754,-195.4875326168754,-299.94367293940246,281.90076487820085,102.50710086298174,0.007133962330024918,-229.78299982138915,192.8789746169369,300.01065493962335,-52.19268441625414,-295.44310186275504,749.8777474798791,281.76759911759996,102.70411679712394,899.9859172571024,-229.8864321513523,192.88025822066413,1049.925102832609,-52.172504687332165,-295.4164693090405
calibration_00051,-976.8578716518566,41.65846859747733,205.16047980553472,-1137.4929077992083,-429.07685108630534,254.00591108332034,-1233.746359531481,-266.54088172247947,-127.12333579772765,-491.42375868526386,57.5595406344103,204.698780945181,-138.04720219107747,-426.6064396022958,230.42429086963222,138.70326636768866,-156.12344266725052,-228.07122259667526,842.8423366441356,32.51607304073115,-33.5799011917315,1124.5324006519884,-423.416096157795,38.9253534198934,1138.8963326025385,-249.16723164650074,-472.8619940630122,-999.9559847050004,272.9168385808604,99.37236038255472,-1149.9588090070617,-199.07172823398344,167.00897584914196,-1299.933469372761,-34.43022396998862,-195.41964630902058,-299.9817099149806,281.884101878295,102.5270324542985,0.006527830323146851,-229.84094279946754,192.79441507748533,300.09629609101336,-52.03431138392242,-295.46493135215115,1000.0047676862908,281.99423424283077,102.54362165310637,1149.9518490374523,-229.75374940611798,192.8146845427456,1299.9977314636274,-52.08441337517165,-295.45397920532014,-749.9831454411757,273.0266894071411,99.3475153002773,-899.9807516916189,-198.8971980950298,167.06924512869193,-1049.9795739136396,-34.37622771509445,-195.3750706350157,-299.9694405161288,281.9107535135673,102.5660362114514,-0.009424069738705573,-229.7766363082738,192.81595971231903,300.05284100787287,-52.07817374765902,-295.43464740691655,1000.047690304562,281.9664218016393,102.54947755269555,1149.9269623126768,-229.76289494753186,192.81821897373322,1300.0060654330869,-52.08332749135254,-295.47768629341317,-749.9845442665363,273.0382246351719,99.35884818429413,-900.0567604606206,-198.92228697111074,167.09296564656634,-1049.9700555149063,-34.43327283354472,-195.33649216433744,-299.9602065061233,281.9187715155915,102.53137242473976,-0.05976245661122325,-229.8228200778054,192.80826072245907,300.0616106068352,-52.12149960727618,-295.4847013837122,750.0156046004704,281.92931147537,102.56647316215367,900.012262161221,-229.77592558479705,192.8975097548228,1050.0029242186376,-52.074117929206146,-295.42062557960395,-749.9802961504228,272.96442216342325,99.33268744186809,-899.9792812982431,-199.0052880471223,166.99117428750634,-1050.0397603606343,-34.43663552015245,-195.40938355118595,-299.99214659968,281.809827587423,102.629289964818,-0.02690198217656858,-229.91748076995177,192.8130203540946,300.0706896083836,-52.12520621125018,-295.39199698511504,749.9520680822989,281.90037579180347,102.62146203805327,900.064217626824,-229.69591436569806,192.9248642172281,1050.035834717147,-52.066487010549274,-295.37093693639497
calibration_00052,-922.2620688399724,-36.373366356331104,30.6479636896559,-1043.0380642395214,-521.0440739363011,14.863450116082026,-1178.8958827938445,-311.65246162432544,-329.5157267156492,-547.2129625459334,270.6457790086659,290.8407247902624,-252.71673278277825,-242.0869820416654,392.78921559072074,51.12110205297762,-77.28537585973542,-97.6667784998325,784.5566835823761,204.44833961486967,377.9105871363745,936.9722457938186,-306.86395187372574,466.2747498118594,1083.9592110348246,-127.42325353125231,-22.34129671906656,-999.9824032641117,273.03541501669355,99.35699427709031,-1150.0760253007302,-198.9324675728996,167.02750232915798,-1300.0027703070705,-34.41333557583212,-195.43055423552167,-300.00028765717417,281.8865874623885,102.63274120331201,-0.001099939459839997,-229.82631760660198,192.7669681120753,300.0570719766907,-52.15340645199373,-295.49958056266655,999.9718752264732,281.9381528113892,102.65655444199976,1149.9945358513478,-229.77818662326922,192.8757312927346,1299.9525013783573,-52.10779732714266,-295.36299652481614,-750.0914533104612,273.0107644363707,99.34855801571258,-899.968828156326,-199.0299633286144,167.00764851553888,-1050.0431200719465,-34.46311263965483,-195.38662641847864,-299.94654060298745,281.89987375498634,102.6591920826582,0.006753993509323701,-229.81316516804296,192.8818199255042,300.0213765963646,-52.01989454968007,-295.34783796080643,999.9612848435975,281.9428298029787,102.60865566695678,1149.9856309972567,-229.77301975700746,192.8512547057462,1300.0114093308111,-52.111570932046945,-295.4298359404923,-750.0396364159633,272.99320605023365,99.38546041762702,-899.9363663679945,-199.00319859655002,166.99688424110246,-1050.0219417768835,-34.44107709023308,-195.41632364428304,-299.92084674917993,281.95009221530705,102.60715769700876,0.007181093212732623,-229.76153088768302,192.8746749423998,299.98271210565366,-52.115557251961846,-295.4115241640987,750.0162388732027,281.90726518365847,102.57745171426069,900.0609706657567,-229.80299545248107,192.8423123116997,1050.04008815109,-52.05123735135998,-295.45362288726494,-750.1293178834902,272.9844297124901,99.26203133321418,-899.9798958199254,-199.02698986906074,166.9119466813709,-1049.9979028564826,-34.451267850739974,-195.46247549130743,-300.0135020676998,281.82445399890923,102.62905021052916,-0.06824133788363525,-229.85685468324309,192.86854605166408,299.99471642520757,-52.084341066770016,-295.4112153674109,750.0028820655795,281.8969143286868,102.66268665611983,900.0295100176234,-229.8615195958043,192.92722851034105,1050.0412690661058,-52.1006805914456,-295.41426635628875
calibration_00053,-935.8132503082787,92.53631923967679,57.65540937542078,-1103.8982716465916,-375.8008552862389,105.10606593542701,-1248.070546485352,-189.74375835772935,-249.1925231792631,-443.4336005903182,257.5840310472079,360.3612304649348,-232.49450996311973,-289.4547970421269,487.99424520384207,159.51607273751523,-157.53129728287826,53.4840680637688,1281.983708300737,540.6512168370544,228.94700769503422,1462.0162345856222,32.74165805086716,275.9222316610006,1589.9888390250317,255.60766226526363,-199.90018502358032,-1000.0421450593441,272.85936627233633,99.36903735093195,-1149.8990164594816,-199.09966111860606,167.0103830042941,-1300.0335108103545,-34.54373874372877,-195.39573760233665,-300.0052286123038,281.9967965576787,102.55578138326297,-0.07224887940868333,-229.80794102310978,192.79951649921873,300.0072437887939,-52.10888448792423,-295.5050790164068,999.9892372410321,281.99417343299456,102.55802559122166,1150.030867153934,-229.71848151530443,192.86070925051246,1300.1419924141587,-52.04467996545201,-295.4051002870668,-749.9798943250057,272.928328189014,99.34041862261081,-899.9674837071996,-199.03597253168513,167.0165510583322,-1049.9351698530256,-34.5035107693641,-195.41444481628918,-300.0481102384212,281.9278080022526,102.55275263165642,-0.08102281092758071,-229.81540779874496,192.78280569827288,300.01044018374523,-52.0727653388065,-295.4892621949211,999.9698881717644,281.9849369967961,102.6194443417664,1150.0481662101436,-229.73035982341065,192.86932997668924,1300.1247186811029,-52.02683785693294,-295.3790917682499,-749.9504889438917,272.95375697305394,99.38250497654877,-899.9848895035192,-198.99967204089867,167.06039293352214,-1049.9278240347248,-34.490425348387426,-195.45474155607567,-300.0781894175098,281.92996535493245,102.60542365629641,-0.04339566829634736,-229.80953496776021,192.7680901182965,299.97913473057463,-52.06967204262811,-295.4368490774006,750.0636598252611,281.84204035603085,102.63927384361244,900.0159473693296,-229.8925843761334,192.8721192451565,1049.9894646779808,-52.173286127364406,-295.4670160234443,-749.9396152512927,272.93673603499036,99.31006387216728,-899.9814846622303,-198.99458445820804,166.99101298309415,-1049.8763622764957,-34.49998785950916,-195.4886374129051,-299.94910591002747,281.9594867482796,102.5295936631994,-0.01589394947529437,-229.72872565947978,192.81194169937618,300.05356968349935,-52.03892177978771,-295.46875397329256,750.026088601329,281.9459576568428,102.64952072921768,900.0541168860157,-229.78599235637435,192.855238556749,1050.056410792672,-52.09278473372641,-295.3572404598791
calibration_00054,-799.1761263347313,328.8649745413019,-25.14768104622966,-909.4734865713095,-155.76629893698052,27.870120889098455,-1078.007803928437,8.337718014496335,-326.5584876705563,79.19199895198452,3.1017168943163904,367.93154192362135,313.9590225310776,-528.5361035659492,517.2714140219537,611.0305368684474,-457.7496143578811,0.7844748131452939,839.2358836932891,596.3428463379847,403.28937247891804,886.8840571947105,62.859549006850614,479.11188133323304,1111.4700988332183,228.00700321736804,15.59897432290678,-1000.1137160149473,272.96859737574175,99.34827164387423,-1150.0273969881687,-199.09931491212217,166.92754645333005,-1300.0442127575548,-34.51521735289326,-195.48620006402098,-300.0369867795972,281.87597856066077,102.59456382949496,-0.03590882160951525,-229.78887979948215,192.79944695498972,300.01062699806437,-52.04015502816866,-295.4082504597901,1000.016337997752,281.90622371641433,102.56421120567867,1150.0239172402348,-229.9048909926256,192.7053756864994,1299.9920007736462,-52.11272639485572,-295.56535968856923,-749.9459576576304,272.8375631847325,99.39215608066168,-899.9270895923992,-199.04679755048986,167.0976736281062,-1049.9842059878617,-34.56920471210546,-195.30994008712858,-300.0373056011869,281.950751681091,102.67118262705425,-0.04872950785207907,-229.834910646961,192.7469647089309,299.926515632885,-52.01833140708672,-295.49492940059525,1000.0878529942968,281.8634261324337,102.5333560562598,1150.0350137201033,-229.80398322147752,192.72991147090605,1299.9963741946697,-52.037832330212595,-295.61836365264634,-749.9497749223478,272.8660638753178,99.40636814432938,-899.9484916527657,-199.03586840074004,167.14768207879624,-1050.0199560080998,-34.552564207599126,-195.28758457856367,-300.00125212195155,281.8952814224518,102.63630297119191,-0.049199467305082505,-229.79850537877095,192.79554846472246,299.9802871251661,-51.980088469316414,-295.4539420896352,749.9334072650083,281.8497195161757,102.58437411635002,899.9341876942801,-229.83810497065505,192.84974069716827,1050.033298995478,-52.07230591899161,-295.38406279013526,-749.8488021675238,272.904042228672,99.35380383765313,-899.9485391477182,-198.91137709424257,167.10613318388894,-1049.95840882072,-34.502499170506255,-195.38569446224218,-299.9705398499435,281.9756041548217,102.60766807945241,-0.002588302320230808,-229.7950545501153,192.82262761965634,300.01697951639824,-52.05475109111099,-295.4220573986491,750.040917878045,281.82661214821917,102.54282830176543,899.9847542857059,-229.95795823204634,192.84770427060735,1050.0781480105584,-52.14199687273475,-295.4080718733268
calibration_00055,-876.6206968501393,321.39192930804654,-97.2740401925905,-1009.2208866731746,-160.575340175902,-97.61214597095051,-1092.127464533266,27.928059856615043,-469.7412004502274,-157.2878008424787,78.63137457307545,384.8095032444494,143.66859055436646,-427.5307450160547,500.0478885027912,452.00444042160194,-266.56760140089153,11.110234391720372,975.6578313138962,537.2736204070932,6.978089613513474,1069.3481199778264,5.576937205688385,-25.482172753944084,1058.4921013500489,244.86632991443435,-510.34412365527925,-1000.0482681770434,272.98243709782446,99.37080594322501,-1150.0696055721942,-199.0672712514413,167.01968020257306,-1299.9515536083036,-34.46202106459362,-195.44210005939624,-299.99072485219847,281.85065685501587,102.62056563855258,0.017576549206631008,-229.86380725520354,192.81073673201033,300.06698829784193,-52.153990871580746,-295.4443660065757,999.9621123090698,281.93523539990974,102.63067044612794,1150.0371386908005,-229.79603737011612,192.84721487419364,1300.0169587903526,-51.980904009921154,-295.42336600116545,-749.9564394062226,273.01898560360996,99.35175068247142,-899.990113680159,-199.07856401233974,166.93944986884276,-1049.9685475956694,-34.457274643391074,-195.42766894083533,-300.04480267159124,281.89562590072177,102.56880086550703,0.05681538327156391,-229.82861096569454,192.82295259331138,300.02779217837383,-52.039720629014944,-295.4105047930664,999.9645620228799,281.9605804863708,102.63849411508308,1150.034302063655,-229.76354207085149,192.8549186359816,1300.0645648868979,-52.07151177432734,-295.43964066188306,-749.9531669993673,272.9349047010046,99.33448208526582,-899.9188602553868,-199.02196443690616,166.96676807850682,-1050.011489720643,-34.49942720822376,-195.39185061744513,-300.0362882881875,281.90666319839244,102.60142075966974,0.06677947230496567,-229.8420662508421,192.76824801552954,300.0451384841748,-52.073888552050896,-295.4726950784655,749.9686969854969,281.9980891734525,102.59526359891169,900.0170901433232,-229.77803729218215,192.77539545994438,1049.9212678040049,-51.98054545230688,-295.51265234686605,-749.9150365349637,273.0180982290746,99.29850696007628,-899.907748480596,-199.00343253090494,166.99497247434633,-1049.9659112154104,-34.51120133843259,-195.39020064887248,-299.98165086456294,281.89606722629236,102.60285817050365,-0.013536699623583816,-229.83460026554596,192.84331869518297,300.0222888384165,-52.13459978457754,-295.3854750257536,749.9494150758771,281.966746952367,102.66290521366874,900.0076031878203,-229.72823737164924,192.81028699516258,1049.9206501131046,-52.06117525794761,-295.4567166820221
calibration_00056,-887.5072263644596,588.990630424938,142.30965528536177,-1032.3216246431784,153.20541138251008,339.7693282669093,-1101.7868108462253,169.11362622301954,-79.62628497190121,-398.4336486101529,609.7784570940197,434.9322742729922,-93.96589253589512,104.50288267770952,544.234431614921,219.30040838382038,278.12601242395937,62.86269460636599,754.5585153722412,231.9351560315869,388.1727847641397,852.8087965051428,-299.6657888880466,373.16840501822986,1044.5351660910615,-40.38403689810926,-60.99016539997353,-999.9305336509751,272.9095809260416,99.3919189319752,-1149.973835811529,-199.01859534983916,167.07219347976584,-1299.9505297125786,-34.45695671082152,-195.3693619642577,-300.04709691980986,281.91478050908256,102.5894701166411,0.022437645805749612,-229.74397270719322,192.8451990257015,299.97890701059845,-52.14528757522642,-295.45393290431275,999.9879940756679,281.930728983402,102.64899281548529,1150.0452807297204,-229.73017633553823,192.85124433347525,1299.939516390215,-52.07825346170309,-295.47884287308676,-749.9985626407375,272.9997416882682,99.33253796242724,-899.9655287872025,-199.03579824952877,167.03141991582282,-1050.013799799916,-34.453685830513336,-195.33842903803423,-300.06489533063063,281.9157928317285,102.59281591547438,0.004631050624422602,-229.76932820056223,192.80495353380806,299.94203401715066,-52.070608249138225,-295.4320304050498,999.981854431624,281.92183348488817,102.67098720869232,1149.9932280071675,-229.77599048526474,192.89275424364018,1299.9722281277986,-52.11759624637796,-295.46146795860255,-750.0249767476176,272.971623137455,99.29217759055197,-899.9856667214221,-199.01570153339503,166.98802474102752,-1050.0226769104622,-34.41120130027225,-195.41869633969392,-299.9839623885415,281.9792462583427,102.55595718085901,-0.07631305681956835,-229.78799829954252,192.73369664960796,299.93173990704867,-52.107977061309285,-295.51379771174936,750.0779006411451,281.98562988071933,102.64980655622948,900.035464261364,-229.7551438804077,192.86378582734486,1050.069297205369,-52.00914261951226,-295.427919777794,-750.0212738247243,272.88227243233354,99.40882063461785,-899.9801392380484,-199.0936234953292,167.14169330753455,-1050.0790428019586,-34.54547007684293,-195.33400689839564,-300.007801561975,281.83969616194514,102.64577814950337,-0.028889008279112616,-229.8956625890857,192.7606316761326,299.93772503825915,-52.135251287859134,-295.51411758896404,750.0599223058341,281.9424028041961,102.56602329079271,900.0677545715168,-229.8073443832565,192.83732637649902,1049.962210274984,-52.03831242568548,-295.4211324170181
calibration_00057,-753.9389157792182,265.0958425184776,464.99881162442165,-942.0722485005105,-197.59153624853056,445.39443445177,-1041.3042901043552,29.62670530631653,99.77118361207243,-382.2050212228097,70.00891245014164,350.52573464872205,-23.430293209520208,-402.33508486191283,441.8389592236171,323.40525552165303,-120.92327256850153,41.218192579641766,1092.8307815839346,149.34558952678694,318.24208531811104,1211.453580406575,-333.0162006043904,532.1680421075953,1493.301144856835,-230.07723118890135,82.22634179466665,-1000.1519265893764,272.9223720861011,99.26902537680823,-1150.0763868701965,-199.0779577550454,167.06911197551239,-1300.0049501196465,-34.543742548457324,-195.43115747005734,-299.99804409775726,281.9306805101728,102.52448312708484,0.028504800322671782,-229.81058214676827,192.8473829608104,300.079443883955,-52.1142346732042,-295.3596253995433,1000.0232895688172,281.80722163478197,102.54279260676074,1150.0534911407244,-229.77676441810846,192.90881732708596,1300.0433675844392,-52.12173508694271,-295.44259046809395,-749.9584234940044,272.8856636666951,99.37396707587557,-899.9351491234626,-199.0328023146993,167.08540772620123,-1049.9988799468474,-34.48668588191649,-195.32234135866162,-299.99075088929277,281.9484974627947,102.54894225141392,-0.05338132834534256,-229.77202604265136,192.84128079450437,300.03235063151345,-52.09226930296007,-295.39420540321794,1000.0068508043375,281.89362859193784,102.56171803864201,1150.0633939635395,-229.7842216101619,192.91377811062787,1299.9886574381837,-52.149278644425856,-295.3651893142752,-749.9289637170145,272.93880612151145,99.38183327841375,-899.9443144853651,-199.11131620620705,167.0619708399795,-1050.0009969609619,-34.45098727889662,-195.32282812058605,-299.96051690730076,281.8589089483349,102.56129877024935,-0.059050849575089895,-229.8133447206294,192.87230776387653,300.08609720412636,-52.09581586429855,-295.4276683796725,749.9979448472147,281.9637803584013,102.56709884923725,899.992862854112,-229.80777243463677,192.78728034624422,1050.0283290099358,-52.03067537923829,-295.4904366855189,-749.9833713312155,272.99712424935757,99.37570911914558,-900.0136418377633,-198.98814191217474,166.99906289456197,-1050.0324398865455,-34.40592422675041,-195.35709194396128,-299.9784850179831,281.9330033692235,102.47524815526447,-0.054501872029977055,-229.80086360331333,192.8030112711364,300.0148477797991,-52.10092589069409,-295.4070570403206,750.0063516302672,281.9398475192713,102.5947011778694,899.9572007647969,-229.78535990230156,192.7836699107048,1049.987366921334,-52.0502979355234,-295.48494751921083
calibration_00058,-1232.153425228019,511.31176810959374,-69.45089449301,-1268.7000300174695,48.4764370052574,115.76762096590598,-1447.194776455022,80.7726038475913,-268.9181351358536,-215.57432254653543,356.0473020632406,26.5113083801977,51.760400131244786,-163.90042252691964,161.3850679041485,388.60572046123076,-28.126554056906038,-316.2501276744999,805.3439341557373,-16.278732387725114,129.54347819101017,955.5063461245128,-527.8866045675787,220.21320708041657,1104.7964021610717,-350.88777075859895,-268.50866783987914,-1000.0571374022288,272.9005105377249,99.4251875208753,-1149.9620117538286,-199.07972165016497,167.15853903128922,-1300.0460795574545,-34.58188961790692,-195.2890195529068,-300.011659779869,281.829957490081,102.60680709162955,-0.06210980372092529,-229.87025983562063,192.8475878803323,299.94048559759295,-52.18103850726649,-295.50232250819,999.9231493208914,281.9364499806648,102.70533531456364,1149.9352778830994,-229.8066245950578,192.87959015642105,1299.9648771293698,-52.077579165516894,-295.41474152675164,-749.9613262439933,273.0119761032144,99.41156184690047,-899.9848093510938,-199.0061327586961,166.9716732130965,-1050.0225629828296,-34.40803213263631,-195.3891644209696,-300.0266604699311,281.86059832134464,102.59077741019227,0.0023646122639204604,-229.83495795784046,192.81151274650543,299.97981032776295,-52.159541562206805,-295.39952793022036,999.9707811423967,281.927666554314,102.68604957901027,1149.9349596798784,-229.75524627403365,192.91609917885475,1299.9326728918695,-52.07918691274545,-295.3659927706938,-749.9896218804128,272.9538870266313,99.36230741713523,-899.9457511461194,-199.0241880835759,167.03016522196486,-1049.99424711123,-34.48002953620399,-195.37927082686392,-300.07823409579134,281.87198242164646,102.62649592357715,0.03330487906996841,-229.85868803110492,192.77021611576512,299.9528905110131,-52.166244508433465,-295.45793004185504,750.0341015376464,281.8631721075385,102.58249453159385,900.0220673785209,-229.86772462660184,192.8034668273883,1050.0792075333507,-52.15050424785254,-295.5095365437752,-750.0165136014576,272.96487215553526,99.2871011709472,-899.9448051391097,-199.05928700571297,166.98397425123935,-1049.9701197554114,-34.426484674197965,-195.4499582424809,-300.0925445760636,281.9080287924437,102.56577897837413,-0.01826398679620825,-229.72672364601627,192.80897478977553,299.9398811722527,-52.062617012390504,-295.47067710510396,750.0346606261348,281.9500895695545,102.63138085885268,900.0081223041384,-229.79657597686906,192.88488741474325,1050.068780921453,-52.126334800914464,-295.4177880048513
calibration_00059,-829.1060766910911,621.5858280496586,-149.97375005984827,-944.9779410686192,137.95360444454224,-99.64333358158989,-1127.7958994347598,310.8135223222675,-442.53201712007626,-319.92821535636494,1.6878046223239653,-179.75331182385807,91.73004534891062,-412.76894443746664,-42.841780315741744,294.2663217580893,-284.71779112405704,-592.9269408599685,739.3045632792933,352.9577449812403,312.23979896644164,873.2861219606215,-170.8949722161699,302.47437362947323,997.1033396579072,84.09721538619205,-158.09192276187042,-1000.0221550505753,272.94043209335797,99.32069003516058,-1149.9587659849592,-199.013390425042,167.0355412097249,-1300.0339373888062,-34.43269090210181,-195.36872185627763,-300.0504837120578,281.91904640875794,102.64728799289358,-0.029579183368898827,-229.75255243126367,192.88368767306991,299.9547100202832,-51.99961547936286,-295.4848487943808,1000.0164190304912,282.04925890805316,102.51677959385856,1150.038646093099,-229.75216242726518,192.7614269000579,1300.0706144433727,-52.00554808317779,-295.53778289097613,-749.9807456933258,272.9074314990997,99.39463914909571,-900.0445597902764,-199.1216044724311,166.9755906895211,-1049.942253461836,-34.45601131257865,-195.41190304144243,-300.050711446919,281.9153180485249,102.6700310107351,-0.009913155799303377,-229.7913284076947,192.8373963736345,299.98324603851677,-52.03292674404318,-295.4289715585503,999.9904849279586,282.00223770667327,102.5204270864901,1150.0182727962624,-229.71123408760965,192.69378130659732,1299.9853307920062,-51.99233231211401,-295.5141969202855,-749.9642346011367,272.90496781016884,99.36370354821675,-900.0373413675745,-199.08263515587248,167.00612524165533,-1049.9751783061613,-34.502626609955065,-195.43346688001228,-300.05713682747216,281.9261964488341,102.64048168173832,-0.023211833967435494,-229.78994589941652,192.85816577333216,299.9277871305298,-52.01019424052281,-295.46413652613376,749.9943797270282,281.8864187924855,102.64568470102718,899.970361970665,-229.80314869789206,192.82900582022933,1049.9618705902894,-52.12086229170179,-295.3673636607992,-749.9842385308212,272.8733666561045,99.3745075225896,-899.9394523140195,-199.11806079053838,166.97433797594311,-1049.9469090880568,-34.542660361837974,-195.4965788747244,-300.03217873267164,281.8877879337799,102.62278467782143,0.05040484858914874,-229.77760821792162,192.81809039458344,300.0257098529457,-52.05809649708272,-295.4500903239613,750.0502470477768,281.9327196077383,102.66290699009137,900.0628390422702,-229.7507476921053,192.88406837226293,1050.0348257202759,-52.045774478820434,-295.41472512537723
calibration_00060,-1212.7416460822462,97.16249466213148,-84.31664663294488,-1463.2453817631138,-330.3800252373834,-18.27707386214765,-1583.551676974298,-128.14901289677508,-372.5962466207075,-248.24432107562498,168.25980642144216,398.642680932543,38.16515314317906,-348.4665850351071,503.454321957631,360.0461637211067,-179.8400911150245,25.975786810360553,1255.1864938121425,215.3285351453523,-96.18040479766783,1396.787955022064,-294.97120897005794,13.820974013643205,1561.426059901879,-134.32595334765466,-475.6146470402264,-999.9744288490149,272.93593287077465,99.36025441480584,-1150.0388430806556,-198.98451286367506,167.10176614638084,-1300.0364943928848,-34.37512047407015,-195.33075511341926,-299.92419300973705,281.88325304953975,102.62651592292133,0.09663808710038897,-229.821534983535,192.7700120874207,300.04273416615126,-52.06102592100936,-295.4856536199566,1000.0234728369165,281.87932106106143,102.59875073215314,1150.0264583717046,-229.86555249110933,192.77575789258628,1300.0136193743385,-52.12151505866786,-295.478490165143,-750.0667199359857,272.926231590041,99.43344113594333,-899.970363485379,-199.0846167982369,167.01350318880043,-1049.9699756788834,-34.47722790538867,-195.43306454327058,-299.955415936376,281.8553768606779,102.63629502063333,0.07904867502477907,-229.88223626603263,192.7851751518182,300.05331237053764,-52.102134899512535,-295.4795670448968,1000.0294424178826,281.89817627881297,102.58014884568946,1150.0121919848598,-229.83074080456907,192.8338690943228,1300.0538439115746,-52.07863632131091,-295.43807150486634,-750.0704647837632,272.90447727816536,99.45507774694403,-899.8850616881806,-199.01507072051473,166.99496881013545,-1049.9755499834052,-34.44267174500969,-195.38216684108824,-299.90719146641595,281.88109500179803,102.66960283640455,0.1234387498620238,-229.83216436081855,192.726347634193,300.1190340521391,-52.02069047476223,-295.4846899492303,749.9787799647705,281.88457816802514,102.6635814659273,899.8904427708713,-229.89892322798224,192.91289532733242,1050.0410850779165,-52.13824803310439,-295.39576434695135,-750.069414497693,273.00755097667985,99.32101278269204,-899.9853635665821,-199.00705309306136,167.07137992376443,-1050.0574130285486,-34.44735852584119,-195.4220187872798,-299.99841700284827,281.9140849273006,102.64028560646348,-0.009695951878659632,-229.74890872753468,192.78462688427567,300.0315958402529,-52.12187879419006,-295.5091599328927,749.963747807912,281.97441496237747,102.61089579013523,899.869700092343,-229.75475977697513,192.91949908272338,1049.8924523044868,-52.193140335877544,-295.3685381337639
calibration_00061,-781.371343428407,413.5489217443127,-134.16405906263967,-932.8626966370231,-58.291927640911844,-68.65544974199632,-1080.0927280675576,107.48134717563349,-431.6347152662513,-331.0009626804607,370.0784565786433,342.3264392209304,-42.06326361812441,-134.48445177028316,490.16598216556656,304.26695509556583,16.36085487994848,24.027841389832652,645.051879600204,592.9224019127188,312.29558702268287,807.3019496707376,98.23932186882871,458.4564332234332,977.2426677802647,235.06304760118792,-36.37133384226619,-999.9499751627593,272.989953471817,99.31785232830106,-1150.0079713046446,-198.95492244732233,167.03687867165485,-1299.966034762969,-34.44705304420866,-195.29987467836537,-300.06255988573577,281.85804257407017,102.60905947795148,0.07708871659627631,-229.81222779653066,192.8222701801908,299.9659109806408,-52.12575933252982,-295.4777931312755,1000.0417305348036,281.8725915546302,102.53971920112389,1150.0560836296636,-229.92066965061318,192.82918895972117,1299.9428607349105,-52.0905314824017,-295.501291844102,-750.0997423846312,272.9711728732574,99.3764245144431,-899.9659480765258,-199.0137621231956,166.9973226059999,-1049.9472661060051,-34.41739614377556,-195.4148187495663,-300.06220726977807,281.8750560315821,102.6131676739811,0.06787276247903345,-229.72616936115858,192.84475576794586,299.9229636264824,-52.15062497723681,-295.52430602124736,1000.0565027634369,281.8838853512294,102.61271551654418,1150.0516961200324,-229.79252563093044,192.79136615940251,1299.9895108087976,-52.15373228234738,-295.47823145523705,-750.020614781046,272.96697401171565,99.38536393237534,-900.0512702884361,-199.0641144666015,167.01021302589348,-1050.009562135735,-34.50021725541217,-195.44992410595444,-300.0184734336483,281.91660872021413,102.59750236561287,0.06309905858902669,-229.76712776877451,192.87237597686268,299.9952265445218,-52.08537593325293,-295.4799765737957,750.0153129167887,281.8635148950177,102.62525982028899,900.0133090486928,-229.89697370498337,192.8255444844326,1050.0043468276042,-52.136890024776385,-295.44016668946944,-749.9801731721307,273.05629508931867,99.38565961602569,-900.0029381566798,-198.8814701549218,166.98184158276877,-1049.9841560124157,-34.391344884161725,-195.40333078347786,-300.06346298781386,282.00176671553527,102.65797442427628,0.11587304395927189,-229.72111582114042,192.86418450571344,299.99824022880904,-52.02403756001544,-295.4983761360883,749.9821907242712,281.9968328001074,102.66062231528936,899.9362467128334,-229.7816914982966,192.84748714557554,1049.9621478596841,-52.05971101617763,-295.3675008756394
calibration_00062,-1179.6939713581826,283.41478996906716,-188.62275840836227,-1405.7504036132952,-162.32925840786567,-191.36297174974266,-1479.930296144027,56.272477961840174,-548.6211066122942,-456.1241598376471,346.77066147782574,282.53096385156584,-281.1438842020212,-223.3643880293036,217.11830381668338,-65.51777931052577,-18.46598380321935,-303.9461311330151,1139.5209487335082,440.2988384151355,60.632628014724936,1299.1303804142315,-73.34927028938002,117.14482873832522,1452.5860646468639,141.39226293649924,-355.0150693053224,-1000.0011359054586,272.97428288411527,99.33160200187848,-1149.955545105383,-199.01707979728488,166.9946709808408,-1299.992213690666,-34.453306596558335,-195.44852692269484,-299.9798911497171,281.9406770215121,102.58754359048547,0.0717385920883011,-229.77445516171306,192.85054017781013,300.0172240141685,-52.07654595731721,-295.46411217661574,1000.0853853254835,281.9034732384477,102.59215420710969,1149.9846085786455,-229.84352733329436,192.84852021905542,1299.9418400541897,-52.169891454275906,-295.4303963787447,-750.0155616616934,272.97487574469227,99.36347918530164,-899.9853143838111,-198.9658562968746,166.9733132099471,-1050.0183027162982,-34.39743513503175,-195.48664342771787,-299.95569889222526,281.9298526167591,102.5788625836136,0.08457829398934655,-229.74704534841322,192.88963021851984,300.02553467702097,-52.16064307311477,-295.51984549753365,1000.111085682719,281.8111523707435,102.59578659226553,1149.9747888728505,-229.82632240928274,192.86544516941171,1299.9594790109263,-52.176043313896656,-295.4908509710445,-749.9578046789186,272.97832133887414,99.2730078104437,-899.9975114561666,-198.99942770245906,166.98494416324252,-1050.047134550843,-34.36278370021325,-195.41970222680445,-299.94971334296974,281.9285703836221,102.59684410420442,-0.006241073018011203,-229.74285272342794,192.8368582205747,299.9799152133202,-52.16582187394323,-295.4225617264483,749.9752667734878,281.9541470257921,102.66897996443657,900.0774129253454,-229.80896972099765,192.87201697764186,1049.9849837894376,-52.07784297898758,-295.5077112809792,-749.9977378906092,272.8375306812362,99.37102841753455,-900.0196094025017,-199.10375060986047,167.0759019260627,-1049.9879238235767,-34.47316817992246,-195.3833046576837,-299.96998336667497,281.8338935254047,102.64227023082407,0.026264759502703475,-229.82566905842918,192.86594129917063,299.9400867653938,-52.18947517660771,-295.4911860025372,749.9929706164575,281.9543288723801,102.56876088554414,900.0734063296258,-229.81165953491362,192.9004998221938,1050.0033258754029,-52.07762562146096,-295.452076982207
calibration_00063,-1149.3699375121575,-51.09881582187653,34.18858222407139,-1207.0370553752464,-543.5156106292043,97.49793971293387,-1437.8889663756086,-396.6037255299904,-228.06686866585162,15.057263517229323,336.88373160379024,23.940172996361515,214.9803899352548,-216.83069469420116,-91.78149603399507,491.957665968171,59.42556231650579,-546.6400622679205,848.889722385197,354.5693906583922,-19.94862093347292,979.2137023518216,-157.9322370058309,93.46755963861713,1124.557507141833,-12.113867106013744,-406.65815366602465,-1000.068293102368,272.96754375106224,99.22150130777635,-1150.0020992824698,-199.04387812392898,166.91315286409417,-1299.9883446991525,-34.426794852595116,-195.5380962704768,-300.073076578654,281.92052654242417,102.62383288146623,0.009200894171350563,-229.77488988423215,192.91453856136218,300.0356874657533,-52.0123691037314,-295.4302543494037,999.9836763668682,281.9230968984823,102.63121874532241,1149.9992690129138,-229.83688965477734,192.86507223774993,1300.0453698305014,-52.109440557532174,-295.47028320787626,-749.9768446202492,272.99275270570416,99.27827630761678,-900.0182500694116,-199.0581434439011,166.89260058474989,-1049.9737326976547,-34.49967951690793,-195.56858141200465,-300.0269036986159,281.92004413111533,102.57530311035569,0.027344813026498202,-229.78926705850614,192.87129574923765,300.007252719801,-51.99879279614892,-295.4470034659902,999.9539532257628,281.8353699280752,102.58706728303218,1149.980979100673,-229.89608255052326,192.786775521983,1300.0200851433624,-52.13266772710468,-295.4929421344103,-750.0223734608169,272.8801435568367,99.2025715615834,-900.0276986261725,-199.0312734333809,166.91002189429398,-1049.9819285889266,-34.51616626799013,-195.52662715565555,-300.05557672114645,281.89203196472556,102.6125316189958,0.031611890982302236,-229.78891463430858,192.80149696081168,300.00650130517306,-52.00082556163593,-295.4557218788513,750.0688089340308,282.00568024007566,102.53576701165562,900.1088730277697,-229.70099103259673,192.82566154043442,1050.0675322560392,-51.99982952493077,-295.44241103126103,-749.988381442864,272.9143083898264,99.3962614311418,-899.9947038689462,-199.03411458103682,166.9905594426173,-1050.023649269214,-34.37999531725512,-195.45880854483187,-300.0286970531682,281.84372039752003,102.64808876249947,-0.050285897334463224,-229.8646284301395,192.85161704925005,299.9522334623979,-52.10115888499218,-295.3995575495163,750.0809916579835,281.83227481898115,102.56827957608898,900.0057009479333,-229.91042915693475,192.76799212557336,1050.0040428415882,-52.20879144754996,-295.5394750273777
calibration_00064,-730.8198412456377,332.83489979308587,263.849264863033,-772.8261039219053,-144.93944810614582,404.70394013958384,-1054.200101224231,-42.32722256083709,102.57454881659397,-531.2020579961262,345.37578753529255,-75.99996244460763,-160.4438391407772,-105.22402391179172,63.62568705186072,157.27689346944,113.59785868950625,-395.8788202467296,977.7136378402774,273.4888252904957,44.00854784189853,1150.3859022252316,-234.3395624585459,113.18378056853882,1191.9858581454027,-68.53014342169338,-399.9537432393865,-1000.0139489967835,272.8830315481387,99.32472959273544,-1149.9232664422188,-199.09058321425604,166.9234164544516,-1300.0014793944665,-34.47284504266589,-195.45857886249837,-299.9250045171386,281.9484189838992,102.59878657424886,0.02535137175756589,-229.80842314343937,192.84264748977148,300.01416923631035,-52.09960916163381,-295.4723016804277,1000.0146685735505,281.93991969131764,102.58909951243967,1149.9790513329174,-229.8602229845439,192.79207549925698,1299.9940535128624,-52.16219228741375,-295.5632614363968,-749.9794113151215,272.9268923701058,99.39023712545718,-899.9731006330258,-199.08202994424636,167.0634986694855,-1050.0167061019313,-34.44805885224304,-195.36579790184902,-299.94267033194654,281.92206341993364,102.61956588294304,0.049870410570944934,-229.7961892312192,192.8634571918494,300.0703256412111,-52.11450089864893,-295.4259922018795,1000.0663673790484,281.8520181616511,102.57996199346158,1149.9610953022893,-229.8295742187229,192.84992586339908,1300.049701671499,-52.09171240098018,-295.51617976624556,-749.9385173434592,272.9476784401282,99.34062105390844,-899.9910443872625,-199.05878312949957,167.05366263773877,-1050.028901311159,-34.51621768349924,-195.34368897107223,-299.94939328652924,281.95120180710717,102.59354556811708,0.06722794302664115,-229.7823890946744,192.84861694405583,300.02407469364573,-52.11876592390327,-295.4285112783373,750.0986721453545,281.89205806557385,102.63360515165643,899.9874098119675,-229.84752020515552,192.8981833792439,1050.014118064661,-52.199945763251776,-295.4559787255121,-749.9959600714849,273.0029821112528,99.36312832136684,-900.053582348127,-198.98138294578771,166.9985452225793,-1050.0605155507455,-34.3832162377978,-195.38150262205232,-299.96839528403643,281.93668595337743,102.57614266047882,-0.00038202366964915427,-229.78544066064885,192.83860631234273,300.06082737259464,-52.04288410536534,-295.45459946268517,750.0300672063096,281.96044249342145,102.65956934913864,899.967194719566,-229.79654073283444,192.86743825537886,1049.9588530868893,-52.09658428059587,-295.44899003741085
calibration_00065,-1034.3525106034635,42.52226853834444,17.849485016850934,-1082.416089553013,-448.8677244900092,95.97064129999175,-1260.0007305227816,-327.631013621694,-271.0977156876624,54.62571749248998,354.2213668624202,208.78580601336887,340.99983210591085,-168.91741118586063,142.81329056606347,498.2396015415614,69.77902688808823,-384.6630657736775,902.5523856204878,61.51779145266727,181.38805560499117,985.9518493101243,-472.1302010659901,208.67648495636175,1122.3880020686352,-264.64141833091577,-271.6949931174828,-1000.0151140690709,272.98506890923244,99.27845986257073,-1150.0718361812947,-198.97903223766863,166.89334853560797,-1300.079141604455,-34.334008419780666,-195.3541056388204,-299.9403291017974,281.9145174861554,102.62805591324236,0.0780762539184907,-229.79532566328538,192.96667557603146,300.0190845182776,-52.16571110394182,-295.3919202603381,1000.0415379883759,281.9509685159074,102.65071630239096,1149.9288944135883,-229.7690059457822,192.9419448619255,1300.0081546132858,-52.13867823671893,-295.3628603151288,-750.0406386916777,272.9889240405851,99.29771312797057,-900.0794472413972,-199.02260074079237,167.0505598408737,-1049.9790398043706,-34.513612168761966,-195.40977452112963,-299.9746072384378,281.93930120677913,102.615231551841,0.04539825929635053,-229.75685693340435,192.96013270879277,300.04096543854354,-52.19893673878509,-295.3767503391451,1000.0675897941828,281.95910020818116,102.63816044365656,1149.970811723382,-229.83658227224032,192.93603983970792,1299.9487883342842,-52.144375417467245,-295.34147167598763,-750.0317854388529,272.9518076325055,99.41429423073015,-900.0518219806673,-199.0039949267789,167.08327684394095,-1049.9525730934558,-34.49630838038843,-195.4146245212553,-299.96102425794385,281.92648596879417,102.61580613667408,0.07010975798481353,-229.77839775519698,192.95616373897357,300.0036949483296,-52.217742901459324,-295.423229472102,750.0202505437114,281.9167213623808,102.57373189333204,899.9780872385069,-229.7907177728309,192.80352948770314,1050.0000266509082,-52.085517122078535,-295.41573068659716,-750.0815961723821,272.9103235152028,99.36773435787487,-900.0288461205688,-199.02929678222552,166.95728996371292,-1049.967168548609,-34.502040729303474,-195.5041116262944,-299.97402517493464,281.93175763054035,102.61001713366075,0.12057165729235678,-229.78199258763655,192.9156448760815,300.0392973036922,-52.099486989317214,-295.4328865600662,749.9739610658128,281.9201565725394,102.64096843903462,900.0129484369072,-229.80748965180663,192.82740736714513,1050.0423479550302,-52.02222471212246,-295.4271878992479
calibration_00066,-878.8058935714442,606.7176453569914,354.13957791884707,-1035.3023565116891,135.99826859228716,415.5487361033977,-1192.0148099016792,311.07617118833906,61.02611074898641,-527.4008720223362,136.81093415319884,196.3313544083151,-231.16930866764181,-365.71033574129757,336.909199629071,82.32412265173825,-229.28482373258598,-156.13973593557233,1177.3305748185621,511.53523077279556,308.0607650939488,1458.3054348363846,51.29093275130589,349.0044609959592,1591.042105496402,337.61577045456534,-90.14437260243719,-1000.0958061113156,272.9116612385901,99.37410035736484,-1150.0306901848112,-199.065883382546,166.97837790691025,-1299.965790115441,-34.5062304704039,-195.49906284047123,-300.01240082104687,281.9822736033512,102.54059890397036,-0.026137005394642494,-229.79229663190208,192.7647628072602,299.97871253835973,-52.14271642629563,-295.4237725428079,999.9355496828131,281.9431664547615,102.5960268904463,1149.9231440183923,-229.81247384613354,192.8758437277905,1300.013226359108,-52.155667931185775,-295.3559042906203,-749.9492255745723,272.9115421547768,99.30922866723537,-899.9783048021153,-198.97249676403197,166.9948273950401,-1049.987761535893,-34.42950567683264,-195.42814317384205,-299.98710414038607,281.93853780277976,102.5790204678988,-0.011774623734243343,-229.81722387640187,192.892189616489,300.041112151242,-52.042098297956855,-295.4181834953805,999.8859845732815,281.85667675732344,102.55475107407553,1149.9305303392182,-229.82619880938583,192.8849583679114,1300.0433856058676,-52.12928309226606,-295.35485340933155,-749.9516138493701,272.93040495281537,99.3275503717166,-899.9852781425784,-199.02116714966618,166.94124693758445,-1049.948790291222,-34.409553977809445,-195.42824591348244,-300.0289756515438,281.95547911578456,102.58492501021922,-0.05738975563382046,-229.78853603757958,192.84817286120494,300.0140012003047,-52.094722634781114,-295.3967207448902,750.0438654894865,281.98422640887054,102.64107540768474,900.0764065549903,-229.77217175468857,192.80603507355514,1049.927459587655,-52.10514231070954,-295.51508137141604,-749.9576976210443,272.94179740217777,99.4049821571156,-900.0200386626431,-199.0211117639934,166.97441171035499,-1050.0111078835384,-34.485463849691364,-195.37106626826767,-300.0268079763185,281.89634065773606,102.64994216708911,-0.019401543036222824,-229.80901312263035,192.92729166217867,300.02639442860334,-52.085007865989134,-295.40913606854514,749.9854483561882,281.96059832043807,102.70748301044544,900.0247269780849,-229.83402122674445,192.9017620454937,1049.9040522704718,-52.10670202094607,-295.4188023148693
calibration_00067,-1010.8523583605003,412.0784975749234,353.4907291139593,-1191.2332794612487,-52.50709753371135,391.5471969457193,-1305.895442550163,133.71656372384768,26.6811346824971,-239.04605127355578,107.82031702429947,120.98790177851933,140.26623643721834,-347.7492373974236,213.86803011016895,368.4910878765407,-165.75430957173853,-310.37192924436937,954.2856037216804,139.7919575885268,325.0978548542983,1066.9241157462902,-375.98702266902876,442.6138412744756,1156.9255409241046,-256.6796927528807,-77.18955434475389,-1000.0060533498855,273.01327450345855,99.34037854271718,-1149.9370372515918,-198.99363111739075,167.0911343179879,-1299.9772538848122,-34.494136815272064,-195.3272619533559,-299.98389265750296,281.9140164772056,102.56630535463873,0.014859632701268253,-229.83807818398665,192.74367997932274,299.9981355926865,-52.06689355750812,-295.46962244840375,999.9360817743545,281.88233022277507,102.57507582584454,1149.9601510098194,-229.858674838556,192.92164664240627,1300.0100158594041,-52.12984076616469,-295.40397010645626,-749.9937197781702,272.92601776054113,99.39698982380872,-900.088583760509,-199.04027413262202,167.04098841192493,-1050.0611777815416,-34.46412974565589,-195.41207079737404,-299.9691767111826,281.97005280240484,102.54495949654387,-0.028302779697954476,-229.7962102230102,192.80962806264193,300.0116472611456,-52.062718878192165,-295.4598748262283,999.9811526110616,281.87810055562585,102.62688434933077,1149.97151601614,-229.8134219235147,192.9100264472191,1299.9904025417668,-52.11310269776957,-295.3712811188739,-750.0724364816391,272.9549654375899,99.39059129410411,-900.0879567669162,-198.9991720393644,167.00159114842924,-1050.0732335793916,-34.465393137521744,-195.41886668216776,-299.9856102827796,281.9446463400512,102.63021262006339,-0.05932289539521733,-229.80465602424124,192.80404496707018,299.969315528016,-52.029264489296025,-295.5023483711058,750.0167007315038,281.97346984647754,102.55107277973713,900.0316442397351,-229.83191755559776,192.7885125142708,1049.9612176923317,-52.111057729805395,-295.5083270216187,-750.0046611815302,272.863914414304,99.41525251099037,-900.0624281328099,-199.14037897382744,167.0290385309939,-1050.0854218056481,-34.56110864602894,-195.46845516492394,-299.995116315852,281.8595044126697,102.596799226433,-0.059046622930498255,-229.840848766076,192.7922605757383,299.99820618870785,-52.159605975978614,-295.47218042882326,750.0133615235918,281.9067875550882,102.48008741588173,900.0289499285869,-229.7472688607516,192.77161868559227,1050.0086772534944,-52.09647577956613,-295.4949788844273
calibration_00068,-826.7719922796412,-81.06382220633196,98.4844834018295,-1131.9801585553666,-474.9941737395927,59.80167441392186,-1146.5685696307708,-227.57791413059007,-285.83678588688235,-119.45920215944975,290.0371333994348,-66.06230967449889,246.67339153702656,-175.9801151941469,27.49856308863284,481.0264649893909,-0.3833988695608273,-496.22556412638005,779.5373070393031,39.71649487358731,324.86072651854107,938.4017819167997,-468.4652319080707,419.4609272646062,1099.4651314086757,-286.70192832182056,-63.833890636824385,-999.9672265237841,272.9651485755498,99.39366772749455,-1150.0024496398012,-199.04990577230384,167.04012173824376,-1300.0821686540555,-34.44645184744423,-195.35349263548676,-300.01362990818325,281.88283316326294,102.53000376438602,-0.02390231097436632,-229.80251055533205,192.75676738952131,300.0674327633861,-52.08849784710033,-295.456411746887,999.9721731645647,281.9143152601987,102.61579432498783,1150.040579835254,-229.80177536375817,192.96198279836906,1300.0785058663905,-52.1705452662376,-295.3967771448567,-749.9842481089971,272.9083200942441,99.30603903698687,-900.0301159639346,-199.03294517269296,166.98909763315882,-1049.941877968421,-34.51825086551592,-195.50238130449424,-300.05992701726325,281.8545882761713,102.51787609490573,0.05795776504338993,-229.83189261602104,192.83354458851713,300.066408050203,-52.101285175918434,-295.4209667406266,999.9952626479197,281.9267026340445,102.63718441505122,1150.0219513526251,-229.7795542259337,192.92897682022004,1300.0849620848107,-52.16388304443456,-295.35861491756265,-749.9713001245163,272.87894328811956,99.36576644985949,-900.0021939291217,-199.11024479264415,166.94392980465278,-1049.971151845765,-34.57582518522186,-195.52957034939362,-299.99296044067074,281.86112655357795,102.52262995139262,0.0383635933137631,-229.75166284637365,192.82597652609127,300.0299135432605,-52.10967031497935,-295.38804330933914,750.055653500469,281.9585919178858,102.62075747405564,900.033623354424,-229.77697248050617,192.86784565405384,1050.004893058068,-52.109686711647406,-295.3994356374178,-750.067698225605,272.9374173691285,99.30369823141731,-900.0527495495006,-199.0640306254033,166.8442269067458,-1050.0007870435513,-34.37315074511918,-195.52070972282831,-299.9943417658753,281.8500030708816,102.56189772236532,0.041998050218102476,-229.78747815638724,192.74211494269846,300.1093049025054,-52.08384604212601,-295.427680327315,750.0308477615952,281.85377865782175,102.63438602410014,900.0027334492529,-229.8734829415999,192.84222394831622,1049.9604515978976,-52.10879709431195,-295.38635664733044
calibration_00069,-775.5086705789724,236.2558103645648,422.73515245076106,-868.9812026384427,-248.83230013240194,498.7119177378196,-1005.4471300873199,-117.94435652585787,117.71120274950205,-149.6920306012407,206.82119694366253,-204.36185812068976,303.49553260973767,-183.18677700231038,-154.3478032127655,533.9765261413215,142.3907780709335,-602.5680635186428,944.2778196296376,16.817604102511787,42.95671779162824,1086.4471154822425,-503.2313526844112,85.48734405013012,1232.9326451556826,-285.5373318695593,-387.40497354031595,-1000.0346665373849,273.0463444478845,99.33980511728384,-1150.055000114568,-198.97670276521936,166.99365100423967,-1299.9738544647064,-34.44048868941431,-195.48232791480828,-300.00204678167677,281.89189068558034,102.57571457958495,0.0632470970200507,-229.86299507203276,192.87980610311988,300.06246162250875,-52.11547759611273,-295.44615397610806,999.944177370111,281.8852041339008,102.59588717548857,1150.032771819784,-229.76301261529335,192.8413064564544,1300.0744232913034,-52.07808079447954,-295.3638273889118,-749.9851321740612,272.90553449591994,99.29108530163137,-899.9390450068288,-199.0747825085607,166.90735243242617,-1049.9901834510824,-34.47910387915615,-195.43491795416492,-299.9816910023075,281.85294359873194,102.57879495342303,0.08337299312182031,-229.75701235747076,192.8533094426036,300.1122595638823,-52.04217017519833,-295.5014870725798,999.9348170272551,281.8752279168655,102.55715301972342,1150.0805161504131,-229.7671191989079,192.8907495006533,1300.085065774443,-52.04432703705567,-295.3966931770491,-749.9267654025182,272.83153642521904,99.25129407703103,-899.9007875047618,-199.10661053858001,166.92592040853432,-1050.001209421737,-34.53917224991617,-195.44682189246777,-299.9155793939017,281.88597187561845,102.5321384496529,0.11442249526650611,-229.74801555579992,192.80890804992202,300.06538557578216,-52.10561424380567,-295.4896613736309,750.0418893067093,281.84699653095504,102.77271861467393,899.8513859450751,-229.87065837763612,193.02831723454415,1049.9801619702562,-52.14444692732102,-295.36086310561745,-749.9908645952227,272.96066352993313,99.22727024745213,-899.9096402805451,-198.97918451874276,166.9656783191051,-1049.958843128871,-34.44980015932828,-195.42583845285247,-299.9721472435448,281.91791533599377,102.52184854489413,0.08620497110111813,-229.72921416096526,192.8713221351362,299.99755846201475,-52.137189009865715,-295.48155001828127,749.9861466312996,281.867167890317,102.6833346154036,899.9227964679593,-229.88947862284596,192.85331192747006,1049.9396493278773,-52.2228799716373,-295.40241729022813
calibration_00070,-887.745921359309,110.16982795298767,-58.53458815613325,-1016.2489339307791,-365.73254422991823,24.560975952033374,-1175.4830904881162,-219.1280117688812,-341.62284884355284,-417.536594893437,494.7209546000755,274.3540848903197,36.83769636030968,105.15854180594727,232.30970007596457,133.3053572036201,389.20248366828633,-287.27657385452034,1015.273747954795,132.00045246867742,104.52880438016278,1117.2032778536766,-384.2486796003549,229.07742221869398,1340.0508901391345,-235.85262180192552,-240.78124440458373,-999.9867434143656,273.03115560266457,99.32181584292655,-1150.0433701944826,-198.97921414060448,166.99115588860266,-1299.9731305789874,-34.35739492753041,-195.45216298868596,-300.06445914625834,281.91822424678566,102.59128976495901,-0.02962270948648297,-229.81908107006444,192.85709010351817,300.0574734800634,-52.07754096707056,-295.3990997532609,999.8823677784434,281.97385495031637,102.60464469312917,1150.020877387341,-229.74285770968498,192.87369908710454,1299.9761758004715,-51.954009415397046,-295.42419257358307,-750.035731154585,272.9365090155111,99.34357780196581,-899.989493155612,-199.10369220533133,167.03193694009124,-1050.0252200163084,-34.48384343656236,-195.4280345167176,-300.04035394102675,281.8243123193317,102.57381377464738,0.03338644684146193,-229.77849034614044,192.85253067123622,300.0665323747326,-52.07387855846924,-295.3918755429431,999.9054339706987,281.96726890030914,102.61643635249347,1150.0162115685002,-229.62338117533213,192.83240467818018,1299.952474713084,-51.98132149040201,-295.3878629854766,-750.0211357818448,272.91860132230465,99.41099507112939,-899.9685161464784,-199.04561861766706,167.00509367196213,-1050.0111001555933,-34.483248485323834,-195.3896363987052,-299.9877259245455,281.9008889241898,102.56117857514697,-0.030864925694376183,-229.8211475940132,192.87675755442547,300.0755935616688,-52.0502745204198,-295.3726760535696,749.968810305815,281.91437242781984,102.66000623383358,899.9945351319316,-229.7894810647928,192.89924578465585,1050.0948716063187,-52.13731694251246,-295.3897857815784,-750.040009026228,273.0169163888493,99.35143254662852,-900.0005962130546,-198.9717474715545,166.9834657716423,-1049.9646423180823,-34.35157503647072,-195.42596351627793,-299.98825303905517,281.8948160738447,102.59777811107658,-0.036865504968941934,-229.81301452259734,192.7896732984241,300.05218436089893,-52.08942800749791,-295.4167755580793,750.0467235491191,281.883981623874,102.56856150636524,899.9859198832114,-229.84184596314165,192.78630053698697,1049.9519379839069,-52.164362897130445,-295.4685941071533
calibration_00071,-867.0562950921302,-84.33643960737217,237.4309775830652,-1152.4467165952362,-472.95383566170597,368.9929434383522,-1295.4485300225738,-282.13065045803893,16.73806860403737,-207.43597851838442,514.4632513864178,-233.68062662419058,47.9604596236298,-16.467275604400875,-120.42557208445221,424.676806182612,156.87282007337512,-554.090465419486,875.8814700152959,481.874128327438,129.79979157501208,1039.1469663590622,-27.278645915938576,210.8219267631894,1184.126183825,162.96790809839754,-274.25310910060597,-999.9577091313389,273.01051481673505,99.34390933505428,-1149.9781809626056,-198.93145413137015,166.99903933570778,-1300.0359341722092,-34.32858691083654,-195.37669533504015,-299.9696290775747,281.8687513317727,102.5760031921352,-0.0476063619537494,-229.84515117367135,192.8260300108943,300.02301792448174,-52.10783720603328,-295.42791189604503,999.9883965836648,282.04339152134406,102.62842235968807,1150.050938023479,-229.71189035104962,192.86235407772804,1299.9685544730369,-51.933921601059744,-295.36312888049116,-750.0531195782066,272.97483931665187,99.3733214890187,-900.0137677978513,-199.02391644038372,167.03570207707517,-1049.947801912108,-34.46953427878552,-195.4828142435112,-299.98520730454123,281.84676959879846,102.54654218446953,0.047611578738952276,-229.87480525958043,192.8273031299466,300.0132032398891,-52.13968476302357,-295.46140244679606,1000.0195103355989,282.0342950053296,102.68891252952237,1150.0806764374765,-229.71032078125995,192.87639795297676,1300.0087989198164,-51.95389922201861,-295.3787094988404,-750.0236934268579,272.9973373927566,99.30435640976854,-900.0559278213179,-198.98933338318042,166.96029008337086,-1049.9683266041147,-34.48684330627013,-195.48839692006382,-300.0251100843992,281.94416342867345,102.52906911157069,0.017632260196286453,-229.87792371308,192.7642978144869,299.9752425578494,-52.079665685619645,-295.5042057322122,749.9963132816531,281.8149727521009,102.58041042472574,899.9627127189975,-229.89606189289407,192.826605037914,1049.9362048653245,-52.243083775968174,-295.39892311894073,-749.9826038568146,273.02149719833284,99.42045410937682,-899.9678207084237,-198.96189868186707,167.03244442083442,-1049.9481516245592,-34.43341689455715,-195.3726233289851,-299.9238555001993,281.9368643981649,102.6621638376336,0.03216797776755957,-229.80780837329792,192.82564644310122,299.997644334976,-52.1022182879432,-295.42871195504273,749.9876784863311,281.8773419002684,102.63213282684579,899.9823424686315,-229.80731031065224,192.91593361147414,1050.0324215957885,-52.09381611594573,-295.3898247069157
calibration_00072,-638.6373636818003,-128.13214400081543,500.58927156990995,-884.5736874558648,-555.7953510801158,420.1322500471128,-921.0613704609702,-286.82361695810897,92.68052244234751,-433.3677487259116,184.821379636232,-139.00832975703634,-54.88976153852852,-275.83985602335053,-71.23556038651863,192.95302714631063,-47.50976768655294,-567.6750807617888,1242.8059890196603,486.1689326692969,444.8851180556156,1293.753924102823,-50.96013871041615,407.7982939604768,1497.7785906286283,207.42864920652738,-21.28849764086366,-1000.0706426768953,272.9133649133528,99.31192880167056,-1150.0817806698244,-199.0498359604696,166.9954697373574,-1300.0370324991925,-34.49463603269037,-195.50035787396976,-299.96212852104946,281.92774194740787,102.5158439977561,-0.010507151287607866,-229.78430044648297,192.7869314483832,300.06016256579056,-52.05133011846954,-295.4475122871054,999.9438369992313,281.94356422078766,102.58472770290608,1150.012370602204,-229.78302652617634,192.8482999591579,1300.1062120604822,-52.07573690399328,-295.42198511429325,-749.9820627694666,272.9353672151597,99.42812851155495,-899.9932938899013,-199.03540776971363,167.04441669848725,-1050.0137711178,-34.42742461488949,-195.33580750390513,-300.06218180063723,281.9155544853635,102.51800253711806,0.0006759567951544654,-229.6970938965251,192.8218871143655,300.0154876980355,-51.995472256572015,-295.42806363263077,1000.030564001726,281.90729907116275,102.61961209338011,1150.018546612489,-229.8183381756439,192.84767922237216,1300.0032456886202,-52.089831957371416,-295.4573417553577,-749.936221240505,272.9849907077858,99.41024928762074,-899.90639912662,-198.96069618140496,167.1021457719522,-1050.0558770980342,-34.44178026757218,-195.31967576653113,-300.031179968814,281.9286556470345,102.52468953915394,0.02330842623204736,-229.78796796799006,192.84081657976958,300.04092468629705,-52.07593468566589,-295.4330976785053,749.9414122844089,281.9509874272067,102.4846075184782,900.0431168333861,-229.82662518507195,192.8902154666013,1050.044909732343,-52.20238746058266,-295.50442969634,-749.9822875699778,272.9500408197686,99.26331525607274,-899.9774606507941,-199.0467826264859,166.85673955019533,-1050.0218458802026,-34.42255734998938,-195.45287799803907,-300.07282419261367,281.8732075214954,102.50330273484126,-0.021043071816996235,-229.77595320979432,192.73853167882805,300.0343104165256,-51.90327603888974,-295.537791724939,749.9442648648417,281.90690636055336,102.60654218339118,899.9363345995353,-229.82651638452577,192.88600109034857,1050.0473083435577,-52.06186140063218,-295.4044656197617
calibration_00073,-1268.0209308891713,395.20771796708163,510.8050661632163,-1260.3517545917132,-103.35917787068729,476.33520896013977,-1416.5718600620335,78.37039221906477,124.94115266066537,-304.1600271836202,276.76176769635697,-145.10641692489932,17.52147677888131,-220.97078240724912,-51.9699889764537,293.81190169181247,-46.225531958804055,-555.0463768980223,759.7394397012532,633.4353640224242,-95.13028829726234,850.1183895258752,111.98263655635198,16.282409752986545,997.8419231427878,246.02149177092213,-486.467750902234,-999.9735687693119,272.9307426453282,99.26504657826217,-1149.9629040580824,-199.02501859023477,167.03690279269227,-1300.0298569729503,-34.491364064348254,-195.37803502901266,-299.96864438180745,281.9527935332745,102.59009372628913,-0.014291763318491838,-229.7817663374769,192.88114994457197,300.0314178732876,-52.0723787894925,-295.4220851186567,999.9411816101479,281.8566183283901,102.63421446152344,1149.9922228282405,-229.87686128385653,192.78602125284823,1299.9735708469657,-52.182165262306654,-295.4967899765765,-750.0221001360659,272.9477121405527,99.32982537504037,-900.0765305076848,-199.05863820177572,166.97322648727112,-1050.038672797685,-34.44948087744073,-195.4678816934459,-299.9463363202234,281.9443182933956,102.59300169774257,0.02372565685819173,-229.7620319432368,192.8317590059891,300.05155977203685,-52.11257597381665,-295.4505965862825,1000.0029046693952,281.88329806415976,102.49729494833096,1149.9789819931816,-229.93388458259494,192.79367270364307,1299.933991324816,-52.14453067444583,-295.4625654481195,-750.0249446661823,272.94474801315016,99.37322534049352,-900.017502627859,-199.03876938921562,166.95722786667756,-1049.9514048936207,-34.40875390423555,-195.47231120800149,-299.9859065737895,281.97502182791646,102.56015122937492,-0.004561322839493244,-229.79746375789156,192.81533384855004,299.98978109666973,-52.061019676436466,-295.4290064540631,749.9766837578024,281.92094133674345,102.61454080609036,900.0520121228881,-229.83305420424477,192.82304832686768,1049.877736619402,-52.089559351750935,-295.42388974723934,-750.0635663169702,272.9651754099249,99.3490541219682,-899.9972495278001,-198.97865119553165,166.93657298458444,-1050.0191110767132,-34.42567219900546,-195.47010102885363,-300.00615378906633,282.0062590309939,102.53133768072574,8.73923810245118e-05,-229.81082222229372,192.84664692628456,300.051011722805,-52.05455358790994,-295.4506056757371,749.977750832408,281.9235599927352,102.68024074450857,900.0485798110522,-229.83188335698,192.8275381341916,1049.9911853228145,-52.02288795366995,-295.3962385896504
calibration_00074,-1248.0472055427852,6.712947223168506,117.6202351590988,-1349.503579439351,-476.45213783906274,39.745037985784805,-1567.0275964491289,-223.28886938208694,-223.94960698668876,-49.20892078257339,60.05190027972416,-14.119451857463996,288.88494299813675,-434.67416999553586,16.420752424995598,572.9490269281845,-178.07937973188655,-445.62754831549034,886.4570014883668,353.51120902503163,-65.75760995613494,1079.7371655707898,-135.92767673915438,59.120563170202004,1221.8792013421994,23.32850382210626,-437.81212037378475,-999.9102770937062,272.9589483263272,99.29665040232233,-1150.0125215036326,-198.99805436818036,166.9639133374556,-1299.9367546271474,-34.41879079418523,-195.4028764433327,-299.9955445982876,281.81032813060966,102.69899203469427,0.08115877866424101,-229.8577157601253,192.89159193454435,299.9915413373382,-52.06825080656186,-295.4233425175882,999.9847447955798,281.8436889487744,102.67435549499486,1150.0244429035283,-229.960467648276,192.94103272430664,1300.023105119148,-52.22069876222555,-295.335540691475,-750.0411763045865,273.00388131452934,99.27677757952537,-900.0468760084894,-198.98423050759448,166.94367277991844,-1049.974197228951,-34.423442993450244,-195.53441531108385,-300.05854754373473,281.87917448756014,102.66413887273721,0.0871020524380789,-229.80187553747993,192.86176083203836,299.9039335424458,-52.072089796117034,-295.3991411319342,1000.0027287965685,281.852011899897,102.6710916721825,1149.9924186604096,-229.9137919446004,192.88042037848098,1300.0346209709644,-52.20688795315911,-295.3646244726569,-749.9951550660118,272.98679879197647,99.34911645611761,-900.0463248775343,-198.96735448120197,166.9665670340747,-1049.9580042667037,-34.41608278403272,-195.48520735892595,-299.9453115764572,281.9060207383308,102.69810386804747,0.04576213580544476,-229.8473633033679,192.87999847579619,299.98412478695855,-52.08576048723752,-295.403316561289,749.9799285688235,281.89633110121054,102.58215010922952,900.0832995071088,-229.8194462929133,192.77789112078204,1050.0317274690995,-52.06504472055215,-295.46733997701546,-750.0624121238368,273.00775359216885,99.31129740000716,-900.0291469333608,-199.03534872228525,166.93051793578,-1049.985380089245,-34.47783949892758,-195.52716521363,-300.05596513633145,281.81819767310185,102.69540668299062,0.059852362134452684,-229.8122963063807,192.92671197095024,299.9779479284443,-52.07972907043903,-295.3372879502632,749.9428631965145,281.95881671195764,102.60789685522757,900.045042244589,-229.74852234476876,192.90120427659116,1049.9725590676974,-52.10468905480906,-295.4510904225545
calibration_00075,-1092.7070887444495,117.73632304016813,146.7641888367419,-1249.197214263027,-355.9060154515135,114.22812582080806,-1394.8569971220627,-117.48064675230111,-206.4688144976334,-210.52629227046629,569.9694137542515,-76.21892296665459,26.865870129057168,29.19035331194325,29.71668278467284,455.72577774897564,228.29290721610394,-339.70122626319795,878.5044492163115,122.30975014376119,-134.87908459491044,1073.2118680847057,-382.31780815559586,-136.63098000815611,1121.703816034832,-138.91891408509082,-617.1489044301215,-999.9462079388054,272.9631485927845,99.38631470699889,-1149.958342922349,-198.99234503410605,167.0446764229178,-1299.9954638345894,-34.44717893897935,-195.41891082800848,-299.92965114127907,281.94072847424513,102.54496385601963,0.046007185824128466,-229.8152294655979,192.81011084825565,300.02558901949317,-52.13648008831532,-295.4331124472698,999.9601810979076,281.8658712228176,102.59052142912627,1149.9344972822742,-229.8572739753378,192.84096958580187,1299.9332908202537,-52.16372530476955,-295.45346535353457,-750.0475554904568,272.91311147014983,99.35578563835081,-900.0935733591466,-199.04648999754914,166.92746984006797,-1049.9913596783551,-34.47307010292025,-195.43790988143974,-299.96345315451885,281.91675881974146,102.59317488605144,0.022493990815944546,-229.81329678227814,192.82354887147378,300.0343114178612,-52.16737669502727,-295.4272444383445,999.9616204812197,281.80758588877217,102.62265351215494,1149.858296638665,-229.85966490087418,192.88314969301354,1299.9506171141322,-52.16979428795333,-295.43466756712485,-750.0672530008031,272.98706861308744,99.38165164279062,-900.0465418012972,-199.07833490081615,166.9561435214089,-1050.0438194147807,-34.477941422603244,-195.45248122272298,-299.9607204778742,281.91008528719163,102.51642959478825,-0.006336027032297822,-229.8137696225179,192.85725418072607,300.066762918347,-52.145092022786386,-295.4426215550062,750.0643813603331,281.94307574202423,102.56299826632431,900.1104062691862,-229.76609830438903,192.8064352589292,1050.0070487327432,-52.02829158852825,-295.5178861201028,-750.0444211527476,273.00432567168434,99.39352523460522,-900.0285953572003,-198.96677879209756,166.98251983039464,-1050.0217481797358,-34.39978743367301,-195.39839450196197,-299.92780956965214,281.93172409669046,102.56688683090215,0.018162190345463822,-229.8111565785005,192.86818269484297,300.02704654086284,-52.13412557803303,-295.40821529399784,750.1396941792491,281.870522672805,102.60348586424635,900.0425602529625,-229.80087412210293,192.85073433171,1050.0414339132926,-52.09403674241746,-295.4765304367923
calibration_00076,-1013.9147892639854,239.21963475570897,292.66111046163934,-1061.9612945919364,-247.09991859321894,187.45709653517835,-1230.4802794416605,-0.9519502751079465,-115.80202247571326,-383.99946017942443,449.0648851035325,400.38222594024427,-175.38296507444215,-110.06165018141338,462.3485926472948,212.17731499978782,68.25592790640016,40.44341981388741,1365.6969226251742,233.69051247169713,302.7330260820434,1444.613739855389,-292.19163210609787,401.4753102273575,1654.6885409596027,-135.5502734288528,-71.70537275663011,-999.9551468003166,273.010247862802,99.28121540191076,-1150.0112542237673,-198.9649915581935,167.0192307883576,-1299.997826630137,-34.49436917942003,-195.43587111795702,-300.0465126488652,281.85750472754114,102.67091977627166,-0.025082586429929093,-229.81577643520205,192.7593772938805,299.9355913974268,-52.11248918325256,-295.4946297540478,999.9641964949278,281.9533161814532,102.61741802849805,1150.0448949646525,-229.78905963262994,192.99125438425958,1300.0316159666181,-52.07115903629621,-295.34741713167904,-750.0215580041631,272.8884915698112,99.3588554931664,-899.9878758297069,-199.00006605805416,166.94566264786826,-1050.0142778396655,-34.45553419949882,-195.41854318534104,-300.07352031587817,281.84394388939614,102.54184612973614,-0.02705215490823192,-229.88331542891478,192.76105368161086,299.89510170996965,-52.139027705565894,-295.5040602200998,999.9173253814498,281.96966090747884,102.71399698554292,1150.0160408425957,-229.76545078761777,192.96591180069473,1300.036049321038,-52.025036298504396,-295.31934867446506,-750.0245049575796,272.9005062670351,99.4034557107151,-899.9775777133568,-199.02592912039617,166.90214032556725,-1050.0088585890842,-34.46785463232141,-195.45117315480346,-300.01044246023946,281.8619259973367,102.58973621183002,-0.05861713239034084,-229.8373962094137,192.77807917362395,299.99535099335674,-52.19155336373028,-295.547970527423,750.0637647699863,281.89105262702685,102.57338145775341,900.0395551014176,-229.82990444265965,192.87858246088865,1050.0449152614374,-52.190258411776966,-295.4890890375682,-750.0189245138268,272.9368898091046,99.31862825965875,-900.0013524089078,-199.06341501930603,166.93139699249542,-1049.9642005802857,-34.49360653567757,-195.42892838725712,-300.0797187925452,281.85258640910854,102.50623209752084,-0.050936994522258326,-229.82347948274284,192.8049413842377,299.97984826727253,-52.09743678815629,-295.4298990644019,750.0372685224853,281.94130761335185,102.59358356462663,900.0483239181102,-229.7774126106595,192.84541054470012,1050.0186694867682,-52.074253931952356,-295.38488950930395
calibration_00077,-741.0253834800426,14.10406830912203,423.08288906765813,-891.6852057129095,-462.17913507662183,441.9715929000613,-1034.1366680099436,-263.5662922066069,93.88431979340467,-266.02428248239937,553.5166891957832,-167.20561039972324,85.1424935874275,67.1896376198744,-155.373737817617,339.16163127761916,331.65875696266136,-630.2706857672812,914.370478957494,67.12122164370247,372.3397966521843,1110.772394367868,-418.62456170564,506.36368286221074,1233.351083829158,-277.4630803510626,-1.1401351154266617,-999.9679042641787,272.8600528773525,99.29428000541405,-1149.9948064236223,-199.14843967892975,166.98248635501926,-1300.0479077600785,-34.52732745548786,-195.39606128785175,-299.9802073346903,281.92231739040585,102.64256764054767,0.005388878134976481,-229.8144427428372,192.82202492394083,299.9184163264431,-52.02208920519394,-295.497575804004,1000.0576614052837,281.8975486929726,102.60031198751334,1150.0182943434236,-229.87254774347477,192.845462212304,1300.0260957151065,-52.19671358194659,-295.4220241226323,-750.0216769665079,272.9841851151081,99.38507729864521,-900.0585403168947,-199.02323202480844,166.98431059439622,-1049.9489065810712,-34.473275823787866,-195.41974520595147,-300.0376499111507,281.9052142521812,102.63478100489598,0.09699168841590822,-229.81418983523076,192.80889449344818,299.954945078851,-52.027284604086795,-295.4674216409059,1000.0091882747791,281.9359732636957,102.68092500896594,1150.008768084329,-229.8779829574649,192.8937599811151,1299.9737114835887,-52.271662778960724,-295.4263218144876,-750.0661705586116,273.03471803267934,99.43287554300588,-900.049677591876,-199.00570947826347,167.02490354356837,-1049.933068019481,-34.43775396079043,-195.41906952917358,-300.005182781498,281.92324426442417,102.64816278830399,0.018400819909458,-229.79865550931368,192.84951325413203,299.94719815551673,-52.05563719204352,-295.54454336201894,750.0162278873142,281.930161872279,102.6273413813047,900.0437866462206,-229.7701745679359,192.81317462556515,1050.0603630254695,-52.04164927484147,-295.4142863443376,-750.1303344704385,272.98466181314944,99.40103798634254,-900.0002127374977,-199.00640739220805,167.1051362612212,-1050.0053984885778,-34.52744680330575,-195.34470019357752,-299.9198657566322,281.87468477923505,102.67520724254943,-0.0015783151353574512,-229.91601176994223,192.8031839714529,299.8558820249589,-52.16987098934024,-295.4286813383292,749.9227645935322,281.84048953954044,102.56087100112241,899.9708000942974,-229.86493728846182,192.81433185057875,1050.0788819056763,-52.11918930307864,-295.4359165534172
calibration_00078,-1244.2550547080925,449.2395634583461,212.87772375835263,-1510.600341495985,71.43266027815294,403.02222865353343,-1588.0791332723709,128.3691764524394,-11.348921814710963,-105.90780336254664,536.6465918527934,-4.69859191187269,182.30675548158612,12.072541509495682,-45.61536098983575,493.8947888958586,301.96808751562884,-468.53920166438786,850.6327837272779,500.4404293133429,-192.15548774954453,1032.1161904938238,-0.5974941789230572,-100.04421359297622,1198.562975318446,196.9410173564281,-575.3051917615161,-999.9842777621847,273.0200182601314,99.33844076321957,-1150.0148085631342,-199.00689506278835,166.99403827799065,-1299.9658941345444,-34.46755846792026,-195.47263598939847,-300.01749077748076,281.9881698607193,102.62715081925728,0.006908895223133105,-229.85404400758057,192.83293559209164,300.00580717238756,-52.0688622438666,-295.4271959205272,999.9753694561188,281.8970379501262,102.48360039346029,1149.9744839909586,-229.76317651749406,192.78708561379815,1300.104636692491,-52.161051054259474,-295.52891125345565,-750.0252388502751,273.00394189889295,99.28314359677195,-899.995252991241,-199.01495168382613,166.93718503187407,-1049.9724357450477,-34.48481794390552,-195.49148359082437,-300.0618323355696,281.9338369322445,102.57962561207495,0.07233896513258282,-229.81207238620235,192.82878299933083,299.9853739719615,-52.1312012515471,-295.4303231552292,999.9488187207285,281.8563172502114,102.54629408966827,1150.0175455564604,-229.81538152018044,192.85088650448841,1300.0476899820146,-52.154418910249156,-295.5527885709754,-750.0356935287018,272.8947806056771,99.2930913924293,-900.0099701268762,-199.03954997316018,166.90591531149568,-1049.9185180376842,-34.46794125429695,-195.45170005222664,-300.01036195890447,281.9076209405857,102.63508000461466,0.028230834725808927,-229.88383417801583,192.90359706369094,299.9902597151128,-52.057423820222255,-295.40322555148117,750.0603007438615,281.8979037220777,102.62892964799663,900.0256506716678,-229.74317739450083,192.87343977912977,1050.0446395208608,-52.06396500940989,-295.4504690434841,-750.0127202399871,272.93661475566483,99.34958340203646,-899.9661435828718,-198.9972278668354,166.94030910530435,-1049.9888239721427,-34.45525496963428,-195.4631394729785,-300.017809735651,281.8917299215084,102.67081333239746,-0.05363306456570185,-229.79983129144375,192.8671663222785,299.9962933672867,-52.10191597115813,-295.43954430713745,750.0677783427011,281.94699317262405,102.60137910565939,900.0213022557085,-229.8521811409116,192.8338379212819,1049.9911276172047,-52.09458576154848,-295.42625301775826
calibration_00079,-1156.9612335485233,89.60625200452749,-14.726619965496292,-1352.2997601001543,-331.30001031518054,171.17148035392046,-1568.2651517443217,-191.29567049971322,-167.50563241826472,-307.8281953463172,520.4206929058877,-245.45303856072834,-24.106546946700817,44.34354684325859,-15.519906003200274,308.2911938809549,97.08391048040995,-512.2747581663199,675.7477786201821,639.1960344140076,126.71556833870874,822.8478254422819,134.87117692512524,255.32723879681643,973.8787966542537,274.4188793339884,-244.93340375986142,-999.9818143397889,273.01556578787546,99.26071670060641,-1149.9840249899264,-199.04020384850395,166.95495162920906,-1299.9356046405221,-34.4684120844007,-195.52243766391845,-299.94484739617945,281.91040088153306,102.59254318321508,0.010921055517052775,-229.81227526197807,192.8274643616317,299.9764947139491,-52.01777093569974,-295.5204415727437,1000.0459415967658,281.91075911249237,102.63091504286824,1149.9988411242296,-229.78339303226994,192.86527799635056,1300.1007008989886,-52.04765116378798,-295.4624166658601,-749.9792935004336,272.90692793597486,99.31670014807366,-900.0274664214212,-199.06774011231136,167.05553193496354,-1050.1160810077802,-34.50660096241231,-195.303885194904,-300.0248817603829,281.95073632879974,102.68310534780711,0.006375116136377433,-229.7993111072434,192.72534701460657,300.0189096114254,-52.03214672947844,-295.4890316052441,1000.0177603397957,281.9417136139328,102.58184304147747,1149.9686331677894,-229.77386183349094,192.89300195846712,1300.0330739084616,-52.066793814551104,-295.44640505458136,-749.957690517861,272.9013068828436,99.33091721360351,-899.9325640694134,-199.0978292378369,167.04892167092567,-1050.0902667541222,-34.521174453683784,-195.35500393784105,-300.0388954717534,281.89949273459297,102.69853344650791,0.02164052367771605,-229.80432045052655,192.744813707917,299.9526653561406,-52.03630660635728,-295.45303697980495,749.9414486063135,281.88063317192456,102.63703860868333,899.9902799657151,-229.85323421249575,192.82998450383045,1050.026134412493,-52.01845100485407,-295.4280931866134,-750.0134865867366,272.9229109955662,99.33487753494322,-900.0476882646025,-198.99629739493608,167.06366598313159,-1050.0610117056715,-34.48522504041055,-195.36712500049353,-300.0200274866325,281.90925958016305,102.62943635517182,0.059647271807761706,-229.80919004181897,192.8256739073993,299.9885973923949,-52.08786111009376,-295.4999695344845,749.9365506302167,281.82307413666507,102.65423067574359,900.0333304730992,-229.83795602757698,192.82700604670464,1050.0007081556432,-52.11398572326887,-295.41968598823564
calibration_00080,-1319.9742315842254,369.4154284035864,61.605408565654805,-1481.2046722565278,-97.94242068578262,135.51571586786727,-1662.4334732299844,81.26093398915175,-205.06117391426184,-403.7550834492162,66.03473925158318,-195.1013466725558,-104.75131765354782,-446.4387016573482,-105.81976571722282,196.57054872102907,-267.72299733432396,-592.9365071666334,846.0733511143259,257.97226189645215,297.27799552395317,1045.7582859490105,-226.63435256015745,430.59115300061626,1140.1897167956147,-97.6625886118261,-86.13001441944013,-1000.0112712117714,272.89113251757675,99.3534282284475,-1150.0603166458557,-199.0241836295452,166.9993432749393,-1299.967586783348,-34.454224858888594,-195.4661028479962,-299.9929035513213,281.8562232549952,102.55036544905224,0.0206411692361423,-229.81641677014275,192.74431091733243,299.98494894319185,-52.0982919205934,-295.51459539284355,999.9305770507661,281.92819397097134,102.63241659228088,1150.042390689468,-229.7706446367754,192.8245407541669,1299.9547303903303,-52.058148467255734,-295.44658000715737,-749.9551526325656,272.9554409097628,99.38814762151432,-899.931864637117,-199.01406194349894,167.0417536191158,-1049.9838331951764,-34.471823060634286,-195.35104259100612,-300.05331719993893,281.9196163344923,102.58259833229143,0.014965508216032953,-229.81743898744423,192.7341995363103,299.955425039538,-52.11090657327105,-295.50768890856017,999.9672864848008,281.9077329822229,102.6305662579197,1149.9888075050008,-229.8190256324741,192.82707403478503,1299.9737044122485,-52.014411002384605,-295.4705267250934,-749.958830708292,272.9807392551311,99.44604738634204,-899.9168940938907,-199.11545478754655,167.046337160094,-1049.9501158625928,-34.50251351304591,-195.37614211463404,-300.0100155639884,281.908232578308,102.5404634923626,-0.015279778560238709,-229.81076303152014,192.7630019011549,300.012442174689,-52.06477350029314,-295.51297021828105,749.9068199033165,281.9346600820425,102.6182665701836,899.9541927295497,-229.7600964514812,192.93596450269257,1049.985381261579,-52.06879466410164,-295.35200301253394,-749.9641353087754,272.96341309563985,99.31304158274534,-899.8722812340758,-199.03894462947272,166.9557646516298,-1049.9867200509239,-34.47843532322651,-195.44638295887745,-300.0391602262418,281.91996283744385,102.48152492620457,-0.026157402229580212,-229.90728446508047,192.68890870532888,299.9678104010096,-52.11218532211757,-295.5879826198136,749.9995225472775,281.92999041921587,102.64041394348531,899.916905065227,-229.81316380301098,192.93309736390367,1049.9918602843381,-52.12013033086531,-295.31967164325107
calibration_00081,-822.9943257864647,209.2930309334942,39.42802696067269,-980.1502478104768,-260.7677654719997,103.78617007466679,-1120.8863790107773,-94.22267234143591,-261.4126862981681,-249.30389052410328,-150.17308452584163,471.220823035035,234.52061230353334,-504.73087709829633,484.28964837189886,396.5384538441587,-174.24433681328176,10.504967493955077,1097.9531052584407,494.6795871047797,258.76874759293935,1272.1417028237129,-15.18302807940714,305.5517009645454,1396.327077362872,203.93293156614297,-173.0201614359576,-999.9869300616583,272.9385264252646,99.3580787920851,-1149.9700009976098,-198.98600487827056,167.07243311003822,-1299.9324373701834,-34.42518035411447,-195.40470135093,-300.0354987371703,281.9616460589236,102.63055736861317,0.06798354950786469,-229.82414565893436,192.77338656217586,299.93900733937187,-51.99506388017242,-295.4411497413281,999.9280995572534,281.95016470420387,102.57420793737033,1150.0311269912866,-229.82228124582238,192.8364703203438,1300.0107026545531,-52.03742778930038,-295.52376267898313,-750.0188127026768,272.918695146469,99.35358519917033,-900.0375446758492,-199.0324256319557,166.9823203472049,-1050.0603018677793,-34.47330648757848,-195.44198103681572,-300.0069913843691,281.9615500431941,102.54600891330217,0.006943759208310914,-229.80440503035075,192.75003989206633,299.9956157179213,-52.05343903931693,-295.4914994458569,999.9607173835374,281.97105180901826,102.55112695434276,1150.037692657566,-229.80308641744406,192.8243498437157,1299.992176433055,-52.07090721413028,-295.5195183680801,-749.9865258646411,272.88301663818754,99.36418883283848,-900.004612106543,-199.06769248942854,167.0423064940674,-1050.0431858663894,-34.426506268551464,-195.4031512131711,-300.03643495645105,281.90927176717713,102.62833698260923,-0.01505198061371767,-229.80711564086158,192.79622483859038,299.9776092948646,-52.029544627020805,-295.45727334792963,750.0078814861947,281.9437535028354,102.5950263335812,900.0278056168767,-229.79579711321136,192.77881457183514,1050.0545395437755,-52.01141665207975,-295.4808116668191,-749.9939119835328,272.95064396640913,99.26976299512435,-899.9743053906733,-199.01185368214834,166.943876442532,-1050.013475259851,-34.46416078812856,-195.57125748628525,-300.05587006196623,281.94499599685065,102.63091125757146,-0.037454411533094444,-229.78609972816596,192.82923493947072,299.96233472384796,-52.068421069153636,-295.4397206209427,750.0042486096349,282.01900272407516,102.6482471848095,900.0494483366031,-229.7016645311847,192.8921827284443,1050.0765021119314,-52.10710625512894,-295.27142943576206
calibration_00082,-713.6994496830525,-9.075882868602392,262.7983342999569,-960.5765022224507,-441.36406227801774,217.5667215916872,-1012.9103574285673,-191.57903182044004,-122.66875614072097,-504.1143157506975,177.61104634942595,161.2083353070332,-102.94576101851922,-233.15240192994764,335.54190355736426,83.09514242612182,-183.03792232222332,-232.68605104094166,974.564526351106,443.8534420915927,-218.5466183947903,1122.478838493623,-73.75725893902857,-166.75895395402293,1228.2890791152595,124.57099395859044,-658.565302291216,-1000.0331628935537,272.96617400884264,99.37144263942093,-1150.0380787075846,-198.96516513770104,167.0287394039513,-1300.0038150877983,-34.392091593709786,-195.41830607403577,-300.02708032632006,281.8960694740823,102.62277960460659,0.04819267500261993,-229.73505894020306,192.8697352854411,299.96466675326593,-52.070341434513914,-295.42067479990067,1000.0101173102981,281.88469136084274,102.5602395595303,1150.0145846580447,-229.83710744894626,192.77870962480458,1299.9152676626054,-52.110097526419445,-295.50607118528774,-749.9120281279162,272.9495483870341,99.3228567555691,-899.9331252516943,-199.08480566777487,166.98516105627417,-1049.9846127147514,-34.391292542081274,-195.38274492298126,-300.0132379768102,281.89138256697464,102.6083499967761,0.05428718302532216,-229.80684312748235,192.85418191031303,300.00598547470327,-52.00091957752725,-295.45042687600716,1000.035291051054,281.92041321902303,102.62800771596976,1150.0542236377835,-229.8341558506853,192.81607053239568,1299.9229310045027,-52.123707888121224,-295.5186384511419,-749.9086891940266,272.93513534928667,99.39454043550016,-899.899766308697,-199.09247701691888,166.92012643889075,-1049.9277118411426,-34.41453720195031,-195.44317540072316,-300.00340491272203,281.8566654265909,102.69020191664812,0.04975026744499944,-229.7766700380078,192.8829046002258,299.9250455552535,-52.11663216067874,-295.45102351841587,750.0211078170026,281.9501868928104,102.62232524156245,900.0342515588875,-229.80864544699634,192.89419273886892,1050.0196802348116,-52.02329821897394,-295.36885341138856,-750.0024545438637,273.0186857696462,99.27444114358967,-899.9579143411701,-198.97026879261668,166.89541815139262,-1049.9664668301743,-34.429186442449314,-195.42982281918788,-300.0853054955099,281.9648413430471,102.53909651745916,0.04809624001940999,-229.7310416535053,192.86252541964936,299.9641924350365,-52.06950650212811,-295.48055884958006,749.9934908383068,282.0241943355791,102.48758962719921,900.0108944656749,-229.68425890880766,192.75078159558123,1050.0005958138217,-51.97322157991129,-295.43875127868785
calibration_00083,-991.0477658243498,74.13548625669651,85.0473563905317,-1085.581903613227,-404.24192302287804,195.16396282085185,-1227.1205449776774,-298.7097009168638,-191.83813286056267,-43.70040274149106,366.8014434869192,356.62946979398413,233.1963197302055,-113.61692994380996,585.847135805537,538.9408574193467,-89.80268894385232,70.13871567895009,1078.322230674339,342.59473832045376,42.47075716266836,1120.7966152885142,-196.50923834224062,37.56382626834131,1375.9194512821991,36.061758111225785,-378.84716518086105,-999.9790628899956,272.9736642874638,99.38163305016946,-1149.9428153390804,-198.9874408574731,167.02590175807296,-1299.9437178553362,-34.424861028187514,-195.38499925501117,-299.9816754566411,281.9268831838577,102.50168227493079,0.053833868265769406,-229.73038315676476,192.8115760815402,300.05089997543416,-52.12068198073752,-295.475075181039,999.9774216003635,281.94206576989774,102.57268402804678,1149.976894837373,-229.6845214335421,192.82641568466835,1300.0260246161383,-51.97246154522978,-295.34497862700647,-749.9738878487498,272.91554963243317,99.33572762189384,-899.9161030161634,-199.03015374192734,166.97194127020393,-1049.9588704633798,-34.435528482650014,-195.4531093369704,-299.9668034312055,281.92772886835166,102.62036913283512,0.06528412162713185,-229.8520891908231,192.84737172745858,300.09810944091964,-52.073962245822,-295.48031224112947,1000.0607354538956,282.00606988021093,102.5841278873666,1150.030834071102,-229.69294435021942,192.874266077733,1300.047553984539,-51.999264677960625,-295.44554388654694,-749.9859925772922,272.97323158068417,99.28332087146141,-899.922705489126,-199.03445152800148,167.03249311839187,-1049.9726588857652,-34.53187759096378,-195.34377818121084,-299.9598800062692,281.91527666051735,102.61089162789193,0.09458859978617921,-229.842120465981,192.8524592319278,300.0137114050593,-52.10118278986139,-295.4479559301356,749.9797113190614,281.92095833587626,102.65567730257408,899.9385148468342,-229.7773547182977,192.85572310397868,1049.9592761226988,-51.98277620325628,-295.40164726430817,-749.9664225877638,273.0031427181655,99.3232238652547,-899.9927486798487,-198.97873409811027,167.00064224582428,-1049.9894073001035,-34.4039791682391,-195.41174727593037,-299.95109739970223,281.9588874213956,102.54365435082114,0.019787778827327754,-229.72131493995352,192.7261257214777,299.9756279470504,-52.09489719405918,-295.5402195374218,749.8661518903713,281.88068526826135,102.60063540955062,899.921822194996,-229.82955555365572,192.73444615074257,1049.881145715119,-52.0199940193045,-295.50058487509216
calibration_00084,-860.6511251865859,642.6000059192768,-179.4526305069084,-821.7108062920094,145.90423319347724,-139.02964016228293,-1077.0776661240418,260.3245086252589,-459.45839890625433,-383.5257456013283,10.767719467254826,320.3723778781712,-35.5934382954484,-459.49071189378043,453.4961291450509,202.7733820656411,-339.64055707708764,-83.97495690847934,912.9852617616691,158.3366945855144,-11.586748679530267,1093.737885901028,-347.89289675335715,47.23885629435262,1209.7223311977698,-140.76440948725948,-438.7050519766412,-1000.0138892133858,272.9625531331436,99.42534518440857,-1149.9719979744211,-199.02688588320493,167.0392830315706,-1299.9604090410328,-34.48328252715027,-195.32913398684508,-299.99750422423637,281.8923905904828,102.59480439838143,0.04122565878995291,-229.82538763694234,192.76174248040016,300.0190213903605,-52.143325343571,-295.39969309483337,1000.071387679259,281.9653139610855,102.55074597856083,1150.061993554577,-229.73794931362966,192.80827909442817,1300.0284497531075,-52.018114590157985,-295.4575124858309,-750.0443077104159,272.9777288332165,99.47814482501258,-900.0301536276019,-199.08552522277967,167.07976699840944,-1050.0211980523075,-34.52465198269415,-195.3613276875565,-300.0237152321224,281.9002859645013,102.60648156876765,-0.07007989012661867,-229.84159861084396,192.7551081682941,300.00283483596723,-52.085045564665805,-295.4598028448929,1000.0495401637818,282.018127506742,102.58657257419003,1150.0006036079321,-229.765797955891,192.85707637920476,1299.9842669928782,-51.99532219346828,-295.4322703782717,-750.0531073419914,272.9739847371712,99.42520419094092,-900.0220818884318,-199.03044231435211,167.07591463282031,-1050.0710980642482,-34.44855495966351,-195.3689716191243,-299.9886568114357,281.89662770095657,102.63210641476904,-0.028791551980343298,-229.8524787278816,192.80036156801845,300.0465102107554,-52.08442543411515,-295.4606574036474,750.0800653418959,281.94353522326486,102.61064942709642,900.001935448559,-229.74664868108562,192.82503534533043,1050.0488993341119,-52.10137612229531,-295.4421108298848,-750.0588153871155,272.98312428950516,99.40960340204553,-900.0509402188364,-199.0348404913836,167.03297767957162,-1049.9855119745228,-34.43874572142825,-195.39343240450043,-300.02694947529557,281.889804687289,102.61008155181436,-0.07187933330299505,-229.86701587891403,192.81103434568186,300.079106651155,-52.087843343181106,-295.44905167722163,750.0146404830041,281.8605413632602,102.65288097985776,900.0332467991257,-229.81237376053218,192.88281025149993,1050.0604789139109,-52.03832963001709,-295.4267034999179
calibration_00085,-1246.5620336118163,314.13429651669264,390.05153738975196,-1384.3484783510025,-166.2212372506716,381.18252638372616,-1491.7178861633338,37.07107219187573,23.259388364404764,-555.7699684564135,133.40298666822196,331.85525642253975,-177.18313139019222,-326.73055320846186,402.6458284071114,-15.046717657586292,-181.5962644550466,-156.43067068970436,980.3121635666774,492.4141026009863,-83.86018137052956,1206.6067928004366,23.848088715392947,63.808463812003495,1369.6552234523822,188.75486116838493,-424.8172962590684,-999.9502429887115,272.92915696202357,99.39436527356472,-1150.017438416054,-199.1235495167599,167.00191259185235,-1299.9782912581634,-34.51887298352528,-195.38225836632125,-300.0144013614942,281.8808009101516,102.65957301641343,-0.01247547213790097,-229.87554694541402,192.82203191807443,299.9206136360644,-52.09511942981883,-295.4635421277191,1000.0461252677953,281.9054738830835,102.53023680093925,1150.0474531850882,-229.80836545057463,192.81869465992975,1300.0829173419213,-52.080218045068904,-295.4927350193141,-750.0208701179109,272.9079964409543,99.30953647498312,-900.0365011203156,-199.079729570169,167.0896559687365,-1050.0360801981442,-34.53939024362565,-195.33525129248517,-300.050336758448,281.8607561139062,102.65204447567336,-0.03433743813842513,-229.87663424845869,192.77318311237886,299.9373566555082,-52.112052221048955,-295.4675519922675,1000.0332768585533,281.942039942976,102.47654015803255,1150.0730789018705,-229.79720380451252,192.7992616168655,1300.0292514837865,-52.1008390823858,-295.5218124164805,-750.0847086870331,272.95311248990186,99.37993126809666,-899.9457745850221,-199.05056724170672,167.1037504531334,-1050.0121861282844,-34.580734422506566,-195.37479271844572,-300.06808327337086,281.85568730480435,102.66382539223872,-0.0423627915007527,-229.85048907798148,192.8451400094808,299.9631371322805,-52.09065258471126,-295.4636034485966,749.9529515240126,281.88340764224796,102.66716895831216,900.0208282934706,-229.8872345571174,192.87109391201682,1050.0064950980607,-52.06876513009216,-295.38058691586417,-750.0627542566183,273.03535208946175,99.25860595500826,-900.0092436105693,-198.91175026787496,166.98708461943252,-1050.0243479000133,-34.463455658047806,-195.4561095626757,-300.0257732910894,281.89005536290125,102.58169182403394,-0.043321999017353806,-229.86492767016856,192.76079794153088,299.94808528583695,-52.08234985790915,-295.5450400606986,750.0176975650168,281.90147910795116,102.51953613619104,899.9606754932164,-229.87041006830384,192.73345218949717,1050.0281478983927,-52.13121247928544,-295.4774334753035
calibration_00086,-765.1857482375303,516.3254307726581,176.55653911926026,-915.3521032673682,52.504791492669995,287.05580370859184,-1095.5866008154944,197.7489432180711,-69.89365593517199,-452.9010974325521,506.87759951519183,396.1557002741177,-140.0158326445271,9.758573030642205,518.7114691159395,153.2981034205074,161.5007355416021,17.76941203939915,696.5735786599569,141.13361448425758,174.5795966535101,819.1097898824636,-383.82492988074154,218.9555421491744,933.832255476771,-184.04976535165855,-270.4307872618933,-1000.0888913619226,273.0292076505646,99.3497890634274,-1150.0253676575485,-198.9146909248871,166.91773238467138,-1300.0757904673053,-34.333648109929136,-195.42621249855287,-300.0372639833338,281.9428907939806,102.65926915812258,-0.005307561307414169,-229.81186830235092,192.8423765807044,300.05563594902884,-52.05133865273576,-295.38828161117107,1000.053447337083,281.88519051458036,102.60083193120823,1149.8814039327729,-229.88415496312103,192.85703936524308,1299.9695533225192,-52.23937520802463,-295.4081772827543,-750.0127746165582,272.9296999499734,99.30735513398572,-899.9217076917298,-199.05063699988995,166.97371283127654,-1049.9683023141395,-34.55549030506507,-195.42314709289914,-299.9906636400114,281.89886268700934,102.6007120650422,0.05267577138967148,-229.789711075339,192.8044071424466,300.0494330726874,-52.02203145140531,-295.46230079851506,1000.0067132944175,281.9423803154499,102.6187143408788,1149.9796877818626,-229.94003918285892,192.89665274920503,1299.973027138953,-52.214084424143635,-295.3846345500908,-749.9616742843352,272.9787757276448,99.33651103673793,-899.9534594414113,-199.07026589129825,166.9579918226523,-1050.0037750783702,-34.51709378106237,-195.45545037396042,-300.06492410639265,281.9037598929213,102.64598106516378,0.022649483498947715,-229.77990598890273,192.79720871276882,299.9820528251918,-52.07346530726712,-295.4518611374508,750.0029192943781,282.0071472576353,102.56917648706961,899.94808589781,-229.77916069428852,192.76670162269963,1049.993231509498,-52.00047464880747,-295.52543096341105,-749.9660662477507,272.98747144739446,99.3058166775722,-899.9571244758054,-198.9486911761387,166.93764873596197,-1050.0154301732305,-34.475626237971795,-195.49174393224573,-299.9947613988066,281.8919643516231,102.62496905871694,-0.017703650644303917,-229.7732472915816,192.8692340894364,299.9845894008159,-52.06989691285131,-295.36751402566125,749.9156597777737,281.89699645278995,102.65892770937472,899.925507533531,-229.7782124111743,192.90824867546615,1049.9796739154942,-52.10806337962009,-295.33349678598745
calibration_00087,-1293.035807334052,395.8072806998246,154.29180587252227,-1363.0461809868623,-63.680044899169225,338.0862253718208,-1505.5896709716046,-28.21503270935887,-61.08232857650167,-366.53043808732656,123.46201939821466,113.76082078508357,95.8290983638653,-247.32727427573286,207.2128302650371,346.2187309467383,75.53228624784776,-232.2637122773153,1183.3057844456575,357.481988663097,-194.49363936417004,1245.1541449079741,-179.3846709099058,-173.56758262238026,1364.13934735817,24.874869510196486,-660.0218244556899,-1000.0784715168165,272.91833159848477,99.24361082529559,-1150.0187030558795,-199.10924840583817,166.9754752471985,-1300.029102657851,-34.5274411816864,-195.4364704171721,-300.06332557922116,281.8981257437605,102.63195392297922,0.020481884365845925,-229.7984391422256,192.85050460111188,299.9815160102821,-52.04609209262428,-295.4119932952402,999.9649330478185,281.9626398032651,102.5639645486295,1150.0375416106297,-229.73505807622965,192.82804274756052,1299.9446462172693,-52.028981697139805,-295.44205575720844,-749.9939927297305,272.8646792884293,99.29818960775347,-900.0384956817597,-199.06735992828018,166.9099415839776,-1050.0473679299855,-34.565074691585274,-195.43132421870345,-300.05496480545327,281.91253849081613,102.60153547108666,0.011238215844191799,-229.80940905103688,192.83810630380057,300.01663348653864,-52.06177093357225,-295.391457508917,999.9631195417678,281.92640721959145,102.60257245244439,1150.018027310293,-229.76707081025833,192.8058916347409,1299.9341916588621,-52.012798334659955,-295.4893925391312,-749.9661252188923,272.9483942421128,99.26475874472722,-900.0137661694808,-199.08162358499754,166.95172932405015,-1049.9354747748343,-34.505360418244834,-195.45226091973092,-300.04649288363044,281.8859898326424,102.57804397126957,0.04648911291884862,-229.81061754055676,192.86403215746614,299.9652961938704,-52.03335503200242,-295.41015412406836,750.029706917403,281.9972025224642,102.61159811301829,899.9974130079556,-229.7903777933127,192.8419846804586,1050.0056876182193,-52.029439934518365,-295.422949346803,-749.9899545080449,273.00943955041544,99.25488743046645,-900.1015498271908,-198.96866459388204,166.9518427095455,-1049.9763305005665,-34.40177076402935,-195.44997799698362,-299.9638967609514,281.97633726866036,102.59269891387012,-0.01847267726876999,-229.79237162206852,192.8482508195622,300.015715658521,-52.139641339937775,-295.3490982224227,750.0034297235679,281.87369492967514,102.63005009320563,900.0076413010489,-229.85907383527552,192.86100272093586,1050.0647378306523,-52.21501807356156,-295.4809273527916
calibration_00088,-853.6828716470894,523.0775673692323,-133.1426635271834,-994.0134654782992,47.24287895670546,-72.03615508307429,-1148.0291564488984,213.98473764294897,-431.6604724327321,-620.6022716795712,242.0324936017321,121.00800513545323,-303.25085002033484,-240.52677478806743,283.47080384962123,17.97962669643845,-99.97198563345655,-203.38966060408637,1280.649076745088,267.43488065433513,-198.31917881285844,1498.295679410882,-226.48537265170395,-164.23319476039134,1571.3248013099253,-0.06830265862883342,-649.9734967563404,-999.9427202947122,272.9571379109944,99.36478199118649,-1150.0015155277101,-199.03928498664695,167.05624209444036,-1300.006943920235,-34.506646983706034,-195.40946300589113,-299.9804571630019,281.92846254810485,102.61819525966914,-0.03861993732129754,-229.87880523610988,192.80682773965924,299.9904674880282,-52.12346569875648,-295.4598237886696,1000.0226727453158,282.0013829562074,102.6186070497192,1149.9914186237281,-229.77219767131263,192.79190050134534,1300.0935653722051,-51.93828203945815,-295.42667079722395,-749.9845571140837,272.9686149046919,99.32901956798398,-899.9985003972155,-198.97668789623054,166.93748758933276,-1050.1099567122953,-34.43437855912173,-195.41296508078665,-300.0114206403196,281.92564058340355,102.58837892075276,-0.043296793093628806,-229.7446772704528,192.82316095505607,299.97978791185915,-52.046562799197794,-295.44734516661765,999.9950573045766,282.041434917936,102.5663351209491,1150.0378844781437,-229.69370429386225,192.77838769833483,1299.9780367415337,-51.96030064928669,-295.4376236692379,-750.077969227279,272.9745503546225,99.36963146784272,-900.0054047149106,-199.04511826495124,167.03357510565604,-1050.0620096044784,-34.432864866710375,-195.45283770288123,-299.9608765501872,281.94548323564044,102.56148215322457,-0.03856767752513052,-229.79315330662473,192.8347895053048,299.9851792063979,-52.04496480888482,-295.41230489421514,749.9703771246002,281.8894908790614,102.55507064594953,899.9855488557548,-229.90060315466215,192.77712424445997,1049.9904684205649,-52.102919194242894,-295.4165634175511,-750.0481740925316,272.9650416769802,99.36705068414737,-899.9746866365034,-199.05578702680162,167.00654019023338,-1050.0650278036314,-34.41395223660513,-195.42192826458137,-300.01100700817136,281.95711244307114,102.56417740334987,0.0366024114087225,-229.71480702834094,192.7497116721329,299.99616081308426,-52.046839505960634,-295.4693448174138,749.9755008941204,281.88055988172636,102.5754570762739,899.9759178011401,-229.82426086457565,192.73722716232146,1050.0130307364896,-52.11994591729512,-295.5047971286405
calibration_00089,-1131.066711457331,340.23251426321815,-18.850724539513735,-1257.9750414822392,-138.96520441657046,45.18018370353992,-1408.9306145612568,18.54254298849672,-319.96910829577286,-300.3992567532427,255.73974180468056,9.632743161385363,-185.90723908531876,-333.24925493080866,4.545565781944838,229.7448785742909,-172.5557804675466,-397.26054016532396,1215.0146166199393,196.23588238353236,-123.34131825102857,1373.5060301807225,-309.2208114970708,-14.34380238050775,1506.7693478470972,-152.7800939244459,-514.5739006278633,-999.9565600920225,272.964306104875,99.35425316840403,-1149.9256270655997,-199.03403654736138,167.0242338432325,-1299.9550962921483,-34.42507293625919,-195.4087308212988,-299.9494277592979,281.9707530177049,102.65097871230206,-0.011200047409588694,-229.75000003061416,192.85557115808552,299.9574005456876,-52.10643298517565,-295.4565643441791,999.9750344640704,281.8369636811398,102.60143380161203,1149.9346544115215,-229.8734694523204,192.8546110144353,1299.9943324559458,-52.1543557760487,-295.38289662905277,-749.957750141148,272.9350491977385,99.33098045223133,-900.0119834726045,-198.98486871159375,166.9792973226329,-1049.9532149857146,-34.45155177047259,-195.4817735329026,-299.9382897127722,281.9376967119658,102.59030819118959,-0.019552082413136503,-229.74935752718625,192.90083725207876,299.9628565630193,-52.11962109628151,-295.44646862329967,999.9920161371091,281.83635765142793,102.60315537510348,1149.9751256425614,-229.8485305528568,192.8721544237822,1299.9946832844805,-52.22138275058305,-295.4414438376931,-749.9831954318607,272.9833580594445,99.36089396765249,-900.0132817561343,-199.00500997529912,166.9730155820931,-1050.0113100335748,-34.42831120110747,-195.52876695661874,-300.01226902344945,281.9593374558647,102.65351521255614,-0.026840258182869923,-229.83101544955267,192.95761955903393,299.95334146718807,-52.17406735920036,-295.3651672344591,749.9812902987193,281.8816154541515,102.66722275018297,899.9720616381751,-229.86653249119658,192.76325054703432,1049.9640751101983,-52.072729661137046,-295.45288210498023,-749.9393192169211,272.87651475999553,99.246689313484,-899.9507398787364,-199.04270791386844,166.88320363666486,-1049.9035507979813,-34.556095345138125,-195.56584665962217,-299.9780150911075,281.96295081189106,102.58057197470876,-0.009806233558701725,-229.78121689318908,192.85909478108363,300.05183776954163,-52.14260164116945,-295.38765778288126,749.9865909922187,282.02048579145287,102.71144217375571,900.0619334185568,-229.78643165612826,192.88354634196503,1050.0436945070398,-51.987946025078706,-295.4032340697819
calibration_00090,-741.7272044889236,263.6374316057859,418.1481213056087,-712.8436794324182,-227.38442148915146,506.87494407228985,-973.8332443048994,-139.02803274097977,182.85131715829456,-280.6501690947372,349.65390364767177,-129.24771649338953,-142.3123178402685,-200.1636898042494,67.07315059747681,178.56648736748852,-218.4626959028248,-439.60900272894224,1362.7188595134137,166.733302433758,-52.38099172821424,1503.3348864831255,-352.97186053043555,-103.82591442287656,1605.407800930929,-64.65445636251937,-549.9510883499516,-999.995270763283,272.9905897984568,99.33700272399332,-1149.9901421469708,-199.13166684506962,166.97692494904595,-1299.9893144780685,-34.54189686798929,-195.49707241400378,-300.04843575357427,281.85949424271297,102.56387496881148,-0.04859783234492706,-229.8069371935959,192.75647352246938,299.99185205915666,-52.10140127634431,-295.4056030204403,999.9422622299313,281.9989261987493,102.63657421207259,1149.9884653600034,-229.81657766229458,192.87598712046292,1300.0049795649375,-52.122187200799345,-295.40083109754846,-749.9579877638722,272.9480574767946,99.30517764799647,-899.9431810002409,-198.9961207490444,167.05847271126095,-1049.9778648129704,-34.47861683338863,-195.34721657703852,-300.08273582108393,281.8785531557209,102.57285096100361,-0.07711064915250737,-229.86765906250582,192.76868933572746,299.9854297084434,-52.10152716328643,-295.4508399402659,999.930019788389,281.85783203263765,102.60947246116868,1150.0173397473345,-229.80297852635275,192.87261472343113,1299.97662804466,-52.0808508135974,-295.4419594637579,-749.9293474556114,272.91500667795464,99.3066612620642,-899.9428627816711,-199.0531760185289,167.0160151213824,-1050.0248154386345,-34.54097289821108,-195.3942686159385,-300.04845657674105,281.8734297907108,102.5819100542134,-0.05445941480411175,-229.864249700494,192.8153619822176,299.9652298631092,-52.085954636701594,-295.3917613694096,750.0290894614355,281.9252907269105,102.56385018130658,899.9326914549596,-229.8099848203078,192.91903109369537,1050.0213425461016,-52.15908349446444,-295.424727960691,-749.9358048300344,272.9604532179422,99.37845082467443,-899.9295002464731,-198.97567765018383,167.00005842528128,-1049.995796162285,-34.4483682631121,-195.37538815417955,-300.01423433427146,281.9211676490029,102.54632581949498,-0.001890974527642312,-229.81164133373173,192.76737605253578,300.00240381543125,-52.03161398930593,-295.4712902929457,750.018538594863,281.9651376421844,102.56869547257072,900.0190046487745,-229.81544808603726,192.82980646817882,1050.1553436873144,-52.09025119784552,-295.39516674088105
calibration_00091,-644.5645727607061,142.2990838909915,211.77507392903757,-814.1819066371226,-319.44433541578843,300.4770561064539,-1004.2352609423923,-141.62473462188612,-35.9623175271857,-561.161228220315,191.58917508001304,-30.010756991107645,-405.3992360988524,-316.6877309718971,248.22802986735482,57.849448423856195,-294.61763297944157,-132.48244016904502,987.1293472359357,-75.46202197213782,303.43440202353383,1131.5414111681441,-590.418681685453,383.626253844999,1389.2273274553922,-364.8888060032496,-34.9742636322778,-999.9912519230273,272.9843662781942,99.34966534227935,-1150.034656169308,-198.94671478596317,167.0173791526064,-1300.026920849479,-34.405682454546714,-195.47447437165206,-299.9671176359876,281.8790318612505,102.65017983021811,0.009584174817900103,-229.82676646686224,192.85872598385342,300.0323820326666,-52.10136202285425,-295.4833980969534,999.9372519105027,281.85730882625535,102.55549844062642,1149.9614931859085,-229.81878410795278,192.8068946271945,1299.9177874057161,-52.08833827970046,-295.5009155286306,-750.0838157968262,272.8987419875942,99.29700036541733,-899.9440112165391,-199.07697033969717,166.98145298413527,-1050.0064668879643,-34.49898481970743,-195.3334555792599,-300.01378802976967,281.9058250855606,102.63601227505043,0.042225259857030635,-229.83195202602752,192.87840276752536,300.00627804342514,-52.1722724769688,-295.4568718862695,999.9288142551084,281.91842948957685,102.58913507042752,1149.9352555202438,-229.8289112436353,192.7958437369412,1299.9139571157882,-52.044499935655026,-295.4554825307993,-750.0527365451321,272.9078983683367,99.32194494278856,-899.9823758352666,-199.09678177637235,166.96808167109086,-1050.0487832610693,-34.50210495956972,-195.37540182073545,-299.9902873349884,281.85523335801236,102.60421203524048,0.0478434757178311,-229.8001955981765,192.86566099016963,299.95726179004697,-52.162302885105454,-295.4576304448799,750.0470067541352,281.94243840017646,102.6324797181899,900.0142923868333,-229.76692550544308,192.79260750201385,1050.006673915204,-52.00328008917719,-295.46691638128283,-750.0257193284504,272.94344919161176,99.41374576815618,-899.9503370683766,-198.99250373301257,167.06529081418736,-1050.0844065561516,-34.475300212764616,-195.35236650839846,-299.9972306469164,281.92374561301705,102.6631520920712,-0.01582214498057939,-229.82778917192712,192.87654665439064,299.95111675453165,-52.12613372155169,-295.3648384933346,750.0043523639068,281.9969764357194,102.65312935591577,899.9983531930328,-229.75794747274836,192.82971812237284,1049.9888566251796,-52.08001113097466,-295.42656610485193
calibration_00092,-1155.903740790581,531.1735577606106,93.3921870436591,-1382.6395579178475,98.801050152288,200.57098721439223,-1510.883663677656,257.85866399958337,-172.52678969500144,-157.69117196451614,181.92747884633582,239.5956058952416,193.30219305950772,-281.8111053358732,387.2333321811769,462.35985376395826,-146.17812905050445,-131.59072173589115,679.1369098887317,321.03524580200394,10.147944253526543,859.531219998716,-182.15533255833563,92.84426826256585,1003.6888696279697,13.773286806662814,-390.2128058625179,-999.9980187369982,272.9153317503908,99.30797876447049,-1149.9555401894581,-199.1398168248957,166.90132508987784,-1300.0284178422748,-34.57296562685335,-195.50787102541682,-300.0166123986943,281.88052008007344,102.58067948827706,0.06928074004653839,-229.7766634307971,192.88998639709405,299.96632055489454,-52.10329275275091,-295.4621014988632,1000.0226067997838,281.8410162109473,102.61004680776456,1150.0695656345797,-229.83590249835376,192.82083056680423,1299.9954146238333,-52.0977055378091,-295.4507665547724,-749.974197524436,272.97775985287046,99.31733083214473,-899.9923758305266,-198.9840855848045,167.1202352945416,-1050.077558155442,-34.481905932715414,-195.42908088194557,-300.0006416575217,281.9110000147937,102.59316222889898,0.027028231790804606,-229.74797833614312,192.8720271146897,299.92761112265663,-52.07354550737516,-295.4660319384955,999.9970600653808,281.89820182797934,102.65926097266387,1150.0682169132638,-229.83827524413238,192.79492118805382,1300.0343174111674,-52.13135851595133,-295.56554759787167,-750.0133416260377,272.992266642254,99.31681783438407,-900.0646213879652,-198.91235840232466,167.05040637414155,-1050.0163133250824,-34.498783125839786,-195.34760901645777,-299.9881561401874,281.9291273819326,102.58339864267556,0.08904364265625297,-229.800548222316,192.8472000214322,300.0025228139786,-52.086387395882284,-295.4454572500356,750.0449619377933,281.8311137917164,102.56476238715757,899.9680024590623,-229.887996108459,192.87075041206836,1049.998176026468,-52.14497467118615,-295.4536559486899,-750.0642973396249,272.9720190043073,99.34334752967463,-899.9942718241326,-199.11373564877707,167.0877259960334,-1050.0602342375628,-34.582492329565206,-195.33629586268177,-300.01631511037175,281.8779715800451,102.65707282244531,0.06401579484367197,-229.7902740845058,192.85962045602776,299.96709145985,-52.006825002969805,-295.4648938661049,750.0130695263091,281.92533430879445,102.56525452759422,899.9903612471259,-229.83807128337253,192.84116057965795,1049.9316852579896,-52.075111205385895,-295.47886557610815
calibration_00093,-847.8344859873902,122.90776366834572,-84.33605273972326,-1011.6653216127075,-347.1798027861357,-39.78634386779519,-1106.0537264824718,-180.759248944399,-419.6524642463518,-462.4435183251173,146.45255139546825,106.5076010169085,-67.32820390599584,-248.2035730631264,325.9712387582752,244.92858564545142,-93.13012127297515,-162.2818550691632,941.2573795258256,336.50948991015986,199.39178869049908,1052.7209369786817,-186.17281856743023,282.3423174708559,1217.3346880352885,-12.690101116788734,-202.76370544717147,-1000.0135150567088,272.87224370755655,99.28210129641201,-1150.0229328378455,-199.12279061151355,167.05480140860638,-1300.0038788386714,-34.55401371488403,-195.40517384270802,-299.9930017405438,281.86037172983424,102.65841234626996,0.10506954638824803,-229.8197800301577,192.95112882474433,300.03264720650054,-52.13347442313162,-295.430155977896,999.8951287189806,281.91238622297755,102.63267836095696,1150.0372762717507,-229.79860763415851,192.77773028606558,1300.0703105593227,-51.96222593818013,-295.3737906638968,-749.980235060659,272.98170775679984,99.36884559837297,-899.9802127068136,-199.06938171510728,166.9907322305489,-1050.0053468395038,-34.49654385477283,-195.44225389887652,-300.01305992667784,281.85780341851216,102.6899670543171,0.08140140529241864,-229.78625754554426,192.91247437937858,299.95932628479767,-52.06407241746377,-295.39666124247384,999.8969356870409,281.9361484188649,102.63640934553509,1150.1311983574176,-229.79155001469684,192.83038431638937,1300.0783769252728,-52.00806834543246,-295.3998707145253,-750.0343830589128,272.95729297812903,99.37529697486025,-900.0202921113794,-198.98447416394959,167.02095033912363,-1050.004297209532,-34.44942543807065,-195.44104559102803,-299.9878291584195,281.8888525437299,102.67944450788787,0.05826962284396732,-229.77880365082234,192.86236289989884,299.97507503431177,-52.106080746261505,-295.45237165848044,750.0007530635748,281.9596886549069,102.54615299471047,899.9747725680381,-229.83205772637254,192.80459146769752,1049.941896038359,-52.10849835707533,-295.5209071496374,-750.0159539971362,272.8396380846884,99.35886583054626,-900.0309749373376,-199.06039260224975,167.04508945768487,-1050.0011364958225,-34.56800207638209,-195.33542620205978,-299.98428961343205,281.79388001283013,102.7963559818025,0.07549084658758284,-229.86491052925658,192.89140294131153,299.9762696209266,-52.08437486180095,-295.40361187016356,750.0298439770239,281.95280529621215,102.57097685386523,899.9491867076447,-229.77114293194475,192.73986117354787,1049.920935478737,-52.113111863377874,-295.52035718164626
calibration_00094,-1266.1340120239188,7.560746273998571,-58.24759810653968,-1408.9049118190758,-433.6985601514456,128.3349534463813,-1627.4177633170548,-330.3971829646673,-221.68615809292479,-90.26163578556448,274.65944813267555,284.23658170790617,173.40368833251844,-260.70357977089867,221.70116489958815,508.45171352907005,35.104665576422214,-178.62493850445776,748.8698410769665,494.8359763751005,-79.73944873099565,902.9649734067909,-22.57169283384366,-46.79918447951733,986.7550249344469,188.5898712243782,-537.6072064076288,-1000.075321441772,272.95857693571566,99.29716598174807,-1150.065959501723,-199.01647283512526,166.91556161144396,-1300.056642299657,-34.423163731525705,-195.48774705908218,-299.9974489387969,281.93734317243656,102.57489501543166,0.010639127616377976,-229.83644806351984,192.794396246713,299.9445370105144,-52.14982584101539,-295.51870125303543,999.9702455207304,282.0145966735251,102.59590865014619,1149.9734488256104,-229.7453993911932,192.87242345290903,1300.0078089730264,-52.0147893153252,-295.4155721277743,-749.957853702986,272.97455638466306,99.31171929012577,-900.0070138763633,-199.00263164056653,166.94967207986542,-1049.9438560460687,-34.38061584389291,-195.48915825074465,-299.95038729714423,281.9024857530077,102.61357295001281,0.045852789684912416,-229.9212874103954,192.79680106329909,300.07271746655294,-52.15248187425055,-295.55634819491223,999.9489788412993,281.95175796099085,102.59923557570927,1150.110407665686,-229.75261753876254,192.8785593579009,1300.0095391036634,-51.99190385285127,-295.3726341967327,-749.9928635846592,272.99843860053386,99.35113631835908,-899.9061779603654,-198.94968523430748,166.94242565087976,-1049.9740285571588,-34.45803904186537,-195.46383780342083,-299.9948410387789,281.8476248234049,102.61333514921964,0.00416192053390067,-229.85869114205485,192.76839043888887,299.99648272828415,-52.06764263808445,-295.50253308396736,750.0471406786719,282.03835106421485,102.56731122853007,900.0089013280835,-229.68943666626078,192.8628325964259,1049.963676781105,-52.02236436948729,-295.420215412509,-750.0079680564672,273.0538091668736,99.35749279857289,-900.045763738385,-199.01500226021662,167.0537855260433,-1049.9947527096244,-34.39582182774107,-195.38017061806116,-300.00679541008145,281.84734415003294,102.63188498905959,-0.04520222129169876,-229.90238278507985,192.8219421778792,299.91347666411656,-52.171323391481515,-295.50730315705476,750.0682723929432,281.9453451847127,102.53399242089179,899.9808126212031,-229.83558126027674,192.84754026618165,1050.000526147907,-52.142540860818386,-295.4952366051195
calibration_00095,-774.677385623693,292.22325471367026,142.0205874174608,-914.511871752812,-187.2320827464658,163.67469051074042,-1044.4805998575848,0.6763571706756273,-195.170315859171,-169.42387293595075,-7.540977184605772,-180.9271887900864,168.62655805113712,-470.4374421901859,-3.413992520460389,515.8885471708786,-294.7522512929818,-460.0153240957936,984.588555372316,105.03726855447107,12.97919614830295,1029.6104525276037,-424.5137419193913,113.67730205064414,1246.546824531172,-283.85887363638966,-361.30586088159595,-1000.0383020008466,272.9207899463415,99.33495482054923,-1149.982114613783,-198.9936929298253,166.92489810552436,-1300.0138456158631,-34.43008629550803,-195.5656904833451,-299.9126461332287,281.9061935948269,102.53255514276438,0.005978598621788948,-229.8373425086836,192.75236855916535,299.96446862812803,-52.13183610803109,-295.45566007641736,999.9637134881731,281.92000790574025,102.65729198987516,1150.0109174337533,-229.7116492305397,192.93310535093963,1300.0590431249293,-52.047878528325455,-295.3296764560113,-749.9470539050543,272.99860753745463,99.3039717756938,-900.0306897163802,-199.03388551856307,166.94460840498513,-1050.031065913426,-34.357111438680114,-195.49411696841912,-299.88517461970685,281.95218115095685,102.56187264313891,0.007494051970809455,-229.81781927740676,192.84197050075161,299.9642356818888,-52.13558324699929,-295.4774594366226,1000.02343278185,281.9472659958169,102.65616891183384,1150.096633987561,-229.73249339473716,192.9611568104524,1300.051936539149,-52.10277550515382,-295.30901289411975,-749.9206710226185,272.94368395670057,99.28373772644437,-899.9830004432156,-199.0396183677101,166.9398221060945,-1049.9900206917314,-34.43482428462633,-195.41522649818896,-299.94539581775206,281.92565473472627,102.60814523279747,0.008920953306615846,-229.82920247113847,192.77547365029397,300.0112198508677,-52.07921471388641,-295.5160984493898,749.9118334655421,281.89671228251353,102.68363399147228,899.949400044529,-229.86433330792414,192.82461061878598,1049.9351930480718,-52.10443908460393,-295.4066419356282,-749.9276269297691,273.0359175685151,99.28342599585774,-899.9898805475658,-198.93517784081772,166.97178732908887,-1049.9826600843078,-34.41468503392026,-195.41289468991891,-299.9452756667197,281.97092734287753,102.5533048803788,0.07058737284437672,-229.82302641665515,192.85616069272578,299.93982076294816,-52.05982288939951,-295.54083042687955,749.952104630263,281.86875563068486,102.67179688308515,899.9621799128421,-229.84430948309569,192.8462450725561,1049.9679954852722,-52.10782563468702,-295.413898525444
calibration_00096,-653.6367208590636,433.0414840656939,-77.12316517382159,-815.1552054876123,-35.9382434863173,-14.844761084230537,-958.9356175804211,135.5257554312631,-376.5453632956384,29.388360817532853,271.7634369711262,221.00933520231771,219.99448711538682,-279.9219084525227,360.02159843663287,638.0576626397173,-157.82999124352907,-52.63463447509054,1032.973031319857,586.470410494751,-105.94257121789657,1206.676361777665,76.15999301982754,-149.51981794656788,1248.2516797416638,350.348011637985,-613.7505352427107,-1000.0188772198152,272.9666881755026,99.27725386769649,-1149.9637478047061,-199.0460414932225,166.99149072036866,-1300.0642218462895,-34.467936210953525,-195.41472104604148,-299.99076496185893,281.9369421395797,102.62057427188303,0.02956300757692419,-229.80053471594212,192.81336889687486,300.05740210471873,-52.09735134265948,-295.3678782436498,999.935837995952,281.90158625446566,102.47125827021017,1150.020935851787,-229.83176155913986,192.79777487900313,1299.8689518199212,-52.16980658175006,-295.58745683973143,-750.0022224488539,272.95254980417843,99.35324879258161,-899.9668030648713,-199.0921687369551,166.965984140324,-1049.9941040883775,-34.508341761756924,-195.461834502005,-300.0295191247704,281.92779122580447,102.62668271561697,-0.002818295005375655,-229.81303405002905,192.86169502053298,300.0244404989229,-52.10958633739058,-295.44117236686554,1000.019384367083,281.8738408817162,102.51889177756584,1150.0028991148326,-229.8245158244477,192.746831411695,1299.8484401527626,-52.16356558953506,-295.56230867358266,-749.9824413267377,272.93466730728056,99.33842919380601,-900.0510758779207,-199.0247372327335,167.01375024475297,-1049.9736894218627,-34.46062676417225,-195.40529074620818,-299.972040226906,281.947442025268,102.62281883900015,-0.004712209163875316,-229.83531417534894,192.81292619692357,300.0988643916738,-52.027207334440654,-295.4146974159233,749.9721325311168,281.86758627610203,102.62110720195557,899.9732244230347,-229.89704349046784,192.82886636558655,1050.029206549713,-52.09616574885224,-295.3698390857378,-749.9899016379151,273.00892255020557,99.32950699702863,-900.0208752377545,-199.00742479674048,166.9730896311877,-1050.0260119103223,-34.44009421804193,-195.48316867111208,-299.94495215825907,281.91320403318133,102.58404089979383,-0.02876562413920249,-229.83787674150273,192.85961567368886,299.9879832198254,-52.105786385143844,-295.4312192864366,749.8940500758523,281.87174796963853,102.58331339682489,899.9092976539611,-229.81192244302383,192.93355541365582,1050.1029053337213,-52.134243379654436,-295.42461438653356
calibration_00097,-812.8908351330759,340.9731576760673,293.3306423967226,-1090.160459312647,-74.38165522502878,313.0740006317376,-1180.1932265810506,161.1557474715031,-29.322964930364858,-496.7614588854006,533.9857973829976,10.061744938113836,-348.0042299229439,3.9761083066475265,248.7386404251114,65.25898611978194,9.056183847044789,-186.3042003730066,825.6234776962433,267.33676386361225,-134.93528263112307,959.3253845741558,-245.74747598334886,-28.689509348787023,1133.196262667797,-81.73688981229758,-513.8521474320012,-999.9861488325797,273.0277849875578,99.448479232272,-1149.9453245549616,-199.0268092491464,167.04348896521762,-1299.960023657259,-34.407837154218385,-195.38257046583303,-299.98330285716827,281.9303998615789,102.61294821205013,-0.0065920458363751865,-229.83465166078665,192.8889446861276,300.008383328633,-52.122542790490066,-295.3835824499984,999.9916071474904,281.9050220693651,102.58303557156887,1150.0842570509342,-229.86737972309297,192.9074410465166,1300.0840557224233,-52.09085198782602,-295.3905242847144,-749.9757158244313,273.00578320634315,99.28974425428069,-900.1039164175152,-198.9610225920057,166.97500857274463,-1050.064101590739,-34.39930680336858,-195.45595580864014,-299.9555271356051,281.9209089788441,102.60039566535302,0.032356698832687165,-229.85587115451213,192.87039841123686,300.0436578686063,-52.03104358914453,-295.3732844249976,1000.050236978288,281.90117727610027,102.67913089282584,1150.094973637138,-229.82903309664567,192.87753107657775,1300.0469036364823,-52.10318910165798,-295.37964093499835,-750.0126835961295,272.9986770609175,99.22914340877355,-900.023470822026,-198.91092451882125,167.00417731756121,-1050.0721379091144,-34.426488938895766,-195.4650108909506,-299.98319138947664,281.8348140115706,102.58380975028946,-0.011829997845622203,-229.82196833877248,192.85259999001173,299.9942925416952,-52.10260610642899,-295.41404958686417,749.916477950543,281.9319418899451,102.600307556088,899.9319306743582,-229.77959069451248,192.7945781835697,1049.9087794788952,-52.03583397403696,-295.4212286383098,-749.9725323929406,272.9644919038391,99.30193442572485,-900.0636637039795,-198.94400346086363,167.0258260726131,-1050.0092674723537,-34.333887507008825,-195.4205309559037,-299.9177259934602,281.8796157346296,102.673398141779,0.012900212082011534,-229.86728606919908,192.78570336604108,300.0153725217356,-52.057952070386136,-295.41705988175926,749.9486499122137,281.92453358837145,102.60559772555555,899.9620460679199,-229.83868407212026,192.8468108184619,1049.9810459121297,-52.039103215398725,-295.44299799326564
calibration_00098,-1279.9081472784599,350.49780427035864,10.592867765388371,-1445.5129933890407,-100.12691721584399,149.7978954503691,-1658.6949055222017,51.49296555829352,-185.56950864547477,-618.9542017681977,294.4415460178346,201.75624255331454,-310.7507554465022,-212.06714337822297,293.5428864340195,-10.26160747412568,-28.419849592723374,-192.28244289006165,1059.7665163858435,356.0771621352629,443.04121925064806,1215.895259921846,-155.7436138879086,521.1592556472451,1400.8220078721038,49.399134714181386,56.187234055405234,-999.9987161878641,272.949406407656,99.37125795330847,-1149.9468363378303,-199.0649430672351,167.0363437515154,-1299.9994840046763,-34.47219641946838,-195.3896562707682,-300.0645181470509,281.875969229682,102.60953885968989,0.022227429867522783,-229.82289782355193,192.80106341697496,299.92147147860015,-52.09746015735574,-295.52661535980513,1000.0372680935998,281.92167067254155,102.61339145824681,1150.0220732920423,-229.76874380220576,192.92185072365766,1299.99923020315,-52.1053706422403,-295.34010162276206,-750.0215292110275,272.8683513011622,99.30617795689491,-900.0190451845335,-199.0515368273277,167.00460535651428,-1049.9849321834151,-34.45523377669154,-195.46299101620275,-300.104511420151,281.9165133885092,102.54176593842564,0.04862609770622682,-229.82618882134878,192.7991996942018,299.94741335081835,-52.082018055594645,-295.5709512465832,1000.0353094219719,281.9249163797416,102.64420613472902,1150.084147689396,-229.77142948012965,192.9066547056778,1300.0634630783738,-52.133943272797715,-295.38393516512383,-749.9772585786469,272.93467081574494,99.3560214026261,-899.9972875777372,-199.03245041676973,166.89175857190975,-1049.9651625397937,-34.501155270084325,-195.4619300832551,-300.1426003366198,281.8607926207117,102.61164450414735,0.04248965755754807,-229.8428678748224,192.75182838929382,299.93538634290303,-51.98889429010746,-295.53764680149334,749.9635990030498,281.90757038664816,102.65546642984951,899.954990484344,-229.85971441955252,192.8710848967902,1050.0781577367316,-52.11875760151645,-295.35987542598195,-749.9935303814752,272.979930787003,99.42773337820266,-899.9666681085557,-198.97089960833253,167.03413000624812,-1050.0183188603014,-34.47947284085132,-195.40548034671673,-300.09191512440043,281.9194283108887,102.60688715274048,0.052168551408749944,-229.78850339629898,192.82108612319138,299.9258891701397,-52.03054156171759,-295.54196817424275,750.0535472705739,281.92679955256983,102.54353159917622,900.031548034029,-229.77435190996002,192.810894510365,1050.0102009644922,-52.03454852231918,-295.47465979902165
calibration_00099,-1061.2108002137356,244.3323707537021,84.0097322236186,-1175.2865652268915,-241.42885122213667,54.881855274283176,-1210.9149242315837,-46.423515199983456,-321.3892323664789,-479.9140881180507,491.3977089917829,-13.596203863394328,-95.11113093207472,58.69166292376173,143.90697714422222,200.3761555562848,248.4584483255524,-342.6475860761179,826.3125137377607,56.98685398758798,90.95616629869893,1141.515755652647,-375.8295338380456,167.72114582429955,1256.7952051652421,-113.2747192938607,-290.7702158192155,-999.9958893747377,272.86887602774317,99.19049937061104,-1149.968892999822,-199.14850692764767,166.86313460056004,-1299.9322808917568,-34.64095257264156,-195.56746086827883,-300.0706350730546,281.91685619159676,102.54374522166412,-0.027996186266652547,-229.89718718577475,192.8345121574088,299.9977348862265,-52.1831769478869,-295.4741711995379,999.9743981657575,281.8868732589881,102.5512207331403,1149.945255513878,-229.84446005748657,192.82037863551352,1299.9675366102474,-52.151686375504376,-295.4225718711316,-749.9651187207302,272.9192031938423,99.36286065905465,-900.0121753203151,-198.9942543036844,167.01798157694495,-1050.056933893512,-34.454858783920244,-195.40770254631929,-300.06424803287354,281.8693318456288,102.5299473568539,0.027569239605845997,-229.81979167034663,192.8345333549425,300.01096866818085,-52.167285428855706,-295.4910304979244,1000.0049273992768,281.91620075345384,102.50350026281265,1150.0216902028371,-229.8330238475097,192.8382775104754,1300.042009292421,-52.1348858541035,-295.47160850949064,-749.9789086655435,272.98625286255435,99.36272084151165,-900.0345773184736,-199.0339281811118,166.9584096642942,-1050.0308676875327,-34.42714818859034,-195.3552138529201,-300.02263080284627,281.8804763851167,102.5760870285104,-0.024474695974254456,-229.831386929848,192.78377521732946,300.01575383205727,-52.17429609786787,-295.4622173732588,749.9722420566734,281.93379311739267,102.65016592317077,900.0060331520463,-229.7705539250521,192.82069091554285,1049.969089987127,-52.133114846206155,-295.47806258234215,-750.0406052924069,272.9535545724903,99.36312275530224,-899.9719268567433,-199.04546569836765,166.98509208207741,-1050.0563231136678,-34.47704353103174,-195.31639192236824,-300.0518679819898,281.8516493913067,102.52234535687316,0.07515674282446892,-229.7776452416218,192.88454128500726,300.0397727581208,-52.153670919431825,-295.4555893855517,750.0212021291098,281.969761695455,102.55844617799778,900.0532539065484,-229.8001042723667,192.75829892278273,1050.0295745935045,-52.075657266298684,-295.5414694855764
calibration_00100,-1047.1960379686034,146.23030101973615,-85.06642108310747,-1307.3302696100166,-269.45844441971076,12.186719720857702,-1415.8952847800101,-97.1102535087888,-361.25915628202324,-567.1600575188102,225.1547214505956,-192.78664305567338,-232.44970991260755,-219.25820740873357,31.980762829204995,29.06183109177457,-193.82371234813843,-507.4228304056936,1356.9551458202386,454.9349936813707,59.25858225603875,1503.5115530862124,-58.03292440876955,-29.52551876968432,1516.184881510033,242.809651899975,-478.93200642419663,-999.9772306563872,272.9609475696426,99.33593536872526,-1149.9374523570223,-199.02986720903172,166.95456935610665,-1300.017246005746,-34.42117037075748,-195.35456795536064,-299.9732486493069,281.9367707606761,102.56471839364268,-0.03767380293609515,-229.79163726408177,192.8075814528489,299.9337156198375,-52.04816226723238,-295.54553762151386,999.930769505367,281.7899542406731,102.57353497735487,1150.0146417174378,-229.88548856693723,192.77718566173314,1299.9353309386547,-52.1413809596492,-295.53483964015675,-750.0169522391714,272.9051617716858,99.29746763821876,-900.1018157360874,-198.92876898348104,167.0163053433642,-1049.963586941043,-34.462558163815395,-195.44521813028425,-299.8971746152471,281.97382245009305,102.652657686634,0.026298018985192625,-229.79432669899614,192.84364112337846,299.9702807950155,-52.116042357482286,-295.507265216088,999.9553227799029,281.7927522799463,102.56497517111664,1150.001111100966,-229.89232314478838,192.84266968614986,1299.958697314689,-52.1658596554904,-295.4657710867104,-750.0453614221161,272.9706421717669,99.2937941221432,-900.0757640541577,-199.0680197031224,166.97244365362286,-1049.9705112207578,-34.44796809651935,-195.46705537213134,-299.92314492716474,281.9330211155363,102.63048350024211,0.04823341462538558,-229.766466945231,192.8317308459188,299.96605162719106,-52.108854274252224,-295.4605222324442,749.9807735430064,281.9752344514306,102.66693370906215,900.0027001352081,-229.75860403216737,192.87067156745223,1050.0716600305182,-52.04942621398533,-295.404403298497,-749.9853361931049,272.85098777567794,99.30227747733704,-900.089332902769,-199.05139009139117,167.02603727201,-1049.9997145812197,-34.48667785475789,-195.48297792425333,-299.9534227365063,281.9484671597531,102.63259946863565,0.02207706110648898,-229.81580222897918,192.81522073456193,299.9372883695003,-52.18167047748959,-295.52453286575,749.9817235815449,281.9431560376047,102.6114088461754,899.9817776776081,-229.8192788056681,192.87305598210781,1050.0471196822073,-52.028389445259414,-295.4161723495053
calibration_00101,-965.2149219253163,614.886654214027,46.52100863177164,-1051.2035290281651,122.5446752743274,35.10963875530821,-1280.5127571738803,331.2445659390242,-256.1111404716212,-270.1053770924221,366.19056821609314,361.85958528901756,39.67609341255802,-90.43463820907684,597.4703300619684,337.3371237234198,-58.26381595537018,77.50123805544652,840.7899861766955,460.2313573521,388.1666563906034,1058.9295164140801,-20.300720710713097,506.4061140131421,1162.39827626896,135.8784312312177,-0.8714722627363458,-999.9492661046105,272.9584621911305,99.40822074533615,-1149.8863738479074,-198.98012429151532,167.03136334326453,-1300.0128379595117,-34.41625152383254,-195.39314165653812,-300.04808015496224,281.8977118272421,102.59855350753439,0.00012898933360407094,-229.7747781459317,192.86153174629356,300.03864078592403,-52.10609634909083,-295.43608257675834,1000.0127425473931,281.93042760729577,102.58718611725709,1150.0213580731356,-229.8451737623432,192.8022953690014,1299.9896318555996,-52.15075659284863,-295.4709452296703,-749.9991769489629,272.91584361062206,99.40751858674105,-900.0524930293508,-199.09688195567864,167.07421547506564,-1050.0242324114156,-34.48349764676341,-195.4247819275384,-299.97825462329865,281.9190897197024,102.6408247931709,-0.018151649506902096,-229.73326435417744,192.84867113898076,300.0139349936568,-52.09255945799092,-295.43863826247485,1000.0208326775211,281.92229871719735,102.58703187559138,1149.9750649146895,-229.8326722310852,192.88524818811348,1299.9978053775853,-52.1384811159772,-295.4610670725054,-750.0631797716046,272.907822702568,99.36720248326664,-900.0850567668914,-199.0818190200196,166.99348082109182,-1050.0029288953806,-34.45282506976946,-195.37494824494817,-299.9782593653194,281.91328112837584,102.59937412630688,-0.051935584699683776,-229.70748227847872,192.8703143290656,300.0269628306592,-52.07602266302376,-295.4382125978647,749.9921743976563,281.9447277996513,102.5400355170471,900.0785827163429,-229.79967493294328,192.7089921268179,1049.9862007284855,-52.01041857384943,-295.4940172310126,-750.0257009932226,272.9359859221459,99.44976000545893,-900.0258647812753,-199.00657311986583,167.10747952226413,-1050.0596598197712,-34.48854812984538,-195.3607209107338,-300.016274544144,282.00124860123503,102.63112613515443,-0.006091253350609241,-229.69876229123076,192.92809174281456,300.00554220351074,-52.119857460425024,-295.4224145144384,750.0052983438178,281.96995706047505,102.6436448572113,900.0915235403991,-229.71626079113244,192.83085447281186,1050.011137542498,-51.9414321664568,-295.43128094877926
calibration_00102,-1014.6885710166016,412.3271764968835,60.82151119900711,-1201.8819916081927,-50.08527011950596,30.161757692309852,-1385.0208335827317,214.71264530748286,-247.83761905757717,-440.8265518876814,2.159330410247879,274.1008675366102,-24.96650262640811,-387.2263456065758,462.29624474060165,318.42200424758687,-97.20237008283593,64.80162309131971,1008.42352615039,452.4917226316983,325.3810776345608,1153.8804959613535,-57.69397260556318,430.653131775552,1195.3846138055962,66.410825873856,-94.15700176136873,-999.9571250050916,273.0370168391318,99.31217193895479,-1149.9116949608235,-198.9350695447127,167.00487942807882,-1299.940767645148,-34.298227693791745,-195.43578887365385,-300.0228182220393,281.84755269509674,102.6742890622706,0.03002944238343818,-229.82196821871563,192.85426033176773,299.9873647517414,-52.10289476751355,-295.40862883416094,999.967096237509,281.85774911704453,102.52727719183721,1149.9384375593554,-229.80225199866308,192.82754188681207,1299.9601336113271,-52.1069454256926,-295.53346130843215,-750.0165577625359,272.95846027808074,99.3315133744868,-900.0878058981448,-199.0348433631468,167.0074470421741,-1050.0073670976155,-34.49330300605315,-195.40347322057215,-299.9639699307446,281.82830263700083,102.6436865764087,-0.015922038384065855,-229.8589308710764,192.88677996726076,300.0113036202252,-52.14068357311865,-295.44102746394447,999.8753605571919,281.85527200559136,102.57918254522154,1149.978994677712,-229.86047411522173,192.72808339569852,1299.894698103574,-52.107673780791245,-295.4817505728264,-750.0304215640512,272.9403740744208,99.369432293712,-900.0236472109626,-199.07196133971757,166.97048871664643,-1050.0456381354668,-34.417642319978874,-195.36508839073966,-300.0289320029641,281.827514259287,102.61863055228528,0.02819989797464134,-229.80117129754547,192.88952466190202,299.98101943472574,-52.092252962722995,-295.4198202014219,750.062269844154,282.009668490561,102.56012927262883,899.9892188913398,-229.66471895813683,192.97231721415784,1050.0499487529125,-52.066781084086394,-295.4085561136578,-749.9415515847886,272.97474903689005,99.38740628506021,-900.0584415780546,-198.98572830128978,166.97496232441864,-1050.041885813222,-34.35492082228108,-195.40884577562116,-299.96866957265195,281.91450286077946,102.6956294386236,0.04968825329190059,-229.85050822618916,192.8165531795381,299.9735361473349,-52.11335289201568,-295.3670703192204,750.0358297495993,281.9143581497151,102.64387200290905,899.9889545738506,-229.77751133218047,192.83815058597997,1050.0376898820132,-52.04954386042209,-295.45712054639864
calibration_00103,-1316.7957757229667,286.24117903041184,243.4046568630825,-1454.3668231123852,-149.9519369186031,444.9237850772398,-1601.132065706401,-104.23707312979887,48.3699541246737,-142.96179143118067,-50.79721967052032,-35.957995821759646,217.35817098002278,-510.01299880211786,102.50623997312925,384.77658261860995,-453.57181858625745,-470.8913427091852,785.4906901990247,260.59007931722743,395.8559840186448,946.7681247890713,-247.82946024964346,485.19684896445574,1086.8451140484783,-68.3685612149906,-5.384775322800037,-999.9534185608878,272.89328145965976,99.34884858868485,-1150.010399039626,-198.9717321423112,166.95741334802995,-1299.9909877713928,-34.4259135846171,-195.41262546161585,-299.9228808822849,281.81522043721174,102.53408226472554,0.003947562558429721,-229.81953197777057,192.73306080145244,300.05931978920637,-52.14341364120573,-295.4981741437573,999.9941159124629,281.87509917214015,102.65235770476264,1150.0371914661384,-229.79413509679776,192.87074228197946,1300.0060079603136,-52.17413419624019,-295.4335570527976,-750.0217356365283,272.9640398078012,99.27569538360655,-900.0645214391145,-198.9883527179759,167.00943219198953,-1049.994658199144,-34.49394769701979,-195.44135636938367,-299.99462549693715,281.85845277183375,102.55184929625703,0.02063493877896854,-229.79155512961813,192.84076944946094,300.01397252811154,-52.14084688545063,-295.4833951886545,999.9596079797071,281.84176641834574,102.56671421390273,1150.0164148608296,-229.81151595530994,192.89737386260813,1299.9878238803904,-52.12911811393607,-295.43402056995575,-749.999434855419,273.0461118907539,99.31670484007655,-900.0222361361589,-199.03882564153488,167.00077880358018,-1050.006686783119,-34.46265250273703,-195.45127326847398,-299.9612274718032,281.85105920589234,102.59356504093843,0.032226124404916186,-229.78250158646208,192.81496561417399,300.0443388031904,-52.13593599900624,-295.46314856115487,750.0906651691205,281.9659798969588,102.69244614789702,900.0817710430118,-229.74096023834966,192.92849537162147,1049.9673637186936,-52.04540258528888,-295.3322442634457,-750.0680683472643,272.9543040213978,99.3889739098222,-900.0303201966467,-199.00394086966787,167.10759117551527,-1050.0259098895085,-34.490174369267194,-195.2915849895107,-299.99309192484884,281.8565241991321,102.60876416212741,0.019232337180770616,-229.85369179028183,192.84599127325671,299.9618962839124,-52.11891443145242,-295.47077484471544,749.9950460915745,281.9339895930006,102.58192346793795,899.979791500595,-229.76428829236653,192.7884718303226,1049.9871930474221,-52.062993880516125,-295.5035089106183
calibration_00104,-1310.9396202117741,486.12157719638674,54.30871699705053,-1477.7694473632782,21.92328969653439,134.8050609531296,-1598.091393107943,171.00489563798874,-244.97477995690642,-403.9820480206874,-95.1028557634981,178.91812652055717,-27.530707912999173,-522.1207787817723,368.51727836062355,331.11776489492865,-286.941056970211,-51.05173620730306,1204.8461529780266,-43.97381500148497,354.8661578387148,1429.542151828252,-522.2434946559772,469.8537043736234,1631.2694760699196,-300.46974283855906,19.783546766321905,-999.9453884800074,272.9659732897954,99.27007670455178,-1149.964327276149,-198.98227363934203,166.85356079559276,-1299.9503838616674,-34.422082129207084,-195.50694702178004,-299.9911380933308,281.8852162433239,102.56243977960936,0.03168730762242383,-229.80341306745504,192.87568305616054,300.114320994999,-52.11983362975306,-295.42389604416076,999.8910299780923,281.87976428025235,102.63760175721495,1149.92445892949,-229.84405034825156,192.92537557836457,1299.979343375081,-52.09280437732925,-295.3931844674454,-750.0480553008954,273.0491585448483,99.3115776336245,-899.9458395301814,-198.9462930556137,166.95056344355058,-1049.945285911819,-34.366289872100026,-195.41000084671433,-300.0058054864965,281.9332394990133,102.51136289699951,0.033452469890618355,-229.79448075079893,192.89697061421305,300.01129651202365,-52.1494784956775,-295.4943617149823,999.9322457558445,281.9110752012518,102.61098829591413,1149.9023833757249,-229.7668943397258,192.87280057493837,1299.9561308281382,-52.10093840118187,-295.39477654650375,-749.9385132532592,272.96223813785275,99.3772962024653,-899.9441668473839,-198.98599755371532,166.96990434921838,-1049.9393695194367,-34.404564695598395,-195.44894948410578,-299.9579321058215,281.8714143346414,102.58933885428984,-0.005545607993484504,-229.79025818256756,192.8647475447056,300.0068916889065,-52.13426013444802,-295.488789158593,749.9873499999914,281.8810959936522,102.60078587161463,899.9819743459904,-229.7910551449739,192.9002096820871,1049.9611621521399,-52.08937370997261,-295.3991290697172,-749.9747551429659,273.13431184227414,99.32593029777985,-899.9784365806695,-198.89666629486263,167.02227635677266,-1049.967381893009,-34.35746587790609,-195.4276403878989,-299.9388750980439,281.9236083511115,102.5270486104872,0.02502605439888316,-229.80723345718698,192.8455520676496,299.9955085884708,-52.11663708743366,-295.4364428566772,749.9779086023926,281.9023719458162,102.55356749372359,899.9909393267299,-229.80156590060042,192.77548968544804,1050.0139353560191,-52.07817603352056,-295.501241865311
calibration_00105,-1309.5962116962658,132.46616493921672,-32.62685510832816,-1319.902440668065,-367.03259952845366,-18.659136539842624,-1592.7281076990564,-209.85177626109652,-304.66100613536094,-482.39450123790124,15.102483571435389,20.648240916561807,-166.20613624753324,-481.95491061405124,134.67274578170068,168.02432209669914,-283.7216229863819,-322.4384563816881,1242.461236279425,258.46185876166766,-61.756882309850724,1373.6735945394075,-265.8975764048392,-42.95224865765357,1661.5933815087044,7.525107697270753,-410.08668033029886,-999.9368204375309,272.98749710506513,99.45599799019631,-1149.9788196828429,-199.02827699915994,167.03183718722045,-1299.967919992496,-34.48131707462347,-195.391876045947,-300.0070320427128,281.9009570268413,102.52636203185556,-0.03501511962275796,-229.78076794561088,192.8864489525831,300.0310635382567,-52.146740260525114,-295.44365572566574,1000.0300583154406,281.9348868098937,102.49844387516792,1149.9816466361951,-229.76614457844872,192.79352390792832,1300.0601299960954,-52.13047495765131,-295.49956145254833,-750.0558515907854,272.97730905364085,99.34248694360203,-900.0446884629794,-199.0393764698015,166.95542187890138,-1050.0842814257578,-34.37162789050895,-195.35232702072244,-299.94330649906385,281.89917254317027,102.57970502167075,-0.007119484109673769,-229.75636687269127,192.86994255561896,299.9911878264401,-52.15554472596433,-295.4736037306908,999.9881671341275,281.9698770263614,102.42610987924104,1150.0325198405733,-229.73229855126303,192.78771078061482,1300.0359136853535,-52.14314402671618,-295.5193843472477,-750.0108798696884,272.9869300802924,99.28981777632802,-900.0363540041933,-199.05148937091977,166.9832675127408,-1050.0904180738416,-34.38915193299243,-195.4820736328876,-300.02235001882747,281.9510758372129,102.54270384972743,0.023005238526120648,-229.78930494979218,192.86073056896288,299.9543404348907,-52.0256465451054,-295.4399708725549,750.0477949969708,281.8357196589439,102.73972791263243,900.0096834639163,-229.90591234888106,192.95645494209379,1049.9744949365872,-52.080924553552656,-295.3839266955809,-749.9687887406792,272.94509187893453,99.39155238716442,-899.9638230048754,-199.00610515205818,167.0312404190991,-1050.071988445769,-34.50172098346517,-195.33548820295883,-299.9745379803962,281.868853732009,102.53293487930861,0.1454329109468384,-229.7587361785261,192.85196328555352,300.0880247089162,-52.068754098362064,-295.52274303924963,750.0805952297253,281.8712665593268,102.60938987960138,900.0797931190991,-229.85855565342766,192.78774370508842,1050.0866481818043,-52.147739113849994,-295.48322742945527
calibration_00106,-1310.876223949308,-36.62648141080009,-106.86955204886759,-1393.9224133110733,-527.4582090669555,-61.244158348778136,-1586.6754894877463,-364.2619775785389,-403.5355245891523,-487.7167190128173,48.81514441941511,260.0410758575256,-150.67455274341074,-414.6525329275108,437.77855808140606,131.99151350341833,-311.11442887913574,-81.12345680796341,796.9589848972022,52.99141510211017,341.6810374386484,1070.773511075012,-409.88219772494784,284.5488440667961,1023.4199594097469,-137.50521668910463,-180.26915696701445,-999.9521336967313,273.00688374053925,99.31632251350246,-1150.1016278439647,-198.88278766450318,167.0304194739369,-1299.903552279239,-34.35845442715428,-195.52139989272402,-299.9394660460922,281.95451875698683,102.60956939916996,-0.04679204911403327,-229.89499679133166,192.76206868403162,300.07234112524117,-52.087661964709106,-295.4398537392717,999.9335080540181,281.99821177318177,102.54978430558351,1149.9735518992754,-229.73458892952075,192.80564319957648,1299.9890285866165,-51.97844025005719,-295.4113173009987,-750.0605003898798,272.8930686829283,99.36181762271245,-899.9620825530743,-199.1284369661139,166.97545777162864,-1050.0205659891094,-34.50562138260364,-195.408849251125,-299.93540171139455,281.9257318982224,102.65336031444562,-0.027128643352757324,-229.84236805502871,192.78885793531714,300.06496503426405,-52.059416942210675,-295.47432733302367,999.9614125619063,281.9912507776162,102.58051694985657,1149.899680547349,-229.77082198466428,192.818213799228,1299.9715282290065,-52.016664901651104,-295.472955497647,-749.9488269135238,272.85349439554443,99.36629941588717,-899.9613265338488,-199.12235116186136,166.94341092384525,-1050.0454446514336,-34.526713826945375,-195.37759234033376,-299.96551513713416,281.9704803684149,102.6181435890766,0.004299608524444901,-229.9426239777,192.78608077768638,300.0041128078704,-52.09035761488347,-295.433025901265,749.9690129920517,281.87543192321016,102.57689853863053,900.0276512814443,-229.85941568580918,192.8105310456919,1050.0044627935954,-52.167808566852926,-295.5101073603873,-749.9665954157437,273.0009142662444,99.41050210331603,-899.9662585921861,-198.98692516744066,167.0168221351786,-1050.0454547270892,-34.407920028623494,-195.44816446900347,-299.90732979008163,282.0098384300857,102.62293356937572,-0.061778375491164945,-229.80662169956872,192.8727681054604,300.0585662420309,-52.124629080020554,-295.38536533762414,750.017821579763,281.8004435041437,102.57626494493027,899.9670682655831,-229.82515037116036,192.87989158427874,1050.0299869946032,-52.18554841910614,-295.344518487185
calibration_00107,-775.2380815035881,446.31316088442645,404.2406605328959,-858.3745162337725,-46.50908562543673,404.7773082746534,-967.6180346428783,133.1947448310356,35.0777439112347,-67.30214755393564,28.914686131413966,287.94698161376016,205.20840564308386,-504.09873240858565,246.88824351320864,547.573735635936,-214.0284387814661,-151.23367128913563,989.9945070252938,334.6352278366966,335.79077210984684,1076.580440614409,-197.74880099521027,296.1803399061435,1199.0847664919336,67.37658010155403,-158.94492306141447,-999.9883323132232,273.0170420582165,99.32229568937346,-1150.012053093407,-198.95084156563038,166.95686918138756,-1299.9920710351835,-34.33086540768046,-195.48103406970353,-300.05224645964125,281.8685539184975,102.63689556671966,-0.022675387776497972,-229.85221024852385,192.843805035941,299.9627975650519,-52.16042526058792,-295.4755721378707,999.9813333332966,281.9701018009002,102.65483402438645,1149.9938742161955,-229.76734523482958,192.8955618971567,1300.0139204912577,-52.084118554409706,-295.4572496405915,-749.9806066399494,273.007641600306,99.38591181511127,-899.9738011888215,-199.02961778672818,167.0992704551995,-1050.0085149859221,-34.452838212718426,-195.38722120721576,-299.9643932187043,281.8919427080657,102.60965303717393,0.04805156741065025,-229.85615850067904,192.81944174579797,299.98947478174466,-52.13238243012124,-295.5056624814942,999.9770262969658,281.9085905768871,102.59972077086665,1149.928376663228,-229.82526797443322,192.892240842239,1300.0274105098044,-52.11701992689538,-295.4070884588867,-749.9609726764144,272.9542132548409,99.39952809988522,-899.9736962175372,-198.99823648754253,167.0522909457107,-1050.014903168876,-34.40758870394994,-195.37713326584725,-300.0103193400913,281.8855656755033,102.58962024980434,-0.031159054122280844,-229.8211077691318,192.84605464547204,299.94997265141586,-52.089211318822784,-295.42986041802715,749.9826268255829,281.91578006117425,102.63983203669923,900.0423880960847,-229.77099315335798,192.79601423538773,1049.9328943219157,-52.05221442266834,-295.5099937193138,-750.0474546737897,272.9256666857322,99.31328879799418,-900.0138251154567,-199.07604185201205,166.99360197015895,-1049.9525043870249,-34.46000991046222,-195.42621278501628,-300.04335124543434,281.9085984027011,102.57413047646186,-5.074060488897275e-05,-229.88757789124227,192.83101012917953,300.0032817931398,-52.18803596889101,-295.445611845156,750.0174126895978,281.91074238825405,102.6531231130199,900.0153709414809,-229.81819589528183,192.86181623848574,1049.9225194720734,-52.1257441451733,-295.44294668057563
calibration_00108,-822.8443233008292,125.52371097620049,-96.3209348651535,-960.4658110743766,-347.91646007124604,-14.124443965698195,-1106.9633577329341,-201.52857617840547,-385.6792130181439,73.39631868358319,388.9842211066147,285.0252832198619,303.31776814588073,-164.71450493342962,307.04299229521143,585.9337947035912,14.1178137905309,-191.1185496026131,1298.9154093858401,331.6778361003618,180.2462673569788,1399.5635362652113,-189.43039842014863,284.21379389712945,1615.4245111110133,-25.13122332922481,-183.71991808845297,-999.9754091819668,273.00105147162105,99.40891570474945,-1150.0611990226132,-198.97590141014632,167.08057396195818,-1299.9954545792173,-34.4755499223483,-195.3246139941072,-300.07679765551904,281.8930352988487,102.56835753309332,-0.004348256117752455,-229.79093180606833,192.84902774131137,300.02800112213015,-51.98955498172165,-295.4508684231619,999.9375336513943,281.8641093378881,102.61618583694597,1149.999938388418,-229.89476392978645,192.8614511973832,1299.9767150024609,-52.09793086507695,-295.3795863710846,-750.0080201664825,272.873593529908,99.30818393605942,-899.9880072365903,-199.06332331720907,166.9589607731153,-1050.0163096744989,-34.54575412316335,-195.50765907081012,-300.04781397609156,281.9421735165009,102.64262134832077,-0.019035244758237695,-229.79941605922386,192.8335571300936,299.9983090481692,-52.079657786168376,-295.4087513210079,999.9564739173034,281.83653345568746,102.65371243142904,1149.9816678530408,-229.88114338380214,192.87477357520774,1300.0250320501405,-52.10033739786528,-295.4258200668059,-749.9989978429253,272.9241087282518,99.26876727707773,-899.9810916491198,-199.08317740157275,166.96297039678927,-1049.9719639249618,-34.467042251393096,-195.46278705951286,-300.1148190752992,281.9311931687519,102.54621974150243,-0.04202042306850603,-229.80077252956815,192.83759771863595,299.9861862046081,-52.03535653644858,-295.38556058383057,750.0152338993306,281.9214644253782,102.59184394522117,900.0164525984338,-229.83341215361193,192.80932306979784,1050.073289473201,-52.127989384698346,-295.40554721768586,-750.0089389042146,272.8951958542476,99.47932506940997,-900.0368179414185,-199.1657199155429,167.01264726196192,-1050.0030899661758,-34.518805572401455,-195.3665231006464,-300.12013413609174,281.84288643354046,102.6318780707293,-0.015440059845561425,-229.7672365017916,192.9046627011609,299.93907923686606,-52.06354790261678,-295.4034157064655,749.9538223136693,281.8856755748029,102.54557467540496,900.0575519036912,-229.81129207834869,192.71910390558097,1049.9458054987879,-52.09216431633339,-295.5499138642752
calibration_00109,-593.7973482105579,-69.16845257816009,55.171761522486406,-826.263005948804,-510.8954241035806,79.79968054615652,-970.9696988800501,-272.3295842022261,-241.15886102392352,-244.50911904652946,106.66468810203547,163.22306181399497,-69.40217632691814,-463.93235460421687,224.39890056461581,260.2081258339818,-335.9614498706487,-260.3248875848173,749.147836755599,242.09760298315194,191.9575284005827,957.2510895141078,-254.2888475106585,244.1730748172402,1040.6275018987085,-44.40235439545978,-247.31783199288856,-1000.0434722793336,272.87196802792397,99.38415359730205,-1150.060252586403,-199.07033698139037,166.97341519883994,-1300.0577252373432,-34.50442393198614,-195.5128237221871,-300.01716976494424,281.9308516564063,102.60684700050194,0.024181469941267877,-229.75495221145897,192.8735671586856,300.03504686664104,-52.108102065956416,-295.41005469037884,1000.0465851494307,281.94907483744163,102.56556570774873,1149.9703896061826,-229.72125352880286,192.81248959729982,1300.0591971519036,-52.01630262597269,-295.45603117011194,-749.9602239202572,272.9434229613819,99.20654402080518,-899.9372382284694,-199.03284017534563,166.86617457591248,-1049.9266525057826,-34.513755870481255,-195.48534166847128,-299.9996972882431,281.965529415238,102.55540627168624,0.05416887328011634,-229.74636249220165,192.84873315994537,300.04190412043715,-52.134477580465884,-295.4216386601196,1000.0162549265515,281.9259579724062,102.55852626561588,1149.9920773236906,-229.69728780810956,192.859600634039,1300.096197691166,-52.061506294694546,-295.455243792805,-749.9108933920589,272.94300898525756,99.19018667398066,-899.923539763422,-199.04653957849794,166.89363411262886,-1050.0145099503065,-34.48013414357177,-195.43800064711533,-299.9640680515344,281.87749598109804,102.5533934234186,0.045940192017687516,-229.7600638427954,192.833699452284,300.0231334521393,-52.13526947457498,-295.43539871891824,750.0273822608539,281.9361796879557,102.62683733156805,900.052347537239,-229.8101070050107,192.8683287309089,1049.8954393309073,-52.14446514551604,-295.4903011911698,-750.0335369809919,273.02300185416806,99.37848861279934,-899.9406431310368,-198.99491418099853,167.02143607454101,-1050.077530947178,-34.5211183947334,-195.3106411540739,-300.0372889385947,281.94850730133663,102.67278665227514,0.029019994709017546,-229.79541406423246,192.84324690494176,299.9945879530478,-52.11411824540813,-295.42349304339433,749.9946224672173,281.9324028303988,102.63204011139526,899.9616244703466,-229.7943415339692,192.82312344991033,1049.8330149599462,-52.078294503402034,-295.5497767657505
calibration_00110,-1209.5428004958414,356.719963369506,95.25937623214051,-1378.9453021379911,-107.9213547795478,167.9315527691109,-1579.147825111748,86.4059451287909,-153.08346474117215,-15.226330334180947,477.15780676244333,355.24644603409314,254.0877087588821,-51.70031720832946,267.0822506973887,465.9622504303249,222.92134679447688,-222.44977914288089,626.5460718725258,112.71268669537592,179.35434455547735,904.9243800081905,-344.14512721632934,258.91806344313534,1042.8468239273395,-93.84399167668037,-200.21925112900956,-999.9452293677916,273.004984293539,99.31719404636785,-1149.9050250045402,-198.99678802247058,166.977820948212,-1299.9294448387773,-34.423870306446,-195.43943141714448,-300.0589290333424,281.82176081291146,102.65510963285797,0.03143439166753347,-229.93225494114026,192.88450805757023,299.9396423328468,-52.126216765105205,-295.4305061261135,999.9898420122663,281.87045967792915,102.5104555586171,1150.0681737010166,-229.81938188140325,192.78448586318356,1299.9719604147112,-52.15909724314702,-295.4768099884674,-750.0295333646246,272.9912928686967,99.33100399065921,-900.0897920308428,-199.0082402035084,167.0289101924791,-1050.0135114843238,-34.51533993849159,-195.39265088091997,-299.96345411523157,281.80048181323554,102.65560252813509,0.028099044063101115,-229.86210699967293,192.88945510404756,299.96029670143093,-52.07729951921386,-295.47743174691107,1000.0760449842893,281.82719753449805,102.58714120079456,1150.050805858618,-229.83302762776938,192.80923186540994,1299.9879550478722,-52.1145325098842,-295.4522706975875,-749.976562683939,272.9475881087236,99.24489705199643,-900.0322510158137,-199.02586167399713,167.05053650891097,-1050.0050272035662,-34.53165498599704,-195.46610974975374,-299.9896647721348,281.8195129960472,102.60452269977561,0.024583577607998015,-229.8783101097038,192.91872626900087,299.9617209207593,-52.07891426852944,-295.43806042208985,750.0016421817907,281.91620886429985,102.65558162013232,900.0249793480479,-229.76036056787055,192.88875568862505,1049.9737593830334,-52.04045642191326,-295.35682163599,-750.0491571267013,272.8870237805849,99.43990508681925,-900.0637895962684,-199.02883622200966,167.07357539939036,-1050.079738630424,-34.473292970275146,-195.3030147641736,-300.0824439692471,281.8436237447941,102.75165460106014,0.013276984718839816,-229.87730118235677,192.83795604838997,299.94275643376704,-52.10676114033063,-295.41189123931656,749.9998549062387,281.92881806681936,102.67394265309882,900.0219432803692,-229.76294048088397,192.80814292687666,1050.0187613024168,-51.99171467609126,-295.4983732855563
calibration_00111,-823.3432533607763,84.30124826886028,143.63365324914977,-975.2527312736506,-389.23666593396007,193.96707182727795,-1125.6219611168133,-210.49819896170376,-161.49274820012698,-124.05830226845559,-137.92944718683512,127.54755291103221,316.6876995216756,-542.6844215400221,84.45156742182236,519.3215790071589,-165.99015121117122,-336.3785153042812,1027.3974902139605,214.65217625890082,294.64708899429354,1129.472772029927,-304.61279224879473,406.15981833417084,1355.1283331850973,-143.35345700364266,-58.032700626458706,-1000.0321062213505,273.06123028363146,99.26223741157024,-1150.0851617349274,-198.97292274297004,166.9459506098338,-1299.9663936146194,-34.35776834631346,-195.49629620155096,-299.9321799589493,281.98477756997084,102.59426354122641,0.008727771795377143,-229.79335931759448,192.83156344829928,300.0279544391357,-52.064333500250164,-295.4603177187179,1000.0018774764512,281.84037235058236,102.50276261197428,1150.0359957432122,-229.9046426928141,192.7823588503246,1300.01994951953,-52.22082311842687,-295.4433127508541,-750.0017752077832,272.9665909420632,99.18139702588485,-900.0065273784436,-199.02868087216902,166.92844373162396,-1049.967611219972,-34.42126033439678,-195.4781311299758,-299.94571134777215,282.0052043664854,102.65207933273757,0.027442443162296454,-229.802250920248,192.85841709510524,300.0180414139274,-52.04080859706655,-295.44125321032635,1000.0214986220395,281.78572863791635,102.5278732757833,1149.9694908473107,-229.94340828670522,192.73318344318756,1300.0168838211555,-52.22610249719069,-295.50063163741,-750.0118867951019,272.9451523162524,99.20923204533541,-900.0153773052688,-199.01906084831498,166.88861346886847,-1049.9590634477481,-34.509458687135584,-195.44894279608997,-299.95760305979167,281.99853935059934,102.63099751389218,-0.050312447897767704,-229.8206776616752,192.85689663498374,300.02383255334234,-52.04330813945412,-295.4773807318876,749.9712104036229,281.95105174800466,102.61725511586525,900.052126146969,-229.74033864669357,192.90854500769208,1049.9612731455336,-52.11141198926028,-295.435481322974,-749.959416323914,272.95278192932165,99.27501142878822,-900.0250882484823,-199.0602772757603,166.99323446689945,-1049.9802522011328,-34.52741876754857,-195.4758631740349,-299.9503866937917,281.9148823280899,102.66733047072552,-0.0033672701492045267,-229.76954096520157,192.87846873546994,300.03571224958796,-52.11020466247897,-295.416960541797,750.0699977177647,281.8971649669487,102.65135908505079,900.0480889328251,-229.91219984600707,192.83880234079462,1049.9900373385508,-52.19573975811099,-295.4566060278182
calibration_00112,-939.1137278829063,342.31446971931894,179.17503787307,-1084.084987707107,-135.77822762844252,194.71022034124798,-1279.815831658934,80.17251576292165,-115.07627170223499,-242.1243602095399,370.49849853912275,-164.67522725127992,63.214727582516,-139.0295907886263,-79.78556221248523,366.8447300293953,51.122202568743255,-561.1402675718047,1225.2228253221076,536.8388766234756,-61.827772385672965,1518.7593271442374,82.98525775677325,-41.687907468100846,1571.103446911071,344.0239934443279,-512.5186469048518,-999.997787568202,272.86166063468846,99.33158769259714,-1149.977789208156,-199.0173756131927,166.99729944587637,-1299.9863172754342,-34.51716684879539,-195.4918324684506,-299.9750907643145,281.89162522719175,102.63100829479905,0.10249903809418784,-229.79569906726644,192.8588421248354,299.99727512144875,-52.06249356594066,-295.3990319632132,999.9997309169158,281.8980159429046,102.56568087153153,1150.044839548434,-229.88961442425975,192.73945507318876,1299.9696751558497,-52.116784502442215,-295.4786443847371,-750.0301104522559,273.0585135000797,99.35038269215131,-899.9792561215,-198.9188784897088,166.92475128935573,-1049.9984099648427,-34.415344901360754,-195.47414687153096,-299.9746213392245,281.9292891117265,102.65469974219725,0.059891146312779114,-229.78847476459,192.8844209709957,300.0337259735548,-52.09759771150508,-295.35954396363513,999.9433254597486,281.8619862032077,102.58506610096285,1149.997781700379,-229.81774131933165,192.77243966322177,1299.9471498359742,-52.16145855012128,-295.61587263113125,-750.0508508159116,273.0446913423603,99.33141573348964,-899.9837186993159,-198.89609497773287,166.95391623798577,-1050.000050645683,-34.36905317409323,-195.41991201246339,-299.97762879961215,281.8964866324929,102.59645533495946,0.06326563313104008,-229.84434693488015,192.8789908529025,300.10818627699143,-52.09751223472943,-295.38609960594147,750.0494420128424,281.9016893739256,102.69748798084744,900.0107190949509,-229.8689623893233,192.79727773025076,1049.9981592438476,-52.08936007082944,-295.4463402232208,-750.0748616139504,272.9755263885139,99.30078285843756,-899.9570821674458,-199.0186504772246,166.94545605795287,-1050.079280823558,-34.43140431441245,-195.4523688719261,-299.9651614511106,281.8519212174221,102.64228328290996,0.02071513982221682,-229.83194077830902,192.87657316018,299.9936583651948,-52.100892594074026,-295.3806181132489,750.0153519881862,281.9198308259497,102.63216066575369,899.9813581224241,-229.91472820904184,192.76733130671388,1050.0103461548395,-52.08255575057991,-295.49125408422697
calibration_00113,-723.1879357559741,101.98186455958651,47.496170229840175,-899.1762267629299,-364.4456851743333,12.11254381535017,-984.7377930762502,-135.02830420021422,-335.6139719014283,-355.2714896021036,473.8802783406972,368.18134772529845,-50.716042970204924,-35.71730288732924,455.3615200005125,250.93600586680887,150.02440917044015,-28.86811944114612,1029.8398588861485,384.39156727779306,437.63497754125933,1061.3649017617884,-154.08935252048704,476.5898784997015,1197.9407198284205,27.266807144553027,-14.294594202727792,-1000.034884603345,272.9710469276945,99.37068236812124,-1149.9701833569027,-199.02861103798983,167.01993067438474,-1299.948368692216,-34.439523178048056,-195.48137915056586,-300.05150934425916,281.9412931989315,102.54815040059341,-0.027519434870465258,-229.79189463163425,192.91074940646857,300.02445442840593,-52.08888010895805,-295.41506936967994,999.9421899554211,281.85154092179994,102.64758702913676,1149.9910876174167,-229.8549011864088,192.79507189828595,1300.013941014521,-52.12540634022527,-295.43339195862046,-749.9636901301014,272.960398322289,99.3348335852246,-899.9960593531878,-199.03014070538936,167.0872159510261,-1050.1129302950826,-34.50840864225069,-195.34504260828115,-300.04233335728657,281.8885321605842,102.5680117502318,-0.01769040085419295,-229.8136411102123,192.8736878408448,299.9914490570583,-52.094363314409,-295.44709009312436,999.9200499350075,281.8843826539561,102.62685827197359,1149.9626869369324,-229.86092085363165,192.86600785447976,1299.9307518714838,-52.10090697918706,-295.4595785381089,-750.0445828255757,272.92100907326187,99.34410315854544,-900.0053879983136,-199.0634454200859,167.11276767051442,-1050.1334879041635,-34.506979724296464,-195.34649470535115,-300.02029264059826,281.9339809640657,102.59523672020589,-0.02019814628481453,-229.79751034662854,192.85420922111624,299.91734895551053,-52.14088531273627,-295.43486914321306,750.0554481790957,281.93820406092783,102.63339528886594,899.9881613581541,-229.78234327846064,192.8240139279428,1050.0686822433552,-52.13846653790369,-295.42519637868475,-749.9775032931543,273.00748875621053,99.248028752646,-899.9733425308042,-199.02674847134006,166.9900062432635,-1049.997170965552,-34.443719721518065,-195.35432919568478,-299.9629940175031,281.88331742281997,102.56990594341464,0.06438671321153716,-229.87725457481392,192.8068038376416,300.03125393636185,-52.07808783570062,-295.47978274538923,750.0792631480743,281.97079495207515,102.60608664897923,900.034482754982,-229.86963526742568,192.77882115230844,1050.0976378733885,-52.13089525898829,-295.490657065474
calibration_00114,-696.3221020295539,379.6116423018122,-43.09332523751058,-855.9782941390838,-89.85048318986125,19.509332910151777,-1046.3272740566858,100.7441638500695,-309.62345384905706,-496.6237899907567,436.54644564962405,-204.51968181091223,-268.3569696362435,-100.36440271248769,-64.65893761439253,-4.489809422816393,-44.03373030788039,-600.5249364273662,1258.8201370124139,515.2565023079723,150.13169312671172,1393.948231762519,6.243507185236231,26.64528960039488,1497.5073162579165,352.5910326513488,-375.7043290166871,-1000.0333805834154,273.02224346476316,99.29044546116357,-1149.9817493465207,-198.92096132823463,166.9516306330711,-1299.9791927344795,-34.39316216806704,-195.4573536499561,-299.95991940098145,282.0196041109709,102.5532973832016,-0.10347060320227368,-229.72139611148336,192.81875430981307,299.9832780672339,-52.05732102016669,-295.4069712906579,1000.0286237147517,281.96692665537734,102.6661733864923,1150.0935571982736,-229.76361690367926,192.9311965646209,1300.1132380020929,-52.067895575080456,-295.3946352376026,-750.0025429765623,272.90104280073325,99.32506678953021,-900.0089382668215,-199.05956549901518,166.98480160797266,-1050.0109927371632,-34.45690301828301,-195.418209383252,-300.03254002250304,281.99158897246144,102.58921353005692,-0.07787365250273302,-229.78271591600804,192.81589782343826,300.0402097845029,-52.079815435928516,-295.3767696653483,999.9868131812592,281.8982691497275,102.62690443366864,1150.0597246889595,-229.75832649798235,192.9822501957593,1300.0383828927932,-52.097329075217786,-295.44374088116274,-750.045187525813,272.8785492822366,99.32225407739557,-900.1033476612041,-199.11045807475304,167.01971237556037,-1049.9533634885374,-34.53149060034723,-195.45171511675827,-299.9618901317784,281.9915147937967,102.56993572908759,-0.025965254084031705,-229.7736625097692,192.86949562350918,300.03424534227116,-52.10463202333235,-295.3824682960999,750.0709716937733,281.94204167645756,102.6227108753305,899.9808292188133,-229.7707194502225,192.75980088864904,1050.1236460752557,-52.05120547319281,-295.44481430500196,-749.970827905302,272.90590360675594,99.34062316788444,-900.0084390576375,-199.01650854852016,166.93871019589108,-1049.9987570629498,-34.42658367051214,-195.45274156065767,-299.97333285443426,281.95506802823763,102.56867413927404,-0.02444563314248183,-229.74708684317417,192.86208554461643,300.0404819109931,-52.03650434833116,-295.3319990652891,750.0966819034445,281.94340553571425,102.67250715531911,899.9890010078398,-229.87092475859984,192.8343758809588,1050.0570722889472,-52.03895816234177,-295.4735750416361
calibration_00115,-944.172024051046,512.7159641842405,301.52252501804,-1086.6446593114185,37.683963835132865,363.48877476643895,-1275.8196332170903,218.3408547374469,27.981429540070707,-253.3720791056476,281.13943086633026,-242.19253550339016,45.34077413687148,-229.3152044951971,-140.68438153054916,368.90960161294004,-45.35879599756892,-611.2175374239755,1062.265266562167,266.6628979472497,157.33351015555075,1206.0692268729154,-254.35029515193656,173.86380086714234,1331.9710030044375,-18.651170188644283,-296.26170924434035,-999.9757640252278,273.0140481372289,99.49232134733677,-1149.9473587430016,-198.9407452229001,167.1372872966352,-1300.0085926582146,-34.32225690353322,-195.2689820467499,-300.01402334926223,281.90930723380103,102.66081551460829,0.059006703497611834,-229.80698483470286,192.86232044454061,299.9588529919419,-52.10769707586312,-295.455538485659,1000.0128191519418,281.9666467230692,102.74171582796511,1149.9954885553686,-229.82210204967308,192.95771640815624,1299.9757279496578,-52.049113715709886,-295.34441617761763,-750.0812486186167,272.95205808567283,99.2402549475717,-900.077352227676,-198.98298558936196,166.9682231474371,-1049.9765576457332,-34.60954797111709,-195.4725516900539,-299.9814902767212,281.8541422375282,102.65079034622687,0.013560550659603349,-229.82422990001191,192.83345004263307,300.0306503752712,-52.087406328726914,-295.49606054150286,999.97506576999,281.88753566619147,102.69021171497963,1149.9588982860316,-229.80864899527106,192.98626224345546,1299.9533572740468,-52.075025349932844,-295.3359559992678,-750.0363839636478,272.871289839341,99.31390947820697,-900.0316785456382,-199.06129027699984,166.99697799700797,-1049.9617849012766,-34.59408691601647,-195.51282149183146,-300.04722426212976,281.8887011622433,102.65217377535245,0.04879628736239399,-229.81565651319545,192.84083002806,299.9996925114281,-52.1005241318573,-295.4190569295794,750.0288055142523,281.9793091460501,102.6591204758962,900.0169972755881,-229.78126566573886,192.99005582752528,1050.0580779253187,-52.044287906856674,-295.31233781143544,-750.073059225788,273.00239087002154,99.36974483361197,-900.0729447952576,-199.00822405115582,167.10564585835215,-1049.987238640691,-34.53664634570195,-195.3803180016385,-299.9674901008534,281.8427808674656,102.62491871017508,0.0031392038189204594,-229.81937913718141,192.8398695896859,299.9045884192706,-52.13155626369844,-295.52790345702556,750.0521090923496,281.98614808233754,102.55508814461454,899.9612098865155,-229.7895726945399,192.72887185703095,1050.0662544760212,-52.092487350504214,-295.513728272008
calibration_00116,-1068.2639318668507,530.3779685718167,72.939673213112,-1343.3863767819453,140.10936720921345,220.64587686739958,-1476.3377812499093,297.2428354566278,-151.6044349478154,-107.16347150926993,337.9121322140376,239.6101455173264,264.81349287584936,-124.76173388536914,326.8944076920255,424.19205930046576,-6.1376714293660894,-239.2408201337389,1195.761694843025,298.38129398690086,161.75247262733507,1186.6305460173908,-242.2775887796835,150.99531404850433,1450.947611647355,-30.223151480292323,-270.5668765462371,-1000.0340264444939,272.98096338808233,99.43753375034578,-1150.032265490088,-198.9440881956869,167.0548191596917,-1300.0947683313846,-34.36683212081703,-195.3663177503846,-299.96640754703645,281.91440675514747,102.61261974223959,0.09433093723525587,-229.86149270107381,192.8401020475183,300.0900015216285,-52.02854300460961,-295.41675856950707,1000.0364733829718,282.0180986063235,102.57763854531453,1149.9958045404999,-229.76443873423545,192.78320046632913,1300.0145859145057,-52.09569501700229,-295.5163002163478,-750.0214532066195,272.97990218567526,99.30768926272735,-899.9874407182697,-199.09599177704874,166.91387340677858,-1050.0355601480392,-34.469573281622644,-195.50309380671126,-299.9593379246051,281.87429710395764,102.5910435873633,0.059415054058431185,-229.78219145158428,192.81684472446958,300.1172386482493,-52.041727728395266,-295.4314187449154,1000.0559929298181,281.97254478865995,102.58249092623556,1150.0071450982564,-229.73040792633103,192.79173302674798,1300.0064393283756,-52.0662477119121,-295.5405217939546,-750.0390877334776,272.93911347608065,99.30067007881746,-899.9883413125992,-199.05906279435013,166.9224853092265,-1049.9734230550991,-34.43924808808157,-195.52448939329116,-299.9911362043607,281.8652483763569,102.68985720894977,0.03212575422702745,-229.85299029487268,192.754137983545,300.0360239849723,-52.043333754778644,-295.432887972127,749.9506340397921,281.91038661283056,102.62000819625963,900.0399137754944,-229.83497492740898,192.8479137826986,1050.0468893724055,-52.08907872770851,-295.3924990547034,-750.0967345810766,272.87214478231624,99.29466570915845,-900.0332218314709,-199.1340922673592,166.98329768987006,-1049.9983866116715,-34.58271952896444,-195.4979113926423,-300.0357650617772,281.87327105366916,102.59739607044274,0.08571947349345799,-229.79743304688543,192.8752022718589,300.01829084198954,-52.118645855783285,-295.4160988166391,749.9247150883887,281.9410070803065,102.55277851802425,899.9306767279504,-229.7425744630977,192.86107609309312,1049.9943878934391,-52.138213981905736,-295.4508773203804
calibration_00117,-802.9704324124788,153.65068537131134,396.57175773990923,-1028.0137927528751,-272.82176213242565,528.0679702719689,-1162.720744892049,-131.34080151621544,150.20786777313418,-268.22584943705243,297.6032353755736,-127.05372846419358,-37.106417229958616,-215.187819140869,81.97391735311714,340.87736953579906,-144.77226220996533,-378.5354131886609,745.6528887513502,616.7227690222495,-214.20508435761514,896.0022670376012,104.16663393036312,-129.1843273189215,1037.5425766511046,283.79504989172835,-619.2373837201236,-999.9398314745669,273.0265628453539,99.3701764839368,-1150.0182933740741,-198.95551159119012,167.044964115744,-1299.999596966096,-34.41045949062486,-195.24927682357676,-299.93602549017027,281.9519101481189,102.59731457184598,0.007765985853525063,-229.81307320661878,192.82866146134276,300.02590723261204,-52.19179638540618,-295.4487367863283,1000.0193272300404,281.92640778679817,102.56117373031638,1150.007605588878,-229.7482475714465,192.88404025701345,1300.0011143450174,-52.19338113040143,-295.44580723901646,-750.0181886100596,272.9529335108689,99.31587140206065,-899.9755343136873,-199.02425838324663,166.95417898251372,-1050.0454714587622,-34.467471604695874,-195.43322547068874,-299.93383903925024,281.9382977495958,102.59356078142673,0.0806784781924297,-229.79323188567048,192.88892055053535,299.94233400020414,-52.17536298370148,-295.4445070628642,999.995708270324,281.8802177893502,102.5579589268172,1149.9973655985689,-229.7490055756667,192.85242613760917,1300.0142438642006,-52.169475235730836,-295.3695153087303,-750.0320086761441,272.9477896897261,99.36334776744185,-899.9930528615389,-199.04214640042545,166.99176488889597,-1050.0388814451044,-34.52189854845895,-195.44903877467996,-299.98977675610485,281.91488725640556,102.62079561092206,0.03578045409215194,-229.79209702247397,192.9348188668186,299.99428440066356,-52.15647200124595,-295.51427748709386,750.070665061886,281.86454968662326,102.64609558600206,899.8996386140325,-229.86804875598375,192.80263395157274,1049.9918606717708,-52.21948006739214,-295.47621035712115,-750.111841543939,272.90684955318306,99.37255128334617,-900.0361623332832,-199.11928262831321,167.0383001518931,-1049.983036552774,-34.51996962395725,-195.42922755698095,-299.9759534999107,281.9528405644371,102.59916563591315,0.026370744665079843,-229.82153923052758,192.8634253858664,299.98690750656823,-52.112348937617604,-295.40502808350976,750.0028419792936,281.91531774168163,102.62834617122812,899.9569457467588,-229.75824528261938,192.85636825823624,1049.960115918681,-52.05943591447623,-295.5671547778059
calibration_00118,-959.5990591468636,-67.91965613695764,40.238575192434126,-1173.380535433567,-509.1194235561084,137.74099686409093,-1337.1749578895565,-325.7699999991322,-209.44838685443392,-599.528622935596,37.520113731400244,-27.140082181653565,-362.38818987301136,-426.9561655605914,269.4873555389223,34.05519370079336,-415.1066084447913,-180.71612319592504,985.7781049313035,473.5303066099165,328.57123628588124,1117.5814303952045,-48.96183800961803,375.8405350594314,1249.578999421407,156.1319827269604,-106.95197292286322,-999.9946543157071,272.8429610225892,99.40356663504244,-1149.9249350016767,-199.13244699119738,167.08193635677625,-1299.9984028344754,-34.56440004213211,-195.40879895019535,-299.97313964251896,281.8699598835891,102.68113965511259,-0.02563590485842515,-229.8594484337878,192.80398717718072,300.02240092723844,-52.08506879806204,-295.41072762771876,1000.0046082996001,281.9215263322943,102.62460729052827,1150.0547309996675,-229.8273713540629,192.81130221556555,1300.0376185156024,-52.06939903667825,-295.4511504586793,-749.9979626977132,273.04561920417916,99.46383056950133,-900.0186396926588,-198.97861434945804,167.10007056095236,-1050.0434465418937,-34.34879485814677,-195.38561552166047,-299.9859070400003,281.90497316590665,102.6703968930426,0.00390975108262153,-229.85758449407274,192.8287122936704,300.00686806479206,-52.07814165886888,-295.47246065767024,1000.0323546856972,281.9017117972429,102.62301349372788,1150.0394649224006,-229.817598372195,192.85502556556943,1300.0599548071327,-52.100998430173796,-295.4869325452573,-750.0238636235315,273.05035720913776,99.4066880253315,-899.9844817712868,-198.86223794622734,167.0786278269664,-1050.016790393527,-34.39472167879043,-195.3335812719334,-299.97374345058387,281.84307858550096,102.65242621867313,0.04843811203674789,-229.8935648323509,192.790528453497,299.99726905882244,-52.12415762873989,-295.39198188888685,750.0732994012427,281.9069001050668,102.54908869157995,899.9870805082853,-229.7693379194037,192.86477564854619,1049.971271136778,-52.10623019840506,-295.5209597746117,-749.9999178741067,272.9326297102841,99.33282457026209,-899.974156096739,-199.05375675808799,166.92600600679268,-1050.1119182712953,-34.45945480837528,-195.41430532116502,-300.0197873067631,281.80609192796584,102.62270183338562,-0.06704635271873241,-229.9539582788861,192.7769015327268,300.0350715640239,-52.191479449145156,-295.52960023698904,750.0003216515291,281.92297480061785,102.58772088232638,899.9270565914495,-229.85759314782567,192.8185580545247,1049.9563964381175,-52.07877429764482,-295.392199643302
calibration_00119,-1001.6013644914435,120.22431039982035,11.584854148043183,-1054.649028336581,-376.62550875386347,-0.33431409658983985,-1311.7701326690872,-182.15077652078938,-277.7274442793186,-492.2837634521306,254.24816723881963,-145.70840571968486,-133.8458206082098,-213.617189682567,-33.65459207623594,98.71697539742273,-67.08545627684649,-566.9628000825552,991.6904024867736,185.06828466354034,-47.11140133250471,1219.3136924750181,-292.54910017086513,65.22806155419775,1382.4686096068815,-90.70450665224965,-409.3186360334044,-999.9994602492711,272.9491884548574,99.27583118609432,-1149.9877992242648,-198.98023413712522,166.93600458316914,-1299.9058305722656,-34.52417943406967,-195.52475069360307,-299.9526539235245,281.9143725305832,102.64602785367704,0.07446845842717183,-229.82490613014167,192.88396710938318,299.9903673160098,-52.02853298510379,-295.41488297550234,1000.080732904121,281.9323640926591,102.59518765464749,1150.0633437841575,-229.70545045469666,192.73566730530064,1300.0510798231705,-52.05713225458223,-295.555011175004,-749.9464908408203,272.9422167202875,99.37059138420192,-899.9619580675082,-199.0104802606323,167.0037056426475,-1050.013422075159,-34.42074851351265,-195.41729962399162,-299.97378321292126,281.90003744600085,102.62887525815056,0.014510686574044258,-229.78471204926336,192.8357872607027,300.06818927312196,-52.07533913959538,-295.4411517825151,1000.1201729677086,281.94541717188247,102.57073285106149,1150.1129114602777,-229.72773710945737,192.75480036656504,1300.0588198950068,-51.97201763368246,-295.5147806473799,-749.9872386456802,272.90032846010035,99.33398765658953,-900.0230164851755,-199.0633108706665,166.99304683059782,-1050.0514509057384,-34.45150436416041,-195.4190252901884,-300.01062866305233,281.9370525287266,102.60474181599777,0.053419422845363405,-229.7338273622765,192.8241406121864,300.0845391850022,-52.04448690063876,-295.41128132421784,750.0298797020151,281.772564678994,102.59425783493698,900.0011297407003,-229.93480654868736,192.781439426726,1049.970571521412,-52.193487353649964,-295.4962618477055,-749.9917028879013,272.95222891993745,99.29037651883385,-899.9667990385124,-198.99313095487358,166.95381506477364,-1050.070563812997,-34.47661150927663,-195.41385604641047,-300.00675236396285,281.8947809969612,102.63995661947021,0.011644734696867845,-229.82168513885833,192.90372353141998,300.0133118064512,-52.102052439471485,-295.3256922528855,749.975683586077,281.8174436189583,102.62016077459577,899.9591425379085,-229.89840676097316,192.84231493370115,1049.9924697393117,-52.19820680922645,-295.38796891328764
calibration_00120,-1161.4591685209114,112.3389274468572,209.68776563912806,-1251.967158744389,-376.4458331299142,261.1403318836376,-1343.240174333646,-237.7562506510751,-130.44882640615668,-476.6185298392784,78.00258253682225,-89.93643482447652,-179.54001330358054,-436.7680445143369,-7.112851031976342,127.42934451304016,-249.36688014634436,-487.3339232649218,853.4090609483674,398.3675531901517,128.88982401432963,994.045487474404,-116.70327976327883,215.24756806792556,1144.6593473407038,61.088369336307906,-272.94343603458054,-1000.0007469375512,272.9773711255426,99.36650223895876,-1150.015386861078,-198.9719033641826,167.0255551608318,-1300.03014906921,-34.38362959965222,-195.39171530362447,-300.0328351990979,281.87114033996846,102.67881953630031,-0.03959126579426061,-229.84364451713708,192.86492002954824,299.96574543696886,-52.14538324156629,-295.3394251729041,1000.0642278294607,281.93371482035826,102.59705000192983,1149.945642196722,-229.7673009889469,192.91759781525192,1300.0460662881114,-52.13099367421102,-295.3702951501725,-749.9753512733588,272.9650697542691,99.46468688238687,-899.9780378723239,-199.0443556604701,167.05987544585156,-1050.0333726206707,-34.45349421006382,-195.31966249831774,-300.0343226082558,281.8347196165776,102.62345007363668,-0.018042809625017198,-229.87346722159222,192.88443070002828,299.98870979880473,-52.14182700052996,-295.37004138935777,1000.0640199115938,281.92749453743374,102.5736460977522,1149.995095119603,-229.80360104299803,192.88930045334246,1300.1044060006582,-52.11446333823633,-295.4057784229388,-750.0361001072793,272.96716616472,99.45449140480966,-899.9648869333237,-198.9949768579225,167.07389584156553,-1050.0022229467816,-34.47470647820889,-195.39676242058755,-300.0224556441072,281.88516144353684,102.68813235650913,-0.06805258881522447,-229.89516872602204,192.84752116994324,299.9884887169207,-52.146257780404085,-295.3663339999046,750.0435076712704,281.89395698260716,102.67363287181108,900.0439404872551,-229.87271711542684,192.83409651353682,1050.005570109929,-52.13857301750069,-295.33505241182075,-750.0639198037885,272.9515236807554,99.29706688338872,-900.0678641714155,-198.96574591411897,167.0514969137966,-1050.0294791942572,-34.44546427080866,-195.44135850570547,-300.07410613762823,281.9149930787246,102.53661123444724,-0.08014745766241485,-229.76081816685996,192.77953299740145,300.03335944146284,-52.12983777696834,-295.42724434843853,750.0141586647575,281.93302349799455,102.68399526465916,899.9818220002031,-229.75734945170726,192.9362031634134,1049.9807326871992,-52.11018557476434,-295.44073864779335
calibration_00121,-1150.7914724832062,235.30277639912603,-51.2702263550763,-1117.9117365903542,-244.80461955166203,83.84314742461885,-1302.2647583396629,-198.55785379769782,-296.71604919027294,-629.9024845159265,442.37117680843505,231.85857599178115,-322.20316370117496,-64.29277688384713,325.0985839517693,-27.572984598877667,113.06734825128478,-166.63737710512567,1138.5825526415745,610.1614661216618,-123.66914940458427,1328.3228951016947,110.32219791434225,-42.27582120219357,1487.0316069451615,318.58720678545205,-515.4974566780405,-999.9880953871658,273.0152707553918,99.37249906457936,-1150.022142784356,-198.98219680459317,167.01009396058498,-1299.8718657171364,-34.43755417431327,-195.45915605755545,-299.9909774520713,281.8113408767667,102.56431426304573,-0.020120771222448472,-229.7796255994563,192.84512624977413,299.9813007389101,-52.11066465232822,-295.4953665701333,1000.0321753065587,281.84121480456946,102.58953920725241,1149.9753232473392,-229.8434636463477,192.82893345680483,1300.0033971409518,-52.07776647793144,-295.44366394486957,-749.9430262599823,273.01576759059736,99.32102763261916,-899.9881097029446,-198.97090596680286,167.0584752382603,-1050.045272575269,-34.370511722530125,-195.36154679093164,-300.01329703173616,281.8936889741165,102.59643873528155,0.007753161050736009,-229.84900068217294,192.77703477958903,299.94305712157364,-52.14105576871274,-295.47623195389394,1000.1014597093881,282.0476783558194,102.6981714505493,1149.9788378175,-229.8261266382757,192.7634397602381,1300.0146569394296,-52.06179849748351,-295.43365587300167,-749.9766676085541,273.01080694092883,99.42711106678964,-899.9727865912223,-198.99654662025054,167.03577325648405,-1050.0415488169942,-34.40042092661188,-195.37570908256905,-300.0731263565945,281.8435849355832,102.58268789358051,0.003845454749959702,-229.83668300874933,192.7954730920904,299.9172858861334,-52.12392965514524,-295.5010748961843,749.9142418087682,281.9400396380823,102.49439857523637,900.0446972413494,-229.7890624955034,192.80211860421372,1049.9285271292674,-52.13243694205354,-295.53463788174577,-749.9862859486509,272.9347894012052,99.35171036677342,-899.9750957394332,-198.9931548850615,167.01105919352625,-1049.992049242542,-34.47599549582165,-195.44150672312293,-300.0071965194769,281.8959278857633,102.61851771159951,-0.050552563051900756,-229.86890400542651,192.87537363594117,300.00440495779003,-52.10551125265007,-295.42837071562855,749.9239492946972,281.89237988241496,102.54752707307524,900.055875332193,-229.68469666201645,192.95551014949714,1050.0449327936642,-52.02928219876769,-295.39335569140644
calibration_00122,-689.994265910735,397.9699851613267,147.49414190898,-938.5068763182425,-17.36956871439294,272.3297693903076,-1126.904280896459,191.33276211290286,-46.91314374870964,-50.93008959041127,157.9278125412643,311.0030440219577,161.72440839892042,-394.1305447847249,411.43507368872184,537.433187884913,-248.73740520393548,-33.21015785049507,1207.1721463050824,65.39825995555401,214.41521072095597,1344.2379375264302,-450.56239599856787,300.817380686334,1505.1656962080522,-270.89440058869405,-183.23861884053022,-999.9753041884209,273.04872784601156,99.25983042329402,-1150.0634905646234,-198.99308753458703,166.88678134863753,-1300.0554104753369,-34.36616988906027,-195.52809093836436,-300.0422064708305,281.88383622396066,102.53626442777545,-0.008155716593346019,-229.81857085371152,192.88718244895745,299.9833218732784,-52.07410062729896,-295.4304432600355,1000.0038510075824,281.84395765400825,102.66777979807298,1150.0709662695183,-229.85819598118974,192.8171305461831,1299.99724645421,-52.070559499518794,-295.36097454184886,-749.9909249528331,272.95882414795193,99.4154886598146,-900.0002508104456,-199.0702890112019,167.08886809709423,-1050.000095926236,-34.461159006354805,-195.39636368990503,-300.06560673885724,281.9209482680186,102.60210468699431,-0.030860655635328395,-229.8133762211829,192.86683030336687,299.99694978721595,-52.10271816460895,-295.4403882513942,999.9843352091757,281.88100748123185,102.67530205720253,1150.0205024505854,-229.77420048141136,192.88672202535707,1299.9103083402033,-52.11195894260268,-295.40890068005797,-750.0215785467469,273.00398205665476,99.43004104037489,-900.0214548801256,-199.09234321100416,167.04122915655594,-1050.0110055528405,-34.5178619344852,-195.3748942997382,-300.0209221469006,281.9549668906335,102.5991020770621,-0.055161184303470924,-229.8564085527912,192.86751339411305,299.96299595600544,-52.1254687477728,-295.4552803097003,750.0468842070552,281.9215471306004,102.58432077303532,900.0108804672551,-229.8564666076873,192.82341502062957,1050.027575580446,-52.085990578113275,-295.4785448807381,-750.0631815987393,272.9014276880808,99.35171361145889,-900.0271937364126,-199.00466796330616,166.95288246507997,-1050.0099883317948,-34.49294490273235,-195.44154079177915,-300.0834990053069,281.9190330175287,102.55624371783409,-0.023077390113544934,-229.80766318856777,192.76397862207818,299.94758487418625,-52.0800470609789,-295.46137448020454,749.9776753751112,281.82512141017173,102.57567618872154,899.9967993534218,-229.77054968634272,192.7948283542469,1050.110417554618,-52.11231491442981,-295.51074014128716
calibration_00123,-1009.6626295791444,366.594572153499,-188.65956140845836,-978.2301630451848,-124.77805354228872,-102.54314792645474,-1232.8910801844875,-36.579328869988395,-431.6211873063089,-113.77486226497723,92.93417994320214,-159.36921608170937,162.69379369137332,-416.4226099401373,-4.277035811119752,432.11953164089323,-343.604149072504,-535.4573497105056,1186.7172671399057,485.8365432523725,316.6204251830893,1134.3017245876547,-26.7961665236342,481.0392304765899,1423.3354011363026,17.250465702409834,26.180324942154908,-1000.0336471190449,272.984914198959,99.34028485258239,-1150.041866689133,-199.00881689903719,166.96542727209132,-1299.9379077539863,-34.4874405817546,-195.41860891339425,-300.0677576039503,281.90878606549535,102.65629400447256,0.0026223806492379625,-229.84618973452544,192.81389456725572,299.9833113535538,-52.08148839749362,-295.4768207918893,999.9998741240586,281.87074483988357,102.65536073566373,1150.0448368200862,-229.849200280748,192.82659643890952,1300.0161808609898,-52.139986383232014,-295.3737046645518,-749.9544689331767,272.8558110070841,99.40381410936256,-899.9853101123315,-199.14646967317918,166.9655007380684,-1050.039424235307,-34.50262876358293,-195.37794358987045,-299.9625454589913,281.9124986298496,102.63171534562392,0.04552294217511018,-229.7488543541957,192.84607899696712,300.0560777884884,-52.03893399146098,-295.4302450171249,999.9966595967724,281.8982246024346,102.66426040312332,1150.0346335983197,-229.85501979402565,192.83081197864493,1300.0495795521658,-52.08005875933977,-295.34262805014225,-749.9885303044672,272.899391722518,99.37882301492056,-899.9619694715581,-199.07259066266846,167.0223674392242,-1050.0379617518695,-34.49961544286046,-195.40028309707137,-300.05654682315384,281.87402157469205,102.55477338843339,-0.013862882149445414,-229.77356524251266,192.82458311227063,300.00823370144735,-52.027303479274515,-295.46042814297164,750.0093589198455,281.8686253937818,102.57644643652728,899.9568527665706,-229.8666323386833,192.81386028271746,1049.9680729001766,-52.17109365033623,-295.4951769101182,-749.9285981270224,272.9366479076951,99.40556607002019,-899.9613686193844,-199.0353602161347,167.00028733411776,-1049.9961197959622,-34.47329264552869,-195.38426953402796,-299.99931821428885,281.9458192795666,102.66397343939049,-0.005373803923223952,-229.7878761476555,192.88052573526667,300.0333733680443,-52.146335751883015,-295.4331208255485,750.0073025902958,281.7757963939218,102.68878074880791,900.0019972220964,-229.9312126622249,192.88028113680096,1049.9819248291485,-52.2253228615383,-295.40189022561856
calibration_00124,-777.2968713167515,39.20676500783388,192.9163482879404,-879.6700090123406,-448.6050307304051,156.24492374636756,-1046.9095095740915,-226.01688747721957,-165.3288230627868,-469.24008546746813,137.12657750523314,431.76885673121706,-174.80008005309406,-375.4668360564609,534.4452788746371,136.27169339005007,-206.04226431211086,50.11361711480434,1057.3539361299822,474.30045005396056,26.800113473638714,1164.2087064436828,-48.80683881232688,113.2420810133226,1355.762629090057,127.14877441935488,-361.0821367164296,-999.9978602256782,272.98051611388604,99.37880243080107,-1150.087699347372,-198.98336672725117,167.0282446084979,-1300.0333163811426,-34.43923482681949,-195.3975102799165,-300.05901478615834,281.9801509938425,102.62547385196994,-0.01885754800309312,-229.78947309317195,192.80748808951472,299.96203074678976,-51.999368338762864,-295.4794564019531,999.8999297881248,281.8819361462709,102.5549360924255,1149.9523872843185,-229.7775460792715,192.85759892188247,1299.956480065413,-52.10789250276345,-295.48426142563096,-749.9988750411021,273.02727316870715,99.27933791640194,-899.8897185091968,-198.98145523521566,166.9539656916345,-1049.958757185272,-34.4717015294677,-195.40934482596606,-300.0350419956729,281.99225457016234,102.57264524876308,-0.06600905816191441,-229.79354891899763,192.79322585215755,299.88963794317874,-52.05020916898052,-295.473371198455,999.9535523030524,281.89568082944714,102.59367501292671,1149.9325193608333,-229.81188950573122,192.82011569585342,1299.921646777847,-52.091128947210194,-295.44528340493935,-749.939354725232,272.98951075236084,99.32105679687506,-899.9308382128334,-198.98134017238675,167.01296921867552,-1049.9970123904393,-34.42755180540055,-195.32388346788719,-300.0011450689282,281.95788846049413,102.59214367993626,-0.010031690757357464,-229.78828609387426,192.78427969929766,299.99376106103813,-52.03194949117994,-295.43169483219805,749.9631100944054,281.9038610445951,102.5336453814033,900.0090467230317,-229.85485427195846,192.86128495573212,1050.0456951231129,-52.15531044819992,-295.4097773054098,-749.8961766422517,273.0215632192027,99.27104685321915,-899.9736471244712,-199.0045460419167,166.99163230305263,-1049.988725221256,-34.3982194054364,-195.4332163931157,-299.9829061950481,282.0219040466478,102.62022870018129,-0.04776148461152488,-229.8226481652156,192.74316911939314,299.9752132034815,-51.985659086923995,-295.4651996130033,750.0020430149551,281.87443011834375,102.59641383935084,899.9993171263769,-229.8171901094644,192.8984236350789,1050.0652150407195,-52.18487454442423,-295.38268925428
calibration_00125,-1235.5336656181626,583.3170013726793,53.65655352466467,-1396.5925525344294,114.58837435134988,118.0040534668128,-1535.8028203189824,282.19824992324226,-247.2593551175352,-335.6558704783504,113.15220872620144,29.596920268498952,-32.21808065882011,-396.4591241182804,120.16793910943672,296.03533403403924,-194.47466755334577,-339.6730231462655,1247.181975433318,444.92073078475937,409.5072714226177,1391.6141042987651,-65.1964544230015,516.5457771643784,1547.274381423552,96.20703652980627,24.32555504696693,-1000.0013029051146,273.01473087935625,99.35553786054172,-1149.932952529743,-198.9601002830868,167.04204960428692,-1299.9088106755235,-34.4371608743008,-195.371312805083,-300.0012437625192,281.8896517260574,102.6534184438847,0.09219002963281663,-229.83811614657355,192.88088994817468,299.9666935870874,-52.06565647954924,-295.50295815827525,1000.1352092476427,281.99072641603846,102.66983189072259,1150.0114982194277,-229.7788383270376,192.82080239379457,1300.020524855284,-52.01014446841511,-295.4744383886411,-750.0239169138298,272.9908477143474,99.3778622414562,-900.0331862383007,-199.06088544026602,166.99643949768986,-1050.1050095086705,-34.44138230796989,-195.37992069713212,-299.9814038232837,281.8759775841298,102.6857336654617,0.08798919350997783,-229.81330071612123,192.77928869099884,300.02237095617267,-52.03464431254107,-295.41900467253987,1000.0372650868638,281.9620016143512,102.65864167657114,1150.0137650529464,-229.76034519820354,192.85707840172594,1299.9834140621904,-52.00544030973644,-295.39332814261275,-750.0481459212134,272.97276165148656,99.3387121049405,-900.0888355642043,-199.03862019534915,167.0247409286101,-1050.1006116166197,-34.44041845651543,-195.4063012368484,-300.0217530177242,281.89362942238324,102.66809849265022,0.08606815656552613,-229.75522260390798,192.80732514730235,299.993319716628,-52.06337492186125,-295.5341014827742,750.0959892674337,281.9423329073851,102.59486089802768,900.0575853014353,-229.76794942750035,192.82209030627754,1050.0435436580583,-52.06217168704366,-295.510056335091,-750.0148931281432,272.8866813087591,99.35449791659832,-900.0381564114758,-199.0385549334832,166.98226945221677,-1050.0496984736378,-34.419160850155095,-195.47855672354967,-300.0376600266291,281.94701953427403,102.57141384921835,0.11434110384780877,-229.77272149805353,192.83342322034048,300.0045568091625,-52.03743268836345,-295.478286351761,750.1023887611744,281.96665760167343,102.64146851358095,900.0887954323107,-229.80664611805224,192.84149088807402,1050.040623431126,-52.10901295675195,-295.512506042304
calibration_00126,-1105.4773279194242,291.66612878005077,256.0511515919402,-1234.7859792373883,-189.41641336557575,296.68609224722843,-1336.3355784117352,-28.654215510234405,-83.7818177791915,-419.8208736900196,109.43752807821308,157.11528665004047,-27.906069816399313,-344.68615207019843,141.42341400060172,226.5119350166493,-11.261403674080817,-287.59608403395686,1189.0339295146284,137.20228949860933,-282.57661342083264,1306.937181380159,-349.6697874953893,-78.66322363135282,1492.876304779717,-284.5174169961719,-582.2608996348666,-999.969150728959,272.9304252258939,99.32852872838976,-1149.9877439524014,-198.97905476011738,167.01056179627082,-1300.0071501594555,-34.36341818458829,-195.39682242377177,-300.001107798261,281.95362754930414,102.61536511929152,0.03770687254804862,-229.78961102731571,192.9045881629938,299.98355525205096,-52.08884397633539,-295.40781093200616,1000.0232317403988,282.0330052188778,102.61482568943401,1150.0311191015614,-229.702879240065,192.7832836502852,1300.0098467991734,-52.04910993511611,-295.4244659794817,-749.9866431200824,272.9095745018465,99.35077448525801,-899.9213548882822,-199.11259821292336,166.96442151197004,-1049.9672179954061,-34.578493712917236,-195.41993713783458,-300.01754725718985,281.87743975643326,102.55498546796899,0.05504579906427523,-229.78026998865985,192.88676874035085,299.94564726219676,-52.1065547561192,-295.38589793053904,1000.0483016869154,281.94678263819,102.61436230683893,1149.998469782763,-229.7250379321762,192.83647392350093,1299.952085017718,-51.95186545156425,-295.4208615171391,-750.0256458165687,272.8950439537895,99.39225326434763,-899.9047343053537,-199.07518581727686,166.98492915936268,-1049.978583572612,-34.4852024347515,-195.44070147012096,-300.04914863427285,281.9356976902326,102.59159981579766,0.016964083030301176,-229.76185598029429,192.88761216870205,299.96999785855604,-52.12422690550839,-295.4160939360433,750.0588112082527,281.90511793704246,102.55484855668524,899.9778910623312,-229.82500846555067,192.82229771754683,1050.0723767848197,-52.14730142268766,-295.44845144182807,-750.0596647982948,272.94194335539686,99.46633175806946,-900.0113094705499,-199.06418066911255,166.9882180994971,-1050.0310981255614,-34.40514210942191,-195.40828675494748,-300.04859983248605,281.9458502522815,102.66158134369407,-0.014440290949438283,-229.78490152976318,192.8777323574231,299.98134776228653,-52.13221133081467,-295.40505160515437,750.0003227332662,281.88911899212474,102.60635549567917,900.0227107094514,-229.81945350955664,192.87232686060577,1050.0248253542186,-52.23065569383475,-295.401590547421
calibration_00127,-921.1172170681829,358.2734188558846,307.6671326804628,-954.7279942825668,-140.41185334115892,300.98135729797326,-1183.7667409486924,39.02397466034621,-9.342749134153012,45.53660603861311,546.505512466819,134.07968380041828,356.0315563695022,55.8293108653266,285.2082482491398,553.149990064923,98.2279399592436,-279.92772909076865,1269.0496634279978,201.7632005602793,-317.0420680436255,1287.8555314003072,-299.69826362026004,-115.13245662997338,1592.9992369840113,-242.16414197218583,-557.9190306790741,-999.9363597885487,272.93316266017086,99.29875682787177,-1149.9423066422585,-199.0799433628105,166.90552581980944,-1300.0386793364562,-34.473025797070775,-195.42157035962282,-300.04560028438203,281.96007914461813,102.56271252658749,-0.02759285875484597,-229.74805363643387,192.76532394395898,300.0245962603284,-52.11325917751482,-295.4376544835474,999.9836323636893,281.888639185078,102.608177464385,1149.9486752625903,-229.8938314733868,192.8260263164094,1299.9687227146594,-52.142734010165825,-295.4165513591889,-750.0547357146987,272.89127335645736,99.35630162232965,-900.0160368605011,-199.0705396364245,167.01731887270813,-1049.9896031946882,-34.48038164101639,-195.42304278758257,-300.00809757677183,281.9458202999986,102.55100164876785,0.012630847320670269,-229.8143247814244,192.8160494767156,299.9690741301455,-52.10984745970411,-295.4679359302784,1000.0331186239002,281.8915350618784,102.63107680147832,1149.8932609574063,-229.85945607364798,192.83296391616597,1300.0465854101694,-52.12170679247202,-295.4348231530853,-750.0150561865536,272.9227331533246,99.32631132504585,-899.9838428854894,-199.08204559711106,167.08185644261943,-1049.9588474517914,-34.53498006314898,-195.36087880287928,-299.97961406987787,281.8995555362005,102.57854860130537,-0.08205763985952438,-229.82199100879393,192.82160465466316,300.0593067921208,-52.07216787323871,-295.4278273278712,749.9757612290994,281.9705747775913,102.62137142934037,900.0456696359917,-229.77793825347555,192.87656815103057,1049.9539668165382,-52.0619600866948,-295.43180301093105,-750.015587835494,272.91710543277605,99.29328124768752,-900.0179003055232,-199.03559323475466,166.99143575017337,-1050.0656243090114,-34.48145441524248,-195.52588930502864,-299.95578073380983,281.9527712725313,102.4522603039418,-0.09476678060746693,-229.7966812123527,192.82474212325968,300.0048235869323,-52.0747830485031,-295.472281123551,749.9453224190668,281.888969022468,102.60225502304175,899.9792916679044,-229.84614466401098,192.8733066061432,1050.0357597747113,-52.09655723217457,-295.45153820198726
calibration_00128,-758.2858503121278,434.540587250956,460.6302891324168,-901.9535961452865,-42.63193841915845,499.07480590205324,-1038.1504361424575,136.30775785641544,137.98492728307815,-573.080507865505,284.7197501190688,224.8005698630814,-315.90775746411316,-226.5370892451151,405.1714710703968,93.5714409772972,-78.14304200691144,-7.524158887320718,843.9251933417378,163.4217700862408,-208.20344461439404,1027.1117381999768,-341.3128387100431,-143.84864441557255,1071.1866728835523,-167.45552784878782,-654.0714305518715,-999.9879982017168,272.98434370793024,99.31014968680672,-1149.9340083512575,-199.0686232844359,166.89845171058985,-1299.950964150052,-34.36625680739183,-195.5637388847443,-300.01122085729446,281.9509082091436,102.63673693974354,0.09118753877313943,-229.81145936841654,192.93491926113043,300.052785065157,-52.062090466085515,-295.38524990513775,1000.021502383658,281.8794574341551,102.64266678740377,1149.9616090888767,-229.84761964372592,192.91334455154515,1300.0762558786168,-52.232097307441904,-295.38863617544047,-749.94888997833,272.93133192110963,99.29458957990062,-899.9421941733391,-198.97030318825924,167.07128914509508,-1050.0460701140873,-34.49732727219606,-195.26971037024003,-300.0029168373866,281.9532258202584,102.60252870997309,0.03426521673351976,-229.7572781553445,192.8704879025251,300.0399868053852,-52.13280517911125,-295.3370662516779,1000.0021632470639,281.8890560383659,102.64387421231149,1149.9603450010247,-229.8457961584779,192.92165867747113,1300.0167812331658,-52.187650880229064,-295.3158211411441,-749.9286818384775,272.89305032113515,99.3509821968958,-900.0029994019451,-199.01598638192004,167.15237424667882,-1050.080215601518,-34.44791172790348,-195.2909514459808,-299.98372977164354,281.9251979240763,102.62352926613046,0.12719149779543618,-229.74076046071207,192.91232357789033,300.015136225195,-52.07629815006936,-295.4270616557498,749.9536644153675,281.9401825214756,102.6369080321007,899.9974073843671,-229.8148627896671,192.83702831901203,1049.9424964535901,-52.07900828143701,-295.46787078272956,-749.9902220716455,272.9277528264354,99.28266661504242,-899.9677940586106,-199.07047454222987,167.02662686691016,-1050.0209822364548,-34.545777536421845,-195.380424384731,-300.0145771410564,281.9243049568351,102.52410732097549,0.08060912619887067,-229.80063228335123,192.81422945005974,300.04886430916434,-52.104312724378296,-295.4080793351466,749.9330542613842,281.9156025239153,102.68516887567839,899.989849432875,-229.823087031024,192.86601212873904,1050.0097465238966,-52.024416832798856,-295.4557435244697
calibration_00129,-1162.9878930733978,509.48089381779164,126.09986788707033,-1126.4876604543638,25.711088482897935,246.5525217011731,-1381.5063243630334,87.84920487253102,-88.11686171741084,-439.2109430521969,224.74495579584067,45.487133897646856,-239.89921454308399,-334.2779613414212,-42.370052350379964,129.27361651980394,-61.461362783750495,-428.8113308201527,768.762866073859,561.9981852785659,269.2687036653731,861.3136146311539,29.22105060074334,274.4530095113736,889.3517060002403,240.34942235457996,-222.6028923914687,-999.990629167977,272.92251845353576,99.30921373844262,-1150.0211671809757,-199.0314061373283,166.93856289331552,-1300.0276989982497,-34.48634663581349,-195.4861627544913,-299.97385034608453,281.92974856554093,102.49935976762663,-0.03857352769325092,-229.79917651751876,192.80564531639718,299.984186892099,-52.123243098312116,-295.4521113874426,999.9704427627674,281.8527758518177,102.63415345072585,1149.9891253131457,-229.828972455175,192.9057293096302,1300.003442874445,-52.244964632560155,-295.3713963083333,-750.0595856236506,272.9070372825542,99.33421299933427,-899.9536713473053,-199.13189713635288,166.9886973385512,-1049.900439231375,-34.55640221419222,-195.4924694864593,-299.8565723386647,281.9756316035616,102.6052634306416,-0.017986423640736958,-229.81732685434434,192.83589609865496,300.07091301698523,-52.12121500769894,-295.4627768515988,1000.0142057796502,281.8640488801491,102.55891987885349,1149.9904416309362,-229.8059551756899,192.94131437325137,1299.9932832811885,-52.17612646331224,-295.40649224057427,-750.0221690862314,272.9142316145356,99.31032735832419,-900.014135984709,-199.11665116318014,167.03643099745165,-1049.9271364590459,-34.57911615994989,-195.43429764011236,-299.9629203900619,281.97984868088423,102.57500193903519,0.01038984809795686,-229.77357613156443,192.8167167533461,300.01091628442833,-52.080720702518256,-295.4560599480165,750.0155639490878,281.929661652434,102.60864395812531,899.9597200424283,-229.8672411161454,192.76872140221087,1049.9882969128205,-52.02700019082248,-295.50978531220704,-749.9960879862047,272.9873844434644,99.33666731625574,-899.9586317663917,-199.05284053062343,167.00870458748537,-1049.9618518897432,-34.508920010132634,-195.43676470989845,-299.9556222881107,282.00121028269837,102.65304281223789,0.013759285234771879,-229.80037077982672,192.82778997714973,300.06707401840947,-52.11720443074166,-295.44679293824714,750.0193426719555,281.9169565532661,102.70439222054857,899.9805032023631,-229.848235641159,192.87579884311927,1049.9325684665391,-52.14416358562326,-295.42367147862785
calibration_00130,-944.951625312153,344.6383586714825,289.9222982548303,-974.0154071042244,-153.87472069279113,312.40689066923255,-1196.713546306739,4.330737424050934,-13.659998868620912,-122.0894776129412,148.1556622323962,22.854745014685708,239.11676843636468,-287.15467129353965,222.98814279632902,559.5787912957693,-141.23739522101303,-262.76232994713354,1273.3969391461417,-57.19898025387196,-39.0444571505061,1444.4858594623333,-569.9268076670648,-23.414915362402297,1376.5674875979842,-388.5504602411319,-528.3765489223575,-1000.0742184173843,272.87067275016176,99.42940577736799,-1149.9827369364723,-199.0739119528702,167.0468554439409,-1300.0003577844977,-34.58920721042716,-195.3656130138303,-299.9913955632149,281.9762719824667,102.59025038378215,0.05262367362346064,-229.7678822107982,192.8733971884201,300.0334549597902,-52.055553020297125,-295.454992137568,999.9698076927799,281.8419719070595,102.63540878213948,1150.0570909620353,-229.77281595278882,192.79736145982335,1299.9888220262997,-52.0361050038316,-295.48876147725235,-750.0389241085644,272.9329366061101,99.30657558648157,-900.0013775096502,-199.0020834090219,166.9595736557257,-1050.0737505504794,-34.42049119377874,-195.47372823545757,-299.95625558295546,281.9129812087843,102.67163417808428,0.06665962462548254,-229.805438796987,192.85676097800516,299.97554779096,-52.001906592404225,-295.39353554963117,1000.0092952428788,281.94014469484176,102.66101160388176,1150.0406530183127,-229.81626742898388,192.79390441697262,1300.0090924324213,-52.022017322835794,-295.4855425729098,-750.0122013353622,273.02553933605617,99.34082839911979,-899.9744495272957,-199.04002682695926,166.99667340480562,-1050.0324659907144,-34.450194459478894,-195.42513724309455,-299.94960198091894,281.94992357276055,102.63991682082202,0.03289210672877478,-229.8214899143781,192.85546206929206,300.0013676428385,-52.07420117533639,-295.4377177102043,750.026225053601,281.8860873586876,102.53984746833594,900.0853548183475,-229.86710282730098,192.85257074699777,1050.0282035992923,-52.20195561347636,-295.4343007738296,-750.008038415414,272.94499201680964,99.40373365426737,-899.9506415282299,-199.07872948850033,167.06417119902818,-1050.1362859892924,-34.42140807990371,-195.2995324117478,-299.98762848435695,281.94173678322323,102.70960829109035,-0.024050003925592933,-229.7506479371512,192.8886588291599,299.9538602991775,-52.001798357722414,-295.4446154149886,749.9387823687873,281.8720574017473,102.62724582752469,900.1046114547584,-229.83539139086537,192.83473375542889,1050.0167886853556,-52.109520371199864,-295.5388948908451
calibration_00131,-806.0643092414219,185.9616499471549,245.32823168195122,-952.5154961948547,-288.51278237998883,303.1893632909453,-1107.5067494181167,-116.1201915733264,-53.41765855920639,-46.50146513112931,471.3712902319298,410.2971256545374,341.83061422280895,14.770637393445583,436.8781566416441,547.9896553215241,259.1177301461515,-70.86589177751118,1193.722269243568,460.06087593393124,-1.3936584159390468,1419.1309994047413,-25.248787875575914,-80.04628276993387,1570.8853583546115,337.2337284655064,-451.5790180461641,-999.9042370353772,272.88616626961164,99.4104304275353,-1149.9944831475523,-199.00525369617205,166.97254591283806,-1299.9555357037727,-34.469387192682404,-195.41876469496978,-300.0738328392642,281.85558287456115,102.63142559338579,-0.03958132458025458,-229.87533228612534,192.8347581102372,300.02516385000587,-52.06467164826621,-295.3889381823977,1000.0070644383577,281.88824330168757,102.59962043681375,1150.045608447177,-229.81570874143605,192.79551416433523,1300.0070780804672,-52.04737787148401,-295.50229466751455,-750.0472707928528,272.9468644769327,99.36780559473081,-900.0228072496315,-199.05333903613533,167.01616377432993,-1050.0123238155775,-34.52572102574597,-195.4273495257375,-300.03705991107586,281.8448817442879,102.60817382207587,-0.04024230819010441,-229.81180666299156,192.84535158673867,300.06918948331315,-52.075613790558364,-295.4099931985063,1000.0227339953848,281.88807782593193,102.58766772674976,1150.04107576705,-229.84077076627582,192.77417683542308,1300.0363165318622,-52.069467588285285,-295.4637042451846,-750.0519707728504,272.95229358012006,99.36716359340996,-900.0770382715492,-199.01735986613983,167.0651130872606,-1050.0415021800932,-34.53122097310127,-195.384691624595,-300.0653721230459,281.85325755292513,102.58105874758827,0.022029039253379016,-229.83419348516767,192.82159673143678,299.9804926421421,-52.06609941550559,-295.40946535472386,750.017087135558,282.00290077975586,102.61302696300014,900.0007141522639,-229.7165220110279,192.80961155179142,1049.9865646940182,-52.10334458663055,-295.4021224623516,-749.9539655937095,272.9891940252476,99.31615454170546,-900.0315230084631,-198.98826756589688,167.04327913149768,-1049.9611564414427,-34.39711991583638,-195.4486064551249,-300.0008643132161,281.84229050973573,102.57854099975398,0.028614242550164058,-229.79456851014743,192.8279828686644,300.0744139709761,-52.15342364491626,-295.4805283984573,750.1050210565081,281.8372368038118,102.65173348988513,900.0532668236397,-229.86229147077825,192.92016393022593,1050.0281007214953,-52.144304628672096,-295.36555139727227
calibration_00132,-975.4395623367742,16.081477886556975,-231.50320423106365,-1141.6937510364032,-436.71637775427473,-100.51240750692324,-1276.1462774514166,-323.44569103844793,-487.88085558065796,-55.30374401007794,291.2521965095311,-63.564814083004585,246.4001854607532,-219.38817734184775,27.030220140010567,543.9955502404295,-42.40903654182259,-462.96052282352974,1130.7201885308586,204.1197983012324,388.29830760656506,1410.9049162018475,-239.01781502250307,521.444537594016,1553.2196448848624,-39.95308218796214,39.163607690900605,-999.9867976210904,272.9698944785832,99.37832453841729,-1149.989749363337,-198.9871292114496,166.97862974836954,-1300.0172690910458,-34.397561844353625,-195.38916315335626,-300.0657214529856,281.8853472145824,102.68585542691795,0.00649780570513462,-229.82437197169804,192.83356323890035,299.91386798614013,-52.102303943436574,-295.48831060161973,999.9551579146059,281.9045684306895,102.59681815150822,1149.9766674557254,-229.7367709028547,192.87502931398782,1299.9988480396096,-52.036684078418006,-295.4225189063832,-750.0397256822334,272.9050562865757,99.27129184098386,-900.0406425752376,-199.11018216001642,166.91540410201168,-1050.0780171673061,-34.544519348895236,-195.47644389005086,-300.07278388381786,281.8730326969704,102.6948203541561,0.0800169451928299,-229.8307650607253,192.85825398839646,299.8872456180238,-52.07281291249044,-295.4637405247783,999.8647233785641,281.91523435119933,102.63491414187213,1149.9137799164,-229.759470157482,192.85725477578262,1299.9854744402303,-52.01051116715868,-295.4380115486728,-750.0723289994336,272.87830960341444,99.31238119377798,-900.0466066769426,-199.10348534130534,166.8818828290128,-1050.0547847695461,-34.5030530834153,-195.5012347688769,-300.07606180760985,281.8620175442371,102.67664621840098,-0.07712072295786404,-229.876098647708,192.87260959747988,299.89687640360205,-52.137680929405896,-295.4941743509795,750.0046285446491,281.93789479814404,102.64390709290318,900.0311778853554,-229.81934986033747,192.92878385612616,1049.985582578835,-52.059356983610265,-295.3349374430718,-750.0522908517008,273.0026559650525,99.29868486557675,-900.0443621766461,-199.0226290767882,166.94798365732925,-1049.98930487735,-34.44034218202291,-195.37101927188777,-300.0374580782118,281.9648373696319,102.71402682960175,0.0028275780147391273,-229.76446715500632,192.8666361626491,299.9150451928172,-52.029256273946324,-295.4442490815595,750.0987893127519,281.8895030240572,102.69055252458847,900.0477261636784,-229.8332994100411,192.88750715033885,1050.1138193218671,-52.1265995421797,-295.3417650693756
calibration_00133,-895.8871880969107,282.84298574821526,-83.53055550747601,-1094.5271956784536,-110.18679362097701,152.89554916752118,-1286.713207155493,-33.95492271263585,-218.8157322856251,-139.38895460916513,103.39585549896537,-201.55412166708527,255.60248418289305,-322.8286819425791,-52.29071804792951,572.934326670051,-79.9724315757083,-499.8327364039283,827.5110789581626,461.59045917743674,405.3726222844921,987.3378090530575,-33.35049810390838,553.5037012894496,1203.0482451053467,122.68169312543104,82.6315541008482,-1000.082409616549,272.95092784996683,99.427376554273,-1150.0269220439698,-199.09694633423393,166.93588290860689,-1300.00164719449,-34.4744073467034,-195.4492945352684,-300.02942565806273,281.97660980703773,102.60383496961074,0.004597612656133506,-229.7963617424032,192.83616944931646,299.98412319835757,-52.09337174736697,-295.4418340939552,999.9658745384902,281.91167013712817,102.55939998131862,1150.0238927629298,-229.8249219631774,192.88211193598127,1299.9848622116906,-52.10823502639001,-295.44554164881237,-749.9332608113515,272.90388134786724,99.27755869184361,-900.0332052524958,-198.98051028170167,166.98311756115152,-1049.8916821774808,-34.45415614552592,-195.4720847236297,-299.98560926467025,281.93214361905035,102.60972857805731,-0.06067328026258782,-229.8035017491215,192.774421655241,299.98115779307284,-52.07335727756642,-295.44116001496724,999.9573079568604,281.89031403009915,102.57240052244404,1150.014662626203,-229.77907773740503,192.8365930964285,1299.9931063921415,-52.130554826066906,-295.46248701963736,-749.9791531905528,272.97163329865907,99.26969663826901,-899.986714774454,-199.00659819931957,166.9722874070583,-1049.9068467507486,-34.45120764410712,-195.42110195619742,-299.98395879251717,281.9779632648905,102.6534727123992,9.924696532139302e-05,-229.8004409185377,192.76856351057148,299.97610946704236,-52.04897824816987,-295.44342649828735,749.999024169191,281.88002007566865,102.64746601936949,899.9719605358227,-229.79109256988335,192.85325681063802,1049.928628440874,-52.04293743011928,-295.3989556022613,-749.985098273036,272.9914835698963,99.18877029452196,-900.0008990765348,-199.0849054374109,166.89371313951625,-1049.9520493349723,-34.554975396077594,-195.4921132628097,-299.9661400937956,281.9519160555085,102.52843163780302,-0.027297093923114815,-229.7779615567632,192.76406595136754,299.98064148824903,-52.07443406051961,-295.46645633460355,749.9861560396629,281.89542990629354,102.60293181189681,900.0737921433288,-229.82161343805322,192.85145655527143,1049.9397603814996,-52.14764501819623,-295.5155011428626
calibration_00134,-760.3650560037095,-2.2454772593382244,150.06855118275277,-772.8400098715498,-482.6235541593232,287.75181273830776,-997.3804657105029,-412.3979724712399,-66.6558783857999,-435.1206535500524,301.2349073130481,161.45112600659647,-219.5060408226315,-258.69355778137907,158.74128160827135,161.60692691277507,-29.621918556484776,-244.07599010368793,1343.8596678506053,302.67970541097026,475.94402273418683,1318.453182390453,-235.91546351845088,517.3943358063402,1461.319090505774,-71.88665349984674,22.24579206479558,-1000.0058499899741,272.95928692308075,99.36169973211061,-1150.0445253559442,-198.99776764641874,167.0443713812133,-1299.9320268099286,-34.4156857996102,-195.42856421794463,-300.0143323515924,281.9250917909908,102.70607810008815,-0.030636809283079484,-229.7825542685309,192.85234396105133,299.9412523247117,-52.079437851734845,-295.4691342915035,1000.0676384092411,281.95322430295204,102.63532048220407,1150.0879312820296,-229.76815852579853,192.83958501320015,1299.9559678476476,-52.07577609227524,-295.4037693197645,-750.030245663295,272.99329755698426,99.27596015291249,-899.9680358083291,-199.03928961980282,166.96003947702505,-1050.0096259604886,-34.46335158419198,-195.4621380058198,-300.0152261020491,281.92805349632914,102.58786873150628,-0.012804968845627644,-229.76888655506895,192.8727677858147,299.9251287137181,-52.07824246293129,-295.4599967398399,1000.0594841027137,281.94731026275304,102.58343270458147,1150.131449699392,-229.7244561579636,192.79512785716733,1300.0110453621592,-51.9908992567054,-295.45814915702414,-750.0433327839414,272.94864920614657,99.25958572869656,-899.9587454447857,-199.05804871479802,167.03093950183913,-1050.0003192501501,-34.455306826609046,-195.4070176270775,-300.02441132586733,281.98742873064003,102.67649440994231,-0.02780116607985113,-229.77421214547272,192.82575074278182,299.9699051421875,-52.040013822561455,-295.45075735382954,750.0345073323925,281.882757281983,102.65951694843314,900.0138870392185,-229.8714353791034,192.93272913068233,1049.9933969417277,-52.17594802628923,-295.40926538919126,-750.1660815080215,272.93677402577754,99.24549260911513,-899.9278495351691,-199.1090547900094,166.9927720544665,-1050.0641566589898,-34.557695609820705,-195.473253543814,-300.0561213633878,281.94834303777617,102.69743537787183,-0.02121086986357345,-229.77274720726106,192.78507285100486,299.8772677009312,-51.98585671392782,-295.4754411169858,749.993148845919,281.9873750171323,102.64973116125834,899.9687310649529,-229.7631827718215,192.90370492553373,1049.9752479334654,-52.02399817210331,-295.4589710225761
calibration_00135,-779.5716621740238,348.0452414610763,380.3331468261355,-894.1458817657344,-135.91717666709675,329.71888449794653,-1083.749406366507,104.53644694158835,34.43651664979007,-152.94650591140066,-77.8110655749041,433.41488673290996,185.6537200372652,-562.8462728358662,533.8222199667458,461.6873533854427,-380.89192283922796,33.11236749118853,625.333517651966,519.2629704154054,436.25889575076695,920.3482251997315,79.23688652385654,545.4610685954933,978.5333727492668,247.20738246233415,34.676842454311156,-999.9917891586904,273.02562923412944,99.25109805657347,-1150.0036035242522,-198.89676485372135,167.0004065479978,-1299.966641020391,-34.36642918586045,-195.45100599584055,-299.9386120167167,281.93727078184213,102.65212390613924,0.03196375790380491,-229.814481599617,192.80525473284214,300.0512372113214,-52.0208947542884,-295.493462621717,999.9356190012201,281.9193271694982,102.61101142013585,1150.0322689420946,-229.72793026261374,192.7932111284857,1300.0487349635423,-52.050359180536766,-295.464185656335,-749.9658238847521,272.97264909257393,99.29347148650511,-899.9705760871915,-198.9901531752047,166.98720479263417,-1049.944630493244,-34.446301637221545,-195.45179398600104,-299.9445363957056,281.93911977388234,102.65893753690544,0.05896738700828586,-229.80684237230923,192.8086754150097,300.01108233433774,-52.0069566667085,-295.46979536145216,999.9606335848648,281.9111074862199,102.59773823858903,1150.0665988873097,-229.77823570658703,192.88239282087724,1300.0182050067879,-52.07471582547671,-295.4085240766741,-749.9495375263537,273.063232636379,99.2864481616903,-899.9837378110367,-199.02698937835544,167.03123255489493,-1049.9918659251448,-34.423497385351816,-195.42781564190878,-300.0188135096905,281.9040404079275,102.64437287491187,0.02632855350517172,-229.7926569589928,192.78575404692,299.9741222967805,-52.042015570034955,-295.4081946385488,749.9753981260285,281.8514471011498,102.5655367864405,899.933499599962,-229.8560505108838,192.76535328229235,1050.0589287263233,-52.18567641080317,-295.529360681557,-749.9730731999418,272.95382604747897,99.31596290382969,-899.9874102510868,-199.04123729321606,167.0341290842496,-1050.0311199483144,-34.51633770810237,-195.42533063061566,-299.9591451575238,281.896974816556,102.66901655231085,0.08336806959916436,-229.7940523683132,192.87769600251573,299.94776552191905,-52.058738929803575,-295.4461913886488,750.0282751766632,281.9231688398229,102.57595191539906,900.0180895857875,-229.842510348175,192.75934451660999,1049.979677328921,-52.12101458386552,-295.46425201202277
calibration_00136,-1011.5055439862912,96.81084258543365,-176.05313663286776,-1145.3332042652075,-365.634328487611,-41.88034381423547,-1304.318454666858,-257.39559537943927,-421.31469160161396,-504.48951392483394,414.2371817325002,-87.205830428931,-200.90312781832978,-92.20460187580557,18.84047376302107,115.98648256288836,86.54960708104154,-458.1771680638763,781.0381143029514,415.96841952114937,-55.578761240024356,1014.0521875552138,-44.21314173200509,106.76666129066756,1124.9402503362203,74.32568564743896,-409.1464822948804,-1000.0146163898013,272.88751793471215,99.38779108274422,-1150.0564417472149,-199.117040253704,167.09415898539967,-1300.0540035825143,-34.541370418934136,-195.3911151230575,-299.9993024868162,281.96036020140485,102.52018761789164,0.008482538085834747,-229.77721460942993,192.83921290210145,299.9926210037827,-51.978767715091344,-295.5054366274605,1000.032809181559,281.983318066946,102.5356123394512,1149.9735621402933,-229.73552937257932,192.81028843623213,1300.0354031880502,-52.14543746078941,-295.4212694620398,-749.9696705482269,273.0094207101675,99.27254460122944,-899.9208794365288,-198.98242292015257,167.04235494780184,-1050.0000002961544,-34.513858705937565,-195.34338560183306,-300.04354300101255,281.9482826834021,102.5412896636754,0.0010335732369851254,-229.8369283295826,192.72677475497787,300.0092834121663,-52.085355857538566,-295.49762931642215,1000.0092278820028,281.98696376348533,102.634287686706,1150.0167797378278,-229.78368520260943,192.85037657987536,1299.9764080264918,-52.02731678706381,-295.4654595696009,-749.9497636674969,273.0014666937004,99.35725880958779,-899.9319640526152,-198.96292984959555,167.04832725003348,-1049.9479749912996,-34.44014737076926,-195.439424047551,-300.00420733748723,281.9705534553823,102.53343580485901,-0.003608490476688037,-229.77724498271502,192.78943396832176,300.00635913226205,-52.05999179828191,-295.47886832546436,750.0336509502937,281.91529077193525,102.54237211518078,900.0045220482359,-229.8917558581181,192.86678688569452,1050.0736414155222,-52.12298154586909,-295.46755735574226,-749.953440304135,272.99705225292485,99.37540827050874,-899.9092069557474,-199.04629233730967,167.12674839455633,-1049.907390622307,-34.486621903435235,-195.331390785028,-299.99362773144037,281.9424184788461,102.65399624598827,0.002998461765915162,-229.82708401303643,192.831935268468,299.9381740488033,-52.11610129722239,-295.44562005557844,750.0825397410913,281.9056162699655,102.59463442467023,900.0719548509958,-229.85014254587185,192.81216029814124,1049.9762493494336,-52.126858299418195,-295.39475323006104
calibration_00137,-1043.1692894179037,564.7523894200782,58.360458892244075,-1074.169610994918,97.12131039257069,232.09534573934812,-1291.0057238542474,147.1555972075593,-130.40658529193308,102.90104400076463,264.99743557085884,-130.65414337377737,269.23813188521666,-307.25721495970464,-60.95142124810601,543.6491942012856,-212.87581823272416,-586.0173894906692,1297.5870543460028,58.15498763093015,97.02442106803534,1336.8760226029826,-411.227309267627,362.8392743804356,1637.4405510436384,-400.9371191648258,-86.65529564793307,-999.916779225436,272.9346347524137,99.31052811388392,-1150.04483644815,-199.01025844954006,167.05703242888882,-1299.9913011404733,-34.45422578532545,-195.41671627808395,-300.0731307330208,281.8588344323791,102.6259637263846,-0.05198475567320746,-229.7767641142039,192.76968921938368,299.9335237814163,-52.02985796280323,-295.4954928082738,999.9410782018851,281.919395646051,102.51095880118018,1149.968356745928,-229.82151760179894,192.8208250849945,1299.9952958560327,-52.09935864148495,-295.46773031068847,-750.080288054345,273.0093768784875,99.32206400933639,-900.0107039498865,-199.00038672855914,166.9124475968088,-1049.9786203479493,-34.4609442189538,-195.49704304335822,-300.1024986726425,281.84995740742653,102.6090461514911,-0.0002969981877370756,-229.7834594168574,192.76203162085338,300.0066150318812,-52.02129932157449,-295.43852981193055,999.9675744210954,281.941854485422,102.54370350603915,1149.9579578777652,-229.7748982102095,192.7917628347147,1299.924684006973,-52.15030837672079,-295.52047990790317,-750.1161878285933,272.99364752795964,99.28855708186485,-900.0024124619549,-199.04027579721463,166.85985943709355,-1049.9662475410012,-34.48969362363178,-195.53321782965168,-300.0446365534464,281.9261532935085,102.57865585048617,-0.004938919516868673,-229.7856429402715,192.7849587218319,299.98465584483716,-51.99296675700254,-295.4334182362519,749.9253231787967,281.977120898988,102.636175978711,900.0616485756138,-229.79890556853437,192.88049711755303,1050.1193656958424,-51.97001761390446,-295.3417704680918,-750.137358121986,272.9874900240657,99.34379767895787,-900.0677551767554,-199.01373879494744,166.91745942097393,-1050.0702672833286,-34.44002047886239,-195.45057865338399,-300.12149692645073,281.81779306833255,102.65681047794578,-0.06389619348634713,-229.8513585904541,192.77937601582144,299.9438554552052,-52.03083118666275,-295.4254081415599,749.9239669255006,281.93366795738876,102.59835110441553,899.9903416338466,-229.7888321540023,192.8588746557107,1050.1149132211262,-52.07354711433902,-295.3670902219336
calibration_00138,-1282.0286363908517,143.4080368940547,124.44763629323772,-1329.4099913065506,-334.0113814028462,264.84698993994067,-1591.8438370980914,-235.12893214078437,-55.04637098449969,-93.73739567580357,6.089135145351025,228.50937091630848,300.28835234160437,-445.5424475380035,200.1893759534502,515.3151133820779,-129.22197037543137,-262.0898042334203,1072.6259028599195,346.55460037416555,-89.66062093033221,1256.9492705229422,-147.93229864397844,28.545576911305687,1356.6328301800365,-5.756925740141137,-483.6723910210488,-999.9952131024183,273.00830543064274,99.3401737070991,-1149.9850990635307,-198.9817987416616,166.97642622180044,-1300.0264825184115,-34.420365973881516,-195.421855426821,-300.002267690227,281.85630361940287,102.61870230122749,0.09360879311379713,-229.83948891612,192.82557859314898,300.0293352025012,-52.1327154816508,-295.4281655837738,999.916867520727,281.91594119982756,102.5827004109122,1149.9554193132126,-229.84418639953503,192.7205882001822,1299.9452775397504,-52.06498968596407,-295.5280104420628,-749.9383836566705,272.9117055769296,99.37510547054173,-899.9628070080709,-199.0115586832115,167.00035952434578,-1049.9400573917812,-34.48356487009084,-195.40366075140878,-299.9611226609557,281.8669017462536,102.61392798925966,0.03675461182284044,-229.8907577695832,192.79803846672004,300.08052507445865,-52.070666798366794,-295.3759950093005,1000.0053620466649,281.97700726332863,102.54092156865396,1150.0097149412272,-229.8134953784788,192.7791039245292,1299.9427237283371,-52.05041413495673,-295.5809370257121,-749.8917790223255,272.9392898768723,99.33399349144564,-899.9735562393025,-198.94269946792247,166.98725601498236,-1049.9538873116967,-34.460057548748,-195.39785515065822,-299.94526993557844,281.8607412773811,102.58369104557293,0.03815227060534763,-229.82177924854247,192.83360082785194,300.0990766796265,-52.0883816146627,-295.4284894621504,749.9318666665501,281.87264135164577,102.58224565164794,899.9953657232924,-229.84530979033738,192.8390651347401,1049.997074642301,-52.07376157153837,-295.4102341257711,-749.9905206278783,272.9235056409145,99.34024276243808,-899.9898217844494,-199.13457321165637,167.02516651154818,-1050.0293137364306,-34.50863927494222,-195.42678736517107,-300.003460673616,281.8520245936907,102.51629224451533,0.047213378773573705,-229.85260361701557,192.77835778329353,299.9783707842491,-52.10346801150166,-295.457454261113,749.8752799529005,281.9533586886237,102.54254079291444,899.9622912276203,-229.74453980263658,192.83173132721583,1049.9802446709277,-52.04952336396822,-295.4070833239317
calibration_00139,-1330.4102268595789,550.6990554393998,0.5837767989249879,-1489.1013319996516,99.21297411345854,144.84542820823629,-1625.7357157970866,199.09117171536354,-245.37227198353528,-433.7043347056585,473.03704132632754,538.1209408757111,-209.68991030346334,-67.51858966730232,405.5333530390308,102.87967977714237,244.80563259295016,-0.3549277357939857,768.1901357179622,473.43176067585483,-157.90560758878854,872.0906984170093,-56.43603227429395,-190.21146725726095,991.1287477396127,207.15192454294493,-647.1981281823812,-1000.0672290429114,272.99732248854104,99.37256209655507,-1150.0762873566339,-199.04880260558136,166.9981403387519,-1300.082617441309,-34.47604156111137,-195.3964022034062,-300.0255890543074,281.8952427601761,102.55920532562469,-0.03882650703956388,-229.80358326139623,192.84510193145766,299.9472627932468,-52.122167418227164,-295.4489043874936,1000.0948234278379,281.8818402007641,102.68689302902328,1150.0296208026846,-229.8232638437363,192.8697376372698,1300.0813987733923,-52.038873126373,-295.4314549483911,-750.0426030370431,272.95304187485243,99.36309197357079,-899.9553557515239,-199.0512519172214,166.99736371905254,-1049.9703800887582,-34.386790804714416,-195.45592940534837,-299.99493492742056,281.9167067719266,102.61592321738384,0.016473401701907038,-229.8646959989941,192.85032101523518,300.0277070011925,-52.15638060855401,-295.4378450519449,1000.0503167891716,281.8555077570443,102.62514154719616,1150.0286086303452,-229.87702344242447,192.81158539301214,1300.0697713087288,-52.046634424159286,-295.3561470696042,-749.9393840930778,272.97562524328237,99.39431029998323,-899.9220587661058,-199.0457479644861,167.00908021303331,-1049.9564500998986,-34.42909800257104,-195.44976335820886,-299.97596422925994,281.9413766972377,102.60256360413275,0.03419588916196177,-229.82424052401328,192.8208803698096,300.0173714689678,-52.149747644378124,-295.42803969144563,749.9291639586195,281.93906319918915,102.6059549420666,900.0422072817099,-229.73254254895684,192.828052624065,1050.0004539833167,-52.02200243242167,-295.42707952365464,-749.96706577886,272.9167137129511,99.40918514585708,-899.9893170958157,-199.07760383064235,166.98572657328967,-1050.0210713940764,-34.467675308411366,-195.3849002047387,-300.06641990212984,281.90963048385765,102.63754231772026,-0.03238790592119539,-229.81517953727345,192.7854975749337,299.89283591314216,-52.10372805588813,-295.4791024783436,749.9523354291466,281.9420202826077,102.59982593958756,899.9425529960683,-229.7573706854509,192.7514674789208,1049.8483748888907,-52.034008810975735,-295.52599930803274
calibration_00140,-783.1911088381036,-60.594198351545096,196.88581569685118,-908.8843984099373,-539.058441089753,268.72279197650386,-1103.958799054641,-372.1933192176527,-70.4028694672226,-247.86814528311908,-27.042319904118497,352.80853599196956,54.99770757079654,-537.0786851069419,443.18692920432574,321.93186903261306,-381.39406589458486,-71.20911668492899,1034.9589268233397,-16.94151548274442,5.00040112806083,1258.4120908050475,-506.4744559186962,-48.93887239424863,1418.714755948222,-161.0781085847951,-433.0163203602213,-1000.0137381758628,273.0172443141146,99.335399474932,-1149.9852836524756,-198.92459250722715,167.02689904574493,-1300.0292586994203,-34.37235333559722,-195.38039744280334,-300.0034197251311,281.88999913755043,102.64773109605649,0.042939339112277645,-229.8149281554413,192.8129044889581,299.91047328437884,-52.165142137948685,-295.3714149579983,1000.0827939261783,281.91584259675585,102.62573457280844,1150.025455121044,-229.85700726725491,192.8738249158679,1300.021793746274,-52.20171809061376,-295.4761965056351,-750.0678773835997,273.0052118055463,99.28731402164887,-900.0617370813005,-198.90966660295817,166.93681045021762,-1050.1125550193426,-34.43608428551461,-195.41846211615376,-299.99770358256967,281.8896235182768,102.6384131274876,-0.029908316963870318,-229.83596366621364,192.87759931585506,299.9581871067137,-52.11615978198116,-295.4694048471536,1000.1108395428687,281.89543254429617,102.65145350129337,1150.0127372849302,-229.8242724314709,192.873480020409,1300.0298292121488,-52.21342850116259,-295.42358153304065,-750.0639971395965,272.9664979201838,99.22983125226514,-900.0398240772281,-198.9623512073256,166.96844089046553,-1050.0814889780893,-34.40193684562539,-195.44315770654117,-299.94661419551915,281.8697394092058,102.69702268940863,0.030659288808458952,-229.85863831262847,192.80977809935717,299.96845644196827,-52.13290976026662,-295.4745253101419,749.9859690226472,281.8817577458418,102.65646921316355,899.9847614674418,-229.8880695117115,192.8538978820597,1049.9731514598677,-52.06552481232709,-295.3660514174423,-750.05060611602,273.0614011356909,99.27097712698342,-900.0063838110905,-198.93856957478116,167.03169358531696,-1050.0776900078329,-34.46223132542922,-195.3940010409614,-299.96365648013284,281.9012595216156,102.61583943579858,-0.003030215840909293,-229.8473056413305,192.8205541095953,300.0168979651064,-52.16619871904862,-295.4295784494141,750.0043986711502,281.86526026960854,102.68903604103166,900.0303947487384,-229.7846949370506,192.88678458263743,1050.026083217364,-52.10216740818308,-295.39452138936764
calibration_00141,-1065.7216933892362,413.93799776486355,98.71510375986182,-1354.8396355056532,26.50126311231397,225.76117924489125,-1508.447708130518,236.54626465667113,-110.735196858136,-22.963435688899537,569.9895128437704,165.9050623115962,229.9119935040409,30.24559536326831,235.4463907508524,580.4070503341649,220.13761869521858,-213.1097581572285,1189.6552358608642,311.8224785656952,-162.53255339678628,1405.933658713409,-183.55292898108618,-142.90487529715384,1548.4328546182173,88.28734896205857,-588.2969819529909,-1000.037761601126,273.02831324700793,99.31088487584213,-1150.064317635282,-198.9799507443997,167.07113523610062,-1299.9870633594307,-34.37141917032638,-195.4425562050488,-299.957051937655,281.98646787447103,102.58781184826917,-0.0014727663392100562,-229.83146974830026,192.8584328758605,300.0495919675322,-52.03107289076257,-295.4297467549095,1000.0042093154735,281.8748844892069,102.60319060651241,1149.9539660547769,-229.8885569369048,192.86048595169373,1300.0218475435518,-52.156805699758465,-295.41893074925355,-749.973186415288,272.962218905202,99.33478037615497,-900.0213616401569,-199.0305305324709,167.047050767642,-1049.9777594137968,-34.406688462912584,-195.4371252947895,-300.0033182798123,281.9532531707903,102.60448973731967,0.0007006236394219798,-229.80289112804104,192.81675599837834,300.05771847934386,-52.008058550850535,-295.36187969484484,999.9621068084763,281.8319706237486,102.57371135130137,1149.9693598966228,-229.8537659887139,192.86516321010606,1300.0491218640957,-52.18381389303576,-295.466815856256,-749.9661344790647,273.00628099416275,99.32226550007313,-899.9674505780096,-199.02859113694845,167.0015643064135,-1050.0433560731738,-34.398489247737174,-195.4182285939131,-300.00468882998854,281.8742065056741,102.61061181026336,-0.05157029827190948,-229.69766756040806,192.8716156534982,300.0742644536152,-52.090898690205094,-295.36932767033954,750.0255268108289,281.896253110746,102.62152425919135,899.9552593700498,-229.82725077256532,192.85314482199885,1049.9563041409692,-52.112803897160056,-295.3934225571631,-749.9651358016733,272.8553318618658,99.26860956877125,-900.0202425031933,-199.10549048817435,166.965666280429,-1050.0019710865977,-34.39427127749961,-195.40684593870913,-300.04165191968525,281.9584667268722,102.59252621477818,0.02467077904480665,-229.78490557784482,192.7866453954637,300.04627837159273,-51.95028810080606,-295.44128153505295,749.9874473830478,281.9766825676345,102.58746984798985,899.9149478063474,-229.77603886786486,192.81234186064364,1049.9298185509895,-51.978970328204646,-295.51310819587815
calibration_00142,-583.3311602113392,-70.6730491169335,183.46352673395492,-819.9425358646739,-504.4470725488879,258.73823133772555,-994.3786317158565,-280.6167200760126,-58.206372493708194,-72.36831746211026,452.3387926932719,-305.01535931569185,11.225211595136782,-117.8317155879179,-138.2489388220782,451.5639513927706,-93.35759114276152,-545.0066201878145,660.8769689473023,235.95662857846395,293.02577566878796,888.2474604294467,-251.21641204617157,352.29527366152865,938.6371596404722,-57.888482687946755,-150.26283619834555,-999.9875614586056,272.8757227289402,99.30503383587553,-1149.9532643776552,-199.1273832744616,166.92355246436406,-1300.0046901997162,-34.556200447112424,-195.5118244598215,-299.94772366945875,281.90605806977476,102.61129052042256,-0.015606503537788287,-229.83755556895807,192.77098594232524,300.065363955168,-52.02791258411553,-295.4120862453632,1000.1202286596898,281.87632592080894,102.67111713845553,1150.0885431094462,-229.84205095649858,192.79258826700783,1300.0134942265793,-52.06044764923746,-295.44638403706307,-750.0715424154218,272.94703758923214,99.43835831133921,-900.0278510362363,-199.06153021906312,167.00555583599095,-1050.0091386533936,-34.485063080232806,-195.41705423523624,-299.9735044774545,281.9120319975473,102.55531505916517,0.029831033375021118,-229.88971323705792,192.75894269979844,300.03837732366435,-52.06337186630356,-295.53005779751703,1000.0841379910404,281.8548717752787,102.58014644628835,1150.0794339202341,-229.89382347935592,192.78644737444114,1299.9812492870965,-52.06380928433094,-295.4721374950444,-750.0724839151442,272.9408851940002,99.36790559350976,-900.0345594401991,-199.0350873481025,167.03421369786494,-1050.0661101478174,-34.48469786936501,-195.37113039000596,-300.0189193927457,281.8603379061814,102.6095977851806,0.007093457633081814,-229.8144580527151,192.80922675761667,300.00467509961766,-52.01025054662014,-295.5185760258822,749.9428310781611,281.9692316199503,102.59215484622297,900.0111371874328,-229.7600128047315,192.8459574497735,1049.9751383890455,-52.04987223210006,-295.46301347398145,-749.9460601190742,272.88216694571713,99.27764670348617,-900.0146717411731,-199.04752773678476,166.9762259484439,-1050.020333270724,-34.49310169674537,-195.51909709578976,-300.01620092319314,281.8418017118225,102.58782662556114,0.032175177827287724,-229.8336898316633,192.740505452183,300.0414372879501,-52.09598968512382,-295.42694420321294,749.9902191701009,281.9258536536374,102.6075775661987,900.0415774876001,-229.75506737223427,192.91524881366024,1050.0167377470552,-52.12003282010035,-295.37160962411417
calibration_00143,-1090.1526892937543,400.97601139417975,353.42660026960067,-1224.4387587804788,-72.17897858125295,442.29336068970014,-1378.0317341194,70.23190216540527,72.05572765848318,9.07254481874058,218.8836580208832,135.08406529994917,107.73977427806481,-337.5826945612915,336.59007844522915,502.276045134823,-350.4344823695891,-115.2696815778136,655.4767142157793,574.0483657290168,-92.02353026525297,773.0979668754613,60.46672764513273,30.5236823970983,1060.6037302282998,245.52391673267562,-388.63730468505895,-999.9810046348417,272.96713921613195,99.3994628748545,-1149.9487966011386,-199.007885928514,167.04723935870263,-1299.9824932917438,-34.39968268288243,-195.3420590745154,-300.0702834464373,281.87995634258994,102.55260693233882,0.04625588966118573,-229.78612530030003,192.83266723954054,299.97050303808885,-52.09479358204364,-295.37523990013966,999.9830084192605,281.91244195428055,102.62246912965222,1150.08223191767,-229.76831303559607,192.9065448688308,1300.0264314696185,-52.04451676666655,-295.3691799267622,-749.980254899518,272.8940996238378,99.42056778612755,-899.9686005323425,-199.03332771730214,167.0407770783848,-1050.0502319969669,-34.494392523643455,-195.34241976370498,-300.0354716593997,281.88296460562816,102.58820395292183,-0.013881020174009323,-229.82507739628625,192.83527918072755,300.04959280419763,-52.06647588430135,-295.38505483981214,999.9536532788236,281.92178082273364,102.66196316892022,1149.9931933161376,-229.7912241570886,192.93428822512453,1299.9822534977245,-52.11777276912314,-295.4368522755024,-749.9917991219478,272.9537107393873,99.3915445864944,-900.0082115940381,-199.07400594060712,167.0634058422105,-1050.041916451457,-34.517072039423475,-195.3933374258032,-300.06789355726136,281.88644226474827,102.59198218333495,0.04365265890942896,-229.8585161680086,192.8199343283781,300.045800060481,-52.07379088751154,-295.415723443869,750.0077746402707,281.8646270968006,102.68146126843793,900.0001106834013,-229.89741759205216,192.82961535731613,1050.096455190735,-52.04378563277483,-295.3820479034613,-750.0212696829786,272.98554961915767,99.39996142292306,-900.011207605317,-198.99797537156243,167.16708774141856,-1050.011183467411,-34.490014724478705,-195.265826945963,-300.0604419850494,281.914008766391,102.57775434789946,0.05263041291452101,-229.8157362439479,192.89628961715593,299.96896879593606,-52.08246193111141,-295.4452473171524,749.9950913051721,281.96365501548166,102.59435916279571,900.0153765298651,-229.76860418868077,192.88536267246778,1050.0374591838781,-52.09280324960386,-295.38744943359376
calibration_00144,-941.1708882097157,482.8870325088866,245.84682374929648,-1080.5293726095877,34.75867665208361,417.8857858923067,-1301.4310641220375,148.8228305999832,72.84061337836276,-175.11114424786712,240.18968316467823,-88.61255099987618,125.24553427226613,-278.00999111307283,-124.55028950239017,429.43770229089944,14.745826559980701,-550.9437443353963,1075.812956615478,-10.836515991475238,86.88607664846378,1201.768404762351,-534.8006237712781,131.62095195678197,1308.8599452294345,-336.44228314914557,-359.861635238467,-999.9748650649744,272.8880508512473,99.39453867499037,-1150.0136973887365,-199.0795925075872,167.08629775976135,-1299.969567457264,-34.544839335841374,-195.35197352188806,-299.92773162709653,281.88241929995564,102.60931127057988,-0.03358765939923259,-229.8461287302948,192.88703508846413,299.97218998985994,-52.115655640764075,-295.40562861170366,1000.0709518793865,281.8748736455072,102.61725800804884,1150.052871353688,-229.78908627368125,192.94073178319658,1300.04748592156,-52.15512513553787,-295.4358816471951,-750.0491480244167,272.98736652404625,99.43979127250714,-899.9691148432253,-199.0954303682763,166.92832047471566,-1049.9894536724134,-34.47165362605526,-195.42829442374673,-300.00520895482657,281.90368132554175,102.6800022141039,0.028073589511524763,-229.85453541645666,192.9042423477354,300.03128133278767,-52.117955197191826,-295.42036213883824,1000.0296096227231,281.90090072865235,102.60221179745639,1150.0087115765166,-229.82702952869388,192.88469466777636,1300.0439073998143,-52.17424127979582,-295.41152658961494,-750.073335416838,272.9896708396679,99.34646967979212,-899.9452393270992,-199.07580835134158,167.0019970233837,-1050.0113971795417,-34.4125758086225,-195.42211919603372,-300.00508377203647,281.88519431347447,102.60017676440478,0.04923909091683486,-229.7947312961332,192.8949104231516,300.034389178901,-52.143077851057505,-295.4122757079674,750.0889312597856,281.9233480754255,102.62056614662033,900.0495797863125,-229.83147498519492,192.81857572309428,1050.0013721759958,-52.07359117188102,-295.4254055666227,-750.0908308608097,272.9400904730035,99.29002828266512,-900.034342648424,-199.04408924139324,166.91931643517998,-1050.035712850721,-34.5071805648118,-195.42051449310694,-300.03836891721977,281.88952548341683,102.61176153006895,-0.004917661992517707,-229.84991526964885,192.8368456511492,299.9322807886897,-52.1690303173179,-295.45728627893703,750.0420589319406,282.0019296421709,102.50984168297178,899.9775612459443,-229.69022791974498,192.77456058638117,1049.9857653182203,-52.02506651976364,-295.5172852222874
calibration_00145,-1027.2430343586261,543.2785655815937,-196.10642052164707,-1200.4134134029475,79.60374471597258,-126.13269718926344,-1366.366422249766,261.12296758821685,-473.1254303565203,-635.3041043210662,194.86406847027217,466.9635349135377,-291.04540700449155,-294.5969403864237,510.52461003845355,1.575626625129017,-37.42215814375024,54.19764622363116,1213.4066295531263,636.4144362477244,420.2194718611347,1280.3066152220663,101.65859790178631,464.86957941459247,1505.5922596848282,302.6345054306953,16.189705425627103,-999.9235679840315,273.04909872782315,99.35983715017473,-1149.9722119822634,-199.02740293030052,166.9965666486916,-1300.0344102135036,-34.42070541303369,-195.4252396685763,-299.9527659831111,281.91603256218264,102.67082151837452,0.03693158017347151,-229.88713692342262,192.83298714393513,300.13343285204235,-52.1814310328966,-295.4100474414873,999.9327489004764,281.9780820704452,102.6191092468326,1149.9596539294116,-229.78215561345638,192.84132212010869,1299.9557377556914,-51.9661146393987,-295.361913373639,-749.9742440449882,273.02301495700397,99.34525182161421,-900.0194911423755,-198.98060365570052,167.00912202386027,-1049.9719063320144,-34.39747670210811,-195.42495759090352,-299.8872539608964,281.85191816522246,102.65092457891683,0.01758752469191992,-229.88640612237234,192.8473856476601,300.04947033587956,-52.11378669989511,-295.44894927447206,999.8744488367705,281.9985659665608,102.62255704141403,1149.9289596570986,-229.77708021138395,192.860680079313,1299.9822593807687,-51.93472139277029,-295.3765089641557,-749.9695876883949,272.9372790294409,99.30425076718828,-900.0526627558182,-198.93620768883935,167.01240022804157,-1049.9822125848252,-34.4572977560435,-195.42547445715954,-299.8797108551318,281.9351754718625,102.65657660081085,-0.050861534103443594,-229.8827577041482,192.7949828068074,300.05221712851426,-52.12795920774828,-295.4252097484724,750.0864509549442,281.8880831721503,102.60490239768714,900.0360016541943,-229.91418786435867,192.8346609900178,1049.9725747865496,-52.155763859682466,-295.4463840598099,-750.0657925202268,272.92241917048136,99.30698588342494,-900.0408422290791,-199.00493455222377,167.0082742525862,-1050.0011670555045,-34.473106909709095,-195.4306829326297,-299.9236996999205,281.9518059125012,102.59107847535827,-0.0015773256990219637,-229.8216502251005,192.78759135474746,300.0191821629062,-52.10462730216973,-295.399339454947,750.0196992518636,281.9448869900119,102.55679987056917,900.0195616163251,-229.75601905000462,192.80692748475502,1049.952128062356,-52.080214557669585,-295.4821891752636
calibration_00146,-1203.2351073376524,302.8040189278749,-261.3449266115564,-1199.827320927874,-178.22526421777013,-125.7381280511957,-1454.7014448745858,-108.35460214935962,-459.07195542571793,-114.61478815823973,-41.25511333032608,283.8174314303802,235.56833331939313,-492.9149511233814,466.55117602308235,582.8895178529659,-307.1040023672214,13.906918183768667,1071.9096738131684,389.4231835104346,255.7623867504874,1209.5903190780764,-132.8889790117529,227.78474308915497,1296.2537481014267,130.11025352429976,-236.7583874626413,-999.9884172747695,272.9960653112756,99.37388730016602,-1150.0319112762547,-198.97594175082386,167.10789054359057,-1300.0247248006795,-34.44830837950488,-195.34718058497825,-300.00544773882854,281.8781692577593,102.62242335475882,0.07301288492814297,-229.84444421630582,192.82055281875859,300.0114031876192,-52.15068195236627,-295.44575779271105,999.9814949959717,281.90755286976383,102.62534453149821,1149.9560793021196,-229.87622294082178,192.8432985580074,1299.907814213187,-52.13744282255734,-295.36138294006355,-750.0215628429912,272.9985381807833,99.35439396120718,-899.9274299345805,-199.07809244320177,166.99014230032947,-1049.9555146756068,-34.4055298419142,-195.5072246077023,-300.03739581597165,281.88256732158527,102.56990179598728,-0.028759707992933564,-229.8177228210621,192.84102328812992,300.0636648287227,-52.1482290864016,-295.4282071791409,1000.0157286931164,281.87960913419846,102.649149844271,1149.955792869502,-229.88157321126408,192.82791927825397,1299.9343533860035,-52.15983742243367,-295.44390371578163,-749.9756973296301,272.97403553422834,99.37570700742808,-899.9633565250149,-199.0780734349237,166.98326157225776,-1050.0016788735065,-34.4250588640542,-195.3916797177432,-299.9982999981178,281.8918824533401,102.51629790381601,-0.008812066046086751,-229.80804041279038,192.85281781395054,300.0639183482431,-52.054813692017056,-295.4558153663761,749.9393189739818,281.92030991217007,102.63734857048048,899.9703533177623,-229.80175100713564,192.89508495666016,1049.9977630731803,-52.03949159654548,-295.3422216254348,-749.9876231748904,272.93662360464765,99.33773992441849,-899.9807465705059,-199.0720661340852,166.9077972066342,-1049.9368799644128,-34.524118629412065,-195.4825398562658,-300.02187642598756,281.8289547251259,102.51393263029,0.02554425597431493,-229.8142089522734,192.79372324703175,300.10912502526094,-52.1683934453484,-295.4522972729012,749.9634248550067,281.9312845267614,102.60391571684791,899.9215929450081,-229.78379954292544,192.88894176630748,1049.9021331629099,-52.15088855422316,-295.38916905819593
calibration_00147,-882.3271768656572,468.2266275227354,-205.83005917185056,-985.4880949220882,26.73894319807728,4.608046577108625,-1096.6890885471244,37.564256003490975,-405.775794487065,-558.1868738381503,223.28788445819774,62.77765964520669,-251.40424743147247,-285.7509122655433,144.98191289424582,55.051709458975665,-89.54058319826744,-332.1417778891707,1081.6437751401434,175.74330862807201,-44.20400825944057,1132.0377968138262,-358.53847799766936,23.545356486208092,1264.5333598435423,-198.65725474931148,-475.84037166972763,-1000.0319536575305,272.9359984815073,99.37959462900065,-1149.9227437719717,-199.0307592565425,167.09378117249182,-1299.9868494757955,-34.44667726203147,-195.33814533460526,-300.05975465371256,281.9523316461298,102.6343417455675,-0.025694688606678034,-229.76086761131387,192.84335131906502,299.9902618151515,-52.013635216642086,-295.3283850336856,1000.0583313334015,281.7955214838782,102.60637258692047,1150.0223248224968,-229.85972191911532,192.86921318424754,1299.9873150990036,-52.067676712972435,-295.4357678088331,-749.9440196327935,272.96784066956775,99.349689135277,-900.0322586488547,-199.08175158819236,167.0042007598517,-1049.9970104758966,-34.48137944703944,-195.47168145421364,-300.068132859934,281.92805923013657,102.60142813214489,-0.0745776268670039,-229.79242853925325,192.83056436565434,300.02169509687747,-52.04804546283197,-295.34907221974055,999.9582426732683,281.8795334095378,102.67636595645111,1149.9601766454302,-229.88374361315618,192.90143627285553,1300.0200928436343,-52.12928235851438,-295.4118585273597,-749.9664614544919,272.91832846780477,99.37537283751979,-900.032207407723,-199.023100113953,166.97161009954937,-1049.9377084670982,-34.45134213318569,-195.44229641865368,-300.00792598098707,281.90803594154096,102.58000674964303,-0.02979708339650123,-229.78499994474913,192.84051457073454,300.04145627736915,-52.07446214239215,-295.3820806233793,750.0150532611035,281.8895472935252,102.62249771335873,900.0660334480167,-229.76358162489635,192.8610042012951,1049.9935226694358,-52.12645769942025,-295.42164520911535,-749.9428302246895,272.901964563157,99.39881416733283,-900.0624090641458,-199.01668838015397,166.9994502440563,-1050.0369544440714,-34.400991796507824,-195.41836193079226,-300.084975478735,281.84880480092323,102.63927074122276,-0.04381575111169101,-229.77440575587457,192.85617962856867,300.0261047867908,-52.054894889766715,-295.3993914529286,750.0543230977163,281.91650323350297,102.5814016066245,899.9971273809979,-229.78593309056325,192.84619533414343,1050.0132438531944,-52.185920640471934,-295.4362514089102
calibration_00148,-854.6520485558509,505.58852189303195,394.5042981436928,-888.3948119078225,7.179381876612642,379.0529824056741,-1060.0658549515097,189.30803627882455,35.098236743080356,-541.7951860265036,-23.847956353570446,314.92123173588726,-168.63456111694438,-489.5747163294301,376.6403597921091,40.937410277402265,-294.86367715073226,-150.72448510086522,644.1711465524729,142.48562222159498,-4.119089480786029,831.7206555942873,-363.01374064451903,38.58409201979103,1080.0086379980023,-81.24818567015645,-350.5773167169101,-1000.0416535751685,272.9573846510503,99.45154121987335,-1150.0023637361633,-199.00008330199006,167.08796864983492,-1300.1081874862314,-34.435231942495236,-195.33850829278552,-299.9932147855248,281.9433651008404,102.60122182321408,0.016104342314704465,-229.80995567732717,192.92506223202008,299.98568783505556,-52.11317305114892,-295.42143200002295,999.9708330386873,281.9118544808275,102.65658832112456,1149.946281748069,-229.83408870399637,192.8641904328976,1300.0535967370213,-52.14433724665783,-295.3289392072166,-749.956301844186,272.89665668599145,99.31352334079232,-899.9913891120718,-199.04509319591918,167.0127342414651,-1049.9309925542873,-34.44683225644906,-195.46699530069088,-299.97488633453446,281.97340518762394,102.60042336914839,0.029390619189058928,-229.76338350365074,192.8958200719936,299.923520317929,-52.13198025544856,-295.45600473373605,999.9085559465747,281.88112816684355,102.60864281300309,1149.8799690454769,-229.87891138474063,192.9199032981012,1300.0897966223397,-52.07960367930529,-295.35745949583867,-750.0312058507301,272.92884807215125,99.34528877616603,-899.993789608904,-199.07676136572937,166.9787570051066,-1049.9455403728903,-34.49599378785438,-195.44875124242355,-299.96003909778307,281.9116396603092,102.65220802509234,0.007495731885216393,-229.8100404510909,192.9141677220499,299.95295753681444,-52.193941294746566,-295.4216340934158,750.0387799461506,281.9787548477331,102.5928632079188,900.1036165118904,-229.70241155309873,192.82106206064938,1049.901897175235,-51.99114344360786,-295.4890732883933,-750.0396719704393,272.96399278045374,99.3694575427889,-900.0515038686973,-199.035828794724,166.97272729069644,-1049.940768100434,-34.35957188821661,-195.50635234498503,-299.9763740422573,282.0531068433824,102.60424109036542,-0.0362692596614564,-229.75753112989415,192.90708637817414,299.9845876746327,-52.05224008609569,-295.4306123865902,750.0200500626203,282.070471987089,102.58169499193544,900.0532588548683,-229.6890087030037,192.82544483932935,1049.9451786407108,-51.91943429785103,-295.4792351003318
calibration_00149,-1003.5878871058432,497.95749591524077,-126.34926254779202,-1152.4851348083712,23.576678895354622,-75.72994299026169,-1291.5558933248208,196.38468680587502,-438.6408577898513,-625.9490815650853,302.2641314591454,-128.95456534000917,-332.8275278198377,-209.50401684278773,-18.90077015208585,-26.573964190180078,-51.83958257747314,-510.1601264719592,1303.7699540898825,75.5157008227102,91.95267509100627,1248.1027743550242,-438.967008973549,249.03005199347402,1544.7066859796741,-389.6558084038771,-200.524339561337,-999.9638725372963,272.9575250664663,99.25252600193772,-1149.9919045093352,-199.04138872027013,167.01551378818286,-1300.021085675127,-34.449055570514545,-195.4142890500268,-300.03744790859275,281.90847973865505,102.54818900466795,-0.025399038582737857,-229.76563025268675,192.82108029740135,300.04447420329774,-52.056439517514356,-295.41540171476237,1000.0446011782691,281.9058209082969,102.64216881286573,1149.9099328285263,-229.86925508507315,192.89470955763358,1300.0458171919745,-52.09275632870854,-295.36468234274656,-750.0711362833357,272.87095345379686,99.43279586142889,-899.9864013304865,-199.1096694794701,166.9668057009165,-1049.9701057514244,-34.54087090081303,-195.41169437970444,-300.0593472810378,281.93950920870276,102.54521466260492,-0.03835732859356453,-229.74211729495522,192.81192508949368,300.0173591105888,-52.059823898839156,-295.3626195050388,1000.0349528027261,281.8921770837912,102.67628220952821,1149.8579847844303,-229.8433336951717,192.8590202989025,1300.0482952212096,-52.118190112357986,-295.3395556651311,-750.086203409251,272.8691246838103,99.41307435087442,-899.8943159369492,-199.0983598574466,167.02203599487532,-1049.9624189604638,-34.5538524218714,-195.42522745617768,-300.0729393509745,281.87066772337465,102.56489269348194,0.01828906388901982,-229.76314938761422,192.7619131898506,300.0424238431183,-52.0109091756984,-295.4951602343111,749.9840454946338,281.88957227087377,102.66014708917498,900.0436493204056,-229.75250582102774,192.86179458074184,1049.961299849726,-52.08230633077407,-295.50116578473984,-749.9905925306662,272.91512484264774,99.38450317880996,-899.9409255111922,-199.0849902953828,167.01929590503607,-1049.9280952703982,-34.459186642054874,-195.44396786218817,-299.98127369882417,281.99374322272996,102.51732704567448,-0.050393676424712625,-229.78001208448933,192.81276696652805,300.0381500365901,-52.12176063637907,-295.5013775158984,750.0616864281441,281.92155955543893,102.54605433935359,900.0097342309243,-229.840649577629,192.88496907640072,1049.9650080459096,-52.13197206506543,-295.5163703644106
calibration_00150,-1208.672074235604,469.22697395545816,191.3390454595844,-1389.692206953666,6.356135538590363,244.39296841128748,-1547.774109273812,201.01697505427904,-99.26103791886663,-36.799765397717124,73.36895582656659,-63.033993884875976,262.414897979223,-446.6519629726719,-62.693443996858676,494.1162765019951,-227.2123729230629,-570.6811056048101,1377.3790983746767,566.6640535492918,-214.3901978250232,1410.621230646999,60.42068777757625,-27.02964815738634,1662.9829637511932,123.67506670073489,-501.0647897386036,-999.9892413952471,272.91483441180105,99.30591784362194,-1150.0143421438302,-199.06419104585177,166.98042120406896,-1300.0635193743406,-34.54296962177193,-195.44887394579197,-300.0311237218318,281.8444605815097,102.61590443183341,-0.0594054274942329,-229.81212529052817,192.83385474110332,299.9801988784316,-52.06836242309183,-295.4143878988777,999.989741286772,281.91592906739356,102.47332671545695,1150.0090633142893,-229.80645128227056,192.74184776200812,1300.0097706115237,-52.05429595240057,-295.5186985234253,-749.951309534345,272.92105976809813,99.45442870301916,-899.9580696154179,-199.13557131535924,167.1514629336677,-1049.9240132147936,-34.531540498957725,-195.3144065530125,-300.03632886572996,281.87919634799357,102.57762135189589,-0.026574765252133408,-229.8321062896878,192.87441022722072,300.07728372028953,-52.124357179107896,-295.4125024270126,999.9801024921811,281.87987215376506,102.53379905112492,1150.0541824460079,-229.83066932593292,192.7622664390176,1299.970905470038,-52.13672513796528,-295.52470508415144,-749.9813019533641,272.88811793965243,99.46360053725157,-899.9148577591482,-199.07361664509517,167.0639387758096,-1049.9989881241122,-34.5034025757132,-195.26526096923305,-300.0157115196556,281.93314630723813,102.61893313173407,0.05213683886561872,-229.85614348555995,192.83771435973344,300.08105044608874,-52.10998619763422,-295.3993919954051,749.9700278038687,281.96472475337686,102.60875061680505,899.9513277182464,-229.75521960979165,192.73389944389328,1049.9869922796822,-51.983305409509995,-295.5123423111799,-749.9856650888333,272.8804949564255,99.27498080815313,-899.975568901139,-199.0985080703877,166.94195245604666,-1049.983627122624,-34.494543416133226,-195.49344154557778,-300.06928070550924,281.90119036404536,102.45962440824692,-0.04601306260128835,-229.80083923088716,192.8706909127125,300.06858822616266,-52.10209486760578,-295.4580168030111,749.9899057083967,281.93012286061554,102.59696122008685,899.9777383289089,-229.7873603953078,192.8802162770609,1050.009121320292,-52.091178796914335,-295.4006224723487
calibration_00151,-982.8525665047088,370.59849396675213,-108.15653574020465,-1159.0912907297657,-94.86049803171521,-154.39239874145315,-1319.9282792133984,166.59690741238686,-448.9359856892541,-56.95596339545802,347.9301598459648,395.2620744490063,256.4425273676675,-151.4806028244343,506.7213344262902,560.2291601254401,20.310613641236444,18.721465711441077,1194.6548587677266,443.49583168733744,449.67797487083766,1380.6913004948324,-64.17538789383823,464.5148711775385,1456.390529608861,171.19791654185136,-16.511223985911002,-999.9524716470314,272.95415628160555,99.2999352246646,-1149.9701346422476,-199.00856052244612,167.00965493975102,-1299.9761275980418,-34.436616506526796,-195.40928302965503,-300.00749578003786,281.90095909355205,102.60625733265408,-0.0019647371870975105,-229.8220394349514,192.8152737892125,299.99463292343313,-52.05781883161515,-295.5073110228716,999.9693188470552,281.90731777691263,102.59869204712632,1150.1185689635595,-229.77774968591092,192.86429116122184,1299.928844548088,-52.10206881866096,-295.41954048087575,-750.02813385001,272.95834281704543,99.34123898545779,-899.9625308201944,-199.0149970277065,166.97308031461287,-1049.9799240886828,-34.48311491184363,-195.39474723457784,-300.00846450211407,281.91974450644705,102.6040859652323,-0.017271665864997225,-229.8076106922996,192.8187189084191,300.02419576922483,-52.13233399960684,-295.4732769910663,1000.0015076886324,281.91762698513025,102.57813831031275,1150.0139249536167,-229.77437796098496,192.83405294409803,1299.9192974274565,-52.13360208444088,-295.4418731085489,-749.9843273921375,272.9652011840131,99.34604592649386,-899.9640057640382,-199.04853023414586,166.98653789746746,-1050.0364676891984,-34.481098763138206,-195.4422698767199,-299.9959022214339,281.8345167301783,102.62405094729384,-0.00222377278116526,-229.81212586878564,192.79245523594335,299.93787589720597,-52.06149680579045,-295.45318807890663,749.962930128833,281.9002509468185,102.61071457043072,899.9805009109617,-229.80987652556533,192.8039578302317,1049.9541406466528,-52.128081023468326,-295.4480668924908,-749.9921194166009,272.99345666604614,99.29834282770517,-899.9785078034193,-198.94779248557265,166.9696971876038,-1049.9785199771607,-34.36679205602303,-195.4272297589587,-299.9898605567928,281.9511369607985,102.57432060437151,0.062285057364606086,-229.8060217074915,192.81422761989748,300.0377690263493,-52.09785454980871,-295.46030453265007,750.0007832610465,281.88396488050137,102.65267367574398,900.0287967506766,-229.84357026335834,192.86678146052543,1050.03110544718,-52.16254007664931,-295.4070286824596
calibration_00152,-706.9493458509703,482.84179564815196,451.10303334478925,-881.4882409709858,14.551165485332522,458.26727476745845,-940.0294634420067,200.75291704090785,80.35944284673072,-194.55273236442997,424.2470704260583,-145.50101512078876,200.66541272571618,-22.269021487773358,-78.11788793560494,379.96468213695954,155.21578221771097,-622.5221631327746,934.7479040926988,133.84784479297036,359.33623665914115,1083.120765730702,-377.11361924281886,456.177073692836,1234.9503929313364,-205.74624761623116,-33.886771498045604,-999.9701979577801,272.88731441224047,99.34928626352337,-1149.9705013848109,-199.13140839436895,167.0279957726652,-1300.0100754712103,-34.48315016897137,-195.3608490313752,-300.0212160705602,281.9274532251856,102.6416437457863,0.015747887552260347,-229.81018273136482,192.85954793411733,300.0088555547263,-52.13358778638237,-295.50118759699563,999.9479468416824,281.9601108429996,102.60487446239436,1149.9739519577906,-229.74677439324662,192.85338104258014,1299.9959399805357,-52.025886388450765,-295.4428278485266,-750.091827300833,272.9314389361741,99.35468023685023,-900.0867563506653,-199.0225452544599,167.00233846673078,-1049.9742743733655,-34.469990455237024,-195.43835787044281,-300.0301020078146,281.9474191098439,102.54030198019932,0.00773068239981574,-229.85691616752604,192.82860038087927,299.99890794799563,-52.09660313007153,-295.4180485545031,999.9377306025178,281.9795707690741,102.6700736245105,1149.9712855628086,-229.75327662446105,192.8903018945965,1300.0156798830199,-52.003139500514195,-295.37861882145694,-750.0691037185211,273.01017152288154,99.35236672946043,-899.9845169113679,-199.05329269532686,167.00193973040004,-1049.9436690207972,-34.47949400460346,-195.45918442736686,-299.98075396842825,281.9416699027421,102.64035355598921,-0.01095105073075497,-229.787546072776,192.8558624635415,299.9557685676279,-52.12794994611425,-295.4810443923771,749.9300227478057,281.9314397252935,102.51709821372268,899.9666741120087,-229.7635577692455,192.6789629757969,1049.9496651775876,-52.04278819192914,-295.61026546721627,-750.0321586723642,272.91329585264634,99.35148081764122,-900.0736772755546,-199.09354838691513,166.9834115592484,-1049.979418906547,-34.50229644974817,-195.4236890993371,-300.02188351537075,281.8332910264783,102.60919999984546,-0.06283845787507683,-229.8070916469303,192.88861319045503,300.0153084813017,-52.18463876146977,-295.45562230642884,749.8919308523424,281.8870957418043,102.593415707842,899.9885034205602,-229.878551596568,192.8098832080821,1049.982570057054,-52.093381988659466,-295.4612964052846
calibration_00153,-866.3220415161252,-42.17797840378073,164.69574018021592,-1003.2217110026861,-519.1006600616254,225.07448966216552,-1162.5205215012452,-351.40237270805665,-131.9427470840592,-164.28759077729245,644.9013389041803,332.2696866701734,82.4806743676232,127.86702534969852,510.78989261860204,491.086121978401,265.956904297808,93.73473159614848,899.344682772711,385.9354184584401,267.89166038829865,1247.9069304201419,-23.435374641040394,326.54183227880833,1253.6371283017138,184.7742460726476,-172.59043602941264,-1000.0469382874458,272.9341384666426,99.28738007826001,-1150.0095986277636,-198.9983131327964,166.92295013550932,-1300.0252701469146,-34.4650985588294,-195.50785070175402,-299.9684035199496,281.8911273831107,102.66673454411013,0.019767851659270676,-229.7628547130896,192.86777237846525,299.97500718891297,-52.09943790545914,-295.49531526124065,1000.0213322708586,281.81559045031884,102.57338434260559,1149.9889321750882,-229.8530243580706,192.81482210676418,1299.962105600484,-52.14776762744387,-295.48899357485533,-750.0014802804627,272.9322451130925,99.32991496103442,-900.0084312326483,-198.96884516096972,166.99227511722268,-1050.024838615793,-34.47272816708875,-195.44867076612107,-300.0544443803762,281.88759943290074,102.65120380007352,0.014302249296442787,-229.79814686062082,192.9045311100758,300.0323730177071,-52.07251584274911,-295.46341536057787,999.9954303798279,281.84216775382026,102.63255600752022,1150.0152926291662,-229.8717672536125,192.79345406535816,1299.9819642804746,-52.14773921030761,-295.49031184828414,-750.0696644576476,272.9985741401014,99.33565982693368,-900.0096225316411,-199.0424990882498,167.02163538412253,-1050.007851073653,-34.45873040884839,-195.44998982395416,-300.00776212784075,281.91809964831,102.62712080338652,0.03928051055710298,-229.74092632308407,192.909797725073,299.95997806995797,-52.13016257426516,-295.44248897805926,750.0916663925153,281.8146026596146,102.54508965589253,899.945257094044,-229.92219255815317,192.83758846583166,1049.9967983790295,-52.240356736294764,-295.50169669425355,-750.0320718005808,272.95540615069064,99.30475367229631,-899.9998168637911,-198.97837971221782,166.94552667569943,-1049.9423982905441,-34.43256130896627,-195.49239955374645,-299.9782904334375,281.9618564538122,102.70420184718026,0.02066076402833632,-229.7551763032349,192.94929817719353,300.0302656586951,-52.056794111551326,-295.38841693189664,749.9925700839864,281.9434375352913,102.62952459196703,899.9594514108911,-229.7483878016287,192.91301531648145,1050.012617502443,-52.10630315670943,-295.37200552815136
calibration_00154,-1195.8553157373276,332.93210535640554,-117.72136615046523,-1307.7549353073987,-153.28721782410207,-88.62539481800378,-1472.9909089700825,27.800014483762286,-436.2021873897132,-96.73645384799813,-26.990147086666436,169.55074291103244,185.19498891808308,-556.1758335996067,190.65156155169151,418.1655876645486,-367.81301442875423,-329.2717359657242,958.7999980356695,21.534971990609698,65.36081772438885,927.3665632911901,-517.8024399242933,91.21438046454537,1227.9668671537113,-346.5957463108982,-324.58105004006023,-999.9599420664019,272.96013495115807,99.32792273890009,-1149.9161838097075,-198.99462913275718,167.01050361480208,-1300.0108219443573,-34.389082695932466,-195.39835290469827,-300.0502593276476,281.9156752123679,102.59230219400095,0.029870107998622254,-229.7428026845905,192.8503971577146,300.00397784324457,-52.09413036058047,-295.3986150132271,999.9621814618863,281.9255248132531,102.61316769609441,1150.0307598624045,-229.79068217078435,192.7969545321471,1300.0893660777615,-52.06557136220528,-295.46279847833716,-750.027755239065,272.8659854754512,99.40768691276324,-899.9887348577672,-199.10262011516932,166.99693809813704,-1050.0002485579794,-34.450179040812515,-195.387178291607,-300.0496314098271,281.89213287180434,102.5670723538331,0.03953503334171206,-229.78610224151922,192.84818842364814,299.99797652874804,-52.107361195810924,-295.40347462265083,1000.0237323767749,281.9067726595358,102.63254279423975,1150.0079889213966,-229.8138816661186,192.83813914141749,1299.9967128789835,-52.023480894680624,-295.44625867317654,-750.0151816490838,272.9088331966934,99.44926891839782,-900.0301168673417,-199.100355833257,167.06453226738347,-1050.0060465904699,-34.52714019095183,-195.40472381182434,-300.04290623542016,281.92736816186925,102.5546213844841,-0.028820889215252443,-229.73407475427476,192.8326098278612,299.9878428232845,-52.021445571196885,-295.4187792662508,750.0837838700255,281.8746707153242,102.53034899830854,900.0659811085122,-229.78066880598433,192.83029617615458,1049.9794833361284,-52.15599909946052,-295.3818793746645,-750.0182745760791,273.0021816007473,99.48463565567938,-900.0376041385815,-199.08680761603352,167.06085962543867,-1049.9477724179606,-34.48593601207369,-195.3764574225542,-300.0380042635901,281.951869851142,102.65886886517177,-0.011281111642604409,-229.72011542673692,192.86361568039663,300.00465423799596,-52.02927523616338,-295.369406070459,750.0667816113986,281.847728892723,102.59956695459236,900.0313143993178,-229.85785777897166,192.81241754972132,1050.0251940622964,-52.13787044636317,-295.4637815422817
calibration_00155,-1322.7859863442798,485.1622203312195,-270.1147171816859,-1488.6399086700758,24.70792897579943,-168.91004174623652,-1652.1282237820042,177.19028801756835,-530.7989119615764,-548.2246508382303,260.60050852353004,270.30420381369794,-232.9895458070777,-221.4115714325055,438.674361430851,78.62372267204178,-98.05217838841678,-59.00665321497597,1259.997930036664,-89.2258734825653,-84.97826077235561,1437.4165427513815,-599.1436957566403,-54.82161275950565,1600.456918602642,-348.5313757135432,-505.49243078952765,-999.9610176196608,272.9616548581535,99.36759818999089,-1149.9900190389164,-198.9578405691296,167.09409976695036,-1300.036598530339,-34.44207284939696,-195.26769273489475,-299.98588478243994,281.91928732052713,102.62533877891005,0.009395077651533145,-229.8106911817979,192.84068232205655,300.05381642358594,-52.130647623174944,-295.4401848978091,1000.0699614689594,281.8309299416097,102.60860745737571,1149.9768133354055,-229.90422164960623,192.83321782962938,1299.9802793516271,-52.18645663808159,-295.43637886375745,-749.9483269169774,272.93685735986986,99.31369654591991,-899.966736537019,-199.07313144451405,166.93168671792867,-1049.9438825018472,-34.55967081780259,-195.49920785609828,-299.9940449176416,281.8249412959536,102.67917593497349,0.03438521866661183,-229.84898276899943,192.8272010938636,299.97016873893546,-52.0603715023791,-295.474214215782,1000.0416502841524,281.7899522827733,102.57310105040376,1149.9453722605363,-229.93369852580645,192.86851277843996,1300.0116079226748,-52.16295913578259,-295.4281489481036,-750.0598093344457,272.90867785319756,99.34324724316937,-899.9257277809386,-199.0816465489892,166.98853012458738,-1049.9536248581753,-34.56785159761365,-195.51320183097567,-299.98200595677935,281.9460082812184,102.60114467325228,0.09207740600678616,-229.8567108847727,192.8282347161104,300.04414372471314,-52.045803726315306,-295.43603746819326,750.0005522195693,281.8713095966147,102.66983042715157,899.9499030549852,-229.80594752775943,192.82902383689267,1049.968653422471,-52.17516232893874,-295.4789677675673,-749.986683924287,272.962865493672,99.44420608424592,-899.9359963830543,-199.03598673173272,167.03217439625388,-1049.9099188571845,-34.410959442097784,-195.39774615384218,-299.9880286167395,281.9359484839603,102.76364283015279,0.06047751751788487,-229.79636141406297,192.89538302762983,299.967949956792,-51.987060003831154,-295.39095721634885,750.0301955778363,281.8046115175287,102.66761313167622,900.0249121976657,-229.88472930717327,192.83642280939952,1049.9226554562697,-52.15207035676698,-295.4453254923971
calibration_00156,-1074.0550833884379,163.3004807661582,-167.03693290591423,-1103.828896896966,-332.0821971137408,-226.5299102911108,-1340.4680757944964,-122.78566906371094,-511.28935557015416,-45.962005010449296,100.9998330096435,39.81302761314528,290.9861127743728,-393.7245089333476,81.06334668718418,510.92504691718165,-196.53420666540464,-441.1758335754662,1092.4198094775356,75.10507856856705,388.5860020912407,1324.3621708137525,-413.34782382104555,379.1756653286661,1382.6736769425322,-146.39225559871903,-87.56332778099663,-1000.0302334110248,272.9271755292507,99.3138178982918,-1150.004932561307,-199.0367220377698,167.03599767649823,-1299.9763791207936,-34.53476107676672,-195.44640565620645,-300.0756280016678,281.8780939640721,102.59868931781315,-0.10636172063489369,-229.83404480303966,192.83620967374242,300.0081728210316,-52.120848207137385,-295.3945965696456,999.9830035395053,281.930062236289,102.61330701213993,1149.9527544869215,-229.77657506293514,192.84091029821624,1300.0015797128497,-52.04975347416458,-295.4370115892522,-749.9648103055516,273.031690669207,99.41285608980523,-899.9552768213106,-198.98777855298604,167.04945538238331,-1050.0368723511679,-34.45736562353166,-195.3760202320878,-300.0721805137662,281.87645258478904,102.59614156547727,0.0028311324090476795,-229.8536281969371,192.89244138128242,299.9935706870807,-52.107196928238864,-295.4170168813454,1000.0325729031301,281.9664724215858,102.64128416014023,1149.916143293908,-229.8232801681968,192.86506187722912,1300.0011259835064,-52.02999673091697,-295.4169816853912,-749.9883258745601,272.9681165958953,99.40876356897272,-899.8899515644541,-198.97019954830748,167.09115590889402,-1049.9433624665799,-34.45077427869914,-195.40458072901487,-300.04044542735306,281.883050619686,102.57281931321172,-0.0085894159903443,-229.82643618171505,192.85621156716707,299.97666106202814,-52.17602776281158,-295.43678725459915,750.0141674056467,281.93186880546,102.71949380436888,900.0611855269128,-229.82498661918962,192.90845490097655,1050.0090682266455,-51.978680098510964,-295.3803268610757,-750.0285031311158,273.0316536629041,99.40073878498174,-900.0477183299129,-198.93175259169226,167.02122876066653,-1050.064732597905,-34.41926053457497,-195.4135523218159,-300.04361929044506,281.8417530649045,102.61964714628728,-0.03975258402448306,-229.8808890646191,192.8081030941779,299.95960482065544,-52.18896576048732,-295.4453132681892,749.971796862679,281.8311222582356,102.62388471019187,900.0129016323003,-229.85994777653758,192.84999104347412,1049.9766060896072,-52.080686271180134,-295.4648004408681
calibration_00157,-1147.8601035646973,207.70714128700712,92.9608826271965,-1250.0489127453532,-272.5944402108774,-0.45706066478148466,-1404.3323207464794,-15.222904670701318,-301.91795705002994,-253.3828007656464,3.9454464199828903,226.95759518561403,170.81186221073148,-417.80993554101326,273.44921104003373,400.46480875674007,-132.45518200632753,-201.79601952427453,1384.7296165602163,390.82901740042144,-145.8589539706016,1405.6002641390992,-119.91681257240514,30.800593180103235,1557.6670884962255,-72.27288740442813,-485.99111847545055,-999.9362696338662,273.02171755775163,99.35983318448196,-1150.0202932387967,-199.0345874580744,166.91799054388323,-1299.9992014779655,-34.37419374585432,-195.4148443601709,-299.9777003961481,281.9218832540807,102.64515585132453,0.010727770384627371,-229.85684505287395,192.85676977879484,299.9637038724649,-52.087102016734825,-295.47142867562104,1000.0445531308277,281.91793369358874,102.63989311061883,1150.0477485357085,-229.83633966984254,192.86587424820038,1299.9396723976608,-52.097597357732674,-295.4702296487503,-750.033538881051,273.03087380019156,99.38105410675128,-900.010828841549,-198.96724828133716,166.9721231331717,-1050.008424416079,-34.40865250414655,-195.43855238475064,-299.97080467306455,281.8860421196511,102.56342954522634,0.033285861867149075,-229.8670190942118,192.82630959816964,299.99922273295505,-52.11718156620968,-295.46289778211815,1000.0738948558522,281.8716049405287,102.6334607890393,1150.044219837197,-229.82619159588285,192.8295923078783,1299.9675652837375,-52.13749862026051,-295.44559472686274,-750.0155509081222,273.0468844113363,99.34911849238337,-899.973792642948,-199.00049812004147,166.933754742928,-1049.9857104487194,-34.42748434432785,-195.44924362320538,-299.94286568739284,281.9178112164914,102.64051966688511,0.0078210272501625,-229.81529625566552,192.770086167442,299.9492161454116,-52.080696096838565,-295.44828190783727,749.9755554683657,281.8423468033606,102.67511205944513,899.982626439809,-229.86885915407294,192.88504211568713,1049.9800907270385,-52.1671180602051,-295.3495239451386,-750.0290618159445,272.9860386789887,99.36079670043226,-899.9836362225136,-199.03427543566184,167.04063154800212,-1050.0488700302799,-34.51632136459449,-195.38844954543782,-299.9777671123586,281.83884090661303,102.65487722721544,0.0315731866965472,-229.8678322987562,192.82789066844805,299.99637805060854,-52.03372793102,-295.4440884725902,749.9970025999837,281.93007165969533,102.6698695564441,900.0161989907385,-229.77468912665216,192.8812356847421,1050.0224958208933,-52.05954282890932,-295.3699311734954
calibration_00158,-950.3719165349278,174.70556702883283,-146.40503264000762,-1179.4236554359127,-267.78998520889525,-186.0560400472336,-1244.1490013902355,-23.608964496189312,-528.235459417474,-517.1755408113728,485.7762384364815,-363.4101995651314,-259.1117252715092,-8.74067899881643,-142.39190804289692,188.57843015215727,152.51482210598854,-507.7188970407091,1062.8366972522574,357.8117672641047,-139.81084852617013,1255.5378021033168,-91.69583770825727,91.13962939410526,1419.0301873130154,-34.51593544761191,-421.2100969250539,-999.9721981445616,272.91680188351296,99.3551222539066,-1150.0107017416071,-199.0090802696285,167.06319415581402,-1299.9385718958802,-34.5275855713541,-195.42018658492887,-300.0305703886556,281.8698036097914,102.65711218647833,-0.02381591082631132,-229.7901663556583,192.81192285688138,300.07918997526673,-52.10994933344192,-295.4162438365315,1000.1109392822581,281.9603681127443,102.65764998280854,1150.0300689460246,-229.72014343674803,192.9909240185481,1300.0945841843413,-52.04855327602715,-295.32701340859643,-749.984889052202,272.8902233029195,99.35090011388998,-899.9738405282927,-199.0880235384194,166.9813653022624,-1050.0595187431072,-34.43460930453985,-195.38592618460618,-300.01008645098455,281.8533468394271,102.66072936394032,-0.04389607242699643,-229.83483098002324,192.81593494540903,300.0516026294817,-52.08105086283419,-295.4221466265752,1000.0362429869183,281.96922813365506,102.68577813216423,1150.068359672476,-229.74280716987263,193.01257375010036,1300.1170437590742,-52.12255901065547,-295.2917884488047,-749.9039921688998,272.93230136380635,99.41104244466452,-899.8759395061688,-199.07879260387395,166.99159621528983,-1050.005868566728,-34.47655745683012,-195.36868384774633,-299.9849173729819,281.9121397131111,102.63069559820143,-0.051187203998426474,-229.78438765584437,192.82553673043176,299.9684544251519,-52.03824525882567,-295.4372043265144,750.0601698745467,281.8799637574361,102.52453714432178,900.0138019539348,-229.89564459995856,192.74491756375159,1049.9628869411968,-52.182785728024115,-295.56492716019125,-749.9899039016368,272.98474625664835,99.29769869049157,-899.9999331012486,-199.05403140730218,166.9626881074959,-1050.085381475664,-34.4669954814079,-195.47622726547382,-299.98404712547676,281.936933307085,102.64449573723702,-0.03577360190928755,-229.7950011783877,192.84938774647725,299.95813371139246,-52.08136386722975,-295.4069302535611,749.968657758594,281.8975963188999,102.5309214143883,899.9472337777112,-229.85443772020992,192.861166591405,1049.9350671088266,-52.21843308013822,-295.39099854969487
calibration_00159,-1031.9607061975103,98.98642826248825,352.21184282217075,-1148.6871497675477,-383.3841942693997,411.1782691408643,-1271.122613978592,-234.9647186935804,31.815086839101703,-247.56784456919203,310.6255811831771,-130.96849951605222,47.43823163359063,-206.19961433864873,-54.239371871918294,359.25116850747554,-11.567209834865094,-528.4836885625122,982.7552226060027,305.4183085292245,127.87918113482202,1151.4783522764844,-198.6796147101582,227.65887016824564,1289.1253417249525,-27.261001201525755,-266.5129373528221,-1000.0435935236417,272.9570948148704,99.38756428261712,-1150.015728603406,-199.04565826471148,167.0346080346287,-1300.0233449533473,-34.46463050161706,-195.37761071078396,-299.9849811396829,281.92977567925874,102.5597840546657,-0.035818109527920125,-229.81553758400983,192.83717730083214,300.034631199139,-52.07356395452807,-295.42648296116636,999.9596560785798,281.9088120293769,102.66092684431277,1149.993425361416,-229.78796447848583,192.81294536896692,1299.9001698459497,-52.04125048673894,-295.4791502389147,-749.9175560210175,272.97836045986753,99.34149954140068,-899.960911720322,-198.94670583791103,166.9886357493491,-1050.0653157490271,-34.40593159845946,-195.39668278336066,-300.02015008518816,281.87974704468513,102.59316515511368,-0.015961924394402943,-229.8774698888224,192.83310834670834,300.0427314499287,-52.02737070583273,-295.4305508155995,999.9891927829271,281.94647999973193,102.62553082054696,1150.0108158409728,-229.81255225355827,192.8055354628115,1299.934028047703,-52.031547286954535,-295.469965648955,-749.947045439046,273.03796146950634,99.31863284732023,-899.9323573789225,-198.99420454196584,167.01248156749088,-1049.9528732788363,-34.37492081910672,-195.4190228945454,-300.0387340319697,281.8515611178353,102.60095425655562,-0.05019510177120125,-229.80734366094438,192.85579316172135,300.00509547488036,-52.08545590940777,-295.44092581707946,749.9289497949786,281.95954227082075,102.50997212225501,899.9916204759072,-229.78909015560285,192.81449341307695,1049.9510319428728,-52.05477896621106,-295.4706686794669,-749.9190994462873,272.9324349366208,99.45760452989916,-899.9242134870047,-199.01824531812423,167.05669031710573,-1049.9436676229493,-34.420719011728195,-195.35288124705696,-300.02100241643126,281.8805594209277,102.63995811402258,0.0024897547029873015,-229.81359651481475,192.85419008622446,300.0693545552568,-52.11504971817352,-295.308769672199,749.9723963256525,281.8951762423708,102.58756309264915,900.0458529231661,-229.7473517717488,192.85761733613546,1050.0667321567767,-52.003576607729705,-295.40566115684805
calibration_00160,-1002.953381223189,517.1587126952932,96.44220863722968,-1261.3780260956187,96.37084743942641,19.234333244487843,-1294.8092024402345,366.32355479107287,-307.72744214053097,-414.3779313147728,539.6920401651522,-15.083717017969777,-213.20951684222317,-1.4203487004723558,148.49035443227163,166.95798267992228,85.26430483717401,-307.5221830692419,1117.2690813531094,16.29438963727052,-151.40386296447775,1107.928524014745,-514.614426133928,-48.70036890603605,1440.6187984857215,-387.33017795577274,-455.68310480967426,-1000.0046982890141,272.98288873038825,99.41960826486275,-1150.0149277402884,-199.0232451286925,167.13656401569062,-1299.9747118207706,-34.43230101511577,-195.25323832596868,-300.04656128104534,281.96620987399933,102.65180836522498,-0.012366815098532711,-229.8179962550545,192.92489894090582,299.9316399603524,-52.15014632076816,-295.40140235455533,1000.0381066326053,281.92006429771305,102.74390210845588,1150.0573810576836,-229.82101830970473,192.85993933278442,1299.9809701809925,-52.043597886267534,-295.3717054835244,-750.0285070864328,272.8793927791714,99.29043046462651,-900.0424054457628,-199.1234620525576,166.95401565745527,-1050.0328803407742,-34.456762698650664,-195.42302535648892,-300.0058643952341,281.9217643117048,102.66111602732298,-0.009787916141828399,-229.80945315701211,192.88411356468922,299.95356765609716,-52.119132982199595,-295.450385910998,999.9464986259972,281.8575479634411,102.66074869809553,1150.0175842282588,-229.82449142615624,192.94799127491163,1300.0348768216904,-52.09887962246819,-295.37969729211085,-749.9773120912607,272.9584734934258,99.34650095936738,-900.0807609779421,-199.10370881639082,167.0412431901063,-1050.0261207741682,-34.49321904572054,-195.40493965432472,-300.00211275701196,281.893130893599,102.64264375085565,-0.007324362757896066,-229.82878489689304,192.94427563904023,299.96393758486204,-52.16241519812558,-295.41730337393176,750.0750600502504,282.0375027622241,102.66623209256439,899.972905834054,-229.76561256039125,192.81400176686137,1049.9806833720377,-52.02004299757069,-295.4142411447682,-749.9353807561195,272.92098116700754,99.3418506629828,-900.0194843078444,-199.07972413934215,166.92318160773377,-1049.9575817687337,-34.427321753191045,-195.39585160744122,-300.00616892170996,281.92779358193866,102.60288854850737,-0.003138097794563978,-229.7875104240961,192.83062069230084,299.86498921932485,-52.12789423935544,-295.4337818159172,750.0885131460822,281.9603608421471,102.56535328256007,900.0062661646888,-229.8645883712427,192.8042670958926,1049.9970734823455,-52.07221275359556,-295.5767743104662
calibration_00161,-1165.934502074193,370.55112925655254,97.52516975164579,-1311.6475531442616,-98.6496792446819,189.2921480852178,-1490.5350642284775,57.722900456412404,-163.4996153672461,-321.8733270143355,542.6426183065803,515.9598757126292,-22.893530866004358,29.075235971913536,433.19901666642556,149.3923704911413,298.8206214971175,-74.29755597883592,1028.6591696678342,617.7034543417697,318.3097165685452,1015.6828681125005,123.5876025326104,537.8594441683081,1239.2159101412194,126.65404122212826,45.35268901159286,-999.9457503003931,272.97511829438344,99.29843075615634,-1150.0691348440703,-199.04155348529682,167.01266408993035,-1300.0526305809105,-34.47458644016779,-195.49467167292238,-299.9806963797789,281.919542995757,102.57172491635508,0.03942077136202739,-229.80693666794417,192.7689642572568,299.9983636513716,-52.04554139170973,-295.5393827029155,999.9078751647451,281.90556553296085,102.6397266146029,1149.9383344964242,-229.83593083389522,192.79573168477373,1299.972944197248,-52.05080269035989,-295.5222546084398,-750.0454212656748,273.0115902403276,99.37727685399364,-900.0178414245496,-198.998736782981,167.04885814555936,-1050.0165740782697,-34.331124059960054,-195.3523351409617,-300.0164255839914,281.87902576054245,102.61263182579033,0.036203752229819294,-229.789790561841,192.81090942947836,299.9547955179124,-52.04338097794643,-295.47961233498205,999.9180744319542,281.9149799139276,102.60412317881767,1149.9230529973704,-229.83252932056118,192.7419492459951,1299.9363166553146,-52.0191008693734,-295.4085201123129,-750.0594802110851,273.0192136310949,99.40805244313044,-900.0972624164862,-198.98929089896106,167.06456031499852,-1050.0241227116994,-34.419996190882785,-195.41255737927725,-300.0521481576119,281.88932682165307,102.51378946658008,-0.016187499331616527,-229.8661267741461,192.75611388664564,299.9751456347866,-52.08201072502844,-295.46983062908674,749.9521814409524,281.93286557240344,102.61215248499981,900.0858375818303,-229.74582238490035,192.7988982579828,1049.973847829115,-52.084826738990735,-295.46299415359096,-749.9734388783457,273.05102977256615,99.37648853080017,-899.9125462627844,-198.95134574140567,167.00289390759949,-1050.013283190497,-34.38921416046317,-195.41290612946648,-299.94553572936235,281.8797385953805,102.58265026378187,0.04525904592180217,-229.85058260862172,192.80039542989218,300.11046547071595,-52.079571691623734,-295.4699864770497,750.0769123289195,281.8892036404635,102.66296004873946,900.1207031073435,-229.83612063289127,192.80582973897015,1050.027153381274,-52.11989537488851,-295.4267714073703
calibration_00162,-1021.8547896514483,288.16425099061735,-74.32314657544003,-1145.1056816752325,-180.1502417725184,49.38868751660853,-1250.5428543568883,-88.30231222034196,-352.36814776013375,-679.5585004338262,-20.070392383457875,308.26728350151615,-302.9957587305717,-469.9666523401107,433.68011247297585,2.4142193999844594,-243.85083936118158,-30.64797410693523,826.9070114926928,305.1358760562765,128.20645176540185,998.9038977950714,-200.51340178231192,212.3715622940866,1135.7034402155018,-12.938167634914349,-276.0600238194922,-999.9970355124391,272.93867728804776,99.39934284231731,-1150.035194815495,-199.04922665935175,166.94004904246728,-1300.07488838973,-34.4008807620926,-195.4006158551604,-300.0646253030984,281.85284106573516,102.5679112979826,0.004889571282665576,-229.78379480893253,192.87996531004256,300.0354199698954,-52.11589745232306,-295.5126877824412,1000.0370249636351,281.9350689923181,102.58273449990432,1149.977293138331,-229.75669145424837,192.7349517526811,1299.9067045430195,-52.00373559775791,-295.48585114600036,-749.9434896645828,273.042371321743,99.35944649202871,-900.0356067773888,-199.00109239203496,166.99633275307824,-1050.0594351658726,-34.40389554067055,-195.41911942652897,-300.0289454633011,281.88917364596676,102.56640969655363,0.03601097715019347,-229.7946419969127,192.8062180009895,300.0141270576795,-52.07620408401282,-295.50138828476213,1000.0289838068478,281.9570127288561,102.60083046515,1149.9966236657472,-229.78367162778807,192.81495219358277,1299.9712397434128,-52.11496437523941,-295.4597747317717,-750.025815981839,273.0036499006196,99.32422244749213,-899.973144657121,-198.95802614451438,167.0381091165697,-1049.9806979234022,-34.39809570306363,-195.363707491885,-300.0665785780733,281.91759074556893,102.56727973654272,-0.015577559416617103,-229.7938571717133,192.86362997834792,300.00426371994996,-52.08004362920511,-295.49431477901464,749.998017789372,281.89907169647955,102.60771355727529,899.9918720386357,-229.7859994286671,192.78059087498764,1050.03151603882,-52.06947188624573,-295.46354093265217,-750.0972321256959,272.95745741257116,99.34939969180977,-900.0169759843159,-199.02423522294288,166.9695973537686,-1050.0854967514667,-34.44819774482607,-195.418092077071,-300.1567764632856,281.8513108971421,102.52958154208994,-0.04049267681699242,-229.8084887359688,192.86400662068834,299.96485264454054,-52.0989838759241,-295.4636463258837,749.9419422601551,281.91199809810433,102.61649942235161,899.950329583442,-229.8672664718726,192.84898720426887,1049.9727993093272,-52.03904715130571,-295.4785858831873
calibration_00163,-1189.6357381476332,187.2877664721979,246.743064209463,-1281.6697413861025,-298.9462329651291,316.8543343640855,-1474.591300350296,-148.72570822160702,-31.262167190166558,-241.0084995087565,636.8153251487623,252.29836733472663,82.91661917705159,134.29489779672107,302.65524938664134,226.97104928958322,259.69971914682776,-266.08838735156684,1231.1916745928722,40.652052859140184,-200.9522527714859,1379.2172375698342,-471.7963701138379,-111.38472498339097,1530.7917826377848,-293.55378707897876,-599.0186208659596,-1000.0057008436936,272.9919690257157,99.36148588053697,-1150.0338233767407,-198.96949611865924,167.11952902257792,-1300.0474894742415,-34.426696089099536,-195.32015502710732,-300.081969694714,281.8566685089389,102.63621999476771,0.016207765149883594,-229.787573371589,192.89349542663683,299.9450620952532,-52.058646890318016,-295.4048690109035,999.9420236706544,281.9670219963857,102.68448243760625,1149.9814078113377,-229.80809835555078,192.8266282450885,1299.918244580162,-52.035575794647016,-295.3732816763937,-749.9552732987713,273.00516306858503,99.40044115594674,-900.02320624456,-198.94892538989288,167.02358015753222,-1050.0155902139165,-34.458797537584225,-195.40366704007667,-300.02030612719415,281.9256225657468,102.62774715517267,-0.021995732608594283,-229.78925639656333,192.83868432160907,299.9840206077493,-52.054028237541324,-295.3738644127005,999.9685402548693,281.8989525532171,102.71646145513236,1150.0042529213013,-229.80910759576128,192.86141223151665,1299.977254939031,-52.03540953124015,-295.3289300285078,-749.9630223790668,273.01147432975614,99.39586018680109,-899.9188660343234,-199.06516306637442,167.03069294683903,-1049.8703166162616,-34.437981051042534,-195.4592581137254,-300.0632283233537,281.9120343184768,102.6321587062391,0.021570406837769545,-229.80150280949917,192.838112794058,299.9544446185989,-52.04121726558896,-295.46303267090923,750.0204995667281,281.81080538110064,102.57666796246,899.9890374557605,-229.83054865165488,192.8344898403827,1049.9413315255183,-52.1674406166498,-295.46575112257034,-750.0662610364947,272.94713696753143,99.3549624290435,-900.0495535258272,-199.03978267298376,166.95982857435712,-1049.9898720888957,-34.51474251339912,-195.475237758815,-300.1116361866839,281.9659206112647,102.65652611678732,-0.01942907126898056,-229.76852172399748,192.86430615795427,299.94521885057463,-51.96016683647952,-295.42464144629054,749.9600060849156,282.0677069326494,102.6096897317471,899.9741916386301,-229.68629904604873,192.9027499701067,1049.9637922766785,-52.002166383492664,-295.43160210133647
calibration_00164,-717.8548222730336,522.6452956546248,-84.06503664400178,-788.9082872321109,29.7419499240698,-40.58979591617343,-964.8452948841704,185.4795492338367,-395.0991289261056,-316.38204574485354,533.6598671330283,266.0342572249047,-149.5398418529893,-27.97009223372321,395.7882755768192,176.2246804248549,33.48835843853736,-104.27190122711416,1001.5421814469132,61.698041742391446,338.4733224557352,1122.7268779863919,-443.8713444238648,487.7286079356752,1307.4948029006403,-322.72529665424616,-5.9857583651210335,-999.9675789910366,272.9897347658395,99.30818943669367,-1149.9802492677998,-198.9420895500506,166.97844167240405,-1300.05816261711,-34.35463840044435,-195.39708434987313,-299.95328721381867,281.9682612813888,102.52896595740455,0.04237480052704069,-229.8084759793479,192.7933157886959,300.01014676229903,-52.02851958833857,-295.5228131973179,999.9593237356406,281.9702080837604,102.62351463931316,1150.0902449980533,-229.76668341406756,192.83565981127677,1299.9694472090098,-52.035145917651214,-295.4456907626886,-750.0046564889752,272.96324225983807,99.4247244300771,-899.9499359305065,-199.10419591534233,167.02246161204178,-1049.9765067748338,-34.48978916767698,-195.3472660352324,-299.95458752824925,281.95035694660805,102.50781493966761,0.021788176507232027,-229.83843881919717,192.78026812143537,300.05644729461784,-52.09909641258311,-295.47795702091827,999.9318445828495,281.99168129509565,102.62337134224222,1149.9990401266123,-229.7204613720976,192.83346561080424,1300.0072529663591,-52.069512994923286,-295.39089109861766,-750.0315075161546,272.9523423441877,99.39199302930925,-899.9312836301593,-199.06064545248492,167.00336253857185,-1049.9576966655432,-34.50917733782611,-195.4226316027947,-300.0390457969275,281.94301541715606,102.51710820256245,-0.01828567597205585,-229.77736423348793,192.74670215650724,300.0619783508387,-52.0230834221412,-295.48339672518324,750.0146412203461,281.9102122429347,102.64764310761241,900.0478360731879,-229.79779394803043,192.84689305613307,1050.0248065148473,-52.02417316633162,-295.4773404783073,-749.9954575688973,272.95072883409665,99.3732940035331,-899.9121467540401,-199.03149765373078,167.10766241051635,-1050.0194289249325,-34.52137289995465,-195.35720183304477,-299.9868329751251,281.9535316244827,102.54781441023303,0.015148657743076837,-229.7213806469686,192.81404720122876,299.9936682462981,-52.081869711406554,-295.4933881162252,750.050079695293,281.8391717476338,102.58931597138653,900.0407128041053,-229.8731911597206,192.77790419289576,1049.9980995220938,-52.13763637778258,-295.4967933422093
calibration_00165,-731.5471578831107,549.277243285247,-190.55687652020657,-966.2746045542652,114.35980431460257,-115.84721307063685,-1114.26014698334,318.63939799546,-458.36484592334114,-427.94005416843527,-14.098458861310139,124.78030499989706,-261.93321920579245,-590.2698695564505,147.37967546289272,78.91005970855366,-432.25418142181235,-320.38596673081906,1202.8565803203812,276.09484377233633,-182.82116311271224,1383.757694316296,-231.45300896778147,-135.57836366862907,1502.625413170776,-12.117893161675859,-615.3545766824476,-999.9554083332375,272.99824139563407,99.31292289229114,-1149.9653217775299,-199.07037480889377,166.95618189603056,-1300.0008513101113,-34.46752455549972,-195.4353560915857,-300.0339728671537,281.81525275390584,102.56429126863642,-0.03999852294144073,-229.84401775153594,192.78746121337676,299.92923568621245,-52.06206579102005,-295.4689698887608,1000.0483836445566,281.90850938716557,102.51319017495653,1150.0093927532857,-229.77417779158392,192.67204487314373,1300.0059550606134,-52.05659231233827,-295.580235285842,-750.0941965412723,272.96290170441733,99.33350623927544,-900.0952469845612,-199.12878465565,166.9960944700443,-1050.036590137989,-34.46962714432822,-195.42249258172706,-300.0623945168841,281.8235859997222,102.5726685011408,0.05301065740585249,-229.8329433212729,192.79509121803875,299.9529111014224,-52.14223540606229,-295.4527454125697,1000.0718737863903,281.9442935908505,102.60054352291897,1149.9755382156973,-229.8628343990623,192.65177765841275,1300.0440101597974,-52.1179790027422,-295.6132681581548,-750.073992139121,272.94453206919707,99.30893433365137,-900.0709383693993,-198.98057474686635,167.01111479512178,-1050.0137705894533,-34.4485443988055,-195.46761007402344,-300.0450313410949,281.8619123094254,102.5455011417853,0.009568553410193598,-229.86946147468976,192.77156110962395,300.0147476115517,-52.11736205815455,-295.48291428058883,750.0226063642491,281.8690594495589,102.51623265225366,899.957622726126,-229.86644008025485,192.82895826414682,1050.0085153435932,-52.19271917951585,-295.4005958937316,-750.006443934887,272.9346765392043,99.4431879148616,-900.0173214356577,-199.0434248713965,166.99427240557443,-1049.9194607072775,-34.475887814141004,-195.39393801468557,-299.98601844978515,281.87840222461074,102.5960944777069,0.046264012454158066,-229.8387260535051,192.77094178696555,300.04631359153916,-52.075672980638856,-295.4721308561804,749.999948391664,281.92190396949695,102.50825838642889,900.0240991122938,-229.75855707290106,192.8182719368603,1050.065761935268,-52.06464936761586,-295.404510631851
calibration_00166,-1036.645580368152,174.49075771825787,52.84254327286328,-1018.3377010254014,-321.9397098075755,108.77515418726294,-1221.8685562464136,-208.9720622326739,-247.2380037245232,-168.91091323622058,86.002362288299,226.09143850117087,59.51094012254897,-453.39448951827916,356.1055141001762,531.6526355442714,-243.54581583315436,51.10873100651775,690.9976259766922,481.3697469861687,228.59889544652302,844.2846771012315,-32.925058848586644,161.298162030935,872.2624888548089,254.17764648625362,-296.26400696071653,-1000.0026543226759,272.8823935645994,99.36466498013691,-1150.0405784346003,-198.97867194600857,167.06883735164914,-1299.9505255002828,-34.444506381646626,-195.40725440790834,-299.9471265875791,281.8420411929667,102.55944245551042,0.01948115863172457,-229.81395813971926,192.79105597722514,300.0497258617016,-52.13803663172081,-295.484171708819,999.934315107725,281.86393067445533,102.58543734583218,1149.9947982189972,-229.85400037851556,192.80917096679136,1299.8588042668925,-52.200887554498244,-295.4803092675568,-749.9746082624259,273.04244494358505,99.22721575309794,-900.0326677433086,-199.00929528477585,166.94208054046456,-1050.0212680326035,-34.44365262304008,-195.44510044325773,-299.9401462073934,281.85701629234626,102.55032169233351,0.054319911168412394,-229.83998597582314,192.81052408363254,300.0271460368648,-52.166023906758,-295.4663747986468,999.9860670584865,281.88201481706227,102.59600486171453,1149.9791826542478,-229.80089764768613,192.8163208037898,1299.9449159370702,-52.16525512812646,-295.561008080184,-750.0044006948966,273.0135823955426,99.25470716236994,-899.9607084913968,-198.93287173345203,166.8909302184293,-1049.9967402542268,-34.40693220705476,-195.5085984889526,-299.9478245156116,281.8781495833925,102.5277081940188,0.04653243948059186,-229.85030712110841,192.85180077087435,300.0436873574117,-52.13500667328551,-295.4487331702737,749.933461260923,281.9350295166625,102.59994424026817,899.9766577611463,-229.8472605049083,192.83095736277807,1049.9771693147088,-52.12251783864993,-295.43281100246975,-750.0864281782605,273.0084638903591,99.40236288227769,-899.9591783371127,-198.94538809533046,167.0231626937675,-1049.9764520547994,-34.43987564467267,-195.35039704151276,-299.9686066023106,281.86314965090935,102.63165483762243,0.07863104415290426,-229.79458415168548,192.9568705360012,299.9919017741263,-52.20194369936784,-295.4048636927185,749.9266828723844,281.9215260582852,102.55760226363961,900.020418514353,-229.8387274827335,192.81184912013782,1049.962110264068,-52.135436047599036,-295.43779330241546
calibration_00167,-1034.7908431081862,78.18091453308959,282.72047490301685,-1210.1553428957372,-381.35498917195036,371.9759357677573,-1349.9673269463467,-226.49597575266728,1.1838316191610474,-561.7626055885985,140.56745455999223,184.24574075040604,-269.74261563437443,-374.5173006434289,281.0821322132879,40.8949063685094,-201.8131296020802,-202.32730710970012,982.8453166885678,-48.5790669492985,-132.5042588012842,1124.5846940675563,-515.9275776099938,99.78586257638622,1384.2230657255202,-428.2297408416842,-366.53197284520206,-999.9082519878555,272.94224913658866,99.41983813342102,-1149.9787223193816,-198.9786535700781,167.1049171838157,-1300.016698721982,-34.468195066966985,-195.46216461868582,-300.04329412081495,281.8664211374265,102.55989266641636,0.02816471189575885,-229.8484218872767,192.8499298309294,299.99103233411375,-52.15218875510151,-295.3951575536928,999.986551150654,281.90249738539177,102.55369860524686,1150.0301921113657,-229.77342528736853,192.83090156785627,1299.959191808211,-52.07786742474423,-295.4286643449103,-750.0168152478091,272.94713614263014,99.32386998533877,-899.9938140654239,-199.06063107741366,166.9973995955676,-1050.0679817969672,-34.40252164450779,-195.41656950303022,-300.0157410851852,281.8649127082117,102.63365287768038,0.02608731348701717,-229.83753880491813,192.88810736324243,300.0124508269498,-52.139477856142584,-295.41789071024857,1000.0239445821026,281.96753424013986,102.59441205369664,1150.1124177301836,-229.77487393787567,192.82659547515613,1300.0498040165069,-52.0788109795274,-295.41600383039656,-750.0686185004803,273.0054116491802,99.33628479006668,-899.9765499727913,-199.0222463545881,166.92033942674487,-1050.0226039339962,-34.413871550630475,-195.44784039542702,-300.0405547819075,281.8060891035068,102.564135145886,0.013106923951364695,-229.83103347945027,192.83426028080171,299.99065151254194,-52.151801136683126,-295.4324941032452,749.9929415800417,281.9313745970287,102.69652116909617,899.9131895391291,-229.81979588349193,192.88753543529577,1049.9779304492238,-52.12539349526032,-295.4526128318331,-750.041721833651,273.01373772398716,99.41105109285087,-900.0080001479397,-199.0080582001707,167.00573890988815,-1050.0392531155785,-34.44338889047641,-195.42250298668563,-299.9853012184386,281.86648218886444,102.59312667099857,-0.00982007727073618,-229.86813710515412,192.9496826316388,300.0600942575486,-52.098625086022714,-295.38523892048516,749.9488118594168,281.9355400581225,102.59455679166074,899.9094301352936,-229.90510580341908,192.89350801992666,1050.011718487083,-52.14353360792262,-295.39342816548776
calibration_00168,-1355.0400856419283,564.5232493413451,-178.24507658194804,-1381.908886303057,73.53197494430302,-88.89203561736372,-1607.3672524932276,185.7415104754156,-431.65814351171366,-572.7385051736331,98.64870899208192,254.5404329380701,-294.2199519521631,-420.6197343989608,141.7627156073574,-95.14114367110948,-122.68637443668744,-339.4989994488101,886.7849639261364,182.6242017030876,422.6174078569671,878.6339299958255,-356.9812543055597,458.44071445910373,1025.945965517841,-183.3477785017271,-32.07839580213721,-999.9460131325494,272.91537375639876,99.40703674248044,-1149.933354252529,-199.0577297767679,167.06773359884133,-1300.0463478582317,-34.574465114412405,-195.28591097234607,-299.9820099840151,281.8190078901231,102.60331291908439,-0.03819389603913046,-229.8281744225716,192.8649897170075,300.04529023302547,-52.09433310306862,-295.45667169484864,999.9854371231021,281.88725587818783,102.65053398499145,1149.8649768095083,-229.88417333187024,192.9098047066997,1299.9227797206936,-52.186068147990824,-295.4571596004969,-750.0223663875493,272.99027924631696,99.35996352346486,-900.071885521641,-199.04295069983507,166.9314189737049,-1050.0202120004544,-34.39860048912676,-195.46484998926823,-299.9228468798713,281.9249803363296,102.5547972603153,-0.00492691909891773,-229.84257974529856,192.85668623497153,300.03321384102816,-52.12480497620472,-295.41910186283695,1000.0086260362982,281.89172972952144,102.62128626228866,1149.929917018011,-229.88214452263446,192.8674868503494,1299.996258536164,-52.178734426171964,-295.4227898866466,-750.0469322352976,272.9809008816626,99.46018944085556,-900.082972924379,-198.97221132803796,166.97074588461905,-1050.0182520487717,-34.4397974334388,-195.46627063090094,-299.9754345007502,281.9092320619719,102.57838943264296,0.004442015113704716,-229.87486088554138,192.8531648172598,300.02703967567766,-52.14206245164775,-295.45010177928003,750.0150396851548,281.9119044455771,102.67927585973817,899.9991749286697,-229.8557955972339,192.8649159106535,1049.9927967560357,-52.139922990405225,-295.4539290285832,-750.0224903782768,273.0034594551741,99.38277316874328,-900.0810597305024,-198.96794502474765,166.98664582652955,-1050.0021272688246,-34.44989601419861,-195.39122409312066,-299.9198434870543,281.8841661634407,102.54816488770824,0.0006796285719344215,-229.75470435213273,192.85617139722467,300.0387750231878,-52.15712441011694,-295.457539197336,749.9928178284729,281.9657623668218,102.61535822466088,899.9944921185797,-229.7359341512327,192.82752975733132,1049.9490057173393,-52.074149391751625,-295.4078667337116
calibration_00169,-827.1820335618701,239.67568819767482,173.44189198451758,-847.5418740218937,-251.0702514027716,266.36226949297753,-1151.0753042569693,-127.4186071068648,-4.784095250680487,-600.7378422311858,92.88870299754322,-2.1872502808564738,-160.1512757641281,-310.71105494568764,52.19671632821801,-41.18751640287373,-145.44359447981242,-512.2517995518904,1217.2951863988037,320.54440892084966,153.3471143019186,1310.3037365605526,-212.13400763672337,143.73709864825778,1529.0833209288637,44.77137407655307,-278.8288517356359,-1000.0160697034938,272.95786382345153,99.3370953812131,-1150.0194699638516,-199.03697109999058,166.97458959326505,-1299.9401094505881,-34.43096125375635,-195.4073944594268,-300.02147511819817,281.86913404993504,102.61181833338823,0.009043215350769719,-229.86606509614043,192.8887647513924,299.97232377622606,-52.112591388350296,-295.42235145573096,999.9737652333623,281.9148580108632,102.5489999040542,1150.0144402964443,-229.79216912540548,192.8704284019003,1300.0715919244835,-52.1416792788385,-295.4547276299371,-750.0066590565165,273.02056693942086,99.27842517022857,-900.055232562222,-198.93031499048314,166.95968976698921,-1049.9871881323795,-34.40270370300543,-195.51615076627377,-300.0041837059361,281.92222253888843,102.59092462593028,0.057728078573173774,-229.82422341445462,192.8605603711041,299.97731742413544,-52.0935023604081,-295.41740765958593,1000.0241045800847,281.8572700811111,102.49374943545237,1150.0044778756258,-229.7961054263866,192.88071345155757,1300.0262152886694,-52.153742084280495,-295.47398346946807,-749.9605132537777,273.0086296472673,99.31673908491517,-900.0186887534948,-198.98736120582137,166.97105900229775,-1050.0629569526259,-34.417981083279706,-195.47252675225621,-299.9461230399668,281.8631106566198,102.56731962430061,-0.017173201581326424,-229.7707271885566,192.77558261739946,300.0389265914918,-52.14516471728472,-295.4171385781102,750.0035416226094,281.9347083327573,102.55908989187138,899.9183206750911,-229.77205969744963,192.77243658056335,1049.9698453699036,-52.091186056226086,-295.4824183698932,-749.9631612297636,272.97605695030376,99.2916787911859,-900.0716520665848,-198.92126664310953,166.99305479681323,-1049.9247867140748,-34.414606923249615,-195.39045407619665,-299.95313236825916,281.93443613479803,102.60240496657788,0.05100960780331956,-229.82382407241772,192.80496792252836,299.9886753696798,-52.04737704100962,-295.39315394976785,750.0209166318298,281.92130345705186,102.57273120647949,900.0162769201065,-229.81189809820026,192.77107639556922,1049.9836543816416,-52.10608148830344,-295.48963537036934
calibration_00170,-613.8080551580587,285.07990876454454,-237.48179455083482,-855.6093801048228,-114.46295423373904,-59.56408871138787,-1034.1217196665284,34.125225642417234,-415.8667295667396,-476.26726238691384,565.7830836530422,189.19685929204275,-207.80634207352813,56.766335097860136,359.0978548703745,183.49621294860896,208.52735208060685,-69.72307890541356,1215.739277433665,546.1869226189282,-90.08192973069485,1366.1380213056418,35.30921448356968,4.386875606484059,1518.3582635819857,210.11508055161676,-484.34315845031443,-999.9936199545133,272.89566997888244,99.35942139963494,-1150.0127585062403,-199.08817355578478,166.94495560181667,-1300.0180042807272,-34.4609149973771,-195.49293295219726,-300.010657198255,281.9208619494264,102.57241891990124,0.00015972216769042508,-229.80564991331224,192.8380399854813,300.08901808214677,-52.08253738426398,-295.37494891790396,1000.0978633752557,281.9371486081866,102.64633439326533,1149.9580061866445,-229.81181734653228,192.89534690454494,1300.0167610971937,-52.050136244518065,-295.46276346666343,-750.0485611082019,272.8927641373483,99.35685754030524,-899.9311858955418,-199.07545467419564,167.0396870651965,-1050.0161090962924,-34.50966447335536,-195.3836696964587,-300.0182724814594,281.91831252126383,102.54595620357634,-0.043439934074272706,-229.814235929049,192.83693664063077,300.00881208110815,-52.1163100288304,-295.37858557803276,999.9922629661068,281.92155855002187,102.64574953156036,1150.0157862283165,-229.76139170315915,192.87762315976332,1300.0671554983485,-52.1075292702473,-295.3740176663553,-750.0307872466271,272.93489525588427,99.34687457927653,-900.0248411153191,-199.02282026661265,167.03773734667683,-1049.9632887888986,-34.47317503019243,-195.39471102155824,-300.0392573259581,281.9102060222234,102.55085169073504,0.008625125950962282,-229.76964885753762,192.84700415425274,300.04196864640517,-52.03657808844596,-295.3800399325896,749.9488924855449,281.9717739623732,102.57658834605431,900.0297800289602,-229.81913075255184,192.7993623943778,1049.9947543045002,-52.02632337044256,-295.4781804934664,-750.0246502040274,272.9055541600111,99.38922484064253,-899.955168985247,-199.11131208456723,167.03631098426305,-1049.910535917274,-34.49517328428185,-195.40040041911206,-299.9894934572854,281.86385793669837,102.58783374057641,-0.0011526935097497595,-229.80379337975273,192.82635586515897,300.0834688646964,-52.10663571574447,-295.38560907167425,750.0528351093501,281.91747549329455,102.63222283851445,900.0780156307676,-229.84940095834028,192.77984734947472,1049.9075660804785,-52.06083463443378,-295.505208052875
calibration_00171,-1124.2332337457567,-14.960950526494974,191.95912216221797,-1276.0303582384308,-489.7394434533245,229.43564861814215,-1407.9169907213077,-308.2657070675068,-131.8831831836011,-86.04763600059611,631.2492793142621,-53.53732860141098,169.21882975804454,93.12280853349502,19.624509183849536,510.4013712325283,276.2786417952348,-438.71333155603924,692.65740682932,345.40657828799823,378.79165495970994,838.0474015072564,-168.640938105057,463.45230071512947,972.7421827103315,7.119013218607701,-29.959923004074184,-1000.0104283865822,272.87534597913844,99.33719142897675,-1149.9821561407746,-199.1602546505127,167.06144233327794,-1300.0452057801438,-34.5755876983324,-195.37017151925565,-300.0738952417074,281.8981350713872,102.59496349610343,-0.013262718669100408,-229.75735115730893,192.81794106952688,299.9859648366745,-52.09254892179384,-295.50368942569946,1000.0848380590176,281.9455455395017,102.56837682591951,1149.9268084287141,-229.74847758594382,192.81787125278902,1300.0090317817157,-52.15581048419888,-295.3914380270487,-749.9639453660517,272.9487847957599,99.37636163471959,-899.9862577174008,-199.0714959509424,167.01698240999107,-1049.98155559541,-34.50098604245861,-195.4292760492844,-300.03059540622536,281.90694843530656,102.53721476509124,-0.04718101405205276,-229.76654182594518,192.8627256955056,299.9747747083151,-52.05307458439344,-295.44630646535586,1000.0912000544527,281.99045526918036,102.56484319269471,1149.9429428691162,-229.7612458978578,192.83182358249832,1299.9950720090728,-52.1027671336703,-295.41403497616835,-749.9820825753164,273.00974889497036,99.37178294889013,-899.9708310052248,-199.0524097601043,167.04925674179538,-1049.9772016686104,-34.50621755640726,-195.4173046469914,-300.1213888262981,281.95003892089704,102.60610824901316,0.0004711254440068792,-229.72386042303722,192.82253066761504,300.0160392853327,-52.06517995454766,-295.4787403357693,749.9386571906631,281.8519580252462,102.6664827783478,900.0420028332068,-229.8539438744128,192.85590819898852,1049.9954345471108,-52.106206212428006,-295.3503037025315,-750.0275023985115,272.96137787141794,99.46752977578565,-900.0220505567834,-199.07114712929118,167.07709488890663,-1050.026183794482,-34.41224157791444,-195.3538155922673,-300.0118905414135,281.8785493619391,102.57289049538294,-0.01717964589283391,-229.81077421783408,192.83066342373357,299.9116732833947,-52.11582679404075,-295.50820631522123,749.9200436757006,281.87151672018,102.56824588598886,900.0236211908789,-229.76723926054524,192.80136323118413,1049.9518268825543,-52.06404923082882,-295.46201032678397
calibration_00172,-1083.8426625881048,55.12018295199742,-127.37463277185832,-1249.313811948178,-406.4713198706475,-30.85274769393765,-1462.240941376322,-224.4378868491584,-350.93570063295545,-592.0895867809057,-36.675592674429865,312.2033198486243,-247.86419602400085,-512.6114092262299,434.8797317650522,27.254643930286388,-349.9632473769846,-72.90597991001836,1085.2887867877146,189.2689821831727,-263.5082668836506,1206.8965342079641,-298.473954096333,-63.88304456097561,1509.650518753355,-167.7921783138386,-492.6708600163986,-1000.0355803255047,272.965884880026,99.37010727246825,-1150.0370295652724,-199.05563461374345,167.05777150492665,-1300.0818776291637,-34.4410469168834,-195.38549494523235,-299.9672283569905,281.94290848075696,102.62661218642879,-0.03231427349343315,-229.84789131507551,192.8716694068716,299.97306821479305,-52.13970900563671,-295.42130765265597,999.9279660062256,281.89030239133393,102.53430329521906,1149.9930465542966,-229.84200316131304,192.8276002513949,1300.020747903344,-52.13846491729599,-295.5115978061873,-749.9707757313206,272.8747408401695,99.23403831889019,-899.9795943619375,-199.1426031751275,166.90929945245364,-1049.9629002159522,-34.47821454739352,-195.4806345943653,-299.9615215471404,281.92075914712444,102.60450103390424,-0.06900226057362867,-229.76758906221204,192.90958622750716,300.0543418783941,-52.15901905966946,-295.3489633151561,999.9497348008542,281.8667687342605,102.53455637815763,1149.9889694147832,-229.85899148456284,192.8030055044256,1300.0116149851376,-52.12115394969071,-295.4815817712143,-749.9913181306594,272.84658610855735,99.2414806352214,-899.9404597514621,-199.09852286242688,166.90329433491823,-1049.9420283124618,-34.542239678206506,-195.45860710240498,-299.9877085979715,281.90591236633446,102.66824153059511,-0.06975612893719349,-229.82383606156552,192.92002633520514,300.0291894612628,-52.125095178027294,-295.3790531009435,749.9926695120395,281.9419202079794,102.55132469520622,900.056446280508,-229.79774625641866,192.81265019078322,1049.9551601466744,-51.96062726721353,-295.5516338156205,-749.9903878577112,272.92680578268977,99.28895191203824,-900.0118475112052,-199.01946985838816,166.97215644974486,-1049.981240882034,-34.39960024384484,-195.42698035263038,-299.9456043800725,282.0115122536163,102.66771827006252,-0.01776245286214783,-229.79047243522538,192.92511014776935,300.01286166823746,-52.132425104731915,-295.34265762642616,749.9890208510913,281.91627147802103,102.56845327959354,899.9693194561017,-229.77402553302062,192.8611535018134,1049.997771487141,-52.0416835793969,-295.51588251810136
calibration_00173,-1341.441439545621,171.33469488197642,220.1333124779134,-1434.0165003494997,-318.12601127071906,262.1911979675988,-1600.769997602819,-154.24442982098677,-93.07322265053485,-538.7818665125584,354.7879524922232,-149.3725145322103,-104.88495949049354,-56.089812513001,-95.20933569955871,51.706846207026615,147.29499964507448,-637.4579136418741,777.0534609055339,480.7988964218246,337.3209304941006,1038.7874000839508,9.020794516028277,373.9479443322309,1225.4973641675654,319.73295024037657,-27.351810967506765,-1000.0777567066704,272.95822647514103,99.37327578784324,-1150.0588640059975,-198.9384943540315,167.06530268907176,-1300.0351505102274,-34.43927307200649,-195.36055517876352,-300.05133054528125,281.87961051898185,102.63081356377837,-0.006133819094851925,-229.77494541384374,192.8614968269536,299.98459590928303,-52.08627048390045,-295.4229864921742,999.9831138802472,281.8857349383595,102.4993475534435,1150.045427772125,-229.77676130344216,192.7707815959419,1299.9697911313851,-52.13484431564869,-295.5276638300016,-749.8766635647256,272.8874083399502,99.34735420934707,-899.8957534584034,-199.05106736365056,166.98670936574229,-1049.9399994515697,-34.3606891936227,-195.49639127846808,-300.02092398322833,281.9138881995607,102.65154724316496,0.016102832186029675,-229.7834540417782,192.87415276963623,299.9977489126202,-52.07585152197885,-295.40836919254644,999.9362814213197,281.93595703803413,102.57387685289586,1150.0832094998777,-229.83320472784968,192.77067068990345,1299.9823444538629,-52.116066593646195,-295.54993530224925,-749.8606630572764,272.94756018376955,99.36994608891746,-899.9226852273573,-199.03789387054985,166.87893222649657,-1049.9122107852538,-34.40662031409105,-195.41960366383213,-299.96997562190757,281.9283355041858,102.65942432048782,0.06482652834052066,-229.75853634728026,192.85230578575414,299.9522405404484,-52.04279277206636,-295.4583004918977,750.0742385414643,281.92067191288686,102.52484240450651,900.0003125332285,-229.83823944181225,192.83641897945586,1050.0400255300588,-52.10557644183052,-295.38372032478554,-749.9730770598268,272.84661829074815,99.34222899413662,-900.026249994481,-199.1346185895788,166.9400909777573,-1050.002592778157,-34.47787549848955,-195.4181340228676,-300.12254207766944,281.83188089110376,102.61210557380876,-0.06731024952421151,-229.76048061247022,192.9088486411344,299.87730132535523,-52.07435431076586,-295.401200204579,749.9380529420393,281.9593304271701,102.5802769085418,899.8838125199608,-229.75203609946306,192.84233745157246,1049.945691864432,-52.088873675384704,-295.4812883677972
calibration_00174,-1098.1095963861403,197.66081882337878,75.23614137639898,-1136.6831030757394,-299.8062092393533,105.52637956222732,-1279.0531650611676,-151.22192471355893,-266.76888061741096,-394.1117847222774,226.93057908936117,389.0723819604213,-69.78225113005996,-273.06125279122733,458.42740914534477,216.3696390826819,-64.60891094200734,-25.901180609828323,1196.0101332810311,161.71270748188059,326.49547426101486,1381.9005551276996,-342.96532893248354,269.0946026427796,1527.5960901391163,-19.819709642467714,-139.4198250016715,-999.9398772304882,272.97467112545274,99.43057872892676,-1149.9727186499174,-199.0269305528162,167.0849780039138,-1299.9858522726443,-34.373511958219865,-195.27175858148246,-299.94993677694157,281.9200719633142,102.66221132430483,-0.05435004359814066,-229.8440118143201,192.8054691918618,299.94490996401765,-52.09134847522068,-295.5419096726907,1000.0089983236151,281.91838008019784,102.62407491048947,1150.0300730287265,-229.79190145464776,192.8654052707464,1300.1010451094971,-52.02961874329693,-295.4152440729365,-750.0036252466577,272.98657998834926,99.37455260569205,-900.0185355704839,-199.00795856041267,167.02596197470734,-1049.9582924697147,-34.402836894707114,-195.41243346153348,-299.97234312917203,281.95792039979716,102.63499320604895,-0.028209283570698084,-229.828379910322,192.77364185065068,299.9246836862856,-52.07974643086729,-295.514068364306,1000.00384385171,281.921185135399,102.66016774496737,1150.0749949046663,-229.7721775630076,192.86520657792454,1300.036563624011,-52.041822209871555,-295.3673938527417,-750.0278336328066,272.9146509244583,99.38014514920472,-900.0502760000578,-198.9401564148739,167.02193317414037,-1049.894470846549,-34.410060251688435,-195.37592773092678,-299.99122169364205,281.9090191770367,102.66094632057948,-0.05036010102047294,-229.80157913045156,192.80864636319325,299.9497216142581,-52.124444804601694,-295.57085807395674,750.0583278919604,281.86577647685914,102.61693477207534,899.9471224756378,-229.86248405568634,192.81991828114812,1049.9951443555465,-52.08601558122728,-295.47046508269943,-749.9952855502305,272.9223005477361,99.40983819636995,-899.9802301949538,-199.028578394222,167.11318133925266,-1049.9424460935,-34.48219884195554,-195.3625015102885,-299.9599100031115,281.9463224515484,102.64635293917942,-0.03168658521257549,-229.79418816675388,192.8014213758635,299.9437597532564,-52.13375508955757,-295.5113670848155,749.9870039808271,281.9636700796325,102.62288508857942,899.9915064953568,-229.83063374875871,192.88007367735725,1050.0236468093092,-52.047165019453516,-295.3870592819139
calibration_00175,-710.8044856810548,256.09221145918275,62.25084493319827,-851.1215241204171,-214.88285267440997,153.6817372268432,-1012.6332646692641,-68.60461767446468,-211.566485376265,-430.91490012978085,589.8298656181722,-118.50178496530839,-128.7460161847199,79.5761291610196,-27.562840279096847,170.33300198398317,257.6917012535244,-516.2584478328585,1250.9956909106668,586.384420512614,66.06053396692438,1514.792561602573,133.64592252886933,200.09426576255376,1577.8200157294925,264.6435852214347,-320.81679794982983,-999.9707631239331,272.98055416435983,99.35361605126901,-1149.9239205250599,-198.98033035089614,166.97906693422763,-1300.0136708323907,-34.41885292442144,-195.44943332846023,-299.92926756979136,281.9087780584649,102.5557395904705,-0.05152462513517162,-229.81851583193568,192.81033007292453,299.99000212453757,-52.20741675167696,-295.46468717901166,1000.0113721098679,281.89873346055333,102.56684015687357,1150.0099002367897,-229.8371995428378,192.86622779557388,1299.9765171564177,-52.12209701136965,-295.4482782970882,-750.0597007204052,273.01576173691825,99.40091020505082,-900.0711627082829,-199.09618052633942,167.10208926215265,-1049.950746330995,-34.52370855979635,-195.42538750059808,-299.9409908409124,281.92616013180975,102.57794356153755,-0.06285601601766613,-229.77994267201737,192.76500410620537,300.0068801615585,-52.1068035292437,-295.4735366414516,999.9498206505768,281.85460191,102.60759838728374,1150.03004379596,-229.79553961701274,192.86004164949645,1299.946418672673,-52.08784787557067,-295.42203513041534,-750.0583749683026,272.9305940223709,99.38437726910209,-899.9830703136442,-199.03180023886648,167.03173846453655,-1049.9865292548545,-34.441975055416194,-195.46137874545883,-299.9176277878538,281.94134854905826,102.52783787657023,-0.0701922586131121,-229.8041556440301,192.76953754481184,300.05306644100483,-52.14423316219585,-295.4426174911779,750.0149783951975,281.92919916601005,102.59475042548462,900.0838391579593,-229.79119243905402,192.83253790206217,1050.0376658015844,-52.11570325705969,-295.41526603556133,-750.0667083845302,273.02749633262033,99.492605590901,-900.0678591129946,-198.93717738806157,167.09992977505956,-1050.0283915270927,-34.453882630011655,-195.36982613498535,-300.0077797717349,281.96579612072895,102.61595928852675,-0.07255512547809463,-229.83602374879055,192.84167182133095,299.9574036116387,-52.178675063205986,-295.404169496899,750.019487698655,281.8681013975199,102.62222525906067,899.9232394313722,-229.87355287870992,192.84539596808156,1049.9727271959641,-52.192672621188734,-295.37556144952754
calibration_00176,-967.9035350838814,177.8361987228542,-168.54088503868022,-1127.050204099733,-287.7128423198068,-80.02095291816774,-1292.3968569568037,-127.98370641308914,-437.94165682893447,-128.423501990886,466.14374389542667,93.18181740645817,161.70439914853893,-58.7147461363543,111.17865975220522,497.80524122448537,198.10299399524663,-314.3291494436286,1079.8201282754071,192.01734819092863,379.42535484363435,1249.8945907761304,-283.362982157302,573.0685351320587,1443.1462142800756,-178.93032536796613,78.84261650125259,-999.9937775744938,272.97687188724433,99.32922019078578,-1149.9843704502669,-199.03089593727904,166.91162455032534,-1299.9884070619526,-34.42184075152924,-195.48922908981083,-299.9735459943162,281.9239477555039,102.58867040042684,0.04797258660991905,-229.87238076613428,192.81017850934498,299.99484269837126,-52.08693016632059,-295.50447845834935,999.9387124656274,281.9331749877214,102.6108652288559,1149.9645749308415,-229.82723688138165,192.89746819567216,1299.9859908087765,-52.09610046479074,-295.4391113249461,-750.0147210419082,272.9808320874599,99.28809546508337,-900.0210014912597,-199.00742008231154,167.01362035064466,-1050.0564095280429,-34.364045658765946,-195.46487954622538,-299.98466768852296,281.89613257194907,102.62638014788254,0.03824133562501319,-229.8595212054757,192.84283441428713,299.96151918071473,-52.15491146067867,-295.45161840495985,999.9699327162934,281.90856491122344,102.56222644939803,1149.9818376975616,-229.84363897321816,192.87340782752725,1299.9594881970777,-52.15178320380771,-295.36047865361826,-749.9483789355969,273.0037360509809,99.24042202569954,-900.0100077093018,-198.95476255016823,167.01258220810536,-1050.0185344060412,-34.47799591940779,-195.4820071797101,-299.9642271142718,281.9244374451106,102.62832908213021,-0.04447747403174696,-229.81808239455233,192.82137265123438,300.0048944939852,-52.11092234786968,-295.52648288773025,750.0231293663403,281.9144345666573,102.52053120646072,900.0325019980344,-229.83558623161989,192.72822519782167,1049.9116485033396,-52.026071425881646,-295.54266050719144,-750.0150789831836,272.98459219340737,99.2864833200972,-900.0831157631856,-198.95828132950774,167.0058837423916,-1050.1425471581235,-34.44428232297749,-195.34891701443496,-300.00977389147215,281.8708465037564,102.68659934299944,0.043135464380323445,-229.83599514177868,192.80882988126876,299.94715969614515,-52.17678069282346,-295.3858428392682,749.9847070806347,281.94918593508964,102.53112803104763,899.9917641324829,-229.84349648092075,192.85391222593148,1049.9951445076485,-52.09028414995545,-295.5074062606968
calibration_00177,-1257.5902560391332,309.6882364519349,-162.785878408633,-1396.5883880224346,-166.5449775095668,-102.11295004494785,-1550.1741357109836,-0.3556239227239341,-462.2247015871385,-184.56214972990597,280.44739098482535,-0.5988803587832348,136.1593473517888,-219.096299958515,86.94289872003547,419.648156022236,-33.72060305247752,-408.30582099301506,879.0846087375206,631.9869267691552,208.91118380309092,831.1312364955486,93.44767549034366,221.718650500085,987.2586694180612,276.90700988935504,-262.5268647455234,-999.9616552310833,273.02364965034184,99.35811935790824,-1150.01280363391,-198.98935219486847,166.9958463147897,-1299.9487795662087,-34.32948987068442,-195.45178390535298,-300.00620054680155,281.9152172782922,102.59791641455824,0.010966980572105947,-229.80921682691346,192.82971553381327,300.03556793521733,-52.07059254341068,-295.4215779453319,999.95877504424,281.9175205706935,102.58377392018026,1150.0232197690525,-229.82659250808112,192.8430256442253,1299.9834196455106,-52.13401301263304,-295.44740024103663,-750.0831194487264,272.98533599197896,99.24705359690272,-900.0075300349655,-199.04400665949356,166.9765342152471,-1050.0587229006371,-34.50423326713743,-195.40910426524488,-299.9893011798966,281.9369611600701,102.61969582413538,-0.01903592093596939,-229.8228204884627,192.82055588474682,300.0075224409138,-52.0863252654661,-295.47453489176434,999.986118519606,281.95040820909844,102.5840941203503,1149.9322696840372,-229.8289802709618,192.7996309875586,1300.0139085195094,-52.146744443442365,-295.4474558026132,-750.0357995541315,272.94251832787194,99.24581245253673,-900.0538287580657,-199.02980438144652,166.99277580252277,-1050.0892692081902,-34.46411327622733,-195.45721087229447,-299.97046443182035,281.9685565167555,102.5747194132363,-0.019574789656884438,-229.8429406416522,192.82173562228567,299.9722173510455,-52.05113183096479,-295.4620084732984,749.9998906927112,281.83237118748946,102.7022396346763,900.0549434631108,-229.8724555255388,192.90954586589703,1049.9433160249812,-52.05555021905049,-295.3895857226599,-749.9927356141336,272.9678595456091,99.29672505853593,-900.0342921298981,-198.97487792005134,167.01193334956318,-1050.110676742595,-34.494876243828536,-195.35639385972337,-299.9457493284733,281.9189074101894,102.61132809921317,0.055592174279723516,-229.73364010286096,192.88616098745763,300.00591161783694,-52.13825353737354,-295.4828771847475,750.0022920242795,281.8825937799673,102.58016370730664,900.0358711014503,-229.8509400250585,192.849035851477,1049.961778086433,-52.17320091309199,-295.4497143293999
calibration_00178,-1024.9002593049097,-13.64262241713115,409.67966488778114,-1184.484870839536,-485.0894193436339,455.3959961402624,-1374.0147129278794,-283.29330708096495,132.53826330441063,-377.18523197734135,347.7364263869874,-26.35842002642343,-183.3409883675931,-204.9858412417768,103.72281479211982,186.77976635271938,-102.13584208554803,-357.1121761242207,746.6547575781418,-47.11541768938243,306.32246404780994,994.6754499652458,-502.4209687505857,460.2227721998821,1221.2555520417554,-279.9195939187132,22.377977284723716,-1000.0363794332296,273.0014115234622,99.41244933920483,-1150.0061423395287,-198.99697289321082,167.01200934335145,-1300.0267640401037,-34.412148749119766,-195.43874177290152,-299.93845921029333,281.94398249844306,102.64730667599201,-0.010816073930254038,-229.78498934717146,192.87958292707825,300.05344431033575,-52.07851227574179,-295.45816338680817,999.9494780222678,281.93233941082974,102.6027673423899,1149.9866821443457,-229.77442907867456,192.77281463935628,1300.024643874859,-52.05154372549661,-295.4731137619079,-750.0143400345919,272.9727666467704,99.29291733946332,-900.0325257574959,-198.98160655999237,166.98305144808776,-1049.9853256967647,-34.479349697908525,-195.46273945574626,-299.9676539915623,281.9309790509996,102.64635679887327,0.017911525227480164,-229.81773664638945,192.88598525421,300.01375650992924,-52.03580165733932,-295.43182708512313,1000.0210158501598,281.9711356731714,102.5893691436345,1149.976772545432,-229.7559332116438,192.75123783857893,1300.049960606766,-52.04839920867673,-295.4974488492445,-750.0039902027406,272.943744615212,99.30405146515076,-900.0492673175296,-199.05339322098706,166.95962122053987,-1049.9655214627974,-34.526704274635094,-195.48743808851268,-299.96275696278116,281.9805173214477,102.57153173421709,0.0022497290329990924,-229.7849056548713,192.8985940290856,300.02944749702385,-52.03959061707998,-295.44678671000526,749.9108234226233,281.91165554056766,102.56270615569741,899.9745777143321,-229.76307863146198,192.86475759004838,1049.9242401225576,-52.13734516272797,-295.4845051958835,-749.9808187308806,273.0056239593966,99.38919346406233,-900.0376692123424,-199.0305353591284,166.92184051632168,-1049.9968162482987,-34.435384744689934,-195.38606178697563,-300.01338560358806,281.9818108906146,102.66628324014917,-0.057743455238312404,-229.73572192231418,192.81441417287223,300.00781014380374,-52.080569151714265,-295.34049421044045,749.9196775681993,281.82868530866637,102.57727289478206,899.9082154452522,-229.92824167696986,192.91332697177225,1049.8785951135417,-52.233884055566726,-295.44850490354736
calibration_00179,-1173.0512147452644,-28.046303043706207,217.31030642772362,-1398.0868022905318,-474.2626257513886,207.41269400290415,-1494.4698823808692,-239.5072442752791,-133.9848422570397,-216.28267406561773,-133.13430549532512,114.96978143149937,219.96892188440034,-544.3328065057198,140.41021502176147,423.1901625035618,-249.1512340890412,-340.67082292357264,605.9727728664917,-87.97292704487792,205.68762672945425,854.3674933735089,-565.586720586086,257.6118972223064,1028.165414939821,-286.371465468835,-171.6830223838536,-999.9954583804042,272.8923299650701,99.43594351601985,-1149.9150868987954,-199.0666622109191,167.07505900645492,-1299.950960715062,-34.53052691619961,-195.38027472919183,-300.03111178972887,281.86899629523106,102.56184464441472,-0.058468624163842804,-229.86502860512385,192.853511281963,300.0024646529053,-52.11711650993967,-295.4359599496145,1000.0077151466256,281.9146182342603,102.62928222452405,1149.9944986911341,-229.75627863099797,192.7616545772402,1299.8773799678445,-52.026070156463106,-295.5528192085462,-749.9941987501869,272.9888117437759,99.29070133967372,-900.0446724944353,-198.93946114248533,166.96737778969484,-1050.042642644899,-34.39856983282547,-195.3744417933477,-300.07436403957786,281.8526649299664,102.53700616835587,-0.052301715520967657,-229.81481504607495,192.8087110100556,299.97589855790136,-52.13134202052534,-295.46235371773435,999.9857387264194,281.879522043641,102.6774298548617,1149.9167309824095,-229.7951488961723,192.801861964795,1299.873062998823,-52.04318547344563,-295.5038028452533,-750.0146200450422,273.0169777851953,99.38528194461857,-900.038518389152,-198.89495136954872,167.01816355223133,-1049.9820060515142,-34.40604575534663,-195.43065495472683,-300.02674532750774,281.86147262471036,102.59710219893051,-0.07766113116273621,-229.84347382448678,192.82002504184368,300.01796486558754,-52.16807567060213,-295.5039977110921,749.9185145012541,281.94210881946935,102.61077026328199,900.0229503021513,-229.75959445921936,192.9098612128223,1050.047290137317,-52.15774536324444,-295.38351663095017,-749.9713370066303,272.94477976192985,99.3665334226176,-900.013103750955,-199.0759183234974,166.96947147432928,-1050.0098299002057,-34.44630696629718,-195.38718732652177,-300.0255606684002,281.8049520225366,102.58544496155443,-0.007002232211859902,-229.90351765246498,192.74247356639077,300.04200067622634,-52.11965143584934,-295.52317187159707,749.9770290646256,281.87678014656603,102.5983325063855,900.0644384509643,-229.81131171530882,192.81114946481307,1050.032986997132,-52.06847598073309,-295.47861212293486
calibration_00180,-1174.1305455208849,130.26496245629707,239.38826626068436,-1293.3338589863577,-347.7254233385528,324.24625172384896,-1550.632743865139,-167.74412812896472,37.30934179463778,-555.8545141109928,338.5793916087084,293.0733552853627,-239.2027602439689,-170.2243281464608,322.6237570014283,96.26917260313867,102.90307543591528,-93.11822059574098,893.4157771690749,286.79246526973435,478.08298896821077,1127.6388027936757,-200.43550323897327,492.03508503370136,1127.0476326240896,15.897713930649612,-3.616963873681964,-1000.0520716864124,272.9480910487185,99.4667377801537,-1149.9475784408528,-198.99787699894114,167.09768654344708,-1299.969625061739,-34.44338180974221,-195.35273614740788,-300.02733361293747,281.96011942169326,102.65428265847171,0.011269904882660636,-229.78329247846378,192.80627946411153,299.96262423326385,-52.10874110808228,-295.4902147269101,999.9800398829257,281.9330445108889,102.62566157946219,1150.038278336256,-229.79158112595712,192.87283172092037,1300.0413058973922,-52.08877350175852,-295.42456111112944,-749.9246540744025,272.96000958953397,99.43374562280512,-899.952400036232,-198.97129177118802,166.97437213264473,-1050.0562756383172,-34.325772395193525,-195.33864424730223,-299.98884199236994,281.95793956309484,102.61988554865485,0.04486276901326949,-229.78030327848597,192.87852864838703,299.95491565696454,-52.02957067262939,-295.5278692595716,999.9744258742646,281.9380381491456,102.6391197521566,1150.0372162233755,-229.7980203019619,192.87992075651178,1300.0835605031673,-52.01009809682854,-295.44919787916905,-749.8983892319999,272.98046569616275,99.3730206067239,-899.9114591547992,-199.0145533573811,166.9763485891632,-1050.0097091682708,-34.3972819394899,-195.32894383975233,-300.02109995545135,281.94178307839996,102.65215530623622,0.022533035644699797,-229.76534037601266,192.8270187891675,299.94047156696365,-52.033403670836044,-295.45595079108256,750.0137089769319,281.8744917245077,102.67450703170297,899.9722796750104,-229.85138925351794,192.88601775499833,1049.922640526589,-52.23268986133812,-295.45151832772297,-749.8562065712899,272.94976098774674,99.3001462021998,-899.9137126546324,-199.0243419106222,166.91064704818376,-1049.9938968305191,-34.40978042224081,-195.35184712252754,-299.9737127187669,281.94563347673096,102.61650507410339,0.10287230677380217,-229.80493605021607,192.78458929445938,299.9440360190534,-52.05352143475111,-295.5617041380346,750.0628960317739,281.79400556061324,102.5660940563633,899.9504435969047,-229.91937800268988,192.78506957149398,1049.9234362438688,-52.217207657614026,-295.4561094581468
calibration_00181,-1025.6792330845415,281.43929104714283,269.8110772083191,-1172.327598505867,-191.76807077860616,336.0679860893138,-1327.0610293145212,-25.875709628691467,-23.694696083360796,-203.60160880560116,488.3822883434295,80.42650277489243,49.75664472654334,-33.80778604476269,232.64204969405358,473.0867181679136,145.4749926088801,-152.86637263897967,1266.74976848327,173.40941476748299,463.3975461795697,1435.803307671234,-338.72615573360906,503.43639617522143,1569.4722284239158,-111.86873652093163,31.036470043149702,-999.9536975529563,272.9617901152366,99.24152303338911,-1149.964714189368,-198.9523034943374,166.8759967231884,-1300.0271511227038,-34.38984373215487,-195.47906465819526,-299.94706766362884,281.8944831133243,102.67233375303653,0.024183774767135516,-229.76515666904726,192.85980390544614,299.99280493299,-52.13591240233709,-295.51964926063454,999.987943075448,281.8210528635263,102.63486222509546,1149.9764273909652,-229.9036757365226,192.87375281801692,1300.018527857021,-52.18499889371276,-295.35668328766417,-749.9990627399663,272.9285645628851,99.30804646771875,-900.0639430487587,-199.02704292982688,167.00573098597553,-1049.990418504188,-34.47634651170833,-195.45674460313785,-299.9926885323646,281.8828397554239,102.628408720186,0.01232296883373998,-229.81213380151564,192.83788327754493,299.99369609653206,-52.119363937891706,-295.52057089810387,1000.0463142723064,281.80466566755223,102.64892641312258,1150.0125405218998,-229.92021461102152,192.8722848352799,1300.0137396967943,-52.182966391791325,-295.3836220089642,-750.065677606402,272.9617416932653,99.35587598143648,-900.0237658105776,-199.0009879950794,167.05869735367702,-1049.9276904164842,-34.43172387943738,-195.46516871950712,-299.9857674929035,281.89193594937007,102.61588682682604,-0.0030240705986942402,-229.78591653010076,192.8751110860447,300.01079814749556,-52.127499533492355,-295.46530307936365,749.9620003409766,281.9064001040897,102.61861119841244,899.9628336113932,-229.79729143311684,192.8102445000977,1049.961791085686,-52.13754464537736,-295.4259661794371,-750.0459361058416,272.979303846876,99.34923726362503,-900.0210426792923,-198.9945649346804,166.98519786913448,-1049.998006794395,-34.42113223472398,-195.51253175599774,-299.9558704300276,281.9533724551746,102.66007079715318,-0.015036559737153059,-229.81991878541604,192.86944774357747,300.0577208604905,-52.10922192303968,-295.4816171678087,750.0237568306258,281.8608480862934,102.58609677425986,899.9318178639127,-229.8002056270954,192.7967305603516,1049.9566932743458,-52.102429180195145,-295.48592222217457
calibration_00182,-1201.990015695422,148.12137654931064,-111.83141223660212,-1368.7395367325319,-318.60362234026877,-47.25436726833526,-1519.2609617713942,-143.4916688796126,-404.48443952701984,-60.608263323794596,621.5885942959667,471.22907444004494,142.26131039381445,58.24489189724015,433.39540940337235,340.5132055410039,245.28791546967977,-101.06171325930598,686.4427006127025,537.5119996382975,436.05876542302883,859.5919636607031,28.750121679108297,375.48994424067354,890.3570235569566,314.885987630553,-82.43936695970692,-1000.0018818596233,272.97795205068724,99.33635000903503,-1150.0135025638633,-199.00589551091036,167.0644231596566,-1299.9592642911168,-34.502162810170525,-195.3633496546659,-299.97622882127223,281.90207706191063,102.5730542687242,-0.02210143041943779,-229.83628603891972,192.7980271401501,299.9700026375807,-52.10363760603804,-295.4881941411818,1000.0664804149764,281.86425321166746,102.63368745480541,1150.0085367289778,-229.83535490304976,192.8307576883335,1300.0094227037496,-52.13275303945657,-295.43033128733094,-750.0129571935017,272.9725443042229,99.484776032512,-900.0076508830316,-199.00054217471455,166.99954315510487,-1049.963824254849,-34.420552164324796,-195.32304899931972,-300.0158533926225,281.87467325445306,102.58083782432959,0.010438986898247585,-229.79888306239602,192.77410997562276,299.98856674991686,-52.15439552985211,-295.50163120064866,1000.0559698582158,281.87688070310486,102.63097610940532,1149.9510920891462,-229.85659302603457,192.83700077983133,1300.014762993434,-52.16819030367407,-295.43708780233385,-749.9873369744879,272.9802041158055,99.49114743263551,-900.0289387355181,-199.0395242464224,167.08997670158502,-1050.054151453822,-34.31686475704349,-195.2940258331543,-300.00029983580623,281.93762591066934,102.57553212225272,-0.044800748715044206,-229.8928179549243,192.7932489620381,299.9748140653946,-52.15763478831994,-295.5016622228102,750.0456228877358,281.9542010959958,102.64033303129595,900.1282194523185,-229.68114761054426,192.8546689734107,1050.016720509772,-52.00381155361481,-295.40507816654235,-750.0232503911592,272.9604841496678,99.41607396373607,-900.0442673628197,-199.03446318020997,166.99163039338035,-1050.0202766054836,-34.40574235136801,-195.39067298955058,-299.9716054347532,281.885318564,102.57377100533263,-0.03766113551727197,-229.80004250118938,192.7507884248513,300.04182372473576,-52.1212232187329,-295.48429859349693,750.0800529154607,281.9391502746822,102.6239002301485,900.1657372364209,-229.6923726491585,192.90295972623366,1050.057390770486,-52.0815035080472,-295.37455117405636
calibration_00183,-1428.8693235330734,-9.849129848215135,61.456345852013804,-1420.3670422476355,-491.04247591405573,196.39730262671839,-1576.6979954337003,-438.1571754236796,-195.6585938946488,-438.38366842100965,48.67036341806883,193.1512990625011,-121.56138893001693,-440.07946022343475,337.37453372007275,237.25090820600525,-245.13620619253066,-102.30813537203106,1085.7049416810282,227.61091875240925,385.3990714768643,1247.0767403497616,-280.7679049100909,474.77290731929816,1342.7363753732122,-118.18950749857252,-32.17916148363706,-999.965586961502,272.93703949293524,99.30862396511344,-1149.9884076058943,-199.01272937883024,167.0687531320086,-1299.9383608025767,-34.53846701964072,-195.42108658941592,-299.9940325591423,282.0023575189805,102.65634254375259,-0.04598779700896302,-229.83565982148306,192.87388418248239,299.9481324550031,-52.058081042786334,-295.4359479371327,999.9772406285831,282.0461222870009,102.60192953233411,1150.015359061255,-229.66627961773133,192.94137949288242,1299.9505550773838,-51.947920844956805,-295.42661025372945,-750.0177961639691,272.98535123042365,99.3349078536512,-900.0462051785587,-199.0476738891489,166.99719616038544,-1050.0320955350749,-34.419501301467704,-195.43933851580326,-299.97174266174324,281.95092231992635,102.6533591648517,0.024152651421434787,-229.77376957890905,192.81992240209613,299.96814663483804,-52.077323965769736,-295.47184191316785,999.944139584305,282.04554494668076,102.60273375339884,1149.9675312371182,-229.68321079327964,192.81559731457384,1300.0208259081794,-51.9513812488751,-295.3858328737859,-749.9635116325207,272.9214640805097,99.39457753416258,-900.0233170534102,-199.00951736447016,167.0299595761698,-1049.9406510757162,-34.43380959717026,-195.48001285831577,-299.9546226802121,282.01125399293306,102.63213279472245,-0.03947463683107387,-229.81768237323894,192.85090878812636,299.96554054400883,-52.067560109670666,-295.4661032905298,750.02385156354,281.82466762174977,102.66811566742345,900.028332276993,-229.82388508287778,192.90846333052534,1049.9574829229796,-52.14802329756866,-295.46528392227884,-750.0237497265119,272.9492952777239,99.39955453489354,-900.062555080423,-199.0267761792865,167.0045359952003,-1050.0639811744634,-34.462256141659324,-195.42785676191838,-300.0165700780466,281.93556273156076,102.61883282734323,-0.011936141406503155,-229.77757459710583,192.80368801536815,299.95914558375335,-52.03098250916056,-295.45225830043387,749.9667700447241,281.8900792041654,102.59243609701028,900.0020636703059,-229.84173072730758,192.8603129496051,1049.9582736681054,-52.18154180793768,-295.4901369227102
calibration_00184,-1099.6880094725484,359.68086426601286,-42.565059163892975,-1267.1356796311613,-111.03837667350813,-26.539048597113304,-1385.8260886187916,88.41930643762291,-383.1577861636305,-116.13411120157708,199.10203908606,-119.73535111546177,108.87359121298488,-355.7740052319953,-81.33194003992342,501.4725247825058,-143.17961502132474,-482.20781677729275,970.02661209834,11.579882393893712,11.753554107532041,980.9989209138059,-525.6951276868882,72.20438739948584,1246.898772900735,-360.51895819726303,-368.8440311930394,-999.9275525032917,272.93330435678047,99.35015402702645,-1149.8855823605081,-199.07064560881082,166.99041159452923,-1299.9360665046588,-34.50635280503241,-195.37093731319,-299.99181305770423,281.8728394187445,102.59469987656375,0.02317196610767123,-229.7870111242939,192.79100421138799,300.0825178886213,-52.08201506812154,-295.3674335999022,1000.0070969447092,281.87219607199495,102.68703466216886,1149.967878888986,-229.74918356422856,192.89379794828218,1300.0068691804636,-52.1096894150502,-295.3584191895006,-750.0006285444002,272.99475724266,99.30988214375127,-900.0920222196331,-199.05092033629273,166.97443920767387,-1050.026239702407,-34.470093893655715,-195.4712817069794,-300.00834254520925,281.8730894470014,102.57659198322001,0.019662279093118927,-229.73094888994314,192.8791686227892,300.0421174932634,-52.06319097050095,-295.45277095074306,999.9722954461705,281.8908384640726,102.74465091880553,1149.9768700779698,-229.8513126271213,192.94517774521023,1300.0178432664918,-52.0855215767003,-295.36542797434606,-750.0224626262323,272.91643273617905,99.29660750434171,-900.085066711421,-199.0445358487447,167.0148498054579,-1049.9938567805445,-34.476611305379656,-195.466162662709,-300.02476735378724,281.87600313685215,102.5458325962187,0.02482444354715621,-229.82263356697234,192.74447079762618,300.09187187128265,-52.06655412314976,-295.40212889471786,749.942905153456,281.94597602357624,102.57842352009153,899.9940980653108,-229.76340565290295,192.82857007995958,1050.0026018562826,-52.02324675410392,-295.44998358007234,-750.0903535564441,272.92806255744705,99.33056550514964,-900.0468066229864,-199.0035547332626,166.9564810682847,-1050.0587843015524,-34.45993886121265,-195.39123460055063,-299.9951973533965,281.88829228324045,102.53414273801242,-0.03170837171529366,-229.85321387006104,192.87195474509352,300.0464141137978,-52.1127437118724,-295.4658871961317,749.9849314942263,281.93459775704537,102.64285346062461,899.928640481792,-229.79134032672064,192.84506413612613,1050.0482109580732,-52.0850862887336,-295.49802902802156
calibration_00185,-1275.6355512938346,248.09590291054545,-46.07719677897222,-1437.4711466585552,-221.57470878495477,9.391657536478005,-1580.7185464667018,-44.874956992640115,-350.0829173234089,-128.7466543609903,63.53977600388753,66.71472766120424,174.8542422760238,-445.70287611514584,158.84547719092248,468.36223211811875,-271.58009399934156,-334.64851258995657,1000.3447759939493,-53.612091453574344,-70.58205266574744,1143.4451572024182,-567.051388328426,20.897491733380612,1293.1005331553524,-393.4563732200087,-469.0090364853124,-1000.1012326846072,272.9418609773431,99.32907859089525,-1150.0350394139175,-199.04831971281473,167.00266169613195,-1299.9935724048707,-34.556583230932986,-195.42850038348882,-300.0228420841057,281.8998311476584,102.50620019852039,-0.025528591106606005,-229.77389171849228,192.85261953776433,299.9841753697589,-52.06237811734312,-295.48315327927907,999.961550675758,281.9037534929072,102.56098577487357,1149.943025739459,-229.80854939265095,192.80689414458544,1299.8644305647836,-52.131622666219336,-295.447546386877,-749.9492472781999,272.9204533737478,99.4005837518319,-900.0110714283076,-199.03732336953905,167.09036068035837,-1049.9855921296316,-34.55320011298846,-195.33537626454626,-300.05019068722845,281.9078555893153,102.51601129488068,-0.014221599568097976,-229.80555621776404,192.83816708638804,300.023347461035,-52.09152093731119,-295.4577876494886,999.9716323829987,281.9001914453153,102.54017541922246,1149.9607666263428,-229.80129895322779,192.82896232893407,1299.9013168399194,-52.100828948495824,-295.5369474173153,-749.9249729340355,272.87825636344223,99.40968661528854,-899.9047016087425,-199.11952153851595,167.0750882208117,-1049.937051757388,-34.505774763223464,-195.35076954791344,-300.0312597676709,281.92968595168844,102.57164033298695,-0.01959457016087035,-229.79157218395366,192.79184089719445,299.9913078615774,-52.07018584560681,-295.5287296896698,749.9707099891147,281.95134898091425,102.63354307380555,899.9693058313727,-229.8282241249457,192.84744434289195,1050.0219479594177,-52.02610336049103,-295.4029300022741,-749.9745531214605,272.9196435978225,99.31578578979419,-900.012067409694,-199.09105487836115,167.04151280456654,-1049.9637909721428,-34.531099412580936,-195.38477096135102,-300.03498760865466,281.92918368289895,102.47082105516996,-0.052594514830399175,-229.7654516522924,192.80681879254595,299.935689986129,-52.06920637738423,-295.46336480367677,750.0048985242695,281.93922387718646,102.55883667654483,899.9749843793641,-229.85539544323694,192.88608418101015,1050.0593616309206,-52.13362725667027,-295.4282118323029
calibration_00186,-1260.3109741791618,185.80314376531808,-79.43285665806299,-1460.9887164284721,-270.04260733647857,-37.011943496228035,-1610.8753401612191,-60.765640831346055,-375.61955837082894,-213.63278002825277,130.56324616691927,-39.40503964625351,115.53020497769836,-368.792550321111,-87.1297634520304,421.37341929151285,-39.10999699230341,-484.4052429025137,886.8124352906167,259.9548190782136,363.5040741987833,1050.7930990478048,-255.01465566442974,382.6980642944069,1179.8236754778097,-12.844447142379547,-83.34738354566845,-999.9804358831127,272.95421802819203,99.35307923705102,-1150.0531399915164,-198.97788019685862,166.94026009274543,-1300.0200596618504,-34.38114451868133,-195.42297516600962,-299.9597717514932,281.9820829061964,102.63918723432164,-0.046609209458378355,-229.8004808954342,192.80196300292957,299.9770225303722,-52.06063103492253,-295.45104675234717,999.923378024761,281.90788908697715,102.64992706823605,1150.0535870372953,-229.79733265177134,192.88126797511387,1299.916877314539,-52.1256929179857,-295.49462935624837,-750.0027396227736,272.9621873000474,99.36286474127424,-899.9691945180912,-199.01698946817493,167.0254521813363,-1050.0492872384934,-34.410976879295966,-195.42640169070103,-299.97900351789946,281.9568133432179,102.59152813246695,-0.05282597424357634,-229.79658518856394,192.81203733042494,299.934049108585,-52.09360501060297,-295.46603445562187,999.9347629874136,281.9528651991989,102.58781257125455,1149.9866918133932,-229.78456087542665,192.84472319083602,1299.9543436545428,-52.098727347773526,-295.46705007280525,-750.0565153992457,272.9627369471862,99.4496733251321,-899.9682354064117,-199.01359652991425,167.01278293050618,-1050.0032037416922,-34.47877751579754,-195.4279657199262,-300.013334443164,281.9505451821014,102.61596272202452,-0.052340250132040175,-229.81806918773077,192.80355907888287,299.99529736655643,-52.13591575387863,-295.46612006023827,749.9878527353795,281.86694192174645,102.67900275187135,900.0841696364816,-229.77686944965942,192.85219798014077,1050.0342909060075,-51.975192311727966,-295.408758220465,-750.0413754325583,272.9767072235144,99.28860421023968,-900.0046826901108,-198.98907898602505,166.92363294935433,-1049.9766214994406,-34.446767839380136,-195.49588457592668,-299.9970459113195,281.9000122007581,102.48872446779886,-0.08361116501195065,-229.88201655372552,192.80567161481227,300.01029529275627,-52.18947653621382,-295.48842608315255,750.027937335288,281.80068596043725,102.7550682431992,900.0333518161484,-229.89084314225258,192.96875221977933,1050.0434923004375,-52.138489456467546,-295.3906632259415
calibration_00187,-937.2740648160823,-27.11496588727055,-6.41722466650478,-1094.664741482808,-496.2799312770751,64.5209539608597,-1239.3973176482887,-333.0178713486136,-300.6137158096242,-110.90886157897238,210.35656236105078,-94.02960350393663,216.34914160000858,-282.5905182273678,5.750631762436185,529.5077950559937,-78.44613215456984,-463.56374481619685,1094.2396588465676,122.23744323562138,311.14627262566756,1367.8977247874443,-338.2005078635093,236.61363420004042,1408.1542547014599,-1.7464440933501744,-184.87617759967156,-999.9536322836017,273.0467942882449,99.34321237065066,-1150.0127594439798,-198.896084493302,167.0810828150912,-1299.9499486645607,-34.37407586263112,-195.34935148912933,-300.03012951605706,281.9400901436884,102.59610289036006,-0.06662822799812049,-229.77165470266263,192.8310973366879,299.9378847464213,-52.0861704420041,-295.4245772965772,999.9544390779203,281.8947871843244,102.62733365887827,1150.0444124957894,-229.7698319060389,192.82030546414495,1300.0594817237336,-52.04785855014386,-295.4449270251276,-749.9073400927145,272.978652106751,99.3726623166629,-899.8766292007596,-199.04374277330575,166.94013827122757,-1049.8761753249016,-34.433377150694625,-195.42818132710366,-300.06071476639477,281.9640601611441,102.54144876760658,-0.03313153560460941,-229.78718997883885,192.80828847305972,299.9946714384615,-52.09127642491477,-295.3875537573357,999.9896273205944,281.8960992179217,102.61409519393783,1150.049124002345,-229.82246643058446,192.81747731554,1299.9695845207025,-52.03260375816524,-295.384339717513,-749.910769413103,272.97400315352286,99.33036936684256,-899.9037600755515,-199.0302833801065,166.97270206258682,-1049.9583548224962,-34.41887452668012,-195.4131298991404,-300.044396040661,281.97353254717484,102.56755382512206,-0.03643406207379421,-229.79015694422043,192.8277811779832,299.927153725659,-52.1086931882798,-295.42868011194685,749.9521032163811,281.9356754853135,102.49773625641701,900.0201490847536,-229.78542134822303,192.75216104311306,1049.9831636775489,-52.103609073964925,-295.4965665294002,-750.0154083938309,272.96008628220267,99.32592840464156,-899.9372889125414,-199.0707043244066,166.9150629505456,-1049.9517486835846,-34.48889059434679,-195.50216839326916,-300.084745642845,281.91145962915823,102.59072763568335,-0.12172714524307868,-229.81144903899528,192.90613705872406,300.0170335382609,-52.07067438656563,-295.3613245442981,749.90806656044,281.9809016639716,102.59494726495991,899.9312977888405,-229.69200091223934,192.86399226242457,1049.8932130622904,-52.04718299775396,-295.4668650737758
calibration_00188,-862.2985093753598,292.06049142469925,323.3155626560927,-979.7146453773878,-186.41176306510152,408.3303971215906,-1047.0506014506184,-75.21514334058769,3.2784441313722765,-524.7105820714695,181.67579555502337,-144.2329084059938,-202.75755916472167,-313.03394045084127,-36.43600018049577,77.28475620805592,-149.77586495724256,-541.2820359753005,866.9789700045046,573.0118524980538,354.54851345934014,1058.0365567763236,71.90355879591004,424.6519724483166,1172.4911019808671,271.6359746689435,-64.79560325035324,-1000.0345230590701,272.9639176387151,99.39841584907185,-1149.963439964216,-199.08460899586638,167.01712254062775,-1299.991081699401,-34.422951396391866,-195.36754257886722,-299.8954005407276,281.8852373189991,102.56796115369052,0.052711769177188506,-229.83108278607426,192.82488528041472,299.9642968247455,-52.15999331082165,-295.5084090373116,999.9820486477593,281.8415183765311,102.53876357564586,1149.9779309670632,-229.84375560461348,192.79977061973784,1300.0213417391674,-52.20767251116809,-295.472052652933,-750.0272851722985,273.0167774703447,99.39253904685759,-899.9685351418661,-199.0446492534893,167.04924241503562,-1049.9949339119376,-34.466744089475526,-195.38034365055861,-299.9897139612606,281.8810082919261,102.5670373717952,0.039725457959879376,-229.90486518972767,192.87902986552447,299.9628121529075,-52.11600698937557,-295.40059324864336,1000.0487174764885,281.8369407842094,102.59647753344248,1150.0394249928663,-229.82812126565497,192.73833310815263,1299.9667816024435,-52.108605963612874,-295.44715712555643,-750.0062837936987,272.97463879979813,99.34099869839659,-899.979386850911,-199.02911176707667,167.0594244062988,-1049.9773590407829,-34.48591182393723,-195.37150653297118,-299.9517293302068,281.94434406114306,102.5419534522465,0.015255544114657491,-229.86928408920124,192.85652922747576,300.0465370315579,-52.16408447077844,-295.44565048567637,749.9852321660255,281.91264190488,102.54914789942889,899.9612577380645,-229.8121943689214,192.90313760562094,1049.9953104060642,-52.15154250798777,-295.4713977456761,-750.0452606026269,272.8866548165819,99.35697937002656,-900.0077364853726,-199.04708892955418,166.95337812230522,-1050.091778907867,-34.44193390023875,-195.50171911772605,-300.0190742460087,281.8468052207195,102.6166069138808,0.017891722315761152,-229.8490962165587,192.77400736824282,299.9726235808409,-52.08525957754278,-295.4592939367911,749.9483887515315,281.8738998604815,102.56047695697414,899.8801838286674,-229.79733789748812,192.76989726846145,1049.939325042481,-52.12457867073015,-295.51031157952207
calibration_00189,-1111.9937259278781,379.26401474171763,419.8946147138356,-1167.8516405565283,-116.83563048421877,395.5078405531411,-1367.0811673590056,81.85950871375336,76.56953959392965,-479.05488533149713,453.38685873857884,45.295231955540224,-85.39585187310827,3.990056897668495,-10.32380330077982,-21.631114935876322,228.52424526438446,-563.0936524911925,1244.3458734394596,592.9301904543003,-44.19425468084264,1391.8723120719674,80.26879244064527,45.18251333391306,1535.701710394397,255.65995349197232,-445.83454048282726,-999.9494526507503,272.9411796799097,99.43080490946694,-1149.9990716449863,-198.99450918070914,166.97711472224034,-1300.0660107072565,-34.4270903378813,-195.41441089506338,-299.94779259627086,281.9628295266799,102.61268889215036,-0.007977983127574884,-229.75005436719613,192.86454645855818,299.989488546631,-52.07828432186428,-295.4626005956028,1000.0126466880016,281.9042618859531,102.5691386685501,1150.0374591407556,-229.82110600670535,192.74573586579766,1300.0052417223483,-52.085968401173545,-295.43446032543375,-750.0219246300879,272.8769784642351,99.35603731654543,-899.9265211815048,-199.0587644254565,166.91284055022396,-1049.9788411778059,-34.466152549152675,-195.46863710269517,-300.0272029461193,281.9837967323872,102.62857488122376,-0.08857790088226732,-229.76162151817414,192.76369293449295,300.0058502019929,-52.04775333149265,-295.50232046127,1000.0330782718461,281.88253632409777,102.62105705374195,1149.9626564761559,-229.84766310697148,192.80362336075743,1300.0083029816437,-52.07583301729035,-295.4641866806371,-750.0059257373457,272.93412864270346,99.39376923445766,-899.9973652590929,-199.06336791434794,166.96019677047872,-1049.9888250659367,-34.47901428306723,-195.4287344367271,-299.9340184975434,282.02746179309327,102.59966553150564,-0.0012393212965838823,-229.72475774746323,192.7901814869092,299.97351507538895,-52.05477495124718,-295.4336244066143,750.009708707218,281.8739283380675,102.55796723822164,900.0452227909572,-229.84002748911485,192.78153253011632,1050.0447003161134,-52.10175060749502,-295.4712491623766,-750.0446589006971,272.898484944644,99.44298364612993,-900.0148831764548,-199.1013125591914,167.0384016638478,-1050.0099939825152,-34.51445878733218,-195.35311228100693,-299.99462698502197,281.9619705098074,102.67269583710565,0.04405345918579093,-229.77902342604548,192.83215492515043,299.99720919219175,-52.083973228450255,-295.3948798016411,750.0124060301395,281.9129359127503,102.63477185632149,900.0594166848267,-229.78406567712412,192.84274556771865,1050.0580406501904,-52.089134689741215,-295.4415549443166
calibration_00190,-1263.7399108525367,356.3435757250502,57.23754084170957,-1500.223778452958,-59.155527537872416,203.13486428979618,-1647.3377588596195,85.79358871078767,-168.5869745401571,-542.6923814840753,446.409958901235,213.09878595738388,-228.36459916022773,-55.04328534561981,311.8529772924466,62.72320459003737,119.68941712124548,-182.8525192020053,945.295506372838,358.3499607751614,-194.9941313280749,1090.6151141552118,-155.15988401862364,-107.32136862523629,1247.4601823889618,25.48259175917116,-592.3534023403623,-999.9588238616133,272.9451309492029,99.35681731304547,-1149.9953390876933,-199.0269991006732,166.9368219285826,-1300.0660247765495,-34.36732709045056,-195.4278994013327,-299.9981541529091,281.9499414540843,102.67458686114456,-0.02108137586521992,-229.84674350645565,192.88888427120986,300.0233635001746,-52.094788525343056,-295.4229911012547,1000.0041280784048,281.84009154449205,102.61968884887963,1150.0411050142984,-229.90109460328284,192.8419232397472,1299.9618513535188,-52.134028543035065,-295.4238894785187,-750.1218433015815,272.92694015678035,99.34163866383433,-899.9924519592579,-199.05420346423037,167.04065652662175,-1049.9899632187937,-34.514384257844874,-195.41827391520232,-299.97474938252395,281.954874036222,102.62502769880588,-0.07091593298161461,-229.7844916725276,192.8092308898333,300.00577749118327,-52.05460948164373,-295.40994322124243,999.984615961202,281.8341265003887,102.67066578833796,1150.0791309810386,-229.91136318190578,192.8057687279259,1299.9815247987738,-52.0980666870642,-295.4015787189599,-750.0744366336783,272.9132163241957,99.34572109298782,-900.0241491060517,-199.0042916505876,167.01292804370695,-1049.9876169559298,-34.515422781336994,-195.41138041415618,-299.9527153616903,281.95680037638374,102.63017003791943,-0.027631219939784603,-229.82080117863924,192.85942387811664,300.0646681105659,-52.05634501495692,-295.4031585909171,750.0331394420508,281.9461155987805,102.41857560761146,899.9737923689819,-229.77732621999624,192.77661854011666,1050.014880742914,-52.13222644643012,-295.50336685204155,-750.0599535419941,273.00411264462355,99.4641982636174,-900.0948445338489,-199.00337321028525,167.1050806370708,-1050.0138669423513,-34.49491328424249,-195.37418933599963,-299.9500099651243,281.91850801531365,102.72635621659882,-0.06930732182764412,-229.87525632268466,192.83979468210504,300.04706065630677,-52.08139967177294,-295.36767335973343,750.0352441686787,281.8782874929919,102.53019341521617,899.9492430457469,-229.83959965362095,192.79853678482363,1049.9865343582799,-52.18242367292559,-295.5237530288384
calibration_00191,-693.1532912063108,0.9476995443771644,-101.8402215707986,-919.9865470101513,-429.2079970089252,13.666659613135186,-1020.8189664100588,-295.84605428064964,-377.4788685371924,-477.26871387277816,40.46541683279701,-151.57226626467673,-211.5183279104336,-488.3337089727426,-52.68407901799173,222.8416563946943,-247.9157527353811,-389.5758732084532,1109.526879533163,90.05621163116837,-91.8498449024752,1321.4208596161122,-391.37336425653103,34.160090925160304,1489.4938372949773,-209.52740715210516,-446.62209705621484,-999.9734212930689,272.9562923723453,99.36742011153075,-1149.9716600568531,-199.07042571012445,167.0085561019797,-1299.9550180056522,-34.47413223935809,-195.47245552747643,-299.9949948887814,281.8793126565826,102.58632465496014,0.09093344822832572,-229.80787742935777,192.84011297322198,300.0091193894803,-52.132306117868886,-295.46661542556757,1000.0410723355421,281.9495368709183,102.65011880430124,1149.9972894654034,-229.7282360441285,192.84438136357417,1300.016617511669,-52.067861604247426,-295.44676138455776,-749.9904386188848,272.8751738455952,99.36299775265508,-900.0097635624271,-199.02518099710696,167.00168693779395,-1050.044298763721,-34.44320164575447,-195.43465626413743,-299.9611280658519,281.89798198950916,102.59321671997401,0.11113493351735046,-229.79214018975813,192.86295329252562,300.03775913141055,-52.089330810725365,-295.46024757616897,1000.0421498382543,281.8997327894996,102.68071485427056,1150.020993692168,-229.8060752198141,192.81890394451312,1300.005916709384,-52.04029626507653,-295.42782786202105,-750.0218428829515,272.9269648252521,99.373813590783,-900.0014128703715,-199.12832225063775,167.08153911788932,-1050.0176850650016,-34.45079562380526,-195.30350781083828,-299.99971190350124,281.9473944062354,102.57448482754263,0.07316401972144361,-229.83136120648092,192.8277177904966,300.0022401114113,-52.08248236125963,-295.4884339273746,749.9929157258023,281.87061378365337,102.59889654145316,900.0290728942507,-229.86283912051107,192.8036012673516,1049.9786361461956,-52.16310627433769,-295.4922209882157,-750.0198526827078,273.02477287651544,99.33733383570093,-900.0589549627781,-198.9766077059202,166.97882450398944,-1050.037275205269,-34.402703667008964,-195.39189259630317,-300.0290206261996,281.8771668139489,102.60297553599791,0.05614839725779744,-229.84304782308652,192.76583218618845,300.04165240568204,-52.103347474124064,-295.49017618467315,750.0363923058701,281.86325717489996,102.57562317796926,899.9599691826528,-229.85852378552747,192.76670888044785,1050.0107579534226,-52.139788336701095,-295.5215870067489
calibration_00192,-1224.9427365360064,558.4568338874664,-35.16617640870604,-1342.9362277822684,95.75932270672628,112.57551509371152,-1572.7398400590714,219.3910512354429,-223.31844116437148,-533.3092517993003,143.4770176153939,18.239485592214823,-277.0147224653661,-399.04420645116016,17.472915759557416,-12.443280350036973,-190.48132162111423,-479.02023213982153,1333.4630439908942,334.20639591510326,-208.18432522747906,1487.2655429874562,-174.6192387045232,-108.26655690004681,1444.710770210126,-70.21218229985999,-637.236715643185,-1000.063769337361,272.971096620989,99.38431061858911,-1149.929847403265,-199.04294773690484,167.0204177430902,-1299.9906615346756,-34.51786323780309,-195.3033467444888,-299.95820954140555,281.88152788126155,102.50698908103675,-0.05146563220448968,-229.78895445420778,192.77884110611942,300.06088878198096,-52.270460415879256,-295.4824306721945,1000.0514730650666,281.9227461209361,102.6783016425004,1150.0711704030716,-229.84669838835143,192.82861148649638,1300.0046562340156,-52.08549395807132,-295.3347550915589,-749.9685879146001,272.991430436823,99.33739105569832,-900.0747958809494,-198.95178702863018,166.94064386078298,-1050.0558558783048,-34.36401028340972,-195.42645476408254,-299.8966674864308,281.84868275821214,102.5096244777161,-0.013822044315953892,-229.88252570702966,192.81949409883993,300.0655177883864,-52.23656373893455,-295.429436475369,1000.055747150067,281.9442658132404,102.70656698071625,1149.9980488879016,-229.80412016135529,192.9247286531214,1299.992408234461,-52.11911925315792,-295.3598338372895,-750.0210993212181,272.93545855794025,99.36006042976588,-900.0902217232505,-198.97841147727132,167.00444018416184,-1049.9911521214694,-34.414672424209485,-195.40781018281976,-299.96938478157523,281.9254508056257,102.42719865041603,0.008028309836869769,-229.8552610590401,192.75057731762698,300.0282705733378,-52.22953498519277,-295.48828012456664,749.9713792437841,281.92520348282875,102.60059720357403,900.0277892455216,-229.83114580788828,192.88922382120847,1050.0212467621486,-52.093697757879966,-295.35580633421114,-750.02718821172,273.0102319384723,99.50346868784824,-900.0804183024143,-198.97056550739126,167.07596859413817,-1050.0931176053095,-34.355279418873124,-195.3054383909469,-299.9930319536051,281.89521151867615,102.58646240827579,-0.03428328494386833,-229.833707557036,192.88100600957998,299.96937775811455,-52.152271387706456,-295.4156086423871,749.938081346785,281.9102281160204,102.69785394640671,899.968316072776,-229.83870374950658,192.84824304748872,1050.0128323377758,-52.024204279606394,-295.34249080365413
calibration_00193,-908.1676044991158,504.59703703362095,-27.158380916776455,-1045.441402008885,24.113712924284915,-14.4402189516263,-1250.0267515784021,240.2919334075783,-318.22143939839145,-242.67287918800824,463.608781116475,333.0942577070242,7.125476878650911,-78.90823117853468,390.2672513472901,322.31201904936603,98.70264165949786,-88.3068673012562,1267.3208371277083,49.713164243664856,211.2689165825012,1443.155161155029,-458.97889046680245,264.87018212222426,1547.4598498535445,-253.20304282886676,-224.32805221530717,-1000.0661268811695,272.9847288096458,99.28592453403779,-1149.9941816936962,-199.05235899719895,166.95285828786965,-1299.9810799061208,-34.470583106496605,-195.48120583091395,-299.9807413865208,281.9730453180769,102.60224554266762,-0.06282273099257002,-229.78783962209013,192.84797725018527,299.980950539334,-52.093237135395924,-295.41813369463824,1000.0170476640875,281.8871310418654,102.68185290839745,1150.000208823054,-229.91772397179182,192.85552818250417,1300.029622935419,-52.115201093385004,-295.35004692262413,-750.009447579766,272.9305763201127,99.35776670581137,-900.0320039456221,-199.08234491848887,166.92604867089292,-1049.9953009520734,-34.503808584627585,-195.46043946788484,-300.04732322649187,281.91167732912817,102.62971191605602,-0.04574314389301541,-229.8624540358771,192.80297013015502,300.00470389492045,-52.09746044932017,-295.4674767844939,1000.0220903545592,281.8495922154422,102.66350907204483,1149.9202696936238,-229.79226558083792,192.92822883970115,1300.0110491351618,-52.10938112790166,-295.32873289884714,-750.0122435853343,272.82050386856804,99.27770144674248,-899.9932467119453,-199.17755743397785,166.91269291233726,-1050.0198402524004,-34.56243035537197,-195.43942161342156,-300.02431254745727,281.9281711008259,102.63279328371898,-0.09167480965325558,-229.8776619697419,192.80971051367254,300.02898874476494,-52.08435663829426,-295.494286274919,749.9672321137131,281.84864030116665,102.56505804025153,899.9811150063616,-229.85187765746633,192.82196739366458,1050.0889957476925,-52.145557494021624,-295.44118700739085,-749.9666291016639,272.9508642551317,99.44092744799863,-899.9770715686229,-199.07239579778678,166.94186065197047,-1050.010400702416,-34.42720064479125,-195.32789805187107,-299.95100726763025,281.95906317229816,102.61543876724312,0.0019392072102627795,-229.7831423806486,192.84747011769755,300.0025449935275,-52.011504718824426,-295.444188239842,750.0136613961669,281.9325339114251,102.60073995719068,900.034205280477,-229.7697512953455,192.83978901234843,1050.0458428959564,-52.04430132001887,-295.4760989576291
calibration_00194,-1088.0345380941253,246.15697630719745,-210.20565978071008,-1106.7649597768823,-243.13111210288358,-109.74060198029042,-1297.8295135773676,-148.52998149281643,-477.86346231498936,-265.14173015262526,567.9862896351785,-64.95947129092227,8.823917031888039,46.41475116181802,48.38187218552614,342.86477905515187,205.564037974084,-423.92968221651773,851.110600087633,158.12542746304138,353.2691716199784,1043.1819831083724,-305.42979549132923,555.286988323696,1261.5623889896892,-180.93238394244813,76.4209628608243,-1000.0461726354324,272.9678577015608,99.36158797051878,-1150.032741565187,-199.0195896583309,166.98718060806743,-1300.025513986092,-34.3533977864074,-195.41241102564672,-299.94900870662775,281.8738103600684,102.66615948223222,-0.005213627248496653,-229.92050755501546,192.81422979746597,299.98375310842704,-52.1091010497656,-295.50271648360115,1000.0604162549263,281.9715553544742,102.64024603457972,1150.002159427048,-229.74790302679668,192.87588753795734,1300.0669092532776,-52.06102630012355,-295.41373187201776,-749.9540110450785,272.9680549107235,99.3486885417602,-899.9151676385172,-198.98675042050343,167.0422667788734,-1049.9892645443465,-34.46621273154204,-195.41583334022837,-299.9790398583821,281.81769343755326,102.59795850055356,-0.043663897235255315,-229.80495414996454,192.85260991558138,299.9340639057841,-52.165092188511345,-295.41973381611314,1000.0969348262958,281.95610621433707,102.55222025791245,1150.0226115950059,-229.75950089470228,192.83709795865462,1300.0348365929426,-52.0114805539994,-295.4324111797427,-750.0055532323073,272.9776318546654,99.38167401255383,-899.9545171389392,-199.0241519338849,167.07757224170786,-1049.9679420930977,-34.49459442479442,-195.40999087780438,-300.0211062637855,281.9152432437793,102.64025954529708,0.030158691657725455,-229.81982307442587,192.87378947848708,300.02062638119406,-52.0979286579292,-295.4297762495567,749.9362354117403,281.8641971410663,102.59563769613386,899.9456962637113,-229.85536479807223,192.8060561546543,1049.9658423555848,-52.09430248152031,-295.47389001513716,-749.8873527597708,272.94375637782053,99.24725696752728,-899.8043748072846,-199.0673809330819,166.98854431446279,-1049.9236062572008,-34.50941549352022,-195.44247969915426,-299.9549326685949,281.8526209485113,102.61921407629696,0.13180811810013882,-229.8691778377392,192.7829589566483,300.0609683700903,-52.10019661093062,-295.4309007958291,749.9521390414341,281.84623106902455,102.59064819780329,900.0014595515335,-229.83394184894385,192.86570639462755,1050.0502113765244,-52.018507474845784,-295.4541403847507
calibration_00195,-782.1522393947758,-55.741905321471286,-45.59814721830225,-948.0173872570632,-525.5321553221513,-5.34450191807842,-1109.557763005351,-327.9741430829714,-345.63026069234786,-260.21758284700496,-51.86044507279408,131.14561123952728,37.71264865453214,-572.4981390772526,118.38598129717433,397.9044263921263,-270.80805680055477,-254.83669658626889,941.4798962854339,491.24708184186625,172.66311660849877,1099.8804288404342,-20.90980694953121,244.33363999820722,1246.5606767652453,176.82297126763618,-237.26557694601127,-1000.0162080133468,272.98000273075473,99.2746749248966,-1149.9647815209223,-199.07381448417837,166.96647666503424,-1300.0233949419428,-34.43567823254922,-195.49831906972273,-300.0870299116878,281.8652078004838,102.59532140464827,-0.09560135162653605,-229.8131648645111,192.89877420222152,299.98832289031986,-52.12662425240621,-295.4227124760786,999.9877005282017,281.9395033809934,102.63942642828846,1149.9412573926184,-229.84085564042815,192.89985149012944,1300.0242946640415,-52.09956952499196,-295.3464007879209,-749.9837298224091,272.95087090486896,99.33583585370742,-899.9891549542324,-199.00117263193016,167.01919670944076,-1050.0075078632892,-34.47567854628238,-195.43292658180235,-300.09320713892595,281.91933191983196,102.58136419616625,-0.09143400892086555,-229.82781475225627,192.87815535962122,299.96357622869755,-52.15669596112758,-295.41453526540323,999.9418593417562,281.9021256286291,102.63146050277982,1150.0048861027967,-229.77983957778233,192.88801478869797,1299.9691963085288,-52.14175640771416,-295.3758262405768,-749.9874122460909,272.91179552219273,99.41408660256853,-899.9870153060738,-199.06330774858924,167.0452083808166,-1050.0025602898104,-34.4896908393588,-195.35627125325374,-300.0336580406852,281.8615611586438,102.59250758077931,-0.04824699767118254,-229.81982074815,192.79486638914577,300.0037630986939,-52.06758221159986,-295.43647092895833,750.0255279225171,281.8844016222944,102.63090352143995,899.9984571357656,-229.84093490687044,192.81507515390686,1049.9816282003562,-52.051434867053004,-295.4878545248896,-750.0079294653852,272.9911602368898,99.30409306325275,-900.0015042874144,-198.90472492534929,167.05484906063637,-1049.9798725011394,-34.42240944459432,-195.41763789103237,-300.07673503663636,281.9285919434753,102.5449587239163,-0.07814730795309098,-229.77006425879125,192.8539453056034,299.94199833039914,-52.06029873650116,-295.38145971307756,750.0532421141346,281.89083049301786,102.64111216727439,899.9213213357585,-229.790700260163,192.87235153487578,1050.0244848397765,-52.09755949896058,-295.36990121950674
calibration_00196,-1258.4474232604296,509.3609638183644,91.74710961431954,-1378.181409901078,44.26263294377196,230.22169152749615,-1419.1636185208447,101.2593814045283,-189.2878679673173,-621.3917413534374,95.25907668414924,240.15696092348398,-331.2555523256322,-391.3791659542644,437.7490082071152,6.418988028764119,-295.05084975024715,-48.70123180146457,969.2189640995878,147.51293106694055,369.9747466385067,1274.429938024832,-298.8384020962423,361.148554525831,1296.6771055389572,-22.48558921857062,-103.14293931911268,-1000.0443410409755,272.9814433729347,99.29418065584075,-1149.9835152284766,-199.0303622068711,166.98626485506304,-1299.979354850379,-34.553719565935644,-195.43712762413284,-299.97883951903424,281.87765397634223,102.67600123879205,-0.03400493103916927,-229.87185669094148,192.85182778204913,300.06709803389725,-52.05929007869035,-295.37044665822543,1000.0115177251183,281.9525332081608,102.63694027153399,1150.0418704741342,-229.7219477407275,192.84640296421165,1300.0301389289648,-52.087987370385015,-295.4405688747913,-749.9626634552087,272.9340672197221,99.36312250765818,-900.0187591857509,-198.98533157179978,166.98197904878958,-1049.9821553261095,-34.454830651577645,-195.3664663565505,-299.9776083750235,281.8479544702029,102.67015427165683,0.05229007532395498,-229.86369668943442,192.85157849551064,300.09371723596274,-52.06163948704079,-295.3579956223725,1000.0449427658501,281.98415499579676,102.62191392581472,1150.059713664946,-229.8073694167281,192.86831570575205,1300.021190192232,-52.10003944364217,-295.383356789422,-750.014376795222,272.91522119032527,99.41224436294031,-899.9749185068853,-199.06704869527255,166.9954764704547,-1050.0423246941339,-34.43746270199626,-195.3830992181692,-299.96693469354227,281.88553890989783,102.6772622235766,0.05399331919391097,-229.8825532997665,192.80717108034443,300.0746057502101,-52.04170973202239,-295.42478492893224,749.9581244435795,281.80651518098483,102.57760807894766,900.0217358152549,-229.86946475436864,192.7877885323756,1049.9503267962425,-52.10379172050333,-295.4260106980722,-749.8996678988057,272.9159732096275,99.32891159771799,-899.9566530377176,-199.02467649770898,166.97723908931113,-1049.9436220569828,-34.441572558024234,-195.43095196556368,-299.9576764006726,281.8897161507181,102.60720034877605,0.03762589137622923,-229.79266280344754,192.86383445694318,300.08173410779597,-52.09364154810342,-295.42181568047624,749.9942194679925,281.9347283849223,102.61721263885065,900.0406469470153,-229.73705589833287,192.84437337578228,1050.00741167058,-52.08589781032403,-295.4295019614585
calibration_00197,-1325.677027574002,155.86180015590963,418.18047718203,-1341.129995470999,-339.1790606725995,350.94240001777433,-1528.5171218978667,-129.02488463699794,32.10562114531142,-186.26191842054038,426.713036472501,418.68928888228925,121.81792599610499,-81.08971760728392,503.4283901898197,423.23371702833305,109.76068916496325,21.053621504890152,1333.2483104831092,383.83543772752995,83.13068752487631,1480.4671586390944,-135.6688161158177,52.37305667890394,1451.8241547808786,101.40982947532349,-432.81838786747414,-1000.0134587518758,273.0115953962607,99.2673263750763,-1149.9829297842482,-198.9538850855742,166.97525603542667,-1300.0109569115416,-34.451152110958745,-195.46885847255015,-299.95636457388196,281.943713461261,102.62634433288707,-3.564761152260315e-06,-229.75876759235163,192.936839835146,300.0180705207839,-52.10232005311835,-295.44219107682557,999.9742857240597,281.8641275833602,102.66293363007988,1149.9641805455342,-229.8328598575347,192.90434712237243,1299.9455552926113,-52.15674799966133,-295.4212855035009,-749.9536816733483,272.98286128697396,99.31797018722088,-899.966736997135,-198.9898075377301,166.95510000491507,-1050.0149770236164,-34.42314213969207,-195.47983660622842,-299.9636381402099,281.95750373987164,102.57116391623934,0.05853747554197805,-229.75775626179328,192.87878287845888,300.03227696825246,-52.12143483905762,-295.4165419704813,999.9342414180575,281.8695765067085,102.59420199854188,1149.989039979243,-229.8244308669022,192.92523774166605,1299.8763493152144,-52.16403552400838,-295.44076562717953,-749.9514425387642,272.9476695675485,99.22209342808353,-900.0255113729564,-199.01991946042807,166.94064371107814,-1049.9641518484864,-34.44927307721862,-195.44352173698263,-299.9775555773163,281.9769780727078,102.59101327180167,0.027170028786495867,-229.7449955678699,192.8835969694653,300.0432142680875,-52.065573189636694,-295.4366396338471,749.990440958996,281.94507443418337,102.69164964016147,900.0056584925418,-229.8503064156166,192.87040142859806,1049.9644138903786,-52.07327336180628,-295.31921980947965,-750.0196720444529,272.96764774725085,99.36898095487354,-900.0131902218732,-198.98100854043497,166.978327021999,-1050.0225894911969,-34.373400350576865,-195.3838478441385,-299.9758265113331,281.9471034171572,102.6418548715562,0.024427500966463296,-229.767366542716,192.8487248886701,299.9713996022278,-52.098064420831705,-295.48711944941084,749.9994190227759,281.9537529241904,102.63620409333966,899.969030146459,-229.8458991110853,192.78940219537913,1050.0465879004632,-52.12238864482638,-295.45532714213226
calibration_00198,-1177.135545881207,367.5090456044353,-105.09010913766107,-1301.4268299879454,-113.18990433807843,-162.8261963678148,-1436.7547535283763,126.49764572227006,-487.06418665758747,-68.66904951827311,-47.256889322077875,-60.57396488856303,334.9940471296186,-467.1596299986197,83.36781742195812,592.3684423316375,-287.97366484688587,-428.16589062513873,1010.7170961783806,156.78315413330537,-221.7769598531024,1177.4483835503822,-348.9073553686367,-126.93772375840368,1324.4532245864912,-169.63500766903692,-615.5246860436534,-999.9113172269801,272.97627156143915,99.40066512835233,-1149.9094393432606,-198.96600177089542,167.02083999204123,-1299.9018826900376,-34.44582561683931,-195.4273534290505,-299.9526914894674,281.84488673870817,102.58278966555467,0.00577870430059692,-229.83585557846527,192.8429812869619,299.9988615464843,-52.194308634050735,-295.4671885130922,999.977738030474,281.86785911467655,102.67350385803748,1150.0439239596728,-229.85543558523608,192.8541050922782,1299.978307657362,-52.1131023973422,-295.3743085156405,-750.020944247829,272.94587967652865,99.29718174706824,-900.006618930975,-199.09879084025084,166.95942430686378,-1050.0520877436777,-34.40298860648079,-195.45082335037657,-299.9788142900491,281.9477381685144,102.59427976598812,0.019698841368490434,-229.8116953159569,192.7610603390224,299.9778790549938,-52.11717688931838,-295.4208949815255,999.9919266650536,281.9097348932888,102.65727675551518,1150.0207289681525,-229.78499020683867,192.90031398285353,1300.0595647632765,-52.06764538169173,-295.41506931968826,-750.0379194865462,272.9571817092767,99.34952604690852,-900.0371417000842,-199.07509962431655,166.9207303404797,-1050.023295415809,-34.39459517407497,-195.4792689321302,-299.9891344635112,281.8792622418838,102.5301767673896,-0.03632646402455063,-229.8616201183549,192.78208466582143,300.0297366676062,-52.07311482939368,-295.4269071634022,750.0279264688822,281.8264741528349,102.65069410067812,900.0210466737738,-229.8670930283338,192.78794159687763,1050.001313352984,-52.1519192021088,-295.4849902295596,-749.9936440842603,272.9078854146059,99.35533455682233,-899.9844087382215,-199.03048781675037,167.04126543637966,-1049.9674271018196,-34.401719036417624,-195.3505051513068,-299.8961797833476,281.9081419251559,102.62909125551951,0.08473406472510896,-229.7596483064849,192.86200377716395,300.0633094645143,-52.13233763219539,-295.48458293830646,750.0638450760268,281.95089835940445,102.64747153286181,900.0453261302118,-229.82632783798556,192.81555933348625,1050.0117396069304,-52.080327380710656,-295.44449537402
calibration_00199,-867.8862365294358,636.1891225769126,-118.81594464290752,-982.3298754489397,156.7881261010384,-35.38708777656743,-1135.8704234626127,294.95073931980954,-407.2473709856849,-280.61444258614335,577.7205935912036,348.112638420667,-104.81189527899541,43.37226048236097,556.9408704700468,222.50109866191224,38.816489331484,54.03461729996139,1109.6258446457982,8.216721510335415,257.99497352380416,1410.551369601092,-414.3971470400861,410.61078613344904,1425.1735158674712,-330.88072556301,-123.48194960347911,-999.9902426401351,272.93152255213636,99.31445022072877,-1150.0155055520283,-199.06370478809737,166.99449497415395,-1299.9986761600974,-34.48040509534621,-195.4176834277522,-300.03057353433195,281.9544032868424,102.5916948865926,-0.0760705984053913,-229.77694953852102,192.84262073615622,300.01412748050836,-52.08058634668124,-295.412012086109,1000.0098389311471,281.9174945547925,102.56358302701543,1149.9840355191102,-229.76044795445364,192.84836865931558,1300.0179765612477,-52.05805423766103,-295.3940535974062,-749.923667538562,273.01049794865827,99.32497404669664,-899.9546764640708,-199.03880093765787,167.02037202540217,-1049.9457903976527,-34.39226392319686,-195.4443206738705,-300.0122589896986,281.90587657452124,102.61720653315636,-0.01713815985432767,-229.8040723067082,192.83781981297193,299.9769330373871,-52.04036044571571,-295.39641621018137,999.9523405155112,281.92866121159545,102.60925502257264,1150.038175187289,-229.75109790391443,192.84634705607328,1299.9886177012183,-52.07103718685147,-295.43200663324177,-749.9090019463267,273.07573566534154,99.3435785696856,-899.9516822000721,-198.97780941681614,166.95291167460366,-1049.9931925936196,-34.41520639130627,-195.42221721030856,-300.0262805036783,281.9174553866915,102.63850966500628,-0.05291112881962435,-229.78783553379026,192.80331123220645,300.0552870628925,-52.06665019393207,-295.41230420991576,750.058025927318,281.93360648106375,102.55912709543456,899.9968948902836,-229.7429799043756,192.75964184710608,1050.053244552032,-52.06194471498072,-295.52223268045924,-750.0026535335537,272.98078550123887,99.3876123598525,-899.938249431847,-198.9210026462722,167.00505770365086,-1049.978436709346,-34.44762188151158,-195.44155194746372,-300.02735676010826,281.89176483853726,102.63612851074356,-0.1253214664998164,-229.8385443773895,192.85584493410707,299.99909755911403,-52.086967302285956,-295.3716895232341,749.954413236793,281.81409915763305,102.63750009830683,899.9675908785064,-229.93308935064934,192.8857775869046,1050.0075225681812,-52.225420291897144,-295.4227645611905
calibration_00200,-1087.8354229805136,223.65681955517258,-264.04425446233097,-1192.2253896234208,-254.93350232265615,-164.08736930113932,-1332.3978288940948,-138.04784052021077,-548.3835794043829,-477.85743122671107,92.77343902534831,-40.87261443935963,-36.67508467287525,-313.850405485907,-49.25042100552082,188.0275800372959,49.295082821839095,-470.6509987843615,1169.885577771694,578.6754671439354,366.41153226636794,1318.9029313087647,66.57955710725409,456.3797970624759,1473.4762730009156,245.89961528763942,-29.880403544216833,-1000.0719282450549,272.8734217786808,99.3748597968584,-1149.9555565887852,-199.08359757607658,167.02285361581986,-1299.9995585656586,-34.5388572617318,-195.36567878285987,-300.04910919001884,281.8598610121851,102.5420134725263,-0.006894798934944591,-229.8913493772505,192.78046478105875,299.9568412655503,-52.06156576245624,-295.47902277915506,999.99488262182,281.9247464456023,102.62583719674134,1149.9949179050038,-229.82283906173308,192.86523297986142,1299.9959380911907,-52.05811384383617,-295.4324975396535,-750.0568399191895,272.930581641376,99.36167219226753,-899.9191519832848,-199.0241862140403,167.01738879843873,-1050.0375197583655,-34.48044120418309,-195.33668732953421,-300.08672836548766,281.8736557728968,102.559591274768,-0.04187217468959847,-229.7894388687918,192.76740994850482,299.92389395778275,-52.10565401459184,-295.48963822274874,999.9446884624556,281.85541374958444,102.61348072714789,1149.9855643128778,-229.82258128469036,192.8531019216511,1300.00132693966,-52.041404955207916,-295.40687834405816,-750.0082494955303,272.9299422460242,99.35600006586145,-899.9698040286032,-199.05810640506695,167.0221444452955,-1049.9310148020736,-34.557919649499574,-195.33578399235756,-299.93568201968714,281.9175720035179,102.56280314824468,-0.022161278019730286,-229.77932943053673,192.8398791092578,299.99934243415487,-52.096452705022834,-295.49501689030103,750.05570901893,281.87022224869554,102.61965959979666,899.9937514509651,-229.85794456121573,192.74782396687533,1049.9677989774148,-52.18785290543279,-295.53643721234437,-750.0470363869151,272.9173726619725,99.39021454508344,-899.9511728609333,-199.0355726565531,167.01593404514304,-1050.002461116224,-34.45470251491574,-195.40497052617377,-300.0909709678111,281.93647007199377,102.65550588598937,-0.03844554394334203,-229.78288455911,192.82501416517076,299.9690821428121,-52.02004053993553,-295.4301069393505,749.9875293652157,281.94983830587205,102.70101899337295,899.9269539921496,-229.8050701684682,192.8812686462529,1049.9813245612972,-52.08374877655061,-295.4168152343443
calibration_00201,-1241.746644294031,566.565646310283,134.5382070020002,-1376.968807415686,87.66552505239576,181.97164380407622,-1523.7555568982398,259.8523623203753,-178.2444556754013,-235.61474871323895,274.73602393200576,411.14032367143494,109.21893465138672,-215.45833347248887,440.340792633998,492.54154380458766,127.67250312837626,131.49791791952995,1155.429261738268,300.86122189261323,218.5048639839896,1325.9095323846814,-208.22816666205077,283.67409199291336,1424.654952396789,-17.833798888456762,-212.75617133921608,-1000.0968057388026,272.96302417919264,99.46001776613424,-1150.0312906131155,-199.0780354119461,167.0535904472686,-1299.9868305383275,-34.42088060051915,-195.3567297396956,-299.9550217415484,281.96761761101226,102.61096821120111,0.032567006457587484,-229.7925226411995,192.83307265432094,300.0592252542398,-52.040001425846974,-295.4225782999324,999.9452608926634,281.80849743017023,102.5710113565074,1149.9908138741255,-229.80460018470893,192.8224473982408,1299.9570404624872,-52.11984916416387,-295.4672490674568,-750.015137418641,272.9647768975939,99.28929589706594,-899.9723903893196,-199.00121887801933,167.0656052161588,-1050.012832297802,-34.486645057257284,-195.38829354508061,-299.97571693215866,281.8546331998711,102.5987499829425,0.07120919668143227,-229.8448078054816,192.86632859014952,300.123074709523,-52.0447799238665,-295.4339159259496,999.9892221567952,281.8869643217807,102.53959269222729,1149.9725402255497,-229.86535227032167,192.75895033009365,1299.9918066000505,-52.16142056263961,-295.4465632317849,-750.0562446584074,272.97079372177086,99.36457793054821,-899.9473369301322,-199.04131657733507,167.0561448429282,-1050.0608302257378,-34.49369257378635,-195.32598102526862,-299.9840448053887,281.8632089785364,102.63004740135847,0.08764780866695396,-229.7919588501728,192.84241263308277,300.0941333889643,-52.050666040420694,-295.4124796946417,749.980664232717,281.8516841010785,102.60945453212018,900.0223023200136,-229.80847213207318,192.81250513487552,1050.0298433706964,-52.094923771995724,-295.45665779778534,-750.0429271156141,272.95428799630554,99.2522698685229,-900.0028608192505,-199.0319625448801,167.06793264695344,-1050.0286902808007,-34.54371974772701,-195.354927945616,-299.95844211232475,281.84880195095496,102.65527388152317,0.0726973970525186,-229.83576453118854,192.84079359544467,299.9943378513683,-51.99868923352708,-295.41481230678977,749.9514129957163,281.84631567284373,102.63635751657999,900.0070031781246,-229.77887853275175,192.78213090673742,1049.9573649791403,-51.96856072395585,-295.42239071152414
calibration_00202,-891.7946414715491,472.4167937132357,266.44517462805834,-1130.4541724343144,37.322787109640636,326.10403984727355,-1114.6049151775533,155.7858756917241,-82.11638479866674,-348.46793226494475,138.56226082385797,89.34143839348651,-37.2019193365279,-373.9503894621065,68.36147154483616,286.8404274181484,-72.85520935086701,-336.929044258368,1246.9858664413787,421.76241114846096,-81.52118931919145,1237.8892187015672,-118.12222999622517,-50.70901189275345,1330.6598388654013,59.9863752612567,-552.8570670170031,-1000.0785028500683,272.92852442954944,99.32473087625019,-1150.0391340938402,-199.0605112142497,167.02327278202998,-1300.0265623500145,-34.513461074593764,-195.50406235430248,-299.9922644627008,281.8646072979299,102.66286189893786,-0.01054965184225824,-229.83418742321942,192.7811835078003,300.01381962625396,-52.09058740896605,-295.44646224389436,1000.0242891077345,281.97388868256,102.6065622579891,1150.0204285129064,-229.67941731092844,192.93848922318588,1299.9663515808127,-52.12917818604809,-295.35726969360985,-749.9038471315836,273.0494616810957,99.2960183867763,-899.9687040021508,-198.9494459968499,167.02883328189415,-1049.9771009542733,-34.388751469856665,-195.39617556510547,-299.9497993475563,281.8555453112124,102.5977353468661,-0.0042708679581690105,-229.8724007391909,192.79408118660874,299.9887352239119,-52.0441234098566,-295.4494967367733,1000.0148941303637,282.0268995470128,102.63493266188539,1149.9326252233363,-229.67962649089628,192.91913208540808,1300.0170853758527,-51.99309494631295,-295.3720666110524,-749.8940171008087,273.026948379533,99.35627632215025,-899.9365832530984,-198.93779768078397,167.02345806088186,-1049.9963213375913,-34.309781307428175,-195.38794187145686,-300.0394338927889,281.90309179348503,102.61365407519591,-0.028185862040957063,-229.84963640812975,192.75238412340912,300.0197279537341,-52.07268114140521,-295.4503219127372,750.00176244409,281.77388149889305,102.65778297465272,900.152251461024,-229.82355364717966,192.77317102389242,1050.0425344380362,-52.13547199355047,-295.4514973529603,-749.9422168622882,272.9380268804757,99.30793415187107,-899.9522827927696,-199.0106348615209,166.96576875022512,-1050.014701384388,-34.512525118183476,-195.44488788718076,-300.05645272279315,281.8726496216865,102.61340932621586,-0.117822390827202,-229.87241994913782,192.76949400859905,299.92474753354537,-52.06633269170892,-295.5365043606048,749.9329859772388,281.80147037179637,102.6524836441584,900.0688865542079,-229.80233530211794,192.8674017195577,1049.9408317291154,-52.124513451308744,-295.44480148106135
calibration_00203,-817.6466143994253,378.67017615209164,-71.23943439435222,-949.5641956412753,-93.06036902848018,-170.96814075657738,-1077.3362847646295,175.89494717687978,-474.7526907125854,-476.5868924335313,111.69189420599182,116.13786281995242,-176.7212523499716,-405.59091777083927,165.94927409674494,59.77847974045817,-231.91223554853917,-357.43787086482126,867.7463204403575,459.50577575903964,382.3092327938833,1039.2371091033428,-20.58343574915764,563.0104953937622,1282.1841496596414,127.5369763195648,103.1052814837708,-999.9959979377414,273.0207738117289,99.30829494178182,-1149.9858794466106,-198.94131113183528,166.9327284952214,-1299.919563029997,-34.421846993788016,-195.43485021922626,-299.9484642139792,281.9345057107751,102.70318733801271,0.06105778800251235,-229.79879335424934,192.88888328404647,299.9808768282037,-52.11087694840767,-295.4498288601235,1000.0019243853017,281.93343292686086,102.58044793325952,1150.034612361699,-229.84208141897943,192.72615517569545,1300.0573286926442,-52.07349336376041,-295.4726817161136,-749.9834449907108,272.8973457866584,99.27861633053908,-899.968815531286,-198.95453621524356,166.97132746583569,-1049.9597276083825,-34.42766029000503,-195.43797595821874,-299.93617961398684,281.9563049302862,102.72867364819813,0.054952281145680196,-229.86255185926726,192.83194226406613,300.0544981156287,-52.115177662839166,-295.41742314131716,1000.0077796505158,281.87976824424686,102.60533338197033,1150.024149833032,-229.85230932526918,192.73593553603416,1300.0266932350416,-52.11781637084765,-295.53448943715216,-750.025665647871,272.99978571162785,99.28034854954728,-899.9979149845273,-199.0295619381164,166.95307518944824,-1049.9651595478429,-34.44853098193209,-195.48485848719992,-299.90729430847927,281.9238880699256,102.64050247572973,0.02723733267957383,-229.8419913257743,192.8139099667346,300.02678345417536,-52.104242149973885,-295.4274649520721,749.9958393575579,281.90474390617885,102.65084881527451,899.9551444858483,-229.80633449624833,192.8465883405278,1050.044785518318,-52.10145751772458,-295.4542303965738,-749.9950013596024,273.00079848939174,99.30046309595866,-900.0162704412076,-199.0524131080726,167.0457235773672,-1050.06925560477,-34.509273815475424,-195.41230430410968,-299.9608613655175,281.96150680179557,102.69508900697664,0.0632108040158392,-229.81119857159615,192.8243552020743,299.9374573818794,-52.12231984333103,-295.4872239064342,749.88888556341,282.0039576678001,102.5182734078616,899.970077890332,-229.75628251346325,192.80882160190805,1049.9247537672577,-52.03314882339317,-295.5011105172995
calibration_00204,-1335.160107658239,586.8724094968641,74.76272006959499,-1391.338237417362,91.48377950406898,109.75771310906968,-1532.6994932453763,242.1038462494318,-262.01263107284166,34.14207920212307,594.4101267548273,108.87220461106185,131.2583861261595,27.354543747318168,279.0480044772316,460.28281130976296,12.46360048909135,-222.4656121308658,1020.2428067644468,563.9055275729473,80.27800692418916,1242.9368639123475,96.33173955476799,235.93245103454788,1416.3616128468643,257.5346849387374,-250.26357421779355,-1000.032069304284,272.93679099734925,99.30641695788499,-1150.0371877817302,-199.02827761083205,167.00671232283509,-1299.9969095583856,-34.44732399234813,-195.3612927688136,-299.962987175389,281.98073859364763,102.64031035198201,-0.0449900552913896,-229.8157959520841,192.88239663487767,299.97677600122563,-52.08339311190343,-295.43750135236866,999.9645236344676,281.9461277204392,102.64115580363989,1149.8820293917076,-229.77544179046893,192.90963430413169,1299.961414599874,-52.093908099860066,-295.3766623171932,-749.9942841933023,273.0151692721586,99.30017749932345,-900.0194446432055,-199.0020064728901,166.92161182108856,-1050.0086196425207,-34.43201913118471,-195.47344527778944,-299.9214536908299,281.9825182197786,102.6570814638038,0.002326273657954958,-229.77657982241806,192.84791235465548,299.966585750352,-52.01792193042748,-295.41394364014326,999.955668774276,281.9596620487609,102.69461793535602,1149.9555031373973,-229.8075599663192,192.87713813822563,1299.9948990818948,-52.070255919275326,-295.3648770972075,-750.0290042785796,273.0421688457268,99.32088839117048,-899.962829508099,-198.96254074428387,166.9574702752864,-1049.9377855039818,-34.406526018348664,-195.5639832039813,-300.0426747024834,281.99815310561,102.6825053677244,-0.07842303670566081,-229.78983270775538,192.8495170024169,299.9629206326172,-52.05454306358716,-295.4139072471538,750.0054559824174,281.8914290903117,102.74347455572037,899.9783158836758,-229.7761191408018,192.84588723159817,1049.963915755099,-52.02806562579287,-295.42122833743105,-749.9727582438046,272.9710527482388,99.31266737818699,-899.928430627434,-199.02135798163476,167.03331376174188,-1049.9521235563184,-34.48650062481423,-195.4279933417192,-299.9234276253649,281.94780961380167,102.64033472348446,0.006799910755419785,-229.75412697928013,192.92178028721796,300.0004877726861,-52.17399827241289,-295.41808743602706,749.9946864124287,281.88759227857355,102.47490613359123,900.0418260826028,-229.7893495991694,192.8301693822313,1050.004268112201,-52.03428004773404,-295.4361589087437
calibration_00205,-963.9074516133967,21.812169353347162,64.37192784285031,-1056.0765260694418,-468.96418452720303,83.3010230468142,-1111.3226302699932,-311.379228827172,-307.8722706300699,-172.12325963265516,532.1918847130063,132.8065785248046,153.4313454283542,65.93998773089032,324.0862606244296,434.4649575942757,143.55570424922692,-200.32256311321427,780.2435168457567,153.32550813662007,262.37810434111475,893.8208946626323,-319.6806076921639,498.94081712083454,1109.773196231682,-276.998887380039,4.889362356260929,-999.9105101172169,272.920423247319,99.35008746081449,-1149.878196448863,-199.11640777924902,166.95884746067384,-1299.8701843221272,-34.43894733699183,-195.4154745747527,-300.064768849157,281.8963306550899,102.61150356876314,-0.013178757455287158,-229.77224771232787,192.96198575260465,300.0508194387617,-52.07454788380195,-295.36819858442834,1000.0352737711328,281.9592479271234,102.63395781021663,1150.0575304711435,-229.76467064136907,192.84567192130666,1300.0229741157557,-52.0973470344938,-295.4435741136027,-749.9909224624569,273.00181607662245,99.3361296836307,-899.9763811466509,-199.04959030901676,167.03921224567773,-1050.0152644545942,-34.42275192641276,-195.41128422582517,-300.05946023673937,281.9166961731764,102.56675115020141,-0.07854996089732956,-229.76131741189374,192.94396476729582,300.0374977789805,-52.10809887714216,-295.3828016197501,1000.0315456935227,282.00312592978975,102.59154143238761,1150.0145165224478,-229.74623004853566,192.79767596998565,1299.9784087854516,-52.055383272695856,-295.46130611188977,-750.0347803538032,272.9469291150136,99.34548078112837,-900.0204637042403,-199.04553469817068,166.9871515433388,-1050.0627999406106,-34.463417708015996,-195.3412719447038,-300.0695496976583,281.8970243730586,102.53727621462971,0.017793434752803733,-229.8155407532854,192.89288848943235,299.99330244770806,-52.11892378874208,-295.3679577456546,750.0376712147655,281.8686288264061,102.64095841035152,899.9746168096457,-229.86546930408937,192.88462710207472,1050.0691780423135,-52.13267551171347,-295.4063428490662,-750.0182990730399,272.9971041991192,99.3368513351445,-899.9877290786482,-198.96449434582829,167.0035055569261,-1050.0701326170458,-34.41576756621601,-195.33574943998087,-300.0230745252156,281.9121489695158,102.57395277134326,-0.00779634162328963,-229.74963015274372,192.9336835765206,300.0263155517016,-52.04645704963019,-295.4109845409265,750.0183470310166,281.91808248080224,102.66940235658609,900.0277452248259,-229.80282878513813,192.86881416733746,1050.1056192211474,-52.10739693742115,-295.4387166024928
calibration_00206,-795.5268935484086,560.6366050633861,-199.41898406490756,-948.3855307354104,88.27708100624673,-140.85356060595902,-1092.357345855225,258.7639912177705,-502.95885034796703,-540.3848083813627,45.15981025158079,-44.32468105004219,-264.07815664868093,-479.7230305295758,45.85361618616263,61.26400935211348,-304.0175129962721,-426.6080985461498,733.0106557873171,574.3616158262018,420.01860124376867,884.7364321029337,64.88845558413014,519.4349122330572,1089.8795962367697,256.5599447666089,57.234245644746906,-999.9548943317935,272.8935415644463,99.36256507696301,-1149.9735402866406,-199.04112645033413,167.06288479395428,-1300.0242310151718,-34.443394956851535,-195.3679488855682,-299.93628145708806,281.8921841634261,102.67588781577425,0.015827403815663523,-229.86126007301,192.8231786416283,299.9493165751204,-52.22343959690842,-295.5311663297193,1000.03314315205,282.03179898938964,102.59798453961504,1150.0491215973516,-229.68225623121185,192.84224369074738,1299.9984579864465,-51.96361403480181,-295.45627695346303,-750.0348246825739,273.02732436383104,99.33753544423206,-899.9868088083948,-199.0588593124927,166.98784976593853,-1049.9611170272135,-34.50793140095418,-195.42617168503781,-299.9553693244051,281.86440866170585,102.58703767670019,0.005961951156247425,-229.8946737963991,192.86767512844082,299.91775795524933,-52.22613058461975,-295.5294161721227,999.9685658615803,281.9870855101056,102.62582496436085,1150.0552311175109,-229.67939810112412,192.9060684627631,1300.0189508175229,-52.0027587778872,-295.4217215015776,-750.0809534762376,272.95401126617526,99.40747691996913,-899.9487198876413,-199.014071440631,166.9418142575435,-1049.9525021938632,-34.49195365751784,-195.43234232532305,-299.87413112935786,281.94883100012123,102.58540357608838,-0.022467424517256303,-229.87990790575876,192.7841809655372,299.9256612821897,-52.16604335815322,-295.43509789132196,749.9498952694985,281.8880744736327,102.60425877246345,899.9848095024324,-229.78783279703862,192.82788370852782,1049.895135281603,-52.061359262046956,-295.5159113111066,-750.0717947851199,272.99805233964116,99.33688884669617,-900.010036198597,-198.9786230527437,167.00533460975825,-1049.904035824174,-34.41601487490139,-195.49414355509637,-299.9855861130582,281.8772374021023,102.64668270483307,-0.019226684335193027,-229.8676169411024,192.82904604940077,299.88948726272383,-52.167948197308895,-295.4392838606799,749.964569636704,281.91360748756324,102.57041632339624,899.9188284409865,-229.73423891066787,192.87866040852816,1049.9756926228092,-52.08991297698305,-295.3940992033395
calibration_00207,-1150.0815510679565,-75.02169197586569,244.01725938964546,-1206.4137369633556,-566.6005887784878,172.9954337930162,-1427.631841214526,-338.1885680543552,-109.6021246498358,-24.330439388362333,447.99121198611056,-7.069494437570616,273.3822073605768,-35.31493811043902,187.25518093680498,450.0557177939429,-63.65162707639634,-385.4695166102374,746.9481957333214,445.4163047680397,325.64970997628285,896.2742604695881,-68.20049484589168,405.970176977227,994.5384483367155,100.52525709920398,-98.32768483750715,-1000.009257512867,272.9826512939125,99.45231130746359,-1150.0087469309844,-198.99638684519633,167.02597548659975,-1299.9391029185626,-34.45202531349255,-195.44635509682922,-300.1253519294724,281.92561498617124,102.54641474779535,-0.04628100564421498,-229.77973494169711,192.82167408522653,300.0041647346189,-52.091057351525826,-295.40620741855025,999.9471557358296,281.8387606426131,102.64494268927434,1149.9579051950523,-229.81535956178104,192.8104906383842,1299.9898822412924,-52.12944468145921,-295.44160664612014,-749.9907999392783,272.8822793556646,99.30779871018586,-900.0319727929747,-199.03758532574733,166.97603386720817,-1050.091240768972,-34.461447668839746,-195.39452045712517,-300.0844346913468,281.91143073133657,102.51667946831056,-0.1053766082837154,-229.79090816307564,192.84234814300942,299.96093280353927,-52.05257761852243,-295.4200261794911,999.9993339545609,281.88420744533477,102.62039610585445,1149.968234480485,-229.807233196669,192.86019828766618,1299.976676089956,-52.13520409408738,-295.4234860348147,-750.0081092504729,272.87338018157413,99.30716831002904,-900.008419876744,-199.05088986413364,166.9958507854812,-1050.0604987684937,-34.48679634375953,-195.40244400892618,-300.1343324775124,281.94675585726833,102.57715526341795,-0.12788326035782321,-229.79155607613203,192.80094245794277,299.9793877327467,-52.08013693991868,-295.3817610996733,749.9964755074461,281.87738956394026,102.54431093053957,900.0619459140989,-229.8415091275422,192.75792634036372,1050.0304834297042,-52.069038274659064,-295.5480596494254,-750.0086306775546,272.8791871616445,99.34527854191745,-900.0296754861156,-198.996103171004,166.9731651999824,-1050.0215390811418,-34.44507756729022,-195.4583130856708,-300.04085278208186,281.8825540150164,102.52535539216849,-0.05603256397736426,-229.81599267813155,192.78210242060155,300.052754024703,-52.1099002099308,-295.3744541637979,750.0805813229471,281.8597897129015,102.5256577408166,900.0415693559233,-229.91590600046592,192.75401556372742,1050.0785956600084,-52.17217652802014,-295.46755454427023
calibration_00208,-1208.4513651945936,417.9600947741542,-222.47560023016078,-1488.402529839126,22.503459358861495,-99.76519353578594,-1552.9657214296578,144.94557821085994,-501.93878779866867,-454.6906913883213,600.5187089906854,152.07641559298096,-315.7633524768284,41.0808657148552,318.72526724517115,124.01531849474388,111.00575189667863,-83.28479789193939,1228.7261596667283,278.0269529617778,-178.71056575735162,1386.3271244625898,-223.59541678312922,-52.03653140374605,1582.8139875192758,-57.689776304542754,-527.8464431209534,-1000.069707016533,273.00040659206167,99.31060759593764,-1150.0293203911272,-198.9229018802767,167.06217403700967,-1299.9995861805817,-34.37974988156448,-195.49425352500072,-300.0227386525365,281.9236846783266,102.61616471600333,-0.04296975155176502,-229.8060715780995,192.86257964778412,299.9730416115989,-52.11131867332992,-295.3705543771635,1000.038537665433,282.0028409708331,102.7422848278734,1149.9805347384722,-229.82192464521225,192.95189923973277,1300.0171902537206,-52.06084496617702,-295.30530626322326,-750.0431328666726,272.9023575061887,99.34891110245475,-899.9710443470112,-199.10556682187098,166.96647608377273,-1049.9700498224236,-34.48803674571837,-195.493746407787,-300.00480507948606,281.9539432475293,102.61961692768604,-0.03257290817787249,-229.82345230735572,192.78265833321996,299.98583790096126,-52.12059009214027,-295.4691076338378,1000.031631146173,281.99374693172456,102.66311669842239,1150.042972004956,-229.74672110787012,192.92780568172392,1299.9984779930558,-52.00393551660158,-295.3569163012644,-750.0237110831497,272.8991980957073,99.33973966963913,-900.0374530512382,-199.14157032423142,166.93699582775463,-1049.9913407194524,-34.5245608814373,-195.46517410256027,-300.001045341309,281.90102150971865,102.56478587773452,-0.009763362039857035,-229.84457801911188,192.85613668543186,299.96828060829455,-52.11616960832656,-295.4596778661509,749.9836032393673,281.9023467873681,102.51273803702607,899.8677199727006,-229.86318989312426,192.8892650661747,1049.9568364587626,-52.12815032414058,-295.42379344522243,-749.9860109344573,272.9149553029822,99.43480237637331,-899.9749312943991,-199.0875524751956,166.9788243667172,-1049.9877996293237,-34.44761932717984,-195.49085248963064,-299.97911169591083,281.93351173457336,102.65334213406724,0.010886341178264834,-229.85467428694724,192.91456416994893,300.0751109374685,-52.08002864927051,-295.4009591039964,750.0543307591121,281.8981671249456,102.65536992958658,899.9416845832787,-229.88763467252323,192.91632404328587,1050.031382368887,-52.19090412496706,-295.39014425187196
calibration_00209,-897.3173701451658,-103.89961032544825,309.7863683467127,-1055.6314739440165,-568.0476525884054,213.26002250533492,-1177.1123238295302,-292.5290252288648,-87.1934262222949,-602.1200459526451,250.81880925264971,448.33453935972096,-291.5811880648545,-262.4049856152911,457.65227076506994,0.7712026581237396,-6.116846656666496,0.6271188489242486,713.374931499518,26.32625354570977,396.65370186492834,886.9289375301511,-453.762507920784,575.2881332437988,1052.8678269326422,-346.66135514207826,71.77390045074212,-1000.0105429273243,272.88152362788804,99.40990377971178,-1149.9298796969767,-199.1168232630896,166.9959571639444,-1299.9668121872387,-34.46891237022579,-195.4764635509288,-300.0121161938373,281.86621143979687,102.68673794767763,0.0976026394225391,-229.8167830568365,192.91968164612857,300.04200585365516,-52.136641221522424,-295.4199327891579,1000.0036935267635,281.88415460819823,102.53371935437916,1149.9903455883218,-229.8281737280654,192.72215225941133,1299.9891955681537,-52.10758058620677,-295.5082663264023,-749.9798568193378,273.03234616183374,99.31695761710888,-900.0025681394267,-198.92670128503283,167.0032991408309,-1050.0345183689633,-34.408910025758104,-195.4451050064351,-299.929606770335,281.8745497121435,102.63171675205729,0.08473725741622351,-229.8290856700257,192.8673885022457,300.05559793514,-52.17372037226891,-295.4286072449821,1000.0030160454961,281.87416391651055,102.50049852921947,1149.9745335456582,-229.8045556511044,192.78230906305328,1299.9486204220377,-52.11411941567443,-295.50779135672065,-749.9866523525507,273.0182058016072,99.2868914814211,-899.9985752332477,-198.9656120924852,166.9702144580894,-1050.067991420358,-34.426801545478476,-195.42211908946365,-299.91720668423204,281.91760455533534,102.60712499229976,0.1152130949521133,-229.84614112172935,192.8965817186458,300.0478497052806,-52.13526358049166,-295.4806690552023,749.9633300541525,281.9503046386034,102.65688779318927,900.0143033342507,-229.76458224303275,192.93145159018846,1050.0597843451305,-51.945774657453875,-295.3793123661608,-750.0530981609601,273.04068870670693,99.34166054313206,-900.0873771620763,-198.94374736839703,166.9499649400336,-1050.097675436507,-34.34494219252695,-195.41071705435894,-299.9811713460804,281.85129710206945,102.59632249267365,0.03690774159951111,-229.86345252278,192.84553365626385,299.95499045803456,-52.2508146217752,-295.4771388483129,749.9685610683841,281.9139872639861,102.62916990843699,899.9926562980764,-229.85803442787994,192.85505372521237,1050.0106027843249,-52.124323165326906,-295.39821170902593
calibration_00210,-1291.2095859379447,244.05309834851278,380.56071756755335,-1461.4421552550114,-223.2019610974873,431.23028997469277,-1616.8682550205804,-33.75468508161504,83.56329994154767,-348.66398467469287,238.4675204826212,156.21029957316182,-9.463121141327049,-251.76968475241927,223.79445839473541,281.4987570600154,-23.733780619712586,-248.79042332298943,1108.4636249881087,192.99889489883319,85.59500196722114,1349.6104538320378,-283.94944362183355,168.8262900274746,1428.616778990152,-95.52269401938027,-331.9441207698251,-999.971806828065,273.02409406453324,99.382203950953,-1149.9377400420144,-198.983441025059,167.15140423045295,-1299.9539381283403,-34.546247522949166,-195.36047778263227,-299.972320062936,281.88855977573155,102.59876083559547,-0.04578062847864873,-229.79819093244376,192.85227075616103,300.0263633305582,-52.09878907700195,-295.4088581131567,999.983322340345,281.92424958341894,102.6332079441414,1150.042271678551,-229.7519604823765,192.91196245262626,1300.0217891231896,-52.08315377925722,-295.4155862659013,-749.9678354430657,272.9806117812184,99.38829095946664,-899.9774869291412,-199.0427270642097,166.94871508217136,-1049.9852772463921,-34.45936573570699,-195.42734467548917,-299.996805070172,281.8855725896293,102.59243166079293,0.0422686069752223,-229.78396140950193,192.86594594861262,300.0652380441897,-52.09463105171572,-295.46962152416467,999.9894917510694,281.95151637526146,102.54648456406642,1150.0290216971232,-229.82424981157968,192.8658502074196,1300.0759501508483,-52.10195325892648,-295.4215663018491,-750.0003596785422,272.95695328829066,99.35076860879003,-899.9997189507266,-198.98640042630424,166.94049488408027,-1050.0800707869664,-34.42236698305359,-195.42052181016882,-299.9833240325526,281.9059248913543,102.61858158598555,-0.004140273020067909,-229.76776083338333,192.89609558456908,299.9978385704305,-52.119848868644425,-295.4091597147569,749.9895404764213,282.0107430805198,102.6627581506407,899.9557441556086,-229.7418934050167,192.88136379397673,1049.9024379269615,-52.07866672719546,-295.4273315793213,-749.987949908519,272.87837492717455,99.32972978804281,-899.9632028001972,-198.99803952386725,166.95998585510463,-1050.0319072943444,-34.454239557738994,-195.4434918422855,-299.98106420089107,281.89673319555453,102.57574272075748,-0.014924265335031064,-229.79699799589113,192.8482737253652,300.0470586964965,-52.15060729865137,-295.44306348492154,749.9682534417218,281.8709372644712,102.6710417690708,899.9707838986564,-229.79792283737132,192.78500421556157,1049.9274304912126,-52.11814455739766,-295.4456567697256
calibration_00211,-671.4267212892898,446.6332792248278,-198.35662638492065,-860.6751484457201,36.201115826422935,15.186057307855231,-1012.7932793312087,96.13051624780874,-377.48853918599474,65.17872330965238,380.1109707837154,220.340515112841,243.03441865485402,-182.2789951137368,330.00202551827647,417.7875739750072,-158.84074611544762,-243.52307491616565,1338.0819611976644,-47.197464417781376,-224.5021222515071,1491.9578617553261,-557.3396769749467,-131.96688469876125,1630.7936214657457,-384.4086673038832,-625.3045893501758,-1000.0441489672716,273.0189818099672,99.43114368992477,-1150.053430309059,-199.02404951882488,167.16565745803155,-1300.0608311328476,-34.411423317961535,-195.36223399627417,-299.98900136357054,281.8355080366264,102.64010636305703,0.01617818977708795,-229.8128725078793,192.81343764519602,300.0869969931504,-52.09122487793201,-295.35650533731103,1000.0311171068885,281.85735053302886,102.58072125976193,1150.0217288515646,-229.84175336965512,192.82196176642918,1300.0533887432646,-52.01085333581838,-295.40375261194913,-750.0172667006572,272.9799036619808,99.40651029552892,-899.9913819367524,-199.00425435336294,167.02485107479762,-1050.0219412738563,-34.445869540526125,-195.43409548811513,-299.9908180604009,281.91214972249986,102.64236751024463,0.0645820195191595,-229.77475209948864,192.88447491728277,300.0024607832767,-52.10138957959648,-295.35685920931724,1000.0084934923179,281.8396508583239,102.5602138324366,1150.0474112478385,-229.83118073164013,192.8443361929455,1300.0381066371872,-52.06982499570368,-295.4241689482557,-750.0195405706953,272.9291576990038,99.3641071970606,-899.9571583549091,-198.99302469974,167.00024796476745,-1049.9965655219576,-34.38378028715178,-195.4623053809678,-299.99903755900675,281.859133888585,102.63590508715595,0.03245130048087071,-229.78121167615552,192.9244835564917,299.9870171299448,-52.11391493544963,-295.33528615342885,750.0000927732228,281.9244460201954,102.62103740389949,899.9192099852796,-229.81685117731806,192.77432958906078,1049.9730390944248,-52.07348078832116,-295.4385503916875,-749.9588822909147,272.9544636172359,99.39909708785532,-899.9151582896451,-198.98051143772986,167.0690756102423,-1049.9813847157163,-34.39288531165188,-195.3323593934084,-299.88690872552297,281.89726715382136,102.69113290303945,0.13609526601562966,-229.80672700309478,192.8850816753746,300.1105469815011,-52.02874452037467,-295.36766728036855,750.0968024224774,281.90044375554584,102.65346636734523,899.9853043778317,-229.77387965819747,192.86205468264075,1050.021296884209,-52.06341308436309,-295.4304251847804
calibration_00212,-778.8435667210052,218.59170552327066,153.50685979500207,-934.2237603596703,-242.5718606869618,267.65066862901784,-1065.8908233232169,-120.9063881908049,-118.07755993201658,-388.74675335228477,94.21126047075633,188.2232252791409,-162.75513146216036,-461.577372491717,185.19505225872268,100.60396673157082,-270.74785045102635,-319.090828943095,760.6228138229416,354.29922417982186,17.8555395039634,959.0092454686073,-136.71974527770354,127.34099353939295,1069.2024835893494,24.45044672029695,-377.04004471569084,-1000.0281868262849,272.94188741119854,99.43561048166235,-1150.0508970869803,-199.00619637502433,167.0422565572011,-1300.0054833337463,-34.502172897828636,-195.33898164190782,-300.0057730742495,281.9463930521749,102.51258786760594,0.0074709735607878525,-229.75991451695296,192.7898751791273,299.9512612896278,-52.07265597182587,-295.5067676244353,1000.0036693474575,281.88223901229065,102.57514563912697,1149.9294617491287,-229.87180656731974,192.79035280993907,1299.9715180043816,-52.19568693878587,-295.47156073616384,-749.9582977400495,272.99848178920564,99.39371257328276,-899.9602488888247,-199.02513566031817,167.055821054808,-1049.9634192721942,-34.37663259265305,-195.3122075342013,-300.0601940551986,281.91681656036536,102.52159624649398,-0.027017346498527127,-229.7669613124198,192.8079705903914,299.9530136452492,-52.05687257706189,-295.51536131014825,999.9776802060277,281.9132401084301,102.56723560961622,1149.931188073687,-229.838844437602,192.80030123660137,1299.9996223813073,-52.171047527475935,-295.43930848512304,-749.9383568367272,272.9896685896987,99.47333578560826,-899.9270415310214,-198.9858833446,167.06712179639828,-1049.9830649296323,-34.34918893548173,-195.39128303852286,-300.0871906251751,281.9462055066672,102.52468981340373,0.017035433353407552,-229.79522824235423,192.75338470989553,299.9956461915461,-52.04710035662691,-295.5850870896833,749.9915601134132,281.9005172741207,102.56586648193525,900.0558245393114,-229.85497184027147,192.857572020306,1049.9464788834225,-52.05026127319058,-295.4830753002936,-749.9743370829585,272.97558329849494,99.37441364292044,-899.9719319139118,-199.04847164909097,167.07529756628855,-1049.917548949085,-34.49821694951939,-195.3631897817027,-300.06857428994783,281.8857833212046,102.47964275338254,-0.06452564560269447,-229.74456581013106,192.84764415942442,300.03296570029835,-52.186205739229976,-295.46127427790634,750.0479383966612,281.9211038529286,102.61503516087782,900.0354542986857,-229.8219992704553,193.01597533823295,1049.9601650764723,-52.18308728289797,-295.32344116755087
calibration_00213,-1086.7841428632469,-42.26336103601079,312.1729056424076,-1215.986922029706,-523.6875056146116,350.16922775697844,-1230.22564551431,-385.99531792712486,-52.032271465566744,-14.976998063720707,204.32021319506953,336.02973914392425,350.87642723033184,-261.12160995486477,433.93252705939625,551.2180864797934,-122.30232571049602,-114.33754861178397,1393.9734004961615,265.5863565144576,-95.41334805434352,1473.0034337732923,-220.5358832522892,127.95875306894838,1616.6015067525957,-205.27831743818277,-393.25297249554984,-1000.0380825825528,272.94537419555684,99.34051043180682,-1149.95726981054,-199.0753448724958,167.0419078234272,-1300.050941714162,-34.50165673731376,-195.29727812674273,-300.0204294585803,281.8897695151282,102.59571451388528,-0.027925062890456927,-229.8788682347152,192.84734343816393,299.9340733307987,-52.13881405184558,-295.55530703273166,1000.0238418193755,281.9205341410336,102.61904521601242,1149.9438506106237,-229.84101772939172,192.72048947941596,1299.933196128071,-52.07557292783315,-295.49471312881684,-749.8976345851221,272.97452659810864,99.34950388968082,-900.0327854694066,-199.0090014067468,167.05623806458087,-1049.9470051269218,-34.43419026113047,-195.4272217958772,-300.00130747031335,281.8376068104012,102.57671756901891,-0.03686385452373102,-229.85567070204868,192.81489275157688,299.94502209813265,-52.13908983269307,-295.49982139124126,999.9904339035135,281.90516508890136,102.63530674017858,1150.0023331944533,-229.80795217498826,192.70487609248292,1299.9878236065142,-52.0377363214763,-295.52310716060043,-749.9687749661325,273.0152141069731,99.3633093140083,-899.9507329397759,-198.94280230320788,167.04709367468686,-1049.899518881982,-34.429820136473126,-195.379509499069,-300.0382190417724,281.8440187016899,102.55874281271646,0.020302420864646745,-229.82307847623056,192.78780828373561,299.94715485399985,-52.13888133877873,-295.5131912072387,750.0385607554135,281.89098979194216,102.66223062328973,899.9994876199927,-229.8079556884412,192.87064841764374,1050.0350669931247,-52.12472160002229,-295.44704962091754,-749.8929769204564,272.9354688376713,99.31078488430578,-899.9786102860963,-199.02697915633593,166.90185963359366,-1049.9203863848295,-34.49328284336215,-195.55300667313193,-300.11221405166214,281.7890254546446,102.58620954547833,-0.02419994558741098,-229.88224551205477,192.77801098350332,299.9355362416896,-52.143203974341894,-295.4678289053734,749.9250768133118,281.88311023564506,102.65852908478374,899.9704172159664,-229.7848998991573,193.0260763129518,1050.0762727210808,-52.08994093974224,-295.3095547824844
calibration_00214,-782.9081565073775,321.7889027310674,-92.62466679737402,-1007.4168200023147,-114.54888381639002,2.433373104171608,-1121.0057867656512,44.21311056003863,-375.469383857125,-446.9877861260691,132.59334243235145,-201.2699074162571,-225.16650536110956,-374.6753516526736,30.041953793203536,108.23841912738081,-367.608149095826,-468.69836729923463,1137.1308114057874,298.64742969564185,157.68018236221954,1268.5900890373568,-220.86058627023377,230.29932139249001,1337.3589042719286,-58.43430719165549,-280.9725493627842,-1000.011170106388,272.9775618884736,99.33831934951904,-1150.1170593769427,-198.97299153331764,166.99522937865547,-1300.0519639457164,-34.423080929422476,-195.44692617964583,-300.02546948462134,281.8999232813309,102.62029652723498,0.012650679142578525,-229.75861018315348,192.8755099128172,300.0097573443463,-52.05893105664082,-295.43533081436664,999.9595891066144,281.82895973131576,102.60407943361368,1150.04055776072,-229.81818154836617,192.90101938077504,1299.9099730918788,-52.17608104962005,-295.4137591374872,-750.0093575810793,272.96380550652896,99.26996748389077,-899.9471372423743,-199.03850261640693,166.93311404996905,-1050.0287398458372,-34.43356069753236,-195.4376829816617,-300.0233260858886,281.8698457072134,102.61929611284712,0.03198882083820294,-229.79862345095154,192.81913119564183,299.91882281760303,-52.02422861566339,-295.45079308515994,999.9366924514521,281.83710055370204,102.5745205142072,1150.008342920275,-229.8622285903095,192.9095685573279,1299.912659509126,-52.12401241669806,-295.42952839113326,-749.9693439996176,272.9768542670423,99.3559792856917,-899.9933080727848,-199.0294499133887,166.97412791155614,-1049.9563713538403,-34.462495500781706,-195.35303232416223,-300.05002447468496,281.85703038605664,102.59055871142947,0.015234825318351094,-229.85639664286217,192.80069978659915,299.97520372910293,-52.08662838444849,-295.48064282046755,750.0605834017175,281.9204327945601,102.65269031539889,900.029659204016,-229.8308030261403,192.77633172273622,1050.0987257171184,-52.0437508512879,-295.45335352568077,-750.0049958952667,272.97713214892474,99.31519208181132,-899.9737099163507,-198.9558344582771,167.00761072312358,-1050.0293950669916,-34.42796096080701,-195.4320473507105,-300.02192781791075,281.8572123762235,102.52813798651101,0.024425827600588843,-229.77839941047228,192.86262334866888,299.9664153201252,-52.12397039240721,-295.4422982472574,750.0929702458272,281.9751643058036,102.54230933455756,900.0462547978868,-229.73251126140133,192.824476873506,1050.0741152198823,-52.13765797230489,-295.4658041986818
calibration_00215,-854.7009765018531,611.4489108564163,324.23533514622574,-843.9478471757162,113.00870593507156,288.82868208125217,-993.9965521648878,294.7735576667631,-65.23226029532951,-84.26983781205487,545.8230608837398,436.68301012442726,134.2455697430004,-2.822825153160906,542.8746242515399,468.0463208987992,118.56653626249475,59.299831906626466,959.5925768076395,380.08214046212356,28.919127675110293,1157.2440664548562,-120.64877613162973,80.86020676734208,1178.7307976265993,59.693659307342706,-428.58286224872325,-1000.013822192354,273.00715110706454,99.2045776177954,-1150.0424551614242,-198.99616424130173,166.97424366501508,-1300.0034150992278,-34.5087875418696,-195.45495498599655,-299.9317888145689,281.8507945245162,102.655259556597,0.07242390116309526,-229.8371529933584,192.83486584170413,300.0402261095984,-52.05670778247503,-295.4590698538963,999.955133112972,281.9365783436322,102.57573569400662,1150.097344374955,-229.84140008179924,192.83226110049918,1300.0529394154685,-52.09682070566258,-295.4952112748759,-749.9768434688175,272.9518521400306,99.40695301692926,-900.029119476317,-199.00121376815034,166.97654465453843,-1050.0573679016409,-34.3923367874645,-195.40782167524384,-300.0056251266146,281.9144264391591,102.63307787352817,0.06807905973347118,-229.8439876200226,192.78287924568716,299.98721275249363,-52.071630671841106,-295.5036698246398,999.9672592035517,281.8761523280412,102.61481397414916,1150.074024270092,-229.80943920375876,192.842339386523,1299.9752806428087,-52.1225446192588,-295.49918080391325,-750.0051900603991,272.91787134690634,99.41479463870547,-900.029453159934,-199.04218544628216,166.9855202546874,-1050.079464602953,-34.44518313679488,-195.42961521242367,-299.99996551218004,281.9257109913385,102.61378812296974,0.06349547483639145,-229.7831100741403,192.834888795108,300.05184641541575,-52.013158800923584,-295.4814445667622,750.0050211962316,281.86360633657785,102.59321808656627,899.9231049101534,-229.84156187204061,192.85963786863263,1050.1030288382112,-52.17484256525794,-295.3972819997967,-750.0142810622953,272.90081467057513,99.38176921656994,-900.0577312346059,-199.10330111122403,167.044607824986,-1050.0585078404608,-34.45594634099236,-195.30982418515293,-299.9476366451986,281.8777355882569,102.63970568315919,0.07954608181279947,-229.79891055435596,192.89129021570932,300.0193038564913,-52.12259259076723,-295.5136919568104,750.0119812119609,281.92358397358487,102.55600634420745,900.0251573575298,-229.78259539108288,192.84130723050086,1050.0075075369434,-52.159004107267734,-295.43421301088773
calibration_00216,-968.054782823445,183.57619287686188,28.495112062083823,-1185.9312648727825,-242.2846754564569,173.5674888095534,-1278.918030275783,-145.07173902159616,-229.9493024326832,-612.241120556976,325.8783647896445,339.7798290669967,-212.21770550524303,-115.20516204262007,266.0325820132642,6.546287740188687,255.28540185922702,-152.26127979575034,1223.4937125136482,142.03950716034342,254.02478518377234,1354.9951290019756,-373.99718696038235,348.3990492970824,1510.2072285655752,-205.98466649881925,-141.6818244161169,-999.9940009233175,272.8417281944437,99.3475761665131,-1149.974414754104,-199.11538437105588,167.00266862446557,-1299.9985202779667,-34.51350547301106,-195.46001999887224,-299.96839624398314,281.919892133667,102.6291106080312,0.14371711499400586,-229.77446797684811,192.84968860711965,300.0103734698251,-52.044202736079555,-295.50050402535885,1000.0930751350569,281.9585631836324,102.60826091592828,1150.03984396643,-229.86373378769142,192.8580940209808,1300.055196605881,-52.07079943265075,-295.43935962131974,-750.0023459428788,272.949618654531,99.36194452202693,-899.9949952083967,-199.08385277508245,167.06336140455673,-1049.9628829838605,-34.45215464535304,-195.4171629225393,-300.00590171729283,281.88158821165973,102.64953324836405,0.048446269612251305,-229.7875113978186,192.8462666813964,299.9505115804415,-52.090708322400594,-295.44318523769675,1000.1235537487646,281.8961378651115,102.61665625356957,1149.9899998510605,-229.805144504758,192.85421943778613,1300.0614058993647,-52.065309069826625,-295.40379194550104,-749.9766652048602,272.97848183790126,99.32282275414661,-899.9995428190534,-199.00149473411176,167.02078147636436,-1049.8996163107188,-34.488267562065886,-195.40994279160913,-300.04747144218607,281.9093989643469,102.62804731682037,0.0552577494207107,-229.76326083587202,192.83900471757548,300.0098490938286,-52.082056864359615,-295.45296446586343,749.9907306032961,281.8578763708536,102.55070035091887,900.057727853048,-229.85961508329908,192.75591555289765,1049.9573506916106,-52.122944640100215,-295.48044996362,-750.0884406045002,273.02538359732637,99.2998874327166,-900.0433422247228,-198.98699136209152,167.0314701051261,-1049.9547593979491,-34.400184983269384,-195.4575697176334,-300.0681180392172,281.94628628540124,102.6332585285843,0.002353331711583447,-229.76649565645883,192.89439013477028,299.96231410054327,-52.06953727111418,-295.44091518381157,749.949232891093,281.8487542296889,102.60916751780066,899.9742325807531,-229.87823056782088,192.80297148496862,1049.9920754209736,-52.20501904483657,-295.3713255924852
calibration_00217,-703.2253142026004,87.99543318542881,275.2623340706049,-830.4857137676056,-386.22758433234515,368.4523417892653,-1004.0367913516305,-242.6257397551611,7.723433323813848,-202.75140933045463,504.2891698621402,12.369317194573403,65.06729682920947,-32.44433000852164,26.694292309706558,371.88571696114894,192.15208622807788,-437.40076671101,1063.2456806327646,265.0525902683276,-96.34447323382277,1189.2029966337536,-257.42328374885733,-35.27123316586908,1155.790707654049,-110.75893519228315,-554.8269902078905,-999.9972022241614,272.8515993745356,99.22268291049213,-1149.959336748423,-199.11882114997366,166.96921661973067,-1300.0028758620097,-34.50620745741795,-195.37189144962343,-299.9364739215376,281.9485425035524,102.63402693407315,0.061996724826342886,-229.83464898963297,192.81071486985135,300.01021987917613,-52.13452347948656,-295.50346274722955,1000.0054371798276,281.9220705148115,102.50169686680321,1150.01188627317,-229.78460646364104,192.81828246475234,1299.9698922440207,-52.12711669380223,-295.51332672015906,-750.071289218148,272.99160894789674,99.42442709001186,-900.0334330952194,-199.04900970332076,167.0324222492764,-1049.9860113762786,-34.44051302673762,-195.42670133420947,-299.90258793873085,281.9399760141476,102.67623268289454,0.08127121648853879,-229.80331872836507,192.79461660890775,299.9563876509563,-52.10297556984345,-295.5253992099098,1000.0023894716484,281.8815809640583,102.54102590191657,1149.9897213473919,-229.76112430790695,192.76525889499095,1299.967274015612,-52.05265082209498,-295.4961615577904,-750.0441730858756,273.0044749675067,99.42247028758204,-900.0501556925328,-198.97652094760198,167.0535913901555,-1049.9548191637612,-34.42327608081449,-195.3782978457221,-299.8828327749325,281.9844352230051,102.58131961395728,0.0355568784559086,-229.8144123336719,192.80954999977115,299.9427327733829,-52.03917397533739,-295.5382983159845,749.9900916324669,281.9235895149853,102.59070842904586,900.0016358465358,-229.81829571581181,192.89284478153579,1050.059256259069,-52.202135459661044,-295.38945690871066,-749.9981764880367,272.8964922562243,99.40500387911055,-899.9869919928748,-199.09169642713226,167.01484351974162,-1049.952892859899,-34.58639042550386,-195.44974183023214,-299.87676349318036,281.856662858991,102.61648926957767,0.1528141382998034,-229.8912376653915,192.7159563214332,300.0888976284542,-52.10021642424169,-295.56408863960456,750.034830924038,281.9477696890358,102.6435212974831,900.0340226350628,-229.77162523062,192.93212825718325,1050.1248246971463,-52.11353657362356,-295.3510583951867
calibration_00218,-667.1471478866923,-58.25449066629669,-7.617414718764373,-815.918609331426,-525.4328489671418,89.78687722279103,-1015.7153282832481,-361.74757725114563,-248.1566017263586,-586.8505467232687,179.3375561836478,471.75830602313977,-250.57813201157404,-312.23317029826444,398.97126412910325,-72.56762837318026,-25.570855304662295,-97.16111882938019,1115.564490574245,579.1860357271177,-0.39715859913557966,1147.4104419009973,53.708250062224856,123.60691340947777,1369.1532388640628,168.0812948366034,-356.2928115869917,-1000.0038079114643,272.9044167425197,99.28723205207882,-1150.0050577246943,-199.08508365343934,167.0353966310696,-1299.9578166495278,-34.55301163626078,-195.4394404013199,-299.9373529975168,281.8172165304251,102.62721490784749,0.09557897681071975,-229.88858740241696,192.91423630783123,300.0428497230523,-52.09736517434799,-295.40295606470403,1000.0306078915563,281.8931212094222,102.72757799947308,1149.9944188848583,-229.78408606464265,192.8942473633904,1300.0757647848664,-52.03704994832248,-295.3528495068416,-750.0060101405404,272.955214017289,99.39138946688077,-899.9300737653064,-199.04845243723943,167.01062793944814,-1050.032970614299,-34.343848544707065,-195.33454774363278,-299.90351648359444,281.8211429231526,102.6285783363415,0.04057718055772249,-229.82998200338508,192.8586038348703,300.04922101816106,-52.129348475234856,-295.4839947596345,1000.0022740258536,281.8760365545472,102.75379850053581,1150.0010262243416,-229.82442751960497,192.91575437645875,1299.971469687137,-52.03504860083403,-295.37035634826304,-750.0088516962384,273.01826318341006,99.38171901391706,-899.950884648279,-198.93550335624494,167.04592509126596,-1050.0057723758373,-34.35440882554305,-195.36450994332307,-299.9392417124697,281.83205103432954,102.69670602138312,0.11711063886564846,-229.85629979209426,192.84876164423454,300.08739919778566,-52.14003668409507,-295.42240848346944,750.0091929242274,281.9790395691348,102.6073757922123,899.8943664083299,-229.75925747025593,192.86691743691213,1050.0742036148815,-52.05223301251233,-295.427798393299,-750.0317990253461,272.9198109941247,99.27788970286433,-900.0174425659237,-199.0250891462285,166.92488923470162,-1050.0614121720719,-34.40950163310229,-195.44201724391536,-299.9708401001405,281.8171287854069,102.61195375543211,0.08305302512588807,-229.93453570785047,192.797252129039,300.0225037981481,-52.148044107538034,-295.51007185049207,749.9348486505679,281.9795386470487,102.63778441039574,899.9322369930746,-229.845618263123,192.84399660404918,1050.0171151941645,-52.06718126884862,-295.32148941067766
calibration_00219,-913.6576362651342,194.34909338256458,143.43622041064117,-990.2759032518338,-298.2771500051906,108.94088071094805,-1092.7705082012942,-95.53302473669251,-250.5698571686158,-285.1630406656733,198.48121338293194,195.7730470961446,15.059888883537319,-313.0308678988772,286.4265241121979,315.33367796969566,-135.35134855610556,-201.79074549256194,637.8260410613261,206.0490839559101,-172.336879360607,806.7029486225443,-297.33735501928123,-69.22487783793322,974.2332762917843,-116.15188898205675,-550.4902943192053,-1000.0247208168087,272.95207745832766,99.39004863692364,-1149.9449788707698,-199.1220390585297,167.04186198807386,-1299.9955133782764,-34.52827937299658,-195.36587690747177,-299.90352298074515,281.9233822969507,102.66283793093949,0.04019954279057108,-229.82621289100518,192.87583741185483,299.997493574129,-52.060335939829336,-295.44975572189014,999.9370343806439,281.8859325708397,102.6427674175556,1150.0224165001084,-229.809730714976,192.8496490939781,1299.9912369118222,-51.99598966202644,-295.4236610566863,-749.9877047224152,272.99540360479915,99.3290495378766,-900.0983921494905,-198.96095431606653,166.97479890937637,-1049.9906827267275,-34.44363450220103,-195.5195247097144,-299.9287843075339,281.9459620130755,102.65153843115561,0.035060885479313214,-229.88993324701178,192.8564802245615,300.0507321369294,-52.07765003490096,-295.4293069806616,999.9650094073507,281.9386012709815,102.65765279495398,1150.046842611984,-229.7574170215587,192.86234384330015,1300.0132160451792,-52.042670947629766,-295.4080964875131,-749.9821266591239,272.9974951342319,99.29016550428314,-900.0218953357985,-198.9923021809283,166.9914161034674,-1049.9994529933358,-34.44638790618904,-195.54906745229403,-299.95601107014073,281.8640493074682,102.65480767340638,-0.002875903155391449,-229.88592511655028,192.81658985722072,299.9934014375385,-52.05591367535438,-295.4457101744112,749.9702095020796,281.8823058183151,102.55060106412863,899.994791719899,-229.79528780331978,192.84453015956194,1050.0170524687014,-52.0952691362213,-295.5143715787811,-749.9639116882939,273.0579364060101,99.31876497132573,-900.029646198381,-198.85013520882978,167.00051110576686,-1049.912847108216,-34.34652457329274,-195.4018878263691,-299.9186317822815,281.9402173510745,102.6186534161476,-0.03072837109729229,-229.8024492655481,192.88634640365268,300.04629705239654,-52.07986615101975,-295.40329316242264,750.0188576416201,281.9624940015363,102.61666924779145,899.9953730277288,-229.84583663809832,192.84718622038065,1049.9930495740086,-52.14122293038135,-295.41664999646525
calibration_00220,-1345.3098440449387,498.4048889340575,477.16709218334375,-1581.6159208957583,61.68048946917182,419.8354093093032,-1561.5330321689191,281.054395935134,56.007091587667425,-100.49663364825277,322.05086321635395,7.555920873429302,199.97108487880413,-191.67825054384966,84.01110121012285,498.2938256287035,-1.7050030622328256,-400.5962312715478,923.3534363040504,311.42317813445584,-163.48177869125598,1123.5407105309437,-188.69999397471292,-115.32366785307416,1327.9973527927123,77.27612083968599,-539.5800968611949,-999.9476022654349,272.96565290150573,99.40046276404794,-1149.9925384944383,-199.03009819141676,167.1329234116181,-1300.0432989317574,-34.393162149470534,-195.28707251708627,-299.9717122573742,281.9625028570887,102.66380954786685,0.02602982099145617,-229.7615677016533,192.88723596856966,300.01310720800336,-52.09759388397054,-295.32830175430416,999.988842256295,281.95937576753903,102.64206625015653,1149.9857197621254,-229.8399009972707,192.85133460310294,1300.0224525930475,-52.11344810112165,-295.38067074366006,-750.0203954403561,272.9166104188099,99.34514663878474,-900.0086165974823,-199.10052234178744,167.0885603981759,-1049.9572368577449,-34.53052932098822,-195.40075647785696,-299.9208996408258,281.87380130232,102.66552728427003,0.019112470888861213,-229.81085719828928,192.8725874040184,300.0976914407054,-52.12051612009148,-295.3246071899529,999.9648811407174,281.9051536782225,102.59018758062707,1149.964320259511,-229.83444825846465,192.903955574956,1300.0286130126185,-52.14413648202572,-295.38309806093565,-750.0121484991942,272.91368314178624,99.36748715549595,-899.9779375977655,-199.0483581874992,167.0044148330047,-1049.9414446136334,-34.56304417587336,-195.41161953913664,-299.97066109698363,281.91784067933224,102.6147219553747,0.0719966758840897,-229.79697219026673,192.84560276631035,300.01021708443244,-52.07054456223005,-295.38458397871807,749.9971232070261,281.84329649067723,102.66126565528272,900.0276480598791,-229.87412057699788,192.87103410525623,1050.0611229852689,-52.141594648056596,-295.38466579665914,-750.0130810902351,273.0289719028,99.29241870679454,-900.0137834882748,-198.9973630845186,166.94282485348705,-1049.9998266689993,-34.465105107617774,-195.51593758010287,-299.9329765473366,281.96270240885167,102.56135422521847,0.09348801062543954,-229.73477660067806,192.83101866447998,300.090669130959,-52.04121187962872,-295.3884398694139,750.0000503467505,281.8833576176263,102.5870990035028,899.9328767017138,-229.90095824249448,192.81352712828348,1050.0703963315004,-52.119630853049614,-295.3851612734381
calibration_00221,-1032.6954251242714,195.398090328756,-309.2265597162528,-1089.3350197607945,-248.95734678761121,-87.62092124442886,-1335.0118684913427,-210.58109696054004,-432.72486186478415,-325.5709590438576,-17.276775924646895,179.54435867521212,-64.87476623865452,-540.0724749657111,316.12312651467766,314.6506328651881,-378.56294644023376,-119.61459103045982,915.7529887902859,222.0074543122164,407.5545100948331,1027.8266340318903,-291.93266095482164,533.1069180380374,1206.8235349909369,-154.08203933563414,41.783840802204466,-999.9300881750029,273.0201246599978,99.47898243810664,-1150.0166431719208,-198.9977651079631,166.97664197876412,-1299.957571916489,-34.35600327981641,-195.46484226345456,-299.9781417821258,281.9053203263025,102.60099820799478,-0.014210492067023638,-229.8096393472476,192.85505525862203,300.01467255447193,-52.01817788086908,-295.46493041633823,999.938672506805,281.93282275050495,102.54147978531688,1150.008776633206,-229.82084318143316,192.78603860811123,1299.9845870238164,-52.060546142044494,-295.4933272644812,-750.0603840259183,272.91256746425404,99.31406659867322,-899.931283963353,-199.06991449957067,167.08287475671855,-1050.0205350906601,-34.56975366812719,-195.366213132229,-300.0440955017367,281.94848147049896,102.64092957825255,-0.014901555629450983,-229.7741363382773,192.82536965808467,299.99255710369533,-52.050535177040565,-295.3906868128527,999.9818482274736,281.92944042636213,102.53355939933759,1149.8878523515405,-229.8201641548832,192.74398411719727,1299.999499251509,-52.02920080460563,-295.56141376401564,-750.0525044698825,272.8976221674713,99.34682653773397,-899.9721512112103,-198.978838465955,167.1081789364744,-1050.0431309546411,-34.54624245647669,-195.3110552726647,-300.0294426339456,281.87562591832733,102.64405544168642,0.019236967981516785,-229.80541632495428,192.78633723769582,299.98763635876406,-52.022149240395294,-295.35861553844865,749.9913928023678,281.8902549622895,102.64113744656476,900.058652707008,-229.82411070897282,192.92076635417928,1050.0313768013843,-52.13269103938774,-295.3968513559177,-750.0534037522254,273.042830470808,99.30858936212417,-899.9114094568645,-198.93136316660676,167.02866055226414,-1050.051527173929,-34.45071784902021,-195.38483491164425,-300.0748692341813,281.953921079111,102.56300800052577,-0.03335178730687951,-229.79149752335167,192.78521659705248,299.988406830165,-52.02716644951462,-295.49558790502033,750.0068771149797,281.8984484944579,102.64580073695966,900.0183623309883,-229.83159563097067,192.86501644613236,1049.959848565306,-52.151159661004925,-295.37756823839567
calibration_00222,-1035.9076668001467,268.16042794883623,-135.9167100256889,-1051.6245014266863,-231.36427723665994,-142.1198704304651,-1247.061332653251,-61.525028728664985,-479.58733704226614,-204.2207706566224,326.0528856672136,-235.84456091963906,170.08037351304753,-140.58678900858996,-189.32659454441247,486.4819731674757,169.35881112896047,-594.0236123004357,750.7384038307191,384.1755629715711,259.15711641076035,890.6881665076186,-132.9315163654005,333.3436759412971,1074.2545852454468,67.14107220718473,-134.2690285966404,-999.9949866780257,272.99162614294204,99.32233830228276,-1149.9745888403586,-199.04737207690923,166.94599318476054,-1299.9709958143849,-34.44317585167431,-195.44500289337927,-300.06795319648177,281.8781613637557,102.56301889812492,-0.013825693195319455,-229.80753268390794,192.82500501293933,300.0269341324602,-52.091726348629244,-295.39730627881283,1000.0129633405978,281.9169117164812,102.6488926718479,1150.0382125038989,-229.7661045876997,192.88796489035983,1299.9907050757117,-52.10533517532949,-295.3983533180257,-749.951047088427,273.0170043525763,99.42289102396379,-900.0134289546725,-198.99758516260886,166.95198765867858,-1049.9425506594362,-34.457990719476044,-195.42937661661261,-300.0052568142272,281.9115451143611,102.60892536182754,-0.05670419343196037,-229.74552714154848,192.89956826415718,300.0428485734566,-52.08311772026595,-295.4154626424684,999.9929082574515,281.866668568083,102.67918936691176,1149.9902997853756,-229.77154129705076,192.8796739262826,1300.036370185502,-52.091184609848234,-295.335660858039,-749.9556079884718,272.97346352682644,99.39607654080272,-900.0319611308679,-199.0220837838208,166.9527256883549,-1049.9708526459938,-34.33208089297391,-195.41265157089427,-300.07753534172525,281.81405889672874,102.55363024043281,0.004482307163722166,-229.8215510773462,192.8664246419941,300.07173256052556,-52.01186622367275,-295.3633479644813,750.0201570911704,281.88551329040547,102.67002392690974,899.9900073489853,-229.86668271958374,192.95751120990457,1049.908222704613,-52.08334275293152,-295.3896904905126,-750.022991172414,272.90182999122044,99.3476703868926,-900.0044978033715,-199.04864296949307,167.11222513564502,-1050.0604037154292,-34.46133458654945,-195.36828720221342,-300.10552126831595,281.86686031613067,102.60770980198927,-0.08402552670857699,-229.79357961092217,192.88241644658828,299.96828674971346,-52.025537092006424,-295.40174688568027,749.8931900387314,282.0098111616698,102.52228404948197,900.0226585929161,-229.69870278826633,192.82678773379803,1049.9460350988497,-52.075264220430995,-295.5271258047379
calibration_00223,-733.6172127296637,41.39402287551433,-211.24220468635252,-797.2989513369228,-392.5084862592944,28.54368617990169,-963.0176571417703,-401.04078447849275,-363.0645267760907,-189.47294397226506,399.4620863119144,100.06382667478263,121.90581732429841,-101.02986103016293,-12.165083922837539,370.301210102722,239.21659154409818,-439.3785131797028,787.0596756132838,202.20538956309966,96.84031641106355,936.14071577337,-309.7385436525024,186.77162710426924,1089.6272453211643,-130.86359496678395,-300.01257640994766,-999.969152671353,273.0295948730715,99.34258422847017,-1150.1301996386244,-198.95702972431138,167.00106867953593,-1300.0415011264429,-34.3088327216972,-195.42033227102388,-300.00331059919165,281.8496887678291,102.62222081751989,-0.0040149825945953056,-229.7934940446812,192.82657690844513,300.0419684328726,-52.05215281777406,-295.4460181991938,999.9612371706753,281.8741951681429,102.60938940077189,1150.0033629088266,-229.8309370220872,192.83607638873912,1299.9896859867356,-52.02317148079704,-295.51319734363955,-749.9836581183888,273.0161992130211,99.28710718365056,-899.9016318384458,-198.98961284765429,167.01026333418739,-1049.905458308527,-34.45105265232026,-195.49050955239863,-299.9957715965672,281.8807384986881,102.66488240039084,-0.010093566618295406,-229.8166634821183,192.8892868106384,300.02329033582,-52.05330405466085,-295.4318551269422,999.9557350405381,281.91549703516574,102.63243179631647,1149.980244832822,-229.7422438381578,192.82118429282232,1299.9846212276107,-52.01770352625275,-295.4081110824843,-749.9997920391556,272.9796258858554,99.27552404415871,-899.9709653085233,-198.9966836799018,166.97177791998942,-1049.9096003556479,-34.46325646280774,-195.4037316645074,-300.0599741215745,281.93357260551676,102.59650052435052,0.012724867268585464,-229.83439224475066,192.822770317953,300.0193991650704,-52.05487536080661,-295.4097610125662,749.9578814222021,281.90288035791394,102.61874151163408,899.9965135659077,-229.83041948088808,192.82922061487136,1050.006484709511,-52.07937220730565,-295.51974474734493,-750.0087764789691,273.02551904789414,99.33700328284095,-899.9382837433077,-199.02715643903417,167.0009270728333,-1049.9020707758523,-34.43556299554319,-195.4778601227075,-300.0283936475677,281.88617722507587,102.70348830342833,-0.03200135276483064,-229.78952169216964,192.83792348160867,299.99184870409294,-52.05585620463944,-295.40233258818273,749.894775165333,281.9389608922226,102.6393568343706,899.9537740456673,-229.79117301054353,192.86102286882888,1049.9399740373979,-52.024118883167226,-295.33266210228544
calibration_00224,-1285.8607431453531,71.71713998141725,-56.68953534567033,-1520.2327749139067,-369.4183826614817,-73.85174419158739,-1548.3061372184166,-159.50920515926896,-442.79034570372704,-615.6477591360394,346.3448341645918,270.5948054946833,-346.98963078582676,-135.73207398866623,506.00699931781566,100.97382477391632,30.00240559397479,142.82954813455333,912.8460275433471,5.682638811487266,14.673917498112711,1057.7094255988995,-511.3329578785997,79.5663933600418,1186.5693738953933,-319.04695937801904,-409.1870089280764,-999.9897842670312,273.00595887171295,99.39767542855729,-1149.9555075733751,-198.9693058324156,167.08685444640915,-1300.0170433924,-34.41028399355205,-195.32510537358223,-300.0412768202083,281.8631135665403,102.60105238236314,0.0302614632086452,-229.762352937396,192.88322625194405,300.0008341497349,-52.05412633412573,-295.49335813874416,999.9482934209044,281.913701886513,102.59516894463884,1149.9601264970127,-229.8205728285099,192.87901718671475,1299.9395563022697,-52.09218952519525,-295.41792430666845,-750.0682603701173,272.87257895356316,99.35198830119771,-900.057971927318,-199.08158947789164,167.04004845187046,-1050.0840045238438,-34.52539343307322,-195.424382429812,-300.0700259009915,281.90026298963954,102.66309037507645,-0.0065795638804652355,-229.78706671670568,192.7765324250119,299.99615893933134,-52.07065630194691,-295.4224896785049,999.9161036250936,281.9040878533401,102.56839996806619,1149.9578737090994,-229.80718420047486,192.87474733781679,1300.0117744118277,-52.14677175694434,-295.4137153174663,-750.0206754647215,272.92325897332154,99.44215849156541,-900.05034369871,-199.05905969291615,167.05993385366958,-1050.0245863745236,-34.503351989116666,-195.37330534994047,-300.01427280569334,281.9084969288013,102.66219129440384,0.020436842921784607,-229.82498026338965,192.84962412262087,299.97790565723096,-52.103987993478746,-295.37736613987465,750.0477651736319,281.922455577137,102.68681572945314,900.0484164699175,-229.80661878777636,192.8502941136702,1049.9493668261007,-52.109425413133245,-295.43126372814487,-749.9844536239518,272.9060478562506,99.38314632886086,-900.0692483319999,-199.00261670289692,166.9566114362871,-1049.9962318598054,-34.4792453109115,-195.39525819641688,-300.02307348552273,281.92451649338386,102.60492319661138,0.02101459053467401,-229.8137009190897,192.82044678924322,299.986752997823,-52.06082536310649,-295.4851428471282,750.0162441569585,281.9471936492929,102.56468774103368,900.0425558559396,-229.76596397563944,192.84414010846152,1050.0174847268986,-52.0273249047799,-295.47531674224007
calibration_00225,-678.4878543501787,120.40024873953679,59.68348933152795,-836.2047541427333,-349.48843059243967,124.32729611666218,-984.5005169684814,-179.7184596243148,-236.3445638026535,-677.4056903888588,73.77693501265387,422.0910682226865,-256.42687481763386,-352.8744254459143,448.8068427678648,11.520378585274264,-8.917406612314059,36.60861897927042,1236.0644753106787,330.8610698315989,198.09523220085515,1369.9994824362395,-187.00751096889047,277.8030754374554,1538.5412217918963,0.11411237444154163,-200.81621563539844,-1000.0948076633052,272.8717121798332,99.3362197685543,-1150.016788130302,-199.12731984914643,167.0092904641853,-1299.9957570426952,-34.5534556605102,-195.4321688947023,-300.06339598483316,281.9318423417877,102.60568528869639,-0.019369808752403128,-229.67914577882584,192.85725939990166,299.98266022064917,-52.00567784616874,-295.3930537231476,1000.0105792041487,281.97954804860876,102.60102122499374,1149.9878570644555,-229.76770643285408,192.79886226506028,1300.0333266569014,-52.04792631057981,-295.41284638557306,-749.8993340210535,272.8763586327427,99.32215032854182,-899.8593748251061,-199.0900482572147,167.02672716985646,-1049.9068160200334,-34.53939910156608,-195.36711347144214,-300.015117441372,281.868422700025,102.56843906068045,-0.023363163200824162,-229.8194977807868,192.86882746508982,299.9732890508314,-52.05710342936734,-295.51149332297956,999.987271241825,281.91327966426485,102.64168941373728,1149.9654432596706,-229.7601042133541,192.87609035913857,1300.0222351130822,-52.04547850756395,-295.4256866324284,-749.900074370004,272.9006714010669,99.36844197559321,-899.8750319791906,-199.04033578560865,167.0529332897214,-1049.9444479638707,-34.52017584637887,-195.3809281946887,-300.02419784913536,281.9297690058684,102.52431941448371,-0.05038337176599175,-229.7639609280059,192.90475459055816,300.00531886987454,-52.07539355656025,-295.46133914000495,749.991232825276,281.957031881466,102.53922254269732,899.9649224031144,-229.77120399824824,192.75595587330264,1049.9686145105557,-52.020345252659965,-295.5263182179437,-749.8983355854116,272.95253200393495,99.38694936695498,-899.8820379740157,-199.0120766340089,166.9470249504275,-1049.8887737099117,-34.445245599145004,-195.46621952921058,-300.0329762411428,281.92091032896633,102.58261449222601,0.025121715534579182,-229.8233566232671,192.84305324440749,300.03477665607465,-52.02111195545156,-295.4138706769029,749.9970182983187,281.9801785021387,102.64518370831499,900.0008107072109,-229.8027065752993,192.8074007956837,1049.9462280432492,-51.94064202954701,-295.4708477637352
calibration_00226,-1065.5264092378213,311.4248439533299,154.67335687642662,-1210.931252474611,-160.69145056060873,231.1451866027732,-1366.5473478776962,-2.775753654110206,-131.87978104333388,-25.91514217413287,553.8421085322204,-59.59619820782358,237.19393099245522,15.189188003688843,-83.4966471328919,495.14462213359036,246.41057620022664,-573.3373199144106,772.2247061253883,307.4673217662961,188.18960125086875,934.3984890321581,-186.49906759133685,337.19833132917074,1100.3879368812904,-54.33213465520458,-160.25073184483207,-999.9490358114308,272.96568068265026,99.25718450377889,-1150.0821105157206,-198.9911439900898,166.9643113641269,-1300.0510523715193,-34.47282419385066,-195.36022791141747,-300.0778497009728,281.8750394197634,102.53263626962925,0.01740244496297796,-229.795705149165,192.87143079789033,300.0443797763268,-52.1303096058999,-295.396314886547,1000.0677260793334,281.9081758417291,102.59448661464798,1149.9996494478694,-229.86597967426857,192.7483194773026,1299.9989257223763,-52.07108404352005,-295.47665433954865,-749.9596261092453,272.94180937904315,99.39288881552645,-899.908296047148,-199.04744138431224,167.00091632614834,-1049.912677915842,-34.426429750021015,-195.43679319494217,-300.03990092547446,281.83996856358124,102.56829477622598,0.02619384945501822,-229.77423334889374,192.8517091613347,300.08497362791877,-52.03505259125497,-295.4208098093418,1000.0875100876842,281.9284341752673,102.65296135810111,1149.998219792234,-229.8817598533182,192.78491780496742,1300.0117061652425,-51.993692718762375,-295.5218501326256,-750.0133963089542,272.9474153654041,99.38947528045603,-899.9653574969764,-198.94975752863473,167.03490439401116,-1049.9018927330424,-34.46070066542199,-195.42183536528097,-300.0330330304077,281.91118808098884,102.54831762148088,0.012762038613771584,-229.82888582974368,192.84837614948376,300.01636355571657,-52.08627384866638,-295.4377985681049,750.0045102563661,281.8714821558035,102.51749296944826,900.039354983459,-229.82141170218668,192.80579351816297,1050.0080764610786,-52.157217502461826,-295.53609539585415,-750.0331536897108,272.91272624004637,99.38177584952759,-899.98797250529,-199.0829523878803,166.90231408948256,-1049.9135050093525,-34.50176686768116,-195.495821445417,-300.03527709906064,281.78013168348133,102.5541058910657,-0.02604778492097072,-229.89093744375637,192.82883014133327,300.105607018716,-52.05569432005217,-295.3381721732233,749.9568364631373,281.91052345257475,102.70997414491352,899.9610930032067,-229.77673042102924,192.9343446686112,1050.06331857619,-52.067299606018366,-295.3565964322703
calibration_00227,-964.0353072992481,-97.962147966714,-24.285478609375712,-1180.480033875865,-545.1264430673976,30.25979958454671,-1304.1486107934968,-350.6744149003483,-327.3077734769858,-475.76947179804444,380.40667530022785,-286.30989423289725,-252.84199170577642,-155.1535695867121,-133.01482920343463,93.50410541191576,-64.82372691398812,-614.5623116510105,778.0623010483795,389.00859441699686,347.1023558681535,931.8994538020947,-122.06473960251655,434.3844434458394,1078.855058720801,58.95547797821041,-53.56836951603132,-999.9728551434606,272.83318784085367,99.33067333089977,-1150.0230291885514,-199.08578193440553,167.01373919900976,-1300.0083989248392,-34.47175817675608,-195.46810430345812,-300.03627335975966,281.8386646771842,102.56295894121669,-0.032034744865828226,-229.74818620498002,192.8620816068117,300.03832406307737,-52.06259616246746,-295.40935931389043,1000.0127546177961,281.9537802882582,102.66929489174365,1150.0696262150675,-229.7018391256314,192.8897457854211,1300.0223105602458,-52.01845467562527,-295.41309962616174,-749.9570443217422,272.9606260376335,99.30525298953843,-899.8584800887609,-198.9966879826793,167.02217256589594,-1049.9360313740383,-34.430573052992195,-195.45763563222158,-300.05014021618456,281.8950497857119,102.55341013923736,0.02401906898189496,-229.7458960538821,192.86162695799,300.0368085900483,-52.09667888820778,-295.4588966610964,999.9907796741848,282.0051853169762,102.57705063343519,1150.088353008551,-229.7532015020866,192.8809738311235,1299.9898026149044,-52.05192066431233,-295.3529978726671,-750.048920886268,272.97306976048276,99.31711983140663,-899.9289978827044,-199.06379589486937,166.97912718021857,-1049.9700126023783,-34.48725503519826,-195.40775125186013,-300.0503633231194,281.9114983507955,102.52960896137992,0.04583389040931899,-229.7144785865237,192.7978640816587,300.0187612458722,-52.04936214691522,-295.45675162412607,749.9745463822309,281.99353194249574,102.58948369646842,900.0006398871766,-229.77174002978995,192.82655319391137,1050.0454195009595,-52.06943891213808,-295.4891657771206,-749.9644312336741,272.890233618232,99.29712729697111,-899.8878385231446,-199.05825021740213,166.9305605419401,-1049.9417844341053,-34.40564591097184,-195.433106740935,-300.0170954616435,281.87274399021953,102.56179881558225,-0.04516729988808264,-229.84774150763315,192.83683913782846,299.94462155281275,-52.102988747227904,-295.4579220725726,750.0613053238598,281.76983725048757,102.59761609733086,899.9587029377496,-229.9217574549111,192.7756802955837,1050.021043399369,-52.165791060915595,-295.41998595411974
calibration_00228,-619.6727960716727,165.4425969637659,-101.32393707835027,-843.4604938684284,-280.9640385754596,-78.4120531663259,-1017.045071998203,-30.609927384245722,-375.33438752826237,-579.5937633800215,48.0306618022425,58.444078730338575,-174.2265943572581,-394.2357600862535,55.604537499891116,27.908497142661012,-104.06629904323157,-429.15513405424224,1101.1487931714453,536.4384846281032,-213.757808949594,1225.3901456948877,26.530659224538336,-83.08012965994992,1481.5994186265555,195.5096436772149,-528.3885182597401,-999.9936683172762,272.9574665089413,99.3367849272468,-1149.9583217809716,-199.05461930656006,167.0187662135508,-1299.979091353507,-34.51230549416467,-195.3818707416982,-299.9850686196417,282.00819345752046,102.66283775072472,-0.09308676662663684,-229.73755535107549,192.80387059713095,299.99528023568354,-52.10610662043678,-295.4345204772795,1000.0283474380273,281.8271953170301,102.57149619485659,1150.003291485412,-229.8712902448029,192.7040853624405,1299.9613601525043,-52.15521621963329,-295.53010736842964,-750.0706212304428,272.9325364576283,99.44897039822908,-900.011771282612,-199.03666277063684,167.06767942457924,-1050.055929407978,-34.52380253654429,-195.40968030018547,-299.97260523548584,281.96834946033044,102.6599659678181,-0.05954228366025908,-229.73343406109058,192.82626270349127,299.92401442438876,-52.06455884819349,-295.36273514284227,1000.0519733879617,281.8588092719118,102.55400649267749,1149.9294142423757,-229.8737581164187,192.78496649127607,1299.9537257160732,-52.128839812550105,-295.5419340510489,-750.0247641786345,272.9682939402324,99.41585446597352,-900.0432046570239,-199.01537921380572,167.00687163409088,-1050.0069323556288,-34.5125377885382,-195.38847855880562,-299.9768066868436,282.02917605815026,102.62550435847288,-0.09509435041314139,-229.78731997047137,192.86770731857544,299.9563120594305,-52.07758957147977,-295.40266140365634,750.0672120539986,281.9237318447239,102.69539127877482,900.0762133732784,-229.84458265316636,192.83884017688007,1050.0824484023356,-52.09364546239271,-295.4156904645007,-750.0791143215575,272.90196032676613,99.43794061981461,-900.1118560583598,-199.0577598832641,167.02428361236468,-1050.009633052151,-34.44886749382499,-195.40165856671558,-299.98594310370845,281.91023437856114,102.60084669408576,-0.1775773079614457,-229.7565667725688,192.83534142186124,299.8990234160991,-52.150233544849186,-295.43857670134213,750.0221027543254,281.8414364436692,102.62507960983942,899.9939703741419,-229.87288535500622,192.78290234788034,1050.0048039265894,-52.14494913518811,-295.44174248765955
calibration_00229,-730.6939944230568,8.993845100670294,90.66684460646434,-895.8802501936335,-449.180308148224,203.39098001923708,-1145.579854165595,-255.14171235408332,-81.07455932867705,-395.77604003998783,49.753002982235884,-109.28016985330983,37.89877562187885,-364.1372605792184,-83.85360849490796,267.766091239168,-42.25110642738852,-535.0182942119275,1078.027728860244,507.30394083895,239.54412982441522,1253.3692274584414,-2.2727791420380994,285.1124927980497,1185.4863852527426,149.16788860458905,-229.6252430659263,-999.9462773824124,272.9689440529782,99.28604625996809,-1149.9194310452406,-199.01062672216588,166.91531371113228,-1299.9628078918345,-34.490056708153155,-195.52239058169428,-299.98535775071076,281.8991651762008,102.5771302103158,0.003018690736626528,-229.83358363885165,192.7575626939456,299.98029289633536,-52.095993064515795,-295.4076538461085,999.9643696719262,281.89724900535356,102.57384891059914,1149.9194834488762,-229.84536465724824,192.82815579857862,1300.0259871255278,-52.09889164986786,-295.43644871688446,-750.0343440309068,272.9574021601707,99.35025484405948,-900.094707289857,-199.02785983722504,166.98917594547413,-1050.0195336021898,-34.53934969344084,-195.4351339870784,-299.99413967316,281.9465652380191,102.52906588377431,-0.03437124862397199,-229.7867857315407,192.85981994506753,300.00462855924246,-52.06361252247269,-295.44193400052797,1000.0144394892185,281.9287104922854,102.55644562040158,1149.9601101721357,-229.8749222891593,192.89615601179662,1299.9915576912522,-52.11818477587963,-295.4914338741209,-750.0132334519595,272.96132045541043,99.33127293645845,-900.0438645879811,-199.07365127716693,166.96984022196526,-1049.9678603175787,-34.47528002254073,-195.42114003164588,-300.05723833197777,281.9739355717176,102.59881634985112,-0.05708027730622565,-229.8196274772855,192.76769456930495,300.0339588587301,-52.03834066184064,-295.4423743802741,750.0042351487674,281.9671170008195,102.64727639296741,900.0130550106169,-229.7590660580754,192.85305741684033,1050.03914850061,-52.03023181878173,-295.39493380196296,-750.0237400835047,272.86945327180524,99.26332078377584,-900.0856343485563,-199.07970174254,166.9302504409012,-1050.0525460502297,-34.535256384772104,-195.5506188469233,-299.9812626784341,281.9396816188604,102.48474401953195,-0.02372628355495454,-229.81180487444078,192.75352178447233,300.032295617283,-52.159035416174966,-295.47660617306593,749.9802625374833,281.89376976628785,102.54339431170716,899.9885351413437,-229.8192633930351,192.79356266379455,1050.001742771722,-52.15800521044568,-295.4632068118405
calibration_00230,-840.7169269197826,273.3824397958761,-162.40489875904674,-910.7293940868449,-213.26469457365292,-72.20467157606278,-1076.9310549650058,-94.65689350951548,-445.3928615299672,31.70648834748856,191.18923457702994,376.4125537951889,267.7429433055485,-353.2811242055384,464.95010472833775,541.8521920825345,-236.49498798795014,-55.87849858185324,1215.0173524359209,16.719437643863216,12.070574308443295,1320.9262803944694,-488.4331075778819,173.6610351672621,1625.941208856087,-336.0502007689776,-246.2218564500759,-1000.1003772554272,272.9581653213456,99.37184475163279,-1150.0175272573538,-199.12268873175714,166.9664568246622,-1300.044856554526,-34.55463551202992,-195.45362066727364,-299.94496379150456,281.92383161799296,102.6476453086433,0.019602167358211176,-229.81443134489055,192.93290089855978,299.986684018044,-52.16037292602863,-295.42568351803965,999.9926672273735,281.8916100991036,102.61384590694676,1150.0112117688589,-229.8505395599617,192.83286130051303,1300.021097528282,-52.10980158717619,-295.4503556184942,-749.9852737202365,272.9186022730947,99.2867850184373,-899.9981907288135,-199.04426721260364,167.00138198391696,-1050.0103860208653,-34.54446384526757,-195.42775097098442,-299.90958763435634,281.9331213261769,102.6369433350279,-0.0554579097312381,-229.7537622336246,192.84969150308507,299.97097712377587,-52.14678806567288,-295.51480880144663,1000.0106885286186,281.9361039228865,102.59784921195767,1150.02017527213,-229.8123688376947,192.83648491456276,1300.0128991610723,-52.06284116956857,-295.45092857958184,-750.018433572854,272.9005500680854,99.36058355949906,-900.0623902644337,-198.9671958257841,167.02060465272464,-1050.005073330959,-34.48735316258743,-195.4724190383367,-299.94160024581146,281.9180431363079,102.65492051021792,0.021425450270120112,-229.80460837044689,192.91645723807397,299.9965385954356,-52.137156433182184,-295.46573341483446,749.9731952983085,281.94187402381607,102.62365879147644,900.0214653653733,-229.86751203821936,192.95444939959825,1050.0003241658778,-52.121975216156756,-295.3926278239342,-749.9705962159751,272.98964636978775,99.24531251348475,-899.9760757957063,-199.04460971447836,166.97025452466167,-1049.9593971992845,-34.484258680131155,-195.45276542188157,-299.9920866349078,281.89239148776124,102.62305629726748,0.05327377502523017,-229.83355766339653,192.8608985195824,300.0034096955516,-52.135500722556216,-295.4039576955666,749.9735461642993,281.8933387669949,102.61661688452347,899.9960114027544,-229.8272497895655,192.9339833931734,1050.0400958856717,-51.9983850534233,-295.3380998740341
calibration_00231,-703.8572287450249,385.7515761424064,-180.52352770664024,-862.9251917201805,-85.81139679931294,-133.3181939323354,-1024.0911115537574,102.9691193885643,-478.815432744453,-236.57762315956148,490.32552743156276,-290.02117314256503,189.8754808325494,110.85256033512924,-105.49012822663049,510.3739093119077,380.77715916582554,-534.9526232033827,985.5089702898001,475.6208160354005,-207.99347914441927,1141.1386301165319,-18.850487290232667,-53.88237340473788,1289.2074228789236,97.14965836817231,-560.9178632642453,-1000.0343109472651,273.05259884232356,99.33031458334793,-1150.0698796284137,-198.95488965861185,167.02469350620396,-1299.9647416518208,-34.455936851383335,-195.47957927520335,-300.0856319643244,281.962167199609,102.5474925692642,-0.08791305060225124,-229.78502465141733,192.80183287605058,299.95431727746876,-52.02414741634589,-295.50805418335045,1000.046233065073,281.8968529689124,102.65540607769321,1150.015284384171,-229.8367730160001,192.89616428731114,1299.9637151749941,-52.07029026225529,-295.39326700268657,-749.9601582281822,273.00148069960346,99.34648456841234,-899.9941239551449,-198.97114260151795,167.01562331044963,-1050.043031596805,-34.38332132770642,-195.39632671919009,-300.09762519925494,281.96538690326906,102.51575334032877,-0.04594549936204786,-229.7340408702637,192.82570668070724,299.9203723030278,-52.09860677090042,-295.46202708558485,999.9789319007975,281.90800324087724,102.66435774351525,1150.0169867989878,-229.82139203076932,192.84368260738583,1299.9093698644808,-52.09939820833465,-295.4241429989726,-749.9942533424248,272.98244592742304,99.3892599301712,-900.0340013916093,-199.00215903999737,166.99839836744957,-1050.0385252461192,-34.41460316963614,-195.40151047212998,-300.0162959523966,281.9198529631109,102.51319409999395,-0.011493060606927022,-229.78551792954605,192.82496113842066,299.9145817745579,-52.1546734008055,-295.45806978272316,749.9698177247279,281.8124728796604,102.5455925317782,899.9812502813577,-229.87596672177858,192.90750185153917,1050.0160737300891,-52.162283584138116,-295.35606581988003,-750.01248816028,272.9862427758757,99.35787806644694,-899.9821490397438,-199.01342295217896,166.99025352620433,-1050.0764875671764,-34.349287945002835,-195.36457966515715,-300.11112810150587,281.95042816136817,102.57595919012805,-0.044055561499426237,-229.72778392986655,192.7301187149591,299.8759481948971,-52.030418898466124,-295.544496312381,750.0037266601116,281.930707297152,102.53767297820903,899.9955680679584,-229.80336833301718,192.75847000354943,1050.0131746650031,-52.113320475582235,-295.5021859124025
calibration_00232,-666.6368041457207,-47.603405805447345,-106.85462658207912,-970.3771508187236,-437.4465755786236,-32.462140635191105,-1005.9732491173677,-280.46787171080064,-426.1924173534479,-241.9117972255343,571.0216094229203,186.73652254142104,82.5423666814798,86.09720879169576,326.7288240966999,425.5148322412326,277.37709794933943,-126.80583456181324,1360.1940770325875,508.0317368668719,-13.643383374984824,1434.599939839007,-23.088368307915186,56.09846889819412,1571.133454209206,142.61486285240494,-440.2512948125806,-1000.1109250776166,272.8587823892681,99.31714097165427,-1150.0055896189397,-199.1207204594987,166.99686951393332,-1300.0698871765378,-34.55468889917846,-195.48056070334488,-300.07636060969656,281.87429440692307,102.54402381549929,0.07932614375809141,-229.79509851224023,192.83554255005242,300.01921726964645,-52.08249770672036,-295.48002628008317,999.9884921583082,281.9302768172495,102.52414478340656,1150.0437259517917,-229.83372712586848,192.76734656810763,1300.0845936250457,-52.136565328143575,-295.4506127153881,-749.9677570396913,272.9298174509874,99.3744255360441,-899.9959585916724,-199.00598871077185,167.0855752778928,-1049.948571842071,-34.50539140290198,-195.3574412285483,-300.0464987824404,281.880771095515,102.57264596368587,0.046861478817495715,-229.77007385855399,192.86498386325744,299.97319593996286,-52.086985333992324,-295.51425038071653,999.9849269207579,281.9015688027653,102.52554478756733,1150.025516929598,-229.81942002406439,192.80667543545624,1299.9787758673363,-52.19109419281326,-295.5176474449446,-749.9603659953771,272.97143785132727,99.41730368381758,-899.9468241153774,-199.0017119178258,167.097539820174,-1049.9643766857037,-34.488494913977284,-195.36619746502205,-300.0357890927251,281.84268192264733,102.56322804292314,0.0031330365210618556,-229.77908088776866,192.80911624491068,300.0019420925889,-52.08032174006162,-295.465773806271,749.9931837937453,282.0095697795923,102.64954439208952,899.9654009868686,-229.74121757364696,192.84384604765975,1050.0722658283523,-52.03293868336108,-295.3746028749922,-749.9619541454964,272.90166546014837,99.3362935368451,-899.9267647332674,-199.07700239055626,167.0940055518552,-1049.9074158510484,-34.48187877338311,-195.39397803892635,-300.0120302966511,281.8806485749526,102.52171999794024,0.11159533816633134,-229.82613244476454,192.7970715225288,299.9866716339125,-52.08595276269966,-295.57405447696453,749.9482589073912,281.9228475812448,102.61581486507153,899.9998083676091,-229.84779838083162,192.79691311612342,1050.0619017833305,-51.933662899903126,-295.458365392507
calibration_00233,-709.8685624298698,148.8314269759004,68.05530435563107,-923.2644778370302,-296.59874573657567,144.5241875977872,-1021.7967595151006,-135.93719110410592,-236.7528211699777,-157.91806746455038,521.1640342432167,429.1221267997297,129.0904721210657,3.9664682979081936,529.9893257794147,454.2982785645197,179.193982862972,57.28450552527485,1236.9829768126106,528.4869287161971,64.84316693304544,1446.646310143723,93.09149588826753,307.7638738680019,1638.541341510639,164.58427941844238,-192.8240840874956,-1000.0360936739376,272.91030816076807,99.43143687420624,-1150.0186270531617,-199.047301887235,167.02875551161296,-1300.0491416469151,-34.47480663965017,-195.34813994176994,-299.9862703169423,281.9208753730445,102.59128939313635,-0.03684230453015254,-229.8356476356863,192.85445831629548,300.0141889227571,-52.11052679457285,-295.41295876598946,999.9615715212974,281.870679389875,102.60885090449445,1149.9746793680542,-229.7392427786313,192.78030625366608,1299.938004636637,-52.04288961208443,-295.4010122775258,-749.9278542616298,273.0288614261332,99.25272164075119,-899.975124968089,-199.03790569069264,166.8891523538145,-1049.9330839763957,-34.44176253422709,-195.45831119292623,-299.98145442067687,281.9012599066128,102.58407458366325,0.020982135143862726,-229.7939404140438,192.79506149741775,300.04735401633167,-52.13282056508684,-295.43717613230757,999.8918206317081,281.9466646692546,102.55322127294454,1149.9870398969883,-229.78818853681457,192.84962919026609,1299.9486083883219,-52.03939554156468,-295.4312022401565,-749.9943300683892,272.9749353056608,99.23469270304538,-899.9366862612436,-199.0177397948833,166.96220196137745,-1049.9062175784024,-34.427462205521024,-195.54458358646792,-300.0240373716654,281.8815113355805,102.59178808257414,-0.006552027872430371,-229.86895602470682,192.8514388789179,299.99993054299506,-52.06092956098564,-295.44753863820534,750.0443116111792,281.92685124480437,102.67248280468364,899.9737025343417,-229.91803108607562,192.85211071807464,1049.983976050196,-52.146722163295465,-295.4590060003914,-749.9831370357099,272.91719799801837,99.37088158605545,-900.0168943452409,-198.97591918273298,167.0482046058963,-1049.9584197627498,-34.50643477916523,-195.43532975247132,-300.0344284423119,281.9507928650998,102.65532460486409,0.032400252975839774,-229.78303086396804,192.88394909269175,299.9648666773611,-52.07417087703775,-295.3701649457656,750.0384730540376,281.89576340131975,102.65578768195678,899.9895835285391,-229.9010656735564,192.86831481555313,1049.9407998390157,-52.13355158378016,-295.42614116752463
calibration_00234,-814.7837025953196,142.99953364164404,-191.10095480220585,-967.5672661199076,-327.4780544768947,-119.42187112905673,-1120.0865752251739,-163.67843921107746,-481.12624694088896,-229.2166425318522,-23.70562800986383,-154.79157330564703,100.88482620016805,-498.2198633280934,5.549902760746972,328.83860190309616,-431.2143065010753,-545.2587736568861,1170.6259076303172,127.30511405592809,22.706464520184873,1336.5581085109973,-387.43239596592156,20.016888241113893,1304.4092915830988,-176.68034740770008,-477.00255084907633,-999.9754024578791,272.85311212917946,99.34435473573731,-1150.0587953781119,-199.08376441924761,167.00632351656938,-1299.9859062994421,-34.47254822150016,-195.33589856924243,-300.03252192855143,281.8861551309403,102.6770743366802,0.02541775897541777,-229.81539899728995,192.88345627510242,299.993085534616,-52.18594402224819,-295.4363445106757,999.9904105432572,281.87060461414404,102.71047529818289,1150.0944284915724,-229.85210515579715,192.85120514469662,1300.0144689076071,-52.09682368483179,-295.3983766626749,-749.9953195129493,273.0030884196189,99.33298776171128,-899.924548459959,-199.02735431039974,166.99430564178485,-1050.0329743411944,-34.469572915623765,-195.40389196776437,-300.00201751956206,281.8857412116641,102.5890477018715,0.03678913679996746,-229.78553528953495,192.96410616950993,299.9409805672551,-52.15613239924097,-295.43178941985394,1000.0079580976363,281.8771560131206,102.65788943052318,1150.0419583366984,-229.82791788369403,192.82004614117054,1300.0166159113926,-52.10624548146284,-295.4099432893716,-749.9779456233861,272.98321003623937,99.36802112321105,-899.9768249120337,-199.03526925533416,166.97505340802692,-1049.986181272583,-34.485631958207804,-195.38155956075084,-299.9940276794923,281.8876705762983,102.68170567913134,-0.010034032523019133,-229.81644876869328,192.9036339055466,299.9590741640607,-52.123430242080154,-295.39398835045097,750.0164456743358,281.96012493010795,102.59489019025018,900.0788195373977,-229.83959143694196,192.8499941647669,1049.9897508876302,-52.10881433479607,-295.4190248810123,-749.9922555611029,273.0144684008949,99.27173722694484,-899.9534036529315,-198.99422479440247,166.86651117218128,-1050.0543009531582,-34.44958441909834,-195.4714450272935,-300.0068429706377,281.90226088296293,102.6428110417665,-0.01457638354577026,-229.77440732381416,192.8790178848346,299.9053667249636,-52.13663125829995,-295.3770982875726,749.9853948399708,281.88844009850703,102.64778747670906,900.0131501514786,-229.85147216376177,192.81125495131195,1049.978344072725,-52.141227433870576,-295.45331096501394
calibration_00235,-754.5576713381108,359.88456549613244,-55.32164990529192,-1045.1242127359012,-45.4473977970427,-87.98947809479617,-1032.2283111820402,171.32464818273328,-453.751492307056,-377.60008867419685,507.7152657029072,-85.83314973937745,-132.24914487217652,-38.47375845987522,-47.4113541296119,152.34450379470667,136.6801270797497,-545.7419012621461,1232.084662328229,133.5326659323562,-134.74425296982116,1386.085063253207,-376.750592170096,-42.87194752871125,1537.2969843787475,-198.38573622966615,-530.5772656142505,-999.983361575853,272.8747742155389,99.32527269075446,-1150.0640251464197,-199.04694980961864,167.04396454382916,-1300.0335764375684,-34.40588633388299,-195.4338052167744,-299.98650963585516,281.8818855559351,102.62511414500108,0.0252827563781581,-229.862006517049,192.85051792681782,299.8980117443275,-52.144664034654745,-295.43854250541443,999.9459373194941,281.9102141666656,102.59893933369263,1150.0074641096994,-229.79408397117228,192.74305382342297,1300.0885673307594,-52.01682829333833,-295.43331739716496,-750.1957089090189,273.0053465356554,99.39433360339777,-900.0592703364999,-199.03511878079303,166.95027665938827,-1050.0398079015251,-34.390211540365115,-195.4910400752428,-300.0226470974488,281.90633421567446,102.63792643492863,0.0009250947104026057,-229.85790760538586,192.8146352859205,299.9783909987393,-52.13011272535341,-295.456817175583,999.9190761181793,281.92242018258486,102.59327074583443,1149.9457144035612,-229.73604810225513,192.8040885216747,1300.0552365281408,-52.00400089566233,-295.4280981354079,-750.0970796309656,273.0095031422737,99.38090856291112,-900.1173928403971,-198.97934450112209,166.9525449373862,-1050.0143155417047,-34.431621752408724,-195.48490216039406,-299.95208258442665,281.91729113309384,102.56827878790953,-0.014817135817053288,-229.82788934574933,192.78017732812992,299.93234514627176,-52.1182321017254,-295.472496032879,750.0591691393598,281.8586398684552,102.60977103969297,900.0537766016183,-229.74221175177172,192.80476668601582,1049.9680932605427,-52.04444604651,-295.4198281582001,-750.104219072937,272.97896151303934,99.35035450171249,-900.0122436740344,-199.02272611768026,166.9708832285414,-1049.989999837296,-34.37186734998878,-195.417236179695,-299.97537826189307,281.9257453153781,102.61923408778296,0.008657015741767972,-229.82629531270797,192.94996366527195,300.0033831228272,-52.107521339247384,-295.48125004310475,750.0544572207963,281.9464332702929,102.68233849818101,900.0952627578467,-229.73639419420357,192.86832609279762,1050.0401711204524,-52.04345800335427,-295.40872499563187
calibration_00236,-962.4089404342446,436.0523769161408,-55.832293013469126,-1056.4420784874676,-41.810218315846626,56.59680956732714,-1255.1109033405428,80.28828451510076,-299.12346021702245,-33.23356158419225,-23.790079479823355,-247.0736007528922,307.3823677592355,-492.39596738899144,-91.04085010198303,516.661012014932,-430.3859359154574,-649.8975551644119,708.8681620796226,552.2042953946326,219.43622505023865,907.002031682509,64.22274917522007,342.6273315877367,971.8899361621028,189.3760535591018,-179.47156592898952,-999.9879436276916,272.9570838036916,99.36086810787086,-1150.0087777671663,-199.0632279988418,166.98377997900016,-1299.9602825479992,-34.4899921214344,-195.35899615315932,-299.9101969367914,281.85550372533845,102.61039344025927,0.09306090898870004,-229.80148076230938,192.78413957192134,299.98970737332246,-52.136776034242715,-295.4587070701371,999.9365578954286,281.9279706796426,102.69468555259333,1149.994749616823,-229.80448340697367,192.96566299491957,1300.0507907561428,-52.170286345095015,-295.37935020581546,-749.9646757035159,272.9615432391676,99.34043251747605,-900.0455867514144,-199.00973846249767,166.95499809211492,-1050.0396928355283,-34.42939041943357,-195.55150519842692,-299.93380345750666,281.93631666801974,102.61482307597883,0.038552528265275623,-229.830429654114,192.79774997789707,300.04031494563213,-52.12052751591468,-295.52823412025475,999.9868336638216,281.94365633751903,102.6532050725544,1149.962110156225,-229.77314551502954,192.8686151741058,1299.9905099405257,-52.100251602862116,-295.39145882016226,-750.0136309461165,273.0054153455217,99.27776879241945,-900.0256424813883,-199.0103568689868,166.9266943856239,-1049.9972445181565,-34.4113214856157,-195.51454917799907,-299.97122496585905,281.9416850959903,102.63722031761053,0.09042567991898626,-229.76538240079353,192.8929815691863,299.9746248901956,-52.134483689715125,-295.47648206737506,749.9960125474789,281.9029680350011,102.53018727013074,900.0221531691557,-229.7833926382237,192.83829878498514,1050.0601743090765,-52.0450951888119,-295.5416845358629,-750.0104881702001,272.9685053684175,99.29062630083358,-900.0318875410534,-199.00648138398745,166.96881518812393,-1050.0788703381047,-34.39377695539555,-195.48731269081514,-299.98686634734867,281.9132451599137,102.68784357943191,0.03588101440851898,-229.79703591035533,192.8547324750376,299.9510016981197,-52.18562598477312,-295.4687513298989,750.0063345324099,281.9610696020294,102.60167045179834,900.0566718696809,-229.7967942999232,192.87224524821013,1050.038053423038,-52.07124786887656,-295.41553509696166
calibration_00237,-1190.6726531942152,219.57697801085985,-23.942018522193138,-1322.5834874578975,-255.41585978323627,58.4920075315784,-1471.4405390288334,-110.7133510301515,-312.80109617612027,-622.2202821178673,-70.83517320023849,368.75234258307194,-230.26567920886535,-524.9243310616013,382.30419376763024,59.485844477722516,-187.81889996069816,-20.63911107020328,1058.8083348362322,372.28768975982354,57.789879858477775,1203.224310740144,-140.392163092121,151.74878591220627,1350.5359112778362,30.45797360222137,-339.7677286450758,-1000.0319685183558,272.98230697887027,99.33869476315768,-1150.0211820149802,-199.03650435124482,167.00039333079928,-1300.013451522376,-34.42109993029622,-195.4852102671082,-299.91530182270736,281.90813446133905,102.58252449446853,0.021231261635497028,-229.84175509007537,192.81070225053773,300.03983843636126,-52.098370189486566,-295.4280547658911,999.988631540382,282.01864931007464,102.60169107967383,1149.9490974839728,-229.843973777501,192.73981952434852,1299.9690380631264,-52.10028166224153,-295.55303241356035,-749.9588653148145,272.95413643981607,99.30627905714837,-899.9862242552555,-199.04759557938124,166.95189178970568,-1049.9318024017325,-34.43684530784085,-195.38039546282252,-299.9604155401791,281.899542414024,102.60689508633608,0.06839044562944752,-229.8209859469719,192.871635807155,299.9702240549085,-52.117576421113085,-295.4608504255409,999.9815067520842,281.87958725611264,102.58776965307777,1149.9490771817175,-229.8579969428839,192.76055549066996,1299.9559121776674,-52.11997355315014,-295.4834365017723,-750.0223854930824,272.9677487549009,99.38242082358106,-899.9788072174333,-199.0427720219321,166.94118161902833,-1049.9959903264996,-34.494290624862195,-195.43192094822805,-299.95881238461226,281.8608082527254,102.59012822969221,0.06686299382214106,-229.87061451946676,192.8314099923793,300.05698277486744,-52.09431422314865,-295.43860162855066,749.9338069878698,282.03182963490497,102.56470648702741,900.035195423854,-229.75812700778465,192.8235069010226,1050.0277173136033,-52.00776830805751,-295.45482242740366,-749.9711362474031,272.93451081268444,99.29497044375779,-899.9537137068835,-199.07908557697965,166.95814986902894,-1049.9412025663387,-34.469964824340295,-195.45593724808242,-299.9993883811097,281.8212599979152,102.6079382899038,0.10987598087860767,-229.89203795932357,192.93526576423483,300.0321638242072,-52.172659928991266,-295.40777437549946,750.0119765633192,281.94298602921305,102.52832569529377,899.9851630396985,-229.78940089369286,192.93502678159678,1050.0185467827612,-52.05420570674635,-295.37330436783753
calibration_00238,-1036.8776361048588,160.7932004713058,-210.3495028907156,-1246.405581221737,-281.8634001767379,-110.37811478781285,-1386.289634660233,-118.45392912598288,-477.3204426559412,-3.359289431193137,332.38654387440187,-200.70485357716672,262.6470865904502,-194.91806393631188,-94.67533537833441,476.5057940498977,-113.16130296556923,-649.2867495566514,1073.1595567319785,436.58292928860226,300.87864851778585,1221.1670545047225,-75.03625644360055,395.4126621068499,1366.9867250236484,96.30591286655391,-96.43913712092152,-1000.0648606204306,272.93937182526946,99.29209491992391,-1149.955818724777,-199.0748997464049,166.99419624068582,-1300.0281376407283,-34.40088336536783,-195.43123044894077,-300.04394234892527,281.91259309181925,102.58008078180444,-0.03168965786990328,-229.83263036552069,192.78620027697366,300.00453385417666,-52.044824099877275,-295.48243533160536,1000.0243885913528,281.77312691089253,102.55080591898994,1149.9462340011657,-229.93954712438548,192.84180511939218,1299.9968105201033,-52.15979680736952,-295.46313669878975,-749.9431353571212,272.9912978593462,99.41408932985694,-900.0153843721158,-198.99963861208994,166.97016174875495,-1049.910246353054,-34.42788493093638,-195.45043340589766,-300.0649391350098,281.9440899171682,102.6303400727247,-0.001602310596303837,-229.79213203091595,192.8508887475504,299.93711804017,-52.06787576471887,-295.4641442088017,999.9769791032511,281.78626769439995,102.62543904099729,1149.9633995251982,-229.94102812645338,192.81342555202107,1300.000166617513,-52.15769385314072,-295.46062402657327,-749.9582721537585,272.9973548058726,99.346557978696,-900.0210376609425,-198.99621543311943,166.9937455365349,-1049.9392754532107,-34.43306917993609,-195.43355453801072,-300.0116835639263,281.8714995935998,102.61026132706378,0.042128878270190344,-229.78549383350062,192.77084517405515,299.9877820212499,-52.06910131618015,-295.44761817490865,749.9746313145838,281.9421323231583,102.57258588713127,899.9991454241208,-229.73582174181183,192.80794786510688,1050.001617313266,-52.062728763910116,-295.4763353378105,-749.9132159479714,273.01545756910826,99.32374751760238,-900.0509973885576,-198.9017647003796,166.92879083814037,-1049.9048196162162,-34.39492433680164,-195.45450141333004,-299.96688749712524,281.8848783055121,102.61931089735178,-0.04144838021369064,-229.83258940670717,192.822834316744,299.93573668303605,-52.246789665069485,-295.4746204795781,750.0051562047697,281.8192411470409,102.53286475138786,900.0839869545788,-229.8276904764997,192.87816154834866,1049.9862626795605,-52.17846572560139,-295.483593084575
calibration_00239,-1183.5270943145406,-1.7104639400675294,31.254274286950423,-1324.1401361048765,-476.1127366283588,101.7449367658693,-1469.6483828016758,-319.6369551469391,-266.0618469573114,-288.2120086612745,-16.458019345985967,308.278367360908,44.68104786642527,-509.1792108538308,388.18147941476167,329.0712670422615,-304.80432081098405,-98.88774681720967,1046.6358208522659,164.79173079665807,320.65847010575754,1230.7143905300184,-342.476386401052,284.1207633353238,1422.8873136445134,-22.69390534832501,-107.49956591115057,-1000.1049366313144,273.04699088026587,99.40455689143964,-1149.9864022400304,-199.00876068248954,167.0516616943365,-1300.048710336987,-34.45911308764716,-195.37926844751402,-300.01553538674835,281.9165629491807,102.68270690567383,0.07113551385030457,-229.76434037932523,192.95742220547282,299.99495332493814,-52.109195594026694,-295.46766128478737,999.9550924335671,281.8623292361445,102.57520631439863,1150.0572974010258,-229.81860915385369,192.89825251490763,1299.975454718603,-52.06623950985198,-295.4641131478598,-750.0242004264061,272.91365206930817,99.37715009322807,-899.9931430537731,-199.14965270463617,167.0771229429131,-1050.004344510895,-34.52670868706258,-195.37057290654536,-299.9459427638628,281.89525261691506,102.63908960602227,0.04695073101027491,-229.78397380423277,192.91606707987876,300.0223383499917,-52.11803041234389,-295.4209258480513,999.9903788319072,281.9215078169448,102.56011735497769,1149.965525954613,-229.80294575435366,192.86493433732971,1299.9937451182054,-52.095853791454985,-295.4829071737488,-749.9969427671512,272.89390851703354,99.35629892711691,-900.0101292885457,-199.08314653921317,167.01353077980164,-1049.9991295039288,-34.55146056238985,-195.32670939152212,-299.97286039470197,281.87149320494933,102.68314205099625,0.08762413270779794,-229.76257521393194,192.88302611447435,299.9892633642255,-52.08893657321753,-295.44229958566945,750.0262912647245,281.964835591326,102.57321218225212,900.0907414356599,-229.75736441818353,192.7941799681964,1050.0394529199182,-52.0082553331116,-295.480399940304,-750.0117878112248,272.95014024391514,99.32682808077018,-900.1002077348896,-198.9140075122707,166.95968933861622,-1050.1413483809629,-34.36794029540257,-195.44955631151706,-299.9980010677604,281.874496774545,102.64408901277686,-0.008572474341644914,-229.7982512061342,192.8874339438072,299.9915242779245,-52.06346563865072,-295.4360881976614,749.965498613765,281.8678121077544,102.6246258402322,899.9947126511343,-229.88744874725631,192.8216546356635,1049.9249619486827,-52.10470916688001,-295.4202311346125
calibration_00240,-1096.2810889684608,-42.82581286817715,238.8711845886715,-1379.2225987880506,-445.4138584945775,326.777751152624,-1415.394724301577,-309.61325190145914,-74.74108008122133,-283.7504857715861,458.6817371570883,-157.84569911637192,111.59145791594017,13.328123303605238,-84.71399210741421,310.6352503207783,203.54352432789585,-617.9143389084654,974.8395344477128,336.90150356161126,72.92771684613308,1151.8421385721776,-165.28566493166002,167.20807035207633,1324.315538659804,30.533356575083133,-306.4661723599748,-1000.0581639135305,272.85979716120096,99.29154323154256,-1150.0110921823268,-199.0794159100004,166.93477094616912,-1300.072362156319,-34.538104344520434,-195.42987831123304,-300.0300125666106,281.9182692825295,102.66503409390626,-0.0527280434973634,-229.8232804618997,192.86340133579952,299.9515503035438,-52.13356911899645,-295.3590879585994,999.9662038229492,281.96438765802554,102.63941873078949,1150.0103285324583,-229.84025527363286,192.86613841359863,1300.020244536107,-52.032853886347965,-295.40182034592857,-750.0083966899347,272.99167004426283,99.40488044842883,-900.0473292324835,-198.98468041000882,166.94943493475077,-1050.0244204049116,-34.410703286607486,-195.43460167865675,-300.01119156503637,281.93526862599225,102.70294867710781,-0.036825353846707334,-229.8374949148954,192.90507182361205,299.9287005412449,-52.11180400913402,-295.4035442410898,999.9738910312356,281.9146633614254,102.59980115000299,1149.9977598352107,-229.84048872316052,192.77903703359112,1299.9293833311747,-52.08863977341351,-295.45087820017693,-750.0603261154605,272.96423549348003,99.36564060639108,-900.047540989581,-199.00626526720134,167.08006288315693,-1050.0037032946216,-34.460000855762,-195.44035634686892,-299.98277693795706,281.9249712317011,102.65545954209338,-0.07765511110519789,-229.78530745127443,192.88727845254695,299.9015250849248,-52.073947569082215,-295.4291490549418,750.0038176943655,281.94010370432073,102.56930316512366,899.93937495066,-229.85329532652796,192.82506304130558,1049.993224962922,-52.06830173434677,-295.3450067614713,-749.9975641351278,272.9216824017641,99.37936237530423,-900.0244194340096,-199.06773621675788,167.00631268652572,-1049.8938892723515,-34.46896116666514,-195.4012137643849,-299.9946587437026,281.8820756682233,102.68206663383988,0.01664750540880385,-229.82924353990063,192.85418026909986,299.9242339164667,-52.083292243655926,-295.456030540426,749.9843805583835,281.9366440516061,102.5605926516215,900.0111361574131,-229.80149311840168,192.76987054636604,1050.0467409889004,-52.057337220981466,-295.43673619949107
calibration_00241,-799.3863847999953,490.61105668246563,102.15455091165317,-1097.3426900826837,113.01870941547483,238.3125327084073,-1206.6674045846771,274.02944323437754,-139.9420362273798,-86.16457627952494,563.0915050087211,124.43796545734148,240.0916823632216,59.630705493679244,119.97005282682946,504.3936430742761,324.2655697672448,-349.1089447490837,1225.4363126243902,407.7196338351641,163.27221522589312,1352.480573905119,-117.85033306886487,174.82346474025155,1600.7336364042976,147.39574832284748,-225.85210865278702,-1000.0002853115353,272.93251186628953,99.3586348463913,-1149.997452518168,-198.99174686118758,166.9392030126422,-1300.0670292101672,-34.41350933580305,-195.46971228747512,-300.07639146272055,281.92574279348077,102.6557976360008,-0.0751906602112358,-229.79881451133414,192.80540445835666,299.89430695941326,-52.09958610515879,-295.48418185804275,1000.041712359808,281.8454510506696,102.66494665300036,1149.938649165767,-229.90094711827192,192.86635239512177,1299.9921300051178,-52.192129941546945,-295.3357098221208,-750.0236567791511,273.04363580878373,99.40428279624147,-899.9925768449112,-198.9381363667394,167.04192762590642,-1049.9909419394578,-34.470300475487264,-195.37835518243423,-300.05663486568716,281.89468537049623,102.59818996641796,-0.06871406798539673,-229.80731730227689,192.90763596563733,299.87441061870715,-52.04363377734906,-295.45633691397563,999.956299570722,281.8615000238942,102.60891474316118,1150.0053229554655,-229.89098848173694,192.80901852643788,1299.9950900031008,-52.128278882244445,-295.39747637854043,-750.0417631144948,273.02077130867457,99.39364994244673,-899.9706624179324,-198.96172635056797,167.01614980722582,-1049.9523522840398,-34.40235834473188,-195.38576556955297,-300.09481746540683,281.89051969663234,102.62453550956278,-0.020356535307592363,-229.8585692391645,192.86313864025777,299.9399281320222,-52.0893771088143,-295.42773523068905,750.0397069768239,281.8844772191481,102.66381279637314,899.9772452226731,-229.92769308341235,192.85056538014462,1050.0392200334404,-52.07710107343672,-295.42627861506713,-749.9713941882545,273.0621929110486,99.29475335323397,-899.9230193819534,-198.97259974655802,167.06447277667345,-1049.9215976669395,-34.46673274285436,-195.47127260667833,-300.0424506195118,281.90814150231716,102.55472885528322,0.0030379581860307987,-229.811643971034,192.84873261648164,299.95546959804227,-52.00336592692402,-295.42751509512135,750.0920861005209,282.00348033509016,102.63197429389606,900.0006006787004,-229.7951104919878,192.81922760394357,1050.119745985718,-52.09191516007741,-295.43134903394684
calibration_00242,-1297.7068969092475,330.7193699281513,176.03684364389548,-1493.4210649150623,-122.74475941121634,253.020513733177,-1629.8226857425307,50.01385482272677,-110.9431451398178,-300.7216782862127,56.967264843557594,214.02574345039437,-140.38210891726212,-493.2928705122971,391.5433080356922,331.7456482562419,-388.46315652015886,36.29987864541697,789.8788649176055,-63.27163455895105,-104.39355429221911,1129.9232306802644,-472.9118142776299,-8.631905412357213,1209.504523893564,-245.41282704728457,-492.75840450675673,-1000.0163216790248,273.0030067020518,99.3109680133569,-1150.0051865089224,-198.98372938102312,167.01107596958067,-1300.0774522724614,-34.422798664120144,-195.33122874960867,-299.9695082033183,281.87936155162515,102.56458930662095,0.08957163810800746,-229.8751588803724,192.85179339444687,300.0381390740368,-52.050725668767335,-295.5277840754727,999.9493135894451,281.9670767532396,102.64761557005568,1150.0443038750009,-229.77194368242726,192.86874487824971,1300.0041270504869,-51.997437367225444,-295.353400693065,-750.0464033795078,272.9819432114034,99.356025601419,-900.0587666877304,-198.98357150293415,166.9497189140925,-1049.960066845117,-34.39817419928802,-195.434306389934,-299.95586824750575,281.84522215970577,102.56531004460678,0.05342337939618698,-229.84900263940796,192.77716474968386,300.01798135731315,-52.07142939604436,-295.5196708752197,1000.0462565641005,281.94209512932935,102.6885729299631,1150.016539398657,-229.7707431491207,192.89048678819574,1299.9984230064545,-51.98950233916551,-295.3691001044787,-750.0160015118453,273.0143667214844,99.32892856788432,-900.0822583204472,-199.02537356373236,166.94778929408594,-1049.9973253053308,-34.43623586531422,-195.40863954838107,-299.9645286169659,281.8636109103726,102.55829624898372,0.07925105301999377,-229.83804304435978,192.74779758457254,300.0224116613545,-52.054388219076856,-295.5035558934725,749.9862245443081,281.82616494637125,102.57515779915134,899.9746910936638,-229.836297189718,192.8491028932981,1049.9236261871329,-52.22012128036572,-295.51176153596623,-749.9739222201298,272.98458057646286,99.37553193587367,-900.0326355106168,-198.98478870288344,167.0694468378673,-1049.998996369871,-34.43346527931204,-195.29536890020677,-300.0000258568015,281.823394108599,102.715081193415,0.13945160681992214,-229.83463569791738,192.84160078082607,300.09419155386655,-52.07109568480705,-295.46714110297785,750.0163871938188,281.9245063901522,102.51606027244132,900.0403001612293,-229.77967988659455,192.8513288747159,1050.0137318546942,-52.09783583658619,-295.44924233228414
calibration_00243,-862.422996630814,332.0678909008692,-297.21960522708287,-880.3704494593082,-153.8127151639328,-181.31913928658042,-1169.6644799016576,-49.24433613367297,-475.01308318131845,-21.911595255739545,589.1201615419839,376.55898733273057,234.61801050212514,47.92348564317175,412.4360375216406,484.33043216654835,215.03922615684277,-106.93697606246852,633.863035903845,145.3326668482133,410.62815932974837,891.8132342795908,-303.83207606999633,566.2218657905196,1011.3248763058359,-160.63978224371772,58.56455093149036,-999.9328123701296,272.8654076163133,99.40671156369343,-1150.1009469858463,-198.99528684848704,166.98823330427834,-1300.022050273187,-34.45111438055331,-195.41510601612543,-299.99267386129446,281.8576587949589,102.58516929244819,0.00762185902455684,-229.82095594574574,192.86102883732391,300.01601474166887,-52.14840477515044,-295.3708456773886,1000.0192380338927,281.8308042639729,102.62525361977343,1150.036847704451,-229.87739505978345,192.85127965652126,1299.9635926129158,-52.24261763129515,-295.4319231272537,-750.0578782318325,273.0265766958039,99.2923501042152,-900.0167125293472,-198.95528775355223,166.99711195290772,-1050.0316027228682,-34.496754140716554,-195.40326267609356,-299.9841552503393,281.8760276811842,102.61229426532365,0.008296628940830698,-229.8477844751811,192.85995680779425,299.9474217307359,-52.17261016480873,-295.4001316226698,1000.0968790515923,281.8573400893978,102.64171286807418,1150.0367580051884,-229.87304420941942,192.92536921994753,1300.0161960825878,-52.2028891282038,-295.3971377837419,-750.0428656917366,273.04165033425136,99.2593671736475,-899.9703318140025,-198.98489189536025,167.01352101773418,-1049.9929874253885,-34.39835314490558,-195.40365489876143,-299.94855515684384,281.88071674032835,102.58059643173077,-0.012409413469594892,-229.84911709016828,192.87731845935588,299.9609184175816,-52.14050966353325,-295.3045539947856,749.9443459883435,281.95492619527784,102.59020145409309,899.9714637271246,-229.7526919797931,192.79093641642908,1050.0219322111006,-52.013978613451066,-295.43010270801784,-750.0488162991928,272.957165514536,99.32497832845218,-900.0340205145617,-199.00621342907905,167.0218890224101,-1049.9592907569438,-34.452934832902585,-195.4408837251433,-299.9355293569838,281.8280047995116,102.64307656434784,0.057610243996929364,-229.80462621754484,192.87328236465592,300.0566913444004,-52.08501338020551,-295.40480176887286,749.8738721810557,281.95261861564745,102.62740949743825,900.0162962036211,-229.74526205754128,192.82915513024048,1050.0101098087196,-52.024708627127985,-295.469044627105
calibration_00244,-1005.547423806821,534.7966424555098,417.7919163811335,-1151.6697437877226,59.27520656041639,466.0956990852906,-1323.3010920662912,244.84475033683248,124.01686309160188,-486.34939172272186,448.9772443692599,-186.53417699503308,-230.6956077749776,-89.63998064986819,-118.43690763130803,205.22235226607776,159.2459354969669,-447.132747329553,1099.822468284197,314.4064767451402,-51.4712142785744,1265.7319314502367,-192.80872586728643,35.94377168038208,1432.0725286207437,1.106514947531223,-440.6479534114459,-1000.0260231585828,272.8966587305075,99.40223228409043,-1150.0737013683652,-199.0486013073039,167.03419125712404,-1300.0257563283237,-34.51944904971397,-195.37547512385845,-300.05678904855,281.90209418293574,102.6109171007,-0.04680946879542292,-229.81209312698354,192.88699244738282,299.954116320523,-52.12831773011113,-295.4311790095117,1000.0107755833172,281.85693378996643,102.54497652113231,1149.9319796112782,-229.87687567838893,192.75199720238612,1299.987145360981,-52.197644123761854,-295.49722830136284,-750.0331704772026,272.9544914506268,99.34882333895702,-899.9631058534679,-199.07661700321165,166.9780909592075,-1050.0064604017186,-34.42641244540701,-195.34660499438993,-300.0859637696686,281.86097728581547,102.60501031718684,-0.027594635032830078,-229.7547425750686,192.8548194638179,300.025603843757,-52.10680933847752,-295.4079598134833,1000.0423477607512,281.840214808942,102.57326327815657,1149.9599928200303,-229.92484665107716,192.80512161677757,1299.9786385960097,-52.160182444461455,-295.45625413575044,-750.0317671438434,272.91343138299305,99.29613441114556,-899.957098829458,-199.05404539477323,166.9865226497094,-1050.042329608068,-34.485306080828536,-195.3936754892535,-299.9915487463651,281.9353219129336,102.63687390891207,-0.08304778553458789,-229.83235060051993,192.85612957997748,300.00919372678425,-52.09578436098155,-295.40505559027963,749.9757689401723,281.8643912825416,102.56622519441962,900.0312164306622,-229.8355048828082,192.85581856499067,1050.0009388334352,-52.161616195682704,-295.48424318773215,-750.0440109515977,272.9611319278927,99.32255977040242,-900.0024321575358,-198.92881115502817,166.99084978688296,-1050.06117658155,-34.365911083224745,-195.46801950184815,-300.0340644906189,281.939373428391,102.63142409088385,-0.08586603637348936,-229.70189994131155,192.9306548074756,300.01640681715713,-52.01630852146467,-295.3128651007735,750.0062662169363,281.9423553455093,102.70838474457952,899.9625579727453,-229.76622553844425,192.91535362499405,1050.0463491078242,-52.040367051313446,-295.3595970576061
calibration_00245,-1302.4296147552056,195.56152549940185,320.6942764163868,-1401.6647078492576,-293.035728396352,357.01088221033626,-1542.0453847234612,-128.57814962574707,-9.306789614374495,-294.9000566832542,280.9133922662564,334.4771690400942,14.648701272528108,-230.55260750594056,385.0298839170965,283.2271197083177,-29.217604431282346,-112.31316402010098,717.1844475936673,589.1918588020458,78.90898248280989,859.3203849141524,74.15122155235667,162.78691552907634,910.3372552831049,222.3471340973476,-354.8104197162313,-1000.0130302067952,272.9125724904737,99.37287299374958,-1149.937198856716,-199.05346911548816,166.99598616008296,-1300.0002360826252,-34.46688779836674,-195.39131141252827,-299.9925314851813,281.93714273379385,102.63387914301828,0.006150409976173256,-229.8477473576138,192.84763437175374,299.96065035844936,-52.15339772153208,-295.44932216554315,1000.0969193798788,281.91314632844706,102.65601493186519,1150.06943008401,-229.84279105005905,192.8459135628697,1299.9735451130327,-52.061966043034836,-295.5032865647071,-750.0375476395399,272.95135546992486,99.2918679994142,-900.0243655465273,-198.97497840106942,166.93719888028645,-1049.9539876698402,-34.46837440270915,-195.48483377849976,-299.9774559190189,281.88714643179156,102.63791268733608,0.0033531240237973745,-229.8604504997946,192.85992186093546,299.92157669514006,-52.121100917843705,-295.48380522936884,1000.0855719842763,281.93082594262256,102.61802458066357,1150.0277562397412,-229.77844316830684,192.81816291333212,1299.949433593041,-52.09297020488557,-295.53342604027597,-750.0190669266412,272.95965548005864,99.28288001960765,-900.0141705389236,-198.98035857698588,166.9593419727388,-1049.9719438921325,-34.373585958845545,-195.49852950296537,-300.0164319270106,281.8845736050188,102.63838376742027,0.005187197765607025,-229.87815930079574,192.87327357603772,300.0289077764308,-52.06349278525669,-295.39120670190283,750.0078660763203,281.89766107445513,102.63418385022838,899.9892636881968,-229.92331662679618,192.85404377228406,1050.0362433359692,-52.07769865930096,-295.4002802089005,-750.0388784927765,272.93661259207573,99.33767893718203,-900.0102180526661,-198.9898307244771,167.00458074419052,-1050.0071284752846,-34.5578178866983,-195.41975068483677,-300.07006264299804,281.845354662513,102.63705182392799,0.06432850932740633,-229.85505984885623,192.91571930318798,299.9553232963147,-52.142728086859094,-295.43650223011105,749.9694254319886,281.9489432206732,102.62627655151866,899.9540995660956,-229.77923943893208,192.93942451595365,1050.0154824681479,-52.098608210124354,-295.3956741427431
calibration_00246,-743.7633407551139,384.96334356255386,411.7470398996266,-938.6922360551636,-66.94957285978425,324.29710812987275,-996.1513016278927,197.68113921397793,-3.671209557492679,23.876780200271835,526.5656121017273,-122.54801835412047,317.17825943998207,6.542421619953132,-63.470767812482634,707.3337740909536,270.90521482101116,-434.8208172744404,859.3528410162696,576.5099984110464,39.74554423143515,843.701070027048,78.40228302925308,249.68058460288648,1126.0795296373462,101.10836395337357,-210.97067721362944,-999.9728515310562,272.92806029691764,99.28756662962074,-1150.0118105627519,-199.1187964154366,166.96885344453415,-1299.9911398163044,-34.443479788865446,-195.38829318561585,-299.9885532360743,281.8991787496014,102.57362478929403,-0.024964783896459466,-229.88042160213615,192.79358669101453,300.0259640092712,-52.145135241797256,-295.4404795751936,1000.0177117746422,281.8322262838437,102.67377603388951,1149.9533508399793,-229.87589666514148,192.83294005186545,1300.0344657116107,-52.18527765787184,-295.33758243553723,-749.9789251463517,273.0542334516433,99.42808995482032,-900.0443627890916,-198.94243735405144,167.07505583675407,-1050.0355252055394,-34.38511488622559,-195.36105477778128,-300.0200054018615,281.8541851588969,102.51415967380329,-0.05179611143532345,-229.8422155383944,192.78100357155728,300.0037916693118,-52.12453044009941,-295.43879439768136,1000.0153332968786,281.87175397986573,102.65512819842104,1150.0507716553354,-229.91598594492032,192.88918262728674,1299.9956493176824,-52.157604692547814,-295.38810278483373,-750.053821007316,273.00995504730713,99.38123792927716,-900.0423831839815,-198.9446749483526,167.11255171903545,-1050.0086814772353,-34.43258648505048,-195.36113842905354,-300.00793515012856,281.87640640781296,102.53003363765445,-0.03565883891581803,-229.8768694138635,192.74897910380625,300.00363320879455,-52.11193538839073,-295.4607291581984,750.0916079554119,282.00786313116265,102.56759385050982,899.9403428337592,-229.77781692380304,192.87509214821,1050.0793122139614,-51.974146014373645,-295.39665439077464,-749.9840090118473,273.0276471708806,99.31718540881643,-900.065009952392,-198.9369912309052,167.00804206138451,-1050.0117008067657,-34.429404619524114,-195.4448987173383,-299.9854626994492,281.78748818737245,102.50107183504481,-0.007374762606709127,-229.91100753966924,192.72001704133777,299.9978886073936,-52.217809036237355,-295.458784923848,749.9703323185518,281.9791943865238,102.63043513131606,899.9852093272135,-229.81601390042155,192.91395291284638,1050.1083253996476,-52.03345979519901,-295.3523484005009
calibration_00247,-1177.7631566849022,461.89174510880827,-146.17073985498698,-1408.8769806031594,19.033720122734085,-163.4873557398051,-1420.3877764453425,219.6567321868272,-538.3779082536034,-247.7419120579853,-69.43543845027428,294.2687852445711,213.06504999690378,-448.92255035836234,234.12343065578108,333.37428688335234,-108.38715684327741,-244.96847969426,845.0279257018598,201.89670505137516,129.53000544066404,969.2851767838932,-324.4116816682083,119.61406910950876,993.9576863428443,-95.48642292617852,-369.82370452566454,-1000.0021018286113,273.00525710747036,99.30878885472684,-1150.0611072841677,-198.93189136105312,166.98835899877767,-1299.9670534904321,-34.33370231548747,-195.47508596945957,-299.97903519396624,281.905107862812,102.62674586150727,0.10073713639580473,-229.79368426203368,192.81773986136204,300.016778655869,-52.023037211787546,-295.4091249926669,999.9666244864934,281.82713059319747,102.5859252379172,1150.0033030755646,-229.88403505949586,192.80869270732916,1300.0901270391353,-52.11501447521696,-295.44865117837435,-750.0075756008239,272.9622329130639,99.33243462817238,-899.9423627490593,-199.00061933522284,166.93508984222905,-1050.0700148761832,-34.51200973281619,-195.4610693185123,-300.0022768109054,281.94473844662923,102.6547568213745,0.03796024582112455,-229.7914800500205,192.78212620002253,299.9818204916138,-52.0163767472613,-295.54022314744725,999.948080350769,281.82593585178415,102.5754233325575,1149.9623056016246,-229.9165607625525,192.7968564362389,1300.0110971558815,-52.148649056781785,-295.4294984219224,-749.9907567849291,272.98388842652486,99.31741235266455,-899.9992642222204,-199.0500057124203,166.93776373368974,-1050.0201897945897,-34.51191346504079,-195.46905653747353,-299.97783473606773,281.95352188868566,102.57508211418886,0.06896706053082564,-229.81123077840212,192.83207946504038,299.97031943417284,-51.99484191755216,-295.4844853700059,750.1282847608672,281.9200398196315,102.63165714585897,900.0724507612643,-229.79859845746483,192.83600073392364,1050.0262501058176,-52.09063174519676,-295.40539497191065,-750.0140162524262,273.089996017693,99.30739945375745,-899.991796305541,-199.00650818153338,167.05485227230827,-1050.0195891908616,-34.394683030264154,-195.3829979673513,-299.9870339324831,281.9515931563935,102.6324026049028,-0.025712533287868364,-229.79053412599433,192.8745763126493,299.90120940377335,-52.0641710876822,-295.4930368382604,750.072958616177,281.8971724432292,102.63961320150563,900.0334755928451,-229.79004672246003,192.8090974985348,1049.9461808165972,-52.11681613178831,-295.4378623559759
calibration_00248,-1164.1210954139788,140.8250847949297,-76.91343441763856,-1216.779071529454,-340.5297056158087,47.210353041256255,-1483.3049390559981,-226.00814438268938,-263.9554525640884,-453.1556916600045,251.03723363203315,426.2886462766807,-182.41541354567295,-283.70441302486944,455.22893481284655,133.43631608568208,-64.50606351524532,-5.450433642606442,963.9967197544681,441.64372489369543,-141.27010100628098,1072.0283023491186,-59.03679276472523,32.293906933185454,1236.807680034683,24.95314185066867,-475.8270371444516,-999.9872254072103,272.904946144933,99.36178026416594,-1149.9225421375802,-199.12667943719188,166.95972492930633,-1300.0222688952163,-34.448785861197585,-195.46068218651473,-299.8891130269898,281.99832799822155,102.65434760451944,0.023857042953311654,-229.84950662668666,192.8368996201806,299.9948795422265,-52.09108281753934,-295.5094055461294,999.9165042182942,281.9689898113779,102.63931826577657,1150.0086734304293,-229.79134983770206,192.87643680679523,1300.0082610023542,-52.15072657933388,-295.44059854073294,-749.99602166767,272.8236385143367,99.39897746131322,-900.0289610317869,-199.02447913195786,167.04800528721248,-1050.014795925803,-34.56747103364449,-195.4209472694403,-299.9271387473383,281.962636970984,102.66692397884692,0.003500210423435148,-229.8201737773153,192.81600275933044,300.06750030969414,-52.142921581999026,-295.435331661458,999.9580242152037,281.95496006326107,102.61591943371532,1150.0143771750334,-229.81466014856608,192.8886967559605,1299.9351238949132,-52.09194118991972,-295.3917589709183,-749.9863408730369,272.9054962390198,99.33331021573561,-899.9534216093955,-199.0429347427168,167.01702881079927,-1050.049142520614,-34.49210080123719,-195.3724829154581,-299.96340996415995,281.928831699097,102.61908984203593,0.02349448496234574,-229.86690611821345,192.80922235895687,299.9945439654262,-52.084574234730475,-295.4617631124653,750.0212997208705,281.84883883594415,102.6902505582845,899.9267409041925,-229.821511864033,192.94688894856483,1050.0538214709363,-52.08450931980959,-295.3793096087388,-749.9864087102113,272.9293736195796,99.3597215955176,-899.9591529125809,-199.03705456701198,167.07542729842677,-1050.0162529964746,-34.56975611699486,-195.31721657438754,-299.8962317087804,281.9817182212603,102.6094324121923,-0.029927511733199373,-229.79051224083378,192.7904564451348,299.98462384698564,-52.14172272918437,-295.4904378552772,750.0085507878621,281.8544126016208,102.56049008971773,899.926848836711,-229.8162123572877,192.85927134491317,1050.0003807505736,-52.09854867003731,-295.4241696752597
calibration_00249,-761.3171380685984,-76.29632695638988,-44.47689050841655,-919.1882153923293,-550.4515053335001,-54.811205757921606,-1105.1547911756945,-313.9292694306461,-355.37713869953683,-576.9826817728365,12.485030918841028,63.09011601835235,-381.4200585435921,-554.2352579906313,87.15196570841836,-75.3325388229243,-389.9033194097594,-402.15056711075636,1304.0521005375504,154.57151708480765,115.36883421439538,1525.2297593144476,-329.8049113902264,20.944987659776054,1551.4654101168583,-1.8632848501861168,-408.3349302836124,-999.9590399075098,272.9897261427852,99.48570650238493,-1150.023076077193,-198.97665953931119,167.06715154429983,-1300.0175616904041,-34.43739606691411,-195.38823476978263,-300.04647403221264,281.8917482408081,102.58452568540882,-0.06610859637338341,-229.8174474739657,192.77995891449777,299.9979644410148,-52.15153395403295,-295.411347721468,999.9252098483339,281.9720910893667,102.60887349931376,1149.9761835143697,-229.66633045874977,192.83794322608344,1300.0306333296346,-51.90577629078114,-295.42616774409356,-749.94592883247,273.01287643115376,99.2755343811774,-899.95353905492,-198.92572547014527,167.0276699372244,-1049.9418848287507,-34.46134376474312,-195.4083837662278,-300.0531681243852,281.8742951461458,102.54979167648831,-0.08461516672841471,-229.80873787922695,192.81286648280087,299.93203578406684,-52.168942600264835,-295.4032064444444,1000.0134742501992,281.9952854289884,102.64232350405933,1150.0551349459913,-229.72212025759796,192.8163866231052,1299.9932952883066,-51.93582849828856,-295.3932080545191,-749.9509172714352,273.05691687888736,99.29188926830105,-899.963233679686,-198.95321662965117,167.00238432396725,-1050.0001227272246,-34.44171423230524,-195.44088808978339,-300.00187980091226,281.87773611307404,102.63016575388241,-0.07861104757349546,-229.85263093986717,192.8153605325854,299.9415222873267,-52.078502565510206,-295.47360012896337,749.9378793023441,281.94463885316384,102.54655877529483,899.9701374729785,-229.7776854512874,192.78438256560446,1050.0016774261808,-52.04715666482331,-295.4786004610572,-749.9974828697374,272.9933425585011,99.21012296113679,-899.9712460044674,-198.99252341650998,166.96927328870436,-1049.9771537025101,-34.43420716602072,-195.47491712584755,-299.9978444679371,281.8690661253703,102.59519867023522,-0.07701282412282436,-229.82599368628496,192.81236048772456,299.9816249895524,-52.1004955470905,-295.4332207102175,750.002843642921,281.96381042326584,102.55297406588802,900.0553940463659,-229.77770103613054,192.84436055537992,1050.0371840116857,-51.984209530012976,-295.39871860147093
calibration_00250,-774.962498187619,580.1102501237456,27.39024556201111,-877.3238102972158,95.21242957290254,93.3658278843199,-1004.4193953468287,234.7082448579073,-287.8799457747479,-70.69427246956334,115.59411639400638,-171.2032195908963,228.50848010461604,-396.742585854918,-81.50085975448361,527.4432784883849,-219.9872895693656,-570.7856360829825,1089.1956482385203,384.7581648424903,332.27158189747917,1334.7065697192888,-95.83368271666795,366.7603267208537,1481.7220396467778,181.73749916044625,-73.55988934042468,-1000.0684751828134,272.91655200000724,99.37878409078421,-1150.0444983110683,-199.06093223125447,166.9703710768112,-1300.0850600361334,-34.48153518565506,-195.4889322397773,-299.96711027746284,281.9564040215335,102.66651349458948,-0.006424629755867089,-229.8168436446063,192.8913437315824,299.97530337979447,-52.04789320670077,-295.4107632709733,1000.0112287256313,281.8909040443854,102.56437503613367,1150.0536048946485,-229.86822965597057,192.7770548576226,1299.9707418884295,-52.08333062685355,-295.5022150583137,-750.0272984466255,273.03782040273387,99.41488414226103,-900.0571731822366,-199.01743851106087,167.0427591775166,-1049.9728798553986,-34.40131720474275,-195.42638757963024,-300.02173168649136,281.9247788558529,102.63767486538877,-0.050321514504725134,-229.8470100272711,192.92405482799356,299.9665178265458,-52.07239271711292,-295.39900717014655,999.9728571173248,281.83275294972407,102.63162159063135,1150.0048789805155,-229.85145209583513,192.77771858654435,1299.9464434394424,-52.163395989011235,-295.5364570491718,-750.0019019688751,272.96215429973074,99.35933816200327,-900.0753883025037,-199.0260691213677,167.04749990317003,-1050.014374521645,-34.46651039225956,-195.3972686843154,-300.0049067800687,281.90716930054975,102.6326927249391,0.021756352661157524,-229.8250081500381,192.92074077241696,299.9927038881836,-52.09585257410661,-295.40031763117855,749.9995621079074,281.9411671062273,102.6905413774532,900.0319600381623,-229.78408303142444,192.93415298510567,1050.0747767883443,-52.00392058684827,-295.369797287178,-750.0710640077501,273.0371415217787,99.41389084072208,-900.1377170127781,-198.98394489216523,167.09494334037694,-1050.0848899124312,-34.41725103784388,-195.33497804036801,-300.0629819004117,281.83491880662837,102.70123083233904,-0.09252370220926509,-229.81502091649756,192.90514915924894,299.92077842751513,-52.102144540963614,-295.4295074969488,749.9715342698587,281.95903710804134,102.51176204995234,900.0072177620506,-229.8094487499568,192.78344495712324,1049.9805583135792,-52.03257838004854,-295.5123614877378
calibration_00251,-903.4998439843611,409.4201723639758,-15.136827091928803,-980.008385938661,-83.33729198754982,19.25682368038707,-1141.3824638455674,78.48580296594056,-339.4954762259121,8.586535176310916,132.20632414851926,340.9343750747727,238.9077973890622,-418.1513743457488,403.60960605058597,560.8524068211048,-256.3946219706846,-76.11983635896671,1007.0738554595542,283.5223078824543,-83.61453156894902,1189.7878800674391,-213.4595280213812,26.763533948316457,1337.489872677293,-41.92715100485609,-464.462395146179,-999.9426944039027,272.9558271118983,99.31826348220906,-1150.0160115430333,-199.00909457938448,166.93638210332347,-1300.0374221343106,-34.38769313419176,-195.43905324553876,-300.0101847642023,281.91064376342456,102.62588453030342,0.07220018370351253,-229.80755268524595,192.8895008448951,299.98671319693955,-52.111819303904554,-295.41356266693674,1000.019371472574,281.9218172537827,102.66390268507331,1149.9929598480842,-229.8536519288314,192.78482242199746,1300.0750525065191,-52.1041919493568,-295.3194125449225,-749.9659710577447,272.971885264395,99.25690638568607,-900.023910217501,-198.9773752031892,166.97501553658978,-1049.903624558806,-34.42081426617656,-195.52029065942418,-299.9859717371779,281.91370884591714,102.61687829324005,-0.009454842448789792,-229.82274902652185,192.79837301304178,299.99068706820094,-52.103628178173906,-295.42058344210676,1000.0999383906877,281.9632221670223,102.67913206243553,1150.000299638274,-229.83861601073662,192.8647811213125,1300.010113913529,-52.089611895289366,-295.4306309001349,-750.036279003779,273.0423738453401,99.33993523948584,-900.0265653834795,-198.9371729426423,166.96452918508527,-1049.867382117774,-34.42402180586077,-195.49045479750365,-299.98173166255907,281.8904803614545,102.5930204816871,-0.031066720668920453,-229.78037898791143,192.81678048774248,299.95145387018596,-52.115659136670025,-295.46630993854427,750.0095611929917,281.8613110120605,102.6024157658029,900.0065231124813,-229.83526974240726,192.76915937361542,1050.1732814529196,-52.0797729906779,-295.4423255705792,-750.1214138823951,272.93924383156036,99.29184649801253,-900.0099248971178,-199.07886749395695,166.96112711711518,-1049.9889335020525,-34.57872131748889,-195.4623361539329,-300.0074788933612,281.858234768673,102.65302663687304,-0.05405179329116503,-229.83949788583217,192.88672210602095,299.94288095400134,-52.14827901658215,-295.43747275280475,749.9272943029887,281.9474855913114,102.61800878969329,899.9809647615177,-229.81764792551385,192.8652957499762,1050.0628765138304,-52.03058043352437,-295.40220830725076
calibration_00252,-1296.3456195584388,155.76785255033175,-104.44492644786433,-1387.1792611551327,-333.9013636856623,-62.378392264491794,-1602.2067203110817,-159.08224205075618,-385.04472988420446,-200.43372429004398,355.6654875595939,-181.06620536051298,156.49031434141392,-105.63638619245799,-40.28059323391157,382.94107165126877,0.7142711888111083,-585.6693583286927,981.3350636284508,145.2413362233496,-197.98666612170118,1151.7350150144134,-361.09939287875164,-113.98668406396467,1214.0336427927318,-203.09890697494257,-627.49480706948,-1000.0408287182536,273.00182726954375,99.30952582033018,-1150.0655244272025,-198.97752788493548,167.01783986931946,-1300.0241467740227,-34.33873147995429,-195.46051127085337,-299.9744109021072,281.87875473440135,102.64415519793587,0.0254351197951457,-229.88830077334484,192.8057929801789,299.97465012596376,-52.0822165881985,-295.47465749732424,999.9946040108874,281.9371596702367,102.59259935167096,1149.9937543431029,-229.77882624794182,192.79183405798102,1300.0359996047127,-52.07520255773305,-295.43502584290786,-749.9559859895103,273.0295875560924,99.28475196913557,-900.02864450126,-198.9940613461146,166.9350916487869,-1049.979955305392,-34.39624919527656,-195.40854637556683,-300.01001787698874,281.89695224271117,102.67097322196852,-0.03742283194952902,-229.8912770004562,192.7694176986309,299.95947935660007,-52.040690864922134,-295.5491605908815,1000.0514882132464,281.9092629048994,102.61893285582141,1150.02030273214,-229.7868698708562,192.84316112009523,1299.9955121126493,-52.05804208841164,-295.424415895333,-749.9557949444172,272.96676801495255,99.24498276085916,-900.0271736895778,-198.98010371708563,166.93012591884764,-1050.0171977959726,-34.388555411206404,-195.5012672976607,-299.9533554263956,281.85900186656835,102.70239735626467,0.051500735628413286,-229.86036895520246,192.78432176164915,300.0257199737925,-52.02971046617306,-295.47164611327173,749.9833844928896,281.91182839983236,102.555248349189,899.9916030114705,-229.79926413776357,192.79014059891915,1049.9868730558562,-52.07982707797675,-295.4314502747429,-749.9066316022981,273.0390120699606,99.38063853510857,-899.976324134281,-198.95556292061164,167.0272140565832,-1050.0222022310681,-34.37400206053118,-195.41825237565496,-299.9567459352271,281.9457258384137,102.72059485941419,-0.008864539583003393,-229.8668975494435,192.87485354021155,299.9546503739834,-52.13850876842979,-295.529860592881,749.9540074308419,281.7948382896531,102.49335842517088,900.0027268893399,-229.8572068613788,192.83492898739104,1049.9875211804035,-52.15142116238983,-295.51330042185214
calibration_00253,-1048.901830342929,-83.59498674112979,381.18996543336164,-1090.159717463817,-574.116512733019,294.3982348295288,-1325.509058777781,-344.16376318394657,24.827431188790523,37.436406787127765,671.8811388278685,-73.88850866982882,173.23936575927559,99.19060067535523,43.00642768910663,489.0686421864679,148.98978233176683,-464.6360090706881,1324.938447364068,-36.60232360328842,106.69516019663553,1465.3895431875496,-558.8110306911042,109.87169876672922,1537.0968319490432,-327.22221263416407,-373.49446932387787,-1000.0817469918364,272.993772592992,99.29937734362585,-1149.9931159542527,-198.9970626611811,166.98653139740074,-1299.9639592653316,-34.440689610966295,-195.42642029206354,-300.03190351044725,281.8996684334673,102.47070698995549,-0.02375123175491596,-229.84097365947204,192.81409457083393,300.0873073228407,-52.118151441820366,-295.41518106092576,1000.0406971854844,281.9005615312609,102.66129562113869,1150.0664746015757,-229.83251830654547,192.81623339573505,1299.921370262201,-52.10860587904788,-295.464488608578,-749.9637934123766,272.81634617546706,99.27906200204114,-900.0330090961781,-199.10801215229097,166.94307682717493,-1050.0615247787664,-34.54287216663952,-195.45288253222697,-300.01246916079384,281.88766589952826,102.50723914775396,-0.07411479847033837,-229.81787375682268,192.84494905696326,300.0318702593929,-52.11429271007657,-295.4325455961616,999.9659958786045,281.9045616342715,102.61567963033325,1149.9760012467032,-229.84400590906307,192.81073191226162,1299.9811766145847,-52.15782165139621,-295.4417243704197,-749.9374420178737,272.85207780663137,99.2882964357493,-899.9920033778079,-199.12090592215074,166.92878526069384,-1050.010854440329,-34.54315039670244,-195.39498267770563,-300.03286868996616,281.89997119080675,102.51893919694736,-0.06121005995511259,-229.85061923233928,192.78743008563146,300.02310696372024,-52.14082791555681,-295.43905791915034,750.0814040542193,282.0053055491115,102.65073677798827,900.0878834543529,-229.73821462726332,192.8595788083088,1049.9886530766537,-52.044426445322145,-295.4465208264106,-749.975736386371,272.95614118602526,99.37698779783534,-900.0481170991075,-199.02424129077767,167.05939602022073,-1050.0368459723875,-34.34347781517867,-195.38699800474407,-299.9779355593985,282.01265386178943,102.5669957995557,-0.0439416673345737,-229.7778715808467,192.81105141486663,300.0597255315347,-52.09495074835789,-295.33131019021533,750.1401303504268,281.9751186420396,102.57751312042201,900.0790978565659,-229.7459803129666,192.88065053153076,1049.9621529131557,-52.08906689357947,-295.4764744834791
calibration_00254,-803.1992687428931,569.7736766056676,-303.2630352430633,-894.2606003881299,122.87973319814559,-98.65427983216192,-1108.235038069714,178.4365079868959,-462.02573484958214,-302.8936733649103,138.60158633479455,26.139865374553853,-5.545618953420905,-375.755488032355,110.1778039871444,283.0601165457381,-202.44246557289316,-386.5433340012629,1313.116619325262,250.8388124934331,401.52918959960465,1445.4149746496507,-266.46840341473023,487.8193798890243,1594.1490392983596,-92.61276624375729,-2.262334178950027,-1000.0252609088182,272.9792997675242,99.4128078299729,-1149.9893479508582,-199.08622512246237,167.05619286847784,-1299.9797012268111,-34.486587935822044,-195.37878593700492,-299.96024100230613,281.9010184650917,102.53588184987693,0.01690780046500908,-229.78262200697773,192.8181595021751,300.0195517344798,-52.081441266435355,-295.4740707546348,999.9203105843936,281.89778338364556,102.60742757961059,1150.0474236574814,-229.76328556036572,192.9061029371277,1300.0171754091953,-52.05520151485578,-295.37469611305886,-749.998738465321,272.9713901953448,99.32436376337802,-899.9887867945151,-198.97491102199666,167.04506437369903,-1050.0481265575308,-34.40885993954244,-195.46117530015678,-299.9291957477255,281.86888924943486,102.54899609712561,0.015038015379057424,-229.7742074278973,192.79923200391258,300.0524835679983,-52.08228340696897,-295.53110604563227,999.9426493509582,281.94988100661124,102.56332757302614,1150.0194170505686,-229.76410819776956,192.8843024610944,1300.0354388873204,-52.062867762747075,-295.3741774086165,-749.9871129768081,272.9853530144023,99.33517078379377,-899.9458817875029,-199.00411829610525,166.9563788191153,-1050.0507180012878,-34.414993809717345,-195.37935445714547,-299.9830911402489,281.9010671124223,102.59475191120941,0.04657690362685957,-229.80560496407517,192.70412839516456,300.05302180795354,-52.081370822381835,-295.43225970175195,750.0270937982408,281.93628615979344,102.63699136932843,900.0563057356336,-229.87537501933696,192.81938253682003,1049.9664917170894,-52.055955943607024,-295.42743943610145,-749.9844948118744,272.9923449920117,99.39166052331116,-899.990693373996,-198.89565581448895,167.0511560369596,-1050.0474346443034,-34.39369820154059,-195.31160571790573,-300.0096669361041,281.9195096493538,102.59082084461072,0.012935838585174487,-229.7300457837801,192.83298610810695,300.0696702797881,-52.1294717960946,-295.4472965385367,750.0074196350366,281.9259490999726,102.61719387261842,899.9621894980775,-229.81055912063357,192.94143662742005,1049.9834645539518,-52.11842281212268,-295.3752502577484
calibration_00255,-1202.0102213802586,501.0831666421063,283.2260089618284,-1344.8672537497687,28.516740747434223,361.56841880318603,-1508.4344886270956,187.0388295453297,2.2936049077873553,2.445206595366119,95.74281682064482,229.72044098108861,292.51474656160866,-428.53852487166625,261.51716896326866,533.8109285897128,-240.42484503202598,-254.63093958086134,904.7720438137403,39.90741592456208,349.8979568748282,960.117446106921,-472.97703039050515,512.3378735995207,1173.2805860480444,-385.6745566779509,23.042861822663536,-999.9695692431818,273.0022010590898,99.34604580931992,-1150.0309606697597,-198.96330165754176,167.0754165400889,-1300.0024274336567,-34.3787653850664,-195.35444345505016,-299.9924708412083,281.97322457000297,102.58075730338399,-0.023668408588828092,-229.7706467298122,192.87771133572727,300.03990876253897,-52.099210312315,-295.432978975918,999.9997189526038,281.84925894007694,102.60088556784983,1150.0968639142327,-229.85799754562748,192.75190425271836,1300.0327895029811,-52.15321145092711,-295.51459044549495,-750.0499983348943,273.00814961200126,99.34947604466063,-900.0855645992949,-198.96213287791645,167.04004107260616,-1050.003781779838,-34.43939460091308,-195.40947954647334,-299.9181772527448,281.92813050316266,102.62303609741589,0.015137762046923445,-229.8404601401458,192.92369160312623,300.09668277563674,-52.14699308452436,-295.42844487424674,1000.0628964844042,281.89987040887956,102.5459764872744,1149.9977413213553,-229.8392638948517,192.72721169410642,1299.974614866259,-52.07704497110803,-295.4901519290148,-750.036638078968,273.0358486103277,99.32516810162515,-899.9976919228429,-198.99046339615458,167.0103524087927,-1050.011426906084,-34.41401810708356,-195.46163186507889,-299.9741109460711,281.96359161273915,102.5908210606793,-0.010246030246262201,-229.8480851417602,192.85928218624392,300.0264510957998,-52.03399006645085,-295.4833254290258,749.9182412924573,281.9504787367534,102.62436557989444,899.9866121821319,-229.77759407261394,192.9326235434827,1049.9587267626418,-52.05826824346469,-295.39245139159016,-750.0020160369373,273.01689741632725,99.34043352963296,-899.9877735080933,-199.0402004389554,167.04819336419808,-1050.0367583167736,-34.44484707006375,-195.43425289398556,-299.91622763849284,281.8619172935271,102.59132005937714,0.03966151454982501,-229.79139825655344,192.8565294145223,300.0496266781163,-52.160040067496325,-295.526770980568,749.9347273782591,281.8074054454298,102.62887597056296,899.9861969712019,-229.84733505671883,192.7979259677282,1049.9820739484712,-52.10611866471708,-295.4461465833822
calibration_00256,-798.3734912218251,132.3905595305624,-181.27901545770322,-949.4101374590532,-340.41951982976644,-122.10401699804862,-1099.151807918922,-168.9878628143643,-481.49519289023897,125.55834012514248,393.47438181423314,-111.02895207267883,318.5443084781671,-168.0669768524231,-197.68268682825058,478.8910324682271,49.86382425796266,-733.2278953090839,857.0180353929366,-57.33555576097566,277.1420923552959,1048.4032378617324,-563.0882496670193,289.6317005559257,1186.1172587523447,-299.564115690359,-162.1725146129642,-999.9472920937055,272.9897515235796,99.41516133222927,-1149.9699494200943,-199.12007184900474,166.964819366326,-1299.9521330888326,-34.38277535744941,-195.43145044262653,-300.06672003031554,281.9230070749264,102.64902877258972,-0.03992382013750167,-229.82156796908055,192.90119734424437,299.94563393119523,-52.22770664241102,-295.45902480345853,1000.0118119051424,281.8177057338517,102.61586219776483,1149.9534031948988,-229.90821467675522,192.7776509291025,1299.9711229850434,-52.14635119374222,-295.50537337341046,-750.0396359125612,272.91733707629226,99.370498708892,-900.0084144104262,-199.00909669653447,167.06384070493465,-1050.0365712205448,-34.474091665756475,-195.3752507212915,-300.013019953196,281.9276584086989,102.55747606248657,-0.03199577220434057,-229.88144517109026,192.87119392865313,299.9040597975823,-52.167760504014765,-295.42296321051924,999.9918543307449,281.8706028557721,102.58379013586901,1149.9854591072258,-229.8868501386912,192.78637760337864,1299.979137223407,-52.11761375538425,-295.4836035407172,-750.0156181575329,272.984387393615,99.30717645833165,-900.0353797463649,-198.9391677638361,167.07878052382398,-1050.0223848007474,-34.49696092489597,-195.3306710362281,-300.0000170094211,281.92971833732787,102.60556882327013,-0.0321029107694215,-229.8769295042882,192.85375786472477,299.93187772460277,-52.17374980605486,-295.4159628806565,749.9882889821467,282.008023372027,102.61447034459981,900.0019156178306,-229.77889879759712,192.81280482521169,1050.0135840211713,-52.1012446935059,-295.5259836732977,-749.9669468686415,272.9798217537444,99.25096215992991,-899.9778847958116,-199.0133580130409,166.9690452933305,-1050.0106629779425,-34.50936790657389,-195.52853196013467,-299.96572445784716,281.85820272777545,102.63555379569509,-0.06031051632977665,-229.87555518289943,192.7281485949658,300.046841707905,-52.13060214593386,-295.4374584179233,749.9885391596832,281.8601565406577,102.69044249945091,900.0390875357331,-229.82250209433707,192.8085839762893,1050.052150476608,-52.06479784677872,-295.3540314912036
calibration_00257,-712.2919775693908,61.78123524973684,180.2730926587367,-790.0420889435173,-422.80446126496355,274.99854839826844,-1083.8550425255569,-262.4952403391052,12.658117729265802,-140.73033132364708,185.59310360905775,449.81019546269016,148.4985128103372,-336.81834307373634,508.00207820372987,444.242675931189,-140.84714978011596,24.195585811753165,1170.979355258689,413.6020942967443,-161.9317565655344,1344.9231421495879,-90.04331306467223,-69.4737380079976,1475.6384246059627,87.77481771610441,-563.2081320378679,-1000.0048123494277,272.96207398070834,99.26908758561,-1149.963840944893,-199.0240562885845,166.98546476661517,-1299.9669520543684,-34.46116245483757,-195.38450448645807,-299.96697239216024,281.9468349540648,102.60987251947856,0.06190756275308379,-229.8415090317302,192.8368772425122,300.0379464978969,-52.058600061758725,-295.46005781620704,999.9627285254385,281.9650381318143,102.59001077709794,1150.034920942752,-229.70538728009913,192.75047405745946,1300.0128043641257,-52.0566291663661,-295.4214093959054,-750.0316820791096,272.93241312003323,99.37542939839243,-900.043880719433,-199.02773869401403,166.9189996750891,-1049.9562983131007,-34.334546944653034,-195.5726013343637,-299.9869624614769,281.93921323552377,102.67655202611023,0.0035228888475235254,-229.7811738074911,192.84980385040905,300.0174020214993,-52.080596589147746,-295.43853080245674,999.9640749471388,281.966755619425,102.58124888991183,1150.0310364930356,-229.76084404394152,192.78863637495843,1300.0002968001006,-52.01852267663436,-295.43933259747735,-749.9695933517462,272.98223204577664,99.35066129976308,-900.029777585667,-199.04735520093195,166.9142744329631,-1050.0241702218593,-34.465466732752056,-195.47270422845153,-299.96246712507906,281.921995763997,102.6361984101818,0.050077256898846956,-229.83698534291364,192.94262864871826,299.990120350296,-52.040156067110715,-295.4145275589044,750.0970391464447,281.8718283030482,102.63708872896102,900.0345539495886,-229.9127159160954,192.8027595170999,1050.030283307342,-52.157125037900904,-295.47727216824575,-749.9755757828895,272.9214838268546,99.33359740083637,-900.0885675774783,-199.02788985342906,166.9882677106695,-1049.9728003919934,-34.403107901256135,-195.39352825643417,-299.9108941542243,281.90663297853104,102.65807411374969,0.09982714330389789,-229.76840732859608,192.89583958257333,299.9974219561302,-52.11183058761853,-295.4105726898802,750.0087086061031,281.91400506015555,102.61383129675717,899.9893183031596,-229.88966837149417,192.80017628802966,1049.9968934957615,-52.134527121778916,-295.53491153569263
calibration_00258,-929.2318915987898,343.91877460727767,166.87053023972095,-1092.2574419768462,-95.456084775068,340.4609253747739,-1217.702880058674,-25.8306130438978,-59.91978377256468,-506.83687432195643,527.2454081382441,-116.55630801020993,-329.59739283989575,-38.10020001545915,-22.06205972344162,124.73563798212703,124.27319586002564,-378.6663510708421,778.6887203633645,318.3346532068365,-38.57266545029046,888.4979947779092,-197.5362788805455,81.22130587164082,1076.5519612278,-52.237672823747864,-404.65938814142595,-1000.0389154773601,273.0255393842194,99.36117574470877,-1150.064990535416,-198.98276195089932,166.97155896580995,-1299.9849786363666,-34.38548090540715,-195.40330235889726,-299.97958875285485,281.9492479427701,102.5565436090402,-0.02455214926095587,-229.7759378662742,192.7782228331019,299.95118484109383,-52.10379085893927,-295.4748806935094,999.9561789044076,281.9069854448959,102.56402588199462,1150.04672510215,-229.78103628605515,192.8080074624091,1300.0193096153355,-52.08162661620124,-295.4324190997662,-749.9633850953746,272.9712713961424,99.30579482485565,-900.0177622889398,-198.94469220952786,167.0473421920523,-1050.0173022694762,-34.386238459832555,-195.4246145083225,-299.9784296485928,281.9481311744592,102.53815454868707,0.020807546310545863,-229.8124514353862,192.85585143217327,299.91161081023023,-52.13186325911705,-295.41773174761397,999.9819945518183,281.94483720762884,102.57980323609672,1150.044992723937,-229.82039817838844,192.8210982773484,1299.9788816419568,-52.114565091603424,-295.4888780614614,-749.9768966083465,272.99072176312694,99.32173518059153,-900.000328825025,-198.95758796096405,167.01059821620777,-1050.0712615798766,-34.342023143285715,-195.4096440344046,-299.9719875718482,281.95004818535307,102.60431014296636,0.012147647838863039,-229.8006669708343,192.79655089951711,299.9863159062765,-52.10425542484399,-295.50659996990817,749.9789134281554,281.94360609571794,102.59810681192353,900.0049803934215,-229.7678994134528,192.841553211071,1050.0336198724135,-52.071212183721336,-295.34603009129967,-750.0017686435187,273.0252659698023,99.28458097903592,-899.9590908202105,-198.9724042706102,167.0436145290489,-1050.0600991007607,-34.393613848576095,-195.3883835209906,-299.9414075664015,281.92348579153236,102.53951547203619,-0.012790744072264583,-229.76468983915902,192.8069102200352,299.99038838967044,-52.125756055112845,-295.49963790718687,750.0330184085195,281.94750485256014,102.63971314259656,900.0210128436535,-229.7546774749606,192.85170569956932,1050.0699733306371,-52.08605445950649,-295.43704404481775
calibration_00259,-1094.4227700691836,521.1018599313802,112.79992236504168,-1270.2366978873886,53.620692443463916,93.78476910483981,-1352.0252886377286,269.35414497893225,-263.5352308215935,-324.83355210205974,-63.428787159324095,-52.97750321397735,-32.76521777008758,-512.5891371723479,217.2054804709455,401.06109833098554,-362.73806791832965,-169.29539817530798,1252.1891163810192,538.0521171613568,25.52297733441032,1184.9875771357642,2.949199363995067,65.87553897508798,1433.739957414114,147.36249479791533,-392.0644136651545,-999.9944081658432,273.00708397639266,99.30448609365709,-1149.9709976295524,-198.99665152249605,167.00978237052317,-1299.9635175159901,-34.44036071872755,-195.37398196698908,-300.03495244184734,281.9422308213807,102.57747471669161,-0.06440406623551363,-229.80224647105774,192.82791332118703,299.9800186504745,-52.09657802162742,-295.4256715527811,1000.0051906361782,281.9356643405332,102.61739777244682,1149.9526372050564,-229.7649405208495,192.8940283258149,1299.964902135409,-52.10128237436793,-295.4253127349943,-749.9973447134405,272.87169109046,99.38499657970515,-899.926544512685,-199.10350852562374,166.97221962190193,-1049.9847543799337,-34.496430105594605,-195.4422793128237,-299.99462061869275,281.917523146478,102.6460704454254,-0.12671419467344103,-229.81597709498578,192.8564378630833,299.98309530085066,-52.14235790794125,-295.3960799028316,999.9688794097788,281.9562896062003,102.64592079174393,1149.8813254397214,-229.81351886764574,192.82124460068385,1299.9677302445943,-52.063093275766,-295.3676052466974,-749.9773535645329,272.9030839085249,99.34666046196824,-899.9690022414271,-199.09060837684626,166.97320220322248,-1049.9434350779904,-34.47799749921183,-195.480093538782,-300.02393943381514,281.88703732531786,102.62494782316983,0.014077241399425774,-229.82254049200327,192.8140016250602,300.00034817445237,-52.1116573504533,-295.4238045093885,749.9464303169799,281.86605694274436,102.68204408534575,900.0569062420343,-229.81446126340208,192.87024420082804,1049.972952600155,-52.19699482774039,-295.39847258389034,-750.0003674313609,272.8878010319328,99.3604073218451,-899.9652068507024,-199.1024409989855,166.98177909655388,-1049.9694581342153,-34.558679821328404,-195.47491170727866,-300.10687759472603,281.93985158080284,102.60896389086108,-0.06754946407977146,-229.7375144696763,192.78913250492133,299.97847088263114,-52.03208977484589,-295.47160815682804,749.9366475655463,281.88517980421494,102.53269923287768,900.0594926673417,-229.77629947388505,192.77290666807434,1049.9165610591965,-52.11107216532081,-295.54190874179164
calibration_00260,-780.2679933362399,339.2715358637755,178.90570509995595,-1063.8208781058645,-64.7347871160118,257.5533405496513,-1103.1654772313498,82.85942800282074,-139.45647721876756,-86.79628270797629,331.0845851504089,-196.64190637984672,221.86547052982107,-141.28197263283923,7.183682714137436,586.9180907088474,-4.24163285897259,-448.84658615639347,907.3930958709527,582.181511934742,-16.038481295714593,1055.9648571145508,69.38142837534748,69.85187926440994,1201.5271285763883,249.05297324305792,-419.1204615124427,-999.9776793794377,273.0618433114028,99.43493583930857,-1149.99784115341,-198.96230095601064,167.08855387641302,-1300.0118894783946,-34.39262449020323,-195.27773616795383,-300.0526211948704,281.90790855190744,102.67764625513217,-0.05255499407632273,-229.8497627410588,192.83180434994654,299.9986852840672,-52.135788697309806,-295.46547862654256,999.9739904132693,281.81922787242826,102.66409210717424,1149.9868110951104,-229.91188544136622,192.88698224662815,1300.000288917317,-52.12755693956435,-295.43889062761843,-749.999966496862,272.92907509975083,99.41924413226302,-900.0152311243311,-199.07289390252689,167.08247264301372,-1050.0060783810927,-34.50233550397903,-195.3087783472447,-300.0153693483655,281.8939042970146,102.52427482031914,-0.04632866831907744,-229.76837747510217,192.80216865368877,299.91835549773,-52.07616375008611,-295.4838511715911,1000.0096604302418,281.7993615553441,102.67787785174217,1150.0010716782326,-229.85313101315853,192.85185714582008,1299.9515609329758,-52.090566994088114,-295.43823299334946,-750.0367130860435,272.81563374367374,99.38752701576834,-900.0272002031547,-199.0840035142133,167.06101264289128,-1050.0167955711665,-34.55413865203943,-195.3650971648392,-300.0359464993923,281.9006722046864,102.6427397582943,-0.03119202049890401,-229.83121976483076,192.88857849069467,299.9477477011678,-52.16289131317168,-295.4888215863699,749.959455034976,281.9300770238938,102.51982884236442,899.9765629511838,-229.79790942162762,192.82094431094924,1050.049189800512,-52.05358607837457,-295.4446881626822,-749.9935166822947,272.97601844440857,99.41201146677972,-900.0210631361142,-199.0036882477939,166.9775638945166,-1050.036249304928,-34.3344170927318,-195.36632531541088,-300.0039319768223,281.93019800886447,102.66830020602404,-0.009388035124946851,-229.75825187447475,192.8642939333811,300.0393794350881,-52.13280636731511,-295.40099143416,750.0077785892013,281.87952618135927,102.64704028844106,899.9361985141943,-229.8682111092813,192.87389122410715,1050.0029743995274,-52.13858487866194,-295.3036015011576
calibration_00261,-1167.8494461099517,204.62872885833372,235.23101542722665,-1301.700128108909,-270.6642024929354,313.06163278575,-1457.4283774563626,-119.10603293873518,-52.60510193663044,-45.18365862923487,565.0091823199147,2.180699047388943,234.5288796674343,40.65516109441655,84.61467191892515,523.2254889445182,201.87147542284612,-416.1448739429453,984.435884341951,405.92919645737265,-94.59408250302799,1268.6303064956053,-50.80698452965438,-38.25555873841974,1280.2453644142886,140.3717425697373,-544.0694817032925,-999.9689209860037,272.94423722561,99.26191888134524,-1149.90361833593,-199.0712241279746,166.865177262136,-1300.012808874957,-34.40640546782376,-195.451163843607,-299.9459792576474,282.01418101347326,102.55284823377595,-0.03981908991434094,-229.76500605557587,192.83655764840609,299.9631942294563,-52.10232665195149,-295.4283847328384,1000.0106687647136,281.85854223495414,102.72925820857066,1149.9792985992885,-229.8118010621279,192.9600995317196,1299.9610854148161,-52.13313887529186,-295.3638702500124,-749.9794004947644,272.94523709924033,99.39610372865668,-900.0085941936877,-199.02343170869088,167.07733855414284,-1049.998327414533,-34.44675629340044,-195.37038060392743,-299.9626650482769,282.0144681321061,102.58802378132286,-0.04735909276245934,-229.7752519316555,192.87090150885933,299.9896830395155,-52.09199864419991,-295.44822980220545,1000.0107245990553,281.8593284797691,102.71722983656238,1149.9478270359753,-229.83149814264976,192.95340801509556,1300.0314088693501,-52.143710392374786,-295.35331230156964,-750.0015319462084,272.9844462268265,99.41019395742845,-900.0601441662867,-198.94196443668693,167.1026585092283,-1049.993562821832,-34.42693404667,-195.35054459369402,-299.97198172523673,281.9761013616687,102.6226234134667,-0.03207892599105431,-229.82542256259075,192.81435882051596,300.0187479081402,-52.11511275122529,-295.44605944959596,749.9554628234238,281.81492749674584,102.59114289519223,899.9916826040829,-229.91261837157913,192.81089319864915,1050.0375926865102,-52.17569120767835,-295.54392508475115,-750.0434140977919,272.97160125337206,99.36800747823241,-900.0848966017095,-199.06173584659018,167.01617965482802,-1049.9846071100965,-34.5644919751564,-195.45400806947103,-299.96837412089764,282.02830429111316,102.4647601433546,-0.057925282527710974,-229.76574998079954,192.82269897301305,299.9628163611032,-52.07997757344826,-295.45272097401744,749.9258891004465,281.8907598905166,102.55936673899785,899.9724870961072,-229.7678740202962,192.83070909112138,1049.9080217334624,-52.134967537771296,-295.51370891911546
calibration_00262,-1225.704316223277,57.346186368732965,225.32238683188166,-1422.6742243818064,-396.5291062202211,154.09242586033224,-1413.6137031654068,-168.4862431837547,-204.84365244314364,-542.0687061338991,102.16981868145356,102.70030326868664,-230.87845217335877,-405.5023784778778,176.40605461735854,43.899657793280895,-221.0224733678408,-324.13749950755835,918.0208879648785,125.54050851107189,411.82334875344094,1125.8500756969531,-373.16518527250736,435.75970787454196,1182.3599660095656,-147.52907228548213,-52.50621747824048,-999.9418681188953,273.013954751385,99.4121215199909,-1150.039830695674,-198.87962727753458,167.0699418990939,-1299.995769774995,-34.29897158838955,-195.36858667268646,-300.03324068324,281.8858297496455,102.67068918948628,0.02004192750390169,-229.89369803008972,192.86169931740218,300.0282199604298,-52.068742258161016,-295.3917595928939,999.9761554533123,281.82286945247466,102.67192399624834,1150.0005097068963,-229.86798011406424,192.88729564375393,1299.9930176267726,-52.12053854715349,-295.38337660025115,-750.0025217626053,272.89780925731657,99.31071985348093,-899.9984463736577,-199.06758801963497,166.9704752183464,-1049.9640320509868,-34.53263867329027,-195.3841990428384,-299.9998691838151,281.9040750731655,102.69068043447844,-0.05209150231308067,-229.80481534508226,192.85913048494422,299.9449888241539,-52.107553794600896,-295.4657034196998,999.9969506262994,281.8240816014784,102.66753217109711,1149.9559285167709,-229.85723759155775,192.88349174192933,1300.046933838896,-52.10436612468601,-295.3661897714414,-749.9807064388436,272.8956363640377,99.32974401325131,-899.9671825136954,-199.13269064427126,167.00359276664872,-1049.9798786464269,-34.5708948844882,-195.48830699052,-299.9936238438992,281.89389123644224,102.67422415003023,-0.013462454021471601,-229.79310722508424,192.87273498130315,299.9506707821233,-52.12125253180752,-295.4152886438974,750.0530324341482,281.92784655666185,102.64046908397896,899.9546117391101,-229.83993037951208,192.85091847425247,1050.0097306064906,-52.040024551798794,-295.38881050006995,-749.9453353098733,273.07995787888643,99.32071079899983,-899.9686284236966,-198.91944025274424,167.03183279085073,-1049.995124724775,-34.36668749243005,-195.36744190451267,-299.94892779839984,281.97316958925325,102.63534485851002,-0.05778028385770932,-229.73836198657028,192.90066943061504,299.96906384428524,-52.11650035916036,-295.4348723665091,750.1179296725231,281.89798909804523,102.60146582354584,899.999810991228,-229.8835399900786,192.8590957574448,1050.0072227693531,-52.154575432338824,-295.5135280628461
calibration_00263,-1332.1867160723154,169.8505314545138,-19.440122906720934,-1453.8462466405274,-314.08269207491213,8.709652004099555,-1641.6684270550577,-121.47243645774314,-320.7257086832165,-23.87864198242035,243.72219157971267,241.88853485480234,370.5323712719226,-196.34461491955443,346.0084042170305,615.5896548526832,5.027331013869468,-163.17545296557262,1324.4839108757758,415.8241016116125,431.6395146317125,1473.362321821296,-97.42970980973092,514.556876423716,1627.557800667916,88.20954056670905,30.53979110963474,-1000.0176420281402,272.8832081370009,99.32526415078414,-1149.9764986585722,-199.0315235072186,166.96352174305102,-1300.0337633248273,-34.49712820607996,-195.41855677638563,-299.96443157072946,281.9119635251644,102.6967572408978,-0.05732167016047984,-229.86276974007365,192.76673197523218,300.01092184214684,-52.12490852543201,-295.37918742658786,999.9438002988888,281.8481581851068,102.54614515016569,1149.9326580288075,-229.89317146298225,192.79546483789028,1299.9161694287072,-52.20377389885962,-295.4979937398002,-750.0006139635377,272.9063838273454,99.31124939199938,-900.0064648799696,-199.0878911696104,167.08280412841816,-1049.9894561786205,-34.50745082458392,-195.3455136065191,-299.951039946098,281.83431317077697,102.63003447744293,-0.057443112724057506,-229.8721231859907,192.8480030667323,299.96030428243915,-52.13020214735111,-295.44578650560356,999.9980650044552,281.8547627182094,102.55759073571218,1149.9764974978007,-229.90065932608752,192.8013573431557,1299.9283178998953,-52.1627053499089,-295.5360472853295,-750.0237545573539,272.92858791659864,99.39126371320401,-900.0044070746609,-199.0558940678312,167.08791298827867,-1050.0105698554928,-34.485169107958235,-195.34176835155063,-300.0227352021154,281.9237445443489,102.64751789804204,0.02413376175090766,-229.8710045987826,192.73584277393235,299.9965128611379,-52.11716120372068,-295.43671193147605,749.9642358749605,281.8706649649749,102.61296443053455,899.9693588269545,-229.79580697232112,192.84419178312447,1049.9753434180466,-52.058816214735266,-295.40529963582827,-749.9911584836696,272.9687305543081,99.32205992837505,-900.0541410212772,-199.0435999429749,167.0120359051967,-1050.0132915068657,-34.4988747034642,-195.426144670819,-299.96698716817235,281.9253674157427,102.57842661817439,-0.06510375151244091,-229.8264458405382,192.80280444298597,299.9999026317124,-52.17095727139738,-295.51834585521203,749.9555730479383,281.94656821135214,102.59930135968351,899.9238737289303,-229.77161138049942,192.79969772266142,1049.9759158892684,-52.04971427666167,-295.4581318145545
calibration_00264,-766.2577938442734,73.08101394547971,-123.7309854959022,-981.2157990109578,-377.78964773974275,-104.51951356679491,-1117.3880390898523,-150.2657321756017,-437.120813004603,7.03032766871994,118.57838940716702,501.55660592001203,251.75182469309564,-429.2446514661586,498.7716731887636,558.1846426294163,-207.8446855398283,32.782342321794914,1003.2384105370855,442.93878801798985,348.19752998467675,1126.749361704819,-78.75590285321773,419.9551587053806,1278.5433206520281,106.22047636463842,-65.12698825216879,-999.997791630091,272.92518861188097,99.43291183728192,-1150.0232513467108,-199.00706621088634,167.03575026933657,-1300.009647820726,-34.451201044592416,-195.35802219313723,-299.9951284886878,281.8066462109418,102.63282615191558,0.04843756043392606,-229.86325411876965,192.80561972950608,300.1496386815706,-52.0341335004329,-295.4452628186145,1000.0469315876538,281.91032074485884,102.53006036092061,1150.0557222522293,-229.77103459490579,192.7998549450116,1299.9245021630954,-52.07655106561917,-295.5283836858486,-749.9758259622636,272.9301411909863,99.42851146664799,-900.0076829931533,-199.00408661034842,167.0832272680597,-1049.9723239704026,-34.42217460818049,-195.4154848711159,-300.0140795292076,281.8920233857285,102.66750543556925,0.033905076224543425,-229.86098564975572,192.86317052715964,300.02980264108106,-52.086026101560606,-295.4487354067966,999.9695726061777,281.95707011332485,102.52420762291996,1150.0939364948758,-229.76250151003723,192.76171761048028,1299.932851154462,-52.08751043992433,-295.53421333351645,-749.983647769112,273.00546131367844,99.35729942903905,-899.96879989778,-198.93369248038726,166.99966670521596,-1049.9424493703784,-34.39840386217725,-195.33893225133716,-299.97182262732116,281.8393278243557,102.66427607580417,0.005753511075945385,-229.898530434631,192.8237777835345,300.0521918815948,-52.066646931847366,-295.3912603319622,749.9795977952602,281.9806897857507,102.64288267412697,900.0205314895102,-229.73809614263635,192.8377517294622,1050.0084502903135,-52.03889836593033,-295.4303948409781,-749.9600038937535,272.9888219010657,99.37978475836324,-900.0146027132722,-198.97939158125791,166.97152719352022,-1050.0301469661586,-34.42295028858005,-195.3619750053717,-299.9396907289296,281.8976066005376,102.6196232104628,-0.012024879999276965,-229.86645177152266,192.76522850129658,300.0442689250678,-52.12050979207609,-295.40625199656904,749.9583100049838,281.9518964288065,102.53828172539163,899.9955180398524,-229.79375689410125,192.77812615153005,1049.9683325762821,-52.049999719598325,-295.5208460526779
calibration_00265,-653.8029012884958,375.8755908336664,9.348992138853614,-873.9724189014252,-56.151869980296006,130.53222631724495,-1024.8618286824358,102.97115232032019,-233.88678159580746,-285.32925325390016,45.579567706365914,177.08432816213315,-15.801811044745385,-486.69660329717755,240.71068926247457,111.72646000800059,-406.9141541501545,-340.1266364166738,1112.2955290892155,479.7647599889848,-18.267625445634046,1132.8221933566156,-60.267771849679804,3.573427289077279,1415.2605897483493,142.11201150965476,-410.91299448737175,-1000.0009993653632,272.9659046783946,99.37245840025817,-1149.9623174927858,-198.96696962950637,167.0098584413033,-1299.967190207707,-34.46764085994219,-195.48893420726978,-300.06720128362144,281.9222732280737,102.67179735736394,-0.056815699936372414,-229.86592615171742,192.82111277403476,299.95401810129636,-52.040504824213635,-295.44833753505577,999.9904554147774,281.8277247874167,102.61575402175932,1149.9542019824262,-229.93506445608702,192.7992687192305,1299.9307514859736,-52.24469241239671,-295.4980855686603,-750.0419574776138,272.9808840012804,99.29709624893917,-900.0486082944024,-198.96206979759432,167.08195118418803,-1050.0382736262684,-34.44779685544716,-195.43778715064323,-300.0406149827654,281.94151452510965,102.63688887401835,-0.04045841836484865,-229.80696839914236,192.88926161067533,299.9738447338592,-52.06591953137064,-295.3867047092578,1000.0217044966721,281.84996056932494,102.58413340293026,1149.9421651146715,-229.94486409585195,192.77752033038774,1299.8841504815368,-52.15627184511057,-295.4345510725828,-749.9874408544337,272.95074601816407,99.35546660253891,-900.0388179794094,-198.99506187250347,166.9807938289168,-1050.0457846896365,-34.44379989819834,-195.36329311649882,-300.0265825568197,281.8771550056865,102.61938369047247,-0.07679190629711505,-229.9054088926866,192.84702571760826,300.0028189172512,-52.11079907050974,-295.44932327550237,749.9046495162903,281.91927064088605,102.55331950478742,900.0177325438665,-229.7531106435074,192.8547593696948,1049.952358787289,-52.07291085782795,-295.390196548423,-749.9833543111483,272.9506389080096,99.33004507689158,-900.0306923754539,-198.99590801965164,167.02013192396964,-1049.9861630625837,-34.41763316080902,-195.45584642857614,-299.97315292016305,281.8370054084679,102.71721998703961,-0.05975281150315602,-229.89396666130332,192.82424539400947,299.9717542885455,-52.02550750744324,-295.41256701251484,749.9660190661516,281.8756730681496,102.56728969837907,900.0436011448409,-229.7797306841457,192.88146502690637,1050.018530758886,-52.025974552590355,-295.46799331247314
calibration_00266,-776.3124776881859,-125.27008504561783,373.24142224292575,-977.681812824973,-581.7945193147631,342.8078318446569,-1141.2399443286047,-315.8384238294723,53.95802906802616,-59.05144680549763,594.6760793304095,360.62238156762425,95.36455018960169,25.60341077846951,471.35636929734807,445.9426635335341,106.35714401483838,-8.870413179978346,718.1489690864452,590.0000010545018,306.85012626341575,851.0685626724623,78.30837033936393,421.5027905915483,1071.431764398551,251.89105824218868,-40.83860213536127,-1000.0120201509735,272.9160858838172,99.39476693008187,-1149.9740030664364,-199.11213879410099,167.03064687693086,-1299.9684185324772,-34.42560714218076,-195.43717125189366,-300.0446687573032,281.8482417223064,102.56591612283755,-0.011823193398950748,-229.84322630741198,192.7542804832617,300.04648203983163,-52.03792081248061,-295.4978332853816,999.9576618788187,281.8813418454115,102.6117612802103,1149.989573504669,-229.93336500771971,192.83149440273243,1299.9025428614268,-52.148376904494214,-295.47167112905066,-749.9507235828863,272.9151820768687,99.27604068965438,-899.9825720258029,-199.0685191498957,167.01585093921662,-1050.0218311078656,-34.46671032891455,-195.3757712399491,-300.07146477657176,281.8493533602287,102.5046439911206,-0.022890211551787686,-229.83228215472994,192.75488466610025,300.0289903860769,-52.04316931370239,-295.4559678153794,1000.0032394478583,281.84571584456813,102.58163985227613,1149.937384900666,-229.88487060623783,192.74040304831342,1299.9516806064005,-52.18328419486257,-295.44276482318685,-749.9363352286277,272.96805895549727,99.31801834619411,-899.9796289258074,-199.04823129146456,167.00736649838575,-1050.0290217023125,-34.504826703740115,-195.3983616245731,-300.0436801528773,281.8437736562989,102.54916028111496,-0.007733608958475037,-229.86396924163708,192.7307665730569,300.0531683818928,-52.052118050711705,-295.45353543141414,750.0225242431994,281.8059298773634,102.60823421610696,900.0452942988518,-229.78475312814157,192.86257512656786,1049.9878829557358,-52.13130265596323,-295.44270759585487,-750.0618008283345,273.0637371106179,99.32247733740574,-899.9898917461651,-198.95557872628916,167.0350960909446,-1050.0514543406239,-34.451477467238846,-195.36352774161875,-300.0417909661094,281.90001116733043,102.55402590243908,-0.051133662025620766,-229.8308507276731,192.82240155974395,299.99995674593157,-52.05942033056124,-295.50538997085334,749.9697181258625,281.95322558995895,102.64023991706661,900.0595514648631,-229.80326596673603,192.89926268371906,1049.9485184182956,-52.16242756536654,-295.45720432455926
calibration_00267,-925.1985534864475,591.4732298510038,388.09427400002744,-1083.4083478052962,131.38717626366653,502.75095222868623,-1253.916733042688,272.6779384846719,139.56230428883845,-443.14304646570525,-11.323252758813792,242.13382653626255,-147.3370423682424,-464.5431496190006,500.916252605695,258.05505298057795,-343.8427220001102,75.39860029700021,1282.3003138287477,256.615350922865,-64.94404597345273,1487.9972775913707,-242.9119693420565,-90.72334742568661,1478.2272783953802,3.148924130371527,-572.267544626914,-999.956144410564,272.9660418829599,99.34164142298299,-1150.0622636457229,-198.98359374627455,167.0147162436353,-1300.000636027295,-34.44586781146405,-195.42634928897567,-299.9154619105867,281.94473268483205,102.5503148637554,0.06653722480432389,-229.79035707118155,192.86963823066318,300.11221095548245,-52.214701633772535,-295.34268674505256,999.9335947369021,281.89327809291206,102.6344973336392,1150.043400277903,-229.83679752738635,192.85790674500055,1300.00805985552,-52.12277717749569,-295.46212414149346,-749.9493351293875,273.005195271564,99.36627406554423,-899.9595307613863,-199.05884318114047,166.9720048777664,-1049.9578836477024,-34.3982275758157,-195.38699386333215,-299.93870811386074,281.96442258797396,102.53412960324577,0.06750924215514138,-229.80670402685317,192.87049248948026,300.0966586173675,-52.14766906156844,-295.44185006608046,999.9821127658686,281.89490983250613,102.59944289891786,1150.0086634769239,-229.78835173985036,192.89418957088358,1299.9825499842877,-52.08049124540342,-295.46172683642243,-749.9976007983801,272.97634751268254,99.35805287254485,-899.9476473078736,-199.0456205247881,166.99347874697077,-1049.9366405982357,-34.41458974012489,-195.4343139282918,-299.9190286394203,281.86414020978094,102.54030164635053,0.1410736870255438,-229.83946708440186,192.87714137262998,300.0335825722063,-52.16172583445364,-295.4261748341731,749.9572575155676,281.92776792619264,102.57658795672529,899.9418584376695,-229.8231901837891,192.88846423735885,1049.9624061090392,-52.0888229978112,-295.5030578702542,-749.9893857082587,272.973609654569,99.4160711188527,-899.9564713699672,-198.98874516664594,166.98240901993404,-1050.0291488544226,-34.407112444075686,-195.359414258612,-299.9291467909504,281.9232391021446,102.61750795967274,-0.004945524173331932,-229.78594898926613,192.85613053231634,300.0580067089652,-52.17599186952991,-295.3856207628531,749.983032122527,281.9299746187457,102.58013161485857,899.943427456212,-229.76411181300122,192.8698242763801,1050.0413197001094,-52.07474175577195,-295.4130647293015
calibration_00268,-1203.2175219198637,-11.826769700707448,-203.08076445871455,-1357.6515478301078,-453.471956852761,-27.243107524779877,-1502.9889409321672,-378.5451985251157,-419.8993959387795,-175.65417177450507,-36.97084389244367,467.88300716055005,106.48208516604826,-566.5067884781407,466.6425627398578,493.27634561453414,-274.5976488388658,112.84959120775689,1252.8809564876558,334.93549453850153,422.6950377423709,1452.8981375831065,-159.9357125533598,510.10262973400467,1528.8482235618976,8.307798738095464,1.7826666404763492,-1000.0734098503664,272.9871795099141,99.39341590728037,-1150.0331833508083,-199.0379724914496,167.05847179932474,-1299.9367714455993,-34.446982429916545,-195.37022467992713,-299.9569908225749,281.9173312182409,102.5864815847281,0.013671903591569043,-229.75965968168978,192.8113583070455,300.03198061581077,-52.09023665273271,-295.4823055689583,1000.0787427731683,281.8845187079302,102.62128974343732,1150.0391094188844,-229.81113139848298,192.75755484093258,1300.0608439865664,-52.05759621908897,-295.4633967192605,-750.0037862524147,272.95351297968455,99.3159293836511,-899.997871971644,-199.05288367488427,167.02626673169206,-1050.0183401511476,-34.501223067336355,-195.38014652500078,-299.9639565802049,281.9530156428112,102.54404603815199,0.11236173098779739,-229.74436464475,192.75888090314874,300.00328600798775,-52.07700346617203,-295.45104711824564,999.9889310490912,281.9607607661643,102.59655006044704,1150.0300612407207,-229.77268332892584,192.76440688109216,1300.1112149630462,-52.10991838150407,-295.52361514102785,-750.0052529753077,272.9008694922305,99.3760741631913,-900.0542234927859,-199.08459478507595,167.03357421765574,-1050.0285470749393,-34.453358803364566,-195.45523931439666,-299.99747534593894,281.8846816638749,102.59581647980342,0.025906800689448388,-229.73829922160112,192.79506358424908,300.06030708816417,-52.0915839035218,-295.4781824973836,749.9990560703893,281.89852259441915,102.64145661989271,899.9941695256069,-229.84667029006403,192.7681760829811,1049.966689027339,-52.13379976989659,-295.47202093842014,-750.010271817626,272.8439483122369,99.32115303185405,-900.0159769642172,-199.07711315595725,167.06002290981607,-1050.0588761962138,-34.6404773231102,-195.3913378074461,-299.98515408176854,281.9337420838595,102.52574066842824,-0.008797684011758532,-229.766537366526,192.87779204815686,300.02113836823764,-52.14811889697717,-295.47409341368973,749.9799945336998,281.97480150869274,102.52854364691477,899.9785859622702,-229.89549108976658,192.89230433518654,1049.915573709837,-52.133418966104415,-295.4320136219004
calibration_00269,-753.191198195909,234.18506640812913,152.37724978094184,-963.7084565246048,-219.0441369586396,161.37507898689702,-1175.4869635915722,49.98727766063107,-90.9038348910055,-54.33128901916224,535.9031700517183,265.2387549173737,69.44298726216985,-43.385943138593376,360.9003304053197,512.6333224010409,64.65899568592432,-28.930412801148407,1073.6045685861118,494.7488309631252,-260.81906560935,1109.410043804001,-30.967603798984367,-139.28190074006318,1384.830686420362,98.33929176235426,-586.3497289823642,-1000.0478975132545,272.9917811281276,99.40752609204934,-1150.02448086579,-199.02688805160165,166.9784836038403,-1299.965779421417,-34.428441530706856,-195.43774656174764,-300.0842524323409,281.889982723829,102.59670392965847,-0.02645292267325704,-229.77352225030634,192.78619472553666,299.98079320192505,-52.095980837946534,-295.50764129200235,1000.0152692120113,281.92901855379864,102.71750095935309,1149.9208258320891,-229.77152941738754,192.9388984050498,1299.9864008170052,-52.08502851161357,-295.35208965727844,-749.9652145456281,272.9956606729579,99.35893094461113,-899.9391766341279,-198.98167634706195,167.10548414479905,-1049.95453490586,-34.47367232073638,-195.36477136614062,-300.0240814442403,281.91009731220305,102.54857330918759,0.015652453902804668,-229.78633197347602,192.82554340072733,299.9501078737971,-52.074721938879165,-295.47054765456033,999.9879342619399,281.86879856764864,102.70263113399297,1149.9045446877176,-229.85628803673956,192.95493489373123,1300.0126870648114,-52.07109876027655,-295.32778592620815,-749.9660561473207,272.91633086577326,99.33741481025146,-899.9367892702167,-199.0172540286573,167.08779877697413,-1049.9886435653957,-34.45666503033914,-195.31907783995598,-300.02376320366574,281.89246060287843,102.58064624498964,-0.02428792430039302,-229.76605171099683,192.8485674755966,300.00558980214424,-52.12301891472716,-295.45542439145765,750.042531494531,281.8959612192963,102.56519093967313,900.0746535198267,-229.81213809244468,192.89040434797525,1049.981875539807,-52.12503982459622,-295.5007294160298,-749.9462728465486,273.0047365926816,99.36721109906009,-899.9195025884597,-199.0116997698845,166.97438373237364,-1049.9190715214274,-34.40910229581284,-195.47411282164202,-300.0496890148638,281.97223490561385,102.55450826588984,-0.08023929014376278,-229.80919079224526,192.8412139161225,300.0057374760428,-52.10062061536499,-295.43224681242805,750.0088667426693,281.98437144666474,102.64858101778377,900.0009740321001,-229.77449414386106,192.91437912432403,1049.9804944872828,-52.04836092610282,-295.39100362211974
calibration_00270,-1102.2009505848534,225.50933027547907,285.7588229796584,-1290.8799717895574,-236.47285903352392,315.34044754437264,-1487.0524196516803,-2.7932174386366517,18.886344721897444,-518.9637493720898,215.02959396088983,182.2483131814782,-238.82735650124297,-308.96630916653385,98.88985643291964,-69.37634297256902,-50.598980355532966,-415.4994926997819,1202.3207300698011,455.05414379384297,121.93811384204942,1498.4385058966104,30.36225255290187,278.45013430876054,1604.6077455906968,182.1550074809149,-229.65612708788944,-999.9891955378254,273.002411320526,99.46152769015454,-1150.047828654422,-198.9657451960975,167.07456025966266,-1300.0328875071987,-34.40055360717811,-195.28645769403212,-299.99603577573305,281.88099938604944,102.58408863588741,0.000276914012421272,-229.8801524454734,192.87338171436576,300.04583814666603,-52.11945094923966,-295.3911409838219,999.987438775905,281.9170772678174,102.53144110340031,1149.9945480498566,-229.84293406168788,192.8568313194137,1299.9687292376216,-52.17074719225191,-295.4673326656547,-749.9659904231072,272.9766963253058,99.39371352869969,-899.9369226179301,-199.06247075302545,166.97200119853628,-1049.9999990427573,-34.39210687075841,-195.3978863392341,-300.02297963368267,281.8057288841675,102.59655937773381,0.009327502250517799,-229.83934387644513,192.81995745539012,299.9845276068699,-52.09772430069213,-295.448031349058,1000.052659563891,281.85240175248913,102.47653602522442,1149.9469822616375,-229.88095319193224,192.81839355815006,1300.021702341246,-52.22254809844588,-295.500889438695,-749.9731909729812,272.9694477332017,99.34703357986639,-899.9788651941782,-198.95260799135716,166.96733836763224,-1049.9282862052687,-34.39431035648688,-195.4527336546337,-300.0278566139296,281.9164700666363,102.58942406446121,-0.001941890122916838,-229.76446046235642,192.83216471304684,299.9849003975854,-52.09118898393201,-295.4827392248761,749.9559586776844,281.888196999755,102.70260680065229,899.985207573811,-229.75716815736246,192.85711361427806,1049.9707077528042,-52.05658090824161,-295.36694641358,-749.9678262179419,272.9488862800741,99.41200959508375,-899.954445064112,-199.036770771683,167.03086813348241,-1049.9970102165535,-34.434175543237096,-195.35206385349358,-299.99752439660523,281.81255014523583,102.56033997557053,0.03935219872347959,-229.85862695212538,192.83351832760977,299.97712680251874,-52.1920340789936,-295.4739091007251,749.9912868876847,281.8828855808728,102.61055308943259,900.0695878264758,-229.74204213815418,192.87439018332736,1049.9841022033465,-52.060911502178364,-295.4285151983729
calibration_00271,-767.6280765996365,321.678960113772,194.63798535935248,-830.5447294200441,-163.9529348248837,295.12924656392653,-898.7712779573766,-75.93416396584044,-115.47595208147166,-465.4886831809666,251.85291273763744,377.9662191156343,-30.18647908071011,-159.98784657893583,407.4059821620385,137.00403061150158,88.85439114074899,-112.31060266209407,1368.3395426895493,73.34900751996474,396.713620802802,1378.0355397050057,-465.8706931824196,437.98671452364783,1434.0579892738124,-295.25702066567226,-72.20104773818758,-999.9465664975977,272.8388193417977,99.32977842915689,-1150.0057606598518,-199.05106150774475,167.01633860252002,-1300.0410845873753,-34.43687222055252,-195.40757212097344,-300.046597354183,281.9198079806729,102.5486365026613,-0.01830441904338713,-229.7479177495123,192.86204200214684,299.9943065021989,-52.12884916194398,-295.4230776422437,1000.0074651202475,281.94312838468363,102.75815851355624,1150.0501351546739,-229.78069601736803,192.95242774394646,1299.9920692124422,-52.032446044494016,-295.3462451543769,-750.0926984040639,272.981066675491,99.30041638314192,-900.0578482896075,-198.98329931816238,166.89235313007174,-1050.0531859462803,-34.433505995742834,-195.49494449421272,-299.9994638917329,281.864280814247,102.5321365347187,-0.05157135613267781,-229.7381249111158,192.8273408768029,300.0180463413724,-52.07167676135604,-295.4718250887358,1000.0094388932605,281.9387253343208,102.74456961954814,1150.0140440306013,-229.80953100312084,192.94942929623488,1299.995131752376,-52.094586024627176,-295.31210367418316,-750.0491185245018,273.0084927400715,99.22204017209894,-900.0824686977013,-198.96388566146,166.92948103791556,-1050.0693694786266,-34.432175239090384,-195.4660549015205,-299.9876086438721,281.91287073422774,102.63397151750526,-0.02495674154836728,-229.81757130720536,192.82692537821544,300.00797164813315,-52.05345375474323,-295.4472284013739,749.9936780535362,281.86284160953414,102.61394611862454,900.0702725263054,-229.7933648601223,192.87376193948487,1049.986087752457,-52.15112621353719,-295.4220725883146,-749.970322874914,273.06987858607914,99.39074353105167,-900.0878942636258,-198.96686101934483,166.9593230640051,-1050.0712419359902,-34.273375042044705,-195.42674838189527,-299.99090565729995,281.9682465369255,102.60627332169813,-0.09753359807414311,-229.73165614895095,192.83706569062804,299.98136254507403,-52.085248453150854,-295.3988152691442,750.0387732680412,281.8158697818909,102.59519429303015,900.0763279906097,-229.87021180979332,192.77026920468043,1049.927265258672,-52.193009919215854,-295.45728333206915
calibration_00272,-1036.2165781703366,271.85203363841134,156.6830283400685,-1295.198154851435,-133.26367016883304,293.1698447695833,-1361.0651467112891,-31.84089697739581,-114.54551844110983,-198.57331837591042,409.2454598433757,30.035448170182974,-12.007708578844582,-159.18103072095226,76.2086567697474,335.1310473777899,-3.77433184609863,-387.8664942300666,972.5760685635375,208.9296187166432,-209.60632532131459,1138.640766954836,-295.8101798440384,-108.9171401286717,1279.2524896384587,-125.14272960951384,-602.4312799762894,-999.9281767521994,273.0190927616864,99.39083590966884,-1149.9509285780732,-198.8979343113562,167.07709393838914,-1300.0611381241508,-34.4372880109073,-195.3186554804401,-299.9305569308056,281.98546099483553,102.64751081612162,0.08121121084328123,-229.78951593189385,192.82063088922453,300.0028358916631,-52.15220226019473,-295.4700877654357,999.97941391361,281.9097605127886,102.69978412234275,1150.009619762561,-229.83995193280987,192.8432292541705,1299.897517861695,-52.02906691965266,-295.4084962340257,-749.9659278012289,272.91272524565096,99.29513429971574,-899.9990257158329,-199.10572192246343,167.06310355363823,-1049.9431834404215,-34.51993479592171,-195.4331674805791,-299.9147677658457,281.9245534129526,102.58397704560356,0.06706218474495412,-229.7090781087434,192.83015258521144,299.96452587700395,-52.12723449709235,-295.4238206374333,999.9636070491102,281.87235921999047,102.71439748588685,1150.0389682527027,-229.79879803077145,192.89128526829163,1299.9691228127433,-52.12780415312324,-295.4331477767999,-749.9812828417965,272.8916422698991,99.35598535777501,-899.9489740652584,-199.06912780630066,166.96986694981598,-1050.0500203083234,-34.50103567272585,-195.35295814142341,-299.914834941153,281.9465329327872,102.63220921515321,0.09110063667542999,-229.79222898411285,192.87069682103058,299.98862763188015,-52.094329599052315,-295.41516566901146,749.8786763741593,281.969931426746,102.58861938310652,899.8806613976278,-229.79262351836562,192.80649822524802,1049.9962905619839,-52.05277060978345,-295.4297198717629,-749.9607645478782,272.9257302156515,99.30759333070979,-899.9626384844934,-199.00579289297113,166.8769924189784,-1049.9958786399054,-34.399332180133065,-195.39706198724951,-299.9013907810726,281.9353689064141,102.55506849872856,0.11108067215522872,-229.77584694075267,192.81281276376336,300.0546949902532,-52.099963266115005,-295.47864699033016,750.0049234258402,281.8023769100139,102.6084991690614,899.9663869395804,-229.8783729618839,192.7599114620862,1050.0560652373806,-52.11690088372417,-295.4602689753158
calibration_00273,-1315.341939824239,370.92021881558475,146.7377547224401,-1412.471218396278,-119.34161621480253,144.31302164018769,-1554.1247172514245,72.98095675276565,-207.66790361736474,-430.7722536506146,263.8905977075449,-59.88030628313284,-87.47367963837388,-175.90545162342602,160.72196726768954,312.34749047336385,42.62170149093133,-229.6344464537669,742.0964917502698,381.08064622183025,345.55909273642015,873.5881458365349,-137.03743703107233,427.1696631105033,1062.2502131551944,54.00781329801503,-42.28740316417875,-1000.0343123194683,272.95603581384427,99.36459815863317,-1150.011974551603,-199.00988453930236,166.99488235476005,-1300.0477079450611,-34.45512603107284,-195.3659483532762,-300.08231288641707,281.96455593437463,102.46425161577747,-0.027291983704302452,-229.7540825693776,192.8143706604103,300.04727093543835,-52.10073089693429,-295.4411880293941,1000.0475911630699,281.9178477985577,102.66045924842567,1150.0454436373925,-229.76413876565383,192.83685049723152,1300.0637761024848,-52.073183451132586,-295.41098127081125,-749.9507880890077,273.01579411591234,99.39624989758337,-900.0769091481254,-198.99035831568136,167.0380622715973,-1049.9280373575748,-34.43614189919996,-195.3174237304124,-299.9939074409483,281.92645876359524,102.48416179668747,-0.06346917766988075,-229.7825598857166,192.8497891676016,300.0598512961154,-52.10354135978454,-295.4447676050309,999.9784320016554,281.94947818056926,102.64705243985007,1149.988067371135,-229.82087522575765,192.8519674984106,1300.0145805416118,-52.05389931067423,-295.39728256381943,-749.9954991990198,272.9788898858376,99.37114479203393,-900.0322593963713,-199.03400057179928,167.06671153462852,-1049.9966009968196,-34.35761864706283,-195.35479016800065,-300.05491543515706,281.96006753162715,102.51699794030542,0.01428370767670738,-229.73541087715597,192.8254543447291,299.99419260091736,-52.10997636012326,-295.475912329097,750.00659285189,281.89354746939426,102.70257401956667,899.9906052520128,-229.76298226762083,192.879145994038,1050.0757771516517,-52.065772561552066,-295.32550491278874,-749.9404036851814,272.91858964252435,99.52796598875548,-899.9289471432645,-199.07241161445847,167.0652115196306,-1049.9455881068543,-34.42953359741613,-195.3304524078836,-300.02509809174404,281.9425958183544,102.54248304828877,-0.04910133499570132,-229.8210517172037,192.85665817384623,300.05269113821754,-52.155671211082364,-295.48502210077606,749.9903811636754,281.8188745275511,102.63204133046237,900.0389527208056,-229.8892804126923,192.8042973143123,1050.0296290584154,-52.09585717005729,-295.4228224309684
calibration_00274,-1267.719981325076,-31.31836596722031,193.13876587186184,-1397.6936041882097,-512.211471151707,234.09238649739132,-1533.0832608348692,-341.0174991935561,-130.92325364811202,-344.392079586406,292.9732972315619,-42.34933289234879,-76.22024686902814,-235.66921605843285,50.51508731596317,214.08670875366445,-92.01828568270452,-454.53013219507625,675.475619754451,306.487392713918,97.01111886955715,862.1217989949458,-187.6931903041699,213.2086901500549,981.1585025279962,-33.78544277875795,-291.4012414859549,-1000.0475281315012,272.9592037744117,99.34928063757019,-1150.048980797918,-198.98970908609496,166.95706054756292,-1299.9359523469068,-34.415045000145,-195.4147157590752,-300.0848009277637,281.92465935048585,102.59581063057391,-0.04886377768991727,-229.7987060771606,192.85537804696816,299.9453011223287,-52.10759635121094,-295.4799299938954,999.9668954014091,281.8373584575314,102.56570648715643,1149.9882988172849,-229.85279410340286,192.7166595240056,1299.9931728748752,-52.16662631139238,-295.5061255986693,-749.9701352476485,272.99451258251605,99.32047630239721,-900.0115027740721,-198.97948090568,166.95488475836456,-1049.95364700755,-34.42836486590485,-195.45272762598944,-300.05820987413756,281.92901590234527,102.59831663622626,-0.01883703078174574,-229.75692051469053,192.91424591707687,299.91530555439374,-52.10851985065785,-295.4337483594688,999.9765139070684,281.84708715258114,102.50607803987788,1149.963031548178,-229.8544256731197,192.81548593395533,1299.9993656739805,-52.22751507612243,-295.5151359134887,-749.9392772914273,272.97185461171637,99.36190876644021,-900.0631633612768,-198.99457815570346,166.96027624156704,-1049.970644611397,-34.418025237777805,-195.5021721517399,-300.0945584365164,281.8823052273173,102.5869278195795,-0.05049001845383904,-229.81391334020194,192.87712038656238,299.91310615440096,-52.030942000076095,-295.4134432025845,749.9554723117636,281.99654833474835,102.76719839756484,899.9680394607597,-229.7987007778305,192.87257176850832,1050.0511178725715,-51.98996565405624,-295.3360105163272,-749.9400513434083,272.916972075146,99.27423843772173,-900.0003942710092,-198.97957786339606,167.0229266248917,-1049.9829715072415,-34.49459583090294,-195.3687952390451,-300.0026271452734,281.8447115502623,102.62829346979672,0.012637248618153858,-229.8028511532084,192.88899136582813,299.9497503179219,-52.21302851744958,-295.4901407317501,750.0827492686259,281.898329515008,102.54837981920639,900.0533421844284,-229.84752174420808,192.8175780348267,1050.113972241451,-52.1099009721772,-295.4167350034602
calibration_00275,-1271.4353182449338,471.364447307571,-91.62960241536312,-1482.3955024650766,18.73326723171771,-69.17487082367852,-1624.5400328821872,244.64168647209829,-400.39560626338675,-563.5495366410382,651.4671159857255,213.70285897267894,-334.92001604104973,97.99909242629808,251.48171998676796,-13.584843204600288,279.77167001391996,-221.44160953375516,751.0183178747598,385.9221355034917,-26.81494534229638,891.283247873872,-126.76173497018536,73.38203466181336,1081.7553281710268,52.23641795430957,-400.0670777775669,-999.9410736758238,272.9099359883005,99.40458251067886,-1150.016499621742,-199.07741563700816,167.10655219085226,-1299.9684702544698,-34.48248662915305,-195.31540180694387,-299.9396744539102,281.9437680668021,102.60031870988006,0.04402369075129016,-229.80466708267502,192.81352531552824,300.0477451986749,-52.112823616200956,-295.5127315855221,1000.0094635398933,281.87119904153184,102.53496675854548,1149.9306918469604,-229.8831855641924,192.789747065517,1299.9980273006302,-52.11360080913384,-295.4565882367856,-750.0572323563588,273.0152869378182,99.36871647853766,-900.0119162404474,-198.97675527176196,167.04931007506482,-1050.0344198290434,-34.4368105468786,-195.38806978199756,-299.95411380152035,281.98568522307977,102.6164118435348,0.021011489489247505,-229.82231181627537,192.84294763342064,300.00988898497235,-52.10766183555965,-295.47550375743566,999.995288411201,281.8677716265258,102.56763409003375,1149.9735800092567,-229.81821392137215,192.7450838133746,1299.9565345609246,-52.15292069109928,-295.4799610949407,-750.0094296057672,272.95376751820453,99.40101490615191,-900.0292600967433,-199.0279988664778,167.01651640941125,-1050.0450739930645,-34.429995515537136,-195.43424362638277,-299.8805560915609,282.00309061508983,102.61735031481844,0.03643022425933095,-229.81125385357268,192.8398102879269,299.9784455552579,-52.060750311977465,-295.47124689237273,749.94694028085,281.8745568260532,102.64265076848181,899.927210578225,-229.84008323592533,192.99112003805354,1050.0007265912807,-52.11645475111047,-295.3270315060827,-750.025933395569,273.0033598242981,99.31908006031667,-899.947225003042,-199.0131628781778,166.9759695447116,-1050.0771165301435,-34.49479021767517,-195.38152606414323,-299.9279541863603,282.0319121215525,102.59809486843919,0.04484147969760817,-229.75242754953914,192.789008816582,299.99417136176277,-52.14176113291017,-295.5612788331483,750.0130359652885,281.96982653888574,102.59724405008937,899.9495098141738,-229.76635268388435,192.78728979603355,1050.0149661597568,-52.15871752888099,-295.45953998598804
calibration_00276,-889.2827272471312,415.2983770646134,-69.20608099457769,-1048.9387839874128,-48.327337116336935,28.00904276015627,-1218.1310370910528,106.85079483537554,-330.1160719664272,-367.251598535063,229.24386424144257,125.6648591941666,-79.82497211782658,-290.7793699661275,209.54116993192403,231.53978060536463,-109.59453871814792,-270.14890164002895,1090.3571191089784,95.6071304572619,25.937794682763215,1049.616850109551,-414.7889249674204,200.09180645101492,1307.9618353509434,-376.6258518180641,-273.43493839080213,-999.999522074753,272.90648366780243,99.37652521177874,-1149.9855398078319,-199.02587907467338,166.9310472879167,-1299.9779744297364,-34.457162825596335,-195.42170634397746,-299.9820647083639,281.914311180487,102.57546543392783,-0.0504648056005269,-229.80241039994192,192.87987363348995,300.00936182936323,-52.18082517816632,-295.41420904335314,999.9506537882653,281.9031542826809,102.64805396642898,1149.9783405195121,-229.85026272801997,192.83924762483304,1299.9813893286346,-52.05218357259476,-295.44662042435556,-749.9489299136108,272.95452269012907,99.402632276308,-899.982451777273,-198.97058400432346,167.00174286228503,-1050.0091737409427,-34.40632572902337,-195.35684671162733,-300.00803721930856,281.9469113313426,102.5912782157809,-0.005752463825549024,-229.78380201406188,192.84312909208026,300.0096424947661,-52.184444961515744,-295.412625699696,999.9474801203088,281.9100724975033,102.63639365606332,1149.9972335184602,-229.85011097834183,192.8486587252859,1300.0425952270514,-52.06592145289996,-295.4199889809512,-750.0116392487392,273.08918011353177,99.38154189336316,-899.9812864822493,-199.00945527066844,167.02154374459928,-1050.030729118125,-34.44135581040504,-195.33153990044426,-300.0570089138686,281.86661518280096,102.56045419664865,-0.050369636411511015,-229.77482021290484,192.91123634907723,300.0006121212168,-52.16943406014292,-295.43922136056005,750.0660339216467,281.7997642439068,102.56162377770826,899.9334207156788,-229.9103064012308,192.8836153396583,1049.922543985796,-52.1997501247204,-295.4216233643253,-750.0474554696538,272.95797448487394,99.307539405736,-899.9408616161442,-199.04909382556963,166.8488199333327,-1049.9840375214267,-34.46140090159474,-195.52225995906343,-300.02250486216894,281.897958124369,102.52959488684424,0.04564601124703196,-229.85506048242345,192.78476731674235,300.0045990138523,-52.07052337572235,-295.45571341958913,750.0211669604485,281.8575218219918,102.66870860735992,899.9824607465415,-229.79884400068937,192.82099535886022,1049.9754672363324,-52.025771608454846,-295.44075298645595
calibration_00277,-816.7507323607308,502.1443011678794,-2.3127110233639057,-950.8926805984228,25.944627494571773,68.64052119978922,-1109.007551492623,183.8960859494877,-293.32103988460506,-363.76931903277557,319.22341439255,361.8786754372049,-75.19192964052021,-195.0353604522937,472.8436673366993,260.0823111885853,-19.922793100412758,7.001490532034545,847.6595384932264,364.6079825682928,-68.6553902416566,885.4204298159965,-162.07640247276683,48.167877686068195,1172.4102256202953,-24.920926998956656,-389.3037254264392,-999.9651292720857,272.9652921322997,99.30524815550297,-1149.9871263831712,-199.08657350947925,166.96568285648829,-1300.0073158456423,-34.46963387423419,-195.39696673508902,-299.9653397026437,281.9332465766077,102.59638298969149,-0.058624276047846015,-229.86259153174962,192.73065393552105,300.01396906235647,-52.104825061379245,-295.50733758416067,1000.0187709043009,282.03919223635336,102.59926894157013,1149.9914944347568,-229.71781143776772,192.8651982572034,1299.9407386625378,-52.07212919053871,-295.50286451738117,-749.987661732725,272.9386065781781,99.34464514114681,-900.0103355198113,-199.04985066717458,166.90081144698678,-1049.9269543308471,-34.453318160944725,-195.5103838368368,-299.9716085954789,281.8832719043765,102.59997106227047,0.0009763287281308458,-229.90422879111696,192.78274443368613,300.00249276528257,-52.10208908326904,-295.49695062337224,1000.0811039742058,281.9978047693547,102.5965110308156,1149.974079336998,-229.68234639577707,192.79300919817803,1299.9552301764163,-52.03973352969481,-295.50409994719763,-750.00371017404,272.97593603384826,99.33430731713969,-900.0151071657928,-199.13047349259656,166.94633919925298,-1049.9949832592238,-34.44554565004303,-195.51627283431569,-299.9565355243976,281.91841120667345,102.57657116192391,-0.06303997914589662,-229.86155365751893,192.7985152099521,300.0320754197905,-52.09149296476474,-295.5301955817558,749.8918231900136,281.9344319814984,102.56685533119443,900.0541280429661,-229.7606047750224,192.88631446816018,1050.0100236168087,-52.02933649045668,-295.38432382650063,-749.9784618981517,272.92542837114894,99.35519802865532,-899.9718792889893,-199.01344321972994,166.9275982342483,-1049.9238174775248,-34.49783819847754,-195.50186247853912,-299.9457594337772,281.93618827040206,102.59279879179024,0.07180248453652455,-229.86741683571626,192.72590425683092,300.0293081825281,-52.11310874608582,-295.4765231974263,749.9578835925737,281.8588894965154,102.57467290925109,900.0413754766641,-229.83519238638195,192.81972835876422,1050.0319225402004,-52.0811144804205,-295.42180268280123
calibration_00278,-1321.2917238941159,218.6866315088884,-142.2751348823347,-1376.690177250092,-239.84009609008896,48.88317432252814,-1613.8688724318588,-182.68101175821226,-299.5777748344525,-473.74395173111003,240.87505376614862,393.4203678354772,-117.13015324076571,-240.07564636506302,354.41420849321787,96.51635348689115,50.83565704822575,-124.91989139642992,1167.6900494633862,433.860552962367,-17.44695371149484,1242.7510681576946,-67.12059558842293,171.96413884178628,1477.8405642320315,11.012950942055863,-308.8017515581139,-1000.0264855871708,272.9220886074898,99.34031358861078,-1150.064849647465,-199.11738899317015,166.95259294848967,-1300.0681648639047,-34.45679371304822,-195.3736467509165,-300.01633332523903,281.8777619679601,102.59064265165473,0.04703791983113878,-229.82348426000024,192.840395526638,299.90487186756854,-52.06444547435945,-295.53415111575254,1000.0444670692708,281.89636517749244,102.54195080951419,1149.9649362345572,-229.72103072632714,192.88628844270585,1300.0025358557143,-52.09824419798749,-295.4371238308995,-750.0217165867904,272.9052917710159,99.31584714447402,-899.9470489455924,-198.99784115201973,166.93014181595385,-1049.9829735900448,-34.41887582949537,-195.4589058508347,-300.0082766978685,281.968786062993,102.61227826460788,0.0004108880490200431,-229.8065555475699,192.84483845662834,299.9586893461907,-52.087807264099716,-295.50841021806104,1000.0321214311148,281.9651962732932,102.62579531913256,1149.9915813713287,-229.7749242132862,192.86593297545858,1300.009896244535,-52.06893982804455,-295.435382681552,-750.022728752631,272.9175753783031,99.32151967318963,-899.9772096072197,-199.0148002545194,166.93899728029527,-1049.964730970576,-34.46300035179101,-195.4903206920331,-300.0259157753952,281.9029070754334,102.60609558741568,-0.021611351535876643,-229.75202417936904,192.80744171912602,299.91800859081053,-52.05742927612197,-295.5304505235443,750.0074696282024,281.8919274152141,102.72759679043642,900.0366559676161,-229.80833008783716,192.8735464148714,1050.0203929670126,-52.18974088340974,-295.4091566231216,-749.9933770319883,272.9817231888045,99.45043088799804,-899.9928710970717,-199.00094262317242,167.13524463845576,-1050.0093310602608,-34.42856344902436,-195.31851710478017,-300.0097077595081,281.92663561970124,102.70258695016499,0.02968341080505987,-229.76413943744217,192.86460865354786,299.9064458571053,-51.99742874674406,-295.48664989410213,750.0161515394341,281.85355043140027,102.64232477924287,899.9901373614952,-229.8710849900606,192.80825542726814,1050.0319346039237,-52.05983325674978,-295.45664761950565
calibration_00279,-905.5383733832161,30.404414478176268,304.61300262372856,-1063.2396008860574,-441.67327864917536,258.6026777528943,-1124.7229208284975,-217.69562623543828,-97.65371375427817,-238.57898658478285,446.78368229459034,-38.411037980692676,28.66190415302678,-65.90298569671856,121.98437830630772,413.6749164468189,86.74559720202524,-312.0858009143177,1326.3042025216637,339.74951533630195,62.817816603227286,1461.1528454148827,-181.6564389561863,13.989073898208387,1442.0550525868193,73.73997120297513,-462.32809343131674,-1000.0084707162182,272.88326540859225,99.29717785858418,-1149.9888008831986,-199.1539645117046,166.96843027051415,-1300.043794532819,-34.50651013952768,-195.47624797080343,-300.0024000045095,281.85191864010903,102.62144189453949,0.0373586309222361,-229.8594278271981,192.8848731424727,300.0168796333436,-52.07280661627163,-295.3925067948352,1000.0291377668782,281.9137114498127,102.66512906877315,1149.9119946609808,-229.87735700095237,192.91270080456462,1300.0362052107623,-52.118131326506806,-295.377411474987,-749.9592132296921,272.96592355647505,99.40008398940682,-900.0078359726713,-199.03548689658834,167.05901060440186,-1049.9020152006697,-34.396546517554135,-195.40225274203317,-300.0041835404466,281.8271650596035,102.6358470104953,0.0593040008530269,-229.84567703771722,192.80779613805342,300.01752761312304,-52.00225618511778,-295.4253109600088,1000.0191719175682,281.87566813022136,102.7224359459253,1149.9318265598304,-229.88387881853063,192.89866508313034,1299.990782722033,-52.10677905742323,-295.3824076057614,-749.9713953251716,273.00699821085067,99.34170468205326,-899.9549599682881,-199.03338225929866,167.06914400867834,-1049.9052292885212,-34.42299617219417,-195.50356069920707,-300.03283986797504,281.8101520092993,102.64018946199094,0.0468537314398983,-229.86526594936743,192.8919660953528,300.00190320080685,-52.064933618264874,-295.4724567911923,750.0177027562029,281.91534630658794,102.62763688685845,900.0177083262158,-229.816829843746,192.88387643269576,1050.0414567287687,-52.127332615807944,-295.38261179021487,-750.0010480046509,273.0192723615853,99.35213109400796,-900.053353290765,-198.92978924106103,166.99324696811692,-1049.9414059458838,-34.42834004140837,-195.4363303352439,-300.09581066877934,281.8045114677081,102.59078972662441,0.02575357808602966,-229.85698277185116,192.83843246204083,300.0398736475255,-52.089921174988085,-295.48321001980884,749.9321152444551,281.8795080791192,102.52609255359098,899.9628825857734,-229.85353522479465,192.89821438181758,1049.920742260873,-52.18589450666219,-295.40699207567565
calibration_00280,-1144.3461812519784,53.46850881811768,384.86783303011106,-1386.1049149911432,-373.9047144896225,291.3700364880458,-1462.2071467720077,-79.35144701935859,-5.922746564678853,-339.85897921806514,185.1407243469481,145.60692222225114,-47.91798230542424,-332.29361608417173,229.5841523257674,271.86314075246634,-141.28767734154732,-240.74790269131398,1133.1963325048368,32.21190545247358,377.4563800094664,1211.6664748947687,-499.9012698652685,433.88317062038703,1481.6919740988558,-293.27054926983,13.360146786069363,-999.9897886148887,272.99549080024246,99.44437132939427,-1150.0775007595523,-198.99481667329044,167.06584850827934,-1300.0371312424813,-34.41516391445909,-195.3523456644171,-299.9988891297656,281.94620739063436,102.51026207672778,0.05986405828092768,-229.79007358305464,192.87116577363682,299.9704377006447,-52.04489269065097,-295.5779149080415,1000.0892880674919,281.9251107624213,102.59347728683849,1149.9114726235591,-229.84911602360472,192.8641167963361,1299.9966820789653,-52.08770579327196,-295.4519689434466,-750.035645779884,272.99279080932155,99.3609564801444,-899.916642881432,-199.05023435319347,167.02112666051661,-1050.0370586382433,-34.445273940660556,-195.3574623405305,-300.0083074129519,281.8834589946644,102.5364874518403,0.05568366761869722,-229.7580287376935,192.84973406455862,300.006529921182,-52.04942240693853,-295.5682305717378,1000.0731164761377,281.966466060723,102.65999092881285,1150.0384148387009,-229.87602083578457,192.78833451732734,1299.9742149203514,-52.11171119940744,-295.4595558689165,-750.02453314124,272.9819665020558,99.2703283740132,-899.9434803065831,-199.03710447512003,167.00675618839,-1050.071401711871,-34.44708049109512,-195.33420321139513,-300.0408941922889,281.92333989830576,102.59550558811041,0.053362766969569146,-229.70906392000637,192.76540169957931,299.99756367685706,-52.12481243107743,-295.51718541463754,750.0080395458203,281.9350991787988,102.57825434402224,899.9750710601525,-229.7510868426142,192.80977267287696,1050.0719041149594,-52.03744969640335,-295.44222398055535,-750.0431911377084,272.9373516723722,99.30420021543765,-899.963855802856,-199.0551545316612,166.99558793914778,-1050.0556747558487,-34.44727396177987,-195.36440786555622,-299.9894952508257,281.8480414111887,102.64010564433023,0.02121201540362922,-229.78809031030087,192.82602195578414,300.0088837591697,-52.05721231326359,-295.569264033281,749.994225732092,281.87140386847085,102.57056823330369,899.9913862501147,-229.8735547521334,192.8288893327111,1050.0457923063177,-52.12530549990987,-295.4250221437797
calibration_00281,-1107.3217520712772,477.64777665113945,-181.4220140990347,-1242.886979939118,9.421636224864658,-70.97277748594607,-1399.186609839442,136.5148719773361,-445.6207353963894,-508.0736008582318,300.2167935761422,483.8966266796898,-191.34502547132664,-208.8510398170608,460.80984152681856,52.99447990438114,53.40096195157025,-20.338554031903165,1230.7528724722818,487.6716868953282,370.25013854294093,1445.8314680457634,35.00616626069802,573.6895958728273,1611.3132730219684,135.30134942322053,68.70062532932172,-999.9889421032971,273.0044452038432,99.33256580955452,-1149.9678204539441,-199.01062945881623,166.95627818780753,-1300.009315055197,-34.43974057362642,-195.4610468640894,-300.0591927239472,281.8198077090424,102.65603065699628,0.05892454959696143,-229.88025154306558,192.85421091610894,299.9469648947905,-52.064225956629514,-295.52144466482576,1000.0366939259444,281.9450155057567,102.60449126984271,1150.0036894277123,-229.8206907943499,192.79971537294398,1300.0374195261372,-52.10466154641741,-295.3803987782,-750.0492572783438,272.89540067385246,99.34884512088779,-899.9633419072835,-199.10230016543267,167.11471917955453,-1050.0060245239429,-34.510053561530704,-195.3780731793964,-300.04512927038587,281.8842577526525,102.63603461566888,0.056508943042731935,-229.83832918675665,192.8141040077725,299.9525596667778,-52.08574397486386,-295.49410641320617,1000.065627923342,281.85723906963545,102.56836769125142,1149.9979689662935,-229.83729738835987,192.88759334434275,1300.0126500525228,-52.11503408272092,-295.3738494956465,-750.0977182572498,272.8802473284669,99.42314832284491,-900.0168889558762,-199.1696944608344,167.08584627458083,-1050.0308731107455,-34.58177087151774,-195.28427122386364,-300.0205380873113,281.824752145359,102.62838873132758,0.03646814549079688,-229.82266926089227,192.8510232158298,299.9751036829105,-52.07145923762242,-295.5119727231289,750.0178729227756,281.92722582839565,102.65524038689648,899.9565515769185,-229.84033492506563,192.8244530196126,1049.997340864724,-52.05644524563574,-295.4476428737848,-750.0215542290871,273.00106848442607,99.28100553691972,-900.0058748830202,-198.99096341621123,167.033581298929,-1050.0349538842804,-34.495161222358114,-195.39327963404259,-300.0390655575842,281.9804914609334,102.55139232716878,-0.04780266203461171,-229.81731904861047,192.81516893900468,299.9518248090914,-52.077895751595236,-295.4986433179159,750.0890557231072,281.915780644842,102.5937343583737,899.8776825428791,-229.84386946120156,192.86110492564273,1050.0565696130732,-52.15617303333857,-295.3742562926991
calibration_00282,-690.5053724535328,213.9776503381754,-275.55913902262085,-973.1453748610624,-158.902949749728,-99.82512332249804,-1121.2857881324744,-6.598357918874468,-468.3013943971525,-435.4693031717533,-131.39022948262408,356.6342753507889,-47.183767856393665,-580.0153370222982,267.1840889795399,72.68638977915573,-275.4446275428212,-235.7414086016963,851.3591520467121,523.7857404580246,367.1349444403763,1077.065108406462,61.515081385603736,534.0726260348623,1146.049104219403,147.4088444217919,4.522527347867705,-1000.0284607173929,272.88738334500306,99.37467406034253,-1150.0353114838458,-199.05898204731312,167.01951128839548,-1300.114091609785,-34.51214977067298,-195.38410633157295,-299.97238711120764,281.88568820155785,102.56417047583211,0.018397264238714173,-229.82317119377512,192.83307366751887,299.915211974119,-52.13832342421459,-295.44203812008004,1000.008867957576,281.8826601654313,102.71584832436126,1149.9896220307369,-229.83604033155925,192.95515074071025,1299.955718228811,-52.154768748348545,-295.40995949211043,-749.9151448868589,272.9517525940235,99.41341654728717,-900.0069153432886,-198.97822633972473,167.0618083719301,-1049.9455318843402,-34.39113631359065,-195.32372922216786,-300.0219339943815,281.95942750231075,102.58910192311085,-0.04809747258390648,-229.83901088450645,192.857124462431,299.9319585220224,-52.10534090056266,-295.50645468973846,999.9715979321612,281.848813681162,102.6904473670404,1149.978396915881,-229.7962167807342,192.9118974706749,1299.9709790074344,-52.116653588627216,-295.34624401318104,-749.9467199963532,272.9870161908853,99.37727885117948,-900.0664656131329,-198.99316474743276,167.05063365597505,-1049.9844037738537,-34.386374013164,-195.38956592858005,-300.00742513818267,281.92409321078947,102.58805946447606,-0.05780259599866795,-229.79571321281676,192.8425746359417,299.9350568111577,-52.11112968675147,-295.4568819897896,750.0404249335136,281.8700638928554,102.6037357145749,900.0673157153564,-229.80764676827457,192.73958240905148,1049.9591447086266,-52.10217494945798,-295.55324835076055,-749.9560583946758,272.94475185401495,99.34945807305736,-899.9456316224168,-199.10142294793278,166.90160264932015,-1049.9025694557845,-34.51508839849727,-195.46260192071753,-300.02746107948445,281.899930735355,102.528400384315,-0.012553107664963606,-229.772096497608,192.85653175109903,299.9967016343888,-52.11635475485355,-295.46545379806895,750.0943683780545,281.9802826683024,102.59326241058474,900.0786719564093,-229.80716871777142,192.8233911079777,1050.089093717207,-52.032220615007326,-295.44758227721564
calibration_00283,-1283.4134769221448,-15.134453647998793,367.273917593286,-1368.0784358890805,-497.1666650618732,469.05339271645875,-1585.1365527869627,-365.66024819826606,127.57276015519595,-600.5272430535791,537.3623320193592,290.700105849163,-376.1943626662461,9.780234591205799,467.7558133237714,30.985886370436518,125.56223689948771,42.483741828247766,928.5756727623984,245.1112587077062,195.61111004511199,1228.3518046167612,-201.57711858327218,251.21269837912388,1205.952447678907,-28.515412614210888,-260.57482164885914,-999.9849604664292,272.90295490137277,99.5067685895224,-1149.9815534349386,-199.14264623598638,167.08142278641904,-1299.9814292602205,-34.41515256456561,-195.3862551452994,-299.9983558392608,281.8937594766571,102.64893781793945,-0.021169538126010932,-229.84178015610252,192.88552782636182,299.9651863397099,-52.13879573571145,-295.4590850054173,999.9685475848804,281.85612081618103,102.6088778289445,1149.9886410024274,-229.8428176394852,192.7643567306559,1299.9329819107297,-52.18086444605584,-295.44409583419497,-750.0273726142075,273.03313863399956,99.38748235687447,-899.9837203473011,-198.99743069563726,167.07392148277324,-1050.0715191771142,-34.47013218171932,-195.35831398741166,-300.0075284971065,281.9204666888058,102.62118617989178,0.03434529308144352,-229.83151230948337,192.8971599757477,299.9652759287672,-52.13319842734738,-295.38521080430644,999.9366360549619,281.86249295431196,102.60814453985726,1149.882637280334,-229.8220921106128,192.8592219974089,1299.9439754422344,-52.16926448961642,-295.42004479125063,-750.0318433063057,273.03208679481946,99.33604511739591,-899.9720869645632,-198.9616098696345,167.11246936892408,-1049.9922077917645,-34.5031698324789,-195.33930461627676,-300.0181962067357,281.88791067125993,102.67058291690991,-0.01956152189080412,-229.7713845083897,192.8412681485901,299.98005707964194,-52.09759043593984,-295.40179069606705,750.0947104580898,281.8908987013281,102.54356552493525,900.1183629102354,-229.88247546183837,192.76820356003086,1050.0659786617857,-52.089507242861174,-295.51747760545186,-750.0930891644184,272.9837067139019,99.20122462768211,-899.9850256723929,-199.07421867295514,166.94726200886893,-1050.0384543991265,-34.55228554867396,-195.49962073378515,-299.9881955057803,281.86903269288,102.52625676195737,-0.03355841915008616,-229.83341881231135,192.84160742099368,300.0016355244129,-52.08926142953296,-295.445392834292,749.9704029956007,281.9021537854369,102.62268969759921,900.0362176000334,-229.86875059271424,192.78716062062006,1050.0108620168419,-52.056851893124616,-295.4211190108038
calibration_00284,-1100.6459779998513,461.1169632410933,-250.497448478801,-1197.135650961249,-15.933315929087234,-136.71791057175537,-1318.92099836502,81.34588799038093,-532.401714890316,-324.64668119960544,411.404911863126,230.15525350868054,127.83416676243351,34.38924605921239,344.5016660640152,353.7797299114592,272.57229998281804,-157.79959358859838,744.7702699433071,407.84177713510763,84.41682962575787,839.6544629557643,-119.60742493823335,157.3207326190412,1018.3694513754255,59.87000465274345,-320.5668763412785,-1000.0284363001215,272.8722018711589,99.3432206791526,-1149.963620215163,-199.09163793872526,166.97905145472845,-1300.0003022499059,-34.52316640523283,-195.40592151281564,-299.977894635466,281.89766969346095,102.7365542633008,-0.019097013220129792,-229.77237180842891,192.89054716209705,299.95977232739796,-52.09997153418597,-295.49240133374235,999.9646890042743,281.96482922857126,102.58400804847058,1149.9620962675297,-229.79386635967805,192.76364417247407,1299.9561802251123,-52.072638526592335,-295.5462337458195,-749.9733698110537,272.9251049412182,99.29171999796797,-900.0158677991014,-198.99816568663024,167.0406249353436,-1049.9246053551594,-34.477335162742534,-195.45338265375332,-300.00687351411165,281.91745770367345,102.66380381416978,0.037556529049835176,-229.75181733927516,192.90575932531684,299.9473392628803,-52.072843663136965,-295.42367996978885,999.914969807322,281.93790773375656,102.52866744068899,1150.0215659355392,-229.74895179320913,192.75754956166665,1299.894956919391,-52.017504159503346,-295.50075598211237,-749.9569811910003,272.93923218109654,99.30995024874889,-900.0348859867066,-199.0642885420395,166.98951258461148,-1050.0519854070646,-34.51538479973136,-195.45209953117245,-299.9654536364268,281.90593282860914,102.6377324349918,0.03963442740980104,-229.74703016199607,192.84430446107464,299.93062823174756,-52.10999743457961,-295.3816723273645,750.0818519507449,281.93659468312126,102.70033579057683,900.0222156890413,-229.86517186996093,192.83106855349712,1050.0221645399686,-52.07177891407687,-295.40422228387575,-749.9160507883744,272.9596117679717,99.34228351746597,-900.0345405360531,-198.9541381827978,167.05591565610047,-1049.9894586129901,-34.47979414881287,-195.37402543219463,-299.93128991601884,281.8911746522663,102.70920417631983,0.05649894977723979,-229.77772283882896,192.90849884781147,299.9817772645636,-52.05130110435563,-295.46369689251384,750.0797030120028,281.8755488322402,102.55309636790392,900.0038148383262,-229.90258069588577,192.77071207473443,1050.0116691665853,-52.174762218904824,-295.4971370302918
calibration_00285,-1171.1407760615762,341.3072855192087,-104.74457436540963,-1322.5223819684227,-97.96842585302113,79.57600754369732,-1379.321430213009,-73.52068516015233,-341.30512804999216,-84.62804794856866,0.269189349556888,315.8855044137416,192.90505805653598,-523.0950484254236,410.8831591431459,516.4382525483893,-351.96689866258725,-64.47964344150341,1199.864982946982,482.6495196603576,122.1530021272781,1370.328280643337,-28.784697060776548,77.90568635016375,1444.72228262674,255.30427533079458,-376.2806957910219,-1000.0639009684684,272.857453405715,99.3458134424983,-1149.9366920103218,-199.03031275720153,167.0159182563467,-1300.0210284106504,-34.533367679285966,-195.35192701278513,-299.966715547883,281.963799550285,102.57106911292964,0.012351292696285113,-229.79021671197998,192.87174940821632,300.0394889647658,-52.13718579564288,-295.4285933998856,1000.028161516396,281.87310044648103,102.48259596456023,1150.0367219686698,-229.8541066297708,192.62596316694308,1299.9505652455437,-52.065631736531046,-295.56691899724717,-749.9179541381832,272.923321817928,99.290132148402,-899.9706582037516,-199.06474003432368,166.93342391054637,-1049.9169033734754,-34.5071592811725,-195.4462779432098,-299.9814287270608,281.9984800037753,102.5809786252334,-0.08561739628129308,-229.81571048401563,192.85084107502948,299.9494480439577,-52.11468001871635,-295.3920864212712,999.991278840628,281.89788347244837,102.50493358881522,1150.0944353025682,-229.82138783022938,192.70668853158108,1299.965576268785,-52.09466510496761,-295.52980267450033,-749.9979677337368,272.8725867039197,99.32377565136737,-899.9749259158847,-199.0460645832007,166.95869775973765,-1049.9621919294043,-34.47295814460285,-195.40507328676907,-299.95682741784725,281.95123349567643,102.61547189925383,-0.005602002694950627,-229.81052562380395,192.90232465816726,300.01789739856355,-52.093007844394734,-295.4345391101698,749.9640033416624,281.9434783958711,102.54017865474897,899.8970230118275,-229.78639233636795,192.75679475460365,1049.9791985989161,-52.08081477096628,-295.5431375210037,-750.010754220845,272.94176216122935,99.36724331588626,-900.009373407451,-199.02671035852634,167.002432535765,-1049.9251255751333,-34.46350945259658,-195.4655705609721,-299.97560487689367,281.9800258295765,102.63710619479558,-0.0883178943814717,-229.74371483679167,192.8723072847402,300.0349127937496,-52.09955154209295,-295.31320547737903,749.9162616450722,281.9372217495654,102.63561915781149,899.8962162568362,-229.74035547538696,192.82525528018942,1049.9454555162667,-52.059023775459906,-295.39332519204635
calibration_00286,-706.4827081896809,77.44741525549689,128.76772839162666,-931.4876839549241,-367.0923244386182,89.29231617778814,-1053.1226239923556,-99.0071771036741,-217.76240447779992,-711.1229534198593,262.27087058924246,400.4502318183366,-253.7110004022393,-97.17611778360664,547.6383075504683,-39.3108295014519,83.59147928962008,17.165051095393274,956.3959843715865,395.0261998916519,282.83050713054774,1235.471388901725,-4.896289926208721,516.661626866622,1359.055403968256,56.95651203507467,-6.171665469116031,-999.9086894717395,272.99693044310544,99.37645548620237,-1149.9459394374746,-198.95159651186253,167.04982269791296,-1299.9333071238764,-34.37014632549889,-195.35836798392748,-299.9497749562994,281.85219095175887,102.6018125457947,-0.0013755683969106178,-229.8738159732489,192.9007248532578,300.11715181586914,-52.253776140900904,-295.36259423907256,1000.006816075957,281.88731832055845,102.57893139643282,1150.0497055915569,-229.87328427923387,192.78478603802705,1300.0296013643756,-52.078771936939425,-295.5003379232041,-750.098981450154,272.9644901383852,99.31672212177848,-900.0249145504057,-198.9693841302476,167.0092153629558,-1050.0143134691127,-34.403272638012965,-195.43614614943985,-299.9745610976534,281.84407990248707,102.63484318413721,-0.003112896445736585,-229.85410268365737,192.8319881205759,300.108435115713,-52.19495898258918,-295.38107709616764,999.9942866272055,281.9315410941961,102.56019814742108,1150.053788925244,-229.84458629919342,192.808811266182,1300.027174034984,-52.07505648574586,-295.48738792843795,-750.0519534978447,273.0021341033602,99.35403916886597,-900.0456233341683,-198.98814633981206,167.02269307112385,-1049.972154096524,-34.42470297886951,-195.45312905836968,-299.9018769778022,281.8024073067366,102.64947280108869,0.01142745969545099,-229.89218578116916,192.8525066506201,300.03518440448676,-52.21153666037575,-295.359138319,750.0015293531494,281.89012203349796,102.56352536153423,900.012643106348,-229.81109084782184,192.7926782953169,1049.947942295422,-52.078828614977546,-295.4514169553697,-750.0673500512258,273.0326528401959,99.33528648683283,-900.0159049563845,-198.98047619215083,167.05651585138753,-1050.067770315155,-34.38726638988022,-195.3936345821104,-299.9731940936526,281.9047354024306,102.6115240657405,0.004765720484156247,-229.839011823971,192.86474097366954,300.0613808618494,-52.12540876535235,-295.4223650766972,749.9568525394524,282.0074309991613,102.54700726940554,899.9623137163514,-229.73487195314402,192.7231057092895,1049.9647325361652,-51.988040469202794,-295.5594255090569
calibration_00287,-1067.934136785484,347.1234776679118,17.070222561653754,-1241.2138039493527,-103.7987593496044,145.45242868718347,-1452.913259597408,60.22135554619293,-185.07415344764664,-423.3213172461729,385.3296150818909,-18.231518571943315,-112.34869695940546,-117.67382654702133,83.06199200007347,175.2901537501321,49.02297851482125,-416.4525001135214,1032.5368407935835,265.252155022277,34.210070484047094,1197.655655521178,-239.4753462808638,136.65042996896725,1338.3529744782923,-70.9160055282511,-357.520230117896,-1000.0573548849486,273.01312471753886,99.3792735805629,-1149.9853906536057,-198.9602640489665,166.93297063650868,-1300.0249109809733,-34.35731689986763,-195.3988089101413,-300.02375948056726,281.92086224256377,102.66310235869726,0.053171449132653634,-229.7893914836106,192.825004070658,299.92693996237745,-52.083691211847785,-295.5024598372176,1000.0576098297365,281.8874526329588,102.62016947340781,1149.9859175708916,-229.91344026739463,192.90332865623043,1300.0052067137135,-52.17505998111809,-295.30370282329505,-749.9951320884376,272.90775534594854,99.27000156215804,-900.04131918178,-199.01073042797745,167.0137340968743,-1050.0279166542603,-34.489138736482204,-195.45964063229616,-299.99986689212574,281.8681019866398,102.62632145140415,0.06612358521251571,-229.85494665896826,192.77295433036002,299.9641114916621,-52.06936204627363,-295.5150841693552,1000.047705515482,281.88771685820075,102.57396953626306,1149.9523948805243,-229.791921702788,192.91000211000022,1300.0199612408169,-52.22701191659833,-295.37777543032007,-749.9809374155608,272.8881610874968,99.31947740460605,-900.0517700531014,-199.00506896535026,167.00562827028602,-1050.010847004569,-34.507797605663086,-195.46246113287995,-300.03913470728196,281.8777282326992,102.64436581456698,-0.0032307424449559037,-229.83743840410642,192.84609996228625,299.9601763830473,-52.076908950262954,-295.46932438052266,750.0571292189409,281.8975873580995,102.65458986557486,900.02458475077,-229.84198892927265,192.79882514703198,1049.9982012833523,-52.04253030341356,-295.40928017506866,-749.9616503098298,272.8886056726597,99.32908845023894,-900.0509360812719,-198.97505281539597,167.12459056764044,-1050.0104325538655,-34.4837696712831,-195.30867295530473,-299.99546186646523,281.90711448182225,102.62548410855737,0.036354299646407254,-229.83743057172848,192.84263690842872,299.8618986831156,-52.11683958852173,-295.51371387528815,750.0764869270306,281.8366940270394,102.63383192415739,900.0064820481097,-229.8997507316451,192.82853546332203,1049.9666601295328,-52.195533002791684,-295.4943763887072
calibration_00288,-1344.331211251705,227.65192359025792,-104.63823222905462,-1372.1776041208439,-271.3361788026841,-110.1292009718427,-1495.6405278568081,-100.73816069926988,-479.61144138948345,41.23006738399703,634.5368998796292,-75.48040774707381,316.6336454218976,104.38842879565854,-19.253364231756233,629.2042646919775,301.7074712921725,-491.7834494989287,1231.9285280342633,349.0185213081081,439.35141882961926,1405.095008657465,-162.56774813264613,410.1600862711583,1474.3235309884144,107.27163949021634,-53.45311599396461,-1000.0132361400732,272.87891608061676,99.3391724096401,-1150.005059723762,-199.12657888937972,166.9515916243415,-1300.0012476036989,-34.57172145949515,-195.51361049369578,-300.026959145012,281.9552247911064,102.61131664913434,-0.0033733619087958286,-229.7796894478557,192.82363059200708,300.00281348061924,-52.11594167847253,-295.49361435325534,1000.0857028058422,281.8949405864116,102.6521923707863,1149.9963959406243,-229.85742650930308,192.85884673398775,1299.9828216614494,-52.08697833903894,-295.3798205906455,-750.0081231837952,272.97256590638807,99.34995242751077,-899.9832311779801,-199.0898914834955,167.01382557678812,-1049.9802806652244,-34.48371944306008,-195.34963033216448,-300.02357274213205,281.89178000550777,102.5350704080578,0.010854439851979402,-229.79793038156862,192.8537064495579,299.9970383945144,-52.10322974030294,-295.4819880086391,1000.0241973159516,281.9108773086215,102.69706508090486,1149.9869014660294,-229.84132589117797,192.85571482549068,1300.018806739532,-52.14797595182776,-295.33649530481534,-749.9920673005511,272.9374631738853,99.35058398132449,-899.9346633424276,-199.04402506150456,167.05297991494214,-1050.0581530044187,-34.50721894813799,-195.36138390141596,-300.0244583009452,281.92577637135327,102.54982929860668,0.10356002296569991,-229.80024310913507,192.88321911990167,299.9693452229812,-52.07826978195903,-295.4353889810219,749.9672326601485,281.94435088811764,102.61354112266554,900.0151444063307,-229.8183175771739,192.83941926573365,1050.0047504322888,-52.088914964589534,-295.35581163386394,-750.0149539479161,272.9137434981778,99.34800183891197,-899.8782232673963,-199.06184099555938,166.96435478821536,-1050.0312827973062,-34.461053608992565,-195.44257013872405,-300.0158796911658,281.88999779529826,102.50952390627253,0.03684541748790032,-229.84213807481277,192.78689730345624,299.92626143511023,-52.11441971336682,-295.4941746564353,750.0018953583,281.9122158028538,102.58734353358581,900.0164255387639,-229.75734475534804,192.7823290186227,1049.9893369194788,-52.086333378287684,-295.4667531624749
calibration_00289,-1297.9361233423244,464.80563938917817,85.68343027779764,-1336.4143781970226,-33.51202414968066,83.88251453329954,-1543.4433669307912,143.51997024713685,-242.67553369850367,-103.50815339177392,303.27028580822554,442.95861137259396,40.447701475700164,-278.5831204194671,415.4528219836838,237.3963241447295,-126.78667768164901,-130.59704513748989,732.5326398837682,36.496170842815374,180.39120526567268,1017.0507014581569,-423.38717503683,177.5585784492381,1102.5309395841732,-123.18511827746941,-264.0695939022223,-999.9743528589055,272.95221507162233,99.39895369807347,-1149.9813917842744,-199.02851603460618,167.08513024759222,-1299.967797595008,-34.42274268980223,-195.39931541807238,-299.9901020784503,281.8842304921554,102.55709968427871,0.04123397121838601,-229.85575097841712,192.87119655220346,299.93189940123267,-52.096299203593254,-295.4758110997741,1000.0504401199423,281.87043430401314,102.6436442279584,1149.9933407511578,-229.81590153096366,192.93471281162886,1299.9277488339967,-52.19270911531294,-295.33825662645876,-750.0571047271402,272.8932783667235,99.31010895777986,-899.9384273626061,-199.11377328094483,166.98961891554785,-1050.02967870957,-34.524032437410234,-195.47152745626752,-299.969885682128,281.9275597600161,102.59837589812028,0.028947452908893074,-229.80143765531952,192.88135917934108,299.95176415401767,-52.20841807226499,-295.42357248837664,999.952077071347,281.8391876008905,102.68043615338831,1149.9773322563108,-229.84554023454638,192.95792429845528,1299.9344506767718,-52.19510884963684,-295.3240181161288,-750.074134685768,272.92995179742763,99.35453350832825,-899.994651760738,-199.06232799890364,166.92951570064133,-1050.0109030148994,-34.51578450432503,-195.45309790365565,-299.97640700653534,281.8688950398959,102.63543231335048,0.0075320561387820575,-229.82409446118973,192.8987513268538,299.96140652123916,-52.21712451718544,-295.46155962029076,750.003272131089,281.9127101466956,102.53791655247726,899.9877570215377,-229.82482394515523,192.745641626553,1049.9735341683033,-52.12495366928375,-295.51721392308,-749.9939235567018,272.964926331901,99.34373310796688,-899.9028021884543,-198.9932881613964,167.0152430122216,-1049.9951825335065,-34.48513194680385,-195.38029861282865,-299.93181278791644,281.9657501081629,102.6148731110837,0.07274488439161166,-229.85391638458998,192.92435055320425,299.98049124835813,-52.14230409041234,-295.4792409158295,750.0376553846224,281.87349955145174,102.5439326016851,900.0192591161074,-229.8260710310587,192.73743106655883,1050.014182363876,-52.066631247391435,-295.53299005651274
calibration_00290,-817.5897175408226,201.7606817623148,188.37842535594638,-917.5105058466229,-269.31814500248845,322.49202177958716,-1136.7118099126044,-151.8615305113023,-22.584194575462075,-409.9224030966209,360.121475726278,97.8366877758225,-71.6103980374046,-124.01359050765244,203.4130626248977,250.19518065581966,94.1939128281473,-253.5235934659795,1053.1510214914447,539.5874401128888,-124.2962856573154,1266.983900588098,52.72757894399799,-26.02919692402434,1392.8741601209715,239.73301301632173,-517.5635549606849,-999.9390404238633,272.93422989897766,99.28233962961612,-1149.9641307768404,-199.00010256849026,166.9546314346922,-1299.998576678418,-34.51777833689005,-195.3941694863722,-299.9815909564831,281.88944055103474,102.60003128036618,-0.020283556724267838,-229.84180562453338,192.8566522280238,300.0345084240522,-51.98395024344155,-295.39851946097605,1000.0397551591443,281.8442272604367,102.55599805079636,1150.0839494844554,-229.83939804169347,192.8733267378507,1300.0080167957617,-52.16701326330776,-295.40431798973157,-750.0550480912304,272.88858025652127,99.34993085744506,-899.9499924397343,-199.0475448830226,167.0282512954833,-1049.905303284091,-34.52703820630388,-195.4854763074805,-300.0393162985156,281.9264832376522,102.61513871008486,-0.06308107649972869,-229.81445554564036,192.77055665221215,300.03754641701323,-52.079404641156025,-295.38472554113724,1000.038460617039,281.88863147661624,102.6344101952451,1149.9389533958488,-229.8190134262984,192.8656208580833,1299.993606022622,-52.16692182818131,-295.45183838500293,-750.0076268103704,272.96614867253436,99.34624703735062,-899.9307361166829,-199.06547966920854,166.9658993850812,-1049.9485534393718,-34.49215789762297,-195.43591376513092,-300.0103605905574,281.9437632988196,102.54898675578906,0.014834610130047079,-229.7809986298826,192.82825051192486,300.0738629490699,-52.00459206936707,-295.4087071585516,750.0212581958258,281.86187469612946,102.53901815673801,900.1098145967641,-229.91819986243402,192.8701036670714,1050.091485247691,-52.1249768767417,-295.4572783289693,-750.0366894014461,272.9556311764794,99.35334220124132,-900.0779981243277,-199.10832969337966,166.9319433753712,-1050.0584010427037,-34.485720365318095,-195.52337089747144,-300.0511977213833,281.9025766605925,102.561775138518,0.0021877356259421277,-229.81346871307463,192.75426940881755,300.05483373558855,-52.09959550020612,-295.4569839732556,749.9925558820519,281.7653978333202,102.57014152719447,899.9792974944706,-229.96262648405389,192.6910780107348,1049.987182727533,-52.11247368060002,-295.53975049708487
calibration_00291,-1120.8192586630212,508.59526413052777,11.857636771871276,-1233.1686084725357,33.82778694200331,120.62696886014722,-1405.6646487627418,158.078648488925,-247.75946934735876,-548.4610801610498,-6.451126833890233,-128.18646018394338,-235.1183362027066,-510.547255664824,-40.40057925274199,58.09017156143388,-324.33082113580565,-529.6178369514367,1062.217704939744,484.20394443167794,217.5596799907787,1220.8164298549677,-23.215659109630405,317.1322957801068,1419.8050141602982,169.62134676404827,-147.38247249215425,-999.9281864610043,272.9875168952226,99.42200781007446,-1150.0367788916715,-199.04023168076506,167.02501246156334,-1299.9484924764092,-34.47828175019944,-195.38233731453386,-300.01470890979607,281.8410543830163,102.59251367484677,-0.011356396164598489,-229.8037450662948,192.9039390765992,299.91892336879437,-52.002457391470934,-295.4135220381426,999.9881822844873,281.9612979257479,102.57557738673559,1149.9682609993172,-229.79971016832351,192.8763406379263,1299.8981304827973,-52.07830668993431,-295.43095069078896,-750.0066688027723,273.0061290027503,99.39140751640163,-900.0414411473882,-198.9435467770462,166.95931867620362,-1050.0191255588368,-34.46690093066731,-195.41934362807677,-300.04841352520145,281.8906823717507,102.64977141426512,-0.01686242392181338,-229.77605384911593,192.8449933310173,299.9983445668648,-52.038465142658445,-295.4232690438896,1000.0513921167955,281.8450694708068,102.61231890795202,1149.9705370289328,-229.76319120701592,192.86416712361572,1299.9161218370646,-52.15563203852239,-295.4706560142642,-749.9634652454986,273.0502974383927,99.3208015308664,-900.0336751914081,-198.9785935903274,166.981448997591,-1049.980843503084,-34.36323853282686,-195.4563701260884,-300.0047903957631,281.9011351905388,102.56858250278387,0.0606614866820001,-229.75630326828582,192.89109480795736,299.9998857778122,-52.03823913401098,-295.3905187803638,750.0699789586615,281.9881767095685,102.61355683693819,899.9721501200793,-229.74077832662968,192.8705056294517,1050.0505051837144,-52.06008982728902,-295.47601061038233,-750.0344717904289,272.9607272725488,99.36294332130042,-900.0057236717432,-199.07461455139364,166.94184499006363,-1050.0311260392857,-34.460161958784475,-195.4502838386011,-300.12561282756195,281.84020199020745,102.61834655252915,-0.0527060777201976,-229.86689940613545,192.81011169152228,299.98647011403517,-52.09152835484672,-295.42133406713833,749.9876446635474,281.93334999763675,102.57229439387244,900.0274600048799,-229.83134122206252,192.71020092545078,1050.0302191647384,-51.995030370572756,-295.52306549309367
calibration_00292,-947.955920414628,494.06711784533036,446.5374322033297,-1168.5207847237384,46.073176626892874,468.1980701755339,-1248.9927992067858,245.89346377118707,101.46380603755028,-174.49548227112564,410.70698819884245,229.35553730413417,140.60319430085946,-99.05829848404706,200.972201767926,373.83684512174045,160.59827827151298,-287.0658383515121,1025.8518492670403,88.24444047677639,255.9284639217611,1185.9146367580481,-420.3257734617063,347.00007871134216,1293.0670274576137,-255.52349277416732,-156.9270599078009,-999.9334583150663,272.98036544106355,99.32265693982119,-1149.9715902916037,-199.0495075190479,166.90650207548518,-1299.9204902580282,-34.45123168767594,-195.52029309101562,-299.9979005199865,281.97905697963625,102.62380094111258,-0.04236104958492537,-229.83251744323923,192.84945829617297,299.9737355291723,-52.06174961371117,-295.46108614625547,999.9728046366442,281.82258418947,102.68867063322308,1149.952496275606,-229.87916083546756,192.91259244725336,1300.0028888488123,-52.18505839035648,-295.3499876680643,-750.0471041764218,273.0058632015058,99.43771999973647,-900.0483342502126,-198.96303762697838,167.02859222726616,-1050.052827805509,-34.34737158681023,-195.3332801050322,-299.9953337441382,281.94721773365666,102.6413391442406,0.03739451549511668,-229.73072239705834,192.8313454813651,299.9362628281666,-52.09689762092559,-295.4569226004563,1000.0170406845668,281.8882278169021,102.68694123056908,1149.981160699389,-229.8444558241485,192.86524115945926,1300.0341389889488,-52.208806089626194,-295.3545329099974,-750.0973817170484,273.0350736452181,99.48368473837006,-900.019290278897,-198.95321596431657,167.0554087332868,-1049.9731618338708,-34.35531615163355,-195.36694218537235,-299.92545453019767,281.9667108956216,102.67532781649169,-0.027300939660364846,-229.79287333675833,192.82116363169862,299.99878276641715,-52.07458431580487,-295.47171027979874,749.9714358985868,281.94966035198934,102.5985813854382,900.0466680813964,-229.7535855266256,192.90510912503038,1050.003489869006,-52.01455491373209,-295.4525037338958,-750.0535412146443,272.984027021598,99.32866890250664,-900.1034505748572,-198.98015092873416,167.01306499615114,-1049.9809614542553,-34.52007224158258,-195.4411117354653,-299.97486876364195,281.85434374585657,102.5381803237595,0.01934084271845965,-229.8371908425635,192.84674721106543,300.0411688197695,-52.138037415207805,-295.44835760968516,749.9600420083426,281.9428729876198,102.58805206355596,899.9700701132424,-229.76876089720244,192.90342583635083,1050.0281124068524,-52.08377974978133,-295.4545709716913
calibration_00293,-695.023387148568,250.57188676957946,-107.22539310465345,-923.9633490789096,-192.48810308805938,-72.88598033754786,-1075.1098944921976,40.483792818859,-395.0419993309792,-171.13790483318343,334.57687647395153,-200.22830720225966,116.84025132640213,-182.74995549969714,-103.07716891447791,419.6431882125792,-19.524532100850397,-594.7513689622799,772.217227567987,80.86492030672005,183.43782668866555,827.8032288388855,-454.8576955647513,134.28174591357822,1006.3973724567649,-186.4843316204519,-299.96748318324114,-1000.0142671877303,272.9726214056855,99.46903708282804,-1149.9534383445475,-199.07806345896756,167.06109803099247,-1299.9907496700482,-34.521231816966086,-195.32193012832778,-299.89287752926964,281.9342942894992,102.64169202741652,0.05581894867668931,-229.86058133618033,192.82944288126336,300.0668926408508,-52.134466723124696,-295.43913513863714,999.9663330726581,281.9800128579089,102.71450661617362,1149.9612439025748,-229.78451270270557,192.93368083640883,1299.9574881023736,-52.06683605037036,-295.31050567993384,-750.0089423429762,272.94842764546127,99.33784480591228,-899.9853968201843,-199.07007279959234,167.06727305560972,-1049.9436193207723,-34.4906619735977,-195.46184474972534,-299.94655198670847,281.87645356370007,102.6371382528579,0.09146060676661905,-229.83269310958553,192.83462956334682,299.95642009842334,-52.11882898711511,-295.53203479829364,999.934711715572,281.9075184919542,102.6351696238758,1149.9301448929152,-229.78143685112278,192.91127882802655,1300.058156240708,-51.99675607306492,-295.3731899216143,-749.9524602337679,272.9336466020352,99.34259770866419,-899.9906276323179,-199.01300240168692,167.0124763953042,-1049.9733526176553,-34.502811553784774,-195.38771716317342,-299.90768227248867,281.827787064338,102.65279570796288,0.10584591405542039,-229.79937336823002,192.7799387763033,299.9602439254994,-52.12608030524981,-295.4417236892768,749.9450332931422,281.9288456915354,102.66541726316373,899.9915501979061,-229.8412652737619,192.86402976837633,1049.9224394999733,-52.1275976556826,-295.46328387766783,-750.0891156199145,273.0296151120281,99.36491257890377,-900.0380549260495,-198.9667528842708,167.0234183427069,-1050.0310595728001,-34.46774206274289,-195.41563143638442,-299.93122045316954,281.90736481110355,102.63306242281512,0.013068531763522729,-229.74732916610887,192.83919081501162,299.9468167820315,-52.127286469234875,-295.4864756131873,749.9822030334718,281.95800794503083,102.6259287518156,899.9231633924244,-229.76446083238477,192.84169336115573,1049.8503139533889,-52.012128078701735,-295.48176956827245
calibration_00294,-1379.2531771752458,266.7338565887704,188.84337552730645,-1487.572459613386,-193.81989216968935,350.0806315036163,-1543.7693106366464,-154.55461822234867,-69.72452115275114,-204.10977215647253,519.3430807997319,6.081127340747444,132.02294421048734,27.00936671435285,74.16782114365579,392.09397182995804,226.5011971986408,-428.39800964310024,887.476902257863,229.098692992761,203.60086385704508,998.3590024490852,-297.73379909348307,255.08955638516423,1137.2119537878395,-102.24417617815726,-229.65312217290636,-1000.0521722266824,272.9241166693191,99.3000638488907,-1149.9476160461581,-198.99791613201234,166.98624079584843,-1300.0143484877558,-34.63594325607758,-195.374327225078,-300.07430862163216,281.80420005663916,102.58290207246499,0.052536814958590354,-229.87911686053846,192.80739500451378,300.0093227096744,-52.08088663803799,-295.458782571892,1000.0395746335688,281.94159132499686,102.56351979322882,1150.033647799017,-229.76062512654025,192.7864257725152,1300.0154152294106,-52.0386977897727,-295.49453640817364,-749.9389941387738,272.96008222036966,99.39378192670995,-900.0570522546624,-199.01390386461995,167.04377735839043,-1050.0018788835673,-34.47876961023308,-195.3892707437185,-300.0114766567766,281.8426317018197,102.58354553324564,-0.03903630220575732,-229.85874360169623,192.85493916379434,300.07657519615435,-52.10306520919367,-295.3915074271181,999.9927828066213,281.9478184031366,102.54859053923217,1150.0167695187,-229.78986422137717,192.80031026916342,1300.011488998231,-52.0431034003156,-295.5281351322539,-749.985525910341,272.94617870559506,99.37933908921167,-900.0235940566863,-198.9672857985486,167.00707477527797,-1050.0067957066215,-34.46727095678237,-195.35017714564896,-300.01661927084064,281.87153479297996,102.61604651239355,-0.0194454403322856,-229.87094078515554,192.8602420336045,299.97891502675816,-52.09531080048464,-295.37708828505066,750.0789233472267,281.92840846554947,102.59820919070431,900.0459738564683,-229.73290002138245,192.83285604888272,1050.0432342751953,-52.013500416068304,-295.4265780387578,-749.9721843982315,272.94155020157757,99.35978493832289,-899.9706821899197,-198.95347449638922,167.02278740149015,-1050.041417635527,-34.36496532112052,-195.34783977646828,-300.0148577741366,281.86659180517205,102.52500060345591,-0.05035281578510343,-229.92288069800756,192.79775213030084,300.04350341614804,-52.13113170140259,-295.4341322935156,750.1001856369314,281.9006416244131,102.61465847368342,900.0370711976944,-229.82735099348173,192.7765582270166,1050.002089423602,-52.14632748137288,-295.49642025797004
calibration_00295,-802.3774257837848,452.79707564590205,-165.41872618872176,-993.0360945159539,8.428616077260351,-39.02003218897935,-1066.5736701113156,103.07444733650335,-447.09903790244374,-54.87619366535085,137.63746917549847,346.8893093507241,98.33088454761949,-420.67789178722575,504.25568893795906,394.58626443842735,-405.83746340146143,-17.258948627808113,1034.9737886341902,535.7229019982321,12.60916416150114,1181.7444349133593,26.79688911973459,121.83227088152604,1363.0364272710717,197.05963817094093,-358.40383686878494,-1000.0483625570811,272.87654318924933,99.32868851587736,-1149.9924697212177,-199.1083849392116,167.0072095927317,-1300.039834092686,-34.54519448328186,-195.41569818300013,-300.04080310905806,281.8242594841127,102.66081889489152,0.03405227840577376,-229.848169853617,192.87073676094164,300.0136812032112,-52.17033595958871,-295.3908170371572,1000.0396748042448,281.9020528383931,102.53950386641155,1150.0396805421137,-229.74325609164916,192.88731176595437,1299.9947137399456,-52.15489716660417,-295.4054833494722,-750.0193516556091,272.97623078577004,99.39596730101155,-900.0453452996361,-199.05404237174375,167.0700379959939,-1049.9791871848706,-34.476230042582884,-195.40471458907967,-299.9666663529877,281.85522900782377,102.61810009354768,-0.0008266996137561763,-229.816567426257,192.91928854318658,299.99423461415995,-52.1709153473368,-295.3447931380626,1000.0164841218192,281.9176236657813,102.58652792127539,1150.064174550614,-229.79531214632323,192.89511223865,1300.0952438567406,-52.04773733498243,-295.3751910867517,-749.9375505736048,272.957748950137,99.4431639131982,-900.0262438965764,-199.03046454041467,167.0514436861437,-1049.942155701982,-34.45593876347835,-195.308321939062,-300.06864961649313,281.8468577972053,102.61977876234904,-0.008740578769258687,-229.858371945065,192.9251949798581,300.02420576355433,-52.16138336882832,-295.35156233014834,750.1241680217792,281.91204793873595,102.57240054341125,899.878506334062,-229.77705098084846,192.87615576215043,1049.937296041527,-52.09127385179982,-295.40808942009056,-750.0293666331563,272.9920279874532,99.3073007992597,-900.0127634077862,-198.94884534361384,166.88182073303287,-1049.9016105013923,-34.446021897298266,-195.48367533586705,-299.9876174442236,281.91266726265735,102.55176836239495,0.010852631941771065,-229.8496977910697,192.75519181313066,300.0284083702847,-52.03226091689588,-295.44286763512423,750.0282331366456,281.9723993137014,102.66510552917194,899.9578901414449,-229.77098478444222,192.77816348304668,1049.9885704701576,-52.045833255242634,-295.4786328463062
calibration_00296,-909.7402528887833,473.81478429039845,-165.02430666388284,-1061.4866489378026,-2.4883318634044813,-162.29007433653146,-1139.900649241695,187.75818215658222,-534.5404067693703,-328.5824568424032,436.317426444623,-135.15412479288824,-96.5096174977175,-99.88850085750995,1.3835548723670412,229.26706187789122,-0.6963644290490073,-492.58906582340046,866.9586744774361,278.3453983179127,228.86138314280728,1047.1006125162194,-224.54368144660188,313.28396016874547,1185.8062750482686,-32.807015444421175,-173.04078576286324,-999.9875079879213,272.9541036177342,99.37860098607995,-1149.9980170262813,-199.014659771263,167.07298971540996,-1299.9643764049931,-34.48082773267191,-195.3128835139868,-300.04224627078406,281.85914123812347,102.5335339789664,0.02226017109022864,-229.8319805688314,192.90736969193767,300.0108335847664,-52.187555771762554,-295.4179033042584,1000.0263233633668,281.89023388475704,102.73724835097002,1150.0345544567094,-229.78593369861497,192.91068666984725,1300.0046065786078,-52.01601230932073,-295.39238654325527,-750.0167422796792,273.06838394764316,99.35656778931354,-899.9988053594637,-198.91500084255378,166.971427301025,-1050.0302918158095,-34.33613085404646,-195.44188829459995,-300.03287698715224,281.8114252931956,102.57242110949872,-0.03299378147175872,-229.82178469679263,192.8878041588748,299.9901180307519,-52.18376246064337,-295.4149477480197,1000.0234887993067,281.91542854881106,102.658433032844,1150.1028959842845,-229.72375346118292,192.8494242299237,1300.051172863314,-52.07971521571548,-295.37167657094375,-749.9450916088875,273.0268511723698,99.33947369218461,-900.0033541650572,-198.8548499337924,167.0643748170551,-1050.0051550570029,-34.341833182361285,-195.43205712135523,-300.0098219697811,281.84594600373003,102.51210135578084,-0.022001176148367052,-229.80151377719287,192.93365712627374,300.01118368337933,-52.1857777494952,-295.42387727478024,749.9996368768665,281.87736338709726,102.6679336513176,900.0290621449552,-229.85626086431043,192.83032163350552,1050.0059914539186,-52.07245766885012,-295.41676050355983,-750.0053963368267,273.0117719298041,99.36298685022474,-899.9462842889196,-198.9789467087284,167.00736601165428,-1050.0053886038186,-34.40965488762581,-195.43494418301216,-300.0550473157929,281.91194599692807,102.58694884785521,-0.0010558793688499601,-229.81588622710237,192.82399115467794,299.9769785541563,-52.168018890652924,-295.4590766473781,749.9846204410651,281.93910873763144,102.67717105007455,900.0143398586863,-229.79985382823384,192.8595592497992,1050.006928930845,-51.95836473703862,-295.4460403408078
calibration_00297,-1150.687976141005,317.9091784729096,288.4972969619217,-1276.4184015713706,-130.12211005590854,471.11108423169907,-1414.00937981317,-76.08330715345934,72.24926979475774,-335.53362721963475,306.0714883624184,80.93421262459984,-66.31534369385984,-228.39142256420632,122.6605620862617,229.85904784517172,-32.859115181524004,-361.1003558417166,1368.8525844866176,-17.250247801570787,295.0088132536526,1514.2213529684204,-474.34464982062866,544.9407323581275,1607.203777379667,-489.73726087912445,12.36400674436205,-1000.1071354204751,272.8731806115679,99.35652080274838,-1149.9426370373899,-199.06776342010747,166.97143868990426,-1299.9940204576747,-34.57521825016223,-195.4754008862553,-300.00661654917855,281.8672871188491,102.58427125427066,-0.013246679731824184,-229.8207701546734,192.81710273991078,299.9732790493589,-52.148758059470005,-295.43516461266324,999.9627942128162,281.894444982571,102.6291374975446,1149.9720082663257,-229.83610992778713,192.85866292718507,1299.9314928790502,-52.064012043705766,-295.4546447239278,-749.9619181015604,273.018342873679,99.34484234697435,-900.0186043208869,-198.97099669731762,166.96720390158802,-1050.0255993611288,-34.41914347710545,-195.41988019053787,-299.99472507125506,281.9242547711899,102.56213788281906,-0.027251117017132218,-229.8516846279653,192.7972768702925,300.0239186002071,-52.157163492315355,-295.4881067322031,1000.0018725451524,281.93366260141744,102.64013384839431,1149.955152218994,-229.82117791892784,192.87471875987282,1299.9349511051232,-52.08460023281055,-295.3855632953824,-749.9876631091043,273.0154253095786,99.28026541092058,-900.0083844647937,-198.9836868737953,167.00516904067766,-1050.0268925407618,-34.35163739667699,-195.42069861788733,-300.06349744513216,281.8806596817958,102.55030936135383,0.042122748190414075,-229.8467905553903,192.7984842405034,299.96350778602385,-52.12035658050281,-295.41719535350745,749.9333879691279,281.91977960342086,102.57363185607191,899.9806572636699,-229.7956697854376,192.84536452755302,1049.9595486874687,-52.06113976152374,-295.42354412670784,-749.9209491754929,272.95637589121696,99.40410155507037,-899.9514283210082,-198.97467246858994,167.04607788803023,-1050.0012038777163,-34.43516335720826,-195.3727981089486,-300.0697171451,281.86094572099165,102.64970571810878,-0.030822898202941547,-229.88218593305476,192.89082739971172,300.0292273768165,-52.125594576198544,-295.4770861991211,749.9851544978621,281.92798205335436,102.5548448366404,900.0810404348807,-229.71538356972948,192.82291346030348,1050.0112751437537,-52.050977309305985,-295.5008538788486
calibration_00298,-898.2965586800507,574.0068602006147,159.20880829514226,-1095.3856172269896,139.7863523701104,309.0734369640665,-1240.1002197066896,256.99832227657186,-73.37915410471157,36.93902937113736,74.19163020674937,421.2419952346919,352.7797945526177,-424.60594741853856,528.320048923093,603.2013463345075,-289.2217262477858,0.11301321523373847,977.0031527223964,371.73075599572815,6.9443552114866565,1192.135762658021,-122.44897849001184,51.11651299308903,1161.7305084991488,46.00471423771094,-461.8340427235086,-999.9908856037507,272.9637810709063,99.28757629396928,-1149.9433801067953,-199.01599790804906,167.02062542251815,-1300.066977299146,-34.4670704702111,-195.32813927394696,-299.94611643036876,281.96775199383865,102.63144459112989,-0.05741160112968562,-229.82874191857226,192.78462968706475,299.9911127136093,-52.14707562602576,-295.4066595403375,999.9410654227128,281.9092912582682,102.61171410616178,1150.0195899828013,-229.84202243850638,192.86627409016566,1299.99793398789,-52.07516147766188,-295.4392771359147,-749.9696865084804,272.9213586598519,99.27774860348894,-900.0377754398197,-199.02913371704614,166.97477469447978,-1050.01509056985,-34.46817177245005,-195.50331243368484,-300.00915940470367,281.9628091449401,102.6556636031042,-0.05157864289497392,-229.82776872336044,192.81366963414197,299.9923269628424,-52.138936634275204,-295.4693276311916,999.9706876845638,281.8750079006633,102.69198229271116,1149.949497791601,-229.81036796485373,192.81840840677103,1299.9998049957646,-52.07752031078819,-295.38305768849307,-749.9783314787305,272.9081251920183,99.28515653896149,-900.0721983164995,-199.07424161466957,166.97302545017638,-1049.948982869473,-34.483997844815626,-195.49189067873988,-299.9150755399967,281.94400949430957,102.66282008654946,-0.032843623312671946,-229.80793919402078,192.7925323307696,299.9508899264747,-52.15465158586712,-295.46280489080215,749.98427867626,281.9703938867571,102.57329379326887,900.0532343794522,-229.8204304445306,192.78826314801867,1049.9357707250756,-52.08016666510545,-295.4786436056935,-749.9577471709489,272.95299400712594,99.28348356332657,-900.02999449461,-198.94430101141353,166.90257780957722,-1049.943834220434,-34.45386065743032,-195.46871338664795,-299.8486602701825,281.999986743043,102.59454165755717,-0.010979645974548424,-229.74910515363476,192.78261044892892,299.98808432093745,-52.133839462285806,-295.4406248071669,750.0681539779073,281.9017923919381,102.47884407698001,900.073652860156,-229.77905990531784,192.79140013911365,1049.9897186394915,-52.13767420178766,-295.5185340155916
calibration_00299,-799.4256711426249,565.1768586381842,-156.04036312605422,-947.5354150321001,92.60276222513633,-87.70660942210974,-1098.2374101911025,256.12813273990315,-450.39867443184625,-104.789347587424,491.6716927355569,249.2729744626576,178.93912308500336,-33.78301539617381,307.3880292490977,488.3162333804524,166.51504847688344,-166.13816389663535,755.0754379226408,55.84516164884033,116.5765671195312,904.107449933735,-458.61715747869283,191.2028913554309,1001.6358624619714,-284.67626983092646,-311.4919770614335,-999.9961914461531,272.94050374484095,99.35501439012343,-1150.063797385898,-199.02274490127795,166.87579016416825,-1299.9749975661475,-34.466464345532295,-195.4417733373622,-300.01094144976395,281.95044498790213,102.64614143461075,0.007957277309845183,-229.81767290847466,192.8377570319576,300.01083873409704,-52.05388857062449,-295.4232421345832,999.9696066279955,281.92780409400217,102.6440904361687,1150.0131716667745,-229.80635333026223,192.84988222392852,1299.956464425104,-52.011094385208395,-295.45950566032826,-750.0325685524181,272.9658049141493,99.36423051291956,-899.9901386120806,-199.02368802093943,166.992336127635,-1050.0657321942215,-34.40523234551238,-195.4515249703,-299.96641420849164,281.94047362099076,102.6334000294511,0.006158846649069975,-229.7652415719461,192.87843375512978,300.0523710278796,-52.07469883701367,-295.43940172976477,1000.0017834486962,281.96206872086964,102.64664409620282,1150.0251068142406,-229.79312304475533,192.77733787990906,1299.9250309554095,-51.972902445367204,-295.46625771011537,-750.0935967947831,273.023766567523,99.31019259763858,-900.0457832478863,-199.0068645268183,166.9655120311673,-1050.0423991369473,-34.46514893216577,-195.43742143426124,-300.0322775839151,281.9223981394542,102.62251778659845,-0.037000363458145794,-229.7735506865882,192.91127182581744,299.9979919528093,-52.09414613503485,-295.4546963381085,750.0277324774856,281.8332235560553,102.56761107314186,899.9989094339004,-229.87260712569142,192.8471673942496,1050.0275314673966,-52.217218201106284,-295.3981412178578,-749.9716245558475,272.9430607586051,99.37155128534043,-899.9829561757562,-199.02852234408053,167.05578695023314,-1050.007804215604,-34.50034747611988,-195.3760056036495,-299.95411433677907,281.9194869693159,102.59021507778141,0.07536532890428532,-229.7529278884386,192.8666204435068,300.03265151990246,-52.079213950667814,-295.4190331945563,749.9763016016789,281.84125640143435,102.57213321325821,899.9935340957654,-229.89953133866234,192.77084123658588,1050.061860612796,-52.12448347696293,-295.44404006610705
