sample_id,s0_A1_x,s0_A1_y,s0_A1_z,s0_A2_x,s0_A2_y,s0_A2_z,s0_A3_x,s0_A3_y,s0_A3_z,s0_B1_x,s0_B1_y,s0_B1_z,s0_B2_x,s0_B2_y,s0_B2_z,s0_B3_x,s0_B3_y,s0_B3_z,s0_C1_x,s0_C1_y,s0_C1_z,s0_C2_x,s0_C2_y,s0_C2_z,s0_C3_x,s0_C3_y,s0_C3_z,s1_A1_x,s1_A1_y,s1_A1_z,s1_A2_x,s1_A2_y,s1_A2_z,s1_A3_x,s1_A3_y,s1_A3_z,s1_B1_x,s1_B1_y,s1_B1_z,s1_B2_x,s1_B2_y,s1_B2_z,s1_B3_x,s1_B3_y,s1_B3_z,s1_C1_x,s1_C1_y,s1_C1_z,s1_C2_x,s1_C2_y,s1_C2_z,s1_C3_x,s1_C3_y,s1_C3_z,s2_A1_x,s2_A1_y,s2_A1_z,s2_A2_x,s2_A2_y,s2_A2_z,s2_A3_x,s2_A3_y,s2_A3_z,s2_B1_x,s2_B1_y,s2_B1_z,s2_B2_x,s2_B2_y,s2_B2_z,s2_B3_x,s2_B3_y,s2_B3_z,s2_C1_x,s2_C1_y,s2_C1_z,s2_C2_x,s2_C2_y,s2_C2_z,s2_C3_x,s2_C3_y,s2_C3_z,s3_A1_x,s3_A1_y,s3_A1_z,s3_A2_x,s3_A2_y,s3_A2_z,s3_A3_x,s3_A3_y,s3_A3_z,s3_B1_x,s3_B1_y,s3_B1_z,s3_B2_x,s3_B2_y,s3_B2_z,s3_B3_x,s3_B3_y,s3_B3_z,s3_C1_x,s3_C1_y,s3_C1_z,s3_C2_x,s3_C2_y,s3_C2_z,s3_C3_x,s3_C3_y,s3_C3_z,s4_A1_x,s4_A1_y,s4_A1_z,s4_A2_x,s4_A2_y,s4_A2_z,s4_A3_x,s4_A3_y,s4_A3_z,s4_B1_x,s4_B1_y,s4_B1_z,s4_B2_x,s4_B2_y,s4_B2_z,s4_B3_x,s4_B3_y,s4_B3_z,s4_C1_x,s4_C1_y,s4_C1_z,s4_C2_x,s4_C2_y,s4_C2_z,s4_C3_x,s4_C3_y,s4_C3_z
calibration_00000,-962.9763037412496,292.4257825687056,33.01948919730778,-1099.317967897813,-186.66712617591602,-8.729208742997798,-1226.368753579305,44.90708416769942,-342.16791524792063,22.47592491158455,118.3092891477022,163.90756777437,310.2058273579679,-401.65140762459885,246.35818387197142,623.6856492747393,-217.38153722908237,-230.85610581105217,1001.6833136293031,145.02353939451012,175.40727795732496,989.1598438247138,-384.5500968578793,284.2849794656081,1206.3671337931908,-276.64715584172967,-199.12856900165335,-1000.0139047685283,272.8750722957102,99.38658257781975,-1149.942698248857,-199.06567831149667,167.0574267641798,-1299.9008899021528,-34.520538479601555,-195.33667378524933,-299.98812169940203,281.8560275324696,102.65686870073881,0.036271629302573785,-229.78481895410775,192.85399997489276,299.9786636840752,-52.1265033128319,-295.4386874030659,999.9823510413491,281.90028808778396,102.62311807157403,1149.927866353588,-229.80456819517792,192.83558044243986,1299.9622401860067,-52.076930895075336,-295.5376327527349,-750.0005591487688,272.94351799467375,99.41942285607313,-900.0176512897715,-199.05112828805977,166.97427749253046,-1050.0297431096176,-34.36051996482213,-195.35871658720558,-300.027770984416,281.8334931589644,102.62277577054013,0.027288337107717636,-229.81923073369555,192.8203510193083,299.9925204246449,-52.11825421503077,-295.4569915806066,999.9414585720701,281.8994093443271,102.62950761884107,1149.9326025114044,-229.80482433223324,192.78555476015586,1299.8684564488515,-52.106625413732665,-295.4494655389743,-749.9354805799167,272.9963336422628,99.38163403890506,-900.0118409280332,-198.968157229172,166.9700769382005,-1050.0358770818448,-34.45832653986597,-195.37899023319414,-300.00095830635127,281.8658635326361,102.53208397539194,0.021118209545493594,-229.8394625655047,192.80016703865132,299.9909925368544,-52.106019254394404,-295.4517788073919,750.0254897022371,281.95028573398014,102.57427511712103,900.0825481434522,-229.8087888517247,192.9189148906219,1050.0768484817486,-52.115616327037735,-295.34271196181624,-750.0853602587397,272.9395327558821,99.40195288255369,-900.0877212282644,-199.07704585758157,166.96556083972266,-1050.0654058778412,-34.45984479296289,-195.4061428343828,-300.0023037992622,281.811029393327,102.6079562683703,-0.011987792584278407,-229.83349538693537,192.85125928507608,299.9582701613147,-52.10489176987811,-295.50257875950257,749.9983799069183,281.85524773831384,102.59529438314705,900.0144301103737,-229.8651101924715,192.8828472060648,1050.0793287731217,-52.081825473272325,-295.3677292414808
calibration_00001,-1188.4899574450278,138.61826023000353,-102.79399525012977,-1375.5429830929083,-312.2439086319118,4.574778456147699,-1489.4794513271925,-180.74791728412677,-383.5609196401413,-179.53566372707095,128.87523903501886,-37.41294373878994,122.41181770227749,-381.6524166087821,52.87062724855579,419.940122748507,-204.33292308024016,-437.13022900698445,1249.262061940781,465.7424908103538,61.742093172581676,1398.598015934621,-49.8287694384298,128.3936349207849,1600.607366706568,168.45208650110314,-323.3200931873599,-1000.0515941695202,272.91080751217464,99.31550224081332,-1150.0392386184312,-198.98081398457506,166.88235194640458,-1299.957986213006,-34.34956142208336,-195.52386349975788,-299.95262070349577,281.9484589364791,102.61971533778858,0.0029951256400575638,-229.87997814743386,192.8275243029502,299.99334623549754,-52.07650079774816,-295.42182392331085,1000.063022043269,281.9208373852336,102.5757082429487,1149.9880195253124,-229.87090456707605,192.814609951318,1300.0311259899086,-52.13257362958403,-295.499640881696,-749.9611765804726,273.03851734411217,99.32589918119659,-899.9602387310083,-198.9568297473698,166.9581942573024,-1050.010242231934,-34.42803221685903,-195.36480868948965,-299.9633630410309,281.94668932347366,102.67978198465607,-0.050423013438194116,-229.8643805410023,192.83045919380965,300.0217053040796,-52.05164387591148,-295.4416842937431,1000.0550466818739,281.8542291262778,102.65283865296176,1149.9825244275582,-229.83066322040318,192.82569632279913,1299.9813558823303,-52.2029594704603,-295.4595756231765,-749.9920733051089,272.9612802748661,99.35068625451953,-900.0054103688086,-198.9921606941582,167.07057457914078,-1050.0589138310365,-34.438956131949666,-195.3259814066399,-299.93475235993674,281.98096646439683,102.70601332535418,-0.04520683313091645,-229.82861477871484,192.83827006945629,299.97572191009976,-52.1007455015699,-295.34500051377677,749.9670702038615,282.0692227447012,102.55748267082599,899.9954011289185,-229.72905202786592,192.75970686063656,1050.021931468678,-51.90875610861771,-295.4629915431326,-750.0548853456831,273.03158739637536,99.2861225988451,-900.0878638817627,-199.0080579130586,166.96542578877146,-1050.0303198058423,-34.33239899007353,-195.4986255473509,-300.0323715240316,281.9404965692169,102.61425495563103,-0.12474163987566095,-229.84446129424475,192.7793055636382,299.98179035615885,-52.19656371185711,-295.40127873867885,749.9041128621803,281.88968865416535,102.56782408280698,899.9703820868291,-229.7897241785122,192.89233258492882,1050.0072960835844,-52.04873831652232,-295.4157909602908
calibration_00002,-1331.4804440013227,135.46428231295388,-93.3431376919554,-1296.5836939413866,-350.52452148920565,18.495906472025467,-1519.2309990617464,-284.55436459151383,-337.9160284853932,-189.64308953298516,287.8588208075572,18.328640732572282,-3.8063713200715075,-277.5548335697974,94.38911827907177,348.9446664852539,-144.83506994715862,-372.5101890439665,1308.2199730455666,497.9940883919735,-247.21830839522565,1376.6768235146935,-12.554273057724176,-82.33478487931329,1685.5168304105232,111.5669790203611,-508.64313799457443,-1000.0503560236165,272.93579897805665,99.31390157032898,-1150.0241239385523,-198.94454543096865,167.03161039780213,-1299.9870684109992,-34.43809184210922,-195.43414435327944,-300.01508198858676,281.8905158282863,102.53138530080341,-0.025648881031033893,-229.78909668649337,192.88109606246383,300.0141448651155,-52.09471758707302,-295.473388533352,1000.0372240816852,281.83827051951505,102.60437279994399,1149.9625793406726,-229.83958909868213,192.89760930239564,1300.0764253467487,-52.127069505125874,-295.37225154186365,-750.0281435971291,272.9003602494999,99.32415242539822,-900.0627442393635,-199.0660258854359,166.91863255155826,-1050.019598311003,-34.547298712512884,-195.4278674206794,-299.9768296259739,281.87756796307673,102.56750549359269,0.01381175399387396,-229.80642552388636,192.9294989684359,299.97907659630783,-52.09934315431218,-295.4289471598067,1000.0070973566382,281.8914238209718,102.63248407957472,1149.9722545730956,-229.87627892419374,192.9284418008465,1300.0329605624388,-52.13505009705715,-295.38009576738085,-750.0211718501936,272.8889544799404,99.323166623546,-899.9980866659807,-199.12665419809127,166.91400523787732,-1050.0065471751227,-34.49347897003492,-195.42646007037686,-300.0089227044113,281.9100673893806,102.6305776405213,-0.02035914324615994,-229.83979556267326,192.87708035707317,300.00175560031204,-52.163736105377964,-295.3997337722045,749.9479251310206,281.8888622914076,102.65986954053187,900.0273875489977,-229.7865626796066,192.83485680591505,1050.0184183886272,-52.03325185839936,-295.44915860021035,-750.0271796159336,272.95403071821437,99.37104028415722,-899.9694523800829,-199.04439063311128,166.98025288484746,-1050.0348281535994,-34.453002243476426,-195.39315764952767,-300.0091544896842,281.94083084023725,102.58044535726907,-0.022738448992349412,-229.7668730206893,192.86274580257069,299.98812267273496,-52.142734158999204,-295.43877678837896,750.0067708262682,281.87406479235716,102.59833085405539,899.9878607837131,-229.88439096458796,192.78942663937156,1050.0081604048482,-52.171091093919884,-295.4563230692189
calibration_00003,-775.3973618303592,-70.79714509108972,176.34117829648233,-915.4067201037822,-548.4012567958797,222.79204686379347,-1050.7025542604158,-377.3546794981963,-142.4583444730811,-279.2962076695205,196.35361812115957,400.4389313443813,5.697898080606652,-324.50936166608665,487.08796662330434,311.11904179875984,-151.98111951761192,0.2817421732713229,932.8611292116844,24.87578204052578,303.8617404319624,1169.20997264557,-460.3699386628086,270.76400988159423,1227.282043980558,-169.42688957095604,-181.48582842353963,-1000.0054934828695,272.8973968169284,99.36013284041326,-1149.9842795189086,-199.05443693834383,167.09461190941786,-1300.0252048773123,-34.561519989577036,-195.3781258096407,-300.0332102515621,281.88967151873885,102.59089817785387,0.006930894523429879,-229.7873490732734,192.9145117095189,300.0260891138521,-52.140858814822316,-295.4222935063608,999.9771171147104,281.9149271409128,102.6335456853187,1149.9735069617293,-229.79929751034675,192.851999373848,1300.0279438588425,-52.107421300760954,-295.41481855044447,-750.0328884001934,272.9304290255321,99.35366597930532,-900.140758101329,-199.04150971386264,166.969926768901,-1050.041824368673,-34.472869424458466,-195.43422706151398,-300.0274901885187,281.83974050897416,102.62572150234507,0.044226707436293436,-229.78400312087672,192.86873372255877,300.01608910240304,-52.06292676749376,-295.3835936544911,999.9684026070172,281.91498933172113,102.60818579359542,1149.938779044322,-229.81824702391813,192.8189903256229,1299.9838589386234,-52.059481455156515,-295.3720222483335,-750.1090856382864,272.8821925209857,99.4256301821433,-900.1479761294261,-198.98504222613528,166.99127890021052,-1050.069520205936,-34.42131808844461,-195.4490744498124,-300.0486333334898,281.87138874698104,102.59016385063275,0.03218531819381116,-229.8317837430398,192.8609407496363,300.0148708290523,-52.11054753070526,-295.42999227924406,750.0157191162717,281.9075502253091,102.53955306031028,899.9560953402674,-229.86360676859067,192.83873801839556,1050.0232459607203,-52.14518542665967,-295.4376767166486,-750.0798917491753,272.8834721478843,99.4130663071805,-900.0741891136234,-199.02714229651764,166.92203085421684,-1050.055349025017,-34.436688731959826,-195.5197061016804,-299.9551769815987,281.93015219243614,102.56632701111904,0.01664874096675594,-229.844293349372,192.81340336386415,300.02519423772173,-52.07738219335781,-295.43579863588957,750.0387150892096,281.8926797219109,102.56219089023688,899.9875181167943,-229.8321261484845,192.80673371567588,1050.0331617891322,-52.12800174870007,-295.4905634635104
calibration_00004,-682.0608296449772,459.448091552716,226.8494558256491,-882.4374329097369,5.079533984953285,283.62459165592503,-975.740469856934,174.19840798879375,-95.2791081904921,4.455106620585024,418.83537013446085,-228.70921430020937,129.38299163896355,-143.5399205061524,-61.04714319233069,518.0916526982392,-113.20502794605994,-517.1019276328504,741.0050654423145,354.09219118811757,142.07772272061308,773.2534306691413,-146.94149714547743,343.065533217925,913.2558102243842,-122.75780197437697,-178.80351078481266,-1000.0267624008326,273.04980194511165,99.35916379110185,-1149.9643051700646,-198.93846252763237,167.0585870234555,-1299.9292480797637,-34.44309012006374,-195.34919327961893,-300.07718584904734,281.89097388411165,102.51620611790258,0.06902693054042319,-229.77716717691908,192.86198258423482,300.03758814855695,-52.13829061538179,-295.46760307598197,999.9420980538484,281.9451462042032,102.62659542054143,1149.899794472063,-229.78875880622957,192.84828679369835,1299.9870585835868,-52.14547566660168,-295.34754969132143,-749.8639021703782,272.86296913176267,99.28095953485055,-899.9477732885963,-199.11487913091756,166.95260504536802,-1049.9529591126302,-34.47208055909712,-195.45654200629664,-300.0888621166205,281.8325385993401,102.50973955390226,0.0673916226504651,-229.74969449786929,192.87292126889437,299.9715849504556,-52.12463223874924,-295.4994328922031,1000.0331824368689,281.95270439785634,102.6863586337745,1149.9467837778764,-229.7969042407831,192.88244682138088,1299.9988575322404,-52.04968992114272,-295.3667273840818,-749.8856760290503,272.8421503084066,99.30934702428404,-900.0000384177939,-199.0534303189105,166.94009789075636,-1049.9185528045211,-34.487988127533654,-195.50446057944703,-300.07473540436024,281.97565008153737,102.545161348294,0.031025439480075388,-229.7641175408984,192.86740633876445,300.01424077526906,-52.170153851374415,-295.4232082719648,750.0170373115698,281.9001704326446,102.5080877060225,899.9679306197294,-229.74317563418035,192.86284878420884,1049.9733803248898,-52.0799958315133,-295.51818993949,-749.880745524358,272.96786007882463,99.41756979677042,-899.9420157653808,-199.01646872875938,166.96466665630817,-1049.9806945759226,-34.36027991812756,-195.36662742848353,-300.05483873261534,281.9006162354623,102.6237603099363,-0.026573602418263537,-229.75129305045985,192.88294541635844,299.9480586847094,-52.054918223196886,-295.4465040997751,750.0274464359721,281.9060563580925,102.59333807942068,899.9394354459777,-229.88683484017312,192.8765698712352,1050.0434042723532,-52.11041305641407,-295.43188350717526
calibration_00005,-931.6600370924674,52.94110520326701,-111.46962369718214,-1038.6742790384153,-427.366382376127,-199.22144876673082,-1139.4346632942745,-178.63070814270077,-529.315352875842,-313.84173750886856,-77.72471924511751,-22.25939263712969,86.16850286470138,-475.8223900242128,181.56691310941778,379.75655346263704,-324.1700159247735,-319.2720807860802,745.2954308719993,580.9703402930637,-42.16391319223761,845.8212047829182,50.169921344098164,-18.823054779657827,1042.9412707628164,279.6602791851029,-467.0698043395681,-999.9165933890081,273.02939206194566,99.35988774545751,-1149.9331353657649,-198.9057775880053,167.02821377165452,-1299.9738500520452,-34.344873256820115,-195.37417256198142,-299.974078318091,281.9545283263796,102.64827908764308,0.020524328039893503,-229.76105542713879,192.87202804475984,300.0937937597461,-52.070298103183305,-295.4479124853535,1000.0155494963545,281.8501221672884,102.62744954687072,1149.8948470407815,-229.91025475002616,192.80365363824382,1299.9216276105662,-52.183639913390536,-295.42244700284664,-750.0193224539388,272.9594988564568,99.38514570880768,-900.0198015858606,-199.02975280214406,167.02872805117423,-1050.0186587230223,-34.408003431726456,-195.39215029511203,-300.0329693631763,281.8752162329748,102.6244037337713,0.04483372197410938,-229.7726582188865,192.88800726728988,300.04285296985483,-52.04066056637602,-295.3843668566309,1000.0080489776443,281.8817918302432,102.66349334930375,1149.927912732097,-229.87338266381153,192.7972260871362,1299.9837983565583,-52.114204444515366,-295.41673467688145,-750.0175100984487,272.9630403479909,99.32545058696861,-900.0575464789375,-198.99588129515143,167.02447369987385,-1050.036541246194,-34.429383475395866,-195.39050236541644,-299.9184780090952,281.9610907785023,102.7045437550148,0.016518637717326506,-229.7501242338967,192.89774160817908,299.9812609438813,-52.06117947993895,-295.3886638714623,750.0016440685388,281.8910114679618,102.62138140904706,899.9627400732841,-229.8802269955263,192.92963705770853,1050.0140729737275,-52.241209980092805,-295.3359574043829,-750.0669713317219,273.0610295417992,99.32719661163597,-900.0585545133818,-198.96876853489508,166.89214441778273,-1050.1127250572592,-34.37989528490594,-195.48585682442666,-299.99339740083036,281.9472206614962,102.60970132786449,-0.035772696316449644,-229.71660429713762,192.7662031418491,299.97662892492633,-52.02941103631051,-295.4651680822615,749.9711660881547,281.91996861980647,102.58378119044919,899.9177603964874,-229.7969116856372,192.77014575358737,1049.9971468339256,-52.12471112310631,-295.48475410562025
calibration_00006,-1169.6508946220183,360.58989497959834,27.749103593897587,-1458.6567048914624,-44.5266378530409,73.97904041045261,-1601.9775578245262,219.94480260657943,-226.57885360306625,23.187501086792697,413.7518455074955,307.70076520079914,313.7215258229133,-111.1176619333317,318.6281105740057,589.9091099446676,117.49489348366718,-162.5098880880545,1054.8725124010434,-38.77194892657011,6.298938232205568,1044.0983753157159,-578.6776874461292,35.578299459792355,1309.761126063655,-399.30174194604916,-400.0307196013343,-999.9763270880654,272.9164527891131,99.35943253362376,-1149.9257573162756,-198.97836292758814,167.0036995250343,-1299.9080146955275,-34.44374864246514,-195.48180149660195,-299.9935415815273,281.8829518249507,102.5725714376152,0.016910762417856794,-229.8571301960852,192.78316139570964,299.9938797738131,-52.020851769278195,-295.48007157048005,999.9188547586627,281.9885583578464,102.60217868188998,1150.108393189352,-229.68820207436107,192.8952922438484,1299.933909633634,-51.97643731723164,-295.46543863775406,-750.0108961555813,272.91192764844874,99.41575148753375,-899.954649156748,-199.1133603320821,167.1481018440959,-1049.989650332887,-34.47726906649564,-195.3057062795549,-300.05710132567447,281.85555755468056,102.60351393305129,-0.03913386101591278,-229.8166772493414,192.77774793426306,300.00457755323686,-52.03631798751375,-295.5190407750772,999.9450773164727,282.0243329949175,102.6063633758051,1150.0184946819647,-229.7346468271768,192.93907893305382,1300.0162228968975,-51.97624631124351,-295.43480016573096,-749.9281979885087,272.90113553163496,99.37536895177753,-899.9727091132153,-199.04635022994714,167.08090392675462,-1050.0017134153336,-34.55088809706238,-195.28424295798456,-300.06110835311665,281.8949544137007,102.6147681788076,-0.0603921233171133,-229.81159274098593,192.73978506641973,299.97595845746264,-52.04205558166423,-295.4126062522072,749.9726326246472,281.8118473939269,102.62864857952277,900.0577111614721,-229.98376841441922,192.88598844596228,1049.9804573443423,-52.20915097479603,-295.3923153285082,-749.9484257393362,272.96037011950636,99.30742757515097,-899.960349511825,-199.04125278693965,167.02362029471107,-1049.9537520692495,-34.44682370002825,-195.33617864664416,-300.0229639608104,281.9487751549082,102.5360949426574,-0.008920752638341817,-229.76089851654578,192.8000782856816,299.95120199217564,-51.99133756150362,-295.5249812231385,750.091843779441,281.9235800254186,102.64769190196456,899.9913972503648,-229.8451476369056,192.90025055615075,1050.1007311954484,-52.17634721433712,-295.3352680057831
calibration_00007,-1264.7216821363513,365.1064847534933,333.9748136471615,-1414.777199676298,-100.67955352527373,435.65486736892217,-1533.9165804207407,23.91291620778965,46.7760716261791,-197.11267426274503,343.6459807191014,-12.92113897452445,68.6454172296722,-164.58991677556813,163.59841312178753,373.12297896077985,-94.70508021939763,-348.6674047929685,856.6520092680038,135.2233357892236,209.28447963445748,886.0040054884286,-393.1252777197824,320.9600516948934,1139.6539177120244,-263.34327558956977,-138.6965297344781,-1000.0290044248721,272.9150715836163,99.388089124323,-1150.0193255537642,-199.07972016547112,166.95178453833944,-1299.99579809007,-34.47290340216431,-195.4266342363802,-299.90704191438783,281.84563275563113,102.64125013892458,0.09419520283715939,-229.8598396066951,192.78772203957342,300.09494026042404,-52.12055960478827,-295.4487511960949,999.98632363323,281.8968961532512,102.5450363078515,1149.9667911639508,-229.73307788942236,192.7970223279108,1300.0249723193226,-52.11499189994307,-295.43828268004387,-749.9721559740303,272.93133308149095,99.31479016252251,-900.0205472757348,-199.00440446874939,166.96961322344356,-1049.9393866484468,-34.46076694523761,-195.44803325051367,-299.91135343972974,281.8928813458443,102.58497611236926,0.06417562267285276,-229.828849821406,192.8639859873287,300.1234026291072,-52.095992542070604,-295.46554660644233,999.969038902461,281.9015674431255,102.46385001613162,1149.9503338198208,-229.77588750132864,192.8275997579926,1300.0374665548345,-52.07661695974008,-295.5328270751824,-749.9434676812566,272.97035180317226,99.2435507693964,-899.940094786484,-199.03297007866982,166.98310311196687,-1049.9252985879007,-34.48461459561636,-195.4468849830973,-299.87319546058245,281.83316198920113,102.6385592708515,0.11225314010306278,-229.88544958106473,192.78066509015733,300.13247816501456,-52.106164069911806,-295.3951884525277,750.021886545355,281.96259900078496,102.645625874279,900.0646635045481,-229.75500528412746,192.85168117962235,1050.0163368310314,-51.993780225286834,-295.45187241384093,-750.0204887045379,272.935451343734,99.34640459572167,-899.9737783597363,-199.01631842851629,166.9993788636533,-1050.0525440734195,-34.48802251632353,-195.46301239963046,-300.03150682372956,281.9102177569122,102.60780259890451,-0.04294079021656419,-229.8226077852861,192.83131105009141,300.05668449840243,-52.08919197949508,-295.3564036210802,749.9552056443579,282.0101520698734,102.61345660154542,899.970339975778,-229.74038098554118,192.90113755324714,1049.9667721118267,-52.05970118425055,-295.42922622235574
calibration_00008,-973.0404577960053,-41.05906786399381,458.0123735361324,-1119.306147037491,-515.8295764777906,513.285744215251,-1234.9829749829269,-356.18791074768023,136.3129519175612,-347.920510782868,358.43031372550763,-86.46730358643275,-69.68824562893884,-162.36406390509936,20.219470955465443,247.12001447318045,-5.996858640570809,-464.7807906518689,707.6352105435096,283.66600762996273,224.14101787862091,943.7772888941591,-202.76401007058678,213.27321245752927,956.1318986032312,45.241172342414714,-267.1886873202556,-1000.1094289856541,272.8910453719896,99.45464502144615,-1149.9908142676522,-199.04171125206912,167.10230757240737,-1300.0910664062949,-34.43108255835362,-195.33427599573238,-299.96663702614876,281.90317599941676,102.66781098427083,-0.019688046996155027,-229.75950755777146,192.85750111095712,299.9864027209127,-52.04264889951469,-295.3713003896771,999.9377417844609,281.8339352015031,102.58107207129937,1150.0058108564199,-229.8225307126918,192.7200485896192,1300.0129676723877,-52.10684375345195,-295.52734445101476,-749.9562157531628,272.85965263584654,99.3759407320053,-899.9702291520152,-199.125150496142,167.08161864878429,-1049.9910877919406,-34.51458268975552,-195.45957098931754,-299.9727766448428,281.90520662088596,102.57129158984522,0.0024706877257631293,-229.8393141362306,192.88047456704464,300.0054406101735,-52.060807946314334,-295.4278199596633,999.96138624177,281.8185560207716,102.5823741713346,1150.0200480774547,-229.82652998508738,192.72252748512096,1299.9149687659356,-52.18572261552187,-295.51114101130963,-749.9804626372231,272.83704208508345,99.33934458511803,-900.009122066458,-199.0928458639219,167.04832768528993,-1049.9890454580423,-34.59373054808536,-195.41240080418768,-299.9704449226039,281.867980306319,102.5962930883351,-0.017960264198826983,-229.81269971295498,192.84895675127046,300.0152866406125,-52.08669636312325,-295.41261803267844,750.0119324203479,281.96079547565967,102.61508391124144,900.0167880197073,-229.79889603183952,192.80763891035895,1050.0706555595812,-51.99235755448509,-295.4658556171499,-749.9505671145095,272.97636645070503,99.27274266343024,-900.0327389191738,-199.04886838008198,167.0092002414954,-1049.9358615466945,-34.40070615475548,-195.4556332081036,-299.9338094689047,281.9573268985222,102.50995885812445,0.07391215898116912,-229.73011691111796,192.76864431903581,300.04893696619973,-52.05595172200209,-295.52995670301954,750.0432908220172,281.89267997047705,102.51364527117022,900.0414151439353,-229.82787520652525,192.75693567990731,1050.0248351035655,-51.99110008604293,-295.4866794816305
calibration_00009,-659.9160656190045,257.4189323162496,-4.565341499398414,-767.6756300730564,-229.16323593331083,33.78948264611017,-1025.322239069983,-29.853727024119987,-239.7423893100099,-353.0690538991454,601.514902060154,-351.81487110420017,-91.38087654791097,146.88223013633035,-60.527428633305576,231.13873325780318,108.27150204709658,-564.9726969948756,1338.4675367224852,503.01700759826105,284.4700532105248,1439.764464558724,-21.383611953352027,369.67932903952334,1615.5839539739595,148.78470724164143,-112.6372332630554,-999.96969538572,273.1110215532032,99.3785375232754,-1149.9481574998524,-198.85591135228583,167.0242265483808,-1300.0391894140691,-34.29871775444407,-195.4445271727004,-299.97794931813866,281.8919084366776,102.68872193212148,-0.0009849316967529605,-229.76861704570015,192.83109636721227,300.03138270320477,-51.997068743712454,-295.4155030720418,999.9596387524108,281.87827451985646,102.64475079569029,1149.9457742728669,-229.80115515064267,192.79324240037423,1299.8859270340645,-52.11141717101099,-295.4655088329991,-750.0396908352881,272.88146200460375,99.32341118199206,-899.9626599560017,-199.09716615866145,166.9947431952521,-1049.9554589206728,-34.585251416300736,-195.44857532571402,-300.04319090183066,281.9740057615389,102.61690433809773,0.047660040148291026,-229.77519321847234,192.8688643319939,300.03798882075955,-51.977108363088306,-295.4237193154145,999.9598331304389,281.97984176676096,102.62311120615233,1149.8862060519027,-229.82660055085614,192.85891958518093,1299.945385246534,-52.13901677671075,-295.42804104059826,-750.0183031402202,272.85829712814126,99.35950025082059,-899.9487816301562,-199.10139534641092,167.01035397728086,-1050.0295865364933,-34.56249442106489,-195.39609509247535,-300.05789297481556,281.88998594449595,102.63927595775486,0.05093544613144334,-229.79421390493334,192.86034343064546,300.01920565808683,-51.965705469240376,-295.36027624654974,749.9876098810538,281.91319737081284,102.66863225350427,900.0887342016488,-229.80917937157434,192.9341025018151,1050.0001345098303,-52.05498403042615,-295.3917969959492,-749.9922050818176,272.8528110731953,99.35178781836562,-899.9760497593539,-199.08311984635895,167.08800507644793,-1050.0326030472797,-34.57658250227876,-195.3652100656813,-299.97521111889984,281.9305565040523,102.66213675411807,0.05762553697215042,-229.76811416666575,192.86058154210832,300.0367037887303,-52.060808337792025,-295.3979743872354,750.04148378584,281.8875693697684,102.63735954150557,900.0785844278417,-229.90392672597207,192.8190695548878,1049.9568902293286,-52.17447127925754,-295.39773701487337
calibration_00010,-708.1353041052918,426.16071992970075,221.65866672941078,-854.6480198975952,-49.628921168936316,266.87370074204637,-923.0287665685581,101.75718164863738,-124.70675877943349,-145.0093517720105,-141.28453511382133,-227.55737859726466,270.1842495837896,-567.2143252036658,-148.7205749819174,538.8457485374438,-283.93632284365816,-604.2477406797053,763.3938687808832,535.5047047666761,327.11829864502084,932.2473510991571,47.57428992850526,488.1816042114918,1147.7934283402299,196.61961609651397,15.047991524114687,-999.9868969061843,272.9085470294078,99.36684449357062,-1149.9982398773639,-199.03658327336507,166.9582344238329,-1300.0009343203114,-34.52137155517222,-195.47068164452799,-300.0012062407828,281.9695127541953,102.59262873766131,-0.04719932190523907,-229.707950814982,192.8618478484471,299.9720156066461,-52.04838277114863,-295.40767649544654,999.9647080644929,281.94378673641035,102.7181621261984,1150.0276006600272,-229.7653949918748,192.9406610121047,1299.9405248004994,-52.103742138140866,-295.41364258701583,-750.0680211512687,272.9591822311938,99.29770815871075,-899.9632788792467,-198.999235983434,167.01252649937123,-1049.9797555697642,-34.50612546863258,-195.43863287342504,-299.9848452690283,281.9768731097708,102.65328585917713,-0.05466062106723901,-229.80929189999708,192.85271142856246,300.0285782663919,-52.0735331598217,-295.45317186482185,999.9823603111024,281.95571312429144,102.72330488959203,1149.9506309382637,-229.787075678721,192.9742899793442,1299.9654743643114,-52.09568763305893,-295.3542972000523,-750.0692261907833,272.9460320682802,99.30126586531367,-899.9719692578175,-199.00975716739828,166.97734803201578,-1050.0059828244912,-34.46695874799351,-195.45536659123138,-299.96956483293496,281.92480928684245,102.64736840748517,-0.027780361276855268,-229.79894448444927,192.84294644176626,299.99620366797086,-52.01429226914696,-295.3695714177276,749.9886062728813,281.8486241175192,102.55483837803084,900.0009104634058,-229.86030219089227,192.7718387385736,1049.9826325209883,-52.18104842794333,-295.44947343352544,-750.0614665240563,272.9539113021445,99.34964588383808,-899.9167960702181,-199.0275044658067,167.01557209672796,-1049.9541142146209,-34.554155246517354,-195.44140866359558,-299.98122285171814,282.00229035667576,102.58255584753205,-0.01247451811828793,-229.72026735564,192.7977640045492,300.00105148914025,-52.02621620462873,-295.4225825849942,749.9810266112218,282.0035811960861,102.59591931537109,900.0690533462797,-229.7283775928803,192.76475091974305,1049.9660437259038,-51.983311425210324,-295.52961343258045
calibration_00011,-974.5366184989881,-35.7869981927951,178.64000303009274,-1169.5910663969773,-495.63963540724245,195.95219411675876,-1217.2324739367673,-316.5331152207601,-186.97316942441867,83.95284668880252,195.99132943660325,-107.70695642598358,290.04534739736255,-363.10909271157976,-178.2421236689357,652.022496094742,-98.86015671480875,-577.1190083071751,1273.786487207979,129.5152151348875,111.05810714395899,1412.9499889330039,-381.2928321755049,221.59724830450466,1552.1702679814402,-231.5441082104212,-279.04569069556777,-999.92485237795,272.99216073169316,99.42267863365049,-1149.99802254568,-199.00755622884955,167.13067618934176,-1300.0127045032277,-34.42665078388901,-195.29275977728912,-299.97263766500754,281.8741013913885,102.55007985532093,0.0690878951771936,-229.77558662984177,192.84782734019328,300.0416516809156,-52.09670804084619,-295.3937997738889,1000.0059492916183,281.96024843333953,102.67620823505287,1150.0391270328585,-229.77621207835236,192.84137533648504,1300.0468513691849,-52.04893301495553,-295.4043212473122,-750.0498662866407,273.0180723812475,99.24558170291611,-900.0038328808625,-199.00616328746497,166.86641662018005,-1049.9474992065748,-34.40992348069277,-195.5057583234888,-299.96326882837957,281.9279944793166,102.59383184780765,0.08695916989696152,-229.77175821041666,192.87058725313923,300.05010956153393,-52.10040092945928,-295.40510954989617,1000.0596204387674,282.01371287276567,102.7171020257688,1150.0089687012019,-229.74703130661905,192.9167701227833,1300.0399623609376,-52.02536172335666,-295.4024678274528,-750.0345790189003,272.996182182472,99.3109329516766,-900.0089052800438,-198.99091157965486,166.92313194891514,-1050.0021574703926,-34.46706588301063,-195.5521774800786,-300.00003007192976,281.91345294705184,102.61549955269896,0.055524567745077795,-229.74581396290267,192.82017793508675,300.08941065077545,-52.08891215099382,-295.3739884630473,749.9259003475732,281.98444273997103,102.64466784507586,900.0206449229183,-229.73250693930734,192.79172500644876,1050.0135147108979,-52.05463728155752,-295.41094358798244,-750.0147282494073,272.9453219126868,99.37879664438907,-899.9491459457317,-199.08438208742456,167.00900557252777,-1050.009008545185,-34.54855801773477,-195.43395344870464,-299.913461843856,281.8285493749781,102.70013260719556,0.1553779493023693,-229.85626678056377,192.8632783338273,300.0325418666783,-52.08411618133967,-295.49326496651435,750.0135208750734,281.86713352194386,102.51773173886288,900.0828726402652,-229.82034625173145,192.74529550780898,1049.9040448527694,-52.0301326347117,-295.60997157527885
calibration_00012,-755.5399433963261,-96.02039820162751,101.51558297796777,-992.2190469226865,-535.8682711074885,86.09423971994694,-1074.4110763697001,-298.5767414639648,-257.1418573465152,-5.984306892135358,107.9296007335026,-70.595924404658,259.41798333342416,-417.6944358509045,44.3704359095267,584.5843235733074,-273.7301123330149,-438.82205754038694,763.5526225732602,49.76980430554149,-22.29345695423426,821.4348151028395,-481.54995574098496,60.1638806737715,849.9169277905042,-347.9647633948877,-463.16807292326956,-999.9400587512364,272.87505034105084,99.3705869963999,-1149.9451309603578,-199.12234180254433,167.01396363631815,-1300.01437936956,-34.52339649035503,-195.3581940184861,-300.01934244552007,281.8505191732544,102.63271141335983,-0.0618233474466199,-229.80570971198466,192.91455395465528,300.0721209975463,-52.080355402112545,-295.34800649135576,1000.0571386738234,281.8618718514702,102.5590873633764,1149.9599380265704,-229.82810804944305,192.73041202860972,1300.112989713026,-52.09707312096276,-295.38021996991637,-749.9647312618484,272.9522190396559,99.22347661917574,-900.0183032224088,-199.08354726433674,166.93507909419554,-1049.9780115781243,-34.5871841392143,-195.50612870451667,-300.0549261537293,281.8614822212556,102.63912242158602,-0.005189513534012282,-229.87271638101186,192.89301327208943,300.02906625868235,-52.1144388124522,-295.25662970857763,999.9693467410468,281.8919598230006,102.63601690454223,1150.0512766759548,-229.81606061948753,192.86045805945858,1300.0418597354117,-52.07166474624769,-295.39338080643034,-750.0393676212818,272.8915632617181,99.31024633191308,-899.9847116657606,-199.07259077822275,166.95475666697575,-1049.9288429955357,-34.52135635955894,-195.51481608543568,-299.9493017476946,281.88622762701704,102.67386116566284,0.02963513791796791,-229.83810778726902,192.89060628906213,300.0486293361469,-52.08223694176713,-295.2396495076878,750.024546272669,281.90705348993527,102.510927949584,899.9407741557444,-229.81488290657217,192.69921464793723,1049.9649381917525,-52.136082716612826,-295.5520357687682,-750.0602346396313,272.9901501943122,99.29551268418729,-900.0545878000063,-198.93940237811663,166.98360707848298,-1049.97478353692,-34.49318470358698,-195.49686753225484,-300.0346877185598,281.9148207274906,102.66053634256247,-0.04809331865811296,-229.8471818155103,192.89986043120368,299.9954355031148,-52.10806763131185,-295.3163788639122,750.0287232013585,281.9283185601694,102.55194143456579,899.9056271018704,-229.82540960999714,192.7118740197633,1049.947459564551,-52.13162300202485,-295.51471848000546
calibration_00013,-913.9865087670377,91.92804827079961,245.04130342397727,-992.0037980573095,-387.24720838467744,363.8357531454496,-1198.7098325447869,-275.0832281965133,9.344866747982817,-557.5998415890022,143.69050450081062,305.77968332423785,-290.28072060912706,-345.31846971806567,527.9866875472219,172.53074784050793,-149.14514273083077,200.4655658830225,1061.1941219364335,359.59845117322004,64.47162743630678,1006.4312347723657,-167.40444992997212,173.00615834907242,1198.5204022364567,-76.34220310630582,-324.2231070245919,-999.9623962607168,272.92747301230315,99.37749722026496,-1149.9840328434782,-199.12191776120864,166.9608358034296,-1300.0016041153187,-34.50243218259404,-195.47725286038636,-300.03797486012536,281.9319446176094,102.67557118056735,-0.05212715003928921,-229.7863625114447,192.82607967582655,299.9945678802682,-52.01695316177243,-295.4828154183605,1000.0309694435581,281.93958656213766,102.67891575064209,1149.9293950337749,-229.81494330895075,192.883312273871,1299.9079557227435,-52.101250085314646,-295.39599550855985,-750.0029527513021,272.93981497438773,99.31360192623313,-900.0263073757575,-199.07807076690753,167.00301213396938,-1050.04849558806,-34.50132033260232,-195.41240811994854,-299.9718056519745,281.9335886599427,102.63849302343002,-0.04262571358409805,-229.81552596075602,192.83316783234253,299.94448058135174,-52.07669556527786,-295.48193176990276,999.956656027762,281.92363165099647,102.62324519314437,1150.0235758840768,-229.85089798035418,192.91556756789046,1299.976217489282,-52.13742525181257,-295.4326992474274,-750.0447026677249,272.8954275717472,99.31430087044299,-900.0008644468743,-199.05806982764392,167.11369339118679,-1049.9942027611428,-34.52282789926946,-195.30430490261153,-300.0054316960866,281.9343480657076,102.56893664797234,-0.049578080998270296,-229.7839644315008,192.80297526219783,299.9893613262236,-52.05175540769149,-295.42830838217367,750.0731105124675,281.9459411727154,102.60263896694339,899.979743702824,-229.8395811544218,192.86537845971657,1049.9670729731251,-52.09783371406163,-295.40812856545745,-750.0227284854434,272.87781294920256,99.29393273447198,-900.0200797920093,-199.13337110996844,166.94002521550223,-1050.0196722261978,-34.53676584849423,-195.50830249850483,-300.0098038895823,281.86926410523915,102.56059071135992,0.03498777845863185,-229.84586543447136,192.76579642623227,300.0329754010434,-52.02029264201816,-295.49553347925854,749.9830483624299,282.00829258513323,102.70330891101167,899.9107054004467,-229.88561920444585,192.8795690673466,1050.0750291502718,-52.11096106415495,-295.39260591043114
calibration_00014,-1164.9808036922811,346.57051303915244,323.12549293492657,-1319.0503592477676,-123.7101947447306,393.0506506646257,-1468.3740822737677,40.76265548269056,30.252840537642097,-364.5497288276388,626.1162262929195,377.8784801251308,-62.44789122288162,116.38529484966365,471.8250730911257,241.9554965877361,295.62764716585286,-13.03890204991004,840.7577998477835,579.771001651462,433.73092250185715,990.8510024859909,68.17680026785837,524.5712017346385,1140.8058892647357,245.329508997021,36.07864370439015,-1000.0389362207079,272.98378420174555,99.35825387243646,-1150.0072575426211,-199.10609047676977,167.0340097971586,-1300.0059091481075,-34.52319220768783,-195.41116005413318,-299.963735079846,281.87353799646866,102.56112142793839,0.036880669547258514,-229.8121983759073,192.7562352299641,299.9783220974451,-52.07992123578599,-295.523811075637,1000.0039647651419,281.7937041203189,102.51554693829722,1150.025959878237,-229.89039212465806,192.73528329726105,1299.9351340706487,-52.146684409888366,-295.52867538896646,-750.0860448403428,273.02495959364245,99.30003859936907,-900.0364032307201,-199.0572888644055,166.92605915690154,-1050.0263295774218,-34.482631451387114,-195.5013102322961,-299.9864504313889,281.84745405053866,102.51962437838105,0.045036791991734215,-229.80940420933254,192.73571420538093,300.03443809839143,-52.080667364444096,-295.60183362813063,1000.0035498563755,281.8434629166574,102.52848305612387,1149.9966260042295,-229.8581920876597,192.74866533301966,1299.9708893506095,-52.06675990595468,-295.5036343829626,-750.0510170086455,272.99770489754167,99.30182353316053,-900.0059781797165,-199.03066981514485,166.98450025717977,-1049.9744895670858,-34.505185228229735,-195.48035073506605,-299.9598664523969,281.8479682214958,102.64263919671735,0.08798662882719407,-229.8307768052627,192.73535832512573,300.01438194568004,-52.05877008129355,-295.61274142605976,749.9376776754324,281.863615730644,102.60008346768852,900.0071176234961,-229.74966098735803,192.90188072534514,1049.9912462766665,-52.06103017284795,-295.3827250379513,-750.0400972683386,273.00172821892113,99.32664647301081,-900.0249000478864,-198.986796559309,166.9474926952733,-1050.0470223996983,-34.37687293632969,-195.51985794525737,-299.9318457137133,281.88124929893854,102.52511255847476,0.057006531193208865,-229.80601447200254,192.74862495749923,300.0145264292965,-52.08924209420732,-295.51605141303594,749.9662833850351,281.92063189871345,102.58451098246042,899.9277719220315,-229.81907520751764,192.8711064312657,1049.923001733179,-52.16665716800645,-295.4671508250194
calibration_00015,-1010.8303264914211,292.15632584035626,91.4370352523422,-1155.6947567264606,-185.60464085944048,67.64115110520875,-1210.80972632613,16.36646320595179,-302.69128198189406,-340.66231451896175,76.66674221909203,421.1416977257283,-187.90524411227386,-503.55477244342546,422.6821191040047,128.28543103808232,-344.0746187732019,-61.68573463370618,1223.9929444660852,337.04228381818984,59.03045553517209,1201.9034783471675,-203.24332091045218,48.41628624835659,1393.9987889056129,6.160529533135303,-411.75508285744155,-1000.0349640551719,272.92667100387905,99.42259648023516,-1149.9687932541299,-199.03687669630764,167.00659337755167,-1299.9648570147995,-34.48424497383722,-195.34366719400356,-299.952626375623,281.91682805473926,102.58254130111271,0.020795552850249487,-229.7969244969904,192.7865963897003,300.0751948319213,-52.10051786649799,-295.46980467652924,1000.0028722032762,281.826279832077,102.555107239097,1149.9310429879422,-229.87439280248248,192.75508075332414,1299.996806550633,-52.20039728898965,-295.44982466570394,-750.006200199833,272.9744116676093,99.36864080289789,-899.9793532317408,-199.06389994547695,167.01979929726613,-1050.0317793172514,-34.45899208519996,-195.31594965774465,-299.91858723624347,281.97373065167176,102.5351988940324,-0.03736617167891514,-229.82018154780366,192.81192270082605,300.0508443042498,-52.01789966098246,-295.40547720396756,999.9537997551352,281.8395161985256,102.56604167176637,1149.9871985646303,-229.8924439722927,192.76511415837348,1300.0243422072442,-52.16294502164069,-295.47783230870044,-750.0307170041743,272.8816441083321,99.36134299490402,-900.0048269332273,-199.06338388379316,167.0063219862735,-1050.0409521013303,-34.426513272965835,-195.39225205287926,-299.98018018357783,281.9153155728466,102.55455124895437,-0.023667506644531718,-229.81293773385073,192.79684008638534,300.05231851795986,-52.021756997791286,-295.4690908187423,750.0597042626523,281.9194839937726,102.64867751369768,899.9529678966345,-229.8768959547278,192.89095468135503,1049.9737033225003,-52.178591020769474,-295.4008184804335,-749.9790137311365,272.9673900485201,99.32713850996315,-899.9757096520235,-198.98248565085967,167.1138410384764,-1049.973869316055,-34.482971623847476,-195.39178277339656,-299.93807028292866,281.9014739159882,102.54205182998213,0.0830260554729394,-229.80428687914986,192.76465505060847,300.032948806236,-52.03591827507353,-295.48422533003577,750.0024154340426,281.89362115304215,102.5662855151172,899.9583843692915,-229.8379152550029,192.93634606895776,1050.0316921533279,-52.13240079894744,-295.4443876187174
calibration_00016,-1168.8027412971142,414.5996478104861,159.8981536453633,-1339.4739993647513,-47.180423051092795,73.67844227394603,-1378.5547099784833,203.46862476621675,-267.61689267636046,-437.37607847811813,41.479032838590356,218.3218623854351,-185.04710200623288,-449.19872710127294,454.1719288571126,70.06584522109951,-486.6404400261437,-87.5876631299956,1189.3485558222153,186.91746698637246,337.01383172355133,1470.5477834121104,-274.4387551422093,360.6982946215344,1509.761418232675,-31.4777611216094,-120.8503975958447,-999.9477510845135,273.0000878992693,99.40952695601008,-1149.982442777536,-198.9980787634131,167.0697999092618,-1299.9800070242768,-34.47146014831049,-195.32481672018108,-300.0031550132272,281.87467631064214,102.62942624928294,0.010831983208413987,-229.7705449319637,192.84277502181433,300.03149541052517,-52.07040584320736,-295.45270701790236,1000.0287148814735,281.8819078707896,102.64084329939867,1150.0535780923658,-229.80575591026016,192.7675362802675,1299.9287883559807,-52.098771864559254,-295.49454830367443,-750.0060628442388,272.936997979669,99.3326217229811,-899.9695958988261,-199.00891280352172,166.97823676016685,-1050.0056366106373,-34.506472138977,-195.38365580310668,-299.9940842620142,281.87736036525166,102.64961225934337,0.026203949656350832,-229.82285222498567,192.82686782959004,299.93742339238895,-52.05592254514547,-295.4583815540268,1000.070676648861,281.87523245633565,102.66549216167972,1150.0048808473089,-229.8944300751837,192.84663634341786,1300.0017251731633,-52.14949407229408,-295.52058692663155,-750.0353573919846,272.96808057317423,99.34187415353816,-899.93488662109,-199.04776374942813,166.94978894320647,-1050.0366397165683,-34.479898687997206,-195.38192557515833,-299.96875190687615,281.92244487139703,102.64051734733003,-0.04915445627269196,-229.89838142837633,192.77804138791385,299.95749030064206,-52.030645766888796,-295.42643428912777,749.9545202993099,281.8771185519214,102.57281233184737,899.956897376828,-229.7177463788465,192.85213429520186,1049.9319431865417,-51.98705775267086,-295.4087104050674,-749.9513645026007,273.0609634574756,99.47897385210449,-899.9417779267523,-198.92482519840283,167.051789960379,-1049.9922400572354,-34.399083908615474,-195.36477211945538,-299.96738038898275,281.8904636649061,102.65718656982413,0.01870146076118863,-229.8742238119023,192.8629184990152,299.9315638186147,-52.12924378296071,-295.4094740482784,749.9103499781748,281.83201843928333,102.540639672313,899.9770846267381,-229.84438972872204,192.84913184534992,1049.923734783414,-52.12323643260485,-295.44904812760325
calibration_00017,-1029.8492193237298,-128.49341261556228,382.45107772142876,-1348.828711726064,-512.9142466508998,398.8375160818724,-1396.0095164515403,-281.67522732622706,44.97186844537553,-231.78369007627595,413.40574998515814,431.70634367431836,62.59487027159103,-105.73261833959718,493.64349128313853,377.9062788114117,104.13544385858582,28.355168742525883,906.3802878715829,420.92658350286297,246.27998245900812,996.6589752793576,-74.36433605817322,443.84600022575364,1244.7191220699654,9.133453968128938,-29.42109001241296,-1000.0012619739418,273.01848895788777,99.27214640780835,-1150.0261401093296,-199.02020000735993,166.94342919785595,-1300.032535278338,-34.36767277726957,-195.50452049050335,-300.077741158503,281.8925361046714,102.60231265263124,0.04672381877235977,-229.7892454769003,192.84299542288937,300.00304190102236,-52.0024998155276,-295.4622194826461,1000.0697275556386,281.80881542705987,102.66865839790665,1150.0377372108287,-229.81096660415366,192.82973681505987,1299.987855467578,-52.147591636187656,-295.4086082818604,-750.0027557839694,273.02955277373525,99.38552352423612,-899.9957669983252,-199.0487004429221,167.04381782273447,-1049.9848376303496,-34.45879736784922,-195.34362339168132,-299.96431359004106,281.8691873206514,102.55919726458734,0.03574266495577578,-229.8128727125106,192.85705285798346,299.99882237204514,-52.02634884546157,-295.44178062012867,1000.0142965981945,281.85320253101577,102.59295043175248,1150.040283680179,-229.86974712066356,192.85463271422432,1299.978069196794,-52.11065070690309,-295.41885964768557,-749.9935341772315,272.91542070162944,99.39348988277649,-899.9656680513738,-199.01833578504858,167.0474526430267,-1049.9687515304968,-34.50170040741034,-195.3887232079422,-300.0748745329337,281.9105519639647,102.59635749085969,-0.02687825444402788,-229.76870526015634,192.83142393587582,300.00150760200796,-52.028002435797,-295.37956927288894,750.0765602757582,281.90638740648365,102.54191009677764,900.0493729724666,-229.86216385888977,192.80335479199013,1049.9696037308393,-52.1570751079334,-295.44281565351565,-750.0816185908456,272.96822601958655,99.37529777212409,-899.9788449935082,-199.0417777986271,167.0297140833323,-1050.0109990687836,-34.50949652521209,-195.38142928738694,-300.0892094484713,281.91349788180764,102.56447375764692,-0.039290025661294324,-229.84311741366486,192.86237266172128,300.0276341250646,-52.046587957020286,-295.4286007893419,750.0495147703153,281.91279609599616,102.58200388065845,899.9978829504402,-229.78853413141823,192.8897469467189,1049.9869320170626,-52.11505056659365,-295.4141422548943
calibration_00018,-624.0721679121714,-51.880373540047486,0.956246148208264,-831.6695873123405,-501.5031863962605,68.40380755184755,-960.3547390980851,-319.19067758802674,-293.7353268934005,-227.36119105442813,445.40689180822227,235.2071135125896,95.0085226633196,-54.88042096902637,310.720525751676,349.1579838282696,121.21058312674602,-203.43584298852193,1158.6315777931823,3.262749037052756,-282.75423220722473,1238.6396288796464,-493.7613753801124,-85.07182769076115,1503.3043349971665,-409.481971274785,-549.0730993551153,-1000.0242358420026,272.86825865659716,99.30956201587848,-1149.99822668066,-199.07643005729167,167.02090604484192,-1300.0407939008792,-34.535957419611535,-195.3910643061516,-300.059845050388,281.9287929253183,102.56796715060457,-0.028310761204742442,-229.7742198778742,192.80037491760737,300.0642821041885,-52.036709188977675,-295.3793397314732,1000.0148293888959,281.87444462851306,102.56012901154828,1150.0039595156047,-229.90697355062906,192.89373825806857,1299.969299766366,-52.162345085637526,-295.42906869599926,-750.0207854589494,272.86525941590344,99.40159810494896,-900.0019554609488,-199.05994255912873,166.9771908832825,-1049.995616132166,-34.497576442557246,-195.37593226399977,-300.0062208306439,281.9738899582419,102.57719604059332,0.010866134194336857,-229.80992754542336,192.77969525875002,300.0613334406508,-52.011271269452024,-295.42019063480336,999.9016586484943,281.8505039943342,102.65782423098997,1150.0534137808902,-229.84830012536915,192.83668395148965,1299.9261099640873,-52.12175091606881,-295.49555331041114,-750.0060118199204,272.88073941858704,99.4362807858141,-900.0164314063868,-199.08474412396143,166.9851683088104,-1050.0245921771857,-34.497337274713,-195.38744866354426,-300.0347375974876,281.81331139344906,102.51096699166206,0.03669929308165976,-229.84362669896106,192.85989606443565,300.04078155324174,-52.011315252516,-295.38859870344606,750.0671329040728,281.8926164845272,102.50901908533271,900.0328510172855,-229.83514175943864,192.7988214739475,1050.1087014053867,-52.14486047699342,-295.4655123036845,-749.9384036343964,272.9696541225894,99.37702713299151,-899.9809809733617,-199.0844839546304,167.01210383094534,-1049.9219575110612,-34.3886755955979,-195.37362803382965,-300.02381692758354,281.9481856746244,102.55691440970419,-0.00456557366312711,-229.75018759976538,192.83642084829197,300.02934569816796,-52.02367715097132,-295.45128807141657,750.0937109692321,281.9255250411554,102.5085042119231,900.0705065125047,-229.80056402318803,192.77617338442798,1050.076511867385,-52.13103825156188,-295.48667567907586
calibration_00019,-1230.2389907859497,318.24186329512946,-203.18144735915996,-1436.9086043975478,-130.37133316257214,-126.43598369879263,-1571.2166199562669,47.17489535549122,-488.8632713037181,-585.3546586289563,455.4088180541845,387.92524005563274,-269.9820815071524,-47.942779293123415,472.4627127567689,33.78666677238885,151.6527008307609,-4.89040467005591,916.483586882919,503.0216636183879,157.23545966567838,1059.09937196345,-10.72527894519639,247.68422115409328,1216.936605779723,166.47910638229803,-238.29754164607957,-999.9128612929535,272.993827166987,99.26567878364372,-1149.9497003076897,-199.10560411656672,166.89058340017024,-1299.924169059248,-34.44929639392256,-195.45323696366623,-299.9786331701957,281.9579290702284,102.5897581814909,-0.10198785700797107,-229.84228059105425,192.84579868273306,300.01510697443086,-52.07045099093442,-295.39784305761737,1000.0775560138769,281.93685400694795,102.69517323571662,1150.0340408546592,-229.72044963712463,192.87938201996602,1299.9131843505445,-52.089873200625476,-295.3653271038907,-750.0109715221571,272.9647727863187,99.27296696849778,-899.997802657672,-199.02594998043298,166.96721200131017,-1049.9731927318333,-34.48022061019628,-195.47146469403734,-299.97714473662734,281.9322620984438,102.59728388318145,-0.05974120696315955,-229.85604396395405,192.8488652070824,300.03491086557125,-52.14206858217514,-295.38827736749204,1000.008257302026,281.91007607555076,102.69347984132826,1149.9761948727505,-229.77257048588052,192.90146783409645,1299.987650961138,-52.08235407534537,-295.3684359119163,-750.034384998165,272.992022181335,99.32696729719268,-900.0922594132372,-199.03144266703984,166.99206925172368,-1050.0193272504648,-34.490803110913376,-195.48460786585093,-299.9928804342301,281.9376485570731,102.59614003136248,-0.0880699867016588,-229.79021389361003,192.8547284089673,299.92755465571,-52.11406348944578,-295.36098832884977,750.0435608749185,281.99963598050334,102.56416812139693,900.0334666235723,-229.7538513539708,192.7676976978166,1049.9822968655153,-52.03013810749252,-295.48877659450056,-750.0548718954615,272.99178579501887,99.33775874408656,-900.052951075455,-199.00021563985055,166.97088841243584,-1050.0034986154117,-34.39340953229595,-195.45297234617658,-299.95085027610395,281.9394389258531,102.64251874062943,-0.09731309747725989,-229.85486014138556,192.8478771778238,299.98520575750547,-52.17407604868189,-295.35464203827013,749.9661182548713,281.84396837193265,102.66441886478687,900.0596198670423,-229.8384833244442,192.8385939145439,1049.9700959598408,-52.16873705678771,-295.4393057867323
calibration_00020,-978.9970912484443,175.76572514484602,176.34461098025594,-1136.135354828482,-293.45024445695,246.67875501639122,-1285.444922162641,-127.9705102319086,-115.54437892514692,-447.69852906423705,460.14209152649346,-14.41451611440867,-161.90464318693776,-60.8240134359185,68.59428168983088,155.9686582615094,124.40912171836572,-405.3918912299661,1268.4680960623339,566.7415419053984,327.52138284867806,1274.78482593023,54.22488152424027,500.0818849515901,1494.2565849436955,111.13226266400744,9.09878898251937,-1000.0032530887887,272.90363394964356,99.37361743679229,-1149.941572600842,-199.0466596779245,166.9802119869219,-1299.9423872765738,-34.486290119582506,-195.4033147337506,-299.98693459975624,281.90278945477365,102.60580943126348,-0.020131616076745806,-229.80155618097325,192.79812647193492,300.0313418901028,-52.055756092352375,-295.415569633881,1000.0401341361797,281.96168986610337,102.64304771227307,1150.0059160126914,-229.78971700551787,192.86034426231382,1300.0559281884355,-52.034712212148904,-295.37941425596534,-750.0562755199593,272.91282559985143,99.33267473587023,-900.0485745066977,-199.07630704113515,166.98113537284564,-1049.9648194407184,-34.501280034949474,-195.5326788930022,-300.0103531415208,281.88150098231336,102.66222971526861,0.0052569808908738865,-229.84438444796007,192.86152819984517,299.9956356400852,-52.037033468738606,-295.3477047708922,1000.0352411782101,281.8892707476358,102.6460684132362,1150.1072254541004,-229.80729133252996,192.88068678784526,1299.9727394310528,-52.05195912028306,-295.4183270051807,-749.9923597901964,272.95644535966,99.33546911863239,-900.0193955842819,-199.06608569765064,166.9838281961106,-1049.9467150573767,-34.47112040272151,-195.47626403940384,-300.0208856311431,281.8922128340353,102.65903681515185,-0.029709293843603407,-229.7998822110859,192.8079288197654,300.044598238832,-52.0664266809393,-295.4104814662725,750.0164706977023,281.9547564598385,102.60945343845296,899.9904040625222,-229.83209822777877,192.82189124657663,1049.999984454707,-52.00201841148145,-295.4866559134357,-750.0210451424867,272.9819847697461,99.33844041465345,-900.0886713574158,-198.98985142385135,166.9987832001071,-1049.913182470946,-34.46557456524751,-195.4734427007989,-299.98358441355276,281.9779860018721,102.60514524457498,-0.04392313172853478,-229.80116294088768,192.87474484911527,299.98463417589835,-52.11078838773488,-295.4691689605043,750.0891047646976,281.8825540407362,102.54563620058255,900.0118611915068,-229.87876241281265,192.7902629039998,1050.0253866925293,-52.11041879374354,-295.49642894072366
calibration_00021,-1258.8678258828427,32.524260773787624,98.68654182841199,-1280.1194570721739,-465.6224623529696,133.4087471953529,-1406.6190508515376,-326.8589576188611,-248.27640298658167,-5.447697699031592,51.271705425404036,489.7875860469392,318.91598102953776,-442.00495049939354,382.46232485348236,462.5463323275138,-147.06814239789963,-119.94690606857658,957.6523935885962,296.74243110600224,427.30554468441244,1139.885564690905,-210.08731988914872,476.13679309415,1296.5039123047757,23.67556201677287,14.36198734211837,-999.9524061873158,272.9294531788454,99.40894939396658,-1150.000520857443,-198.99831563645452,167.06084554323962,-1300.0482493093991,-34.44862354490494,-195.3579520974389,-299.95955696632785,281.9549700047885,102.51821668822163,0.0435579263545513,-229.74632652537787,192.79890489886446,300.0373016084476,-52.0703946532279,-295.5330811111899,1000.0711714853138,281.939027772845,102.63003694940255,1150.0573413505685,-229.8104396763138,192.77318622093398,1300.1130541771497,-52.074138907801306,-295.43756557743205,-749.9937194411533,272.9691053429664,99.32269134655643,-899.9901332278198,-198.98992162787124,166.97759786983116,-1050.018867654162,-34.48143676661046,-195.42947715566757,-299.96722602872995,281.96902962667406,102.52150583383892,-0.0014290156718939438,-229.80745155513466,192.7927213042939,299.970225255172,-52.12483803928387,-295.47189689039186,1000.0523967861237,281.92492696045815,102.64272640898041,1150.055967988209,-229.82694607728257,192.84222639551606,1300.1126869151963,-52.06353629713382,-295.4010423472957,-750.0569270267592,272.9842307052337,99.25209303349897,-900.0261871226793,-199.0350120413201,166.9361799072317,-1050.0470919232414,-34.47307298461342,-195.444193193356,-300.0808509067648,281.9316498131205,102.56861797026356,0.013658524925980338,-229.7771022422903,192.82220141112307,299.9850844557071,-52.14790402774328,-295.54744738863496,750.0127161472603,281.9571377519666,102.43698329415626,900.0308058583046,-229.79661419389802,192.68373476173105,1049.9728189677198,-52.03836927456943,-295.63337874497955,-750.0217485550103,272.9170307938354,99.37693872081849,-900.0305501454391,-199.1411074957195,167.02974162085417,-1049.9606814764484,-34.47605862760823,-195.3729524431085,-299.9982247905276,281.9003249488859,102.67963018978904,0.029723239402424467,-229.7852789560491,193.01286152476936,299.95127623096573,-52.15006486612025,-295.33482163959195,750.0179639731839,281.91794870900446,102.62622448156195,900.0738098153547,-229.8298034137998,192.80705842699746,1050.0140102425135,-52.08326091687515,-295.5281722324973
calibration_00022,-1178.739320899056,114.99114831930576,345.4893694526099,-1302.5891204232814,-367.4177830196644,387.25685070258083,-1508.2207686296251,-177.18429744048325,67.27455177247144,-623.8465700328071,325.266464631525,166.81267502281722,-374.1149287597288,-220.2183601797455,171.3323770130577,-20.05697990187161,20.842812209058742,-248.88039510913737,1402.3247536688332,330.916642489778,-20.5361366205282,1476.122859356123,-204.44977255278988,0.07508437397097988,1574.865765063648,0.28859600735832497,-490.5733492509756,-999.9019025961377,272.8737635923394,99.36030753824133,-1149.9268919456877,-199.08888609964097,167.04163063424485,-1299.9890167234214,-34.538295761609575,-195.39735113854593,-299.95058046704975,281.86970928076573,102.65334774336787,-0.04891792216154223,-229.83546995034771,192.89665640090647,300.00002943749223,-52.17194882733648,-295.4715202844226,1000.051030886817,281.9486767745498,102.63245335602173,1150.0777241695407,-229.7293015324569,192.86652713302638,1300.062299483674,-51.98546484811771,-295.3872428842233,-750.0105622510241,272.97823690598284,99.36112178715435,-900.0398286305184,-198.9591270912893,167.04145142263962,-1049.981957240966,-34.389960262428886,-195.43934249449345,-299.96830153524957,281.896889928691,102.5710556871239,-0.03940549122928846,-229.83757053635395,192.83307958125798,299.97010295111664,-52.18359935122685,-295.3814389567869,1000.033885459987,281.9348406298071,102.63054425905615,1150.0875092646013,-229.72169004013546,192.87759998496344,1300.0780670682595,-52.0102660123413,-295.3520124903988,-750.000138023233,273.01403445220274,99.34553011339742,-900.0889503850179,-198.9261256244158,166.97065269193297,-1050.0141074207863,-34.43290091128132,-195.4111531903119,-299.8950225525733,281.8991691044109,102.63431081243301,-0.02065509357787329,-229.85598466526915,192.90895561109525,299.9864499036613,-52.18561808068777,-295.44618142715217,750.0326657528528,281.9191678785788,102.61937433059232,899.9364483024085,-229.78699926426674,192.7795522204087,1049.9627101643018,-52.08954227515647,-295.4947562185083,-750.0857444886789,273.0056882007368,99.30880935459645,-900.0418513796677,-198.96717334081364,166.98337743399867,-1050.0055194751544,-34.461592557768874,-195.37058780247418,-299.9692183171748,281.87625294140446,102.69758649635558,-0.031078171296888522,-229.86717040551326,192.86093592197503,299.9346542487662,-52.19505414959521,-295.395504153597,749.9720664782168,281.9503538220562,102.60397076650503,899.9542254236165,-229.73852131720272,192.81021813832427,1049.9708092069475,-51.93697679014241,-295.44759575374127
calibration_00023,-1217.2614337974173,469.2432084047161,-183.6790153010735,-1283.2625232204691,-12.144963001914613,-66.25631096370851,-1493.9980296706324,96.23317135866183,-419.56221287074464,-4.926442720851875,292.0737669466327,-221.5804835730772,233.3225527044869,-240.92059006992216,-83.2686499805948,612.3257818700735,-102.32533121446318,-527.302935377696,882.8875377762134,523.328819921191,532.661594155106,1070.7531009159445,23.528669780414496,446.3247645160505,1092.6533648247732,333.4425492283628,3.5828167702110147,-1000.015453465135,273.03153897180965,99.32438628413105,-1150.009239532009,-198.942277637326,167.0407615892876,-1300.017383731008,-34.39310256841561,-195.35464403707599,-299.9345939088061,281.93276444070597,102.55434048054865,-0.019089407287380192,-229.73830003160245,192.81684953284906,300.03173484512297,-52.14886837804725,-295.46356702903586,999.9595566036737,281.8401937750537,102.59786411079126,1149.9494726616754,-229.92285916053365,192.80995343473387,1299.8288947824324,-52.1338154928653,-295.5421872468964,-750.017939272627,272.9125855575473,99.3339254299615,-900.0047078442635,-199.05530147839852,166.9649509340176,-1050.034970426605,-34.3683700054348,-195.39122136799688,-299.9574763186891,281.8871466403563,102.57284611957981,0.015386382328228195,-229.82180902820397,192.79875463610338,299.9832255915594,-52.090583196024795,-295.4775854838938,999.9835923224022,281.8393813012474,102.63042501439934,1150.0014502309175,-229.98207144882664,192.782003833753,1299.8532526323813,-52.15750112633699,-295.60503737934084,-749.9955125933209,272.94725766209604,99.36767374035324,-900.0018644632971,-199.01113013044997,166.95370647056617,-1050.037068419148,-34.40838800868121,-195.46396707774824,-299.96010979520196,281.94541612742756,102.64119158533707,-0.003661246914518662,-229.81099216528844,192.79910608747,300.00356562181753,-52.13866313309619,-295.4218308875993,749.9828956562251,281.94774546827955,102.51518957689508,899.9119951399471,-229.81216039326918,192.8903296775246,1049.9701056748108,-52.05934640348703,-295.3564017593327,-749.8984153757839,272.9756397301405,99.35657591698937,-899.9597193112845,-199.04222793416403,166.95402088780475,-1050.0146232171692,-34.438713045437126,-195.38763682936232,-299.8963987216533,281.84764780442015,102.62103843346543,0.05935982744841819,-229.81012189090848,192.74616033573483,300.04172823179493,-52.16068637854549,-295.5825361725751,750.0225253746179,281.96380229259717,102.54165614882383,899.9776794698228,-229.82688044149253,192.72947498854333,1049.9753491385932,-52.104225868731724,-295.55646260857935
calibration_00024,-1066.856711641331,206.66155159222072,487.6776478825827,-1301.5821890758866,-234.6313597850757,484.71287458448916,-1340.6030034967187,-30.828542267699962,113.42701523321904,-593.245374694565,321.5164543373531,172.37749207566318,-336.468639073524,-151.97611908386352,436.5892784392675,128.72464017757852,1.9933322635604336,90.30574410095906,662.2760765914886,627.8494093886419,185.9009299688144,815.4106094685919,116.74475463311475,274.5526487686016,966.0042617625193,297.63570885322247,-212.31598412717426,-999.925656540235,272.9483066787014,99.30248174046041,-1150.0151638331713,-199.04262480511474,166.93246079809958,-1299.9163107492152,-34.46240676213306,-195.48027745699352,-299.9626934482641,281.962149692602,102.65633339746174,-0.027231278255394564,-229.75423450009725,192.79718428113404,299.9378774775619,-52.05889834216401,-295.4650961318876,1000.0119240124955,281.97838618458786,102.56370568685296,1150.0854831314002,-229.72180007598152,192.812710694882,1300.0649181180104,-51.99938119620063,-295.42230087744605,-750.0389603413856,272.98189781166906,99.35253289731429,-900.0118054520651,-199.0689683540293,166.94034794864075,-1050.0214423064592,-34.49161914225495,-195.56883313826506,-299.9864094892587,281.9617770457096,102.69273878503726,0.0036019100308764124,-229.7973011069194,192.80923261527042,299.9159827112462,-52.00968134288058,-295.4550210551701,1000.0163516519863,281.98031229253786,102.57042728870468,1150.050311413044,-229.70802689394822,192.82270715099665,1300.066842492288,-52.011015644826614,-295.4817672090078,-750.0355195664326,272.9351611195298,99.29041067153986,-899.9917073144593,-199.07838337759384,166.84595412000186,-1050.018195530396,-34.49368468712916,-195.49145145409116,-299.9782921574435,281.9658736165061,102.606560861055,-0.047491502297301716,-229.8134473570591,192.84204402130717,299.94927704711847,-52.02248045653186,-295.45076241261347,749.9864973179351,281.87726789165333,102.60672800993986,900.0344486590737,-229.89145155665244,192.7539915502262,1049.9320337397219,-52.19364949244905,-295.6278340111359,-750.0582552195007,272.9020063598055,99.38517693814748,-899.999140161446,-199.07711399134817,167.01878280894857,-1049.991053049162,-34.523384048179004,-195.41608921514467,-300.06362096111917,281.94445586895426,102.71852719628879,-0.03928775567494788,-229.7523270007413,192.96994665198739,299.949179281427,-51.997121750460785,-295.35344984845796,750.02193183039,281.8799621059645,102.64887383511659,900.011889118793,-229.78323785184187,192.83662030287897,1049.96751068734,-52.11616677918044,-295.4302487533971
calibration_00025,-1133.3509338863985,34.420093232078045,-78.39034459318154,-1440.7957617636714,-355.5832464425878,-22.04624498229398,-1482.7807293567528,-173.39441182278756,-404.0957077006265,-406.2588614101374,294.17089308633166,311.249312011735,-137.06740145827712,-235.93352354327237,391.74003463586433,196.8157882966912,-51.92069077573113,-71.49890453018729,965.2011639821077,394.52203848760894,202.52787637156516,1094.000926530856,-113.21287073899909,337.2309099566805,1235.2749389410694,9.642513866285341,-170.1933014325655,-999.9308902484775,272.9404591613119,99.40705994963325,-1150.024185936719,-199.07150858828575,167.03156353591035,-1299.9333728677102,-34.433792601032984,-195.39585057745228,-300.02744239589555,281.8417130768039,102.62903791834526,-0.055516734680906905,-229.77092138975502,192.82273350236102,299.8810257661118,-52.07379803000797,-295.4918371844783,999.9699270518416,281.88696911246285,102.58618043495665,1149.9365420272882,-229.85829450383088,192.75561695390684,1299.950514041951,-52.158739185080705,-295.5270793027741,-749.9387881839189,272.9718538105659,99.34614167766284,-900.0381231632468,-199.0226897361296,167.0370534467148,-1050.051796479762,-34.43489826229373,-195.38495188871664,-300.0147022070732,281.91620999066544,102.6447300298308,0.026276117275218232,-229.7473582859022,192.8344789256677,299.9348133817631,-52.106061422483265,-295.51056155416944,999.9719264379276,281.81924643735624,102.57656858665875,1149.9722739062743,-229.83841829165044,192.8249033224631,1299.930770248816,-52.14527010971654,-295.49350434765995,-749.9724618984483,272.9387077917869,99.3295694680585,-899.9947538128342,-199.03970508021865,166.99804503094128,-1050.0784451997117,-34.42823340999597,-195.39488068321245,-300.05308540922476,281.88138384720025,102.66885893965248,0.03457810636019605,-229.84045789751204,192.82389698156453,299.91968080649184,-52.0909462277531,-295.4831554294029,750.0792795662384,281.8675564992378,102.66239499581178,899.9622931791171,-229.79485283768204,192.84199678888845,1050.044415366946,-52.058041084850466,-295.4429365885466,-749.989539414293,273.07444444758823,99.30038519479129,-899.9899220969804,-198.96601446672528,167.03498477309512,-1049.9958057525548,-34.43199048307546,-195.38182493567516,-300.00546527304954,281.96417856845943,102.62335013609867,0.04838820822202261,-229.7807242553711,192.82400143974058,299.97477542062063,-52.067609518729874,-295.48455548704345,750.0838624020325,281.9495055511513,102.58223842572498,900.0061714465585,-229.75380801260158,192.81522216771748,1050.0517989552375,-52.0615107483192,-295.40301732141603
calibration_00026,-745.3226131506401,608.9707345171282,115.30635411766337,-931.321111276544,157.69227502055443,223.08191391890267,-1083.795030617359,309.6100193710557,-143.8119944371761,-540.5910851479983,587.8599306522032,341.2047270437307,-196.68125649322138,112.19420864342283,465.88128621520065,93.93800356836664,287.2587672125361,-28.94623918210664,970.1863348869737,253.5070807603201,103.27230974453624,1042.2703813808535,-255.81532368756098,270.352556075257,1297.2110766375413,-151.54040810596067,-195.10333530439982,-1000.0250254179662,273.0019429607262,99.30385580815458,-1149.9557197773715,-199.0184065732235,167.01743077123024,-1299.9758559851543,-34.47074702298392,-195.42834336123087,-300.0675701842736,281.8918625919062,102.61066026355044,0.02197540831395022,-229.82603849272488,192.84886551754605,299.99292733807226,-52.01862299898333,-295.4150635136785,1000.0088149486552,281.86679205681526,102.64247579378424,1150.0514287621486,-229.7496370818252,192.90121248732083,1299.9169362767786,-52.10762404286353,-295.39521653130214,-749.9760916651577,272.93758214066776,99.40264298647953,-900.0451897384806,-198.9805083309226,167.04102991133692,-1050.0466820806616,-34.39945267374678,-195.3425573165305,-300.0758681763024,281.89037693586187,102.62968366399964,-0.01987692082061871,-229.80671763555873,192.87054009015662,300.0034581077062,-52.10622495329159,-295.44565293091534,999.9768749429898,281.87707013250844,102.6211132679483,1150.023124126277,-229.82206589272525,192.90057053081327,1299.9987793601395,-52.11638594535303,-295.492036595081,-749.9420725920158,272.93568717729994,99.27945554211988,-900.0880296322661,-198.94409406211233,167.02768866411137,-1049.9724434618015,-34.3940859554113,-195.43068054364903,-300.0298782379508,281.88257415220795,102.59045166828336,-0.013832699561580633,-229.8071855593974,192.8205020056694,300.0355601289483,-52.03687207763945,-295.40861215486655,750.0445969636913,281.9102419124478,102.65692013673754,900.000553658479,-229.836523126383,192.90858872125253,1049.9661534493403,-52.11064281542976,-295.3835935540081,-749.9429119533529,272.89997492033035,99.3849589279142,-899.9866541277539,-199.08808088506865,167.02715426269134,-1049.9619151323325,-34.478248403250234,-195.37811982939323,-300.0308520926328,281.887338756416,102.56829756767236,0.026436207066409773,-229.81934962870525,192.805918739399,300.0295647656631,-52.09434397785684,-295.44868062322587,749.9697722925314,281.8975878944758,102.57983173172417,900.0048739398289,-229.78541085842596,192.86978946188657,1049.9969530309127,-52.10385918422518,-295.4074957652712
calibration_00027,-751.1342898864041,588.2837706290024,361.93351246954967,-871.9264593134325,106.93249453523775,421.15155226511223,-994.4625926122707,256.55451268546454,42.38507904095989,-304.2051706728462,402.20434260142247,110.00879413708635,80.4120568529708,-51.81854409617246,33.232543143853505,276.2105051938891,289.6609595554084,-419.5020335544771,1291.4765394904084,510.60709717359657,-19.57192680870128,1412.1599432795326,1.7222338501172574,117.73934942197728,1552.0218991759366,118.57403563153883,-391.55668228150574,-1000.0571537895784,272.8869170276627,99.3369371931559,-1149.9974155466284,-199.0937156841087,166.999449795899,-1299.9128867501004,-34.59533431577203,-195.53608112509175,-300.0457048972054,281.9604927499916,102.61502685938713,-0.04989445574425125,-229.75732985396715,192.83572781501988,299.97420061707226,-52.14949128100356,-295.46901344006653,1000.0606475892666,281.8824683065241,102.62817043776583,1149.9747382552207,-229.87866823473425,192.82836857241037,1300.0001929471566,-52.08978954419112,-295.53798386876247,-749.9398418189592,272.98972515683954,99.3786839413413,-899.9130589957027,-199.00629717689407,167.01684435302082,-1050.0143199022111,-34.425157869330825,-195.4123222168882,-300.03928111728413,281.96542733736754,102.50155661396644,-0.047501022602744455,-229.72582821955703,192.82983295101246,299.9933008803426,-52.06879389206864,-295.414020225645,1000.0862974270793,281.84429501974876,102.61386695107684,1150.0507514921353,-229.93481625182412,192.82002924176444,1299.9667632977387,-52.11765956271899,-295.5069506373595,-749.9889228553883,272.98657622090536,99.41965386316527,-899.9510715489637,-199.03181563459762,167.01109704624227,-1050.032556112687,-34.427008994131086,-195.41718188089612,-300.0816956638896,281.97473753710614,102.58664271905201,-0.06025572968607774,-229.7936291999302,192.88027059646853,299.92869312849507,-52.1074574451617,-295.43697519109895,750.0099883696455,281.9417387767062,102.54945384038213,899.9849513329929,-229.7454064258547,192.82176119236783,1049.964367939782,-52.055900802152735,-295.45250530982554,-749.9394396952661,272.98002380884157,99.31975276599186,-899.940562706908,-199.05840588514343,166.92168026479894,-1049.9907510297915,-34.44677018927613,-195.45976879938982,-300.07815892311754,281.9470834378448,102.62298876133461,-0.05708151440899003,-229.79394139979644,192.83628913490367,300.0120011098107,-52.13540566418188,-295.42556945119856,750.0143855564556,281.89489970534186,102.55685220616468,900.0394118833245,-229.73254177360258,192.81745106157618,1050.0308797436694,-52.060251846463295,-295.3844655102826
calibration_00028,-1152.5248968230856,365.65954504540366,-62.570382761493725,-1298.5194266752644,-104.13852392148141,-151.0272107786714,-1436.4807292320047,164.82093363711448,-450.4152117038318,-67.73904507239303,496.64010479506874,397.25661984474016,234.79753297006795,-13.553779372255034,487.29210529573334,533.6415499740806,165.60276071696723,-1.251587044212576,792.0781399933779,-24.49370113624819,-49.74247107645386,910.0354299919771,-544.7324441171289,39.512711044227096,1095.1642162981614,-368.26064110944424,-437.03694883669414,-1000.0407558155287,272.96851924752707,99.43384108485863,-1150.0318189601526,-198.93480556580977,167.12676583062742,-1300.0199185577421,-34.37755056231478,-195.35542494606128,-299.9467828619633,281.8661581389583,102.53973961328654,-0.016802965482679177,-229.80544956160895,192.8276969405148,300.0469545691381,-52.09118192400699,-295.42843953467354,999.9721081342257,281.99285236408065,102.65590880143726,1150.0073713238,-229.69780698810638,192.90064361981212,1299.980720463189,-51.89539161420288,-295.3456276762935,-749.8903411622607,272.9672988754,99.30238793460205,-899.8983288245295,-199.01248246545953,167.0354438229779,-1050.027386736509,-34.47035062037749,-195.37965676384528,-299.98105729878176,281.87727615482385,102.52874365834774,-0.09899792973833539,-229.82964972391105,192.7684017632815,300.0197095311502,-52.09125539320236,-295.4500874252438,999.9644264061416,282.0315792249449,102.62320771196974,1150.0495208376217,-229.6868822697026,192.88754414139376,1299.9975049779077,-52.017329481297686,-295.42328308714025,-750.0063124700724,272.98661277630765,99.31931234772598,-899.9829598581804,-199.00567670953535,167.03146956397035,-1049.9699915382755,-34.43195490044498,-195.35441268622642,-299.92596439261916,281.91038292709123,102.58676136985996,-0.06408925585370773,-229.91403125447906,192.78907752503665,300.0103947926885,-52.08511204373238,-295.43502058432654,749.9643197623819,281.85322310220096,102.6019808028979,899.9217372264889,-229.79713898979549,192.78169035677885,1049.9387051060955,-52.09036328134959,-295.4532257112503,-750.0004697480133,272.9500550784003,99.29620060450694,-899.9611955718642,-199.04533796008735,167.1207014220651,-1050.0076132802892,-34.524691959396144,-195.35061371149976,-300.01658272038736,281.8681314391206,102.5827823957637,-0.02332890475644559,-229.82710553002644,192.75344929509785,300.0504436192171,-52.10881673255569,-295.4658972746988,749.8816045083373,281.95235271060756,102.61881820033636,899.9321244975852,-229.77004604047923,192.82596165604855,1049.927062714339,-52.008901294814365,-295.47701706663145
calibration_00029,-757.9743487288722,415.8286208305188,112.02528095680881,-964.7875230857233,-2.4893402203797117,291.1231621788179,-1188.8183658196374,160.6857661641765,-31.526534027655188,-408.54354634315047,608.8186480518547,-100.91969019185849,-96.4688776404243,134.46864727612513,92.89252306952389,235.8862192805444,249.2600751038379,-393.24736091518156,1161.581235152335,473.494654036963,79.35223952058459,1359.6825713895064,-28.412216163872657,115.11672696897418,1486.7061091939386,212.5305852616051,-352.12053143472133,-1000.0276483297707,272.8726484260332,99.37511658115866,-1149.898743358255,-199.07541889946197,167.13589199316212,-1299.951589244321,-34.57161706305307,-195.36098896642932,-300.0524055787985,281.9300312996664,102.62130277568822,-0.09603724562997885,-229.8646206941033,192.84703822692083,299.99976187568154,-52.18712203809215,-295.49783813003984,999.9995692127532,281.96646166275724,102.63879805843486,1150.0177354787288,-229.78388108147266,192.89003917297796,1299.9683350259313,-52.020485701614305,-295.43940553428513,-749.9423148435948,272.97604612458133,99.3508628476697,-900.0085338513287,-198.98078667710982,166.95626690149805,-1050.0232100095775,-34.443738890458704,-195.4322814760503,-300.0107042190527,281.8616040377666,102.54077079495771,0.010039390765258581,-229.85360169281012,192.8690065687181,299.9745041979759,-52.198811788452545,-295.48514340694766,999.9590750450608,281.9307494816102,102.64417966291322,1150.0201851559877,-229.74601461771317,192.84392735203463,1300.0037372848062,-52.09089456715631,-295.3945920144873,-749.9611400936516,272.98855416016715,99.29073157404632,-899.9592491531241,-198.93664509958703,166.98075315428878,-1050.044866539896,-34.38348954463193,-195.40306305343177,-300.00315082188166,281.91022883986847,102.57289375040122,-0.008860274260260433,-229.8499762292165,192.7920129159623,299.9232381311548,-52.21547960341118,-295.491923372428,750.0315973027776,281.89781149364984,102.5872020042905,899.9974118616834,-229.78431569596574,192.84557686322086,1050.0321091470735,-52.118122994752454,-295.4577323058653,-749.9375961441667,272.90385508488686,99.29350717407114,-899.9184734190891,-199.06348346778591,166.98188575040496,-1050.0137213993755,-34.38946712539678,-195.4068893606301,-299.9968434801686,281.8591744760392,102.65928296148962,-0.00414213232512234,-229.89953079718475,192.84783999232528,299.97635274515613,-52.181799614827355,-295.4658665355583,750.0492109854926,281.913472464426,102.68047713885731,900.0789087397177,-229.78285210640922,192.8516944802444,1050.0375486490157,-51.99075450633106,-295.43824345504936
calibration_00030,-795.248355939441,468.98419276055813,390.0822143594909,-911.1589838697055,-12.839857794295,455.21938510008476,-1062.4397641499595,139.2101669539793,87.86844856841893,-515.0269125266249,153.33947738642473,-201.03011442113453,-241.23389213858525,-363.5701030583683,-67.47393735290969,53.97387762564376,-252.00157715416265,-577.8240959096562,1056.281394946963,292.4814132669522,363.53973840534536,1194.227755356737,-210.10062231335485,507.7723981239398,1400.2105117473488,-67.33042840611704,28.451392292455214,-1000.0012369326133,273.02973151035343,99.25316096943058,-1150.0521786165116,-198.95654423269443,166.90898698281686,-1300.0106850931015,-34.377569973741416,-195.4767521469095,-300.1030084396612,281.9008633820998,102.62386676294652,-0.04811516776881696,-229.82586389103915,192.82571544653752,299.9627742836007,-52.16174577646373,-295.5191990557249,999.9119746076848,281.9108908768575,102.53451245820801,1149.9686198903346,-229.82796612293507,192.79653021115362,1300.0010374508406,-52.006279696062435,-295.4743761154736,-749.9833788751507,272.984983840989,99.43313087645652,-899.9393520273246,-198.99442056598147,167.04150583639148,-1050.0391894518998,-34.49143552517842,-195.36301417058522,-300.0907382333958,281.8117005161008,102.54551174643511,-0.03073678201107353,-229.82754737121374,192.86980682251004,299.98897178430553,-52.06734623104333,-295.49628173576656,999.9204555366524,281.9066688420554,102.61473862543413,1149.9578812329978,-229.76369848986903,192.8488785884977,1300.0264741297244,-52.02437800170651,-295.4908109400685,-749.985285856499,272.94624245283654,99.44733259466027,-899.9426763590152,-198.99504635832562,167.06534332549634,-1049.9792901276128,-34.42054230387035,-195.3787350074148,-300.0402080467504,281.8733032433396,102.5587059327116,-0.028591237359390165,-229.81417165920715,192.9292008368888,299.9229658843523,-52.063878932925746,-295.4659603418543,750.0082625482241,281.89411463855856,102.59243881258314,899.9820497210977,-229.9221605000157,192.86278974000842,1050.0174991270708,-52.15779725064727,-295.4431040808179,-750.0020939126345,272.949489724532,99.4094246182932,-899.9486386744971,-199.09322150676454,166.97893793416404,-1049.9280821114621,-34.488887356702776,-195.4521685190617,-300.0302859454039,281.8375378216513,102.51455029958498,0.026676081178906345,-229.8712819394953,192.80121485797554,300.0132453644792,-52.02831341131315,-295.4910786394904,749.983624166579,281.9386366367883,102.6621669393998,900.0083073458616,-229.7942350653622,192.8018385574655,1050.031808028506,-52.098160174126434,-295.41074465649274
calibration_00031,-668.8782257425527,464.94808119655664,126.181329848464,-776.4191084789371,12.669598093650196,309.7271280635622,-1043.4635363149582,126.19852890530974,-1.1984888801609455,-256.6440094304105,318.1205768570196,221.08792888538898,75.1172074533166,-177.81446347914007,284.3188240116701,377.90406801331096,56.62995696720142,-177.6396401835192,825.9021104647974,498.39333429750246,-24.07496734887786,970.8586995656987,-15.153658267488058,64.24051367372388,1121.8975586603653,162.6576078332177,-423.64506961916817,-1000.0877721796747,273.0390088403646,99.41858129114948,-1150.1225655307467,-198.92489045376627,167.05576529309187,-1300.132079782726,-34.35413990630013,-195.3848916690558,-300.00852748910586,281.919299198974,102.63903644485033,0.05620453195101113,-229.81808816421176,192.8845485210856,299.9760465404924,-52.12609578355244,-295.4612066365173,999.9608508756017,281.9313727548502,102.60945811493659,1150.0416895268093,-229.74929159733176,192.83678782931048,1300.1003843606202,-52.02826734500804,-295.4312020224068,-749.8648846517964,272.9187312318937,99.40221603820693,-899.9408720350535,-198.9906664749314,167.0252737052725,-1049.9623474580026,-34.49914738371414,-195.34452831473862,-300.02104300763403,281.8506136444685,102.57776652889063,0.023378926973908015,-229.79812476006575,192.86177583226896,299.9446549179762,-52.116637696489455,-295.4974898296258,999.9717609817109,281.9046989342965,102.55255688853786,1150.0723989852625,-229.78342011942988,192.84208557630436,1300.0431350278975,-52.00624285204773,-295.4551561535242,-749.9093606765431,272.96456030624506,99.40203278755628,-899.8933053705878,-199.02706791090128,167.01696755836693,-1049.9581012899089,-34.529134047742644,-195.37954229216632,-299.9965701545689,281.8578640030264,102.63458773523924,0.053737617228295835,-229.83204400207725,192.7920975607661,299.96230868672404,-52.15168883289268,-295.43156834860866,750.0448433060873,281.966942911457,102.58929238164558,899.9638918595556,-229.76570563517637,192.83783131226247,1049.9765918708808,-52.092756373469584,-295.4315927885535,-749.8898902102756,272.9668573673021,99.4188554006426,-899.9491382144998,-199.03595915889497,166.95595435573568,-1049.9407261886395,-34.35679589650108,-195.4228713065892,-300.03716086788506,281.8895297270364,102.59144712732356,-0.005639362222577207,-229.84612766016136,192.89863943457624,299.9345949691488,-52.1703571308318,-295.49023135757744,749.9945820375472,281.9230946219185,102.6990731758251,899.9688595381002,-229.8418861724475,192.849459720645,1049.9947428504233,-52.129312578142965,-295.3286742421829
calibration_00032,-760.3508722147915,104.11656393379862,-41.86196859777999,-861.5962286923651,-368.26699454930394,86.17416665484177,-1131.6971264608542,-221.35567396660724,-207.62987851443376,-449.0948289326862,606.412964000833,10.093126951304756,-147.11130388498177,92.88705218275418,81.1524248799687,168.86591606286365,301.8905776974382,-384.0922094025685,1328.771113659117,333.2017444812634,-157.25074132497636,1475.318538401131,-185.96845909239207,-195.7747554867517,1524.4907853154643,79.36468500364035,-664.5003480612834,-1000.023077074933,272.87456802703963,99.27619029731665,-1149.99852993443,-199.07598708387567,166.88496919200335,-1299.9747822659947,-34.467036465343284,-195.54585064047592,-299.9508029381503,281.98463627978856,102.65094982106119,0.006616236362214929,-229.83983906912266,192.7544547421463,300.0169486005341,-52.031396058297496,-295.46914674780555,999.9591165253535,281.8826459127072,102.62693905107119,1149.9926865934524,-229.80586186024743,192.87382571613662,1299.9819574440621,-52.066358495540065,-295.4461400566853,-750.0124442742225,272.9720059825954,99.30147965424919,-899.9938243228447,-198.98526660623673,166.95701071173258,-1050.0086942089424,-34.44734161862856,-195.3354085143501,-299.9553511198121,281.92774867960867,102.71805098148342,0.014983983617123928,-229.7971464519165,192.82023897797353,299.949074081323,-52.048043184997574,-295.44202420281476,999.8960262574091,281.8935757275166,102.58329567075891,1149.9123339528312,-229.88249908932562,192.86134409488426,1299.9302568606913,-52.07429136996447,-295.4899779640701,-750.0226218566858,272.97789415450944,99.38351203738405,-899.9677149696345,-198.94831469943657,166.94399434019462,-1050.0382752166418,-34.42331252755116,-195.4075755451858,-299.9925676909244,281.9215685956837,102.6555717969872,0.01095097775484765,-229.8563875420837,192.78810404546343,299.97592723544096,-52.0745681343455,-295.41807731838685,750.0856173388019,281.9439301033435,102.61189390975672,900.1277224104289,-229.74817802209597,192.78460658332656,1050.0738017079875,-52.01582958430576,-295.4959268917508,-750.0035533243029,272.94744849765084,99.25984120684318,-899.9796129267972,-199.01656883012978,167.01507840253043,-1050.0781850546146,-34.5657467146582,-195.40487966258192,-299.9617342368362,281.8675575142917,102.58783629577259,-0.09167473458496142,-229.89963372291922,192.83553236841396,299.98773212717504,-52.14829362008266,-295.5261184145477,749.9823296927196,281.8897357794679,102.60088824118895,900.1152481673114,-229.8060406494539,192.83175430164582,1050.089822517738,-52.111459884600386,-295.4226644061383
calibration_00033,-727.7713705917837,183.51304161825345,67.19075852861795,-969.0994131579129,-254.08778675787374,55.30219374610528,-1038.4062942182088,-24.18468005248825,-295.8222422690756,83.26567480113455,211.00500591592834,128.87620962655046,322.1086273172584,-326.9026519344444,245.58752958950345,624.44463076861,-218.97002908389723,-261.29417528998346,925.5540069791067,12.319117989921478,262.90683573401066,985.6796565229641,-509.39357228970135,392.53120172332575,1240.8027223158576,-378.23665531389156,-65.96450238965608,-999.9767690413184,273.0236194895108,99.40992872526931,-1149.977536003531,-198.99270553108607,167.07667521733347,-1299.9465086507366,-34.38349199300202,-195.38391104782227,-299.99099168983395,281.94778247441025,102.61422772019583,-0.017138182456929225,-229.80625267838255,192.8659337716243,299.9926904549955,-52.05901271652657,-295.4068457063318,1000.0196382774539,282.0163854171313,102.68773264679388,1149.9272469310065,-229.7079089576798,192.9181182389562,1299.931522096454,-52.00055856424032,-295.3964940922397,-749.9544949682909,272.93536920400084,99.29241301641923,-899.9800058744754,-198.9247140981395,166.9684191017585,-1049.9886325766902,-34.53525036121422,-195.4326010330653,-299.9751373764171,281.92997932269867,102.72475258456156,-0.055221296781121795,-229.8707115034727,192.78815211937192,299.93629386162036,-52.066816923667616,-295.4520943886613,999.9583409740255,282.0151475935709,102.70803932447247,1150.024845823263,-229.72871041974201,192.8992356418395,1299.95994092309,-52.026594067797724,-295.3669950536363,-749.9598143644005,272.9603829732081,99.30358701188464,-900.0283298643127,-198.9586531627831,166.99596678923098,-1050.0654547421634,-34.49133597670098,-195.46698876285402,-300.02230354315316,281.97065394227894,102.70810334515039,-0.0696371795277834,-229.8972139890454,192.86043173682185,299.9934029388295,-52.07973107118234,-295.4305208661601,749.959849852821,281.8890007170364,102.56472905868563,899.9952345008136,-229.83080912875005,192.82789458110338,1049.9797861840698,-52.132229362806726,-295.401911914203,-749.9001221090372,272.9317625035723,99.26651675345502,-899.9354220384004,-199.02155304465563,166.98685335282525,-1050.0079503148431,-34.507460248215374,-195.46030334783535,-300.007111659732,281.8869097841514,102.62927399667434,-0.05023774574297318,-229.82700473412837,192.81121798971066,300.0216022439566,-52.07347440916543,-295.4564190265798,750.0486489785644,281.9570365003751,102.60431714235916,899.9721439346694,-229.78681617752764,192.85551859105723,1050.0398261778885,-52.08334790705238,-295.4681072827055
calibration_00034,-742.5454617423461,263.43060394832486,-239.28284914190994,-905.436471192866,-204.10884060362812,-170.47967805221475,-1037.5091537971387,-42.15108995995897,-540.9785671190618,-394.47383928639454,43.78841642163648,302.6343036964983,-202.75705824191252,-522.0178730744121,358.13573835888695,108.47202594300086,-385.64358521941296,-136.3590780229309,974.3229736377373,653.9203537919532,-107.32285448095843,944.9628987828992,120.03575784166414,-26.251147264323297,1168.508335865231,246.0993428132173,-502.3365787794889,-1000.0113381991146,272.9245614012579,99.39902770858617,-1150.090771042963,-199.03403458551668,167.03508898742683,-1300.0738532666044,-34.412752566282755,-195.37476448559568,-299.9955014920455,281.9734720244515,102.61765823479513,-0.03300550723990429,-229.77902772849538,192.80530013687613,299.96998154072634,-52.033523124179915,-295.46272598698454,999.93196855963,281.8534627215546,102.5517695932592,1150.0104030786463,-229.93161856607625,192.80483018324,1300.083853403181,-52.096644910627454,-295.44711499250366,-750.0356564320228,273.0298528323516,99.36249218517551,-899.951089016322,-198.95787754675314,167.06897863449672,-1049.9753237387704,-34.489774378149846,-195.3210954079424,-300.02629564173463,281.9842137313355,102.64819543192473,-0.022531990703398137,-229.78647834686387,192.77970696604092,300.00693129695645,-52.02727655746045,-295.5499286947733,999.9463948059592,281.7878041593592,102.62763740123279,1150.0160912438241,-229.84209100736808,192.78114000176316,1300.0718349803153,-52.120295787333596,-295.45428115803344,-749.9967801550632,273.0355221932014,99.31997892514023,-899.9629431205991,-198.97467696399573,167.07375043918077,-1049.9410761508507,-34.468136686270725,-195.341308142702,-300.016347227339,281.9302607574097,102.5931707091695,-0.07417134813155359,-229.82253574382696,192.79375310858083,299.9729619519194,-51.98825422191889,-295.4867104059672,749.9840163541318,281.8973354047923,102.720523341438,899.9707996435778,-229.8249677474605,192.96148881638942,1050.0095406611947,-52.07073337792325,-295.3211053431106,-749.9127363316741,272.9697795943433,99.32305297234893,-899.9323299340926,-198.96948161543128,167.0871913029954,-1049.9208231450377,-34.512683993007634,-195.39311923703536,-299.96586915510323,281.90423703277526,102.60013383281618,0.043593035063565835,-229.85255185306656,192.75431931489794,300.03339429709564,-52.02602523953253,-295.5344511191174,749.9938118718343,281.85931817379776,102.59964836620418,899.9800877059009,-229.79765106328915,192.88488109765544,1050.0041903092422,-52.072737256094,-295.40816934734744
calibration_00035,-1198.046224423872,282.11176288463435,-141.1365798482257,-1373.6835704313814,-185.80753117797602,-132.107594059131,-1366.2154964035024,-25.926493546241336,-526.1824851987546,-325.2040878590392,479.12425819452886,116.66802934085759,-26.538613927492406,-36.0694320838787,189.86617800643813,281.10270122132937,162.0152331636006,-285.5901031954065,1252.838628851661,249.9083999251949,-203.32053393468163,1482.0753031786949,-232.90317458785594,-120.52973103843547,1532.5149435524165,-63.70931708937501,-631.6406243788491,-999.9718313102989,272.9404619254922,99.36066671017451,-1149.90435689051,-199.05802077376887,166.95098339893568,-1299.9001538902965,-34.508623968583365,-195.49175989784055,-300.03551143280896,281.9411516867288,102.63370695331318,0.014676746493009606,-229.77096534510417,192.8331573075862,299.9681541265248,-52.04915713116295,-295.41217760389014,1000.1069107487423,281.82049500329464,102.62426040444342,1149.945187779216,-229.89982305966865,192.84510249297983,1300.0068248568314,-52.221833515207045,-295.41264494191734,-750.0126960618816,272.88417571222385,99.3207217027784,-899.9993617395302,-199.13456035208458,166.94278779525175,-1049.9859713717378,-34.54053598645671,-195.48596711089877,-300.04622027832875,281.89285528135787,102.62108549774388,-0.04868815385555714,-229.759136980641,192.84657907024223,300.0449971928728,-52.068602571574175,-295.4260250080714,1000.0713796499897,281.82336813926537,102.6212712802191,1150.0460799494276,-229.8484499297057,192.88981463728425,1300.0859390583635,-52.20199625000391,-295.38711287096555,-750.0160151502921,272.8785226090257,99.35654076856981,-900.0204121110072,-199.09784733657924,166.92438628925564,-1050.001720745593,-34.505849527543596,-195.39532373616063,-300.0523358128476,281.91347675414903,102.63412195795249,0.033400401295232196,-229.7591038088405,192.82863214322435,299.9464505169442,-51.96462517070763,-295.43097826734623,750.0259943549314,281.88186297826303,102.65339675466706,899.9822036879983,-229.79977058270003,192.81364671396244,1049.9537660872634,-52.04611193700083,-295.53056404482686,-749.9931138399522,272.9586270641785,99.24112288160507,-900.0252110084532,-199.00537435170438,166.96034713403986,-1050.0519942635299,-34.48163255211299,-195.52504551335244,-300.00277722898403,282.0080521702699,102.51754564624204,0.0038748703929095407,-229.744848817027,192.88319400745567,299.996282170508,-52.10184039272665,-295.44029645249594,749.9912081287875,281.89483560250477,102.62186536564417,900.0129187904367,-229.79304423631018,192.87143574737115,1050.057401472489,-52.128060056136434,-295.412125695781
calibration_00036,-727.330025504392,266.4365025688898,24.04556942409233,-846.3649598962082,-215.92154109412002,79.40855015147915,-1025.278066004471,-46.27558578994764,-267.22743827022515,-61.38560294365548,184.7939930901056,231.2643312087307,221.55333865406303,-316.3483616150791,400.7687545854597,569.3175946668036,-190.0304396187148,-71.43242894892612,732.8935173783417,496.9275692687927,148.13353690136378,978.6505166259022,41.65443019381188,305.4213956800894,1055.6516690485914,148.98143943259984,-218.98406140128176,-999.9209327952544,272.9382973262892,99.43328390667054,-1149.9461633906096,-199.06929973319643,167.15754279111374,-1299.941645955313,-34.50040066574883,-195.30689936545468,-300.06282740876736,281.9064615592935,102.5880655017572,0.014727499078490889,-229.8707823066967,192.8684186766706,299.9643020905658,-52.0289074493622,-295.3886187648621,1000.035156386582,281.956644281821,102.55834062979886,1150.0336419379394,-229.79617378280372,192.7618566183424,1300.0140994121698,-52.03673739119073,-295.5404450473057,-750.0818220177025,272.9459249226885,99.40341583405532,-900.0376732816144,-198.98413294760454,167.03694799447885,-1050.0430753457636,-34.504156750311125,-195.3449288962494,-300.02639904819966,281.83345802790285,102.61836188225219,0.03428075420257723,-229.84854094071886,192.86561706213053,299.9629219336749,-52.08866205658217,-295.3713716806473,1000.0551024130258,281.9136681080072,102.4965412248479,1150.0558985987263,-229.79625904159272,192.71378228449404,1300.000947627928,-52.04937763069572,-295.558338308366,-750.0306223598254,273.0167538163906,99.34884982506756,-899.9425499165934,-198.99704332993508,167.06290890489416,-1050.0673371620624,-34.48991796738777,-195.35183737071873,-300.0427520823047,281.83900876374935,102.56132541868055,-0.015119958970474886,-229.8923328361278,192.86076185715743,299.9996747876038,-52.10016106182939,-295.38596611765996,750.042366988992,281.9820090792469,102.66063746698727,900.0121347655316,-229.82288281647905,192.91021605075403,1050.009675532998,-52.059275791892205,-295.3892072272093,-750.0757655100917,272.93995406907277,99.35324876775836,-900.0102077870303,-199.06280705757342,166.97403208117953,-1050.03860521311,-34.45724814859253,-195.36535761547708,-300.06423896195724,281.82222799833767,102.56908581217746,-0.02251165799728016,-229.8920201214717,192.7569930490299,300.0235915469864,-52.12299285725208,-295.4350636431759,749.9940067716169,281.88445587915567,102.64839341663699,899.9643994597874,-229.84914107496945,192.87601830897947,1050.0624294436084,-52.0023132898554,-295.44148925544835
calibration_00037,-752.7993143841898,210.39303213894723,-120.63275750577594,-891.3154328130156,-262.78918985390834,-38.777950025686614,-1040.8811237020127,-114.57300368909296,-408.37053458036996,19.817409036067836,344.9142059408325,-128.7228115663963,249.67887492618433,-186.03891068674122,30.04168207706279,568.761688030268,-113.58040089468393,-472.97002428607414,1154.5993206086648,262.46861184825747,392.42373368970607,1277.993600214611,-229.75749005407013,579.4341223916116,1445.2707307537428,-152.47952848561425,71.029869146212,-999.9379897271767,272.86579879070524,99.41527220878892,-1149.993624013103,-199.05945484838932,166.96595080597237,-1299.9887029029173,-34.46434276749266,-195.4314469449244,-299.99764450982224,281.9630137016408,102.64776941831609,-0.08287016431433147,-229.87702090566876,192.8390172621641,299.9596724204586,-52.1817287357026,-295.4023318731962,999.9475635623181,281.8827952511961,102.49511731571502,1150.0338734229279,-229.87953802798492,192.7937748867458,1300.013383187704,-52.091293694526534,-295.5280876541804,-750.0216913197734,272.9512549691938,99.33662941051111,-900.0076712521617,-199.04446108634207,167.04048427217398,-1049.9926430456246,-34.48832382188361,-195.34730783757954,-299.94881137142886,281.9457278571428,102.67783250381461,-0.10100440530483812,-229.8413315285681,192.8429927462992,299.89265746452463,-52.1346557475239,-295.42589617635946,999.9674999797609,281.85230849942275,102.51929994961712,1150.0475457450505,-229.85318303896995,192.74667122463543,1300.0231419808554,-52.096652138811855,-295.468340169582,-750.0243002709049,272.92333238136246,99.36926651838498,-899.9016658279438,-199.0551702316995,167.0821294699651,-1050.0130408551565,-34.513707937914056,-195.35354529930527,-299.99107207044295,281.97868308506673,102.69476424333664,-0.06369229817019328,-229.80435553267336,192.79619892258282,299.9039102994418,-52.102866433388215,-295.5006232187875,749.9806003396567,281.84103242039276,102.61143282745667,899.968610047332,-229.8928484849543,192.858814023838,1049.937925099452,-52.13309254015374,-295.45857918359064,-749.9503297055016,272.9629805238098,99.26079004920955,-899.9306837685491,-199.02669127276957,167.00514622023206,-1049.9322306114948,-34.52957005746596,-195.36193080209907,-299.95120767271925,281.96555878665663,102.56975300530682,-0.02011586943786372,-229.82211808866717,192.7848823114268,300.00731929367964,-52.10836769827687,-295.54041086350344,750.0307042684155,281.8495252720837,102.59282440113839,899.9849521386826,-229.8737488530911,192.7868266301459,1049.9415124768325,-52.11159326390453,-295.53438381628706
calibration_00038,-1091.9392105785491,496.53549212859275,-243.04805475104862,-1152.4810710979955,29.751944836853337,-74.77660931119975,-1399.3874868514622,111.20073882132928,-411.40193270088884,-529.1271619624935,94.0193737316723,96.02336401058359,-144.98947473541594,-366.1539544529479,70.93838097256938,-10.203390586072462,-126.68047259023085,-462.4765988484826,829.4315859520715,566.1571164600791,308.3689235064768,959.1300331317015,60.07956464274274,447.88256321146946,1185.7872474019268,211.5649124646746,-19.190075863428227,-999.9678529846917,272.95307946254786,99.37711294153425,-1149.9674696852728,-199.06723923461342,166.99673369905176,-1299.8935565554495,-34.42660026796899,-195.4147640878155,-299.9745727955696,281.91188372213514,102.58276838383414,-0.012609197748794569,-229.8486242750722,192.9275643233836,300.0336259815294,-52.23491881686279,-295.44010292452197,1000.0620888157948,281.88662361247816,102.59969418733847,1149.9643582528138,-229.7562593261248,192.90509901775476,1300.0069986625072,-52.1236765791171,-295.4344778736953,-750.0322097741152,272.955383516627,99.2626742786991,-899.984961030772,-198.98010397313962,166.99981917702826,-1050.0974394678756,-34.47011993308157,-195.4406689428896,-299.9441508745813,281.8899042695566,102.55606236401658,-0.006370708052996636,-229.84493699567918,192.88229243076066,299.99488285564905,-52.26150973110622,-295.35211862924814,1000.0445568517796,281.9359138307314,102.64464347513548,1149.956348399264,-229.83236632766474,192.81920770439856,1300.0490733033052,-52.15252051742038,-295.43267076989724,-750.0373980849931,272.9450023862596,99.27441243381115,-900.0323179293125,-199.03057620295425,167.0133713240306,-1050.0560216190447,-34.48798644415836,-195.49781891499805,-299.9516454473499,281.88949466787165,102.57353784397166,-0.017293377650379367,-229.82894472067758,192.9424273026896,300.00361304515167,-52.249168253301704,-295.3894644493548,749.9682823054158,281.92485113947413,102.52091597378826,900.1564262417929,-229.73154931748522,192.82765892961405,1050.0249796618732,-52.02672074532464,-295.46248512029433,-749.9909674155822,272.9732614233941,99.30046372387086,-900.0577665755889,-198.98964028331912,166.95460494533313,-1050.0802594145532,-34.35358279189045,-195.52760856334362,-299.9666708813121,281.8960615874185,102.59505506684854,-0.06187610541216332,-229.82689861826483,192.8912349767832,299.97672856633,-52.1660971860183,-295.42172044367965,750.0022007375187,281.9445352383505,102.60715053063392,899.9880485951118,-229.79204098241004,192.74712137405027,1049.9625228580558,-52.01628891554797,-295.5108654600715
calibration_00039,-927.7865748936654,308.4108287811358,-301.02858053581303,-1015.7469764148594,-158.77539960952004,-146.69942557452322,-1199.2821216079483,-77.52388697373834,-521.7348087201785,-534.1935586640042,51.90091968217775,-179.2535764463633,-287.61959561173563,-491.0603056765941,-112.57425802367563,14.33225143784161,-331.6390058754105,-605.952443557539,1151.7650040637816,57.859909016289336,-105.59971457746371,1306.6515114695478,-440.9871831718924,34.290858625799586,1514.6031409252316,-283.81027955689615,-439.6019861634481,-999.9782248060437,273.07796512178663,99.28505117894844,-1150.0472284314358,-198.93604348861646,167.00902177329584,-1300.1050165986317,-34.3584666851102,-195.4681536488117,-300.0492298439888,281.93943346023576,102.72121549154798,-0.030307848652033405,-229.812185126973,192.8883507099778,299.9670754741475,-52.06676964842374,-295.4082280939089,999.9269617733883,281.91207156567543,102.61061008052768,1150.0403850175508,-229.767257989117,192.91667594948848,1300.0241350456301,-52.10152294907227,-295.4017392592621,-750.0054537065988,272.93620929303796,99.26383904752831,-899.9841866587474,-199.04807885139755,166.95703405155388,-1049.9359144037462,-34.51045903720767,-195.49985572028348,-300.02029322713673,281.9321607856497,102.667580849893,0.007478008714029601,-229.81254169613794,192.82642095416563,299.97632421368473,-52.08052713808327,-295.34433597192805,999.8925953653475,281.94177418603624,102.5964758541157,1149.969353506168,-229.7730944989394,192.92158525365062,1300.053933535057,-52.11421811346049,-295.40627089687683,-750.0313523947348,272.90895202360804,99.2975752109737,-899.9428101118912,-199.05462131147888,166.97513367621187,-1049.9765409591353,-34.5312264830616,-195.50468421743372,-300.01664961591246,281.89970829189315,102.75651553207796,-0.017571939812120713,-229.82727242676526,192.91009311159925,299.9140804785283,-52.11496367034364,-295.39902583361686,749.96142328119,281.83078011837546,102.67481183607096,900.0336450699524,-229.87033357723575,192.88808492191902,1049.9897303889647,-52.08712712198334,-295.48403618485156,-749.9381310314358,272.96267467606134,99.28647076294936,-900.029367117701,-199.00256539048337,166.92814795507192,-1049.9637671579046,-34.548287414372965,-195.5177457086056,-299.96064435734985,281.92902439978786,102.64959956900593,0.0653560003646906,-229.71650813612393,192.92849403875914,299.9453114096919,-52.087204883951465,-295.44524616167524,750.0001755444898,281.8610954569682,102.5331882544123,900.0536563953195,-229.82967340715504,192.86864568827542,1049.9374413683756,-52.14473372601228,-295.4672962130176
calibration_00040,-1289.0088289102632,50.38118702425636,380.1458426916049,-1467.691107145164,-415.9779632016783,402.4638445993964,-1660.5567032577892,-185.55470130305426,101.4277542763193,-96.09039156062259,-61.58824632793018,-215.79849892782428,205.71877180245775,-572.4863129578562,-127.29202670484106,504.6735756539278,-392.4289433299926,-615.3854797360551,1227.395760494068,142.74604491882323,143.6531647754287,1373.883270571925,-372.63005726639506,217.13282522665517,1466.306735504853,-199.92855734124257,-286.9173125196009,-999.9885572790417,272.9346698693135,99.41066620026272,-1150.065272301833,-199.10438142899798,167.04554459072793,-1300.0272592844435,-34.51492198540261,-195.42926563596015,-299.98497331658166,281.98159375023357,102.60937856902333,-0.01775842128427295,-229.77254158989413,192.82116018426473,300.0552600452197,-52.107363191773594,-295.48509325301967,1000.036607897108,281.86911132434557,102.62719354946198,1149.9875091325612,-229.80697185429483,192.87220390245204,1300.0588221755684,-52.04699192303726,-295.4076984689545,-749.9507592141556,272.9694260789029,99.35425156438033,-899.9819444383111,-198.97564038225002,167.0722667807247,-1050.047563576892,-34.390016281430775,-195.32560138390141,-299.94910868592865,282.0281984047277,102.6152855155422,-0.002038863551647823,-229.78101459313024,192.8499821182751,299.9888240443175,-52.037003332965796,-295.4567798982802,999.9694335653189,281.9218108671995,102.63169146033819,1150.049219469854,-229.74754037044625,192.84132961277788,1300.0083571562527,-52.01023836985704,-295.44182541642647,-750.0124888425079,272.92877848899326,99.34371643822432,-899.9210069858414,-199.0329968640675,167.11216667718548,-1050.058283813062,-34.440923839208146,-195.35484216368366,-299.948284388458,281.9277639185562,102.57787849477221,0.03034663296537907,-229.81301236022563,192.87112456943484,300.02852316842643,-52.05166554115211,-295.43462493172996,750.0303125279191,281.87904207371747,102.65236990869624,899.9636137978581,-229.83983872079705,192.80744791623042,1050.000583885827,-52.039948937762084,-295.44642187253413,-750.0354234426502,272.9764754060952,99.30991269894203,-900.0199282612791,-199.06176568446216,167.0406917799022,-1050.0342207179858,-34.489781296680285,-195.42611597314306,-300.0096344486653,281.9364864966218,102.57376355328276,-0.014482679916609082,-229.7658626159848,192.84941238175898,299.9359950379069,-52.16233929650358,-295.4439281206307,749.9471656598456,281.8339706841341,102.6017077816587,899.8996606554124,-229.8313737487001,192.84860938185545,1050.0003446616386,-52.14380979175436,-295.42334255828735
calibration_00041,-1224.3801507218225,-66.2382277828735,9.293138936337844,-1422.1624897816243,-516.9134076965726,96.61042266065026,-1526.0926032607865,-369.09985494079706,-288.44983967307957,-603.245815271308,368.4180750299581,392.25033499911024,-208.86755025154827,-75.91109699414548,476.701653041156,114.90953262517102,237.41622307168004,80.50561950027922,975.0663441756566,348.36387833774603,348.1377735037743,1114.7131689046023,-168.0017082149609,428.21655712592093,1270.1949294536764,16.909175395984995,-55.6326453262269,-1000.0770675613317,272.98604291163537,99.30457454983578,-1149.9684110572164,-199.0490994674195,166.91823737805296,-1299.9716076575046,-34.440539972597975,-195.54774736696422,-300.0020637972094,281.86554980495737,102.60571942530181,-0.038636878423858004,-229.79786252292115,192.80686736986826,300.0575972495929,-52.0114155282617,-295.37792416405097,1000.0292130421253,282.0317663824723,102.59198105123473,1149.9828698540566,-229.69217447709343,192.75694430776443,1299.9989921365996,-51.87489682849935,-295.4402182064856,-749.9545842387108,272.9084394308545,99.33171137487152,-900.0055631971808,-199.0047079929844,167.01484696990224,-1050.050630380293,-34.4751472318369,-195.4360456316118,-299.9930721273799,281.9034738609304,102.62679153230194,-0.015376145695047503,-229.79525904568948,192.8242729665801,300.0705379175757,-52.039084950884586,-295.4124960649974,999.9963931697995,282.02635823420354,102.628294163725,1150.0432646365791,-229.7163348977399,192.78156797360228,1299.970160305824,-51.93092526986134,-295.43398541673764,-750.0208878196908,272.95680361777454,99.34429344044847,-899.994388554393,-198.99915187589457,166.9796113759787,-1050.0009007354088,-34.46458451080241,-195.41078674136295,-300.0733193115406,281.9151935623432,102.56760128672788,-0.0176460577706686,-229.81905062892952,192.79002792126602,300.0530922295455,-52.03343525492839,-295.3999502524867,750.0145652044096,281.8753084455118,102.52606344302308,900.0281788373649,-229.82905979809428,192.73593384230952,1050.044915307861,-52.09955987659092,-295.4884582311369,-749.9843127118621,273.03214725892656,99.34232464420252,-900.0282936934834,-198.9847908118289,167.02294115726187,-1050.0567574298923,-34.43319452072786,-195.36146626577147,-300.01064303729703,281.9112840900168,102.68116281466774,-0.12002912563038268,-229.82947848149522,192.8579299070682,300.0489109372491,-52.03259990398775,-295.38718519501407,750.0266870502815,281.83290848209117,102.58502389251164,899.9779474003514,-229.82465742635404,192.86421958877062,1050.0115172942203,-52.17409855441635,-295.4520376525694
calibration_00042,-1192.5381313984788,433.49880214903976,-320.06554400591256,-1333.5231076652938,-6.903170711251295,-130.24402147726636,-1574.0807665185368,108.2958250711527,-461.57611546426733,-416.5386260672466,209.003252754502,252.1738269238194,-47.87574288650494,-249.5982692847428,369.01304028203697,336.9230538953311,74.37580236606009,42.03707857088315,1021.1633467891911,420.2759208809234,331.93308003661224,1219.2432035092577,-46.42591963985506,520.1205508921529,1484.173691676132,130.8134749056069,83.23677891441295,-999.979844692665,273.0227615667486,99.33625409159131,-1149.9478931030674,-198.90933344867437,167.09712824054122,-1300.0366924966293,-34.41193832912445,-195.32032442000826,-299.95766615643663,281.9396678147006,102.60325018124986,0.0068803438504697195,-229.80253587229925,192.81605015456523,299.9868634171651,-52.19504465670194,-295.5555366851199,999.9857301254384,281.9243009316444,102.59928701487154,1150.0724687658064,-229.71027259918367,192.83134464299116,1300.0738759283233,-52.03061237487614,-295.545879726787,-749.9169073464387,272.9128798747201,99.34122870716871,-900.0819287781794,-199.0177091449855,166.9808905986823,-1049.948788329295,-34.3822498832094,-195.54127161997343,-299.95853664646654,281.95578577471497,102.61987367640467,0.02814424663773327,-229.85813720895266,192.83950663771816,300.0001572845955,-52.15697126855085,-295.5091871811099,999.9750088459082,281.93781687851083,102.56058190304132,1150.0986352362,-229.7285824770066,192.81839257283684,1300.007762710822,-52.09368273188391,-295.4508933438634,-749.9931657241118,272.93138172004006,99.31308873296449,-900.0764522657531,-198.9706402505038,166.9877488553907,-1050.0538980149706,-34.449011886624604,-195.4676046003527,-299.96966338188344,281.8938997875104,102.63288521136012,0.03134046751658783,-229.80382345008138,192.82698083800616,299.9812372034888,-52.16204528261044,-295.4655722620576,749.8835294193055,281.90344957569357,102.65021969587995,899.9459997718128,-229.86723927714257,192.81017969912426,1049.9788482380502,-52.066659592875844,-295.4247234150742,-749.9301052258182,272.97617658503265,99.39508855385604,-900.057830467823,-199.0076415935991,166.9643297787909,-1049.9932399914303,-34.41250048999122,-195.41160341429227,-299.9094513881907,281.9282598054678,102.6002965584801,0.16076616829183998,-229.78594259471237,192.82053280554376,300.04153558292455,-52.25872592535102,-295.46966958783247,750.0563803531438,281.9032572152654,102.63202106973019,899.9892489252335,-229.78873624934423,192.8032246924238,1050.0081609221688,-52.09797966504343,-295.4180453568002
calibration_00043,-1018.7471997658176,237.2931545738022,449.1394516472151,-1310.5587222390225,-165.49707403471433,498.27901688781543,-1411.6762676878002,63.525507627668894,154.45765509375795,-328.1309404131489,-31.675165057298617,-211.68131988372667,-44.75144760835093,-553.8208505752618,-127.64838535696354,249.4175214726299,-387.6784361570719,-623.5557511078583,830.5091087461524,-75.52840593164538,19.940398378398196,1013.3274483451083,-577.0353217525619,107.1305135066365,1136.9191807584486,-393.3651062467408,-386.33726720334556,-1000.0273665779373,272.98881044569663,99.34119076033221,-1149.9681204924866,-198.9386278294206,167.0788325071892,-1299.898719027486,-34.47699494418895,-195.42254531059223,-300.0570891158159,281.87374428425034,102.67580858519457,0.06718272297843182,-229.8532792091923,192.8949690760651,300.0206274055935,-52.07931975840625,-295.45243848487905,999.9298539208787,281.90821294523573,102.63042447304116,1150.0070691089536,-229.77924297870376,192.906850474515,1300.1073780007582,-52.05721318422777,-295.4079493491159,-750.00021373497,272.926511366827,99.50539018069264,-899.9705404880895,-199.14513372282005,167.08963788873226,-1050.0681924604269,-34.48931667207912,-195.218429830916,-299.9513170689593,281.9383101424463,102.64530915088744,0.04465964911818732,-229.84585112863286,192.836710326149,300.0328400417857,-52.06447888695709,-295.4053311141369,999.9438957919365,281.9270522903832,102.70521836763731,1149.9430288027022,-229.76960186918157,192.86244564536116,1300.0193651179598,-52.04155330714948,-295.40284830604656,-750.0099245643275,272.91201572356755,99.57689463558755,-899.9523980003448,-199.12611678278608,167.07536333000093,-1050.028222619472,-34.48017789836018,-195.21666524447969,-300.0019296970963,281.87656880465954,102.61413533921228,0.07310794311373578,-229.89517344177884,192.8534107723848,300.0579066266755,-52.079286309156004,-295.39191622009577,750.0664878082627,281.88995325846884,102.53977854685378,900.1567770381234,-229.7565245236017,192.78179915409092,1050.0695166285043,-52.19901286873249,-295.4829162668358,-750.0161184353389,273.01845262136965,99.44759123744065,-899.9802431573637,-199.00366072002095,167.00172590682973,-1050.0467242679772,-34.34238765785638,-195.3292756995772,-300.00675901774446,281.9795445438051,102.55661492183049,0.026279247861185503,-229.797163296339,192.85581774685983,300.03378404415054,-52.103137775765916,-295.39101254863704,750.0937714023539,281.7876897065729,102.56071912682161,899.9766629349308,-229.91140338573214,192.88152938259088,1050.0048469387993,-52.261955006946835,-295.39184696397507
calibration_00044,-993.0745067474435,111.25504973154405,43.09411599402861,-1158.9731765652405,-355.9824869975808,-20.838877149682286,-1241.9435246318963,-109.85811517313859,-357.68762788204987,-505.17825996674367,191.92095070802256,264.7432239715722,-366.3477496377696,-386.3808536138253,343.69495447004647,-1.0586399772580153,-284.34684880070955,-121.14116511219534,936.2431036163041,515.828219559335,6.088512923460066,934.1037218353933,10.10358101639116,197.8300224455808,1134.0984601746202,41.53865387636209,-303.67618652375427,-999.9088586546228,272.99768057194336,99.34711688099367,-1150.0161283752918,-198.94172224347355,166.99749737654722,-1299.9604040383356,-34.35782670305469,-195.48018847837227,-300.0074440770658,281.8912949061179,102.52479045352601,0.017067993791716744,-229.81244028026913,192.83554344482238,300.0409352831752,-52.04320132730797,-295.44851717483135,1000.0562673217097,281.8794555159964,102.62883688602071,1149.956376982588,-229.86939640106274,192.86065448521128,1300.0647064813356,-52.1312882442321,-295.4258803046888,-750.0521252377008,272.9845853847777,99.32383202907953,-899.9038216902171,-198.9909801552065,167.09963352913132,-1049.9923133977063,-34.502723884247274,-195.31736362142348,-300.0243585342206,281.87058642627784,102.55944165641463,0.027076636459352432,-229.77132294803417,192.764416571685,299.9799114994844,-52.05181774477783,-295.45472254367564,999.9808816236714,281.86687070868163,102.6151194872402,1149.9814162817092,-229.90826068352268,192.8354544895176,1300.0380019091676,-52.15782105786586,-295.437078559164,-749.9376778146776,272.92700007022523,99.42207389938417,-899.9427491343863,-199.00744985400905,167.06161872422035,-1050.0318509173328,-34.492704913027396,-195.3349943650797,-300.04767515161467,281.9272806523108,102.57946055713548,-0.06708968728152553,-229.77733838689116,192.765373381046,300.00381534255024,-52.04575834158421,-295.434558174403,749.9514600426601,281.98967730408464,102.59780264607632,899.9611497896096,-229.7214829559279,192.7987129165681,1049.9457513005677,-51.96977937563387,-295.4098722925376,-749.9949969495656,272.96392830771845,99.34515060548608,-899.8642098572177,-199.0323355309206,167.0091877949255,-1049.9510664591087,-34.50383264368223,-195.39063716559966,-299.94094563613186,281.86056011283193,102.54031391209021,0.03252427632558163,-229.84653271730195,192.7602161428391,300.0179992633977,-52.16156842225875,-295.4369246573992,749.9566285284066,281.86188922089644,102.6174549537829,900.040341705867,-229.85605406085367,192.87412094916724,1049.9736315348223,-52.152111915858036,-295.4617700692325
calibration_00045,-682.820049348515,7.694306465827782,220.2074004759429,-836.0342363834386,-467.7948465584011,201.28008686812686,-932.1621474086318,-254.99111758697202,-154.24960211623522,-579.088000479086,624.5621577185609,209.78130194737662,-282.7820232705149,116.66924558219974,329.24809963132395,18.716345905825815,264.3425392311665,-168.00000208212364,1078.7165429227994,533.7829164981312,307.11593173645656,1263.5437283026024,28.740491512961817,363.9734246187508,1422.0761386297554,257.18913845370724,-99.82519820015598,-999.9863620903724,273.0180890514592,99.31923911350961,-1150.0133233291806,-199.0356716089302,167.01216669487567,-1300.006065979449,-34.47544014094109,-195.33296117343482,-299.9632219371511,281.9676684518599,102.62609399950712,-0.07695332854055495,-229.78889791125178,192.83525648634577,299.9886031155253,-52.14604253039797,-295.4200237812103,1000.0124179922861,281.8452370617428,102.54152662231688,1150.0146889058005,-229.83215470142858,192.7775099184847,1299.9864452350596,-52.170301565158674,-295.47965907488805,-749.9763139024367,273.03338962443325,99.30637011652527,-900.0577933626275,-198.92145546643178,167.06209879492548,-1049.9502526472158,-34.391447341102065,-195.39583810804484,-299.9989978155072,281.9577511614506,102.65373577261671,-0.07643816484559438,-229.7600426461572,192.82267907673304,299.9550534142241,-52.14668606783341,-295.43735833290344,1000.004243128913,281.8784391696754,102.49121006481042,1150.0315140139173,-229.90653279324607,192.78282700686788,1299.9406618520734,-52.16516643614541,-295.5420928509393,-749.9980699306859,273.04064662191996,99.34013407209885,-900.0309347128149,-198.93643443961017,167.03317998299082,-1050.0546553067047,-34.429052951402845,-195.38096742895758,-300.0271251212904,282.06963581437043,102.57526333838791,-0.032589303786715526,-229.7861401630267,192.88235369387058,299.96391536438256,-52.128708966435006,-295.4742495247197,749.9909941131145,281.9269156733108,102.63070768654028,899.9989126190478,-229.75468388846457,192.84394300885785,1049.9969200316534,-51.99571427530435,-295.46950608508274,-749.9698889851478,272.97240482379294,99.36051043641129,-900.0530360638256,-199.01356739863084,167.02773237778064,-1049.9836173809042,-34.4222336179244,-195.36238246232807,-300.04688348550167,281.89385592344865,102.66187522000386,-0.047536828674127,-229.81484436679648,192.86309814643832,299.9929279639323,-52.09803159430564,-295.43824620848096,750.0051039934998,281.8865204934595,102.61966862968954,900.0315182409784,-229.81555977211843,192.79682182168222,1050.0127925867603,-52.041218037838476,-295.4472129449696
calibration_00046,-1178.8943973768146,46.92089236210598,1.6140497591889293,-1329.2676371652813,-425.9611014074943,61.57988009804673,-1478.3257721330208,-255.71704669806857,-298.6319065772903,-269.2132671268263,464.5399148293393,-251.62413430886298,-137.52176299575999,-104.18362669255806,-113.102919202422,329.02488792396986,-5.834257751497684,-477.29261034325356,948.4679419043562,234.84721664501458,350.9274466036935,1140.8163304821765,-225.25994878442063,560.0792732356657,1197.1057901621434,-201.57390235948313,22.709735614959918,-999.9650075848955,272.92306823915663,99.31920422811024,-1150.0121352184813,-198.9310767993858,167.04851680459626,-1299.9626073233185,-34.5198963615386,-195.42694397772576,-299.99119197595695,281.96969202356934,102.5495913836615,0.035100522289000326,-229.79212521611032,192.8061190154957,300.0189519123347,-52.0895888742096,-295.50545768381926,1000.0976268023727,281.9037108575045,102.61021981566924,1149.9690437220643,-229.91378460580341,192.7666362179467,1300.0784236138502,-52.06738760722573,-295.47743203623673,-750.009067087976,272.962055989528,99.38865730937171,-900.0043738074913,-199.05369502272148,167.00643517708517,-1049.9773180503134,-34.422263126614574,-195.37405916949314,-300.02104106575155,281.8718200690497,102.57386271362495,-0.011421889418691038,-229.86760991667558,192.82788255514635,300.0186707348506,-52.1195169250113,-295.4894135046127,1000.0689417957904,281.931169455058,102.5980598191257,1149.9780331720494,-229.88690727031064,192.79874022167806,1300.0359145956377,-52.05425518438854,-295.4595164639433,-749.9944426802258,272.9478347508974,99.41077829879302,-900.0188039716638,-198.95251125905585,166.98730837670846,-1050.042009012413,-34.440661703479634,-195.40062411009424,-299.9531538123282,281.9102772147041,102.56923824185243,-0.036349574255154955,-229.87531851277512,192.78468347251766,300.0352677335044,-52.10511395769445,-295.4301313859425,750.0208707674902,281.94924960385185,102.58464398555427,900.0296207864659,-229.84390604555344,192.8809056469184,1049.9495974014965,-52.095682167737785,-295.42866230424346,-749.9797976762708,272.95556717641415,99.34098647788402,-900.0496701558652,-199.02884968987308,166.98694446498837,-1050.0471402890948,-34.396980696932594,-195.4395571963015,-299.96511725839326,281.89275887988924,102.49807970596417,-0.015306147518534312,-229.7842568669604,192.82116398002015,300.0066667639392,-52.14373842184037,-295.4751965428655,750.0183978808366,281.87068572300365,102.5833331987204,899.9954969459111,-229.78803804107014,192.90551330522746,1049.9688393055583,-52.16970765965964,-295.45906420523596
calibration_00047,-1361.2288533279698,454.74626443826094,257.1977885088305,-1439.486625760089,-34.661597385858954,192.57382441010955,-1633.0974459647962,198.50071920839818,-105.83407172517562,-625.1019386641578,-12.341355539538768,437.7549394954733,-266.61064473774616,-493.30905940548496,425.64796972464836,16.674590756710597,-177.8119995463929,1.1034846647618166,1154.4209496111998,-18.59713088434647,295.43178975131934,1296.2977275258786,-529.9504988230832,400.08149150244816,1475.0634090849471,-358.73799691232364,-80.7210964720586,-1000.0336903260646,272.9533816234225,99.42142404026548,-1150.0281448819342,-198.99524178388867,167.09818891766625,-1299.950615928567,-34.450056249693844,-195.28454072593848,-300.07626962225805,281.9144571677675,102.61676074587909,-0.06838487931756917,-229.79236671362608,192.83638728627588,299.9598184937624,-52.096035453878734,-295.43061054627185,1000.0381751553188,281.84847853893837,102.55760479631242,1150.0116519789444,-229.8591522647737,192.82170052464218,1300.069994984339,-52.11327335909703,-295.47413009647187,-749.9830953349543,272.9428825643337,99.3434620147144,-900.0133925917922,-199.06179731779602,166.9892309349515,-1050.0428823794764,-34.48995900848001,-195.3671433990564,-300.06813676879665,281.8973785157803,102.60075089286632,-0.004614052565903522,-229.7984574908524,192.8305047965257,299.9576957435003,-52.06515915103027,-295.36823914281507,1000.037438088904,281.8989390922584,102.61531500696843,1149.9647276586752,-229.91826079171682,192.8804336570885,1300.0229022121125,-52.20316518783707,-295.45466294093836,-749.9967985552242,272.9675264110575,99.34820451319264,-900.0121193324874,-199.00815918163536,167.01350357767873,-1050.0634730912875,-34.42888555792766,-195.40972797052166,-300.0633703696243,281.92106076841696,102.63623764345884,0.028793298111059316,-229.81290471343954,192.7997594587998,300.01540114547976,-52.09988311361431,-295.4199506010895,750.0596327069032,281.8462440962867,102.55075613852964,900.0490298228858,-229.88664955439333,192.85353525067464,1050.024499108208,-52.19102449944879,-295.4620620606052,-749.9518768229475,272.89119826386866,99.4428480129105,-899.9321957081302,-199.06968632717115,167.11397725146225,-1050.0675104645002,-34.47355483525373,-195.3054030112437,-300.07110717953884,281.89876967650235,102.632300653208,0.04326222958769275,-229.81390614501558,192.8549140477212,299.967458924504,-52.0052444851296,-295.40269811364124,749.9984496573945,281.92718952636,102.50735423358891,900.1283940803247,-229.79143915748003,192.83143785679718,1049.9661718110026,-52.11141767388429,-295.5552881277518
calibration_00048,-850.46398604064,-27.125049541389405,511.12661012112784,-984.6135526375065,-505.13926176448314,453.8853083410692,-1072.6951666771404,-272.47827288841523,108.8073653538974,-405.89440627630177,421.8659285047134,-165.7702806384365,-47.56409757048867,-38.77435924486688,-26.36001370306042,217.93922167596716,108.90949667699043,-543.7342421138294,737.8723705165492,223.88913628717827,17.269126589986232,932.5385393307607,-259.72613420321034,161.2981464945213,983.6349110772835,-164.29956207199203,-368.61183723274024,-1000.0188505286036,273.0004559198158,99.2905750282673,-1149.9907918204135,-199.05319455707772,167.0285489871987,-1299.9510132925027,-34.54283118858283,-195.42717443459335,-300.0548255841082,281.9550198911313,102.57856335307179,0.03984129392404878,-229.80921557092714,192.8524868105135,299.90787541061286,-52.015218655280314,-295.4553138465551,1000.0181266257703,281.8887585821025,102.65318973239143,1150.0180981563226,-229.84479293683256,192.89869365104667,1300.0080928911639,-52.09071698531745,-295.4490138803965,-749.9886603417331,272.9518463854001,99.34076129585594,-900.0782935784366,-199.00726585623482,166.9927528049059,-1050.091395965191,-34.417227274445175,-195.45168446967818,-300.0097223371848,281.9408808877953,102.63542561918977,-0.02836852975443098,-229.72843900163403,192.80245338462765,299.9615026151116,-52.01738693773533,-295.42394887970346,999.9735661457669,281.8652989556077,102.66672576314532,1150.045623908292,-229.78009027532568,192.8576373502784,1300.016594589152,-52.10212044089524,-295.36752055078193,-750.0084348464521,272.9808952891605,99.31026946295873,-900.0640078965175,-199.02454832738664,166.9538211011821,-1050.03427060343,-34.39972443394687,-195.41162801767874,-300.060835312963,281.8863223471501,102.64686400175,-0.003592110495015014,-229.751165127066,192.837309397901,299.9889030696998,-51.976208015637134,-295.44684833078765,749.9946893267249,281.9897832076773,102.62869616330549,899.9419116065916,-229.7756843945299,192.8596967562286,1049.8858720796422,-51.99758425430882,-295.4038898025784,-750.026814879403,272.9079321021242,99.30165395582742,-900.0143449050537,-199.03503517829938,166.945255618405,-1049.9790118243059,-34.51406738750508,-195.3751448081276,-300.072443033931,281.86257873285246,102.59973445609174,-0.018090240334164367,-229.85900567160263,192.87821137140585,300.01672666475594,-52.09807270207711,-295.4473588088814,749.9928028732697,281.9218175501218,102.63461111427756,899.9203717962432,-229.76956293725797,192.8635555812649,1049.9366107535711,-52.091322879199325,-295.409070662058
calibration_00049,-890.8171638514413,-100.33127018192579,-190.57885762098473,-1094.7877171358905,-552.717373765455,-130.00266850784783,-1317.300985883347,-312.52536343634057,-401.5856106674615,-245.62215450821742,95.73829766499132,-165.41732981133165,134.06550647551026,-340.97058776064824,-6.850711317697519,478.2781726232188,-92.60387974312754,-430.94857002069233,1261.9427725204564,295.07677701092103,333.421004055839,1426.3698112410143,-215.35285677376595,403.4476193034909,1566.974817584729,-15.869937356735255,-79.1979428823043,-999.9772991205499,272.97324877507737,99.26410334942763,-1149.9300471248396,-199.02775617890592,166.91128198972137,-1299.903874465572,-34.45294159899927,-195.51662667781514,-300.104478114917,281.9042270987387,102.6032924088028,0.08137053399923044,-229.7353221376837,192.87490195472742,299.9938189751158,-52.043366397733415,-295.41501162779645,999.968762263443,281.79969614610735,102.61177654373815,1150.0063284212065,-229.89326999832184,192.87483951449678,1300.012243945777,-52.0995677130338,-295.4357526549017,-749.9933265064761,272.9776160501162,99.34786687257387,-899.9498311178496,-199.03839319506542,167.0469530796352,-1050.0209734160578,-34.520852826670065,-195.35522743451156,-300.06529429441025,281.8682557695482,102.60332900464493,0.016598756968204984,-229.78920398400444,192.82924974593652,300.013185893216,-51.980797284768826,-295.46971650893875,999.980185229919,281.88016864524,102.65800206767929,1150.0183518374997,-229.83753706796227,192.8317715063762,1299.9677300821504,-52.09557182224457,-295.44045551030666,-750.0060977592505,272.9443628369251,99.38172222062636,-900.0603325655286,-199.04915870532204,167.06591996907406,-1050.0009830785498,-34.51032762714959,-195.38775718178584,-300.0307507392168,281.879201888883,102.62221041189017,0.01047886932454431,-229.76483135579315,192.8357325852511,300.038364258745,-52.04893652682527,-295.40141836698973,750.0354351841444,281.85734193395587,102.5303647754241,899.9532031575377,-229.81800705895674,192.83386980282756,1050.0673589284224,-52.06852002034688,-295.4486999982961,-749.9343695503206,272.9296485609481,99.32590492531688,-899.9538638638581,-199.03976245873935,167.05648825634526,-1049.9747374886801,-34.5539029696011,-195.41904815310264,-300.0275924665776,281.8889459152749,102.57341901810068,0.01965581253184366,-229.81525407887608,192.81152077065008,300.0335630440472,-52.01442777746066,-295.4480567852376,750.0256351679451,281.8612373325436,102.53582660899524,900.0055681908846,-229.82005313896235,192.7777986921146,1050.0633939883076,-52.148140446579525,-295.4581811431313
calibration_00050,-956.6913596339882,500.9181775350322,-82.13127738500053,-1106.5125608040678,28.48837633375164,-17.472152727300944,-1254.718969234941,194.58414698824836,-379.88964977546374,-338.6479271977406,253.1461668347832,426.3922206940046,-28.740296582984687,-257.41268243521756,483.7565978515576,270.85676927918854,-40.535545754038814,11.343020998246224,977.7961467389167,429.2214645709665,-108.8328905388928,1115.2629353959985,-90.81190057801142,-51.91908926603366,1270.567137006901,114.53960695792087,-527.5025874540482,-999.9570177745635,272.9363407967434,99.31244190886876,-1150.0289618850143,-199.05024218389585,167.01951204158397,-1299.9691345451427,-34.50281511669833,-195.4279929163235,-299.93300809487306,281.9254772741554,102.48265818341908,0.02937052296709574,-229.7254539364001,192.9272826782488,299.9595460612193,-52.16506206775992,-295.47041200602604,999.9563622904025,281.93573368481304,102.58052691568692,1149.9804230907623,-229.78201780880045,192.82726991907026,1299.9558349607025,-52.0702375818765,-295.5094357388,-750.0254281025248,273.0414639596036,99.28697927361,-900.09556346609,-199.0027479002154,166.93877466701312,-1050.0646256392058,-34.39281587852961,-195.42567660973066,-300.0024144254167,281.98006477487843,102.46474550945061,-0.008036741734861644,-229.7297409307346,192.85066803330457,300.0012106533374,-52.15791709468947,-295.48009935414245,999.9902785442255,281.9563023797795,102.61138332850553,1149.9389217923572,-229.81484459887253,192.77983777665207,1300.029475517702,-52.085811353100176,-295.4911260494304,-749.9998659084105,273.03644846628674,99.31942229801734,-900.0289150243977,-199.0017766643451,166.95595577864407,-1050.026069266969,-34.378150646812614,-195.49668730665957,-299.9857479466387,281.9590394918923,102.4945704264848,0.03373452784932175,-229.74364850507078,192.90202206414597,300.01190343087234,-52.17253124265649,-295.44786706979323,749.8863050798024,281.9920179333037,102.6380439180766,899.9792271312145,-229.78104815346634,192.8729594287147,1049.8959862660129,-52.08241322375436,-295.44695101424,-750.0256237038332,272.97557963715235,99.34826640203735,-900.051685209317,-198.9296002406513,166.92064057158365,-1050.0280675907281,-34.324661819336754,-195.4875326168754,-299.94367293940246,281.90076487820085,102.50710086298174,0.007133962330024918,-229.78299982138915,192.8789746169369,300.01065493962335,-52.19268441625414,-295.44310186275504,749.8777474798791,281.76759911759996,102.70411679712394,899.9859172571024,-229.8864321513523,192.88025822066413,1049.925102832609,-52.172504687332165,-295.4164693090405
calibration_00051,-976.8578716518566,41.65846859747733,205.16047980553472,-1137.4929077992083,-429.07685108630534,254.00591108332034,-1233.746359531481,-266.54088172247947,-127.12333579772765,-491.42375868526386,57.5595406344103,204.698780945181,-138.04720219107747,-426.6064396022958,230.42429086963222,138.70326636768866,-156.12344266725052,-228.07122259667526,842.8423366441356,32.51607304073115,-33.5799011917315,1124.5324006519884,-423.416096157795,38.9253534198934,1138.8963326025385,-249.16723164650074,-472.8619940630122,-999.9559847050004,272.9168385808604,99.37236038255472,-1149.9588090070617,-199.07172823398344,167.00897584914196,-1299.933469372761,-34.43022396998862,-195.41964630902058,-299.9817099149806,281.884101878295,102.5270324542985,0.006527830323146851,-229.84094279946754,192.79441507748533,300.09629609101336,-52.03431138392242,-295.46493135215115,1000.0047676862908,281.99423424283077,102.54362165310637,1149.9518490374523,-229.75374940611798,192.8146845427456,1299.9977314636274,-52.08441337517165,-295.45397920532014,-749.9831454411757,273.0266894071411,99.3475153002773,-899.9807516916189,-198.8971980950298,167.06924512869193,-1049.9795739136396,-34.37622771509445,-195.3750706350157,-299.9694405161288,281.9107535135673,102.5660362114514,-0.009424069738705573,-229.7766363082738,192.81595971231903,300.05284100787287,-52.07817374765902,-295.43464740691655,1000.047690304562,281.9664218016393,102.54947755269555,1149.9269623126768,-229.76289494753186,192.81821897373322,1300.0060654330869,-52.08332749135254,-295.47768629341317,-749.9845442665363,273.0382246351719,99.35884818429413,-900.0567604606206,-198.92228697111074,167.09296564656634,-1049.9700555149063,-34.43327283354472,-195.33649216433744,-299.9602065061233,281.9187715155915,102.53137242473976,-0.05976245661122325,-229.8228200778054,192.80826072245907,300.0616106068352,-52.12149960727618,-295.4847013837122,750.0156046004704,281.92931147537,102.56647316215367,900.012262161221,-229.77592558479705,192.8975097548228,1050.0029242186376,-52.074117929206146,-295.42062557960395,-749.9802961504228,272.96442216342325,99.33268744186809,-899.9792812982431,-199.0052880471223,166.99117428750634,-1050.0397603606343,-34.43663552015245,-195.40938355118595,-299.99214659968,281.809827587423,102.629289964818,-0.02690198217656858,-229.91748076995177,192.8130203540946,300.0706896083836,-52.12520621125018,-295.39199698511504,749.9520680822989,281.90037579180347,102.62146203805327,900.064217626824,-229.69591436569806,192.9248642172281,1050.035834717147,-52.066487010549274,-295.37093693639497
calibration_00052,-922.2620688399724,-36.373366356331104,30.6479636896559,-1043.0380642395214,-521.0440739363011,14.863450116082026,-1178.8958827938445,-311.65246162432544,-329.5157267156492,-547.2129625459334,270.6457790086659,290.8407247902624,-252.71673278277825,-242.0869820416654,392.78921559072074,51.12110205297762,-77.28537585973542,-97.6667784998325,784.5566835823761,204.44833961486967,377.9105871363745,936.9722457938186,-306.86395187372574,466.2747498118594,1083.9592110348246,-127.42325353125231,-22.34129671906656,-999.9824032641117,273.03541501669355,99.35699427709031,-1150.0760253007302,-198.9324675728996,167.02750232915798,-1300.0027703070705,-34.41333557583212,-195.43055423552167,-300.00028765717417,281.8865874623885,102.63274120331201,-0.001099939459839997,-229.82631760660198,192.7669681120753,300.0570719766907,-52.15340645199373,-295.49958056266655,999.9718752264732,281.9381528113892,102.65655444199976,1149.9945358513478,-229.77818662326922,192.8757312927346,1299.9525013783573,-52.10779732714266,-295.36299652481614,-750.0914533104612,273.0107644363707,99.34855801571258,-899.968828156326,-199.0299633286144,167.00764851553888,-1050.0431200719465,-34.46311263965483,-195.38662641847864,-299.94654060298745,281.89987375498634,102.6591920826582,0.006753993509323701,-229.81316516804296,192.8818199255042,300.0213765963646,-52.01989454968007,-295.34783796080643,999.9612848435975,281.9428298029787,102.60865566695678,1149.9856309972567,-229.77301975700746,192.8512547057462,1300.0114093308111,-52.111570932046945,-295.4298359404923,-750.0396364159633,272.99320605023365,99.38546041762702,-899.9363663679945,-199.00319859655002,166.99688424110246,-1050.0219417768835,-34.44107709023308,-195.41632364428304,-299.92084674917993,281.95009221530705,102.60715769700876,0.007181093212732623,-229.76153088768302,192.8746749423998,299.98271210565366,-52.115557251961846,-295.4115241640987,750.0162388732027,281.90726518365847,102.57745171426069,900.0609706657567,-229.80299545248107,192.8423123116997,1050.04008815109,-52.05123735135998,-295.45362288726494,-750.1293178834902,272.9844297124901,99.26203133321418,-899.9798958199254,-199.02698986906074,166.9119466813709,-1049.9979028564826,-34.451267850739974,-195.46247549130743,-300.0135020676998,281.82445399890923,102.62905021052916,-0.06824133788363525,-229.85685468324309,192.86854605166408,299.99471642520757,-52.084341066770016,-295.4112153674109,750.0028820655795,281.8969143286868,102.66268665611983,900.0295100176234,-229.8615195958043,192.92722851034105,1050.0412690661058,-52.1006805914456,-295.41426635628875
calibration_00053,-935.8132503082787,92.53631923967679,57.65540937542078,-1103.8982716465916,-375.8008552862389,105.10606593542701,-1248.070546485352,-189.74375835772935,-249.1925231792631,-443.4336005903182,257.5840310472079,360.3612304649348,-232.49450996311973,-289.4547970421269,487.99424520384207,159.51607273751523,-157.53129728287826,53.4840680637688,1281.983708300737,540.6512168370544,228.94700769503422,1462.0162345856222,32.74165805086716,275.9222316610006,1589.9888390250317,255.60766226526363,-199.90018502358032,-1000.0421450593441,272.85936627233633,99.36903735093195,-1149.8990164594816,-199.09966111860606,167.0103830042941,-1300.0335108103545,-34.54373874372877,-195.39573760233665,-300.0052286123038,281.9967965576787,102.55578138326297,-0.07224887940868333,-229.80794102310978,192.79951649921873,300.0072437887939,-52.10888448792423,-295.5050790164068,999.9892372410321,281.99417343299456,102.55802559122166,1150.030867153934,-229.71848151530443,192.86070925051246,1300.1419924141587,-52.04467996545201,-295.4051002870668,-749.9798943250057,272.928328189014,99.34041862261081,-899.9674837071996,-199.03597253168513,167.0165510583322,-1049.9351698530256,-34.5035107693641,-195.41444481628918,-300.0481102384212,281.9278080022526,102.55275263165642,-0.08102281092758071,-229.81540779874496,192.78280569827288,300.01044018374523,-52.0727653388065,-295.4892621949211,999.9698881717644,281.9849369967961,102.6194443417664,1150.0481662101436,-229.73035982341065,192.86932997668924,1300.1247186811029,-52.02683785693294,-295.3790917682499,-749.9504889438917,272.95375697305394,99.38250497654877,-899.9848895035192,-198.99967204089867,167.06039293352214,-1049.9278240347248,-34.490425348387426,-195.45474155607567,-300.0781894175098,281.92996535493245,102.60542365629641,-0.04339566829634736,-229.80953496776021,192.7680901182965,299.97913473057463,-52.06967204262811,-295.4368490774006,750.0636598252611,281.84204035603085,102.63927384361244,900.0159473693296,-229.8925843761334,192.8721192451565,1049.9894646779808,-52.173286127364406,-295.4670160234443,-749.9396152512927,272.93673603499036,99.31006387216728,-899.9814846622303,-198.99458445820804,166.99101298309415,-1049.8763622764957,-34.49998785950916,-195.4886374129051,-299.94910591002747,281.9594867482796,102.5295936631994,-0.01589394947529437,-229.72872565947978,192.81194169937618,300.05356968349935,-52.03892177978771,-295.46875397329256,750.026088601329,281.9459576568428,102.64952072921768,900.0541168860157,-229.78599235637435,192.855238556749,1050.056410792672,-52.09278473372641,-295.3572404598791
calibration_00054,-799.1761263347313,328.8649745413019,-25.14768104622966,-909.4734865713095,-155.76629893698052,27.870120889098455,-1078.007803928437,8.337718014496335,-326.5584876705563,79.19199895198452,3.1017168943163904,367.93154192362135,313.9590225310776,-528.5361035659492,517.2714140219537,611.0305368684474,-457.7496143578811,0.7844748131452939,839.2358836932891,596.3428463379847,403.28937247891804,886.8840571947105,62.859549006850614,479.11188133323304,1111.4700988332183,228.00700321736804,15.59897432290678,-1000.1137160149473,272.96859737574175,99.34827164387423,-1150.0273969881687,-199.09931491212217,166.92754645333005,-1300.0442127575548,-34.51521735289326,-195.48620006402098,-300.0369867795972,281.87597856066077,102.59456382949496,-0.03590882160951525,-229.78887979948215,192.79944695498972,300.01062699806437,-52.04015502816866,-295.4082504597901,1000.016337997752,281.90622371641433,102.56421120567867,1150.0239172402348,-229.9048909926256,192.7053756864994,1299.9920007736462,-52.11272639485572,-295.56535968856923,-749.9459576576304,272.8375631847325,99.39215608066168,-899.9270895923992,-199.04679755048986,167.0976736281062,-1049.9842059878617,-34.56920471210546,-195.30994008712858,-300.0373056011869,281.950751681091,102.67118262705425,-0.04872950785207907,-229.834910646961,192.7469647089309,299.926515632885,-52.01833140708672,-295.49492940059525,1000.0878529942968,281.8634261324337,102.5333560562598,1150.0350137201033,-229.80398322147752,192.72991147090605,1299.9963741946697,-52.037832330212595,-295.61836365264634,-749.9497749223478,272.8660638753178,99.40636814432938,-899.9484916527657,-199.03586840074004,167.14768207879624,-1050.0199560080998,-34.552564207599126,-195.28758457856367,-300.00125212195155,281.8952814224518,102.63630297119191,-0.049199467305082505,-229.79850537877095,192.79554846472246,299.9802871251661,-51.980088469316414,-295.4539420896352,749.9334072650083,281.8497195161757,102.58437411635002,899.9341876942801,-229.83810497065505,192.84974069716827,1050.033298995478,-52.07230591899161,-295.38406279013526,-749.8488021675238,272.904042228672,99.35380383765313,-899.9485391477182,-198.91137709424257,167.10613318388894,-1049.95840882072,-34.502499170506255,-195.38569446224218,-299.9705398499435,281.9756041548217,102.60766807945241,-0.002588302320230808,-229.7950545501153,192.82262761965634,300.01697951639824,-52.05475109111099,-295.4220573986491,750.040917878045,281.82661214821917,102.54282830176543,899.9847542857059,-229.95795823204634,192.84770427060735,1050.0781480105584,-52.14199687273475,-295.4080718733268
calibration_00055,-876.6206968501393,321.39192930804654,-97.2740401925905,-1009.2208866731746,-160.575340175902,-97.61214597095051,-1092.127464533266,27.928059856615043,-469.7412004502274,-157.2878008424787,78.63137457307545,384.8095032444494,143.66859055436646,-427.5307450160547,500.0478885027912,452.00444042160194,-266.56760140089153,11.110234391720372,975.6578313138962,537.2736204070932,6.978089613513474,1069.3481199778264,5.576937205688385,-25.482172753944084,1058.4921013500489,244.86632991443435,-510.34412365527925,-1000.0482681770434,272.98243709782446,99.37080594322501,-1150.0696055721942,-199.0672712514413,167.01968020257306,-1299.9515536083036,-34.46202106459362,-195.44210005939624,-299.99072485219847,281.85065685501587,102.62056563855258,0.017576549206631008,-229.86380725520354,192.81073673201033,300.06698829784193,-52.153990871580746,-295.4443660065757,999.9621123090698,281.93523539990974,102.63067044612794,1150.0371386908005,-229.79603737011612,192.84721487419364,1300.0169587903526,-51.980904009921154,-295.42336600116545,-749.9564394062226,273.01898560360996,99.35175068247142,-899.990113680159,-199.07856401233974,166.93944986884276,-1049.9685475956694,-34.457274643391074,-195.42766894083533,-300.04480267159124,281.89562590072177,102.56880086550703,0.05681538327156391,-229.82861096569454,192.82295259331138,300.02779217837383,-52.039720629014944,-295.4105047930664,999.9645620228799,281.9605804863708,102.63849411508308,1150.034302063655,-229.76354207085149,192.8549186359816,1300.0645648868979,-52.07151177432734,-295.43964066188306,-749.9531669993673,272.9349047010046,99.33448208526582,-899.9188602553868,-199.02196443690616,166.96676807850682,-1050.011489720643,-34.49942720822376,-195.39185061744513,-300.0362882881875,281.90666319839244,102.60142075966974,0.06677947230496567,-229.8420662508421,192.76824801552954,300.0451384841748,-52.073888552050896,-295.4726950784655,749.9686969854969,281.9980891734525,102.59526359891169,900.0170901433232,-229.77803729218215,192.77539545994438,1049.9212678040049,-51.98054545230688,-295.51265234686605,-749.9150365349637,273.0180982290746,99.29850696007628,-899.907748480596,-199.00343253090494,166.99497247434633,-1049.9659112154104,-34.51120133843259,-195.39020064887248,-299.98165086456294,281.89606722629236,102.60285817050365,-0.013536699623583816,-229.83460026554596,192.84331869518297,300.0222888384165,-52.13459978457754,-295.3854750257536,749.9494150758771,281.966746952367,102.66290521366874,900.0076031878203,-229.72823737164924,192.81028699516258,1049.9206501131046,-52.06117525794761,-295.4567166820221
calibration_00056,-887.5072263644596,588.990630424938,142.30965528536177,-1032.3216246431784,153.20541138251008,339.7693282669093,-1101.7868108462253,169.11362622301954,-79.62628497190121,-398.4336486101529,609.7784570940197,434.9322742729922,-93.96589253589512,104.50288267770952,544.234431614921,219.30040838382038,278.12601242395937,62.86269460636599,754.5585153722412,231.9351560315869,388.1727847641397,852.8087965051428,-299.6657888880466,373.16840501822986,1044.5351660910615,-40.38403689810926,-60.99016539997353,-999.9305336509751,272.9095809260416,99.3919189319752,-1149.973835811529,-199.01859534983916,167.07219347976584,-1299.9505297125786,-34.45695671082152,-195.3693619642577,-300.04709691980986,281.91478050908256,102.5894701166411,0.022437645805749612,-229.74397270719322,192.8451990257015,299.97890701059845,-52.14528757522642,-295.45393290431275,999.9879940756679,281.930728983402,102.64899281548529,1150.0452807297204,-229.73017633553823,192.85124433347525,1299.939516390215,-52.07825346170309,-295.47884287308676,-749.9985626407375,272.9997416882682,99.33253796242724,-899.9655287872025,-199.03579824952877,167.03141991582282,-1050.013799799916,-34.453685830513336,-195.33842903803423,-300.06489533063063,281.9157928317285,102.59281591547438,0.004631050624422602,-229.76932820056223,192.80495353380806,299.94203401715066,-52.070608249138225,-295.4320304050498,999.981854431624,281.92183348488817,102.67098720869232,1149.9932280071675,-229.77599048526474,192.89275424364018,1299.9722281277986,-52.11759624637796,-295.46146795860255,-750.0249767476176,272.971623137455,99.29217759055197,-899.9856667214221,-199.01570153339503,166.98802474102752,-1050.0226769104622,-34.41120130027225,-195.41869633969392,-299.9839623885415,281.9792462583427,102.55595718085901,-0.07631305681956835,-229.78799829954252,192.73369664960796,299.93173990704867,-52.107977061309285,-295.51379771174936,750.0779006411451,281.98562988071933,102.64980655622948,900.035464261364,-229.7551438804077,192.86378582734486,1050.069297205369,-52.00914261951226,-295.427919777794,-750.0212738247243,272.88227243233354,99.40882063461785,-899.9801392380484,-199.0936234953292,167.14169330753455,-1050.0790428019586,-34.54547007684293,-195.33400689839564,-300.007801561975,281.83969616194514,102.64577814950337,-0.028889008279112616,-229.8956625890857,192.7606316761326,299.93772503825915,-52.135251287859134,-295.51411758896404,750.0599223058341,281.9424028041961,102.56602329079271,900.0677545715168,-229.8073443832565,192.83732637649902,1049.962210274984,-52.03831242568548,-295.4211324170181
calibration_00057,-753.9389157792182,265.0958425184776,464.99881162442165,-942.0722485005105,-197.59153624853056,445.39443445177,-1041.3042901043552,29.62670530631653,99.77118361207243,-382.2050212228097,70.00891245014164,350.52573464872205,-23.430293209520208,-402.33508486191283,441.8389592236171,323.40525552165303,-120.92327256850153,41.218192579641766,1092.8307815839346,149.34558952678694,318.24208531811104,1211.453580406575,-333.0162006043904,532.1680421075953,1493.301144856835,-230.07723118890135,82.22634179466665,-1000.1519265893764,272.9223720861011,99.26902537680823,-1150.0763868701965,-199.0779577550454,167.06911197551239,-1300.0049501196465,-34.543742548457324,-195.43115747005734,-299.99804409775726,281.9306805101728,102.52448312708484,0.028504800322671782,-229.81058214676827,192.8473829608104,300.079443883955,-52.1142346732042,-295.3596253995433,1000.0232895688172,281.80722163478197,102.54279260676074,1150.0534911407244,-229.77676441810846,192.90881732708596,1300.0433675844392,-52.12173508694271,-295.44259046809395,-749.9584234940044,272.8856636666951,99.37396707587557,-899.9351491234626,-199.0328023146993,167.08540772620123,-1049.9988799468474,-34.48668588191649,-195.32234135866162,-299.99075088929277,281.9484974627947,102.54894225141392,-0.05338132834534256,-229.77202604265136,192.84128079450437,300.03235063151345,-52.09226930296007,-295.39420540321794,1000.0068508043375,281.89362859193784,102.56171803864201,1150.0633939635395,-229.7842216101619,192.91377811062787,1299.9886574381837,-52.149278644425856,-295.3651893142752,-749.9289637170145,272.93880612151145,99.38183327841375,-899.9443144853651,-199.11131620620705,167.0619708399795,-1050.0009969609619,-34.45098727889662,-195.32282812058605,-299.96051690730076,281.8589089483349,102.56129877024935,-0.059050849575089895,-229.8133447206294,192.87230776387653,300.08609720412636,-52.09581586429855,-295.4276683796725,749.9979448472147,281.9637803584013,102.56709884923725,899.992862854112,-229.80777243463677,192.78728034624422,1050.0283290099358,-52.03067537923829,-295.4904366855189,-749.9833713312155,272.99712424935757,99.37570911914558,-900.0136418377633,-198.98814191217474,166.99906289456197,-1050.0324398865455,-34.40592422675041,-195.35709194396128,-299.9784850179831,281.9330033692235,102.47524815526447,-0.054501872029977055,-229.80086360331333,192.8030112711364,300.0148477797991,-52.10092589069409,-295.4070570403206,750.0063516302672,281.9398475192713,102.5947011778694,899.9572007647969,-229.78535990230156,192.7836699107048,1049.987366921334,-52.0502979355234,-295.48494751921083
calibration_00058,-1232.153425228019,511.31176810959374,-69.45089449301,-1268.7000300174695,48.4764370052574,115.76762096590598,-1447.194776455022,80.7726038475913,-268.9181351358536,-215.57432254653543,356.0473020632406,26.5113083801977,51.760400131244786,-163.90042252691964,161.3850679041485,388.60572046123076,-28.126554056906038,-316.2501276744999,805.3439341557373,-16.278732387725114,129.54347819101017,955.5063461245128,-527.8866045675787,220.21320708041657,1104.7964021610717,-350.88777075859895,-268.50866783987914,-1000.0571374022288,272.9005105377249,99.4251875208753,-1149.9620117538286,-199.07972165016497,167.15853903128922,-1300.0460795574545,-34.58188961790692,-195.2890195529068,-300.011659779869,281.829957490081,102.60680709162955,-0.06210980372092529,-229.87025983562063,192.8475878803323,299.94048559759295,-52.18103850726649,-295.50232250819,999.9231493208914,281.9364499806648,102.70533531456364,1149.9352778830994,-229.8066245950578,192.87959015642105,1299.9648771293698,-52.077579165516894,-295.41474152675164,-749.9613262439933,273.0119761032144,99.41156184690047,-899.9848093510938,-199.0061327586961,166.9716732130965,-1050.0225629828296,-34.40803213263631,-195.3891644209696,-300.0266604699311,281.86059832134464,102.59077741019227,0.0023646122639204604,-229.83495795784046,192.81151274650543,299.97981032776295,-52.159541562206805,-295.39952793022036,999.9707811423967,281.927666554314,102.68604957901027,1149.9349596798784,-229.75524627403365,192.91609917885475,1299.9326728918695,-52.07918691274545,-295.3659927706938,-749.9896218804128,272.9538870266313,99.36230741713523,-899.9457511461194,-199.0241880835759,167.03016522196486,-1049.99424711123,-34.48002953620399,-195.37927082686392,-300.07823409579134,281.87198242164646,102.62649592357715,0.03330487906996841,-229.85868803110492,192.77021611576512,299.9528905110131,-52.166244508433465,-295.45793004185504,750.0341015376464,281.8631721075385,102.58249453159385,900.0220673785209,-229.86772462660184,192.8034668273883,1050.0792075333507,-52.15050424785254,-295.5095365437752,-750.0165136014576,272.96487215553526,99.2871011709472,-899.9448051391097,-199.05928700571297,166.98397425123935,-1049.9701197554114,-34.426484674197965,-195.4499582424809,-300.0925445760636,281.9080287924437,102.56577897837413,-0.01826398679620825,-229.72672364601627,192.80897478977553,299.9398811722527,-52.062617012390504,-295.47067710510396,750.0346606261348,281.9500895695545,102.63138085885268,900.0081223041384,-229.79657597686906,192.88488741474325,1050.068780921453,-52.126334800914464,-295.4177880048513
calibration_00059,-829.1060766910911,621.5858280496586,-149.97375005984827,-944.9779410686192,137.95360444454224,-99.64333358158989,-1127.7958994347598,310.8135223222675,-442.53201712007626,-319.92821535636494,1.6878046223239653,-179.75331182385807,91.73004534891062,-412.76894443746664,-42.841780315741744,294.2663217580893,-284.71779112405704,-592.9269408599685,739.3045632792933,352.9577449812403,312.23979896644164,873.2861219606215,-170.8949722161699,302.47437362947323,997.1033396579072,84.09721538619205,-158.09192276187042,-1000.0221550505753,272.94043209335797,99.32069003516058,-1149.9587659849592,-199.013390425042,167.0355412097249,-1300.0339373888062,-34.43269090210181,-195.36872185627763,-300.0504837120578,281.91904640875794,102.64728799289358,-0.029579183368898827,-229.75255243126367,192.88368767306991,299.9547100202832,-51.99961547936286,-295.4848487943808,1000.0164190304912,282.04925890805316,102.51677959385856,1150.038646093099,-229.75216242726518,192.7614269000579,1300.0706144433727,-52.00554808317779,-295.53778289097613,-749.9807456933258,272.9074314990997,99.39463914909571,-900.0445597902764,-199.1216044724311,166.9755906895211,-1049.942253461836,-34.45601131257865,-195.41190304144243,-300.050711446919,281.9153180485249,102.6700310107351,-0.009913155799303377,-229.7913284076947,192.8373963736345,299.98324603851677,-52.03292674404318,-295.4289715585503,999.9904849279586,282.00223770667327,102.5204270864901,1150.0182727962624,-229.71123408760965,192.69378130659732,1299.9853307920062,-51.99233231211401,-295.5141969202855,-749.9642346011367,272.90496781016884,99.36370354821675,-900.0373413675745,-199.08263515587248,167.00612524165533,-1049.9751783061613,-34.502626609955065,-195.43346688001228,-300.05713682747216,281.9261964488341,102.64048168173832,-0.023211833967435494,-229.78994589941652,192.85816577333216,299.9277871305298,-52.01019424052281,-295.46413652613376,749.9943797270282,281.8864187924855,102.64568470102718,899.970361970665,-229.80314869789206,192.82900582022933,1049.9618705902894,-52.12086229170179,-295.3673636607992,-749.9842385308212,272.8733666561045,99.3745075225896,-899.9394523140195,-199.11806079053838,166.97433797594311,-1049.9469090880568,-34.542660361837974,-195.4965788747244,-300.03217873267164,281.8877879337799,102.62278467782143,0.05040484858914874,-229.77760821792162,192.81809039458344,300.0257098529457,-52.05809649708272,-295.4500903239613,750.0502470477768,281.9327196077383,102.66290699009137,900.0628390422702,-229.7507476921053,192.88406837226293,1050.0348257202759,-52.045774478820434,-295.41472512537723
calibration_00060,-1212.7416460822462,97.16249466213148,-84.31664663294488,-1463.2453817631138,-330.3800252373834,-18.27707386214765,-1583.551676974298,-128.14901289677508,-372.5962466207075,-248.24432107562498,168.25980642144216,398.642680932543,38.16515314317906,-348.4665850351071,503.454321957631,360.0461637211067,-179.8400911150245,25.975786810360553,1255.1864938121425,215.3285351453523,-96.18040479766783,1396.787955022064,-294.97120897005794,13.820974013643205,1561.426059901879,-134.32595334765466,-475.6146470402264,-999.9744288490149,272.93593287077465,99.36025441480584,-1150.0388430806556,-198.98451286367506,167.10176614638084,-1300.0364943928848,-34.37512047407015,-195.33075511341926,-299.92419300973705,281.88325304953975,102.62651592292133,0.09663808710038897,-229.821534983535,192.7700120874207,300.04273416615126,-52.06102592100936,-295.4856536199566,1000.0234728369165,281.87932106106143,102.59875073215314,1150.0264583717046,-229.86555249110933,192.77575789258628,1300.0136193743385,-52.12151505866786,-295.478490165143,-750.0667199359857,272.926231590041,99.43344113594333,-899.970363485379,-199.0846167982369,167.01350318880043,-1049.9699756788834,-34.47722790538867,-195.43306454327058,-299.955415936376,281.8553768606779,102.63629502063333,0.07904867502477907,-229.88223626603263,192.7851751518182,300.05331237053764,-52.102134899512535,-295.4795670448968,1000.0294424178826,281.89817627881297,102.58014884568946,1150.0121919848598,-229.83074080456907,192.8338690943228,1300.0538439115746,-52.07863632131091,-295.43807150486634,-750.0704647837632,272.90447727816536,99.45507774694403,-899.8850616881806,-199.01507072051473,166.99496881013545,-1049.9755499834052,-34.44267174500969,-195.38216684108824,-299.90719146641595,281.88109500179803,102.66960283640455,0.1234387498620238,-229.83216436081855,192.726347634193,300.1190340521391,-52.02069047476223,-295.4846899492303,749.9787799647705,281.88457816802514,102.6635814659273,899.8904427708713,-229.89892322798224,192.91289532733242,1050.0410850779165,-52.13824803310439,-295.39576434695135,-750.069414497693,273.00755097667985,99.32101278269204,-899.9853635665821,-199.00705309306136,167.07137992376443,-1050.0574130285486,-34.44735852584119,-195.4220187872798,-299.99841700284827,281.9140849273006,102.64028560646348,-0.009695951878659632,-229.74890872753468,192.78462688427567,300.0315958402529,-52.12187879419006,-295.5091599328927,749.963747807912,281.97441496237747,102.61089579013523,899.869700092343,-229.75475977697513,192.91949908272338,1049.8924523044868,-52.193140335877544,-295.3685381337639
calibration_00061,-781.371343428407,413.5489217443127,-134.16405906263967,-932.8626966370231,-58.291927640911844,-68.65544974199632,-1080.0927280675576,107.48134717563349,-431.6347152662513,-331.0009626804607,370.0784565786433,342.3264392209304,-42.06326361812441,-134.48445177028316,490.16598216556656,304.26695509556583,16.36085487994848,24.027841389832652,645.051879600204,592.9224019127188,312.29558702268287,807.3019496707376,98.23932186882871,458.4564332234332,977.2426677802647,235.06304760118792,-36.37133384226619,-999.9499751627593,272.989953471817,99.31785232830106,-1150.0079713046446,-198.95492244732233,167.03687867165485,-1299.966034762969,-34.44705304420866,-195.29987467836537,-300.06255988573577,281.85804257407017,102.60905947795148,0.07708871659627631,-229.81222779653066,192.8222701801908,299.9659109806408,-52.12575933252982,-295.4777931312755,1000.0417305348036,281.8725915546302,102.53971920112389,1150.0560836296636,-229.92066965061318,192.82918895972117,1299.9428607349105,-52.0905314824017,-295.501291844102,-750.0997423846312,272.9711728732574,99.3764245144431,-899.9659480765258,-199.0137621231956,166.9973226059999,-1049.9472661060051,-34.41739614377556,-195.4148187495663,-300.06220726977807,281.8750560315821,102.6131676739811,0.06787276247903345,-229.72616936115858,192.84475576794586,299.9229636264824,-52.15062497723681,-295.52430602124736,1000.0565027634369,281.8838853512294,102.61271551654418,1150.0516961200324,-229.79252563093044,192.79136615940251,1299.9895108087976,-52.15373228234738,-295.47823145523705,-750.020614781046,272.96697401171565,99.38536393237534,-900.0512702884361,-199.0641144666015,167.01021302589348,-1050.009562135735,-34.50021725541217,-195.44992410595444,-300.0184734336483,281.91660872021413,102.59750236561287,0.06309905858902669,-229.76712776877451,192.87237597686268,299.9952265445218,-52.08537593325293,-295.4799765737957,750.0153129167887,281.8635148950177,102.62525982028899,900.0133090486928,-229.89697370498337,192.8255444844326,1050.0043468276042,-52.136890024776385,-295.44016668946944,-749.9801731721307,273.05629508931867,99.38565961602569,-900.0029381566798,-198.8814701549218,166.98184158276877,-1049.9841560124157,-34.391344884161725,-195.40333078347786,-300.06346298781386,282.00176671553527,102.65797442427628,0.11587304395927189,-229.72111582114042,192.86418450571344,299.99824022880904,-52.02403756001544,-295.4983761360883,749.9821907242712,281.9968328001074,102.66062231528936,899.9362467128334,-229.7816914982966,192.84748714557554,1049.9621478596841,-52.05971101617763,-295.3675008756394
calibration_00062,-1179.6939713581826,283.41478996906716,-188.62275840836227,-1405.7504036132952,-162.32925840786567,-191.36297174974266,-1479.930296144027,56.272477961840174,-548.6211066122942,-456.1241598376471,346.77066147782574,282.53096385156584,-281.1438842020212,-223.3643880293036,217.11830381668338,-65.51777931052577,-18.46598380321935,-303.9461311330151,1139.5209487335082,440.2988384151355,60.632628014724936,1299.1303804142315,-73.34927028938002,117.14482873832522,1452.5860646468639,141.39226293649924,-355.0150693053224,-1000.0011359054586,272.97428288411527,99.33160200187848,-1149.955545105383,-199.01707979728488,166.9946709808408,-1299.992213690666,-34.453306596558335,-195.44852692269484,-299.9798911497171,281.9406770215121,102.58754359048547,0.0717385920883011,-229.77445516171306,192.85054017781013,300.0172240141685,-52.07654595731721,-295.46411217661574,1000.0853853254835,281.9034732384477,102.59215420710969,1149.9846085786455,-229.84352733329436,192.84852021905542,1299.9418400541897,-52.169891454275906,-295.4303963787447,-750.0155616616934,272.97487574469227,99.36347918530164,-899.9853143838111,-198.9658562968746,166.9733132099471,-1050.0183027162982,-34.39743513503175,-195.48664342771787,-299.95569889222526,281.9298526167591,102.5788625836136,0.08457829398934655,-229.74704534841322,192.88963021851984,300.02553467702097,-52.16064307311477,-295.51984549753365,1000.111085682719,281.8111523707435,102.59578659226553,1149.9747888728505,-229.82632240928274,192.86544516941171,1299.9594790109263,-52.176043313896656,-295.4908509710445,-749.9578046789186,272.97832133887414,99.2730078104437,-899.9975114561666,-198.99942770245906,166.98494416324252,-1050.047134550843,-34.36278370021325,-195.41970222680445,-299.94971334296974,281.9285703836221,102.59684410420442,-0.006241073018011203,-229.74285272342794,192.8368582205747,299.9799152133202,-52.16582187394323,-295.4225617264483,749.9752667734878,281.9541470257921,102.66897996443657,900.0774129253454,-229.80896972099765,192.87201697764186,1049.9849837894376,-52.07784297898758,-295.5077112809792,-749.9977378906092,272.8375306812362,99.37102841753455,-900.0196094025017,-199.10375060986047,167.0759019260627,-1049.9879238235767,-34.47316817992246,-195.3833046576837,-299.96998336667497,281.8338935254047,102.64227023082407,0.026264759502703475,-229.82566905842918,192.86594129917063,299.9400867653938,-52.18947517660771,-295.4911860025372,749.9929706164575,281.9543288723801,102.56876088554414,900.0734063296258,-229.81165953491362,192.9004998221938,1050.0033258754029,-52.07762562146096,-295.452076982207
calibration_00063,-1149.3699375121575,-51.09881582187653,34.18858222407139,-1207.0370553752464,-543.5156106292043,97.49793971293387,-1437.8889663756086,-396.6037255299904,-228.06686866585162,15.057263517229323,336.88373160379024,23.940172996361515,214.9803899352548,-216.83069469420116,-91.78149603399507,491.957665968171,59.42556231650579,-546.6400622679205,848.889722385197,354.5693906583922,-19.94862093347292,979.2137023518216,-157.9322370058309,93.46755963861713,1124.557507141833,-12.113867106013744,-406.65815366602465,-1000.068293102368,272.96754375106224,99.22150130777635,-1150.0020992824698,-199.04387812392898,166.91315286409417,-1299.9883446991525,-34.426794852595116,-195.5380962704768,-300.073076578654,281.92052654242417,102.62383288146623,0.009200894171350563,-229.77488988423215,192.91453856136218,300.0356874657533,-52.0123691037314,-295.4302543494037,999.9836763668682,281.9230968984823,102.63121874532241,1149.9992690129138,-229.83688965477734,192.86507223774993,1300.0453698305014,-52.109440557532174,-295.47028320787626,-749.9768446202492,272.99275270570416,99.27827630761678,-900.0182500694116,-199.0581434439011,166.89260058474989,-1049.9737326976547,-34.49967951690793,-195.56858141200465,-300.0269036986159,281.92004413111533,102.57530311035569,0.027344813026498202,-229.78926705850614,192.87129574923765,300.007252719801,-51.99879279614892,-295.4470034659902,999.9539532257628,281.8353699280752,102.58706728303218,1149.980979100673,-229.89608255052326,192.786775521983,1300.0200851433624,-52.13266772710468,-295.4929421344103,-750.0223734608169,272.8801435568367,99.2025715615834,-900.0276986261725,-199.0312734333809,166.91002189429398,-1049.9819285889266,-34.51616626799013,-195.52662715565555,-300.05557672114645,281.89203196472556,102.6125316189958,0.031611890982302236,-229.78891463430858,192.80149696081168,300.00650130517306,-52.00082556163593,-295.4557218788513,750.0688089340308,282.00568024007566,102.53576701165562,900.1088730277697,-229.70099103259673,192.82566154043442,1050.0675322560392,-51.99982952493077,-295.44241103126103,-749.988381442864,272.9143083898264,99.3962614311418,-899.9947038689462,-199.03411458103682,166.9905594426173,-1050.023649269214,-34.37999531725512,-195.45880854483187,-300.0286970531682,281.84372039752003,102.64808876249947,-0.050285897334463224,-229.8646284301395,192.85161704925005,299.9522334623979,-52.10115888499218,-295.3995575495163,750.0809916579835,281.83227481898115,102.56827957608898,900.0057009479333,-229.91042915693475,192.76799212557336,1050.0040428415882,-52.20879144754996,-295.5394750273777
calibration_00064,-730.8198412456377,332.83489979308587,263.849264863033,-772.8261039219053,-144.93944810614582,404.70394013958384,-1054.200101224231,-42.32722256083709,102.57454881659397,-531.2020579961262,345.37578753529255,-75.99996244460763,-160.4438391407772,-105.22402391179172,63.62568705186072,157.27689346944,113.59785868950625,-395.8788202467296,977.7136378402774,273.4888252904957,44.00854784189853,1150.3859022252316,-234.3395624585459,113.18378056853882,1191.9858581454027,-68.53014342169338,-399.9537432393865,-1000.0139489967835,272.8830315481387,99.32472959273544,-1149.9232664422188,-199.09058321425604,166.9234164544516,-1300.0014793944665,-34.47284504266589,-195.45857886249837,-299.9250045171386,281.9484189838992,102.59878657424886,0.02535137175756589,-229.80842314343937,192.84264748977148,300.01416923631035,-52.09960916163381,-295.4723016804277,1000.0146685735505,281.93991969131764,102.58909951243967,1149.9790513329174,-229.8602229845439,192.79207549925698,1299.9940535128624,-52.16219228741375,-295.5632614363968,-749.9794113151215,272.9268923701058,99.39023712545718,-899.9731006330258,-199.08202994424636,167.0634986694855,-1050.0167061019313,-34.44805885224304,-195.36579790184902,-299.94267033194654,281.92206341993364,102.61956588294304,0.049870410570944934,-229.7961892312192,192.8634571918494,300.0703256412111,-52.11450089864893,-295.4259922018795,1000.0663673790484,281.8520181616511,102.57996199346158,1149.9610953022893,-229.8295742187229,192.84992586339908,1300.049701671499,-52.09171240098018,-295.51617976624556,-749.9385173434592,272.9476784401282,99.34062105390844,-899.9910443872625,-199.05878312949957,167.05366263773877,-1050.028901311159,-34.51621768349924,-195.34368897107223,-299.94939328652924,281.95120180710717,102.59354556811708,0.06722794302664115,-229.7823890946744,192.84861694405583,300.02407469364573,-52.11876592390327,-295.4285112783373,750.0986721453545,281.89205806557385,102.63360515165643,899.9874098119675,-229.84752020515552,192.8981833792439,1050.014118064661,-52.199945763251776,-295.4559787255121,-749.9959600714849,273.0029821112528,99.36312832136684,-900.053582348127,-198.98138294578771,166.9985452225793,-1050.0605155507455,-34.3832162377978,-195.38150262205232,-299.96839528403643,281.93668595337743,102.57614266047882,-0.00038202366964915427,-229.78544066064885,192.83860631234273,300.06082737259464,-52.04288410536534,-295.45459946268517,750.0300672063096,281.96044249342145,102.65956934913864,899.967194719566,-229.79654073283444,192.86743825537886,1049.9588530868893,-52.09658428059587,-295.44899003741085
calibration_00065,-1034.3525106034635,42.52226853834444,17.849485016850934,-1082.416089553013,-448.8677244900092,95.97064129999175,-1260.0007305227816,-327.631013621694,-271.0977156876624,54.62571749248998,354.2213668624202,208.78580601336887,340.99983210591085,-168.91741118586063,142.81329056606347,498.2396015415614,69.77902688808823,-384.6630657736775,902.5523856204878,61.51779145266727,181.38805560499117,985.9518493101243,-472.1302010659901,208.67648495636175,1122.3880020686352,-264.64141833091577,-271.6949931174828,-1000.0151140690709,272.98506890923244,99.27845986257073,-1150.0718361812947,-198.97903223766863,166.89334853560797,-1300.079141604455,-34.334008419780666,-195.3541056388204,-299.9403291017974,281.9145174861554,102.62805591324236,0.0780762539184907,-229.79532566328538,192.96667557603146,300.0190845182776,-52.16571110394182,-295.3919202603381,1000.0415379883759,281.9509685159074,102.65071630239096,1149.9288944135883,-229.7690059457822,192.9419448619255,1300.0081546132858,-52.13867823671893,-295.3628603151288,-750.0406386916777,272.9889240405851,99.29771312797057,-900.0794472413972,-199.02260074079237,167.0505598408737,-1049.9790398043706,-34.513612168761966,-195.40977452112963,-299.9746072384378,281.93930120677913,102.615231551841,0.04539825929635053,-229.75685693340435,192.96013270879277,300.04096543854354,-52.19893673878509,-295.3767503391451,1000.0675897941828,281.95910020818116,102.63816044365656,1149.970811723382,-229.83658227224032,192.93603983970792,1299.9487883342842,-52.144375417467245,-295.34147167598763,-750.0317854388529,272.9518076325055,99.41429423073015,-900.0518219806673,-199.0039949267789,167.08327684394095,-1049.9525730934558,-34.49630838038843,-195.4146245212553,-299.96102425794385,281.92648596879417,102.61580613667408,0.07010975798481353,-229.77839775519698,192.95616373897357,300.0036949483296,-52.217742901459324,-295.423229472102,750.0202505437114,281.9167213623808,102.57373189333204,899.9780872385069,-229.7907177728309,192.80352948770314,1050.0000266509082,-52.085517122078535,-295.41573068659716,-750.0815961723821,272.9103235152028,99.36773435787487,-900.0288461205688,-199.02929678222552,166.95728996371292,-1049.967168548609,-34.502040729303474,-195.5041116262944,-299.97402517493464,281.93175763054035,102.61001713366075,0.12057165729235678,-229.78199258763655,192.9156448760815,300.0392973036922,-52.099486989317214,-295.4328865600662,749.9739610658128,281.9201565725394,102.64096843903462,900.0129484369072,-229.80748965180663,192.82740736714513,1050.0423479550302,-52.02222471212246,-295.4271878992479
calibration_00066,-878.8058935714442,606.7176453569914,354.13957791884707,-1035.3023565116891,135.99826859228716,415.5487361033977,-1192.0148099016792,311.07617118833906,61.02611074898641,-527.4008720223362,136.81093415319884,196.3313544083151,-231.16930866764181,-365.71033574129757,336.909199629071,82.32412265173825,-229.28482373258598,-156.13973593557233,1177.3305748185621,511.53523077279556,308.0607650939488,1458.3054348363846,51.29093275130589,349.0044609959592,1591.042105496402,337.61577045456534,-90.14437260243719,-1000.0958061113156,272.9116612385901,99.37410035736484,-1150.0306901848112,-199.065883382546,166.97837790691025,-1299.965790115441,-34.5062304704039,-195.49906284047123,-300.01240082104687,281.9822736033512,102.54059890397036,-0.026137005394642494,-229.79229663190208,192.7647628072602,299.97871253835973,-52.14271642629563,-295.4237725428079,999.9355496828131,281.9431664547615,102.5960268904463,1149.9231440183923,-229.81247384613354,192.8758437277905,1300.013226359108,-52.155667931185775,-295.3559042906203,-749.9492255745723,272.9115421547768,99.30922866723537,-899.9783048021153,-198.97249676403197,166.9948273950401,-1049.987761535893,-34.42950567683264,-195.42814317384205,-299.98710414038607,281.93853780277976,102.5790204678988,-0.011774623734243343,-229.81722387640187,192.892189616489,300.041112151242,-52.042098297956855,-295.4181834953805,999.8859845732815,281.85667675732344,102.55475107407553,1149.9305303392182,-229.82619880938583,192.8849583679114,1300.0433856058676,-52.12928309226606,-295.35485340933155,-749.9516138493701,272.93040495281537,99.3275503717166,-899.9852781425784,-199.02116714966618,166.94124693758445,-1049.948790291222,-34.409553977809445,-195.42824591348244,-300.0289756515438,281.95547911578456,102.58492501021922,-0.05738975563382046,-229.78853603757958,192.84817286120494,300.0140012003047,-52.094722634781114,-295.3967207448902,750.0438654894865,281.98422640887054,102.64107540768474,900.0764065549903,-229.77217175468857,192.80603507355514,1049.927459587655,-52.10514231070954,-295.51508137141604,-749.9576976210443,272.94179740217777,99.4049821571156,-900.0200386626431,-199.0211117639934,166.97441171035499,-1050.0111078835384,-34.485463849691364,-195.37106626826767,-300.0268079763185,281.89634065773606,102.64994216708911,-0.019401543036222824,-229.80901312263035,192.92729166217867,300.02639442860334,-52.085007865989134,-295.40913606854514,749.9854483561882,281.96059832043807,102.70748301044544,900.0247269780849,-229.83402122674445,192.9017620454937,1049.9040522704718,-52.10670202094607,-295.4188023148693
calibration_00067,-1010.8523583605003,412.0784975749234,353.4907291139593,-1191.2332794612487,-52.50709753371135,391.5471969457193,-1305.895442550163,133.71656372384768,26.6811346824971,-239.04605127355578,107.82031702429947,120.98790177851933,140.26623643721834,-347.7492373974236,213.86803011016895,368.4910878765407,-165.75430957173853,-310.37192924436937,954.2856037216804,139.7919575885268,325.0978548542983,1066.9241157462902,-375.98702266902876,442.6138412744756,1156.9255409241046,-256.6796927528807,-77.18955434475389,-1000.0060533498855,273.01327450345855,99.34037854271718,-1149.9370372515918,-198.99363111739075,167.0911343179879,-1299.9772538848122,-34.494136815272064,-195.3272619533559,-299.98389265750296,281.9140164772056,102.56630535463873,0.014859632701268253,-229.83807818398665,192.74367997932274,299.9981355926865,-52.06689355750812,-295.46962244840375,999.9360817743545,281.88233022277507,102.57507582584454,1149.9601510098194,-229.858674838556,192.92164664240627,1300.0100158594041,-52.12984076616469,-295.40397010645626,-749.9937197781702,272.92601776054113,99.39698982380872,-900.088583760509,-199.04027413262202,167.04098841192493,-1050.0611777815416,-34.46412974565589,-195.41207079737404,-299.9691767111826,281.97005280240484,102.54495949654387,-0.028302779697954476,-229.7962102230102,192.80962806264193,300.0116472611456,-52.062718878192165,-295.4598748262283,999.9811526110616,281.87810055562585,102.62688434933077,1149.97151601614,-229.8134219235147,192.9100264472191,1299.9904025417668,-52.11310269776957,-295.3712811188739,-750.0724364816391,272.9549654375899,99.39059129410411,-900.0879567669162,-198.9991720393644,167.00159114842924,-1050.0732335793916,-34.465393137521744,-195.41886668216776,-299.9856102827796,281.9446463400512,102.63021262006339,-0.05932289539521733,-229.80465602424124,192.80404496707018,299.969315528016,-52.029264489296025,-295.5023483711058,750.0167007315038,281.97346984647754,102.55107277973713,900.0316442397351,-229.83191755559776,192.7885125142708,1049.9612176923317,-52.111057729805395,-295.5083270216187,-750.0046611815302,272.863914414304,99.41525251099037,-900.0624281328099,-199.14037897382744,167.0290385309939,-1050.0854218056481,-34.56110864602894,-195.46845516492394,-299.995116315852,281.8595044126697,102.596799226433,-0.059046622930498255,-229.840848766076,192.7922605757383,299.99820618870785,-52.159605975978614,-295.47218042882326,750.0133615235918,281.9067875550882,102.48008741588173,900.0289499285869,-229.7472688607516,192.77161868559227,1050.0086772534944,-52.09647577956613,-295.4949788844273
calibration_00068,-826.7719922796412,-81.06382220633196,98.4844834018295,-1131.9801585553666,-474.9941737395927,59.80167441392186,-1146.5685696307708,-227.57791413059007,-285.83678588688235,-119.45920215944975,290.0371333994348,-66.06230967449889,246.67339153702656,-175.9801151941469,27.49856308863284,481.0264649893909,-0.3833988695608273,-496.22556412638005,779.5373070393031,39.71649487358731,324.86072651854107,938.4017819167997,-468.4652319080707,419.4609272646062,1099.4651314086757,-286.70192832182056,-63.833890636824385,-999.9672265237841,272.9651485755498,99.39366772749455,-1150.0024496398012,-199.04990577230384,167.04012173824376,-1300.0821686540555,-34.44645184744423,-195.35349263548676,-300.01362990818325,281.88283316326294,102.53000376438602,-0.02390231097436632,-229.80251055533205,192.75676738952131,300.0674327633861,-52.08849784710033,-295.456411746887,999.9721731645647,281.9143152601987,102.61579432498783,1150.040579835254,-229.80177536375817,192.96198279836906,1300.0785058663905,-52.1705452662376,-295.3967771448567,-749.9842481089971,272.9083200942441,99.30603903698687,-900.0301159639346,-199.03294517269296,166.98909763315882,-1049.941877968421,-34.51825086551592,-195.50238130449424,-300.05992701726325,281.8545882761713,102.51787609490573,0.05795776504338993,-229.83189261602104,192.83354458851713,300.066408050203,-52.101285175918434,-295.4209667406266,999.9952626479197,281.9267026340445,102.63718441505122,1150.0219513526251,-229.7795542259337,192.92897682022004,1300.0849620848107,-52.16388304443456,-295.35861491756265,-749.9713001245163,272.87894328811956,99.36576644985949,-900.0021939291217,-199.11024479264415,166.94392980465278,-1049.971151845765,-34.57582518522186,-195.52957034939362,-299.99296044067074,281.86112655357795,102.52262995139262,0.0383635933137631,-229.75166284637365,192.82597652609127,300.0299135432605,-52.10967031497935,-295.38804330933914,750.055653500469,281.9585919178858,102.62075747405564,900.033623354424,-229.77697248050617,192.86784565405384,1050.004893058068,-52.109686711647406,-295.3994356374178,-750.067698225605,272.9374173691285,99.30369823141731,-900.0527495495006,-199.0640306254033,166.8442269067458,-1050.0007870435513,-34.37315074511918,-195.52070972282831,-299.9943417658753,281.8500030708816,102.56189772236532,0.041998050218102476,-229.78747815638724,192.74211494269846,300.1093049025054,-52.08384604212601,-295.427680327315,750.0308477615952,281.85377865782175,102.63438602410014,900.0027334492529,-229.8734829415999,192.84222394831622,1049.9604515978976,-52.10879709431195,-295.38635664733044
calibration_00069,-775.5086705789724,236.2558103645648,422.73515245076106,-868.9812026384427,-248.83230013240194,498.7119177378196,-1005.4471300873199,-117.94435652585787,117.71120274950205,-149.6920306012407,206.82119694366253,-204.36185812068976,303.49553260973767,-183.18677700231038,-154.3478032127655,533.9765261413215,142.3907780709335,-602.5680635186428,944.2778196296376,16.817604102511787,42.95671779162824,1086.4471154822425,-503.2313526844112,85.48734405013012,1232.9326451556826,-285.5373318695593,-387.40497354031595,-1000.0346665373849,273.0463444478845,99.33980511728384,-1150.055000114568,-198.97670276521936,166.99365100423967,-1299.9738544647064,-34.44048868941431,-195.48232791480828,-300.00204678167677,281.89189068558034,102.57571457958495,0.0632470970200507,-229.86299507203276,192.87980610311988,300.06246162250875,-52.11547759611273,-295.44615397610806,999.944177370111,281.8852041339008,102.59588717548857,1150.032771819784,-229.76301261529335,192.8413064564544,1300.0744232913034,-52.07808079447954,-295.3638273889118,-749.9851321740612,272.90553449591994,99.29108530163137,-899.9390450068288,-199.0747825085607,166.90735243242617,-1049.9901834510824,-34.47910387915615,-195.43491795416492,-299.9816910023075,281.85294359873194,102.57879495342303,0.08337299312182031,-229.75701235747076,192.8533094426036,300.1122595638823,-52.04217017519833,-295.5014870725798,999.9348170272551,281.8752279168655,102.55715301972342,1150.0805161504131,-229.7671191989079,192.8907495006533,1300.085065774443,-52.04432703705567,-295.3966931770491,-749.9267654025182,272.83153642521904,99.25129407703103,-899.9007875047618,-199.10661053858001,166.92592040853432,-1050.001209421737,-34.53917224991617,-195.44682189246777,-299.9155793939017,281.88597187561845,102.5321384496529,0.11442249526650611,-229.74801555579992,192.80890804992202,300.06538557578216,-52.10561424380567,-295.4896613736309,750.0418893067093,281.84699653095504,102.77271861467393,899.8513859450751,-229.87065837763612,193.02831723454415,1049.9801619702562,-52.14444692732102,-295.36086310561745,-749.9908645952227,272.96066352993313,99.22727024745213,-899.9096402805451,-198.97918451874276,166.9656783191051,-1049.958843128871,-34.44980015932828,-195.42583845285247,-299.9721472435448,281.91791533599377,102.52184854489413,0.08620497110111813,-229.72921416096526,192.8713221351362,299.99755846201475,-52.137189009865715,-295.48155001828127,749.9861466312996,281.867167890317,102.6833346154036,899.9227964679593,-229.88947862284596,192.85331192747006,1049.9396493278773,-52.2228799716373,-295.40241729022813
calibration_00070,-887.745921359309,110.16982795298767,-58.53458815613325,-1016.2489339307791,-365.73254422991823,24.560975952033374,-1175.4830904881162,-219.1280117688812,-341.62284884355284,-417.536594893437,494.7209546000755,274.3540848903197,36.83769636030968,105.15854180594727,232.30970007596457,133.3053572036201,389.20248366828633,-287.27657385452034,1015.273747954795,132.00045246867742,104.52880438016278,1117.2032778536766,-384.2486796003549,229.07742221869398,1340.0508901391345,-235.85262180192552,-240.78124440458373,-999.9867434143656,273.03115560266457,99.32181584292655,-1150.0433701944826,-198.97921414060448,166.99115588860266,-1299.9731305789874,-34.35739492753041,-195.45216298868596,-300.06445914625834,281.91822424678566,102.59128976495901,-0.02962270948648297,-229.81908107006444,192.85709010351817,300.0574734800634,-52.07754096707056,-295.3990997532609,999.8823677784434,281.97385495031637,102.60464469312917,1150.020877387341,-229.74285770968498,192.87369908710454,1299.9761758004715,-51.954009415397046,-295.42419257358307,-750.035731154585,272.9365090155111,99.34357780196581,-899.989493155612,-199.10369220533133,167.03193694009124,-1050.0252200163084,-34.48384343656236,-195.4280345167176,-300.04035394102675,281.8243123193317,102.57381377464738,0.03338644684146193,-229.77849034614044,192.85253067123622,300.0665323747326,-52.07387855846924,-295.3918755429431,999.9054339706987,281.96726890030914,102.61643635249347,1150.0162115685002,-229.62338117533213,192.83240467818018,1299.952474713084,-51.98132149040201,-295.3878629854766,-750.0211357818448,272.91860132230465,99.41099507112939,-899.9685161464784,-199.04561861766706,167.00509367196213,-1050.0111001555933,-34.483248485323834,-195.3896363987052,-299.9877259245455,281.9008889241898,102.56117857514697,-0.030864925694376183,-229.8211475940132,192.87675755442547,300.0755935616688,-52.0502745204198,-295.3726760535696,749.968810305815,281.91437242781984,102.66000623383358,899.9945351319316,-229.7894810647928,192.89924578465585,1050.0948716063187,-52.13731694251246,-295.3897857815784,-750.040009026228,273.0169163888493,99.35143254662852,-900.0005962130546,-198.9717474715545,166.9834657716423,-1049.9646423180823,-34.35157503647072,-195.42596351627793,-299.98825303905517,281.8948160738447,102.59777811107658,-0.036865504968941934,-229.81301452259734,192.7896732984241,300.05218436089893,-52.08942800749791,-295.4167755580793,750.0467235491191,281.883981623874,102.56856150636524,899.9859198832114,-229.84184596314165,192.78630053698697,1049.9519379839069,-52.164362897130445,-295.4685941071533
calibration_00071,-867.0562950921302,-84.33643960737217,237.4309775830652,-1152.4467165952362,-472.95383566170597,368.9929434383522,-1295.4485300225738,-282.13065045803893,16.73806860403737,-207.43597851838442,514.4632513864178,-233.68062662419058,47.9604596236298,-16.467275604400875,-120.42557208445221,424.676806182612,156.87282007337512,-554.090465419486,875.8814700152959,481.874128327438,129.79979157501208,1039.1469663590622,-27.278645915938576,210.8219267631894,1184.126183825,162.96790809839754,-274.25310910060597,-999.9577091313389,273.01051481673505,99.34390933505428,-1149.9781809626056,-198.93145413137015,166.99903933570778,-1300.0359341722092,-34.32858691083654,-195.37669533504015,-299.9696290775747,281.8687513317727,102.5760031921352,-0.0476063619537494,-229.84515117367135,192.8260300108943,300.02301792448174,-52.10783720603328,-295.42791189604503,999.9883965836648,282.04339152134406,102.62842235968807,1150.050938023479,-229.71189035104962,192.86235407772804,1299.9685544730369,-51.933921601059744,-295.36312888049116,-750.0531195782066,272.97483931665187,99.3733214890187,-900.0137677978513,-199.02391644038372,167.03570207707517,-1049.947801912108,-34.46953427878552,-195.4828142435112,-299.98520730454123,281.84676959879846,102.54654218446953,0.047611578738952276,-229.87480525958043,192.8273031299466,300.0132032398891,-52.13968476302357,-295.46140244679606,1000.0195103355989,282.0342950053296,102.68891252952237,1150.0806764374765,-229.71032078125995,192.87639795297676,1300.0087989198164,-51.95389922201861,-295.3787094988404,-750.0236934268579,272.9973373927566,99.30435640976854,-900.0559278213179,-198.98933338318042,166.96029008337086,-1049.9683266041147,-34.48684330627013,-195.48839692006382,-300.0251100843992,281.94416342867345,102.52906911157069,0.017632260196286453,-229.87792371308,192.7642978144869,299.9752425578494,-52.079665685619645,-295.5042057322122,749.9963132816531,281.8149727521009,102.58041042472574,899.9627127189975,-229.89606189289407,192.826605037914,1049.9362048653245,-52.243083775968174,-295.39892311894073,-749.9826038568146,273.02149719833284,99.42045410937682,-899.9678207084237,-198.96189868186707,167.03244442083442,-1049.9481516245592,-34.43341689455715,-195.3726233289851,-299.9238555001993,281.9368643981649,102.6621638376336,0.03216797776755957,-229.80780837329792,192.82564644310122,299.997644334976,-52.1022182879432,-295.42871195504273,749.9876784863311,281.8773419002684,102.63213282684579,899.9823424686315,-229.80731031065224,192.91593361147414,1050.0324215957885,-52.09381611594573,-295.3898247069157
calibration_00072,-638.6373636818003,-128.13214400081543,500.58927156990995,-884.5736874558648,-555.7953510801158,420.1322500471128,-921.0613704609702,-286.82361695810897,92.68052244234751,-433.3677487259116,184.821379636232,-139.00832975703634,-54.88976153852852,-275.83985602335053,-71.23556038651863,192.95302714631063,-47.50976768655294,-567.6750807617888,1242.8059890196603,486.1689326692969,444.8851180556156,1293.753924102823,-50.96013871041615,407.7982939604768,1497.7785906286283,207.42864920652738,-21.28849764086366,-1000.0706426768953,272.9133649133528,99.31192880167056,-1150.0817806698244,-199.0498359604696,166.9954697373574,-1300.0370324991925,-34.49463603269037,-195.50035787396976,-299.96212852104946,281.92774194740787,102.5158439977561,-0.010507151287607866,-229.78430044648297,192.7869314483832,300.06016256579056,-52.05133011846954,-295.4475122871054,999.9438369992313,281.94356422078766,102.58472770290608,1150.012370602204,-229.78302652617634,192.8482999591579,1300.1062120604822,-52.07573690399328,-295.42198511429325,-749.9820627694666,272.9353672151597,99.42812851155495,-899.9932938899013,-199.03540776971363,167.04441669848725,-1050.0137711178,-34.42742461488949,-195.33580750390513,-300.06218180063723,281.9155544853635,102.51800253711806,0.0006759567951544654,-229.6970938965251,192.8218871143655,300.0154876980355,-51.995472256572015,-295.42806363263077,1000.030564001726,281.90729907116275,102.61961209338011,1150.018546612489,-229.8183381756439,192.84767922237216,1300.0032456886202,-52.089831957371416,-295.4573417553577,-749.936221240505,272.9849907077858,99.41024928762074,-899.90639912662,-198.96069618140496,167.1021457719522,-1050.0558770980342,-34.44178026757218,-195.31967576653113,-300.031179968814,281.9286556470345,102.52468953915394,0.02330842623204736,-229.78796796799006,192.84081657976958,300.04092468629705,-52.07593468566589,-295.4330976785053,749.9414122844089,281.9509874272067,102.4846075184782,900.0431168333861,-229.82662518507195,192.8902154666013,1050.044909732343,-52.20238746058266,-295.50442969634,-749.9822875699778,272.9500408197686,99.26331525607274,-899.9774606507941,-199.0467826264859,166.85673955019533,-1050.0218458802026,-34.42255734998938,-195.45287799803907,-300.07282419261367,281.8732075214954,102.50330273484126,-0.021043071816996235,-229.77595320979432,192.73853167882805,300.0343104165256,-51.90327603888974,-295.537791724939,749.9442648648417,281.90690636055336,102.60654218339118,899.9363345995353,-229.82651638452577,192.88600109034857,1050.0473083435577,-52.06186140063218,-295.4044656197617
calibration_00073,-1268.0209308891713,395.20771796708163,510.8050661632163,-1260.3517545917132,-103.35917787068729,476.33520896013977,-1416.5718600620335,78.37039221906477,124.94115266066537,-304.1600271836202,276.76176769635697,-145.10641692489932,17.52147677888131,-220.97078240724912,-51.9699889764537,293.81190169181247,-46.225531958804055,-555.0463768980223,759.7394397012532,633.4353640224242,-95.13028829726234,850.1183895258752,111.98263655635198,16.282409752986545,997.8419231427878,246.02149177092213,-486.467750902234,-999.9735687693119,272.9307426453282,99.26504657826217,-1149.9629040580824,-199.02501859023477,167.03690279269227,-1300.0298569729503,-34.491364064348254,-195.37803502901266,-299.96864438180745,281.9527935332745,102.59009372628913,-0.014291763318491838,-229.7817663374769,192.88114994457197,300.0314178732876,-52.0723787894925,-295.4220851186567,999.9411816101479,281.8566183283901,102.63421446152344,1149.9922228282405,-229.87686128385653,192.78602125284823,1299.9735708469657,-52.182165262306654,-295.4967899765765,-750.0221001360659,272.9477121405527,99.32982537504037,-900.0765305076848,-199.05863820177572,166.97322648727112,-1050.038672797685,-34.44948087744073,-195.4678816934459,-299.9463363202234,281.9443182933956,102.59300169774257,0.02372565685819173,-229.7620319432368,192.8317590059891,300.05155977203685,-52.11257597381665,-295.4505965862825,1000.0029046693952,281.88329806415976,102.49729494833096,1149.9789819931816,-229.93388458259494,192.79367270364307,1299.933991324816,-52.14453067444583,-295.4625654481195,-750.0249446661823,272.94474801315016,99.37322534049352,-900.017502627859,-199.03876938921562,166.95722786667756,-1049.9514048936207,-34.40875390423555,-195.47231120800149,-299.9859065737895,281.97502182791646,102.56015122937492,-0.004561322839493244,-229.79746375789156,192.81533384855004,299.98978109666973,-52.061019676436466,-295.4290064540631,749.9766837578024,281.92094133674345,102.61454080609036,900.0520121228881,-229.83305420424477,192.82304832686768,1049.877736619402,-52.089559351750935,-295.42388974723934,-750.0635663169702,272.9651754099249,99.3490541219682,-899.9972495278001,-198.97865119553165,166.93657298458444,-1050.0191110767132,-34.42567219900546,-195.47010102885363,-300.00615378906633,282.0062590309939,102.53133768072574,8.73923810245118e-05,-229.81082222229372,192.84664692628456,300.051011722805,-52.05455358790994,-295.4506056757371,749.977750832408,281.9235599927352,102.68024074450857,900.0485798110522,-229.83188335698,192.8275381341916,1049.9911853228145,-52.02288795366995,-295.3962385896504
calibration_00074,-1248.0472055427852,6.712947223168506,117.6202351590988,-1349.503579439351,-476.45213783906274,39.745037985784805,-1567.0275964491289,-223.28886938208694,-223.94960698668876,-49.20892078257339,60.05190027972416,-14.119451857463996,288.88494299813675,-434.67416999553586,16.420752424995598,572.9490269281845,-178.07937973188655,-445.62754831549034,886.4570014883668,353.51120902503163,-65.75760995613494,1079.7371655707898,-135.92767673915438,59.120563170202004,1221.8792013421994,23.32850382210626,-437.81212037378475,-999.9102770937062,272.9589483263272,99.29665040232233,-1150.0125215036326,-198.99805436818036,166.9639133374556,-1299.9367546271474,-34.41879079418523,-195.4028764433327,-299.9955445982876,281.81032813060966,102.69899203469427,0.08115877866424101,-229.8577157601253,192.89159193454435,299.9915413373382,-52.06825080656186,-295.4233425175882,999.9847447955798,281.8436889487744,102.67435549499486,1150.0244429035283,-229.960467648276,192.94103272430664,1300.023105119148,-52.22069876222555,-295.335540691475,-750.0411763045865,273.00388131452934,99.27677757952537,-900.0468760084894,-198.98423050759448,166.94367277991844,-1049.974197228951,-34.423442993450244,-195.53441531108385,-300.05854754373473,281.87917448756014,102.66413887273721,0.0871020524380789,-229.80187553747993,192.86176083203836,299.9039335424458,-52.072089796117034,-295.3991411319342,1000.0027287965685,281.852011899897,102.6710916721825,1149.9924186604096,-229.9137919446004,192.88042037848098,1300.0346209709644,-52.20688795315911,-295.3646244726569,-749.9951550660118,272.98679879197647,99.34911645611761,-900.0463248775343,-198.96735448120197,166.9665670340747,-1049.9580042667037,-34.41608278403272,-195.48520735892595,-299.9453115764572,281.9060207383308,102.69810386804747,0.04576213580544476,-229.8473633033679,192.87999847579619,299.98412478695855,-52.08576048723752,-295.403316561289,749.9799285688235,281.89633110121054,102.58215010922952,900.0832995071088,-229.8194462929133,192.77789112078204,1050.0317274690995,-52.06504472055215,-295.46733997701546,-750.0624121238368,273.00775359216885,99.31129740000716,-900.0291469333608,-199.03534872228525,166.93051793578,-1049.985380089245,-34.47783949892758,-195.52716521363,-300.05596513633145,281.81819767310185,102.69540668299062,0.059852362134452684,-229.8122963063807,192.92671197095024,299.9779479284443,-52.07972907043903,-295.3372879502632,749.9428631965145,281.95881671195764,102.60789685522757,900.045042244589,-229.74852234476876,192.90120427659116,1049.9725590676974,-52.10468905480906,-295.4510904225545
calibration_00075,-1092.7070887444495,117.73632304016813,146.7641888367419,-1249.197214263027,-355.9060154515135,114.22812582080806,-1394.8569971220627,-117.48064675230111,-206.4688144976334,-210.52629227046629,569.9694137542515,-76.21892296665459,26.865870129057168,29.19035331194325,29.71668278467284,455.72577774897564,228.29290721610394,-339.70122626319795,878.5044492163115,122.30975014376119,-134.87908459491044,1073.2118680847057,-382.31780815559586,-136.63098000815611,1121.703816034832,-138.91891408509082,-617.1489044301215,-999.9462079388054,272.9631485927845,99.38631470699889,-1149.958342922349,-198.99234503410605,167.0446764229178,-1299.9954638345894,-34.44717893897935,-195.41891082800848,-299.92965114127907,281.94072847424513,102.54496385601963,0.046007185824128466,-229.8152294655979,192.81011084825565,300.02558901949317,-52.13648008831532,-295.4331124472698,999.9601810979076,281.8658712228176,102.59052142912627,1149.9344972822742,-229.8572739753378,192.84096958580187,1299.9332908202537,-52.16372530476955,-295.45346535353457,-750.0475554904568,272.91311147014983,99.35578563835081,-900.0935733591466,-199.04648999754914,166.92746984006797,-1049.9913596783551,-34.47307010292025,-195.43790988143974,-299.96345315451885,281.91675881974146,102.59317488605144,0.022493990815944546,-229.81329678227814,192.82354887147378,300.0343114178612,-52.16737669502727,-295.4272444383445,999.9616204812197,281.80758588877217,102.62265351215494,1149.858296638665,-229.85966490087418,192.88314969301354,1299.9506171141322,-52.16979428795333,-295.43466756712485,-750.0672530008031,272.98706861308744,99.38165164279062,-900.0465418012972,-199.07833490081615,166.9561435214089,-1050.0438194147807,-34.477941422603244,-195.45248122272298,-299.9607204778742,281.91008528719163,102.51642959478825,-0.006336027032297822,-229.8137696225179,192.85725418072607,300.066762918347,-52.145092022786386,-295.4426215550062,750.0643813603331,281.94307574202423,102.56299826632431,900.1104062691862,-229.76609830438903,192.8064352589292,1050.0070487327432,-52.02829158852825,-295.5178861201028,-750.0444211527476,273.00432567168434,99.39352523460522,-900.0285953572003,-198.96677879209756,166.98251983039464,-1050.0217481797358,-34.39978743367301,-195.39839450196197,-299.92780956965214,281.93172409669046,102.56688683090215,0.018162190345463822,-229.8111565785005,192.86818269484297,300.02704654086284,-52.13412557803303,-295.40821529399784,750.1396941792491,281.870522672805,102.60348586424635,900.0425602529625,-229.80087412210293,192.85073433171,1050.0414339132926,-52.09403674241746,-295.4765304367923
calibration_00076,-1013.9147892639854,239.21963475570897,292.66111046163934,-1061.9612945919364,-247.09991859321894,187.45709653517835,-1230.4802794416605,-0.9519502751079465,-115.80202247571326,-383.99946017942443,449.0648851035325,400.38222594024427,-175.38296507444215,-110.06165018141338,462.3485926472948,212.17731499978782,68.25592790640016,40.44341981388741,1365.6969226251742,233.69051247169713,302.7330260820434,1444.613739855389,-292.19163210609787,401.4753102273575,1654.6885409596027,-135.5502734288528,-71.70537275663011,-999.9551468003166,273.010247862802,99.28121540191076,-1150.0112542237673,-198.9649915581935,167.0192307883576,-1299.997826630137,-34.49436917942003,-195.43587111795702,-300.0465126488652,281.85750472754114,102.67091977627166,-0.025082586429929093,-229.81577643520205,192.7593772938805,299.9355913974268,-52.11248918325256,-295.4946297540478,999.9641964949278,281.9533161814532,102.61741802849805,1150.0448949646525,-229.78905963262994,192.99125438425958,1300.0316159666181,-52.07115903629621,-295.34741713167904,-750.0215580041631,272.8884915698112,99.3588554931664,-899.9878758297069,-199.00006605805416,166.94566264786826,-1050.0142778396655,-34.45553419949882,-195.41854318534104,-300.07352031587817,281.84394388939614,102.54184612973614,-0.02705215490823192,-229.88331542891478,192.76105368161086,299.89510170996965,-52.139027705565894,-295.5040602200998,999.9173253814498,281.96966090747884,102.71399698554292,1150.0160408425957,-229.76545078761777,192.96591180069473,1300.036049321038,-52.025036298504396,-295.31934867446506,-750.0245049575796,272.9005062670351,99.4034557107151,-899.9775777133568,-199.02592912039617,166.90214032556725,-1050.0088585890842,-34.46785463232141,-195.45117315480346,-300.01044246023946,281.8619259973367,102.58973621183002,-0.05861713239034084,-229.8373962094137,192.77807917362395,299.99535099335674,-52.19155336373028,-295.547970527423,750.0637647699863,281.89105262702685,102.57338145775341,900.0395551014176,-229.82990444265965,192.87858246088865,1050.0449152614374,-52.190258411776966,-295.4890890375682,-750.0189245138268,272.9368898091046,99.31862825965875,-900.0013524089078,-199.06341501930603,166.93139699249542,-1049.9642005802857,-34.49360653567757,-195.42892838725712,-300.0797187925452,281.85258640910854,102.50623209752084,-0.050936994522258326,-229.82347948274284,192.8049413842377,299.97984826727253,-52.09743678815629,-295.4298990644019,750.0372685224853,281.94130761335185,102.59358356462663,900.0483239181102,-229.7774126106595,192.84541054470012,1050.0186694867682,-52.074253931952356,-295.38488950930395
calibration_00077,-741.0253834800426,14.10406830912203,423.08288906765813,-891.6852057129095,-462.17913507662183,441.9715929000613,-1034.1366680099436,-263.5662922066069,93.88431979340467,-266.02428248239937,553.5166891957832,-167.20561039972324,85.1424935874275,67.1896376198744,-155.373737817617,339.16163127761916,331.65875696266136,-630.2706857672812,914.370478957494,67.12122164370247,372.3397966521843,1110.772394367868,-418.62456170564,506.36368286221074,1233.351083829158,-277.4630803510626,-1.1401351154266617,-999.9679042641787,272.8600528773525,99.29428000541405,-1149.9948064236223,-199.14843967892975,166.98248635501926,-1300.0479077600785,-34.52732745548786,-195.39606128785175,-299.9802073346903,281.92231739040585,102.64256764054767,0.005388878134976481,-229.8144427428372,192.82202492394083,299.9184163264431,-52.02208920519394,-295.497575804004,1000.0576614052837,281.8975486929726,102.60031198751334,1150.0182943434236,-229.87254774347477,192.845462212304,1300.0260957151065,-52.19671358194659,-295.4220241226323,-750.0216769665079,272.9841851151081,99.38507729864521,-900.0585403168947,-199.02323202480844,166.98431059439622,-1049.9489065810712,-34.473275823787866,-195.41974520595147,-300.0376499111507,281.9052142521812,102.63478100489598,0.09699168841590822,-229.81418983523076,192.80889449344818,299.954945078851,-52.027284604086795,-295.4674216409059,1000.0091882747791,281.9359732636957,102.68092500896594,1150.008768084329,-229.8779829574649,192.8937599811151,1299.9737114835887,-52.271662778960724,-295.4263218144876,-750.0661705586116,273.03471803267934,99.43287554300588,-900.049677591876,-199.00570947826347,167.02490354356837,-1049.933068019481,-34.43775396079043,-195.41906952917358,-300.005182781498,281.92324426442417,102.64816278830399,0.018400819909458,-229.79865550931368,192.84951325413203,299.94719815551673,-52.05563719204352,-295.54454336201894,750.0162278873142,281.930161872279,102.6273413813047,900.0437866462206,-229.7701745679359,192.81317462556515,1050.0603630254695,-52.04164927484147,-295.4142863443376,-750.1303344704385,272.98466181314944,99.40103798634254,-900.0002127374977,-199.00640739220805,167.1051362612212,-1050.0053984885778,-34.52744680330575,-195.34470019357752,-299.9198657566322,281.87468477923505,102.67520724254943,-0.0015783151353574512,-229.91601176994223,192.8031839714529,299.8558820249589,-52.16987098934024,-295.4286813383292,749.9227645935322,281.84048953954044,102.56087100112241,899.9708000942974,-229.86493728846182,192.81433185057875,1050.0788819056763,-52.11918930307864,-295.4359165534172
calibration_00078,-1244.2550547080925,449.2395634583461,212.87772375835263,-1510.600341495985,71.43266027815294,403.02222865353343,-1588.0791332723709,128.3691764524394,-11.348921814710963,-105.90780336254664,536.6465918527934,-4.69859191187269,182.30675548158612,12.072541509495682,-45.61536098983575,493.8947888958586,301.96808751562884,-468.53920166438786,850.6327837272779,500.4404293133429,-192.15548774954453,1032.1161904938238,-0.5974941789230572,-100.04421359297622,1198.562975318446,196.9410173564281,-575.3051917615161,-999.9842777621847,273.0200182601314,99.33844076321957,-1150.0148085631342,-199.00689506278835,166.99403827799065,-1299.9658941345444,-34.46755846792026,-195.47263598939847,-300.01749077748076,281.9881698607193,102.62715081925728,0.006908895223133105,-229.85404400758057,192.83293559209164,300.00580717238756,-52.0688622438666,-295.4271959205272,999.9753694561188,281.8970379501262,102.48360039346029,1149.9744839909586,-229.76317651749406,192.78708561379815,1300.104636692491,-52.161051054259474,-295.52891125345565,-750.0252388502751,273.00394189889295,99.28314359677195,-899.995252991241,-199.01495168382613,166.93718503187407,-1049.9724357450477,-34.48481794390552,-195.49148359082437,-300.0618323355696,281.9338369322445,102.57962561207495,0.07233896513258282,-229.81207238620235,192.82878299933083,299.9853739719615,-52.1312012515471,-295.4303231552292,999.9488187207285,281.8563172502114,102.54629408966827,1150.0175455564604,-229.81538152018044,192.85088650448841,1300.0476899820146,-52.154418910249156,-295.5527885709754,-750.0356935287018,272.8947806056771,99.2930913924293,-900.0099701268762,-199.03954997316018,166.90591531149568,-1049.9185180376842,-34.46794125429695,-195.45170005222664,-300.01036195890447,281.9076209405857,102.63508000461466,0.028230834725808927,-229.88383417801583,192.90359706369094,299.9902597151128,-52.057423820222255,-295.40322555148117,750.0603007438615,281.8979037220777,102.62892964799663,900.0256506716678,-229.74317739450083,192.87343977912977,1050.0446395208608,-52.06396500940989,-295.4504690434841,-750.0127202399871,272.93661475566483,99.34958340203646,-899.9661435828718,-198.9972278668354,166.94030910530435,-1049.9888239721427,-34.45525496963428,-195.4631394729785,-300.017809735651,281.8917299215084,102.67081333239746,-0.05363306456570185,-229.79983129144375,192.8671663222785,299.9962933672867,-52.10191597115813,-295.43954430713745,750.0677783427011,281.94699317262405,102.60137910565939,900.0213022557085,-229.8521811409116,192.8338379212819,1049.9911276172047,-52.09458576154848,-295.42625301775826
calibration_00079,-1156.9612335485233,89.60625200452749,-14.726619965496292,-1352.2997601001543,-331.30001031518054,171.17148035392046,-1568.2651517443217,-191.29567049971322,-167.50563241826472,-307.8281953463172,520.4206929058877,-245.45303856072834,-24.106546946700817,44.34354684325859,-15.519906003200274,308.2911938809549,97.08391048040995,-512.2747581663199,675.7477786201821,639.1960344140076,126.71556833870874,822.8478254422819,134.87117692512524,255.32723879681643,973.8787966542537,274.4188793339884,-244.93340375986142,-999.9818143397889,273.01556578787546,99.26071670060641,-1149.9840249899264,-199.04020384850395,166.95495162920906,-1299.9356046405221,-34.4684120844007,-195.52243766391845,-299.94484739617945,281.91040088153306,102.59254318321508,0.010921055517052775,-229.81227526197807,192.8274643616317,299.9764947139491,-52.01777093569974,-295.5204415727437,1000.0459415967658,281.91075911249237,102.63091504286824,1149.9988411242296,-229.78339303226994,192.86527799635056,1300.1007008989886,-52.04765116378798,-295.4624166658601,-749.9792935004336,272.90692793597486,99.31670014807366,-900.0274664214212,-199.06774011231136,167.05553193496354,-1050.1160810077802,-34.50660096241231,-195.303885194904,-300.0248817603829,281.95073632879974,102.68310534780711,0.006375116136377433,-229.7993111072434,192.72534701460657,300.0189096114254,-52.03214672947844,-295.4890316052441,1000.0177603397957,281.9417136139328,102.58184304147747,1149.9686331677894,-229.77386183349094,192.89300195846712,1300.0330739084616,-52.066793814551104,-295.44640505458136,-749.957690517861,272.9013068828436,99.33091721360351,-899.9325640694134,-199.0978292378369,167.04892167092567,-1050.0902667541222,-34.521174453683784,-195.35500393784105,-300.0388954717534,281.89949273459297,102.69853344650791,0.02164052367771605,-229.80432045052655,192.744813707917,299.9526653561406,-52.03630660635728,-295.45303697980495,749.9414486063135,281.88063317192456,102.63703860868333,899.9902799657151,-229.85323421249575,192.82998450383045,1050.026134412493,-52.01845100485407,-295.4280931866134,-750.0134865867366,272.9229109955662,99.33487753494322,-900.0476882646025,-198.99629739493608,167.06366598313159,-1050.0610117056715,-34.48522504041055,-195.36712500049353,-300.0200274866325,281.90925958016305,102.62943635517182,0.059647271807761706,-229.80919004181897,192.8256739073993,299.9885973923949,-52.08786111009376,-295.4999695344845,749.9365506302167,281.82307413666507,102.65423067574359,900.0333304730992,-229.83795602757698,192.82700604670464,1050.0007081556432,-52.11398572326887,-295.41968598823564
calibration_00080,-1319.9742315842254,369.4154284035864,61.605408565654805,-1481.2046722565278,-97.94242068578262,135.51571586786727,-1662.4334732299844,81.26093398915175,-205.06117391426184,-403.7550834492162,66.03473925158318,-195.1013466725558,-104.75131765354782,-446.4387016573482,-105.81976571722282,196.57054872102907,-267.72299733432396,-592.9365071666334,846.0733511143259,257.97226189645215,297.27799552395317,1045.7582859490105,-226.63435256015745,430.59115300061626,1140.1897167956147,-97.6625886118261,-86.13001441944013,-1000.0112712117714,272.89113251757675,99.3534282284475,-1150.0603166458557,-199.0241836295452,166.9993432749393,-1299.967586783348,-34.454224858888594,-195.4661028479962,-299.9929035513213,281.8562232549952,102.55036544905224,0.0206411692361423,-229.81641677014275,192.74431091733243,299.98494894319185,-52.0982919205934,-295.51459539284355,999.9305770507661,281.92819397097134,102.63241659228088,1150.042390689468,-229.7706446367754,192.8245407541669,1299.9547303903303,-52.058148467255734,-295.44658000715737,-749.9551526325656,272.9554409097628,99.38814762151432,-899.931864637117,-199.01406194349894,167.0417536191158,-1049.9838331951764,-34.471823060634286,-195.35104259100612,-300.05331719993893,281.9196163344923,102.58259833229143,0.014965508216032953,-229.81743898744423,192.7341995363103,299.955425039538,-52.11090657327105,-295.50768890856017,999.9672864848008,281.9077329822229,102.6305662579197,1149.9888075050008,-229.8190256324741,192.82707403478503,1299.9737044122485,-52.014411002384605,-295.4705267250934,-749.958830708292,272.9807392551311,99.44604738634204,-899.9168940938907,-199.11545478754655,167.046337160094,-1049.9501158625928,-34.50251351304591,-195.37614211463404,-300.0100155639884,281.908232578308,102.5404634923626,-0.015279778560238709,-229.81076303152014,192.7630019011549,300.012442174689,-52.06477350029314,-295.51297021828105,749.9068199033165,281.9346600820425,102.6182665701836,899.9541927295497,-229.7600964514812,192.93596450269257,1049.985381261579,-52.06879466410164,-295.35200301253394,-749.9641353087754,272.96341309563985,99.31304158274534,-899.8722812340758,-199.03894462947272,166.9557646516298,-1049.9867200509239,-34.47843532322651,-195.44638295887745,-300.0391602262418,281.91996283744385,102.48152492620457,-0.026157402229580212,-229.90728446508047,192.68890870532888,299.9678104010096,-52.11218532211757,-295.5879826198136,749.9995225472775,281.92999041921587,102.64041394348531,899.916905065227,-229.81316380301098,192.93309736390367,1049.9918602843381,-52.12013033086531,-295.31967164325107
calibration_00081,-822.9943257864647,209.2930309334942,39.42802696067269,-980.1502478104768,-260.7677654719997,103.78617007466679,-1120.8863790107773,-94.22267234143591,-261.4126862981681,-249.30389052410328,-150.17308452584163,471.220823035035,234.52061230353334,-504.73087709829633,484.28964837189886,396.5384538441587,-174.24433681328176,10.504967493955077,1097.9531052584407,494.6795871047797,258.76874759293935,1272.1417028237129,-15.18302807940714,305.5517009645454,1396.327077362872,203.93293156614297,-173.0201614359576,-999.9869300616583,272.9385264252646,99.3580787920851,-1149.9700009976098,-198.98600487827056,167.07243311003822,-1299.9324373701834,-34.42518035411447,-195.40470135093,-300.0354987371703,281.9616460589236,102.63055736861317,0.06798354950786469,-229.82414565893436,192.77338656217586,299.93900733937187,-51.99506388017242,-295.4411497413281,999.9280995572534,281.95016470420387,102.57420793737033,1150.0311269912866,-229.82228124582238,192.8364703203438,1300.0107026545531,-52.03742778930038,-295.52376267898313,-750.0188127026768,272.918695146469,99.35358519917033,-900.0375446758492,-199.0324256319557,166.9823203472049,-1050.0603018677793,-34.47330648757848,-195.44198103681572,-300.0069913843691,281.9615500431941,102.54600891330217,0.006943759208310914,-229.80440503035075,192.75003989206633,299.9956157179213,-52.05343903931693,-295.4914994458569,999.9607173835374,281.97105180901826,102.55112695434276,1150.037692657566,-229.80308641744406,192.8243498437157,1299.992176433055,-52.07090721413028,-295.5195183680801,-749.9865258646411,272.88301663818754,99.36418883283848,-900.004612106543,-199.06769248942854,167.0423064940674,-1050.0431858663894,-34.426506268551464,-195.4031512131711,-300.03643495645105,281.90927176717713,102.62833698260923,-0.01505198061371767,-229.80711564086158,192.79622483859038,299.9776092948646,-52.029544627020805,-295.45727334792963,750.0078814861947,281.9437535028354,102.5950263335812,900.0278056168767,-229.79579711321136,192.77881457183514,1050.0545395437755,-52.01141665207975,-295.4808116668191,-749.9939119835328,272.95064396640913,99.26976299512435,-899.9743053906733,-199.01185368214834,166.943876442532,-1050.013475259851,-34.46416078812856,-195.57125748628525,-300.05587006196623,281.94499599685065,102.63091125757146,-0.037454411533094444,-229.78609972816596,192.82923493947072,299.96233472384796,-52.068421069153636,-295.4397206209427,750.0042486096349,282.01900272407516,102.6482471848095,900.0494483366031,-229.7016645311847,192.8921827284443,1050.0765021119314,-52.10710625512894,-295.27142943576206
calibration_00082,-713.6994496830525,-9.075882868602392,262.7983342999569,-960.5765022224507,-441.36406227801774,217.5667215916872,-1012.9103574285673,-191.57903182044004,-122.66875614072097,-504.1143157506975,177.61104634942595,161.2083353070332,-102.94576101851922,-233.15240192994764,335.54190355736426,83.09514242612182,-183.03792232222332,-232.68605104094166,974.564526351106,443.8534420915927,-218.5466183947903,1122.478838493623,-73.75725893902857,-166.75895395402293,1228.2890791152595,124.57099395859044,-658.565302291216,-1000.0331628935537,272.96617400884264,99.37144263942093,-1150.0380787075846,-198.96516513770104,167.0287394039513,-1300.0038150877983,-34.392091593709786,-195.41830607403577,-300.02708032632006,281.8960694740823,102.62277960460659,0.04819267500261993,-229.73505894020306,192.8697352854411,299.96466675326593,-52.070341434513914,-295.42067479990067,1000.0101173102981,281.88469136084274,102.5602395595303,1150.0145846580447,-229.83710744894626,192.77870962480458,1299.9152676626054,-52.110097526419445,-295.50607118528774,-749.9120281279162,272.9495483870341,99.3228567555691,-899.9331252516943,-199.08480566777487,166.98516105627417,-1049.9846127147514,-34.391292542081274,-195.38274492298126,-300.0132379768102,281.89138256697464,102.6083499967761,0.05428718302532216,-229.80684312748235,192.85418191031303,300.00598547470327,-52.00091957752725,-295.45042687600716,1000.035291051054,281.92041321902303,102.62800771596976,1150.0542236377835,-229.8341558506853,192.81607053239568,1299.9229310045027,-52.123707888121224,-295.5186384511419,-749.9086891940266,272.93513534928667,99.39454043550016,-899.899766308697,-199.09247701691888,166.92012643889075,-1049.9277118411426,-34.41453720195031,-195.44317540072316,-300.00340491272203,281.8566654265909,102.69020191664812,0.04975026744499944,-229.7766700380078,192.8829046002258,299.9250455552535,-52.11663216067874,-295.45102351841587,750.0211078170026,281.9501868928104,102.62232524156245,900.0342515588875,-229.80864544699634,192.89419273886892,1050.0196802348116,-52.02329821897394,-295.36885341138856,-750.0024545438637,273.0186857696462,99.27444114358967,-899.9579143411701,-198.97026879261668,166.89541815139262,-1049.9664668301743,-34.429186442449314,-195.42982281918788,-300.0853054955099,281.9648413430471,102.53909651745916,0.04809624001940999,-229.7310416535053,192.86252541964936,299.9641924350365,-52.06950650212811,-295.48055884958006,749.9934908383068,282.0241943355791,102.48758962719921,900.0108944656749,-229.68425890880766,192.75078159558123,1050.0005958138217,-51.97322157991129,-295.43875127868785
calibration_00083,-991.0477658243498,74.13548625669651,85.0473563905317,-1085.581903613227,-404.24192302287804,195.16396282085185,-1227.1205449776774,-298.7097009168638,-191.83813286056267,-43.70040274149106,366.8014434869192,356.62946979398413,233.1963197302055,-113.61692994380996,585.847135805537,538.9408574193467,-89.80268894385232,70.13871567895009,1078.322230674339,342.59473832045376,42.47075716266836,1120.7966152885142,-196.50923834224062,37.56382626834131,1375.9194512821991,36.061758111225785,-378.84716518086105,-999.9790628899956,272.9736642874638,99.38163305016946,-1149.9428153390804,-198.9874408574731,167.02590175807296,-1299.9437178553362,-34.424861028187514,-195.38499925501117,-299.9816754566411,281.9268831838577,102.50168227493079,0.053833868265769406,-229.73038315676476,192.8115760815402,300.05089997543416,-52.12068198073752,-295.475075181039,999.9774216003635,281.94206576989774,102.57268402804678,1149.976894837373,-229.6845214335421,192.82641568466835,1300.0260246161383,-51.97246154522978,-295.34497862700647,-749.9738878487498,272.91554963243317,99.33572762189384,-899.9161030161634,-199.03015374192734,166.97194127020393,-1049.9588704633798,-34.435528482650014,-195.4531093369704,-299.9668034312055,281.92772886835166,102.62036913283512,0.06528412162713185,-229.8520891908231,192.84737172745858,300.09810944091964,-52.073962245822,-295.48031224112947,1000.0607354538956,282.00606988021093,102.5841278873666,1150.030834071102,-229.69294435021942,192.874266077733,1300.047553984539,-51.999264677960625,-295.44554388654694,-749.9859925772922,272.97323158068417,99.28332087146141,-899.922705489126,-199.03445152800148,167.03249311839187,-1049.9726588857652,-34.53187759096378,-195.34377818121084,-299.9598800062692,281.91527666051735,102.61089162789193,0.09458859978617921,-229.842120465981,192.8524592319278,300.0137114050593,-52.10118278986139,-295.4479559301356,749.9797113190614,281.92095833587626,102.65567730257408,899.9385148468342,-229.7773547182977,192.85572310397868,1049.9592761226988,-51.98277620325628,-295.40164726430817,-749.9664225877638,273.0031427181655,99.3232238652547,-899.9927486798487,-198.97873409811027,167.00064224582428,-1049.9894073001035,-34.4039791682391,-195.41174727593037,-299.95109739970223,281.9588874213956,102.54365435082114,0.019787778827327754,-229.72131493995352,192.7261257214777,299.9756279470504,-52.09489719405918,-295.5402195374218,749.8661518903713,281.88068526826135,102.60063540955062,899.921822194996,-229.82955555365572,192.73444615074257,1049.881145715119,-52.0199940193045,-295.50058487509216
calibration_00084,-860.6511251865859,642.6000059192768,-179.4526305069084,-821.7108062920094,145.90423319347724,-139.02964016228293,-1077.0776661240418,260.3245086252589,-459.45839890625433,-383.5257456013283,10.767719467254826,320.3723778781712,-35.5934382954484,-459.49071189378043,453.4961291450509,202.7733820656411,-339.64055707708764,-83.97495690847934,912.9852617616691,158.3366945855144,-11.586748679530267,1093.737885901028,-347.89289675335715,47.23885629435262,1209.7223311977698,-140.76440948725948,-438.7050519766412,-1000.0138892133858,272.9625531331436,99.42534518440857,-1149.9719979744211,-199.02688588320493,167.0392830315706,-1299.9604090410328,-34.48328252715027,-195.32913398684508,-299.99750422423637,281.8923905904828,102.59480439838143,0.04122565878995291,-229.82538763694234,192.76174248040016,300.0190213903605,-52.143325343571,-295.39969309483337,1000.071387679259,281.9653139610855,102.55074597856083,1150.061993554577,-229.73794931362966,192.80827909442817,1300.0284497531075,-52.018114590157985,-295.4575124858309,-750.0443077104159,272.9777288332165,99.47814482501258,-900.0301536276019,-199.08552522277967,167.07976699840944,-1050.0211980523075,-34.52465198269415,-195.3613276875565,-300.0237152321224,281.9002859645013,102.60648156876765,-0.07007989012661867,-229.84159861084396,192.7551081682941,300.00283483596723,-52.085045564665805,-295.4598028448929,1000.0495401637818,282.018127506742,102.58657257419003,1150.0006036079321,-229.765797955891,192.85707637920476,1299.9842669928782,-51.99532219346828,-295.4322703782717,-750.0531073419914,272.9739847371712,99.42520419094092,-900.0220818884318,-199.03044231435211,167.07591463282031,-1050.0710980642482,-34.44855495966351,-195.3689716191243,-299.9886568114357,281.89662770095657,102.63210641476904,-0.028791551980343298,-229.8524787278816,192.80036156801845,300.0465102107554,-52.08442543411515,-295.4606574036474,750.0800653418959,281.94353522326486,102.61064942709642,900.001935448559,-229.74664868108562,192.82503534533043,1050.0488993341119,-52.10137612229531,-295.4421108298848,-750.0588153871155,272.98312428950516,99.40960340204553,-900.0509402188364,-199.0348404913836,167.03297767957162,-1049.9855119745228,-34.43874572142825,-195.39343240450043,-300.02694947529557,281.889804687289,102.61008155181436,-0.07187933330299505,-229.86701587891403,192.81103434568186,300.079106651155,-52.087843343181106,-295.44905167722163,750.0146404830041,281.8605413632602,102.65288097985776,900.0332467991257,-229.81237376053218,192.88281025149993,1050.0604789139109,-52.03832963001709,-295.4267034999179
calibration_00085,-1246.5620336118163,314.13429651669264,390.05153738975196,-1384.3484783510025,-166.2212372506716,381.18252638372616,-1491.7178861633338,37.07107219187573,23.259388364404764,-555.7699684564135,133.40298666822196,331.85525642253975,-177.18313139019222,-326.73055320846186,402.6458284071114,-15.046717657586292,-181.5962644550466,-156.43067068970436,980.3121635666774,492.4141026009863,-83.86018137052956,1206.6067928004366,23.848088715392947,63.808463812003495,1369.6552234523822,188.75486116838493,-424.8172962590684,-999.9502429887115,272.92915696202357,99.39436527356472,-1150.017438416054,-199.1235495167599,167.00191259185235,-1299.9782912581634,-34.51887298352528,-195.38225836632125,-300.0144013614942,281.8808009101516,102.65957301641343,-0.01247547213790097,-229.87554694541402,192.82203191807443,299.9206136360644,-52.09511942981883,-295.4635421277191,1000.0461252677953,281.9054738830835,102.53023680093925,1150.0474531850882,-229.80836545057463,192.81869465992975,1300.0829173419213,-52.080218045068904,-295.4927350193141,-750.0208701179109,272.9079964409543,99.30953647498312,-900.0365011203156,-199.079729570169,167.0896559687365,-1050.0360801981442,-34.53939024362565,-195.33525129248517,-300.050336758448,281.8607561139062,102.65204447567336,-0.03433743813842513,-229.87663424845869,192.77318311237886,299.9373566555082,-52.112052221048955,-295.4675519922675,1000.0332768585533,281.942039942976,102.47654015803255,1150.0730789018705,-229.79720380451252,192.7992616168655,1300.0292514837865,-52.1008390823858,-295.5218124164805,-750.0847086870331,272.95311248990186,99.37993126809666,-899.9457745850221,-199.05056724170672,167.1037504531334,-1050.0121861282844,-34.580734422506566,-195.37479271844572,-300.06808327337086,281.85568730480435,102.66382539223872,-0.0423627915007527,-229.85048907798148,192.8451400094808,299.9631371322805,-52.09065258471126,-295.4636034485966,749.9529515240126,281.88340764224796,102.66716895831216,900.0208282934706,-229.8872345571174,192.87109391201682,1050.0064950980607,-52.06876513009216,-295.38058691586417,-750.0627542566183,273.03535208946175,99.25860595500826,-900.0092436105693,-198.91175026787496,166.98708461943252,-1050.0243479000133,-34.463455658047806,-195.4561095626757,-300.0257732910894,281.89005536290125,102.58169182403394,-0.043321999017353806,-229.86492767016856,192.76079794153088,299.94808528583695,-52.08234985790915,-295.5450400606986,750.0176975650168,281.90147910795116,102.51953613619104,899.9606754932164,-229.87041006830384,192.73345218949717,1050.0281478983927,-52.13121247928544,-295.4774334753035
calibration_00086,-765.1857482375303,516.3254307726581,176.55653911926026,-915.3521032673682,52.504791492669995,287.05580370859184,-1095.5866008154944,197.7489432180711,-69.89365593517199,-452.9010974325521,506.87759951519183,396.1557002741177,-140.0158326445271,9.758573030642205,518.7114691159395,153.2981034205074,161.5007355416021,17.76941203939915,696.5735786599569,141.13361448425758,174.5795966535101,819.1097898824636,-383.82492988074154,218.9555421491744,933.832255476771,-184.04976535165855,-270.4307872618933,-1000.0888913619226,273.0292076505646,99.3497890634274,-1150.0253676575485,-198.9146909248871,166.91773238467138,-1300.0757904673053,-34.333648109929136,-195.42621249855287,-300.0372639833338,281.9428907939806,102.65926915812258,-0.005307561307414169,-229.81186830235092,192.8423765807044,300.05563594902884,-52.05133865273576,-295.38828161117107,1000.053447337083,281.88519051458036,102.60083193120823,1149.8814039327729,-229.88415496312103,192.85703936524308,1299.9695533225192,-52.23937520802463,-295.4081772827543,-750.0127746165582,272.9296999499734,99.30735513398572,-899.9217076917298,-199.05063699988995,166.97371283127654,-1049.9683023141395,-34.55549030506507,-195.42314709289914,-299.9906636400114,281.89886268700934,102.6007120650422,0.05267577138967148,-229.789711075339,192.8044071424466,300.0494330726874,-52.02203145140531,-295.46230079851506,1000.0067132944175,281.9423803154499,102.6187143408788,1149.9796877818626,-229.94003918285892,192.89665274920503,1299.973027138953,-52.214084424143635,-295.3846345500908,-749.9616742843352,272.9787757276448,99.33651103673793,-899.9534594414113,-199.07026589129825,166.9579918226523,-1050.0037750783702,-34.51709378106237,-195.45545037396042,-300.06492410639265,281.9037598929213,102.64598106516378,0.022649483498947715,-229.77990598890273,192.79720871276882,299.9820528251918,-52.07346530726712,-295.4518611374508,750.0029192943781,282.0071472576353,102.56917648706961,899.94808589781,-229.77916069428852,192.76670162269963,1049.993231509498,-52.00047464880747,-295.52543096341105,-749.9660662477507,272.98747144739446,99.3058166775722,-899.9571244758054,-198.9486911761387,166.93764873596197,-1050.0154301732305,-34.475626237971795,-195.49174393224573,-299.9947613988066,281.8919643516231,102.62496905871694,-0.017703650644303917,-229.7732472915816,192.8692340894364,299.9845894008159,-52.06989691285131,-295.36751402566125,749.9156597777737,281.89699645278995,102.65892770937472,899.925507533531,-229.7782124111743,192.90824867546615,1049.9796739154942,-52.10806337962009,-295.33349678598745
calibration_00087,-1293.035807334052,395.8072806998246,154.29180587252227,-1363.0461809868623,-63.680044899169225,338.0862253718208,-1505.5896709716046,-28.21503270935887,-61.08232857650167,-366.53043808732656,123.46201939821466,113.76082078508357,95.8290983638653,-247.32727427573286,207.2128302650371,346.2187309467383,75.53228624784776,-232.2637122773153,1183.3057844456575,357.481988663097,-194.49363936417004,1245.1541449079741,-179.3846709099058,-173.56758262238026,1364.13934735817,24.874869510196486,-660.0218244556899,-1000.0784715168165,272.91833159848477,99.24361082529559,-1150.0187030558795,-199.10924840583817,166.9754752471985,-1300.029102657851,-34.5274411816864,-195.4364704171721,-300.06332557922116,281.8981257437605,102.63195392297922,0.020481884365845925,-229.7984391422256,192.85050460111188,299.9815160102821,-52.04609209262428,-295.4119932952402,999.9649330478185,281.9626398032651,102.5639645486295,1150.0375416106297,-229.73505807622965,192.82804274756052,1299.9446462172693,-52.028981697139805,-295.44205575720844,-749.9939927297305,272.8646792884293,99.29818960775347,-900.0384956817597,-199.06735992828018,166.9099415839776,-1050.0473679299855,-34.565074691585274,-195.43132421870345,-300.05496480545327,281.91253849081613,102.60153547108666,0.011238215844191799,-229.80940905103688,192.83810630380057,300.01663348653864,-52.06177093357225,-295.391457508917,999.9631195417678,281.92640721959145,102.60257245244439,1150.018027310293,-229.76707081025833,192.8058916347409,1299.9341916588621,-52.012798334659955,-295.4893925391312,-749.9661252188923,272.9483942421128,99.26475874472722,-900.0137661694808,-199.08162358499754,166.95172932405015,-1049.9354747748343,-34.505360418244834,-195.45226091973092,-300.04649288363044,281.8859898326424,102.57804397126957,0.04648911291884862,-229.81061754055676,192.86403215746614,299.9652961938704,-52.03335503200242,-295.41015412406836,750.029706917403,281.9972025224642,102.61159811301829,899.9974130079556,-229.7903777933127,192.8419846804586,1050.0056876182193,-52.029439934518365,-295.422949346803,-749.9899545080449,273.00943955041544,99.25488743046645,-900.1015498271908,-198.96866459388204,166.9518427095455,-1049.9763305005665,-34.40177076402935,-195.44997799698362,-299.9638967609514,281.97633726866036,102.59269891387012,-0.01847267726876999,-229.79237162206852,192.8482508195622,300.015715658521,-52.139641339937775,-295.3490982224227,750.0034297235679,281.87369492967514,102.63005009320563,900.0076413010489,-229.85907383527552,192.86100272093586,1050.0647378306523,-52.21501807356156,-295.4809273527916
calibration_00088,-853.6828716470894,523.0775673692323,-133.1426635271834,-994.0134654782992,47.24287895670546,-72.03615508307429,-1148.0291564488984,213.98473764294897,-431.6604724327321,-620.6022716795712,242.0324936017321,121.00800513545323,-303.25085002033484,-240.52677478806743,283.47080384962123,17.97962669643845,-99.97198563345655,-203.38966060408637,1280.649076745088,267.43488065433513,-198.31917881285844,1498.295679410882,-226.48537265170395,-164.23319476039134,1571.3248013099253,-0.06830265862883342,-649.9734967563404,-999.9427202947122,272.9571379109944,99.36478199118649,-1150.0015155277101,-199.03928498664695,167.05624209444036,-1300.006943920235,-34.506646983706034,-195.40946300589113,-299.9804571630019,281.92846254810485,102.61819525966914,-0.03861993732129754,-229.87880523610988,192.80682773965924,299.9904674880282,-52.12346569875648,-295.4598237886696,1000.0226727453158,282.0013829562074,102.6186070497192,1149.9914186237281,-229.77219767131263,192.79190050134534,1300.0935653722051,-51.93828203945815,-295.42667079722395,-749.9845571140837,272.9686149046919,99.32901956798398,-899.9985003972155,-198.97668789623054,166.93748758933276,-1050.1099567122953,-34.43437855912173,-195.41296508078665,-300.0114206403196,281.92564058340355,102.58837892075276,-0.043296793093628806,-229.7446772704528,192.82316095505607,299.97978791185915,-52.046562799197794,-295.44734516661765,999.9950573045766,282.041434917936,102.5663351209491,1150.0378844781437,-229.69370429386225,192.77838769833483,1299.9780367415337,-51.96030064928669,-295.4376236692379,-750.077969227279,272.9745503546225,99.36963146784272,-900.0054047149106,-199.04511826495124,167.03357510565604,-1050.0620096044784,-34.432864866710375,-195.45283770288123,-299.9608765501872,281.94548323564044,102.56148215322457,-0.03856767752513052,-229.79315330662473,192.8347895053048,299.9851792063979,-52.04496480888482,-295.41230489421514,749.9703771246002,281.8894908790614,102.55507064594953,899.9855488557548,-229.90060315466215,192.77712424445997,1049.9904684205649,-52.102919194242894,-295.4165634175511,-750.0481740925316,272.9650416769802,99.36705068414737,-899.9746866365034,-199.05578702680162,167.00654019023338,-1050.0650278036314,-34.41395223660513,-195.42192826458137,-300.01100700817136,281.95711244307114,102.56417740334987,0.0366024114087225,-229.71480702834094,192.7497116721329,299.99616081308426,-52.046839505960634,-295.4693448174138,749.9755008941204,281.88055988172636,102.5754570762739,899.9759178011401,-229.82426086457565,192.73722716232146,1050.0130307364896,-52.11994591729512,-295.5047971286405
calibration_00089,-1131.066711457331,340.23251426321815,-18.850724539513735,-1257.9750414822392,-138.96520441657046,45.18018370353992,-1408.9306145612568,18.54254298849672,-319.96910829577286,-300.3992567532427,255.73974180468056,9.632743161385363,-185.90723908531876,-333.24925493080866,4.545565781944838,229.7448785742909,-172.5557804675466,-397.26054016532396,1215.0146166199393,196.23588238353236,-123.34131825102857,1373.5060301807225,-309.2208114970708,-14.34380238050775,1506.7693478470972,-152.7800939244459,-514.5739006278633,-999.9565600920225,272.964306104875,99.35425316840403,-1149.9256270655997,-199.03403654736138,167.0242338432325,-1299.9550962921483,-34.42507293625919,-195.4087308212988,-299.9494277592979,281.9707530177049,102.65097871230206,-0.011200047409588694,-229.75000003061416,192.85557115808552,299.9574005456876,-52.10643298517565,-295.4565643441791,999.9750344640704,281.8369636811398,102.60143380161203,1149.9346544115215,-229.8734694523204,192.8546110144353,1299.9943324559458,-52.1543557760487,-295.38289662905277,-749.957750141148,272.9350491977385,99.33098045223133,-900.0119834726045,-198.98486871159375,166.9792973226329,-1049.9532149857146,-34.45155177047259,-195.4817735329026,-299.9382897127722,281.9376967119658,102.59030819118959,-0.019552082413136503,-229.74935752718625,192.90083725207876,299.9628565630193,-52.11962109628151,-295.44646862329967,999.9920161371091,281.83635765142793,102.60315537510348,1149.9751256425614,-229.8485305528568,192.8721544237822,1299.9946832844805,-52.22138275058305,-295.4414438376931,-749.9831954318607,272.9833580594445,99.36089396765249,-900.0132817561343,-199.00500997529912,166.9730155820931,-1050.0113100335748,-34.42831120110747,-195.52876695661874,-300.01226902344945,281.9593374558647,102.65351521255614,-0.026840258182869923,-229.83101544955267,192.95761955903393,299.95334146718807,-52.17406735920036,-295.3651672344591,749.9812902987193,281.8816154541515,102.66722275018297,899.9720616381751,-229.86653249119658,192.76325054703432,1049.9640751101983,-52.072729661137046,-295.45288210498023,-749.9393192169211,272.87651475999553,99.246689313484,-899.9507398787364,-199.04270791386844,166.88320363666486,-1049.9035507979813,-34.556095345138125,-195.56584665962217,-299.9780150911075,281.96295081189106,102.58057197470876,-0.009806233558701725,-229.78121689318908,192.85909478108363,300.05183776954163,-52.14260164116945,-295.38765778288126,749.9865909922187,282.02048579145287,102.71144217375571,900.0619334185568,-229.78643165612826,192.88354634196503,1050.0436945070398,-51.987946025078706,-295.4032340697819
calibration_00090,-741.7272044889236,263.6374316057859,418.1481213056087,-712.8436794324182,-227.38442148915146,506.87494407228985,-973.8332443048994,-139.02803274097977,182.85131715829456,-280.6501690947372,349.65390364767177,-129.24771649338953,-142.3123178402685,-200.1636898042494,67.07315059747681,178.56648736748852,-218.4626959028248,-439.60900272894224,1362.7188595134137,166.733302433758,-52.38099172821424,1503.3348864831255,-352.97186053043555,-103.82591442287656,1605.407800930929,-64.65445636251937,-549.9510883499516,-999.995270763283,272.9905897984568,99.33700272399332,-1149.9901421469708,-199.13166684506962,166.97692494904595,-1299.9893144780685,-34.54189686798929,-195.49707241400378,-300.04843575357427,281.85949424271297,102.56387496881148,-0.04859783234492706,-229.8069371935959,192.75647352246938,299.99185205915666,-52.10140127634431,-295.4056030204403,999.9422622299313,281.9989261987493,102.63657421207259,1149.9884653600034,-229.81657766229458,192.87598712046292,1300.0049795649375,-52.122187200799345,-295.40083109754846,-749.9579877638722,272.9480574767946,99.30517764799647,-899.9431810002409,-198.9961207490444,167.05847271126095,-1049.9778648129704,-34.47861683338863,-195.34721657703852,-300.08273582108393,281.8785531557209,102.57285096100361,-0.07711064915250737,-229.86765906250582,192.76868933572746,299.9854297084434,-52.10152716328643,-295.4508399402659,999.930019788389,281.85783203263765,102.60947246116868,1150.0173397473345,-229.80297852635275,192.87261472343113,1299.97662804466,-52.0808508135974,-295.4419594637579,-749.9293474556114,272.91500667795464,99.3066612620642,-899.9428627816711,-199.0531760185289,167.0160151213824,-1050.0248154386345,-34.54097289821108,-195.3942686159385,-300.04845657674105,281.8734297907108,102.5819100542134,-0.05445941480411175,-229.864249700494,192.8153619822176,299.9652298631092,-52.085954636701594,-295.3917613694096,750.0290894614355,281.9252907269105,102.56385018130658,899.9326914549596,-229.8099848203078,192.91903109369537,1050.0213425461016,-52.15908349446444,-295.424727960691,-749.9358048300344,272.9604532179422,99.37845082467443,-899.9295002464731,-198.97567765018383,167.00005842528128,-1049.995796162285,-34.4483682631121,-195.37538815417955,-300.01423433427146,281.9211676490029,102.54632581949498,-0.001890974527642312,-229.81164133373173,192.76737605253578,300.00240381543125,-52.03161398930593,-295.4712902929457,750.018538594863,281.9651376421844,102.56869547257072,900.0190046487745,-229.81544808603726,192.82980646817882,1050.1553436873144,-52.09025119784552,-295.39516674088105
calibration_00091,-644.5645727607061,142.2990838909915,211.77507392903757,-814.1819066371226,-319.44433541578843,300.4770561064539,-1004.2352609423923,-141.62473462188612,-35.9623175271857,-561.161228220315,191.58917508001304,-30.010756991107645,-405.3992360988524,-316.6877309718971,248.22802986735482,57.849448423856195,-294.61763297944157,-132.48244016904502,987.1293472359357,-75.46202197213782,303.43440202353383,1131.5414111681441,-590.418681685453,383.626253844999,1389.2273274553922,-364.8888060032496,-34.9742636322778,-999.9912519230273,272.9843662781942,99.34966534227935,-1150.034656169308,-198.94671478596317,167.0173791526064,-1300.026920849479,-34.405682454546714,-195.47447437165206,-299.9671176359876,281.8790318612505,102.65017983021811,0.009584174817900103,-229.82676646686224,192.85872598385342,300.0323820326666,-52.10136202285425,-295.4833980969534,999.9372519105027,281.85730882625535,102.55549844062642,1149.9614931859085,-229.81878410795278,192.8068946271945,1299.9177874057161,-52.08833827970046,-295.5009155286306,-750.0838157968262,272.8987419875942,99.29700036541733,-899.9440112165391,-199.07697033969717,166.98145298413527,-1050.0064668879643,-34.49898481970743,-195.3334555792599,-300.01378802976967,281.9058250855606,102.63601227505043,0.042225259857030635,-229.83195202602752,192.87840276752536,300.00627804342514,-52.1722724769688,-295.4568718862695,999.9288142551084,281.91842948957685,102.58913507042752,1149.9352555202438,-229.8289112436353,192.7958437369412,1299.9139571157882,-52.044499935655026,-295.4554825307993,-750.0527365451321,272.9078983683367,99.32194494278856,-899.9823758352666,-199.09678177637235,166.96808167109086,-1050.0487832610693,-34.50210495956972,-195.37540182073545,-299.9902873349884,281.85523335801236,102.60421203524048,0.0478434757178311,-229.8001955981765,192.86566099016963,299.95726179004697,-52.162302885105454,-295.4576304448799,750.0470067541352,281.94243840017646,102.6324797181899,900.0142923868333,-229.76692550544308,192.79260750201385,1050.006673915204,-52.00328008917719,-295.46691638128283,-750.0257193284504,272.94344919161176,99.41374576815618,-899.9503370683766,-198.99250373301257,167.06529081418736,-1050.0844065561516,-34.475300212764616,-195.35236650839846,-299.9972306469164,281.92374561301705,102.6631520920712,-0.01582214498057939,-229.82778917192712,192.87654665439064,299.95111675453165,-52.12613372155169,-295.3648384933346,750.0043523639068,281.9969764357194,102.65312935591577,899.9983531930328,-229.75794747274836,192.82971812237284,1049.9888566251796,-52.08001113097466,-295.42656610485193
calibration_00092,-1155.903740790581,531.1735577606106,93.3921870436591,-1382.6395579178475,98.801050152288,200.57098721439223,-1510.883663677656,257.85866399958337,-172.52678969500144,-157.69117196451614,181.92747884633582,239.5956058952416,193.30219305950772,-281.8111053358732,387.2333321811769,462.35985376395826,-146.17812905050445,-131.59072173589115,679.1369098887317,321.03524580200394,10.147944253526543,859.531219998716,-182.15533255833563,92.84426826256585,1003.6888696279697,13.773286806662814,-390.2128058625179,-999.9980187369982,272.9153317503908,99.30797876447049,-1149.9555401894581,-199.1398168248957,166.90132508987784,-1300.0284178422748,-34.57296562685335,-195.50787102541682,-300.0166123986943,281.88052008007344,102.58067948827706,0.06928074004653839,-229.7766634307971,192.88998639709405,299.96632055489454,-52.10329275275091,-295.4621014988632,1000.0226067997838,281.8410162109473,102.61004680776456,1150.0695656345797,-229.83590249835376,192.82083056680423,1299.9954146238333,-52.0977055378091,-295.4507665547724,-749.974197524436,272.97775985287046,99.31733083214473,-899.9923758305266,-198.9840855848045,167.1202352945416,-1050.077558155442,-34.481905932715414,-195.42908088194557,-300.0006416575217,281.9110000147937,102.59316222889898,0.027028231790804606,-229.74797833614312,192.8720271146897,299.92761112265663,-52.07354550737516,-295.4660319384955,999.9970600653808,281.89820182797934,102.65926097266387,1150.0682169132638,-229.83827524413238,192.79492118805382,1300.0343174111674,-52.13135851595133,-295.56554759787167,-750.0133416260377,272.992266642254,99.31681783438407,-900.0646213879652,-198.91235840232466,167.05040637414155,-1050.0163133250824,-34.498783125839786,-195.34760901645777,-299.9881561401874,281.9291273819326,102.58339864267556,0.08904364265625297,-229.800548222316,192.8472000214322,300.0025228139786,-52.086387395882284,-295.4454572500356,750.0449619377933,281.8311137917164,102.56476238715757,899.9680024590623,-229.887996108459,192.87075041206836,1049.998176026468,-52.14497467118615,-295.4536559486899,-750.0642973396249,272.9720190043073,99.34334752967463,-899.9942718241326,-199.11373564877707,167.0877259960334,-1050.0602342375628,-34.582492329565206,-195.33629586268177,-300.01631511037175,281.8779715800451,102.65707282244531,0.06401579484367197,-229.7902740845058,192.85962045602776,299.96709145985,-52.006825002969805,-295.4648938661049,750.0130695263091,281.92533430879445,102.56525452759422,899.9903612471259,-229.83807128337253,192.84116057965795,1049.9316852579896,-52.075111205385895,-295.47886557610815
calibration_00093,-847.8344859873902,122.90776366834572,-84.33605273972326,-1011.6653216127075,-347.1798027861357,-39.78634386779519,-1106.0537264824718,-180.759248944399,-419.6524642463518,-462.4435183251173,146.45255139546825,106.5076010169085,-67.32820390599584,-248.2035730631264,325.9712387582752,244.92858564545142,-93.13012127297515,-162.2818550691632,941.2573795258256,336.50948991015986,199.39178869049908,1052.7209369786817,-186.17281856743023,282.3423174708559,1217.3346880352885,-12.690101116788734,-202.76370544717147,-1000.0135150567088,272.87224370755655,99.28210129641201,-1150.0229328378455,-199.12279061151355,167.05480140860638,-1300.0038788386714,-34.55401371488403,-195.40517384270802,-299.9930017405438,281.86037172983424,102.65841234626996,0.10506954638824803,-229.8197800301577,192.95112882474433,300.03264720650054,-52.13347442313162,-295.430155977896,999.8951287189806,281.91238622297755,102.63267836095696,1150.0372762717507,-229.79860763415851,192.77773028606558,1300.0703105593227,-51.96222593818013,-295.3737906638968,-749.980235060659,272.98170775679984,99.36884559837297,-899.9802127068136,-199.06938171510728,166.9907322305489,-1050.0053468395038,-34.49654385477283,-195.44225389887652,-300.01305992667784,281.85780341851216,102.6899670543171,0.08140140529241864,-229.78625754554426,192.91247437937858,299.95932628479767,-52.06407241746377,-295.39666124247384,999.8969356870409,281.9361484188649,102.63640934553509,1150.1311983574176,-229.79155001469684,192.83038431638937,1300.0783769252728,-52.00806834543246,-295.3998707145253,-750.0343830589128,272.95729297812903,99.37529697486025,-900.0202921113794,-198.98447416394959,167.02095033912363,-1050.004297209532,-34.44942543807065,-195.44104559102803,-299.9878291584195,281.8888525437299,102.67944450788787,0.05826962284396732,-229.77880365082234,192.86236289989884,299.97507503431177,-52.106080746261505,-295.45237165848044,750.0007530635748,281.9596886549069,102.54615299471047,899.9747725680381,-229.83205772637254,192.80459146769752,1049.941896038359,-52.10849835707533,-295.5209071496374,-750.0159539971362,272.8396380846884,99.35886583054626,-900.0309749373376,-199.06039260224975,167.04508945768487,-1050.0011364958225,-34.56800207638209,-195.33542620205978,-299.98428961343205,281.79388001283013,102.7963559818025,0.07549084658758284,-229.86491052925658,192.89140294131153,299.9762696209266,-52.08437486180095,-295.40361187016356,750.0298439770239,281.95280529621215,102.57097685386523,899.9491867076447,-229.77114293194475,192.73986117354787,1049.920935478737,-52.113111863377874,-295.52035718164626
calibration_00094,-1266.1340120239188,7.560746273998571,-58.24759810653968,-1408.9049118190758,-433.6985601514456,128.3349534463813,-1627.4177633170548,-330.3971829646673,-221.68615809292479,-90.26163578556448,274.65944813267555,284.23658170790617,173.40368833251844,-260.70357977089867,221.70116489958815,508.45171352907005,35.104665576422214,-178.62493850445776,748.8698410769665,494.8359763751005,-79.73944873099565,902.9649734067909,-22.57169283384366,-46.79918447951733,986.7550249344469,188.5898712243782,-537.6072064076288,-1000.075321441772,272.95857693571566,99.29716598174807,-1150.065959501723,-199.01647283512526,166.91556161144396,-1300.056642299657,-34.423163731525705,-195.48774705908218,-299.9974489387969,281.93734317243656,102.57489501543166,0.010639127616377976,-229.83644806351984,192.794396246713,299.9445370105144,-52.14982584101539,-295.51870125303543,999.9702455207304,282.0145966735251,102.59590865014619,1149.9734488256104,-229.7453993911932,192.87242345290903,1300.0078089730264,-52.0147893153252,-295.4155721277743,-749.957853702986,272.97455638466306,99.31171929012577,-900.0070138763633,-199.00263164056653,166.94967207986542,-1049.9438560460687,-34.38061584389291,-195.48915825074465,-299.95038729714423,281.9024857530077,102.61357295001281,0.045852789684912416,-229.9212874103954,192.79680106329909,300.07271746655294,-52.15248187425055,-295.55634819491223,999.9489788412993,281.95175796099085,102.59923557570927,1150.110407665686,-229.75261753876254,192.8785593579009,1300.0095391036634,-51.99190385285127,-295.3726341967327,-749.9928635846592,272.99843860053386,99.35113631835908,-899.9061779603654,-198.94968523430748,166.94242565087976,-1049.9740285571588,-34.45803904186537,-195.46383780342083,-299.9948410387789,281.8476248234049,102.61333514921964,0.00416192053390067,-229.85869114205485,192.76839043888887,299.99648272828415,-52.06764263808445,-295.50253308396736,750.0471406786719,282.03835106421485,102.56731122853007,900.0089013280835,-229.68943666626078,192.8628325964259,1049.963676781105,-52.02236436948729,-295.420215412509,-750.0079680564672,273.0538091668736,99.35749279857289,-900.045763738385,-199.01500226021662,167.0537855260433,-1049.9947527096244,-34.39582182774107,-195.38017061806116,-300.00679541008145,281.84734415003294,102.63188498905959,-0.04520222129169876,-229.90238278507985,192.8219421778792,299.91347666411656,-52.171323391481515,-295.50730315705476,750.0682723929432,281.9453451847127,102.53399242089179,899.9808126212031,-229.83558126027674,192.84754026618165,1050.000526147907,-52.142540860818386,-295.4952366051195
calibration_00095,-774.677385623693,292.22325471367026,142.0205874174608,-914.511871752812,-187.2320827464658,163.67469051074042,-1044.4805998575848,0.6763571706756273,-195.170315859171,-169.42387293595075,-7.540977184605772,-180.9271887900864,168.62655805113712,-470.4374421901859,-3.413992520460389,515.8885471708786,-294.7522512929818,-460.0153240957936,984.588555372316,105.03726855447107,12.97919614830295,1029.6104525276037,-424.5137419193913,113.67730205064414,1246.546824531172,-283.85887363638966,-361.30586088159595,-1000.0383020008466,272.9207899463415,99.33495482054923,-1149.982114613783,-198.9936929298253,166.92489810552436,-1300.0138456158631,-34.43008629550803,-195.5656904833451,-299.9126461332287,281.9061935948269,102.53255514276438,0.005978598621788948,-229.8373425086836,192.75236855916535,299.96446862812803,-52.13183610803109,-295.45566007641736,999.9637134881731,281.92000790574025,102.65729198987516,1150.0109174337533,-229.7116492305397,192.93310535093963,1300.0590431249293,-52.047878528325455,-295.3296764560113,-749.9470539050543,272.99860753745463,99.3039717756938,-900.0306897163802,-199.03388551856307,166.94460840498513,-1050.031065913426,-34.357111438680114,-195.49411696841912,-299.88517461970685,281.95218115095685,102.56187264313891,0.007494051970809455,-229.81781927740676,192.84197050075161,299.9642356818888,-52.13558324699929,-295.4774594366226,1000.02343278185,281.9472659958169,102.65616891183384,1150.096633987561,-229.73249339473716,192.9611568104524,1300.051936539149,-52.10277550515382,-295.30901289411975,-749.9206710226185,272.94368395670057,99.28373772644437,-899.9830004432156,-199.0396183677101,166.9398221060945,-1049.9900206917314,-34.43482428462633,-195.41522649818896,-299.94539581775206,281.92565473472627,102.60814523279747,0.008920953306615846,-229.82920247113847,192.77547365029397,300.0112198508677,-52.07921471388641,-295.5160984493898,749.9118334655421,281.89671228251353,102.68363399147228,899.949400044529,-229.86433330792414,192.82461061878598,1049.9351930480718,-52.10443908460393,-295.4066419356282,-749.9276269297691,273.0359175685151,99.28342599585774,-899.9898805475658,-198.93517784081772,166.97178732908887,-1049.9826600843078,-34.41468503392026,-195.41289468991891,-299.9452756667197,281.97092734287753,102.5533048803788,0.07058737284437672,-229.82302641665515,192.85616069272578,299.93982076294816,-52.05982288939951,-295.54083042687955,749.952104630263,281.86875563068486,102.67179688308515,899.9621799128421,-229.84430948309569,192.8462450725561,1049.9679954852722,-52.10782563468702,-295.413898525444
calibration_00096,-653.6367208590636,433.0414840656939,-77.12316517382159,-815.1552054876123,-35.9382434863173,-14.844761084230537,-958.9356175804211,135.5257554312631,-376.5453632956384,29.388360817532853,271.7634369711262,221.00933520231771,219.99448711538682,-279.9219084525227,360.02159843663287,638.0576626397173,-157.82999124352907,-52.63463447509054,1032.973031319857,586.470410494751,-105.94257121789657,1206.676361777665,76.15999301982754,-149.51981794656788,1248.2516797416638,350.348011637985,-613.7505352427107,-1000.0188772198152,272.9666881755026,99.27725386769649,-1149.9637478047061,-199.0460414932225,166.99149072036866,-1300.0642218462895,-34.467936210953525,-195.41472104604148,-299.99076496185893,281.9369421395797,102.62057427188303,0.02956300757692419,-229.80053471594212,192.81336889687486,300.05740210471873,-52.09735134265948,-295.3678782436498,999.935837995952,281.90158625446566,102.47125827021017,1150.020935851787,-229.83176155913986,192.79777487900313,1299.8689518199212,-52.16980658175006,-295.58745683973143,-750.0022224488539,272.95254980417843,99.35324879258161,-899.9668030648713,-199.0921687369551,166.965984140324,-1049.9941040883775,-34.508341761756924,-195.461834502005,-300.0295191247704,281.92779122580447,102.62668271561697,-0.002818295005375655,-229.81303405002905,192.86169502053298,300.0244404989229,-52.10958633739058,-295.44117236686554,1000.019384367083,281.8738408817162,102.51889177756584,1150.0028991148326,-229.8245158244477,192.746831411695,1299.8484401527626,-52.16356558953506,-295.56230867358266,-749.9824413267377,272.93466730728056,99.33842919380601,-900.0510758779207,-199.0247372327335,167.01375024475297,-1049.9736894218627,-34.46062676417225,-195.40529074620818,-299.972040226906,281.947442025268,102.62281883900015,-0.004712209163875316,-229.83531417534894,192.81292619692357,300.0988643916738,-52.027207334440654,-295.4146974159233,749.9721325311168,281.86758627610203,102.62110720195557,899.9732244230347,-229.89704349046784,192.82886636558655,1050.029206549713,-52.09616574885224,-295.3698390857378,-749.9899016379151,273.00892255020557,99.32950699702863,-900.0208752377545,-199.00742479674048,166.9730896311877,-1050.0260119103223,-34.44009421804193,-195.48316867111208,-299.94495215825907,281.91320403318133,102.58404089979383,-0.02876562413920249,-229.83787674150273,192.85961567368886,299.9879832198254,-52.105786385143844,-295.4312192864366,749.8940500758523,281.87174796963853,102.58331339682489,899.9092976539611,-229.81192244302383,192.93355541365582,1050.1029053337213,-52.134243379654436,-295.42461438653356
calibration_00097,-812.8908351330759,340.9731576760673,293.3306423967226,-1090.160459312647,-74.38165522502878,313.0740006317376,-1180.1932265810506,161.1557474715031,-29.322964930364858,-496.7614588854006,533.9857973829976,10.061744938113836,-348.0042299229439,3.9761083066475265,248.7386404251114,65.25898611978194,9.056183847044789,-186.3042003730066,825.6234776962433,267.33676386361225,-134.93528263112307,959.3253845741558,-245.74747598334886,-28.689509348787023,1133.196262667797,-81.73688981229758,-513.8521474320012,-999.9861488325797,273.0277849875578,99.448479232272,-1149.9453245549616,-199.0268092491464,167.04348896521762,-1299.960023657259,-34.407837154218385,-195.38257046583303,-299.98330285716827,281.9303998615789,102.61294821205013,-0.0065920458363751865,-229.83465166078665,192.8889446861276,300.008383328633,-52.122542790490066,-295.3835824499984,999.9916071474904,281.9050220693651,102.58303557156887,1150.0842570509342,-229.86737972309297,192.9074410465166,1300.0840557224233,-52.09085198782602,-295.3905242847144,-749.9757158244313,273.00578320634315,99.28974425428069,-900.1039164175152,-198.9610225920057,166.97500857274463,-1050.064101590739,-34.39930680336858,-195.45595580864014,-299.9555271356051,281.9209089788441,102.60039566535302,0.032356698832687165,-229.85587115451213,192.87039841123686,300.0436578686063,-52.03104358914453,-295.3732844249976,1000.050236978288,281.90117727610027,102.67913089282584,1150.094973637138,-229.82903309664567,192.87753107657775,1300.0469036364823,-52.10318910165798,-295.37964093499835,-750.0126835961295,272.9986770609175,99.22914340877355,-900.023470822026,-198.91092451882125,167.00417731756121,-1050.0721379091144,-34.426488938895766,-195.4650108909506,-299.98319138947664,281.8348140115706,102.58380975028946,-0.011829997845622203,-229.82196833877248,192.85259999001173,299.9942925416952,-52.10260610642899,-295.41404958686417,749.916477950543,281.9319418899451,102.600307556088,899.9319306743582,-229.77959069451248,192.7945781835697,1049.9087794788952,-52.03583397403696,-295.4212286383098,-749.9725323929406,272.9644919038391,99.30193442572485,-900.0636637039795,-198.94400346086363,167.0258260726131,-1050.0092674723537,-34.333887507008825,-195.4205309559037,-299.9177259934602,281.8796157346296,102.673398141779,0.012900212082011534,-229.86728606919908,192.78570336604108,300.0153725217356,-52.057952070386136,-295.41705988175926,749.9486499122137,281.92453358837145,102.60559772555555,899.9620460679199,-229.83868407212026,192.8468108184619,1049.9810459121297,-52.039103215398725,-295.44299799326564
calibration_00098,-1279.9081472784599,350.49780427035864,10.592867765388371,-1445.5129933890407,-100.12691721584399,149.7978954503691,-1658.6949055222017,51.49296555829352,-185.56950864547477,-618.9542017681977,294.4415460178346,201.75624255331454,-310.7507554465022,-212.06714337822297,293.5428864340195,-10.26160747412568,-28.419849592723374,-192.28244289006165,1059.7665163858435,356.0771621352629,443.04121925064806,1215.895259921846,-155.7436138879086,521.1592556472451,1400.8220078721038,49.399134714181386,56.187234055405234,-999.9987161878641,272.949406407656,99.37125795330847,-1149.9468363378303,-199.0649430672351,167.0363437515154,-1299.9994840046763,-34.47219641946838,-195.3896562707682,-300.0645181470509,281.875969229682,102.60953885968989,0.022227429867522783,-229.82289782355193,192.80106341697496,299.92147147860015,-52.09746015735574,-295.52661535980513,1000.0372680935998,281.92167067254155,102.61339145824681,1150.0220732920423,-229.76874380220576,192.92185072365766,1299.99923020315,-52.1053706422403,-295.34010162276206,-750.0215292110275,272.8683513011622,99.30617795689491,-900.0190451845335,-199.0515368273277,167.00460535651428,-1049.9849321834151,-34.45523377669154,-195.46299101620275,-300.104511420151,281.9165133885092,102.54176593842564,0.04862609770622682,-229.82618882134878,192.7991996942018,299.94741335081835,-52.082018055594645,-295.5709512465832,1000.0353094219719,281.9249163797416,102.64420613472902,1150.084147689396,-229.77142948012965,192.9066547056778,1300.0634630783738,-52.133943272797715,-295.38393516512383,-749.9772585786469,272.93467081574494,99.3560214026261,-899.9972875777372,-199.03245041676973,166.89175857190975,-1049.9651625397937,-34.501155270084325,-195.4619300832551,-300.1426003366198,281.8607926207117,102.61164450414735,0.04248965755754807,-229.8428678748224,192.75182838929382,299.93538634290303,-51.98889429010746,-295.53764680149334,749.9635990030498,281.90757038664816,102.65546642984951,899.954990484344,-229.85971441955252,192.8710848967902,1050.0781577367316,-52.11875760151645,-295.35987542598195,-749.9935303814752,272.979930787003,99.42773337820266,-899.9666681085557,-198.97089960833253,167.03413000624812,-1050.0183188603014,-34.47947284085132,-195.40548034671673,-300.09191512440043,281.9194283108887,102.60688715274048,0.052168551408749944,-229.78850339629898,192.82108612319138,299.9258891701397,-52.03054156171759,-295.54196817424275,750.0535472705739,281.92679955256983,102.54353159917622,900.031548034029,-229.77435190996002,192.810894510365,1050.0102009644922,-52.03454852231918,-295.47465979902165
calibration_00099,-1061.2108002137356,244.3323707537021,84.0097322236186,-1175.2865652268915,-241.42885122213667,54.881855274283176,-1210.9149242315837,-46.423515199983456,-321.3892323664789,-479.9140881180507,491.3977089917829,-13.596203863394328,-95.11113093207472,58.69166292376173,143.90697714422222,200.3761555562848,248.4584483255524,-342.6475860761179,826.3125137377607,56.98685398758798,90.95616629869893,1141.515755652647,-375.8295338380456,167.72114582429955,1256.7952051652421,-113.2747192938607,-290.7702158192155,-999.9958893747377,272.86887602774317,99.19049937061104,-1149.968892999822,-199.14850692764767,166.86313460056004,-1299.9322808917568,-34.64095257264156,-195.56746086827883,-300.0706350730546,281.91685619159676,102.54374522166412,-0.027996186266652547,-229.89718718577475,192.8345121574088,299.9977348862265,-52.1831769478869,-295.4741711995379,999.9743981657575,281.8868732589881,102.5512207331403,1149.945255513878,-229.84446005748657,192.82037863551352,1299.9675366102474,-52.151686375504376,-295.4225718711316,-749.9651187207302,272.9192031938423,99.36286065905465,-900.0121753203151,-198.9942543036844,167.01798157694495,-1050.056933893512,-34.454858783920244,-195.40770254631929,-300.06424803287354,281.8693318456288,102.5299473568539,0.027569239605845997,-229.81979167034663,192.8345333549425,300.01096866818085,-52.167285428855706,-295.4910304979244,1000.0049273992768,281.91620075345384,102.50350026281265,1150.0216902028371,-229.8330238475097,192.8382775104754,1300.042009292421,-52.1348858541035,-295.47160850949064,-749.9789086655435,272.98625286255435,99.36272084151165,-900.0345773184736,-199.0339281811118,166.9584096642942,-1050.0308676875327,-34.42714818859034,-195.3552138529201,-300.02263080284627,281.8804763851167,102.5760870285104,-0.024474695974254456,-229.831386929848,192.78377521732946,300.01575383205727,-52.17429609786787,-295.4622173732588,749.9722420566734,281.93379311739267,102.65016592317077,900.0060331520463,-229.7705539250521,192.82069091554285,1049.969089987127,-52.133114846206155,-295.47806258234215,-750.0406052924069,272.9535545724903,99.36312275530224,-899.9719268567433,-199.04546569836765,166.98509208207741,-1050.0563231136678,-34.47704353103174,-195.31639192236824,-300.0518679819898,281.8516493913067,102.52234535687316,0.07515674282446892,-229.7776452416218,192.88454128500726,300.0397727581208,-52.153670919431825,-295.4555893855517,750.0212021291098,281.969761695455,102.55844617799778,900.0532539065484,-229.8001042723667,192.75829892278273,1050.0295745935045,-52.075657266298684,-295.5414694855764
