sample_id,s0_A1_x,s0_A1_y,s0_A1_z,s0_A2_x,s0_A2_y,s0_A2_z,s0_A3_x,s0_A3_y,s0_A3_z,s0_B1_x,s0_B1_y,s0_B1_z,s0_B2_x,s0_B2_y,s0_B2_z,s0_B3_x,s0_B3_y,s0_B3_z,s0_C1_x,s0_C1_y,s0_C1_z,s0_C2_x,s0_C2_y,s0_C2_z,s0_C3_x,s0_C3_y,s0_C3_z,s1_A1_x,s1_A1_y,s1_A1_z,s1_A2_x,s1_A2_y,s1_A2_z,s1_A3_x,s1_A3_y,s1_A3_z,s1_B1_x,s1_B1_y,s1_B1_z,s1_B2_x,s1_B2_y,s1_B2_z,s1_B3_x,s1_B3_y,s1_B3_z,s1_C1_x,s1_C1_y,s1_C1_z,s1_C2_x,s1_C2_y,s1_C2_z,s1_C3_x,s1_C3_y,s1_C3_z,s2_A1_x,s2_A1_y,s2_A1_z,s2_A2_x,s2_A2_y,s2_A2_z,s2_A3_x,s2_A3_y,s2_A3_z,s2_B1_x,s2_B1_y,s2_B1_z,s2_B2_x,s2_B2_y,s2_B2_z,s2_B3_x,s2_B3_y,s2_B3_z,s2_C1_x,s2_C1_y,s2_C1_z,s2_C2_x,s2_C2_y,s2_C2_z,s2_C3_x,s2_C3_y,s2_C3_z,s3_A1_x,s3_A1_y,s3_A1_z,s3_A2_x,s3_A2_y,s3_A2_z,s3_A3_x,s3_A3_y,s3_A3_z,s3_B1_x,s3_B1_y,s3_B1_z,s3_B2_x,s3_B2_y,s3_B2_z,s3_B3_x,s3_B3_y,s3_B3_z,s3_C1_x,s3_C1_y,s3_C1_z,s3_C2_x,s3_C2_y,s3_C2_z,s3_C3_x,s3_C3_y,s3_C3_z,s4_A1_x,s4_A1_y,s4_A1_z,s4_A2_x,s4_A2_y,s4_A2_z,s4_A3_x,s4_A3_y,s4_A3_z,s4_B1_x,s4_B1_y,s4_B1_z,s4_B2_x,s4_B2_y,s4_B2_z,s4_B3_x,s4_B3_y,s4_B3_z,s4_C1_x,s4_C1_y,s4_C1_z,s4_C2_x,s4_C2_y,s4_C2_z,s4_C3_x,s4_C3_y,s4_C3_z
train_00000,-806.5109500688901,577.9767901712461,126.25106816997582,-956.3260631883708,104.79213158992243,185.23696831614413,-1093.472894744219,270.8953937199103,-181.5382085917518,-124.47635021951723,453.1049374620575,-74.69999661363336,185.36640807330056,-59.09813583482284,-32.86527723712325,453.89849338340053,150.93983165979822,-526.5219435025105,1415.0611974396606,246.5063659398614,345.328515477066,1564.952473524861,-266.7481079231351,426.95834446977864,1728.2032755870857,-75.97059730542216,-52.174163630877196,-1138.3196244883468,293.6283210934465,81.31163707086792,-1294.567084644754,-176.58796826838162,147.19446053432807,-1434.3931463184297,-11.974296055851472,-219.25940130136667,-300.4807099916491,282.45647772544044,101.61635475005065,0.12314386476329278,-228.8649289003675,192.48663589028772,300.56377843135033,-50.92593704392395,-295.49742796293566,1090.894556635142,287.7591161204336,109.50748074347207,1254.1123683512392,-217.92698149951417,210.22196671072572,1405.9104815955873,-43.80317487435255,-278.8501588838967,-750.4289676433639,272.81203320895,97.90778795793679,-899.8814656378992,-199.30794637334915,165.38254034166974,-1049.6348022119585,-35.06844990349149,-197.28726909829456,-300.5374341259659,282.4736390597477,101.61518962924929,0.14808397022934125,-228.80868927905524,192.50982713472234,300.5508047405227,-50.894137244658125,-295.4455482504798,1090.8194462248791,287.7248773420177,109.56150963222937,1254.1297669364983,-217.86552601542638,210.2877662231278,1405.9415795643827,-43.77003847602422,-278.79534856299034,-750.4408568696283,272.86347633342604,97.89168565488161,-899.9209640968198,-199.2799786613131,165.47669534736883,-1049.6339170616839,-35.09965266449889,-197.26099761256754,-300.51517677027005,282.47295199184094,101.60419342506661,0.16297121728255398,-228.79643905454245,192.5443070862071,300.5541593507618,-50.891359169043064,-295.4228981553901,749.5030058317682,284.0762004340007,103.06520106542223,900.0917476070033,-227.42636706849026,193.7988193068529,1050.5436690007348,-49.80904573419606,-294.43695539241793,-750.0081784024118,272.89049444869056,99.44860061329409,-900.0775620182833,-199.03167193452074,166.9387415764975,-1049.990334353599,-34.38932980974876,-195.40954557747037,-300.0609378588459,281.90675843273635,102.55609110076632,0.10474621851612687,-229.79636111950308,192.85944926176836,300.01771643893613,-52.11549077199838,-295.4979367780642,749.9507297285097,281.93508846596075,102.5937405704755,900.0340037714725,-229.8045534526003,192.8177034344703,1050.0242447565113,-52.07803465840175,-295.4936371578362
train_00001,-1208.9405094989922,43.86965862611202,-234.49434036610427,-1408.238738035888,-383.70827187865905,-69.37171264194542,-1505.0436181734647,-309.61055840116626,-476.88524805565095,-322.6115960249863,309.11033289772763,-250.07070828473806,-49.84187704244164,-184.61110492264936,-45.47011899343742,367.3870908235704,-29.658208094544214,-447.8885902646932,881.7585772911239,522.7655505932657,-138.00471440630255,1095.553664584919,41.216548883568706,-15.56138945231681,1261.6150760658659,226.5127420459784,-495.8085864047628,-1043.3726337400553,243.64547494836867,93.85852568971447,-1198.8234210400042,-226.40661156199914,162.84003544941913,-1340.3249329706973,-63.87963799492223,-203.93523938337532,-300.27897404663344,280.01929894169086,101.73404609678445,0.842136682790766,-231.14283049558395,191.94088111398347,300.9286649093204,-52.44255272439254,-295.868683551726,1002.7856958977144,270.768126451757,119.91344429514996,1155.020391672111,-238.65971274413207,218.69538190305815,1315.5111515576,-64.12464139014648,-267.47161107243744,-750.2451302655222,270.04572788583096,98.00718792223931,-899.2978164076784,-202.30358326272167,165.19222650176832,-1049.2395749280206,-37.90778075462157,-197.27388043774505,-300.3159970207781,279.9284407463198,101.7059818046517,0.8953679386710638,-231.12588386943244,191.95824930189943,300.9431063066884,-52.43544939165948,-295.9003668077482,1002.8158925849101,270.79110785217324,119.91312937116145,1155.0423484857702,-238.67816947850932,218.65114200292797,1315.5799365632129,-64.06142753712922,-267.4876694972695,-750.2124463559484,269.99778095149156,97.97709883840626,-899.2770862218343,-202.33000705944082,165.264373507641,-1049.228275477467,-37.86722632182409,-197.28185523054074,-300.35898125052364,279.9137209850519,101.74145095445274,0.8835424281551347,-231.15460574816143,191.94183556063285,300.97091161754054,-52.41464878831371,-295.8453319699518,749.6784765116869,282.5648989204809,102.77272006382215,900.89396371389,-228.83653490768623,192.96143600192082,1050.9580320939538,-50.62219029981342,-295.18674775932135,-749.9474845971888,273.0219358826591,99.41040836054245,-900.1424406569657,-198.94098068023405,166.98983994393816,-1050.0203407622605,-34.30955833556751,-195.38333413163315,-300.07259332577854,281.8318162222657,102.61098239680356,0.029392704088243564,-229.90769221034327,192.76318785110132,300.09440430082736,-52.169225131291626,-295.4916743001654,749.9118498608352,281.8889719568532,102.64319237538714,900.0771450156817,-229.77152246761864,192.90950180059363,1050.0109247286923,-52.14096777982608,-295.5947442637107
train_00002,-1134.9785451063058,568.4995526088786,13.271904813680509,-1287.4965820219695,97.0584503778382,79.47756843549467,-1433.895504785334,262.37156869478895,-284.06529996270507,-158.3182149608324,634.353126021449,277.8512675307508,50.139845148700104,73.16122297460737,318.26410573248495,315.4442833122189,214.44652475029258,-200.97828091072853,1296.8190392538781,317.1992256511108,304.1852827421386,1377.003277493163,-195.71616605428093,455.6350629872126,1419.585815098289,-127.74067961531219,-79.16730721218875,-985.68328312979,286.485412507169,111.83473149070899,-1134.142966047651,-186.06928266018468,179.03688334713826,-1281.9560544966962,-22.655942966996243,-184.94145054093934,-298.49301424460464,280.9899312509839,104.35929514074343,2.0073699784039167,-230.46615993059007,194.8497865826457,301.88316362348246,-52.45574996694529,-293.5383261532532,925.8040957005265,274.926047334105,98.63865639959161,1066.949669857223,-237.36551625889268,198.9332390620062,1225.7610038569624,-69.85231281362901,-290.1528770759735,-748.4381938884155,271.53927022209757,101.07834159314392,-897.9712829473549,-200.61648305334847,168.86264692279389,-1048.1636984473928,-36.25474457722742,-193.66668946465904,-298.5471090235261,280.9143643036198,104.3935752190484,2.0658344366573855,-230.42481711483413,194.76221086855367,301.93877513599944,-52.39867869547509,-293.45313162832167,925.8186756791813,274.9119285364199,98.59159244815476,1066.9184776575146,-237.44207856079507,198.93794717732783,1225.7497616287953,-69.789771458928,-290.12789079050805,-748.3977173372236,271.52918233731174,101.14268201594082,-898.0137372630489,-200.62506615032237,168.87925990092134,-1048.1234172765726,-36.28630417596014,-193.6235161616794,-298.6106465342185,280.9965894521905,104.44094817023553,2.0567851796346446,-230.45956893445577,194.72553471718385,301.92104341631745,-52.3085159981952,-293.47413862427396,751.5199692732764,282.12824392496503,104.65197879662296,902.0501315292375,-229.25525867806064,194.97396376314677,1051.9261146784038,-51.44202193726967,-293.25090390037116,-749.9110745679233,272.9309683845285,99.29908516029775,-900.0551727673969,-198.94752118792118,167.0664714982314,-1050.056742725693,-34.493741340400895,-195.42483591002224,-300.0833473161247,281.9147814710383,102.52745800301004,-0.06344709889573445,-229.8800082875145,192.76403594176017,299.9544863325455,-52.154136301545826,-295.4785384268579,749.9414181058636,281.791190418283,102.55184900175217,900.0641617768298,-229.74083552764566,192.93630858078544,1049.9445340600143,-52.0344262964477,-295.4197181140189
train_00003,-1178.774524375965,590.3616964198866,322.24906639112515,-1240.9061428848386,125.34225675077197,494.69646443802134,-1492.4486675163012,206.79307635183721,161.5351418741624,-201.87330490724736,-8.231163726073392,25.09714187967349,148.47208746823583,-469.7464081918792,181.09075473630475,405.6565568819852,-356.13781647114234,-348.9872536561704,1251.5928067639659,51.731317927459514,189.53642376224468,1449.6545019052433,-439.7168315057338,297.82637841501366,1557.744624309621,-278.47704732403105,-206.98263523118283,-1083.6281793212117,302.2337385530269,122.72414202826782,-1227.1548554990072,-171.56600310691684,191.3370181139757,-1382.1986894887143,-8.682919784215978,-169.74103496150266,-298.4574444771109,281.4866522655358,102.80260285348604,0.9089397087855975,-230.92385899975247,191.4575983067203,300.97320924070226,-52.339396453992194,-296.43630289873147,1140.444504356036,262.39296191388854,94.25104732710201,1290.3880530578335,-249.91313340586444,181.28260651520145,1440.1351449794017,-69.21573196858675,-306.0548181497119,-748.4278148909863,273.11392983922497,99.60335046061792,-899.1229147351745,-198.73232208648113,166.14143881555518,-1049.0403410674462,-33.04925054823613,-195.8310540138403,-298.42801413434114,281.45282274450994,102.78560824245064,0.8996638389578392,-230.87411918593335,191.4670994717714,300.9965537922792,-52.32120272085881,-296.4147931540706,1140.4334890209088,262.3562939013982,94.30470193968111,1290.4067621987333,-249.9676761896968,181.30312570836512,1440.1215787688554,-69.24434017132931,-306.07515999383935,-748.3677882880493,273.1046612677401,99.60036438166743,-899.1287109839022,-198.83882094242938,166.0791309833844,-1049.0387170422812,-33.06201570448362,-195.84036960539066,-298.43057756474514,281.4019525616596,102.83584298055533,0.8646305248422936,-230.8893664693213,191.50205750919747,300.90061641660094,-52.25233405577588,-296.2798993935479,751.5903933714195,280.0250560259467,102.40730687211757,900.8914490753507,-232.17711976663122,191.24798953144514,1051.0603816674247,-53.34045259869533,-296.76958382699615,-749.9968108478782,272.8747833999144,99.32259141454882,-900.100906802938,-198.90595197359173,166.98622844493357,-1050.0926539371123,-34.464535638678996,-195.45140849507158,-299.9385962578933,281.8585119283429,102.65816383354813,-0.07644148194313952,-229.77940038874556,192.88415017167264,299.9612546359072,-52.00481989894592,-295.34208256116153,750.0845790400666,281.88900313794835,102.5282178517659,900.0039706176185,-229.7722412891676,192.86379976892184,1050.069504312287,-52.0892273370118,-295.47969737696474
train_00004,-1344.8207382888982,372.70633746887637,394.9408464015424,-1444.8460172185264,-113.60258319991011,453.1438748480903,-1629.2690602749037,46.57146939895906,104.93645009496059,-134.82998715335893,251.7534155115329,196.433675144558,137.09816371454002,-265.5311655714314,332.7682863054191,564.7152905892679,-48.80610710372957,-28.00351931455081,657.1916306440093,470.38076923407044,322.14531238991174,872.1210113124565,-20.872709602924324,392.70030734134974,1065.2869702669125,229.6760236653065,-45.94434731861081,-1101.0660533903283,255.82490325207567,120.69543937830221,-1262.5868198230658,-213.65731270671887,178.13820849637227,-1409.5890433492332,-37.27987629423838,-179.83942226917333,-297.4965363584671,282.18443708273526,103.5787743744205,0.5140389411575692,-230.82444963131277,192.8961536146369,300.65941333738334,-53.64002494707853,-295.53730320143444,905.3072762626643,283.0552221058871,78.92121751275606,1057.887129729381,-227.22887708118597,173.67751042233562,1201.218115877538,-55.18098499289018,-318.63397067763634,-747.5432609978312,275.011443980984,100.82028004318002,-899.4037893372193,-196.38766093059527,168.06533147418307,-1049.0941462857234,-30.763435018866293,-194.00829557745823,-297.4469820248704,282.19258404964825,103.53487548444619,0.5280637787502425,-230.81898081450515,192.81166699348486,300.690913214287,-53.736895430274494,-295.59215615852446,905.285244301328,282.98589552090294,78.89934573118856,1057.9220484376126,-227.21235730717515,173.69880696595496,1201.2635797672417,-55.152370756193775,-318.6185228594294,-747.6061010207379,274.9927898051917,100.82175022843991,-899.4227087164511,-196.38764833360477,168.08089063358779,-1049.1452895008429,-30.77330777360206,-193.9677998266106,-297.4673744298123,282.1073528477775,103.53491846543024,0.5168921026751591,-230.80618926673418,192.81341723288017,300.6555054406701,-53.66528928944703,-295.58896816500027,752.4880841964784,277.9098211134786,102.35772510163979,900.544993299822,-234.5737030053883,191.81759032222575,1050.6773125082723,-56.8049845180249,-296.551792285474,-750.0727354728165,272.9075880701793,99.37985118950286,-900.0350887036572,-198.98783407918305,167.03024326988927,-1050.0667417439402,-34.393868411880874,-195.41901454831213,-299.96177066148095,281.90653998793584,102.65083292858283,0.018120630205512966,-229.75526257405187,192.83972133182093,299.9345939898203,-51.94350275619469,-295.40351305058084,750.0871128783585,281.9331225304517,102.57355287128851,899.9875924958397,-229.84734224384826,192.96251482461412,1050.055382302328,-52.12464478911958,-295.5007250295567
train_00005,-1196.4397016604769,586.0927581666771,-246.7947119358427,-1352.511829865089,116.1483702504952,-178.44962990532673,-1489.6822610897373,277.76777305719435,-547.2721576103502,-371.9108325759945,98.93849778513116,222.2463440087326,-173.42416373440076,-460.69309811540353,136.45171046395157,25.212827891026283,-230.62394428356356,-380.8030344902524,649.6271664408113,472.3937913105319,345.68663054641127,856.6416687136636,-22.34872921805228,414.85658246040816,989.907954234539,194.02657469255556,-62.55454260230417,-1017.5739063099595,284.151877214995,99.6670789479055,-1169.8707671413924,-187.1830815987236,165.69752911023016,-1315.4059375275037,-22.16033705355427,-198.31390840238203,-300.9018416318754,282.24172439441685,104.38137290603512,-0.9115530164685204,-229.3971490510666,194.9948830522762,298.9947896091726,-52.101024840730744,-293.5178709007927,995.481922756641,289.44167070142856,81.09654256387547,1146.2479897189316,-221.86128343794198,172.45780890660032,1295.1269449859174,-45.3094574168932,-316.6107190966303,-750.9490704266769,273.25281522452394,101.19588325524393,-900.9630378162464,-198.50427609077627,169.37161611663967,-1050.952395459365,-34.32266497007844,-193.16009380170223,-300.88110900838467,282.25574104294816,104.47563554980498,-0.8891588833988439,-229.3827605506226,194.9695936399597,299.0356807857723,-52.13854990134367,-293.55006525993423,995.475559145217,289.36564447010124,81.16066635654376,1146.2543950599395,-221.89258131716034,172.5397456925983,1295.1671289972858,-45.31703160887374,-316.62151575204103,-750.9065308517527,273.30632566473037,101.2034066912079,-900.9699265324065,-198.51384779841172,169.33668799888184,-1050.9715682840736,-34.308967094489766,-193.16103031485105,-300.94648785788127,282.2671995422027,104.45983817838987,-0.8379063067931021,-229.39414335826854,194.96024287147412,299.0072643979368,-52.09489506896963,-293.6318519888313,749.1662381721025,282.2546809299112,104.06383176044807,899.1604243181201,-229.4022237154705,194.74827769172285,1048.9929114620616,-52.19307463451062,-293.8561593604802,-750.0739077882172,272.9239193143017,99.35134877660752,-900.1770237834606,-198.95146050552884,166.9837112641206,-1050.0117854023063,-34.464949572369925,-195.45866209988898,-300.0126032215669,281.88425071324144,102.62460275426271,0.03404845080265366,-229.7837101444741,192.84391631702724,300.0323183889857,-52.095612905188595,-295.49075895581944,749.9901139300539,281.8820375098787,102.63881795241878,900.0844096991588,-229.84188921442941,192.90260872251716,1050.0070754330345,-52.14835320756979,-295.44220149678875
train_00006,-1088.166013853488,448.89904373423207,157.515388295407,-1138.2247429311574,4.90060728703968,381.4359199307084,-1285.1980709414988,-0.3362617496682789,-17.672171536742372,-186.49611158902613,215.31667922537218,-221.03631046323102,101.71822757330578,-303.3281904376343,-131.9868829200755,387.49457858811536,-144.05927824743134,-635.0102520358305,932.998527139807,608.3963948615599,-80.04591481129336,1072.4771579742999,87.938747242265,-33.16070567881823,1172.140382884493,286.31612839745156,-526.2852843130706,-917.946723561574,262.4253340676359,77.2174156197538,-1072.8777036024953,-208.53301423928102,139.95891299941513,-1215.747409808297,-40.95251215521923,-223.8688689247276,-299.9583120434127,280.2726030222383,101.7631219230468,-0.571504733041342,-231.64268791429382,192.84033669377212,300.5459969935897,-54.399931186013376,-295.0177341757806,1032.5527411647174,299.352585201972,101.02467872906776,1190.2753008981633,-212.2121932330287,178.47602624215673,1336.7664906168675,-20.21017473172207,-305.44662784788306,-749.9253343164421,271.66098120034167,97.72372154825146,-900.4365293041618,-200.1971796304015,165.17461549380087,-1049.6728640505535,-35.65211935097146,-197.50371522311505,-300.02461101119036,280.3175220971775,101.74043619817779,-0.5315027756333687,-231.6691655828104,192.81438405759232,300.51891635754987,-54.41469983246459,-295.01929869013134,1032.5215913336344,299.41482571515934,101.0973069551675,1190.32727045565,-212.15689529931893,178.41772250299286,1336.782890841595,-20.213170064368448,-305.4773705999331,-749.9424210986483,271.6602236135046,97.65918752198989,-900.5364885625486,-200.16143837947743,165.2233485612963,-1049.6409961059796,-35.60998194927198,-197.54376641251142,-300.07936192311803,280.2958342074469,101.76333192042249,-0.5392779110086268,-231.5845668538352,192.77762595933348,300.5069751977651,-54.392757153675,-295.0244611209706,749.9657952435319,279.46051720876227,103.71158981779215,899.4073089878275,-232.35228773505227,194.51425183540522,1050.4575503777853,-55.007662880657186,-293.55890646896,-749.8838690284249,272.9072892747405,99.32903363555924,-900.043962280855,-199.09443498831737,167.01941144538011,-1049.9790100196935,-34.475353464692446,-195.29654546120753,-300.07791398910945,281.8793425566559,102.65423375253867,0.05994035237681473,-229.85313753935765,192.83506603832302,300.0040246984328,-52.05100076900875,-295.44892310234553,750.0154038427847,281.8949894590028,102.56172912584778,900.0158851435903,-229.781352900806,192.89003534028635,1049.9759292859776,-52.17665278566735,-295.4797150348204
train_00007,-1008.8932856502821,62.32954803082182,74.6418609354027,-1126.932364447399,-376.54277136034625,282.49272236121345,-1256.0998827761857,-351.954277142307,-122.00869049080656,-29.482191394042047,-7.124879130539772,-152.76034676169408,385.94942645087815,-439.21877132542613,-178.63033294713762,523.2595629207178,-171.91403968261662,-698.0114928692486,1184.6465030946447,605.4241607527794,93.39212705348797,1336.75600814499,92.5845810760175,173.3732642636294,1490.1934790745188,282.10311498416075,-309.4203865421062,-1069.7742769481436,259.4939687436215,112.39363030663431,-1220.2172808730827,-212.7768851345706,176.72293335814442,-1368.4530122045817,-46.28225175858732,-185.42199920706094,-300.41829204316065,283.26483611758977,103.45255652430806,-2.091851858184278,-229.3889673557077,193.59745087053787,298.3519626867098,-52.53847254605572,-294.73954280367974,1098.4000340174778,280.3393282902131,93.7190669827657,1251.1370619240229,-230.47735647830794,184.03829358316543,1402.1321283124157,-51.35379665385987,-303.3855436813891,-750.4973980049072,275.89216024559965,100.25177688192045,-901.9457539906459,-195.70966069799306,167.94814538175024,-1051.5793244368647,-30.639558527149983,-194.39055145820743,-300.48336396522546,283.3054235811139,103.47493979428428,-1.992431523486917,-229.39144261450332,193.56252276397578,298.38397762271484,-52.485409872870065,-294.7196378582028,1098.4269811659437,280.3752277596018,93.6740015233231,1251.0510015702837,-230.51555800868866,183.94865448198544,1402.098876693749,-51.416765967926025,-303.3262392988037,-750.4728471744335,275.8687549406501,100.30247557793533,-901.8966806106482,-195.64187237765975,167.8826768032127,-1051.5931948083376,-30.634702036766406,-194.43514739338224,-300.54788115041424,283.28829281990755,103.49098800593386,-2.0335890366666516,-229.37278465485124,193.54885922430122,298.400987843634,-52.52978310633371,-294.70575821965747,749.5337207004733,280.00002189386964,103.33732848137484,898.085281155577,-232.08770843267175,193.3456541514189,1048.3529411313416,-54.76225254370209,-294.8583388814381,-750.0254844717958,273.0667492832956,99.305599973554,-899.9409877790766,-198.9773044983819,167.00567266107362,-1050.1603679296252,-34.52931183081954,-195.35543867307842,-299.98781343101274,281.84881076937523,102.63632340148226,0.006076412102761004,-229.96313857584977,192.75123449180495,300.0123726881849,-52.1390447795316,-295.4657730935596,749.9342918823451,281.9564610622735,102.54142268878569,900.0747378099778,-229.78666632628762,192.78444979266945,1050.0457294391574,-52.09147388132887,-295.4420159858193
train_00008,-1264.4424582269876,410.8364490226565,-81.73440336751757,-1329.5838492453395,-83.08085306686733,-40.712779644788654,-1460.0428992741477,64.19001748567896,-417.86374863719925,-147.70914066461776,532.2760447724763,-153.84166906795923,237.3708427293028,72.43423731575182,-169.06987839380955,361.3537683845674,292.20623676733817,-713.418700844311,898.1212778631202,252.00187228716064,10.998067416667022,1038.0291864895971,-263.9048208782774,93.06279117122648,1189.2645821390663,-82.25217682960113,-393.33289396236836,-990.7170966524687,290.65696665755866,79.3388397258503,-1145.5678027737692,-181.41181830598114,134.53383172937163,-1291.247672450944,-6.874420836866196,-224.94040682339266,-301.8583403648314,279.98481346916935,103.5356934807342,-1.2479588427213582,-231.04474686405555,195.4491448039696,298.8138764555969,-54.561286324833524,-293.1940011619527,1115.1961214259914,284.6875097763487,73.98487994327553,1272.8133490812772,-223.84890389850895,168.98096841727863,1416.2376940328986,-49.91468075768251,-322.59074567766316,-751.8138441858731,270.46161624561495,99.9723102683707,-901.3069802379624,-201.45938622885137,169.15217563547205,-1051.3180620635444,-38.26343824866034,-193.88464328849838,-301.8275739489369,280.0353501405585,103.42528504069723,-1.22352564125034,-231.09278896243958,195.5364642261055,298.85717617595975,-54.58363813769602,-293.21910792308284,1115.0923735841627,284.6971434839233,73.99268169622998,1272.7945047197331,-223.86459895352814,168.96163895432096,1416.2787212859166,-49.89854352441401,-322.60514306165277,-751.8478510906624,270.49533351075024,100.00869060825485,-901.2296449245418,-201.4706467667255,169.12591288691715,-1051.2294552863232,-38.19081099001285,-193.91647016322105,-301.83859817033175,279.9534470406094,103.50675449908562,-1.249068231843075,-231.1495899463191,195.56906768265264,298.8418535402057,-54.63595657140767,-293.2251414935707,748.2835470372156,281.3419201985512,103.92448857692386,898.8579618913925,-229.97538663401696,196.04656472675833,1048.816552091914,-53.58518327644366,-292.73151755776735,-750.0356992057807,272.91462107644503,99.32554944919643,-899.9660137237283,-199.05839628450371,167.02973111851009,-1050.0748843553959,-34.43512819911167,-195.44144391339378,-300.0502525094589,281.8923788295231,102.61791498660826,0.006819271068509639,-229.85807202352294,192.8647735496946,300.0310709505813,-52.074893512996155,-295.4305087493868,749.9757783882283,281.9426671052237,102.55920032168444,899.9190837706768,-229.87071106543897,192.81175994389307,1049.9652971712703,-52.128354079592626,-295.4286075855383
train_00009,-1108.9128228940879,-36.12787050932054,403.1605605859915,-1240.887934116536,-502.2469522385792,526.3277018552432,-1379.9719655377185,-394.2032548362222,139.1082896683438,-406.21458148397977,618.0257965486607,-58.19388636189414,-75.46672998949539,132.6789975689086,64.74014889506425,191.86280441017956,276.64296727848773,-452.9039510349857,674.0047178511323,280.8889085076547,380.2226448522812,844.2240447236289,-231.2266875390097,416.4448379337581,1014.0408768176256,12.987829665877996,-35.21072304521745,-987.3177797971034,251.0553861695213,96.88847546492617,-1133.0961290270016,-223.17143706990421,157.39970724731398,-1277.247921433843,-57.27859358107047,-206.7574371272019,-300.4820624475505,280.4903249588816,101.47770223538957,-0.5517627312719241,-231.25547319354604,191.62856306593974,299.5720662922337,-53.480881646431015,-296.7525136690457,1034.1275071615305,277.8812903080104,104.34549915051471,1186.8063473368854,-232.5030985650424,198.00183498219758,1339.6149664472716,-55.7637924267935,-289.71674697930104,-750.4866052127999,271.57517802951844,98.21709936121897,-900.5751481055065,-200.34177454586592,165.8141802445395,-1050.5119532686306,-35.66444055019153,-196.60566409191009,-300.48745946011366,280.48433389888237,101.44936168491945,-0.5979815763558322,-231.27599232894804,191.64976337869896,299.52906282630806,-53.542104859691946,-296.68181578361464,1034.1274366860807,277.8983758792995,104.32214168839545,1186.8477642191758,-232.53052172791735,198.03339706465943,1339.6181434213042,-55.85875917223776,-289.6677136487262,-750.5300652950757,271.4987503661531,98.22893108057815,-900.5273584224132,-200.37359022432312,165.81676084924263,-1050.5125085767038,-35.66251605617439,-196.5927206263078,-300.504719337321,280.5512320510294,101.44681441034204,-0.5248649740623446,-231.26579821889004,191.6165120542742,299.4766140108155,-53.50917203591075,-296.664097842032,749.5154669189566,280.36046695531877,101.403553686013,899.4079501456973,-231.4577343872792,191.64417719316017,1049.3788658126741,-53.67358720537766,-296.6054222640614,-749.9740515638883,272.86140881208445,99.33748656767762,-900.0222566620025,-199.05398855756994,166.97947861075195,-1050.0451423120387,-34.34943143096948,-195.38738149948387,-299.97374922869085,281.92048516203744,102.56762368620835,0.015867868059431356,-229.6994662500215,192.903667959158,300.07243158955464,-52.159835489855666,-295.4657433338249,749.9798304368331,282.05088688293176,102.6912183427319,900.0285528467574,-229.82086054168914,192.8347413003367,1049.9383217168668,-52.0798527342716,-295.4150342094618
train_00010,-661.5490335477472,-0.11151331800571415,-37.49232145480414,-855.4256394392075,-438.94337803812374,103.01776844556183,-974.611567288077,-330.5899550749139,-290.7265882684743,-292.08799516270113,65.9126474348624,13.772421099691675,-101.86728592018329,-484.7867811568028,157.09381585131013,247.06625468040303,-408.06546002982503,-324.88058633094266,990.9828198835781,378.9148239512828,236.98382173205698,1119.4762750887576,-144.31856959975693,283.8685091262103,1261.7722302293782,62.65709685258176,-195.12822259272704,-957.5958937454116,288.14499382177416,127.698402341493,-1114.4297576128074,-181.4163328420608,196.83397299910195,-1262.8600417503003,-15.563794287924656,-165.54615776508663,-300.3087514051744,283.74939938040256,102.27223914420769,0.14425086524684477,-227.63754373137678,192.89094693547295,299.64767832619367,-50.24959622583174,-295.86662650941275,1105.228489700601,262.8793394550185,127.44482866767117,1253.715701299861,-250.12381275744346,212.46515107079733,1400.2922129471735,-69.31358231373908,-275.77705214744594,-750.3284447969866,274.4614543710374,99.39428876331284,-899.9416708496059,-197.58317147585524,167.705011377697,-1050.2979602228004,-33.65741553810497,-194.8128128207986,-300.2417544183307,283.77463405239536,102.22747423585092,0.02710595994324537,-227.63125332048975,192.8632631686037,299.67134526840954,-50.28926626505107,-295.9002411386971,1105.232894387996,262.9109356482808,127.42208175677695,1253.6288344218044,-250.11597388329213,212.41559134065375,1400.313147820116,-69.30763550540723,-275.68561420132534,-750.4006435210725,274.45729218205764,99.45212058347293,-899.9956547838234,-197.57420506465792,167.71020585378372,-1050.2715980219991,-33.642572021780715,-194.735653706751,-300.2517844786072,283.70182977958905,102.23695445595258,0.108333902449281,-227.6361513859368,192.88424503878758,299.6078623542501,-50.297250594424526,-295.9292028607519,749.7200613722475,284.3932290011364,101.52001843223051,900.1314668046323,-227.1322274575332,192.16619704841963,1049.6259714103742,-49.88640031127207,-296.38602728209554,-750.0632898853951,272.99332655593406,99.33430496276652,-900.0433533879965,-199.03958723828083,166.99223426879263,-1049.9265901282545,-34.577089899634956,-195.3871817306671,-299.9504874640853,282.0067722172719,102.50094202792633,0.012257025006218263,-229.73165363775846,192.76400195567112,300.0688719803155,-52.00352723038552,-295.5012658479931,750.0780963821456,281.9000313239924,102.60043138186651,899.9715214540746,-229.79777876447102,192.93385959472886,1050.1071495487397,-52.12709787030988,-295.38135215182047
train_00011,-1247.22355370831,241.49235452445447,228.8231642044402,-1310.0856771884855,-210.24754000746705,433.1059594362386,-1494.9934040289938,-180.86010868887718,51.24043004496127,-176.6599570612615,442.09675433905466,-3.3768281723947298,164.27398581995638,-50.7940320731984,26.81456353222366,457.1281700927106,215.56697694497504,-424.1227664247706,881.9554169469341,631.1047375560717,-20.69856558556052,1036.2723581873147,122.12282000121058,76.9674222744646,1179.5482179286882,291.8691077127675,-416.14952645962944,-969.6200127669374,282.37290189201457,123.91084648374674,-1129.1914667135368,-187.0109552529042,188.2460549444938,-1279.558330828278,-15.172460623280584,-170.63525641794362,-299.5395628920476,281.8798448602712,104.96041120141861,0.8078906777564611,-229.76305655512232,194.6697320241174,299.663529103777,-52.01208977845098,-294.35748022286504,1067.7046070101476,299.67620242894077,95.54670651454884,1220.2043354172097,-210.82092535765184,188.40396098693208,1367.3703374064019,-35.62208605786583,-301.6865073668042,-749.5414160515708,272.79659649077337,102.72076739443453,-899.2299336715083,-199.29501864120414,170.76360258451493,-1050.0840232264466,-34.78926741902096,-191.36027471100263,-299.55343836753707,281.9028600747051,104.97270866229545,0.8225246389280884,-229.67501392094803,194.65717152466,299.6384678227005,-51.99753037503365,-294.3109207890645,1067.693123285272,299.65552968831963,95.51062314932668,1220.142733972391,-210.91378909745683,188.41106250222472,1367.337197926521,-35.62321334345962,-301.7194202606123,-749.5341845758994,272.7850650261943,102.7186320014215,-899.1909673693275,-199.25442571526227,170.8024678603557,-1050.0139113287064,-34.77905263293171,-191.27834713194844,-299.5375985982248,281.8646516851451,105.00963349491887,0.8171579684084536,-229.6971313176035,194.71711870661522,299.6229233675878,-51.97964153162607,-294.3540152942783,750.4736466771858,282.2233185557119,102.54981088719344,900.8339393016838,-229.3988987196327,192.71555710513022,1049.7457471345178,-51.696587152399424,-296.0470806279427,-750.0259608213902,272.9823600975926,99.33510083736319,-899.9961822575669,-199.1256382611543,166.96579701733214,-1050.0131312871395,-34.42138591378936,-195.49813737028558,-299.9745295556545,281.80792233950433,102.62350143020866,-0.03599712553683407,-229.7737073824169,192.84470891605756,299.896753291739,-52.06080289896948,-295.4675743816336,749.9857302790955,281.9270148414739,102.62267113594366,899.8851390701051,-229.8486087863421,192.92839364138365,1049.934301599047,-52.1027608994458,-295.4314230332766
train_00012,-913.3451556984377,441.88563807267786,332.79491579226243,-984.7911948929651,-46.787138583062564,409.74397125944387,-1169.9521576365746,86.86150295074242,50.83507530950873,-468.05260641612466,-28.38720115143762,180.16135293133888,-260.61420439408084,-582.8550998085123,82.36255926710137,-60.1864950058902,-336.9601673325937,-426.89462244906446,554.405039598603,198.42086493715334,294.7925662044926,753.1343764134235,-285.80744735859486,430.66603928408205,1028.2701068317276,-53.86760664053724,26.943554559251762,-1123.6651146991262,262.71642018413263,94.95580774130931,-1273.2991614379825,-209.66759877423374,160.47776637845413,-1417.3453140407776,-45.903156165486024,-204.70132688596195,-301.65095377964917,282.2729326438907,103.50255645633685,-1.5779127491394438,-229.2670114526371,194.50156072480473,297.49220877775696,-52.858716751766366,-294.8260561049966,911.3420046423453,264.07693948462173,113.24058217394362,1064.1102441020946,-247.04050338113686,202.25073158478276,1212.844088885904,-67.51382805184217,-285.7562955048342,-751.6284042846318,273.37600683301633,101.15124406568579,-901.6907844201144,-198.40811930455243,170.34632961820682,-1052.277286019129,-34.844007287644686,-192.24825592020466,-301.6083352381808,282.294048484073,103.501934005034,-1.672525886294002,-229.26379276532606,194.49729549537363,297.5473288133358,-52.79677366708048,-294.8343329614383,911.3121940317741,264.0703153919813,113.29636359050176,1064.1272746069687,-247.06817861397272,202.2721985453595,1212.7909216422202,-67.55110373501657,-285.73556653487424,-751.6606477669268,273.37145883426444,101.16563541587014,-901.7249558249131,-198.39536190671038,170.32053774325956,-1052.2799448930482,-34.82797505151197,-192.2918916813251,-301.6118357776093,282.30180287340283,103.56688682667998,-1.6230240585943418,-229.2490211990564,194.53116655363243,297.52155165506093,-52.87660958776664,-294.8431155844317,748.3121464392494,282.12035706787157,101.62380587569326,898.3334999509035,-229.57381994068405,192.80445696147413,1047.5696026696692,-53.012987786563414,-296.14719267233625,-749.9594052886127,272.9626900794154,99.44422618290044,-900.064030660099,-199.11624623134722,167.06197856995044,-1050.0394369580597,-34.49594718220856,-195.41308080214884,-299.9721565638275,281.9717857916147,102.62802026048166,-0.1057757452098982,-229.75604267031784,192.82150556582644,300.02301896086345,-52.09288316997977,-295.5103931181621,750.0241139892732,281.8949287849209,102.63484824961672,899.9551468419512,-229.98597694735352,192.88481701891848,1050.1023512033694,-52.0808403997744,-295.43522876988357
train_00013,-685.4382893961757,-116.90010058490931,441.77140651849083,-850.9358020270007,-588.4562190192522,455.2543207771527,-1009.3253693348465,-373.2441276488345,124.31690131119473,-8.385307225398714,1.4871629341583452,96.00995557516967,245.81829091807003,-504.4979923868821,294.25519742461756,590.5036179466116,-432.79078148570477,-191.60299572980685,806.0761832247326,485.9755536674747,354.21393363404076,986.3344256470522,17.548836947984114,555.6713754109993,1191.9479833582648,126.86088993021609,67.54934793464078,-1029.0531503304537,248.0183709482462,94.02151540045622,-1186.447403802107,-222.72468488507994,151.9276760857593,-1331.4805928391345,-49.375252958822095,-208.37764822841746,-300.2184180245752,281.82701428245,101.0278224219916,-0.5392950785776218,-230.14064123295034,191.26405578531003,299.1912297266015,-52.93848130784768,-297.36666308275477,1083.3375076199932,252.28627379024206,130.32230990423943,1224.573006797571,-263.0916403927351,213.8373190303408,1380.4684103098357,-80.50165527929553,-270.776599472329,-750.1873499521043,273.2616396189364,98.12969866706194,-900.5372917170024,-198.55063557805332,166.20105857471862,-1050.7553969520752,-34.107415128724746,-196.20196785340565,-300.2158048695892,281.7594643791358,100.96417195224613,-0.5039768161902689,-230.2421094064837,191.29806237588502,299.256086162267,-52.91501907693984,-297.3468811974805,1083.2809331767805,252.27032537655106,130.42103178188637,1224.5454594152798,-263.08950175783707,213.89064257017174,1380.5313831570513,-80.52848525687054,-270.7294618708728,-750.1248161338696,273.21801785444654,98.14685644609348,-900.5969561735373,-198.57391778492118,166.24546486495663,-1050.7356232447546,-34.05456167803365,-196.24055390631995,-300.19287864033834,281.7571955545098,101.04415714287371,-0.5377512799188439,-230.12448088974878,191.34854232723023,299.16534408913384,-52.983188228139035,-297.36767106374396,749.7771814804784,280.9777875831396,100.16832155632152,899.504889967311,-230.82207310127328,190.5576494226602,1049.2624579218834,-53.42947005177331,-297.8149992727316,-749.9536948045987,272.9000045121858,99.35614504075643,-900.0070174002708,-199.04271565747294,167.03893882990653,-1050.046354218785,-34.44946572016538,-195.39527202997442,-300.0785712121732,281.89981672509475,102.54408927522016,-0.032750185866544206,-229.8436334839815,192.87205675668778,299.98687832508836,-52.14786176090515,-295.40627911493766,749.9451116451961,282.00742182674594,102.59792051484834,900.047419170907,-229.70959743873206,192.8648871136962,1050.1134245059573,-52.053274208528705,-295.412013316222
train_00014,-1172.2059257247267,5.435073116645658,39.78519369647938,-1305.1841753320653,-469.42609089989844,121.72447855723227,-1473.9589169675808,-316.2725853997254,-237.38956214737306,-559.2407423293719,520.6772594580657,249.92885847306337,-238.68066796514836,19.38976551377231,326.77614518414396,86.92341070288006,248.45352711657682,-122.10092095400846,1265.8750866973883,-18.7878416232001,-130.34821351488156,1354.7730835948682,-539.9403474756627,-16.534068726631514,1365.778331152554,-438.2994311153772,-547.5523642125343,-1053.5011277072902,269.4188859246945,82.59065091577722,-1204.1726813633147,-202.255631036865,151.0952466718761,-1353.740823133772,-38.212164658828634,-211.8054969742572,-298.99668897207124,282.19850420378816,100.56127992470851,1.055304059956505,-229.1575571738474,193.14397911950098,300.89123146103424,-53.783066432654536,-295.9778482372869,964.568118599762,267.2377123712277,134.11172706743207,1107.3810230116064,-247.39454226384598,219.37222120982156,1258.3397361978368,-67.56134818748463,-267.8432188479198,-748.8969441006001,273.2146536070854,97.42560407057766,-898.9104436638756,-198.48113409746557,167.42977872030517,-1049.0211861950515,-35.572028429363634,-195.84285329415994,-298.97503840716564,282.1084132290799,100.51279886785709,1.0308474189084178,-229.19112868829086,193.17234710936327,300.93156285443473,-53.7039181157557,-295.91726004512276,964.6422579501752,267.22189077392153,134.14298383991687,1107.4620907948854,-247.42490708745754,219.30565757648782,1258.3126819722306,-67.52396164458175,-267.8531427546053,-748.8558393752638,273.17153876209153,97.39392299457093,-898.9406888287602,-198.41995430013787,167.44931697549947,-1049.0143689743184,-35.61851509438559,-195.83423974996813,-298.98450998110275,282.1384868885228,100.55062764708192,1.0272155184299678,-229.18699068561838,193.18830544632925,300.90020013101616,-53.80660426231505,-295.9820447060408,750.8837474957656,282.2034519904809,100.5195871776861,900.9374890745191,-229.02526815971575,193.07435371605553,1050.9783163143907,-53.69539485271161,-295.92665805367557,-749.8766193038058,272.9149153155017,99.42489432851866,-899.922037400618,-199.03099084164978,167.0311424728723,-1049.9289985250205,-34.44830351394549,-195.4163480609402,-299.9215572297498,281.91195529217356,102.58299100102053,0.007733134523875241,-229.85834604385437,192.7514616751099,299.9361807274074,-52.12254887251469,-295.4705404243388,749.9097162758105,281.9309316203076,102.65893617218887,899.9410547327764,-229.80184101222264,192.8853582519332,1050.0289452199945,-52.163126753342254,-295.3701793043268
train_00015,-891.5579069495908,390.1873655386654,-95.7149500058981,-1191.7186386854783,-9.317761018713876,-83.2725699581874,-1306.5458458639266,266.9988058667708,-385.59377917732763,-319.8332680614522,180.60694425213413,139.0826077058047,-52.427083818750425,-356.56929269324644,134.10892978111502,189.0709667782673,-147.89524621081384,-373.9121460394525,1327.025449324127,573.2537448462671,414.60909707932854,1496.3489848834017,64.60588915792192,486.0144162538333,1606.1509502355761,252.82335549739076,-8.93882041586264,-1148.1091100158599,293.843432010121,77.58189406512864,-1298.7563425749886,-177.64630428394628,146.53072906827316,-1448.3530063588194,-14.056259340163031,-216.4802480037995,-299.10807957634626,281.4666917621682,100.60799455504672,0.7544325657338237,-229.85097132356205,193.40064814727683,302.06685440638125,-53.86355526017814,-294.68597163048383,1125.0457564260018,292.23632195795153,94.20798709999376,1273.6070074264426,-219.90448050673848,184.3206336397592,1419.3035060967918,-44.248730685552694,-306.01279708226747,-749.0504261525664,272.4663744363269,96.08708775063286,-899.1405203865968,-199.40141675798264,165.09303021048123,-1048.1907338569147,-35.995452043374314,-198.31454400232823,-299.1330978563841,281.4677965437194,100.58481601681784,0.7750200007739032,-229.90124711324037,193.51643388293513,302.06716373713107,-53.82997976817043,-294.7047518569385,1125.0324404486298,292.1824335162457,94.2413057839364,1273.6136498429476,-219.91146025021447,184.34119435513543,1419.338217976286,-44.22836030419704,-305.99980237532515,-749.047101313367,272.39581548010364,96.16780581909211,-899.2561855768384,-199.30723447278268,165.14726754585297,-1048.2228436749767,-36.04442926862003,-198.30823390945892,-299.0766194111846,281.45980014487935,100.66502905544289,0.7928923851471879,-229.87707058562663,193.43390064285916,301.96952024879374,-53.816579802106354,-294.74187941759067,750.8649825023581,281.7228037445657,103.28791578654081,900.7362128967858,-229.60937567562388,195.85857439859276,1052.0047353275895,-53.68199686753047,-292.74453894451074,-749.8746902715625,272.8778469874176,99.32830655930208,-900.1325388376957,-199.05173721032,167.04940024232567,-1049.914785943254,-34.380032054001475,-195.4408018416462,-299.96064562273614,281.8579797535513,102.5973069364447,-0.03548570297807222,-229.78906894327923,192.815314787263,300.0765061713632,-52.09440731599733,-295.47438301192625,749.9862251426139,281.97394784201754,102.55527883976978,900.0075349989958,-229.75591628485716,192.9611829013867,1050.0519118769,-52.11928860382749,-295.41911247059556
train_00016,-859.1096229909574,47.625623438443526,-100.15326096419888,-1057.1145418395045,-408.20727296589183,-46.757233572069275,-1196.5243579079063,-214.0462107720817,-398.6851346345014,-230.8997168559225,90.15253547234954,72.98486050462651,21.43912785809391,-435.6783295617394,213.70813839747007,319.1394832165314,-344.5008787972734,-299.21530503807963,706.8275672170366,265.3743714720064,-99.46965123286046,878.5966192284761,-246.9572857581144,-76.5588165733866,819.847729034868,-69.66007179258477,-584.1111684819556,-1052.1668874181414,266.4568130604902,110.25189163545728,-1208.3577235156586,-203.00634822406016,181.11482960637613,-1355.931517632399,-39.101808876733195,-182.64040648819872,-298.1854041247994,281.03968328637114,103.56347786330483,1.7274469217683295,-230.63711880362976,193.83288712934416,301.8119878755605,-53.033527434160796,-294.3499143513105,908.9817493177824,257.76247022305324,114.02977291347783,1067.860088521272,-250.7165021270131,206.95561358885317,1219.3081401883933,-71.27270733037001,-280.1507140540929,-748.2633374565111,272.1160069028352,100.22580150348945,-898.2403634486602,-199.78707799005605,167.8476521519703,-1048.1930770755012,-35.203859055172224,-194.59228414116407,-298.16646301719436,281.09743132167205,103.59199889891269,1.7818211502347976,-230.61806281048186,193.83542890958833,301.80228932535584,-52.97557459967497,-294.3591687636724,909.0555635589226,257.83238351443714,114.05674084878967,1067.813336820378,-250.75520680918902,206.9269203220886,1219.3265274041187,-71.26574178034697,-280.15416832178323,-748.2203399635528,272.1843983013187,100.17846295145692,-898.2719809835806,-199.75834488052055,167.85213907077568,-1048.1966304658865,-35.15140657386937,-194.61442579811683,-298.1577863463643,281.060113207886,103.51072402903387,1.719689660080599,-230.65535812852465,193.8492558641457,301.78524355926334,-53.034706013044406,-294.31791498329585,751.7864019994347,281.05733676457294,103.72547672840211,901.7346239620856,-230.6685359303937,194.04244249983313,1051.812353283442,-53.02603340285388,-294.34040020296936,-749.961017555286,272.9444276676987,99.33000031220963,-899.9635694691223,-199.05829396761177,167.03178561818717,-1050.0337722068266,-34.430259097392586,-195.38001896897123,-299.9329844346362,281.8458951325953,102.6079098040372,0.05499325280498967,-229.8542311373751,192.8226862755345,299.99444807552675,-52.11459304673397,-295.3885380938878,750.0372226116236,281.8928177061468,102.56070139454057,900.0963947767366,-229.84354130475862,192.81640678398625,1049.962822427375,-52.082462622141904,-295.4295689140645
train_00017,-1444.1740590643171,-109.97714623165548,-58.72828343275412,-1645.7585664122776,-567.1994614448,-43.366310277897576,-1803.9767287716907,-333.64569942277086,-361.691416810491,21.828190246441086,555.6646862071165,137.86011632470124,323.85405141594373,38.3509699149828,172.65284158087218,590.6496599328278,247.8382833762779,-322.22279130495565,1029.3177206453875,665.7761607845475,457.0457642521338,1012.644682003703,129.66168582314646,525.8270469153051,1175.2087577023315,270.7386892993823,29.69945571977596,-1146.9276082888296,246.67871905952154,115.98606922070557,-1295.3212027534614,-225.82771494252984,183.2654211775775,-1446.2292915287323,-61.37442545009821,-178.84887085432436,-298.40066313011255,282.7441599591792,102.93625926303937,1.1109296706228402,-229.31402230890538,193.20512605475227,300.5810877030157,-52.3899065661091,-295.80472140985165,1130.1281816640767,290.326971350052,108.1502507985214,1280.9982454842095,-220.979005910902,198.94207194730603,1430.5627728304985,-43.802160096488485,-289.5927698344165,-748.4257996118153,274.32171719046636,100.37527965780205,-898.776018360717,-197.40864452653764,168.74031247270713,-1049.3050418576574,-33.01080458875961,-193.5300585607296,-298.33228148353714,282.6589538319859,102.93962625303313,1.138793085684963,-229.32215944077691,193.2158095093173,300.63255986039866,-52.40539608873166,-295.846628306823,1130.198382033977,290.30654298757224,108.17612698066617,1281.024707637061,-221.0052782433506,198.99983372284487,1430.395919539313,-43.84313121664741,-289.64859009052816,-748.4420620096644,274.28700040692763,100.3428263890077,-898.7941793475346,-197.41259200739904,168.74889379133356,-1049.298627053223,-33.01335762650365,-193.55233823712044,-298.3702115292448,282.74210745740123,102.96972079608373,1.090464580148237,-229.24248475832403,193.17124823364432,300.5944374064229,-52.37165615128764,-295.75421942839347,751.6772960704446,281.4141460255407,101.18432998691169,901.2389221499648,-230.30768832501704,191.72602336182166,1050.713451765685,-53.3873124783901,-297.0596140654283,-750.0912769424185,272.94673027298376,99.3096269895432,-899.9913342062339,-199.04103093960316,167.0195617930872,-1050.0300553471793,-34.462771727368825,-195.38430965588307,-299.99171891379905,281.93499358847487,102.64163798128551,0.008024343354196044,-229.85019866302483,192.84086274148999,299.926639798885,-52.02783398033272,-295.4759344834385,750.0742321238822,281.94397736132606,102.66473893544956,900.0290787166808,-229.8169301462468,192.874265858711,1050.0939348983795,-52.17919556365425,-295.410675462706
train_00018,-1400.6082746927787,483.1907886578823,224.78221555631228,-1372.3918104015675,-14.978241639066644,254.40350787061612,-1505.24969387342,114.68231102531243,-128.33403553861694,-122.81276868509768,45.998147468516585,-187.57529973782442,146.07819257205605,-459.1680543248272,-7.146184470045831,592.7165771909404,-255.61258113862044,-352.20281430559436,823.4455931584208,287.19440874331207,143.7097450916874,935.8675259909475,-224.52853648588302,277.58525285157447,1193.3761445169707,-65.42258329116328,-170.6093389233258,-949.0244569249198,244.49684449767136,127.8902832560611,-1097.6323819698903,-228.70583490756678,189.3108934806607,-1245.6125714193752,-60.868802069095,-172.46323084968574,-300.28921626296267,280.64211041468235,103.77175539466297,1.2154243340977409,-230.28715321203748,193.57046570447903,301.1101989228122,-51.03763335408169,-294.06452760853205,1066.3298434317016,261.4097175589101,100.24070217075696,1215.820167828633,-251.61924806401794,183.72549678555936,1360.6643811783836,-69.60238523428195,-304.55302299281476,-750.2371776121602,270.31863164364916,100.04609845950218,-898.9938114940087,-202.23411139029022,166.86415660291874,-1048.9766592138324,-37.61938703714792,-195.41663528949832,-300.2964411355807,280.6132187037331,103.7272696415057,1.1283506804616923,-230.32348543652245,193.57551390123174,301.11176952412944,-51.05447529335411,-294.1160851281644,1066.2889974432499,261.4018395779672,100.26517109686502,1215.8261559691339,-251.58899495469316,183.72092449752432,1360.66621580511,-69.55772124421041,-304.5705946183234,-750.2609085451993,270.30694056332976,100.06152815798106,-898.9340790487199,-202.27284567116385,166.82023002124646,-1049.0356691813986,-37.65863486969605,-195.45786837984042,-300.24445437217304,280.60632391698556,103.75243124679389,1.1532211471772975,-230.26747165910632,193.58443214333153,301.1160849329251,-51.09755006971817,-294.1379977877705,749.747023336658,283.74832097127796,104.92340045982134,901.0759605586752,-227.66989572179907,194.55673695720773,1051.213381254193,-48.825482274182164,-293.36094246250883,-750.0242476299552,272.9260318455857,99.28245282803063,-899.9766308598711,-199.11395960299572,167.01810045549408,-1050.0451277962068,-34.480066111514574,-195.38812302306502,-300.0881761906069,281.9748962418743,102.63043585903866,0.008227046678601541,-229.71675230961878,192.77292938642339,299.9432142347625,-52.155366653439984,-295.50270836287945,749.924592214251,281.9036500444448,102.61559101474818,899.9359529243148,-229.8868310760783,192.90264546927142,1050.0599585278637,-52.15753442912283,-295.46444163907915
train_00019,-913.3872058360702,327.29921280309463,282.85518814674043,-984.1115971879512,-166.40236470517223,316.6310621495243,-1243.540050188607,12.668992882096713,31.030323958855433,-30.96788164781921,509.9559436618439,184.96204816234976,249.81735074921858,10.54321062099747,363.3477503814455,633.3530757571518,160.4439616507023,-73.06320463283055,1044.0613483227053,-3.7501354078145552,0.13630869957107858,1231.032012370091,-500.92828093738706,101.99878215001925,1278.1955521173613,-363.6522163028924,-418.9861116610819,-902.0373118800255,240.75630145624237,76.77880237863852,-1053.1516355035249,-231.75182452795502,137.9175613367211,-1201.7854818189492,-62.17310254403572,-222.77513065328677,-301.195071101285,281.7121077543286,101.48522451673043,-0.8123797509601179,-229.8308511834271,191.30838157827517,298.65842650039326,-51.747966921149455,-297.2491148546869,921.9822199078013,264.30415786366774,94.33048806614599,1070.3448707929042,-247.84067710044215,184.63858492335018,1222.0363115257885,-70.32643970781224,-303.1402263493021,-751.1884872299904,272.51473309952945,98.57338929421725,-900.7666328163358,-199.61150372680453,166.25501301527862,-1051.18862278277,-35.072765053946725,-196.0450168258248,-301.26844236944413,281.71884628191356,101.55669255560896,-0.8299858547075626,-229.81347624307875,191.3568956057016,298.6680096985721,-51.70909846975578,-297.1795137171708,921.9662497647853,264.3264453706441,94.28711961559745,1070.3716698305038,-247.71234045087456,184.65814916954147,1222.0059928577364,-70.28144257680803,-303.1022726718582,-751.175552602338,272.4581758961045,98.6472583789753,-900.7742181068028,-199.6066437916969,166.27831563233724,-1051.2124266828564,-35.13056635988446,-196.03292989690325,-301.2641440635935,281.836972328804,101.54896937249548,-0.7894904555124708,-229.8508158210967,191.25820449098885,298.70956840846264,-51.72854232113705,-297.17627637885994,748.7810689493939,282.3953793620677,100.6736917713327,899.2435033639807,-229.19099311329092,190.4311748452364,1048.5530290283675,-51.19543548223248,-297.69829769138215,-749.9931625116642,272.9880246932469,99.27004223878205,-899.9793989535809,-198.93230824933067,167.08216516700458,-1049.948909607857,-34.557905975646634,-195.476925471725,-300.0247985252533,281.90184915636826,102.54450889576682,0.022954326066270618,-229.7817779274653,192.87192541388947,299.9492381488615,-52.088723815172536,-295.365097268722,750.0173298130135,281.8746780154418,102.55814972085022,900.0679370213944,-229.76759057171134,192.78553379706582,1049.8898275484585,-52.1517395045702,-295.35371963916697
train_00020,-1232.2189625188555,50.58157501309336,66.52895438371971,-1397.7421828626254,-420.9549199348637,73.81198092277378,-1583.0431632833265,-191.58570015577217,-232.84271924308925,-280.2869810075232,287.0582209798488,-128.09336574719646,75.61904654981585,-190.11291078664178,-53.382770863527625,377.93636272847755,58.464547282328795,-508.148251818925,688.3980354152739,519.7015815902386,261.21049540886963,781.086148054013,-9.221523449768123,325.99716433992444,995.1807392469979,184.97237276228833,-131.02752395929124,-1062.4355532768561,255.61480403773987,89.92249381421766,-1209.6909661958073,-218.8468171679731,145.95066446224521,-1361.3227958104678,-46.030230417458256,-211.8738645892362,-299.9965522639246,280.4792948453403,103.88867756527455,-1.043092677664451,-231.97875641343728,193.0466349865046,298.5307868367689,-54.29150067822899,-295.5311243047318,977.8845871464943,276.07358506226626,73.35818138314005,1125.7167644703554,-236.0397627335477,165.1501414518838,1275.2951302170036,-60.84261779199342,-324.0504075955928,-749.9837309489897,272.553488421821,101.37068042503472,-901.0039571571951,-199.2660149607352,168.693920705202,-1051.2477560930213,-33.888052798206324,-193.31214126942973,-299.9579057708671,280.516814407735,103.87403891202062,-1.0011509536880083,-232.00135965275012,193.0230397638427,298.54783908720185,-54.30931133055271,-295.52949438715854,977.878559100261,276.0747471892973,73.3328613205744,1125.6840667752763,-236.00672391491128,165.19541791179591,1275.320253397845,-60.81271331105915,-324.0994115550888,-750.057368443382,272.5960317149645,101.3758581368651,-901.0097822468268,-199.21895647855564,168.65966918758286,-1051.2083406821973,-33.82976762820452,-193.30322699157725,-299.9647054718275,280.57245687957516,103.89057741946789,-1.0846292617103293,-231.92989055233542,193.103717656026,298.5466756662938,-54.37363072464284,-295.5560583860736,749.9489721570325,278.1613087148159,102.15728005320699,899.0380293757637,-234.0539237680107,191.51102885120397,1048.658272217463,-56.08195690598887,-296.7655888517381,-750.0657533721567,273.0075092266699,99.34954291425232,-900.0494925374012,-199.107954720442,167.04174125877785,-1050.028347878274,-34.42791060483837,-195.41554842722127,-299.96624407976327,281.9374631184554,102.64971169439298,-0.028895819472721913,-229.71611871146777,192.85279369739752,300.0437100612334,-52.10709217390574,-295.48308134259776,750.0057343974793,281.94049682703684,102.6047719088509,900.1008646435725,-229.8721317353685,192.7900628639006,1050.0476742573699,-52.03047410889559,-295.44724740658364
train_00021,-1001.7223972967431,384.3666219012175,229.5295606470554,-1040.7696472094306,-108.01700045966744,306.77392545170784,-1134.539261632801,-1.5686768267346738,-94.27378213677063,-523.0568364456421,135.9549558640037,127.15651125268927,-141.22859057763816,-285.59382837718124,318.2313693824194,111.13551758456981,-193.39938572596745,-218.27356508271268,1424.243395396025,591.410050947224,425.8341533893164,1626.5432113445165,100.20835139126336,526.9134697840379,1769.9252067112461,288.0494560410792,40.47112400996765,-1122.977022013416,249.91525134349743,113.15254466472638,-1271.628963145136,-222.5931179204178,179.8929822994083,-1422.9345622795609,-57.48873187051445,-181.73378824471618,-299.2329309493915,283.0840539652724,101.42124880387114,0.4007981706898399,-228.9942614186473,190.92999932646148,299.7132432911009,-51.37356993415409,-297.85342550848964,1130.5814887469567,304.6061162831926,119.99724615553842,1275.0233888955097,-208.0976942988884,214.0105945268208,1420.38551686326,-38.06092325275873,-278.4324846740682,-749.310907608981,274.62361238095536,98.96318964901597,-899.5971382997088,-197.1807885700217,166.78973412673406,-1050.1209214490116,-32.425880196226714,-195.4087247449662,-299.21863214933205,282.98401429386905,101.44003608000114,0.40101446015513487,-228.97374022314955,190.9551962522973,299.74119929619394,-51.42238007102868,-297.80770218491296,1130.6306193721202,304.59559127721883,119.96195619321097,1275.05718466691,-208.11515623556514,214.00411181310005,1420.350199439056,-38.05658061417225,-278.37259908385965,-749.262235331943,274.57177186599404,99.0157348644326,-899.670327215246,-197.30416882940742,166.6771260804427,-1050.114479545919,-32.44417003320198,-195.3722447732469,-299.1563336799456,283.09927430555507,101.4061099458931,0.3361556499985914,-229.0305771411791,190.9471266160551,299.74653539429937,-51.40051539098769,-297.7546199492451,750.7120034210329,282.07173808915735,99.60912647660224,900.4063375625996,-229.93627681918582,189.3466132083251,1049.7580733595216,-52.19462492226698,-299.1192416103993,-750.062521257063,273.0394349226015,99.40303449347284,-899.9666798320047,-198.97627943952105,167.06862035965412,-1050.0180272413509,-34.4288057203088,-195.41494690737926,-299.93373838173545,281.9217269326574,102.5862122929069,-0.033366570828762224,-229.8324843304356,192.89610664390048,300.05385768174995,-52.18181113911891,-295.4247548191964,750.0687300308588,281.93861822902016,102.60320555983095,900.0766161555348,-229.77407435407065,192.80356886225613,1050.0821918128356,-52.17808259687334,-295.54584870851704
train_00022,-1200.8360489980862,165.81714443629997,404.777463496436,-1387.2193594340445,-296.52060117472786,442.3928932282923,-1514.1808766949903,-101.85284728179278,86.02092556937619,-296.7335015870043,451.56948131579026,156.81964760095804,-154.6414500754999,-124.04155473798684,248.58289149107947,299.04161758584814,7.027923044190268,-121.60282576919072,1243.4824011257103,-68.64360950427016,203.03634967780482,1499.4402090334995,-512.749297110873,375.3923109000108,1724.4849752521302,-302.14297930276257,-69.06626362648745,-944.3735737564875,257.24827479333544,103.48092394429982,-1096.4359717533114,-213.95363871336207,171.74716045911364,-1242.7024081168238,-50.37725046292023,-192.73339969112743,-301.7508119036766,280.07729021475944,101.78892725553915,-0.6929902624158315,-230.6839624734199,193.6144381313473,300.3298214028783,-52.77376253614709,-293.9638095997208,1005.7075417784574,294.9635586816096,116.04351914641107,1167.2328949552393,-214.87242003560698,196.3453919132485,1306.5677586951983,-26.87540843711777,-291.2740501456075,-751.7104174261516,269.9484886763538,97.07537497116367,-900.7279048704971,-202.35589662847124,165.0276360806659,-1050.044429090105,-38.66215253702223,-198.13155282468063,-301.8523276598124,280.136144386053,101.86131314895202,-0.7347165621562174,-230.67212243733894,193.5868982791889,300.3663843573682,-52.80523025316936,-294.0170033943792,1005.6585519671227,294.90537871421515,116.05876094537868,1167.2878988091934,-214.9477948512768,196.33988827496256,1306.5528265047906,-26.846381066835725,-291.24656778152206,-751.7144981024942,269.94010074078375,97.08232908643399,-900.6161671757001,-202.36960181633668,165.04837062897593,-1050.0260736189393,-38.74572286379998,-198.05649961399195,-301.8444987118611,280.167523965553,101.85998743257579,-0.6771486005803196,-230.6525425332987,193.6451175942828,300.3325701438434,-52.75789421299623,-293.96595447952933,748.2304719098407,282.988042117244,105.06625813200628,899.2460964642349,-228.29948662445057,196.3371469978506,1050.246877049382,-50.775898054784506,-291.6593902358067,-749.9399443863707,272.94759682500785,99.22629495755267,-899.9826084401788,-199.03769914023425,166.95109952125898,-1049.9458946417212,-34.55000575026302,-195.39934822269328,-300.1112008110491,281.9011664157252,102.58105216602739,-0.02665200770198436,-229.8212489833977,192.83057380325357,299.9651934653382,-52.019425190867814,-295.4576680691257,749.9919209481764,281.8898357765805,102.67155302345144,899.9554676761552,-229.9379508341328,192.78157834345717,1049.9283756126044,-52.115783412808845,-295.448502051898
train_00023,-1077.1103755224997,101.52409945850295,-138.4911721639685,-1329.638513595195,-324.4427355609856,-71.03018838868374,-1446.71634083551,-124.43427009286916,-427.6181296567833,-68.8742960110315,-57.18908550610493,382.88354695387915,399.4729493253918,-396.3870643363483,542.8187112411282,626.6390411092963,-194.10502204741763,25.761656833401194,1423.2171788680748,163.64793504599973,328.03044914306355,1418.8638274422303,-375.29530935591924,373.1952789365993,1599.1409420004788,-208.4105074124427,-108.611889689849,-1081.149632938824,283.7135151562703,127.65761517426353,-1231.062893551486,-189.3347008656974,187.58631316389065,-1378.4309355754172,-19.92835365516908,-173.79878816384726,-301.20943194965446,283.3385925551112,104.2480030877653,-1.6153144354044744,-228.66679592017542,194.22529353201583,298.74215596894425,-50.734686694996576,-293.8128992805783,1051.875850074618,283.6844426012111,121.3085326613708,1207.6137586068228,-223.75509135110192,224.82633005055564,1362.9531142163032,-54.179829418491586,-264.7373461925186,-751.1619212337846,274.6745449642151,100.77788129514921,-901.5262839059543,-197.2684044525764,167.95843296884058,-1051.3560393398102,-32.291918436370125,-194.35208694037928,-301.2468350427865,283.27710577447493,104.28432923437279,-1.5859004561585945,-228.65323957392638,194.23871883141013,298.7879005504415,-50.76610135891709,-293.80887264356465,1051.855072748143,283.7283203908853,121.31401693884807,1207.6278895755065,-223.77244111544914,224.83862332416697,1362.9490829969957,-54.20895111469184,-264.7993406285197,-751.143314587634,274.70997931611925,100.72234479844778,-901.4869539447103,-197.25471081219507,167.961387115817,-1051.4018466239456,-32.18891685109525,-194.39453466606574,-301.15637835983443,283.272690031606,104.19649669297458,-1.6541889307045903,-228.69327086249817,194.24226101324004,298.7793327183281,-50.731332512670996,-293.8292412992854,748.7360230240226,282.65274500188735,104.7140839261753,898.3984776633088,-229.23418766011716,194.56642823180394,1048.7505909387014,-51.08021147903648,-293.50994197255915,-749.9568798571024,272.92256849356903,99.34768560392891,-900.0228072324243,-199.0246583350242,167.0300369543669,-1050.0914207185644,-34.4130469881633,-195.4281563220372,-299.97213245689585,281.8621247866191,102.59680363769883,-0.0068479980643504305,-229.81336694805793,192.8025793881936,300.00274691432395,-52.13010548959063,-295.3824948170834,750.0547857506448,281.88899207958855,102.65439974934435,899.9825569447854,-229.7435752770417,192.90444644957432,1050.0019270248622,-52.10805408604191,-295.4378720460553
train_00024,-887.7786237442353,330.68261081750165,-69.30762155971814,-959.921729752645,-161.83494189894722,-24.070028940970268,-1092.5156449111607,-15.257755022463074,-400.73300249301553,17.69378473957698,193.5055084491534,-19.754624196694806,279.346890107169,-344.7065292267441,23.343405368168387,595.682184870624,-144.86203238283204,-445.62262190072227,1138.3906979458652,51.139154442478855,251.6841864978258,1301.9678204144286,-452.9394974398331,359.2134212320517,1457.2325206758474,-283.90485005975484,-130.52694087915935,-959.366682973487,281.2696410884551,114.16064124858515,-1099.5510801660973,-193.6461115008116,182.16437861893948,-1245.8021569565558,-35.15444116109033,-184.5246570734831,-301.3992388952212,282.32353821684126,101.45747113360648,-1.3087524934771857,-229.30125966754804,192.1436842754195,297.68600166169256,-52.59736849970043,-297.15559361752355,924.2628239283425,293.30407250423974,127.0788267345585,1078.2986386876237,-217.27955399844922,216.83258261892962,1229.265642754021,-37.04194784491339,-270.18415207959504,-751.3319642712027,273.34221490775786,99.15088359832754,-901.3221647408142,-198.42197610614602,168.11271565120634,-1052.1293454571953,-34.51814898616156,-194.32096829759095,-301.46292893321066,282.38227759243847,101.45908584520781,-1.3054785725715903,-229.2914916386104,192.16145355024506,297.6948585611294,-52.602339486409335,-297.1008153364315,924.217116990223,293.30652062766393,127.06784128366863,1078.3436838282548,-217.27796225874823,216.77167506090774,1229.2454073340214,-37.021181758174805,-270.12791392887493,-751.3575641993345,273.3261925867102,99.13480576721543,-901.3288723736208,-198.41656547636535,168.1016300775837,-1052.0743341002242,-34.53005424974802,-194.30752129393278,-301.4911945168453,282.32774630457084,101.45307712354983,-1.2915260451607062,-229.26929036212925,192.16948720604077,297.71559960331473,-52.654276874866476,-297.1371782782629,748.6335444009071,282.1681732932537,99.45366145014518,898.6803364683743,-229.35809166933367,190.30996592367762,1047.7021646664887,-52.71889374234085,-298.6097873800518,-750.0107640903802,272.90697733578776,99.30918156023307,-899.9909587566063,-198.9343098454421,166.9972652099438,-1050.0672500460375,-34.38889821541338,-195.3741322523604,-300.0289935865549,281.9523577976023,102.57229295094416,0.019278632977486457,-229.81914804556138,192.9092188553025,299.99861859137724,-52.13696564273168,-295.4235397311911,750.0246360638657,281.9300226160505,102.5916071504234,899.9777495402167,-229.77375560468874,192.7745839602014,1049.9209821470372,-52.06617543293947,-295.45011449327785
train_00025,-853.1355357738672,270.34611150516076,244.37319392566516,-1039.9739949632435,-187.1447187166925,318.83709102686674,-1147.9987304198771,-30.719688281130068,-61.74818548569727,37.91345034697689,441.90968403691926,-153.32596733675828,340.0373683750433,-68.11470574335263,-60.62737168389644,640.2055770100185,109.15929918592931,-548.9315618565212,1100.1368000397094,521.2887776586547,-169.46020239736822,1432.9370997531266,105.70449242475839,-74.43080301344988,1472.130795802587,292.0291011212538,-580.5919691377,-1014.0363702218561,289.03778367033703,94.52872149007108,-1165.9686511144969,-182.21976487339663,162.893744164425,-1314.6508158566048,-17.886342179420225,-200.149982428288,-297.6285603663694,284.66154857811745,104.61881448161635,0.42311168685245915,-228.30549212381956,194.37571950916416,300.4770070343613,-51.629962009007514,-294.3483610362945,939.2728341924509,253.74298768505687,79.55089251822629,1087.1269466735132,-258.872738302221,168.2158554538354,1237.4958568079926,-80.44167725929628,-319.7017275580147,-747.7633951702503,277.5651475474597,101.99814328177497,-899.4672158604908,-193.82086198571864,169.64784757791836,-1049.3376724176007,-28.672943076664673,-192.40438120331117,-297.6421678113066,284.6514724381676,104.58148486370628,0.40266744273059213,-228.26654081820558,194.38131411860817,300.52425804317346,-51.58197958492231,-294.3002952470426,939.2500486398088,253.82234373430063,79.53854035463851,1087.1623603435144,-258.7802645502487,168.2409978270435,1237.541951293764,-80.34876311358987,-319.6358255705929,-747.7453865718403,277.5822487908462,101.94350893529256,-899.4138280400464,-193.8314255371489,169.7064812698576,-1049.39586217913,-28.65658856395237,-192.3587191360062,-297.5911424863415,284.64754684508665,104.55495685532779,0.4782931393003981,-228.21974978361447,194.44281369267011,300.48191734007514,-51.54979510258986,-294.2734547417497,752.2557537744601,280.6023877144395,103.25878050681548,900.3996201386681,-231.80761126041943,193.17161823754674,1050.4537065839675,-54.613226907920165,-295.2094525185256,-749.9844264643716,272.9159283074713,99.38329986774444,-899.9589670343566,-198.9748861709399,166.92750484304312,-1050.020096342033,-34.50787571474437,-195.38636229848296,-299.91224189267257,281.8930452321393,102.64450720109387,-0.05533417698313305,-229.89246646476136,192.83764763002807,300.05255046464134,-52.04955096933988,-295.5053471136176,749.9800761264498,281.9224333298443,102.63411061329896,900.0084084143717,-229.82069783868133,192.80415679359265,1049.9806504500705,-52.10982362467165,-295.39900877288807
train_00026,-1257.5311304928475,10.7261423824868,-247.36498309945233,-1566.5866174558346,-367.243943305643,-140.3882755803813,-1686.3827165764249,-157.6504286396744,-490.61002599908016,-555.1542061037435,541.1439417728258,-172.33635939088768,-251.3108048299682,31.423997946750763,-82.89834620767314,45.58223105022245,210.8027076700206,-572.5246708084671,1216.1731595808055,140.85709385564448,356.0222907936483,1367.1274211755767,-363.50614738859986,479.97907533282614,1514.425366234603,-219.1697160751066,-20.041640467805728,-1040.0866020362173,301.23483428408764,117.83877010857232,-1183.3808520720625,-172.5824194906617,185.97926039115012,-1334.4552082586795,-11.120086622341411,-177.44782629424728,-299.2025955329634,280.08655379946913,101.99856348087057,1.9238977939186621,-231.07378787263286,191.94079728863812,302.11785131953565,-51.976181171475986,-295.7609411400151,968.4673314764327,264.1468896502007,122.72137951665022,1122.3435694272175,-247.47170305455566,206.58617611701234,1268.752347731224,-63.52945079933974,-280.33160575816237,-749.1269911730361,270.0442340305429,98.23556430268457,-898.0333975513931,-202.41353600910824,165.09575485408462,-1048.1184027685586,-37.729683725600665,-197.3954432960362,-299.1972772267599,280.0542926637342,102.0425811149725,1.9450079949554904,-231.0798088098882,191.89754131518416,302.1292817444378,-52.01522668337393,-295.6510225392989,968.4050043583222,264.1975722457005,122.75544660369825,1122.3265183856706,-247.48533371092913,206.66030630438686,1268.7716204161432,-63.41389632009796,-280.4731782322495,-749.1502490948088,270.02377599305373,98.22338869221124,-898.0413321755489,-202.45173991063334,165.07714178047516,-1047.992554333249,-37.72660425053885,-197.37962310749023,-299.2068122358272,280.2100630795015,102.0061180433867,1.905903130645568,-231.08083817220577,191.90742864571754,302.1065406135788,-52.04121810989383,-295.6741610404126,750.8357709829701,282.5260648560269,103.43791882943319,901.8817225297478,-228.9995220918516,193.08296176474875,1052.1616403157568,-50.25517582723165,-294.69574222271973,-750.0450343505732,273.0076947606256,99.3570506536399,-899.9397948802089,-199.05624733221433,167.1292813890787,-1049.9842103049218,-34.545282351467684,-195.44897883670697,-299.99491059264784,282.03093846561876,102.62833775512225,-0.03932981988037757,-229.79633955507367,192.75631235441313,300.03050959855807,-52.03668496627311,-295.51295565701406,749.9931973921625,281.86972721562927,102.65942451453466,900.0628718577822,-229.87941151859692,192.86815814518803,1050.0018445371907,-52.110687573298925,-295.3998212262511
train_00027,-1217.458937419078,314.946519905189,328.8288468342177,-1341.0717722834422,-164.37769743673638,397.97639587068784,-1498.6723924718306,-9.90496766845598,34.33486409587648,-72.51268820611251,296.4582430088103,-113.60513249226614,269.8025552713408,-189.43009808251847,-31.792311576833075,521.8302226258677,-5.479377609065207,-544.3088946437593,947.8438119080503,-22.473516542825294,-74.8778071464227,1204.9518804409784,-481.6354709733685,49.79657202222295,1311.896052934951,-313.21831962337626,-452.9290429205374,-1115.906099882408,266.8479765327868,113.95677337148629,-1254.3262445978014,-209.40272511183144,176.04733453869497,-1412.8719753153462,-42.73158060504197,-181.70066320374588,-301.98347876184533,280.08219841417787,101.71907879064142,-1.882587647302757,-231.57820822597236,192.06621251322082,297.9957667113467,-53.89826646502437,-296.32033312888285,1125.5752349286533,302.7491346396287,97.48735198842085,1281.7736220067584,-207.50112276120925,185.2369232003846,1425.4671788242808,-27.25039234562125,-303.82870369285007,-752.071084659024,271.0768006030796,98.52142243167977,-901.8807203987868,-200.88586187670347,166.32561887134068,-1051.9932597854274,-36.56819043158806,-196.11417445356705,-301.9776310286479,280.0672534959067,101.71222102868663,-1.8124767516020481,-231.66552199532245,192.07949785971329,298.02186869792195,-53.80566023242696,-296.3836340978317,1125.5897449381653,302.69672072772875,97.46493494342187,1281.7155748104065,-207.62960991015996,185.2686703267693,1425.520070169163,-27.220956216986565,-303.84139584320064,-752.0259695096581,271.095415556738,98.55338489032289,-901.9752705436994,-200.91953352896374,166.32837818362233,-1051.9738845159288,-36.633094885165114,-196.13995004408946,-301.9545031112895,280.0327347836885,101.74821078968498,-1.7852702810471788,-231.63182877473642,192.0510452046926,298.03156814412944,-53.853851040112225,-296.3571764651142,748.0579983353779,280.3547736655052,101.49881023066982,898.2438542244412,-231.29590912170607,191.82688719916058,1047.9037663022334,-53.643381454168356,-296.47951838935313,-750.0706971610324,273.0121995801129,99.27099424195393,-900.1308299342495,-198.93116699656488,166.99465740583165,-1050.0029634394316,-34.47286912880206,-195.5114932972976,-300.04500040287115,281.9263286253261,102.6635130790995,0.07398268024125523,-229.95726678821038,192.93471589126077,300.039824803017,-52.050638692626066,-295.47914690136685,750.0003513399784,281.8524497032414,102.61955857541214,900.0882676571304,-229.77889189619046,192.77851151386514,1049.958471914249,-52.00445746214754,-295.4310103128178
train_00028,-986.8586160591826,393.4715857582875,88.78641629722162,-1127.7858265064208,-80.38869820334162,162.9412133130635,-1283.859927850324,77.51581236873542,-199.92032815685855,-240.3560010645773,475.46912295437875,428.92053339777596,80.21012775947679,-25.161784135277422,510.00578884798944,357.11320878202383,161.2897112720045,11.451812503910164,1323.3588986833895,444.46775364105025,383.90554821861485,1462.789567158303,-58.01392681811013,527.0904350331468,1617.0024583442942,65.1375469582552,23.564691409352108,-1039.061622759743,251.29999236879638,95.19638162077595,-1195.6559912839828,-217.7136255486086,168.28079091750917,-1343.9384548557096,-55.11557774377007,-195.66397909662197,-300.5604836672807,281.6845930956174,101.05589213209323,0.05648086887213535,-229.8985458764213,190.95496950593878,299.5495860017516,-51.60222754241757,-297.42195056195436,1092.3178640737221,261.46514675235363,81.57962102939884,1241.4756485807104,-249.62719822592305,177.0250478965656,1405.5456788015406,-72.00867359590781,-306.75077702359425,-750.5328051609308,272.2241713034594,98.02532805466778,-900.0382475282482,-199.906611587841,165.53635825429276,-1050.3462033530782,-35.3952659542039,-196.7209536903687,-300.52131186803587,281.6061654429255,101.05732774862753,0.0003654345856681611,-229.79448653837952,190.97551548244405,299.542649491378,-51.66962973903898,-297.39754090491857,1092.3662270131347,261.5011348787706,81.56956287975534,1241.5200214963338,-249.5707572378813,177.0258399493383,1405.522530418725,-71.97782390630995,-306.7272822050403,-750.4952523095675,272.22579129698624,97.949617437648,-899.96669115913,-199.89880063647246,165.60364984520572,-1050.4230625777236,-35.38310571398741,-196.65176731834302,-300.5049610102178,281.59344035989966,101.15206961860035,-0.011456079315563666,-229.87998077720354,190.90441282412246,299.5612329879853,-51.65744450444148,-297.40587976981044,749.3609723360327,282.6408254803115,100.49794070967621,899.9418624902655,-229.00350582277963,190.38855022709103,1049.532208582775,-50.91536575944575,-297.8188079754014,-749.9255280539545,272.95923596535533,99.32645022982669,-899.9473339492624,-199.03482324694556,166.87444099626543,-1049.9640117625413,-34.496810965338916,-195.49454231415197,-299.9711795373669,281.8272411526044,102.70284178287332,-0.041006934151507496,-229.7379225148027,192.8438638875524,300.00845346822814,-52.06344723847524,-295.3937201445379,749.9274049990324,281.93985438156125,102.6251653413394,900.0541713519441,-229.7860295044172,192.8258957428828,1050.0111811831644,-52.118134901866185,-295.313974632285
train_00029,-1102.1014362511837,429.4475733564183,-269.209418896492,-1199.5325089500564,8.224411449704702,-18.50433551932005,-1386.9156070454005,13.486492288724936,-400.27542558128727,27.973525958033633,191.06229064591034,20.397025585486716,316.27413058905404,-326.31440236802086,116.6021490011173,635.7919203134749,-149.76106314966665,-359.49695480627213,1354.244251265325,-11.140070425500713,430.5839838906938,1492.9672403602904,-533.5405878748206,448.98666003786855,1652.552114416761,-291.862838430928,-7.819955504828875,-1046.235995583465,253.666518082323,77.50348728744503,-1197.381536188025,-218.05394245057695,144.44479478869775,-1345.4659415122665,-53.280687699394434,-218.63529978775813,-300.12332546879946,279.40329845305547,103.6342031892366,0.47094353579150283,-232.23186912004923,192.11777862667665,299.80569628254517,-52.871148347274435,-295.97213271252883,1120.8836061431402,253.41955248791672,120.87419729329484,1279.2125693469548,-254.99075685653904,215.8970376442839,1422.897096789964,-80.71345893702669,-275.5311429031283,-750.1083112852301,270.0062896446702,100.85492165019805,-899.5799063886908,-202.27921381683404,167.29332169888406,-1050.1180283993276,-36.797744044431276,-194.4976808491758,-300.1801406136021,279.42465909312887,103.62550378005477,0.4946218616113942,-232.24964502680675,192.148879896246,299.81882268605307,-52.90132630688572,-295.9944809124446,1120.8705370981547,253.45007913919835,120.82878340993271,1279.2387106259873,-254.89529549662865,215.81612764542214,1422.8978986364402,-80.76935718783902,-275.5833368872034,-750.0871557224542,269.9118135956066,100.81727540267566,-899.5832642214056,-202.23511172024584,167.31863749980047,-1050.1804797082057,-36.89795197937168,-194.47543721738393,-300.2145988955207,279.4470667014427,103.63193253912051,0.5000592460531513,-232.24544160195,192.16711868916218,299.77092688940735,-52.86510877335079,-296.0062740825543,749.791867839179,280.5390754992831,102.54447009934414,900.4297506095272,-231.317656793951,191.16062121575035,1049.8166261931513,-52.060560161863165,-296.69176679550856,-749.9681980590303,272.9344606007062,99.43990998484226,-899.9588571344303,-199.08695775716873,166.9527282505775,-1050.0247567804965,-34.445335540176096,-195.41366499020268,-300.0512629012198,281.94509287568627,102.58850977792325,0.032281640446136184,-229.89655129515629,192.82689378176653,300.1383840022758,-52.15168543077683,-295.5153385362579,749.9884680493998,281.9248665493838,102.6179009790937,900.0494821577053,-229.86557403457522,192.8323284062211,1049.9748840827572,-52.1434188666115,-295.39414352302214
train_00030,-778.9683284315689,-0.04272120963281158,-111.42810001834698,-1032.5501004103517,-426.7643445411049,-53.228541514862286,-1155.398821435281,-214.5585023316498,-400.70578885835926,-489.6435574394709,532.6631936883639,-125.44873321840356,-227.0283630309477,64.78642243588648,143.20511648134405,182.24554729084355,142.78618939083924,-288.6292031010756,1181.872562110649,-2.070340178665703,287.1085048950659,1251.3061642264438,-526.5761371109124,398.80354812405506,1425.627137496096,-394.4212367920564,-95.79761311387263,-940.2524871627808,263.06205841833446,116.29454356972714,-1082.099575268484,-211.95242886870426,180.24951356206785,-1229.7849042870473,-49.060817078601374,-183.8843027723618,-299.10262493302764,282.13863281781767,103.50295922470185,0.48917706799895416,-230.05456913008265,192.27908390704692,300.4608163890147,-51.2361855811126,-295.6618425936028,1011.9840479228453,270.4422923189716,82.39391487042697,1158.5734881448143,-242.11239937244264,173.13623942427535,1299.14401639802,-69.68467917368908,-319.9207457600937,-749.1549164026696,273.5899991148794,100.37967359528982,-899.4865080977438,-198.48794141650086,166.79211424557823,-1049.5241434226323,-32.8003624447765,-195.03506764518696,-299.0311629560128,282.11695622673125,103.41325706988593,0.5278165462101017,-230.11037601722853,192.17865625021977,300.4489760732584,-51.253156468336186,-295.6973006764671,1011.9557844554507,270.4350550973971,82.41508421196399,1158.5942640405833,-242.20383678952052,173.17580150635771,1299.1680932437416,-69.78740011371293,-319.8626974200835,-749.1235488640025,273.5522429101628,100.37204394172223,-899.4361426476501,-198.46926347412384,166.76801675375782,-1049.6099776896685,-32.88347744667775,-195.09023075257105,-299.08394902162826,282.1219041992771,103.50107084909689,0.5477478858202688,-230.1408187043845,192.20022310138333,300.4319999431546,-51.23225174948738,-295.6703691104447,750.8948157622913,281.3482997033329,103.03388821944586,900.4184544938232,-230.8600916275663,191.84016233130768,1050.4947848956328,-51.891300517441834,-296.07595947782823,-750.0471273352231,272.9931251589267,99.36851780114797,-899.9853477335705,-198.9962340898627,166.9551725986887,-1050.0958652754155,-34.505360835577164,-195.42196879503305,-299.99399982641444,281.91213699437054,102.54322727570116,0.04273078298707855,-229.89119273709005,192.8149628023839,300.02112652539273,-52.09870968950787,-295.3431781174966,750.0487474659745,281.9425227328317,102.65252281157571,900.0048388958849,-229.81753108365038,192.82574907870992,1050.050903479222,-52.00171404515017,-295.47809046794157
train_00031,-1241.0051935456854,17.289744786190234,173.00341895190923,-1368.1821252091531,-463.5790309568678,222.77301796168769,-1590.4015960021595,-270.9791646688942,-84.49699517145667,-197.97295401580027,13.485983106408582,208.37484847099935,72.26081906489026,-511.69597208215924,314.01135162087513,415.3865107139931,-342.40407056576606,-148.23354001404144,1183.9047440951397,556.0407350841712,78.38100793382402,1322.4643947047148,42.299372675434455,175.12106617036304,1491.7381822259308,215.88229410546427,-308.347772430639,-913.5423273388935,267.1629011025658,66.31929803904991,-1060.8771866832446,-204.51788282975454,141.58187898591513,-1221.3055574919315,-42.7235179624537,-217.54933809647557,-300.6488008555453,283.55057341217844,103.15791967456622,-1.7867343023034297,-229.1160133761373,191.10783934468083,297.10888766068217,-51.05003474291699,-297.7345516689886,1143.3805029701741,272.20454314248906,82.75671568293717,1291.1564337444788,-242.79861429539042,156.3450216287108,1439.5168405937586,-50.837653269637194,-327.0060279662059,-750.6132040356975,275.84623693376875,101.28464628885747,-901.7104236036474,-195.89463709583433,168.30537083872554,-1052.3895859503214,-30.03307706138665,-193.18237781251875,-300.63416027107417,283.5244372535972,103.23398719894894,-1.7602014422741965,-229.2041409594566,191.12293928265302,297.10622470397567,-51.04421727823697,-297.73334167485547,1143.3173577531898,272.17965694708886,82.77729097125847,1291.202312453694,-242.8437981069114,156.30418538464096,1439.5336210699918,-50.854773036534965,-326.9475221175893,-750.7301179601648,275.82623277604995,101.24676081041636,-901.7549514951214,-195.86118473259313,168.3242430103747,-1052.3380137990703,-30.04465918372741,-193.13632809106764,-300.66356605652373,283.6181958534203,103.2297829445989,-1.7920974496214708,-229.23356395490265,191.13375587737386,297.0574066957971,-51.00825090126561,-297.7190066559234,749.4369645289502,280.81972763941815,99.69617812671963,898.188064744528,-231.62770863594875,188.03682516584146,1047.14382153062,-53.15529141196947,-300.2731698311449,-750.0773359134763,272.92853647453444,99.2432734898256,-900.0741488816315,-198.99445587291518,167.06531884471974,-1049.9148392331047,-34.45135852879942,-195.30817831163787,-299.94454629015183,281.90406337106845,102.64456607758733,-0.07455865226369088,-229.8592483994561,192.88254046922654,299.8799168232074,-52.05983369562867,-295.41189582726633,750.1038776287601,281.9115364973733,102.64540296099611,899.9719035980505,-229.80352946802878,192.6595087229716,1049.919496287784,-52.10432195978413,-295.46503926499923
train_00032,-1173.6004956720676,117.6092299835445,141.57615408242114,-1293.9909890249226,-332.1161083020601,323.66558733513733,-1481.9816236262852,-255.84039883653077,-50.24329392423085,-174.6852619306722,253.4078370679094,-162.69456874190638,110.6770804845634,-271.5138400645515,-108.11036325404491,377.6759294896405,-93.29231279614356,-615.0620692690796,1036.948258094918,513.4180287378189,208.40032694916027,1197.3054537944683,-0.49049323609759543,259.9054901281017,1337.0773835006999,214.254026078148,-216.29753449244734,-971.2569304157954,251.23633836379133,71.62646790436553,-1120.7140131409114,-220.37679480524676,143.2710494316176,-1272.2342503088935,-58.467627407224896,-219.796605297824,-301.1234926234628,280.31922776829805,103.20719823824292,-1.5388472775986362,-231.91762900371495,192.46546692567605,298.4386912798822,-53.53194876195167,-295.6719743036014,1065.5874541196815,296.73522720466343,128.3175739268077,1215.0279174860689,-216.1533516837905,213.03643984753816,1360.6337281733163,-34.91379822539208,-275.33569113478256,-751.1155146525739,271.7221098929587,100.15361613976965,-901.5136989905992,-200.20959142665578,167.0198521428016,-1051.5007834576816,-34.9369543029172,-195.15818599368302,-301.1701328934936,280.2410906362035,103.23469618877853,-1.4909680585075837,-231.8228703371895,192.49129226177283,298.5267706311422,-53.58502702852062,-295.6190977425995,1065.5558258939525,296.70656535946074,128.37327670002713,1214.9920622660463,-216.0809112281471,212.96423703229857,1360.6138487963185,-34.93529473509723,-275.3863297545763,-751.1263947600931,271.7606495805812,100.14895992888603,-901.4902962956303,-200.29953168176647,166.9147205355816,-1051.4238627645734,-34.975797318139776,-195.1212071267439,-301.05002208112995,280.33312913025014,103.20923562130463,-1.5416128785020493,-231.8233973823617,192.50351691570427,298.4657297691117,-53.63269628782566,-295.69700504729036,748.8231109549748,279.41945403668547,102.88500858381585,898.6237440709889,-232.5096648455146,192.2022053462146,1048.474898823735,-54.06466195141733,-295.8340278999393,-750.0462613793146,272.98704216199417,99.39153298697919,-899.9842717102249,-199.0055798551673,166.9818111754085,-1050.014685128329,-34.423236044597616,-195.40111825821793,-300.0340861465893,281.92985763659846,102.62513139371967,-0.042985207017274936,-229.80482150128228,192.85537419811473,300.01119805168446,-52.21411867561271,-295.5483633046653,749.9086653033937,281.9718004895234,102.59165907174187,900.1685299270762,-229.76390364976126,192.89550393228237,1049.9932397366247,-52.14970426946519,-295.45089238067095
train_00033,-863.5165525763454,-27.10709363720779,0.10941586165050525,-1065.8385920972278,-480.405566735435,59.281858275943556,-1188.6322868159607,-297.23975802245536,-304.43458812423137,68.81449066204604,103.80985504720289,252.81459612665714,280.72093162439654,-455.7133164470029,207.00582076178864,648.3346456233824,-203.34153980752225,-194.31174296601782,1203.3622707363395,556.8714901557539,342.6580495136209,1241.2847135982415,18.439390666851075,376.54348897601653,1419.8173474179796,210.20369813105103,-96.54694167306798,-1040.3951064948014,274.09996419219334,77.42472488297074,-1195.0035518817426,-196.9132687632964,141.1713975845209,-1344.678989432931,-27.490919650673902,-219.07713840797504,-299.81761005388296,283.510917199635,103.17668583351903,0.04043125365081829,-228.25842592497415,193.79991085266715,300.48629959030563,-50.804031093765666,-294.29498604226285,1137.0719065809772,309.2105732750808,75.22354973343946,1294.513817495503,-200.0490955354531,166.7106400367283,1445.6970608192871,-19.953695830361614,-320.2250393080885,-749.7515205229566,274.6202934086374,99.52486481449434,-899.9458216910584,-197.29589022679758,167.24672101745438,-1049.6409715183813,-32.86286254611371,-195.40136995942498,-299.79013924503164,283.4797017319453,103.21838799590785,0.04561309468151391,-228.28192980666483,193.72978181576985,300.48924465271745,-50.81283215989145,-294.2454018666381,1137.074307152537,309.1828702233791,75.168832591623,1294.5573350623838,-200.06600290646432,166.67082427423722,1445.7050174068836,-19.936393720389404,-320.2807455615384,-749.7062324668766,274.57310985855884,99.51306242483358,-899.9306844063406,-197.26197797180643,167.21878250090577,-1049.644383613299,-32.823479040771886,-195.4555070340716,-299.7578340473241,283.5472995943234,103.22461420580964,0.023207436566133815,-228.32865181829794,193.78332225401832,300.46848833604116,-50.8437743951754,-294.2206729242858,750.2062165377256,283.2202890828908,104.07731961689434,900.0940834291633,-228.5199798457629,194.69374464931468,1050.444091622659,-51.05502338895473,-293.61809066881506,-749.9374018538982,272.89451106418693,99.3656770737308,-900.0088403636058,-199.07326607364732,166.98746873945916,-1050.0407804518065,-34.433132033367656,-195.4216128795805,-300.02966219629633,282.01854408092277,102.6534235538896,0.04113032388341936,-229.81433880885572,192.81639546571506,299.95287235568674,-52.03189107814456,-295.444817737059,750.0947241631222,281.93050058648595,102.63949162610983,900.0110589776955,-229.87452686879857,192.78499032121505,1050.0019162925885,-52.06801441890702,-295.4697604793283
train_00034,-967.0906908852508,223.59730187682626,-49.70378466657487,-1106.0680557631629,-249.83974801099237,30.112818444441764,-1287.3935341413717,-87.11979194158926,-318.57305889440767,-622.5290528695882,224.6561139622744,247.57153472917804,-186.74916723852778,-181.40311133757444,319.9839879710717,-6.782831607645929,27.586464322087,-212.9191632569087,830.1252198338254,173.89224097857215,269.9062368569622,875.282794534369,-359.62108574568555,346.3603956376708,1108.4991659665777,-194.7625001236936,-112.90975502181618,-980.1964646644749,276.40855360670207,108.531774160395,-1121.5408534908581,-197.66209597199668,180.25594245004166,-1279.4705544060512,-36.962653560102595,-180.58744233061705,-301.4504545738862,280.0939852131253,103.99079351690813,-1.076861336137032,-231.42263315971528,194.2033187552588,298.7107338518614,-53.625982771620805,-294.1359655957046,1110.2253666504644,294.7253223408982,87.74263278999156,1267.9228710537652,-213.6696088880555,183.49395391851087,1413.9100247118865,-39.56090374112248,-307.268439849605,-751.45679091684,270.8485746279828,100.86426245457139,-901.0933986012449,-201.16643094745817,168.57787737532635,-1051.3465854175563,-36.79258197566264,-193.82053526913623,-301.4014944322355,280.154611001053,103.95406672281092,-1.1714880456230696,-231.36875826447036,194.17447071696088,298.71609055128283,-53.56530808460199,-294.12863766663855,1110.2332277468101,294.70151519277664,87.80966264995035,1267.9453025555472,-213.68156093245446,183.50913013436895,1413.9770511751508,-39.557338055814945,-307.3853302996935,-751.4991369061798,270.9312967618433,100.82570677441598,-901.117226873179,-201.14179336852646,168.64899870822538,-1051.290462572927,-36.76939023631999,-193.7856180804717,-301.40892915559937,280.10267461210805,103.98279518909548,-1.148735911120347,-231.36317055307475,194.20193177603593,298.6424497937152,-53.50839805948916,-294.16114999619134,748.6003938589059,280.72667161596297,103.90422391629144,898.798495183407,-230.98325082997883,194.19179716320437,1048.7131198672716,-53.24991243189133,-294.1708620466307,-749.943686401261,272.9102758906726,99.31221143452959,-900.0288359969783,-199.04952516451326,167.0167438604145,-1049.9234408646867,-34.544556521915496,-195.36642649922504,-299.9491806724045,281.9428676924398,102.50840868558979,0.061694293599776295,-229.79856832493488,192.6658036982792,299.97444550355686,-52.05094714537351,-295.53139826533214,750.1221510789092,281.91373163711194,102.62794978223535,899.9231639419896,-229.87562510816022,192.85253157132718,1050.0233760042847,-52.0936434148682,-295.53608863865037
train_00035,-834.7952898901848,428.5428296015356,325.42474927081577,-944.3171144326888,-55.04242759378297,388.8931737025871,-1127.8942103420682,105.65391028782878,40.42975859045656,-324.10756665217133,344.7660142011679,214.26396369597742,-85.50136374338916,-158.07758072524925,438.3179995674742,140.87319433434945,-207.7307592587725,-115.04616188806864,620.5415391063887,254.91808504079128,399.3313543677411,930.6584081170008,-184.71305820099965,454.4691937493419,1001.9178350544249,61.68019280377576,-21.697326401299133,-1131.4545783123021,305.1866826798264,121.41509814278855,-1272.1447137090286,-170.6821439694538,181.12241435873207,-1418.3816363336139,-5.582551332107161,-182.54836301050952,-298.41780681967407,282.52638005195945,103.11451962898055,0.4350717579788102,-229.61511953977978,194.4106075320081,301.57398141733086,-53.34556412516085,-293.57203895970713,978.1332605032196,299.9172975084074,77.16610838262473,1126.5204814022816,-211.27194986130397,172.96269528052284,1283.0143930634608,-37.036471681391085,-314.6058061855937,-748.4675423050318,274.5117510019091,99.07406691099087,-899.4537436672377,-197.10590633801314,167.2425699740195,-1048.572654706495,-32.70249274607435,-195.6643370034304,-298.38677996441373,282.5344669829956,103.09541987759243,0.4992796054817973,-229.61412010622422,194.40920862842566,301.5720836651647,-53.370100038707264,-293.5402094434002,978.119007654259,299.9555196775465,77.06740689601139,1126.5294942221208,-211.29114142145585,172.97000432208606,1283.0732958805881,-37.022888514133726,-314.58241517950717,-748.488982190737,274.50806679832215,99.06894456991235,-899.480133385379,-197.0568153351313,167.3043393095969,-1048.5710210011798,-32.71676620715105,-195.74880830956621,-298.35059670420713,282.4670562103134,103.03151694728163,0.43601251200175156,-229.62322380458545,194.48461854833548,301.54514028244415,-53.355146297866526,-293.50201785649205,751.6839642005606,280.4261493548746,104.58716098363301,900.4773030157487,-231.5831616770995,195.89674781565395,1051.5264974485083,-54.87626080207341,-292.44210183645765,-750.1177201909054,272.88469118799935,99.3484156668318,-899.9972103276177,-199.03313817910956,167.09766210193482,-1050.0039029088134,-34.47502506143645,-195.46892941659485,-299.9710746175693,281.84699725977595,102.67017631991595,-0.04767581047063234,-229.70914893335708,192.75716888050067,299.9924721480235,-52.06674922525908,-295.4275000678574,750.0117588143978,281.8743556951149,102.60957514036295,900.0848781994388,-229.8144640697633,192.79761163975422,1050.0082831037512,-52.005646220182186,-295.39547011296503
train_00036,-1292.9169977958202,100.84844694557461,211.34242617822883,-1450.4415850017797,-367.06548407747067,289.296251709926,-1452.7558826976565,-264.71250437498696,-123.61486188919085,-22.038179098197116,-90.24593132855375,-209.19733734028716,415.6124320480543,-480.11419455707784,-80.68318561009008,575.4920899628144,-372.5697628283822,-648.9126217359944,830.762593323623,99.24217614862734,351.8573864975696,1103.6486251554045,-358.92483007010054,441.8778586858827,1149.906605110182,-186.1506545373087,-68.5334069721941,-945.5084689001225,245.38044894229688,99.65119986372254,-1103.5940129548176,-223.04327675748735,172.84457003974384,-1251.566509936134,-59.888379085330165,-191.03599201917538,-299.8084271141702,281.7228109216235,102.47100841686142,-0.14687297151564452,-230.1088262766856,192.80642913620406,299.1458529292276,-53.227789434076385,-296.1410627881596,901.6288375338987,264.12307098834486,118.2040120998689,1051.4151527388226,-247.94500999097474,206.56331567688662,1205.8662449941128,-66.87484084091952,-279.03481371867105,-749.8722095630152,273.2298150108104,99.97827757148686,-900.187884385151,-198.5456781338887,168.49498916421635,-1050.7081158183742,-34.319463505826256,-193.91184389414255,-299.852718788071,281.820710650063,102.52002954738977,-0.18486968077991536,-230.07837043137593,192.75899992091362,299.1407380944116,-53.22109360170013,-296.2112179001743,901.6371716405154,264.118742205046,118.23284177130914,1051.2540808283761,-247.97964968556502,206.49556988558265,1205.8636901030247,-66.85825820645418,-279.09339855092225,-749.8047862291035,273.2188232997159,99.99914824770795,-900.1697229045695,-198.5606099499936,168.43535084274134,-1050.740377042611,-34.30733557558112,-193.86976340887693,-299.9130522475852,281.7159096402606,102.46104017048626,-0.16262689579243428,-230.03533393046615,192.82923357235228,299.160642849214,-53.21670247464368,-296.25785099080207,750.1340579131111,280.82183440351,100.65983037195481,899.8739726620361,-231.05454067875093,191.24621117289914,1049.1172610245658,-53.94224259293601,-297.5385874933124,-749.9638075098769,272.97062992404034,99.33723989920355,-900.0284142576855,-199.0700355556079,167.02567088876845,-1050.0063859696722,-34.43378165531411,-195.38697214418144,-300.1008901666638,281.8830319887429,102.55325841892032,-0.1278858731940795,-229.71847156038157,192.87742282835245,300.01831527748,-52.08112571478678,-295.4282346011576,750.0500144072505,281.90148493109274,102.64696354409728,900.0121403946523,-229.82008425659677,192.93332812539356,1049.9856683052653,-52.123125678381534,-295.4456669939356
train_00037,-988.1199910136102,-33.2711794527146,457.96579608913237,-1086.3948022086845,-515.531339696585,370.80859298981846,-1238.270150343024,-263.8215297870142,63.453743604722014,2.3733031689845348,443.6022144034032,-127.6912419312403,235.36266145673366,-85.66923859009435,32.23610573906045,578.4888510427932,4.01447033847376,-451.6964873523742,1421.9315212717615,282.56237802571593,354.25200566093986,1621.1675192501252,-208.57209178258393,462.2706138592956,1751.241998981268,-35.584586221572096,-33.421419938516486,-1038.1292149450214,295.5336061822719,129.90520865140118,-1190.887990940887,-174.75738039760603,203.089258494801,-1342.2661308613701,-12.569841015963998,-159.91592788079873,-298.20290376583097,282.7445969338369,105.53635855962513,1.4593754200040954,-229.41632540382116,194.52083734839178,300.6183950812483,-51.51784385999373,-294.17727547396805,1136.1167398781272,300.19223500891076,79.79453379575959,1294.4874702336504,-208.6998357080704,171.63051564302572,1434.262367538834,-32.96838618699009,-320.3670006543898,-748.12810429593,274.23358380828466,103.20699783599463,-898.573711782493,-197.59612641480717,170.64657012265272,-1049.1300651896308,-32.47772088146688,-191.37371635423244,-298.1966939139835,282.7289554869205,105.41869015853804,1.4130330145023273,-229.4731123265479,194.51488429376562,300.63731207610914,-51.494622343483556,-294.1570774108093,1136.1218731254921,300.14831608567704,79.76660667054097,1294.475409633672,-208.7237848955199,171.61912566873775,1434.2111979863187,-32.867348605282444,-320.412949690154,-748.0787531388156,274.19572466909744,103.19242681985762,-898.6080740394242,-197.63259792407987,170.68644261764902,-1049.070832866457,-32.46211196107193,-191.36934061331382,-298.26328140469593,282.7240185851035,105.49006322473605,1.4350570896372603,-229.442371444939,194.50613985720088,300.65424096987846,-51.51563921625843,-294.100225870781,751.8154399522573,281.48325900919355,103.38437062790103,901.4337228872256,-230.48843783743166,192.7703508733715,1050.6721020923542,-52.36845373175577,-295.6380737682981,-749.8524293749344,272.9378529605587,99.35843037484156,-900.0539758403181,-199.09877029779076,167.08546375255605,-1050.0546483872515,-34.48060996202867,-195.47538116535412,-300.119021677892,281.8873993910051,102.54314086612231,0.008658195690481388,-229.78543651471082,192.78018044089657,299.9791987350766,-52.03806804878118,-295.5000586201557,749.9911229730051,281.87894386095735,102.56651853978481,900.0084322305659,-229.76610868467014,192.85092491974427,1050.0440814400824,-52.15343749598109,-295.46277713198185
train_00038,-1049.6199003400359,-121.13620026457473,365.38200820608466,-1335.6121949468277,-531.0057499240568,372.93993713836926,-1355.9628343763845,-329.25229239335306,-0.9495266085039535,-103.91958989966545,98.73393485586685,-222.39349341502844,177.1070955101177,-424.31308858241107,-136.13408322498435,501.14716573102726,-241.79673897577288,-606.9478747477731,954.403028663165,375.4320159757141,-29.669397474978943,1030.9209619960682,-129.06517618570672,149.38787399149427,1116.9569362175555,-81.82229389444991,-382.4284237524698,-1124.5197485574297,249.97264078582893,117.88676852502489,-1284.1191755223097,-217.9933726334014,190.8081124700094,-1431.8459649222955,-54.04086727483035,-172.70324420790706,-301.6176750384367,280.2524992107093,103.18996104462632,-0.9350252303212578,-231.03891590510992,193.6423509816084,298.90597088249507,-52.94202947745743,-294.6196957924887,999.018754049419,280.320265672618,127.0111323131986,1155.4032535860522,-228.64228224456818,221.4191680637612,1298.7754517305996,-54.863455673814485,-270.21431940854114,-751.6640134320999,270.6983101303191,99.8982055051992,-900.9152344883911,-201.5272156706128,167.51520418949346,-1051.121829927839,-37.22568138799695,-194.86269890555457,-301.6668872044879,280.2115511723696,103.24193460243923,-0.9287361150818834,-231.0389223107471,193.64446734597692,298.9029788647296,-53.00875939282342,-294.6256582903153,998.9756661879038,280.33865319517395,126.9689593984642,1155.404490769865,-228.65772523573247,221.39817834220958,1298.772136494438,-54.91088556330058,-270.23248422171736,-751.694802483729,270.64339163038386,99.91585065314723,-900.9220456422399,-201.4719335618739,167.58903800941138,-1051.1145669750076,-37.32618040052507,-194.88672571721403,-301.7489708128535,280.24476181203653,103.32465617030014,-0.8695971235257881,-231.06320473260715,193.5459911282463,298.9299642817832,-52.96909497113642,-294.58943718116456,748.3517063949814,281.7492650987827,103.44161164234617,899.0688014140627,-229.68445860997963,193.83310314367267,1048.9009739677806,-51.91688659391977,-294.44524940772646,-750.000255284712,272.899143057681,99.34349049198492,-899.9157528832444,-198.9095166490687,166.91705758374746,-1049.944066763172,-34.38867020079913,-195.42108326409507,-300.01952363426636,281.9008085505971,102.66594095001264,-0.03538934520403078,-229.81441825307283,192.811346600222,300.02777209267305,-52.18421058182479,-295.4742138056086,750.0770839065997,281.9159777738739,102.60934903997287,900.0198713940695,-229.77334353983585,192.8926005435017,1049.9340660531336,-52.17448023432577,-295.4689338758305
train_00039,-1220.4806745436385,-20.481371424460274,123.65546235879721,-1366.7639388650477,-493.5604575824755,191.3484097215787,-1453.4521283492577,-354.5142810869917,-201.1244029494091,-562.6729641114706,437.36771318627154,-249.14958762381752,-150.56581409340407,60.859963219601156,-29.1257956513708,192.26744648324896,306.21626660694,-456.12721526114547,783.9588356440282,-3.0508058295778007,436.7916457319991,931.5820063276475,-523.2379557141478,448.13892255267723,1063.2398419985175,-279.73781782983906,-16.47360790540709,-960.4646625016151,284.3911926171862,87.76850921854559,-1110.91886156771,-187.51840563684647,155.0198126130087,-1258.9912533732004,-23.207662730995864,-208.34760917255159,-296.88317442144415,285.15829547150787,102.35180093196547,0.6593347327917262,-228.0947854917956,192.27145838042594,301.57008165244326,-51.52091048401293,-295.84004005007915,1120.3998694581194,261.3930637373776,121.0205661830824,1256.2779674136334,-253.95786022932998,212.7147712273212,1418.3563279065513,-79.36431923464771,-272.7769750304928,-746.850578053174,278.3351616660313,98.93201467100594,-899.1781552565487,-192.91195233189572,166.31132248230173,-1048.4022645349623,-27.345569992592463,-195.9965783468647,-296.90707200509615,285.11259387848577,102.34683128583205,0.6137629564705768,-228.07654725114816,192.27957600673278,301.5377231592939,-51.54491050310798,-295.8752865229411,1120.412527087499,261.4131808021685,121.0400361713234,1256.3036314624196,-253.9136005317277,212.6845946363805,1418.412196971099,-79.30145400409366,-272.75438273345486,-746.8977257612944,278.43359556954,99.00707539791128,-899.2266459389448,-192.98997280651062,166.29882636441872,-1048.3595488760022,-27.38534819454023,-195.9439131778327,-296.92663536984975,285.1425179263252,102.37051752842909,0.6668860684037241,-228.11172230738467,192.25402779946668,301.47653382135525,-51.487994018452255,-295.85116423791,753.0565875636188,280.0614405354087,102.3777062225944,900.570383098571,-232.40193114335327,192.32162125140468,1051.4440555984092,-55.160267676495394,-295.78095947746044,-749.917262979352,273.01541679119924,99.24248538221723,-899.9559471394949,-199.0748351911138,166.98076306207085,-1049.9458934164522,-34.43469426617402,-195.3772992091827,-299.88938812738394,281.9285824139246,102.56226842082062,0.013875418152227148,-229.81554325855274,192.8164098056761,300.01084286239046,-52.11307938212319,-295.4873997799403,750.0359003508627,281.90573873543417,102.53007355262132,900.0050006518884,-229.76548097176436,192.88400239052976,1049.9066809458945,-52.136384551246415,-295.3897211900197
train_00040,-747.1947215266362,429.4542872355761,55.17259336457403,-898.0054187241712,-36.36060154403678,155.58641330820055,-1073.0924139015526,114.42451302555317,-201.42429591116746,-467.5156554844646,435.45713138565054,-338.63718521869043,-251.7635500054339,-70.36513127231895,-98.71619608706507,137.981060457227,-30.72895320063005,-553.1704297044636,812.7559665780373,323.2963785949406,-254.68651608460797,769.1968953110659,-197.94958370925914,-117.15086454335282,1036.6609870133225,-127.12708555296838,-581.8410340375895,-963.0761815025072,267.15626865082146,70.89595504575252,-1122.601028280312,-200.36389727162248,147.2547192715052,-1266.7916885062104,-40.62674574035435,-219.66633312769784,-300.5461230968303,283.8766363927467,99.5128214195819,-1.5416434937130998,-228.1299616940409,190.87075589519117,300.85589504070305,-50.59538946398846,-295.9732315597692,1045.1720011221119,275.6818269856453,123.78865215038901,1189.4389453018046,-237.09606873432227,216.49247731662524,1342.0799846210366,-63.37079534324397,-272.30783084653916,-750.5865401970569,275.4623810679614,94.20434108709136,-901.2736881547826,-196.43807517085875,161.0975449097593,-1049.5522074321163,-31.62261072619617,-202.0007120376192,-300.5030145633825,283.8754698938859,99.60294526026615,-1.478901805382795,-228.22750492700345,190.82812200176932,300.82400117637104,-50.621654594403864,-296.05478485615515,1045.14447983338,275.67255629676845,123.75783931891512,1189.4895784100459,-237.1275873081996,216.54775040152762,1342.109489815619,-63.35644480745848,-272.36025958875797,-750.5218172068078,275.44844952341344,94.2537576469764,-901.2888755434859,-196.40370161873477,161.06357697098193,-1049.4963182441793,-31.557537868471464,-201.96455942932957,-300.4744059672184,283.9552192868357,99.56108079216018,-1.447334666476681,-228.21796887693694,190.8424434488719,300.89117622584007,-50.581888537905314,-296.0513561859208,749.5034847159673,282.59900908950533,104.06789626849661,898.4560346589601,-229.22092712167063,194.67094351279297,1050.843524091945,-51.52476565647572,-292.8862767752919,-750.0562751220539,272.97840327568764,99.28410847524756,-900.0179632811767,-198.97849313692092,167.00611741678352,-1050.0218866789667,-34.555155232053906,-195.46310634387075,-300.0371541539668,281.96170717554105,102.65396031118472,-0.04544193555100609,-229.7113396881861,192.86548613404895,299.94031349501216,-52.06110402768802,-295.3444688355258,749.9847309764585,281.94691354346645,102.66611817481554,899.9161064451118,-229.86980142152893,192.71898609907237,1050.0181561708764,-52.12555047015007,-295.48926199812286
train_00041,-982.0163031478828,355.7252759650878,257.553005889442,-1110.249581310547,-125.52975761886219,299.7329597111017,-1233.41597214953,40.282324836914846,-72.07455111224148,-408.16115754134194,208.94065764678194,267.17103433660725,-78.01000654180721,-281.1562626260224,371.3239896814028,210.72310199139875,-99.63728433973151,-122.31545709816315,1441.544440473813,67.08622105040726,266.07744230599894,1412.159470907029,-458.82419360050204,388.9033439239375,1726.0025008549674,-362.83791156428117,-41.01656019983941,-1009.6778631041552,280.83354369026966,76.60131592901169,-1149.4849012941847,-194.29003206056979,144.09231480082786,-1299.4419522727153,-34.24930925581597,-220.32694111828525,-298.49496897190295,283.3652768225899,104.5432950552309,1.0241721431798667,-228.6041809969875,194.8526429471415,300.5007163692475,-51.75783201500431,-294.1387083313667,1091.3874800658748,283.6503148911044,96.1416361728255,1231.9321056755466,-229.64595043772977,192.1988845572814,1377.8073512268274,-62.853287045845704,-301.2023515169864,-748.4968546680627,274.84090053515104,102.0239184710645,-898.891384134882,-196.79316952147312,170.39037439422196,-1049.29175290676,-32.44265205330866,-191.97963456919092,-298.5321095216581,283.33178860730476,104.56210930568017,1.0626293864933358,-228.60531825692132,194.82979497484416,300.54399984547354,-51.72362633330441,-294.19706080689326,1091.4566775411479,283.6949380370853,96.1523485283492,1231.853763956021,-229.68283127753753,192.18354637317984,1377.7295942110434,-62.917603724498946,-301.14700041416916,-748.5018271772174,274.90345338825347,102.03977855746994,-898.9653747869316,-196.73619009013615,170.4242396588808,-1049.3687777010543,-32.42448668794399,-191.98806293253136,-298.4712769139648,283.3808212858863,104.63488614474073,1.0791109294700787,-228.565360072105,194.77344378095398,300.56042158044625,-51.6849853352198,-294.09652012696597,751.4493483795375,282.1424372927281,102.79327095677252,901.151356843853,-229.53174001993816,193.32160723420444,1050.473019366382,-52.462763404250516,-295.37398389848687,-750.0769650692865,272.93751151727025,99.29928221211402,-900.0580503893108,-198.94375627227836,167.09509540203425,-1049.9979520814777,-34.47313493940671,-195.4400513597494,-299.99454947102276,281.9262300667948,102.7416688620343,-0.03644262677100565,-229.85324020318475,192.83983932195673,300.00978091162716,-52.134128701722126,-295.4511710992948,749.9278632755855,281.88162548782594,102.59298924514991,900.0171503557983,-229.8009068880496,192.89437656144878,1050.0336666156322,-52.02028049709375,-295.48613740525644
train_00042,-1070.7789392480875,444.2510809703139,263.787793008472,-1081.9338888932596,-55.2225281360726,279.22644804727025,-1155.922465902035,93.80949915756399,-112.19951614472812,-137.29351280022573,667.1825566936573,269.1321527153319,59.888910369479596,108.06349102201031,361.2098543205771,350.65518690961954,206.24375168038614,-154.42047815425906,1148.8420837178705,304.4233589270615,241.12793078296997,1216.394921447409,-203.98713988510121,412.7157904261924,1441.8320687839719,-116.07056565029909,-70.92889570459337,-1107.3197232434604,272.23083450067327,121.83750452081388,-1250.295630597862,-201.45603198348587,192.7013077104111,-1399.5303807067685,-42.80791111420867,-172.67169222198098,-299.6673264848451,281.5543293741888,104.72845547659914,-0.009840168905695447,-230.4066069093783,194.60411314104184,300.22688941535847,-52.36252826651641,-293.38789844441226,1075.6789560494442,291.12609516491295,133.7349326038694,1222.3374285750701,-221.84539601627878,222.55712218634835,1386.576636666037,-39.036678372933864,-259.262120223198,-749.625303749434,272.8570643569507,101.35419055158707,-899.941420017064,-199.14053617667423,168.44433962689195,-1049.7786452445937,-34.011635411815746,-193.90904958524396,-299.6839288072857,281.6722991839018,104.68448598984149,0.004732011091848433,-230.3069976421343,194.59739864687626,300.3109106479666,-52.39329136754912,-293.36035812614176,1075.6931985366796,291.0308502092671,133.73052479870333,1222.2896787059872,-221.80672162401268,222.52859264355385,1386.5099866101482,-39.07503102531008,-259.24879624153454,-749.6639816337457,272.89101816132825,101.3125204916503,-900.0052518828044,-199.12935443825367,168.41526656667781,-1049.7083552683055,-33.95909970454899,-193.88555250430122,-299.6772916930749,281.6241006884647,104.72660107131938,-0.001897981067393962,-230.30756706843448,194.59528510388287,300.31811136938427,-52.42280615656086,-293.3404776318847,750.331239715365,280.98058858402567,105.18390458457071,900.0693192948554,-230.76125850656007,195.04776123877323,1050.300938861215,-52.78851549451379,-292.9945627288309,-749.9609544534994,272.8366777031897,99.3397788426931,-899.973436906601,-199.13941712613993,167.10352565609668,-1050.0384235602276,-34.38427110223188,-195.43374505416196,-300.06411183495766,281.9259236784813,102.54354185227866,0.01511346832939216,-229.73071809522327,192.79240103521641,299.9618887465737,-52.20773157019057,-295.3773285736374,750.0907021170949,281.80779203169556,102.53108648419887,900.0023848236639,-229.81286590693347,192.81686211438003,1050.0385913492676,-52.14128884246822,-295.43142342223473
train_00043,-1334.1907610033618,273.1449599084858,-127.63413072503775,-1461.4649068496487,-207.67270710461128,-78.35496356888869,-1555.3520889630402,-56.75480161190519,-464.7842667544189,-429.5552891089442,157.49144729696218,-51.80250602190273,-138.98442212393945,-365.23077174817564,-2.8102672687663315,97.19226400833594,-197.1066633150794,-528.0361466263972,807.1621032800364,203.38750224778087,-78.8605131684316,1013.6236018506745,-245.88144785595952,140.2910455311898,1163.4195611636578,-177.90937729556651,-374.9706838968479,-1099.2343318225342,300.14467542359824,78.96972325595517,-1251.8361179487554,-170.2038384544018,152.20996847174348,-1403.4375792513963,-8.054636873620414,-210.64517073060696,-298.3261522074789,281.0049581533459,102.48731668554015,1.3170819367251372,-230.87028742449692,193.11631449377668,301.7485978269881,-53.32125912323315,-294.9277486749362,990.7894186948092,267.9776576225823,118.76437382839963,1147.6797543253829,-240.97723157481158,212.83764678784559,1293.3756888600265,-65.73261441547301,-277.6223395961778,-748.4196084081682,272.26121863938755,98.85511889726311,-898.7144347749255,-199.59049970744942,166.50509505329336,-1048.3310805228787,-35.06054885216256,-196.0841183921963,-298.3655888430685,281.01804362653024,102.58007062613557,1.3604790941159521,-230.85154481066914,193.1459947412621,301.7976095939366,-53.343956503182255,-294.9367332895155,990.8677416686247,268.0798305921087,118.77813622065285,1147.6663872962392,-241.01471982005654,212.8273016010509,1293.45664881554,-65.70354461542331,-277.64253889946633,-748.4102767980634,272.2523117066804,98.84580095869482,-898.6641894187362,-199.61799677292797,166.54158877156743,-1048.2757304371692,-35.021079605066674,-196.15676761450933,-298.3797224598534,280.98222572930734,102.55036712259795,1.3554279965187284,-230.8811307214585,193.1607836950764,301.86917357610065,-53.33680094716995,-294.8793851893994,751.5475463021824,280.5041760392939,103.33317891689141,901.3993841059565,-231.21092815077358,193.83605266041232,1051.769185309497,-53.643454277166605,-294.4335407076085,-750.0857435975466,273.00519205250527,99.32883075619101,-900.0515663864807,-198.9384076942888,167.00593789790042,-1050.0441271062466,-34.421682002485156,-195.45636528393135,-299.9751846786269,281.99147336372755,102.62540203468487,-0.012703528076543935,-229.88688507158443,192.920569937935,299.95072597578144,-52.09909199629979,-295.36872654002866,749.9594091651509,281.93370943515845,102.52075569998318,900.0973521998316,-229.83045838014795,192.88020591161768,1050.0091348603898,-52.18369094475627,-295.53677612054236
train_00044,-1326.6263112546028,462.89961707259914,-144.09454157306476,-1284.0972872552502,-25.344238925493062,-46.20798943395256,-1519.668685794707,47.809769428711185,-392.7643476281746,-7.317849417081477,64.29560760351707,-63.249479851946646,290.42414137616555,-418.3178982222001,132.80940290317054,490.61602564492665,-431.3543947113416,-432.6611800770601,686.415578704263,171.2925425272638,401.37326095108955,983.2866515454011,-272.6095022787237,486.8222846404957,1087.4495941201042,-41.49403521266755,9.049503627036007,-1117.0371123581183,289.73698290280174,78.45537073849293,-1264.9055347867954,-182.7512067547202,147.31746137541518,-1417.0103107102818,-19.289780736773192,-214.58687699555028,-301.09365377463484,280.5068683942985,101.33435602898567,-0.17853400899171815,-230.63790965670592,191.64651584854957,298.3665743673349,-53.34649275907838,-297.6123168723497,916.5876245968445,306.3803883166539,113.09382832562332,1065.3088761270037,-204.6992496323936,209.2370719723295,1221.118725474349,-30.960797174715516,-278.64847486524593,-751.1317606581064,270.90101191025576,99.21648114917619,-900.2175647324005,-201.15206693688177,167.89862511482292,-1051.370480175644,-37.31924409806225,-194.3161111851448,-301.09301207642807,280.53588798113844,101.39702977411382,-0.13664163126599513,-230.58523212539964,191.64562195323472,298.3082147111597,-53.29779762996247,-297.6521738293419,916.5388560487869,306.39589981150357,112.98902664443756,1065.276081805984,-204.66990822460286,209.24923593397966,1221.1805442733025,-31.008490935790267,-278.6330472627272,-751.0362687906098,270.90068562303924,99.24302335466696,-900.3184833401303,-201.16007933655212,167.97342003382735,-1051.4592916012357,-37.32357168553981,-194.3232565296596,-301.0947906350757,280.49137632704634,101.40384168564258,-0.1858977506037333,-230.59917897684753,191.62490488521493,298.25242961310005,-53.341283378208814,-297.65146179172325,748.9516199029994,282.1057971889931,98.70911540875133,899.819504365033,-229.4105718233144,189.3885967427949,1048.2711128978126,-52.26998975300957,-299.6656157064901,-749.9922702363316,272.91330896573993,99.33080111649443,-900.0889099000119,-199.03457504943523,166.9802044858313,-1050.041432340175,-34.42504362316794,-195.45997779144787,-299.94800562715085,281.9326013893658,102.56320154339396,0.025028922947186144,-229.82743764521803,192.86340508097516,299.9993346106361,-52.11747581372084,-295.4377530406171,750.0961887975869,282.03146176195213,102.67795578479252,900.0717027358033,-229.8935591068885,192.7963246171077,1049.9833043359743,-52.10999044589565,-295.5616756011935
train_00045,-1456.1072902858673,70.82040410504209,-68.12275422586653,-1479.2232617880436,-420.97307114360774,18.4150924158294,-1672.3911933111115,-313.7933656454994,-345.13042682207913,-60.69510810698433,385.1541851244654,-104.157473261961,175.5940010127794,-132.15439115596016,87.04320825500376,527.0008174647808,-62.57406887069721,-394.35684274537243,845.7805493850356,-22.785252473992696,-35.895427234909754,1100.0100046025484,-496.49808063092513,23.059672514055435,1193.6713624347992,-268.6401607036722,-458.4419418058757,-1129.5420764213477,262.39778381085637,82.36960366980514,-1276.9448769162345,-211.5955909242838,141.14768953256552,-1433.6013818085069,-38.81101958172648,-214.6104773387895,-301.11114383746224,282.663876909305,103.15022575200376,-1.0327562324338833,-229.02700193558096,193.56479047591847,299.7297599611808,-50.80641875834214,-294.1449421956318,1114.8451952312018,250.36296708103174,101.01943993590211,1269.7384379189143,-260.5953296241723,187.25670750937329,1429.7376648392624,-73.20442088730053,-294.1783494408426,-751.0694315900994,273.4668927279807,99.17803544628447,-900.9870753117675,-198.6784517232477,166.22246728187454,-1050.4506299781115,-33.93849652498608,-196.31960647235832,-301.0887907587423,282.6472968607935,103.17079545438557,-1.0159356516304938,-229.0223421515467,193.60739165874676,299.6827070951706,-50.83288946938896,-294.03343646763904,1114.7157337998635,250.32468854911812,100.94847538309403,1269.7239200393376,-260.52733752934523,187.29725972808902,1429.8614685396033,-73.24973443663453,-294.18497731674364,-751.0632645487319,273.4459951960829,99.11099477400508,-900.8861688153424,-198.66572386835801,166.2472175122822,-1050.4463048911805,-33.875139295932726,-196.4184893990673,-301.065365911749,282.6570933698198,103.17807568941879,-0.9402851097221475,-229.0210248318846,193.5792793616743,299.69620674708125,-50.79689920408046,-294.0882218157319,748.9590361950361,283.1176121377872,105.0276059034532,898.9313481960284,-228.55676194617504,195.10078823714673,1049.7573601917234,-50.55457217032911,-292.8984951471213,-749.9879591197805,272.98001505635017,99.39722857349348,-899.9800119321948,-199.10796324006674,166.99148796366697,-1050.0416250973462,-34.474126256701126,-195.48652520833969,-299.9772035223448,282.0083801909254,102.61730017852584,0.018861873332094242,-229.76140557673176,192.85079393235137,299.92830213404136,-52.131702082706376,-295.4267481700052,750.0532618005595,281.90488733655343,102.79022805982277,899.9547204059616,-229.7825470874369,192.86125411472975,1049.8924235220816,-52.15597856341202,-295.54632419973797
train_00046,-1187.2343340300658,-30.815313979806085,243.8963524310752,-1307.8386168759291,-512.5412686670184,187.00294627579967,-1549.0855974914396,-258.26240973707337,-53.99003398427993,117.88167144290935,562.5842102740838,333.58947078190687,343.3293717438076,9.886669245722516,272.3984991471558,559.3905067363495,236.20452716026605,-239.5945515106582,1284.498969399544,384.7171315136415,214.69450268830633,1453.0765694598758,-128.9044578335912,232.48027146572852,1624.3948062367683,131.02424807628003,-209.75328091220058,-911.1098424201414,281.5425530169927,114.01270093833729,-1057.1663147698398,-191.43975330410126,183.06920472234899,-1211.1507104115174,-28.22077891003614,-178.2152418527063,-298.6413108213516,280.3793320162161,103.33690934420522,0.6273986052436159,-232.15005469928363,191.78264371377324,299.66020784583384,-54.03281586926005,-296.90227859989,1071.4287273119885,295.6119623566428,123.07671790181593,1216.4858610713916,-217.20041753709523,215.03535884317358,1369.5248942843614,-42.075856896348895,-273.2599927259048,-748.6873881262371,272.3009723043247,101.29688423555189,-899.4178169823307,-199.4748281228841,168.34891539589057,-1050.081652618788,-33.97305248873774,-193.33404697373078,-298.66081371420796,280.3710071692907,103.37932063399906,0.611241964478227,-232.06970524163108,191.82680973992072,299.64539368187263,-54.057583463071616,-296.8651135623032,1071.370926599908,295.5630641633973,123.12937229319422,1216.4621402026175,-217.1695047694063,215.02136431827415,1369.6363390170598,-42.033851583603436,-273.2026095429055,-748.5528784680773,272.2545817484327,101.28349500937993,-899.4086179091564,-199.51323930215273,168.3782554843409,-1050.0572842525391,-33.9672301941028,-193.44799766441182,-298.5889967622279,280.3060628183303,103.39683994483472,0.552054493613329,-232.0692460884444,191.75464860978914,299.67723510281587,-54.03114299018931,-296.9049745189825,751.4342929789932,278.3944380325301,100.58951306490953,900.6112412822682,-233.8217455624663,189.47853183819151,1049.6514063732525,-55.522237859711744,-298.91404295387855,-750.0521858843352,272.95929603408695,99.39682835713091,-899.9618014109499,-198.93659133384224,167.01548796044906,-1050.0689735404649,-34.47477403507685,-195.40501458383275,-300.0284245121451,281.83824858297567,102.59778148759601,-0.10155210062078035,-229.74507013753157,192.86511601179527,300.0087765311778,-52.01677256107979,-295.42518858956987,750.0722428945726,281.8875398224772,102.55921951336899,899.9826978895992,-229.7731019659216,192.92168466195773,1049.9472270902008,-52.11143997529001,-295.4843299775146
train_00047,-936.3913948284626,265.8954449805805,66.67706553691913,-1161.446710818336,-160.93338747884385,197.30774839202266,-1279.6347445097667,-30.409015124640767,-189.9280790122648,-452.1222307240993,63.72903266775852,109.09470869088145,-56.16779776426739,-385.4142010201511,149.47835054678603,123.55243834068905,-174.40050361109215,-382.69553535411745,1202.6196169323623,25.48031971259382,514.4027972396531,1424.2772352509937,-457.3196680117722,412.8259514972566,1529.806256191404,-94.49386991110633,25.807905524890728,-1048.1869844160938,277.91095224956075,112.93697559048587,-1199.4992287381963,-193.04299057768444,184.6819318418379,-1351.6684960453367,-29.94781953446092,-177.55717546857895,-297.59836751397387,282.48917163295226,102.76704418831909,2.9722168669686173,-229.23194833742463,191.27933704078603,300.4562512740306,-51.35836738169032,-298.491938983277,1046.974543841962,272.0300804032598,113.01130493040733,1201.2479804817629,-239.0646356071859,199.30494018180053,1353.8324825837938,-54.859478921592405,-285.74429493369536,-747.6123487789293,273.417002480555,101.69921692345605,-897.1527292662691,-198.55309894614203,170.12906036803395,-1049.07180459621,-33.94814661810953,-191.47517013027027,-297.58269130525804,282.4729156773327,102.7375782142342,3.025601501951419,-229.1438969768333,191.23045694363972,300.4299856711247,-51.3658364618813,-298.4589491324686,1046.988358758,272.0105980146757,112.99876691194615,1201.2511830550256,-239.01911619426778,199.35763029347453,1353.8617536094685,-54.831229780102746,-285.71291279957967,-747.6112173552568,273.3895640407142,101.70498675018811,-897.1722605291199,-198.59452924208028,170.1402966889648,-1048.9619573790953,-33.899158586037316,-191.500663241777,-297.5519349509599,282.3820313712961,102.7614479024996,2.993139633669481,-229.2196261073801,191.31421776053213,300.534490923657,-51.368205994673986,-298.4196442754656,752.3587576105358,282.6884920041693,97.27040268474403,902.9580336439666,-229.04668689360088,186.622182327957,1050.37984669222,-51.19491928798923,-302.3120735233528,-749.9945778918002,272.8985030051923,99.35142385598516,-900.0188179670566,-199.0256552311807,167.1127061737352,-1050.0095955084644,-34.378467035256776,-195.34607558854114,-300.0263527913498,281.88116977593097,102.64758071986031,-0.04660182873805963,-229.77335236825095,192.84219708310718,300.0440509599407,-52.064284012643064,-295.40374389611355,749.9400537585519,281.9501305374618,102.52004408058136,899.9595899277379,-229.81769432448579,192.79811984179784,1049.9365421026039,-52.076112841844875,-295.5010436305931
train_00048,-629.0073822215503,613.4735479567801,269.70527216389195,-776.9598928057757,146.73014405855858,370.0048416248603,-944.0089372657548,292.3922668565706,6.970856524729271,-283.58242821036396,364.38049274924714,61.75965706692732,15.884878272360048,-151.03554090655194,129.74169100137402,282.54498544605883,24.225235084346842,-378.4191763517201,904.469679018514,-6.999825039688905,59.47722422370014,1049.8691784704326,-518.0098968330987,160.60956076101482,1204.0425686255594,-351.2406139924783,-330.1434982529712,-908.1080259219002,268.55779230790876,108.8179233781049,-1059.3736598290654,-202.3355965129829,180.7023884364982,-1213.2587980186338,-38.82096648877849,-180.50031299763077,-301.4592038876196,281.83342834653416,102.334117656029,-0.6813496017839239,-229.45387075464103,192.80368203253002,297.19343424922573,-52.82153166212029,-297.2220072382247,899.2710191012884,297.9013568046625,113.12830820922004,1051.401103967787,-213.69488142292565,200.8377302637968,1202.26935165805,-32.319239380163,-285.75803313998387,-751.4643310025112,272.50499718463,100.9789683971038,-900.796433362638,-199.4267716554094,170.56552589754833,-1052.3558509811514,-36.023293652680955,-191.67630067128556,-301.5013700753397,281.7550934441859,102.32066851806088,-0.6398865259153729,-229.40618636925856,192.7371811696301,297.1198989807536,-52.83784683937716,-297.1558632958213,899.2894290647987,297.8885850938049,113.14539244522061,1051.3677747426243,-213.73637802327445,200.8972312637277,1202.310954506882,-32.34106236041974,-285.80407049659465,-751.4570481844116,272.49701887097257,100.8847908348446,-900.8221133342532,-199.42576954244552,170.54837941610987,-1052.388027565699,-36.03815637860531,-191.63051779926028,-301.44151396346024,281.6859225455021,102.33660010664168,-0.6708038337546357,-229.493365171746,192.80530758669423,297.15798384213065,-52.79581459113639,-297.2645627229988,748.4483274093564,282.77445720940295,98.0016833588929,899.2526339588883,-228.63425238621906,189.09963003473806,1047.114538387851,-52.20915312464369,-300.256045938976,-749.9691914437362,273.0117565708204,99.30672026495922,-900.0275204753223,-199.02273145962818,167.00734601338257,-1049.9322918230246,-34.44073057674153,-195.42529832880913,-299.9080869260798,281.78097161571026,102.62791186873244,0.016840054696151272,-229.80731153606246,192.85244765546872,299.9793835025361,-52.10903382738079,-295.44255252937023,749.928551388814,282.0409145451293,102.594605755502,899.9772532158752,-229.73062148162975,192.8630367974174,1049.9221937468114,-52.02242042403749,-295.43425403822823
train_00049,-1075.3553287247557,499.57633824177293,57.21307004304707,-1129.3654814709982,2.7329665698271115,60.60566499281666,-1310.6519520189534,180.4095828581242,-280.63348156642195,-226.02063018217987,306.31541318578996,-24.692327555975446,88.68743797827797,-194.62202304624773,75.08266684903153,396.9169392891171,-6.640392543331752,-404.100410771053,843.2602596074715,90.05834499031157,211.44955360685552,893.7504605148995,-439.0485178323728,311.54371736085744,1083.7537748886493,-300.4999417403946,-175.47840549829377,-950.6522568970718,289.73242068744963,81.5217549485211,-1102.448506771709,-181.6972234981268,148.91503712228783,-1251.3863033142916,-16.519888581962476,-213.54662512807928,-300.97131824477225,281.9898445112728,102.05544235417591,-0.9252931546481373,-229.82728702936905,191.12628926357135,298.9827218759374,-51.049488010972084,-296.9056605886231,1104.859804021723,283.6610630932711,85.02398125587173,1255.0343921414085,-228.7587871565434,171.02889031425448,1400.5552016688514,-48.47426004132611,-317.74013371686544,-750.972554194516,272.9522566370333,98.84894984889421,-900.9246547135158,-199.16010965122848,165.54553662791415,-1051.0195140535386,-33.763325911469295,-196.41891583166716,-300.99239597149716,282.0733250301717,102.04793554643652,-0.9026132101512823,-229.8171649233126,191.0371110120154,298.9718619323102,-50.96346502603534,-296.8951791829386,1104.8807830462301,283.5874638139368,85.06053518464222,1255.0285664112344,-228.76206153053272,170.99209458595968,1400.559366910955,-48.55906364853784,-317.7021800721239,-750.9536885705123,272.95524488083345,98.84030068386551,-900.9129128826768,-199.16158569801976,165.56730191791223,-1051.0037960414718,-33.87285293092035,-196.4099736204687,-300.9066830021051,281.96441434606635,102.05508616843868,-0.9033668357594606,-229.79989877240683,191.1024389591638,299.00170363339055,-51.03455939945209,-296.8789282795546,748.9655073223012,282.17816475925673,101.79981323386097,899.0883656096753,-229.74109403618385,190.93821234615604,1049.0385541689786,-50.82179646336037,-297.0706881098222,-749.950849820557,273.0221927295646,99.24059372485532,-900.0458654117092,-198.9164236404006,166.94730628788818,-1049.9685659273946,-34.42265219858588,-195.2875852454214,-300.0232096735472,281.93775495271984,102.58875137561874,0.04134273187324461,-229.7323539953237,192.7392370648553,300.00514784826066,-52.10772841599531,-295.5050507184411,750.045056279795,281.94883619763715,102.62450024902942,899.9349751710483,-229.8939707088243,192.87821849855968,1050.0484333179907,-52.073042386344156,-295.4050555305271
train_00050,-1278.2451364725903,269.33130719273174,-93.54253086695196,-1524.8069227841904,-165.43237376565236,-84.79095288172022,-1626.6272590174735,68.88065379578278,-424.95625332329763,-326.2809793582748,269.5919033349208,305.1788426269459,-208.47592544526307,-307.91110526565876,417.1751046637011,128.61202207731353,-257.0613166521213,-76.5446905697532,1213.0786432584166,172.15527583396462,300.15997000280595,1307.8724346293895,-340.5758324398826,443.83265591673916,1454.9402801066492,-236.83848781490823,-66.1435198659865,-1031.5857361180729,286.3662153520284,105.0640702000692,-1191.9601896821262,-182.1157117637501,173.43793175214907,-1337.0271017628884,-15.359976227756457,-189.98555344329165,-300.1271396370085,280.35688648898406,103.31153575127577,-0.22138853971919661,-231.7610417283088,191.92059094051572,298.96139886615043,-53.087159318240175,-296.4804594319371,1090.6053912114223,290.5189262543195,98.10441039141712,1241.3331425109463,-221.68682268872547,184.21031324223168,1390.1096811467742,-40.08794733120723,-303.00756908574647,-750.0857840048084,271.61667657769897,100.86102553291629,-900.2237201378446,-200.4146087487705,167.76746626114263,-1050.8473795706245,-34.904176590658736,-194.02913522055144,-300.0947378933057,280.3358508441696,103.33776095747675,-0.218363341847661,-231.72617474775075,192.00219687749714,298.9220909871079,-53.062813172572504,-296.4852314917146,1090.6106975504392,290.55396352530397,98.10663925105891,1241.297246273103,-221.63159798916809,184.23815549728891,1390.128833329588,-40.082223807092866,-303.00882056802914,-750.1201976449096,271.64282836396427,100.88836310033307,-900.2785172773514,-200.41986890613367,167.74493293982223,-1050.7971830424053,-34.94351386988011,-194.00979865740152,-300.1399963683906,280.3469991684881,103.33355728359736,-0.19213980141786507,-231.72918322134214,191.9309835967447,298.98360083919874,-53.08871286915016,-296.44555506057293,749.9136540971481,279.85002450534756,101.43781887564464,899.7434876365285,-232.09415641737183,190.29123247254427,1048.9373230171914,-53.440934497043706,-297.91679995457486,-750.0030891678997,272.95020452419016,99.42517121038354,-899.9695831786759,-199.00387131503624,167.01820021402665,-1049.9829756156737,-34.49968635583551,-195.42134423949813,-300.02423755198146,281.8078610219804,102.58479342924748,-0.045925048864258994,-229.78371978290656,192.8680661931117,300.03254514355325,-52.089907488078644,-295.4243017667127,749.9697757434234,281.9505676684807,102.64844485897373,899.922385486189,-229.74695229629435,192.85801930172468,1050.0124993190727,-52.11223356384747,-295.44110894080114
train_00051,-950.0005840420814,136.8812046044496,-285.2124308782734,-1052.8439208829893,-318.49828967843365,-106.62303580517303,-1126.3911721049328,-290.81673064868596,-524.7159761271065,-161.9153041302716,119.03298580034635,236.89350696420357,137.25492929586494,-394.0153104721105,322.4399917213417,434.5335774882554,-214.50209347982513,-166.75693442395308,632.9336213599977,192.56671888641435,246.44945761466875,831.7541697293225,-269.622822979788,444.9079581939422,1021.2945177409389,-156.66453847760508,-48.9437629492214,-1123.033509167199,253.72314307870508,84.58923887702831,-1260.0641732326576,-221.3532634532259,158.1152387865094,-1412.8968359955218,-66.10583994628966,-207.26531350578938,-299.12328938293956,280.5163474155229,100.80564646340818,0.24295623403907854,-231.4853884099784,191.58618600459153,300.8231533048974,-54.31285863175766,-296.5076665616367,982.9708243309835,284.87320871579215,95.33370603657522,1126.682897597464,-228.32536793853905,187.42576592401534,1288.1983729475191,-50.825568834433284,-297.28042318273833,-749.0993242933803,271.9964752000366,97.1541400601784,-899.7470889571986,-199.7998228380949,164.9665992921024,-1049.1465846511173,-35.17078135823238,-197.69914570797994,-299.1460142208885,280.4228826238633,100.7907573963774,0.2757951121431548,-231.48823690238962,191.62554072726533,300.8165068717915,-54.364275362656656,-296.56027586188094,983.0597926781047,284.94701089978025,95.30689669829775,1126.695285481931,-228.26736183989445,187.40811529581327,1288.2288920064293,-50.83528170803162,-297.3245106255553,-749.097909168119,272.10287795742346,97.21474834762029,-899.6897268224936,-199.7108390021199,164.94512793698092,-1049.1642963234224,-35.16481398813835,-197.72330719420387,-299.1352015100376,280.51996832504506,100.7578568190611,0.22122512078159345,-231.4499075825116,191.6165352392811,300.79284981887656,-54.25945194557411,-296.4698987083136,750.8038300351739,279.5487243147721,101.50772407431762,900.3308189295594,-232.30832533275986,192.28523001381802,1050.8860627554877,-55.12348977569308,-296.0173190173502,-749.9809093604897,272.9373566998655,99.38506115205901,-900.0248567300134,-199.08685487432226,166.94511686768308,-1049.997748596139,-34.45259038927631,-195.50856337947977,-299.9930535789827,281.8308338306517,102.6256371302443,-0.04214324148523171,-229.8444619130669,192.80508282690673,299.96442558335053,-52.11316080980989,-295.34871735136676,749.9200829095544,281.86739456569177,102.49460669255032,900.067727810134,-229.87903798819073,192.78088977659306,1050.0634989366174,-52.158243612330295,-295.43437167612785
train_00052,-1087.0361888595692,177.36310173607254,-164.03746665054473,-1216.1592662996025,-303.87307917767896,-203.90064398116618,-1396.7233677637691,-64.77815183333148,-505.91138586652437,-169.45385578656027,-23.98660647324473,284.0668908179546,256.5394985698799,-424.2345239012051,419.3994237824671,483.1687777457937,-248.8771714374795,-107.75114373766291,1224.9961558900843,531.6441476809541,277.2120868911167,1203.6884601111228,-1.568465127346193,364.9642630246739,1487.7959958776275,125.17880371359476,-77.42374297687853,-950.027810430852,285.3749638798922,81.28958351741055,-1099.8679128768001,-186.57736465093745,148.80072513958197,-1250.03234069414,-21.939649295848486,-213.48497120025553,-298.3335428059245,281.33109295158096,103.7199350533571,1.4570091618612273,-230.62195562045162,193.72267407386695,301.62741026660126,-52.78630448343778,-294.52703157773783,974.4926000951094,266.0695816346784,129.8723120308043,1122.966726442069,-246.29455229635317,219.09330342004762,1275.5427237255158,-67.25487564378979,-267.92163380786,-748.3264248304147,272.52080967465434,100.35069362026172,-898.4813870964917,-199.34981116819452,167.80695154114062,-1048.4092685463193,-34.682300272309234,-194.47897810922242,-298.2898699972372,281.26513896445795,103.67566125960164,1.4573495824597895,-230.63748770087088,193.63974769144664,301.68687336543263,-52.75291331823161,-294.5177828275099,974.4643663917166,266.04546579394616,129.89927716713055,1122.93240783837,-246.21787039475612,219.07985839095767,1275.5672372961626,-67.17640193906972,-267.8439166905245,-748.3934208859332,272.50497726093334,100.29828594702965,-898.5241357320684,-199.46765947249378,167.83313375095295,-1048.470434032687,-34.66042315010412,-194.44779497523035,-298.241756494678,281.33447755604294,103.7538713797753,1.5281538716309688,-230.59472269973256,193.66768576137085,301.59480324622984,-52.75097667060371,-294.45005223734216,751.7303788996802,280.73501970676097,103.80817710452405,901.5177654420551,-231.06569220489789,193.85698184271467,1051.6977165331912,-53.08796583453788,-294.30441746619704,-750.0915923340212,273.01547121420464,99.30924593325366,-900.0071092912294,-199.0077350403304,167.00923251939926,-1050.0467931430344,-34.46417291846438,-195.37975029067104,-300.00009032349436,281.87419652341646,102.55157539339844,0.02632681452412461,-229.77279078677563,192.75244233995338,300.02028308612665,-52.03228034816371,-295.42406952198974,749.9770809018099,281.84939072949584,102.57249163388589,899.9418823004069,-229.84501618630924,192.7984196363301,1050.0640434284444,-52.0753100376611,-295.4886096955411
train_00053,-802.4024137304696,133.2761051883418,-112.2541012838682,-962.0655015843208,-337.06581177683523,-56.14683130269588,-1072.654034048564,-175.14697221630962,-433.5814908104909,-369.16324725848494,48.696306664966684,19.32927735595874,-125.95665175948864,-483.76626375055014,150.90284575726568,172.14251239458937,-389.5882634565941,-361.25591477770763,745.2014514220326,105.83940340987404,-39.134398643449835,874.9472648347405,-412.795830866441,43.03471121951809,1037.999672558518,-231.48697432258854,-439.7106116093679,-1066.7364460584586,244.63919359536646,77.31096322772478,-1220.1761038337115,-226.59891393760407,142.0420422630092,-1366.9484731321863,-59.45468423834488,-220.5611723488477,-300.81021291748584,280.957767281776,101.90322870375411,-1.7933773251061629,-231.45765429531147,191.12490730539835,299.0745374790352,-52.994915961415614,-296.27321732733543,1005.8321697199304,250.85834046087612,122.03570248269338,1155.0130364526474,-261.31239408943054,210.956228662834,1305.5872799368783,-82.44308848946137,-276.75764614349407,-750.8759268710911,272.79891267058747,98.14935881176423,-901.7382133997532,-199.1009496252918,164.32102054487495,-1051.038444376211,-33.374648821166886,-197.76958763030515,-300.8672575937785,280.9400020731052,101.92264154099891,-1.8115383052319798,-231.4884637113564,191.16046236690696,298.9881632791337,-52.923394348546765,-296.1702748114277,1005.8123677589474,250.83385492738958,122.06931840848041,1155.0356008365786,-261.3012798107334,211.0168911660856,1305.5555137107203,-82.48790372544667,-276.75724259089424,-750.8533996489597,272.792729429692,98.1707863673295,-901.6768552848921,-199.07854976063916,164.28769578516298,-1051.012121843324,-33.3500820892997,-197.77520322455834,-300.80428596992084,280.9825141445591,101.89782929629905,-1.8114611155775924,-231.52450484907405,191.146013359034,299.0226389316736,-52.93576347836483,-296.21938138578736,749.0610805331658,279.2850682122322,103.210214548592,898.1937076993702,-232.89657177357606,192.34536181769136,1049.064925424196,-54.030141536389685,-295.43469058076744,-749.9277772067992,272.9952325917701,99.41505960530021,-900.0314763435288,-198.98657473272533,166.97511549573537,-1049.9565686050232,-34.41146262757246,-195.43811593866826,-299.974357543177,281.8379914677541,102.52596401396922,0.026900683759131388,-229.95973917245752,192.76002246516614,299.89236752896636,-52.14962323735454,-295.34953869103214,749.9162799560372,281.8965069582959,102.59741506219812,899.9760908324342,-229.75811850030834,192.94482223747696,1049.9623821331463,-52.08067922149199,-295.467351821748
train_00054,-799.15869325054,-8.803117409292105,398.1592335642591,-963.4844850223598,-453.70499813980473,556.133920715758,-1089.002329412994,-369.3995613071029,158.51954688090757,-489.6429689067399,452.27111366962464,269.0020840704598,-240.29744631753763,-93.42649338365658,268.6667605281695,28.218731108559705,112.06932288938434,-227.05924661556517,1081.402213876093,367.2305626922426,-183.48990581446637,1207.4700686793087,-153.10838182784366,-106.7759043380811,1335.375015400841,21.078929470178714,-602.6235367722339,-1087.7081689003326,249.65212671447284,104.33839069184968,-1228.532496407179,-224.8117038106292,174.63069238299144,-1389.5418451440783,-62.20063614786515,-183.93414914912356,-298.7201206539652,282.8951643304862,101.35471031258218,1.3937712817820382,-228.89177622150723,191.49797256601298,301.64692409992415,-50.76301137238644,-296.44391337566924,950.4505561423217,308.1829139099318,112.3323110366152,1085.2864303015688,-208.17852903839136,199.48831288860245,1245.1252564283707,-30.563419292735237,-285.54719161869644,-748.7031932613949,273.77879240697354,97.74167409620205,-898.5160911932696,-198.30058003160082,164.95263311147218,-1048.451113184194,-33.5483000857817,-197.40494903818777,-298.7147440050693,282.89619989080757,101.45540349807189,1.4626538956174464,-228.97170944394585,191.58243186567373,301.6325689209467,-50.738555691935744,-296.4635294549715,950.415443812859,308.197801921629,112.37226348222424,1085.3503508261194,-208.2119267311286,199.48076029511083,1245.1309954699318,-30.611923808334957,-285.558324346985,-748.63217458373,273.83719922909086,97.74852214781185,-898.6045446026899,-198.3019330857607,165.0139427268553,-1048.4078201426291,-33.54570304780748,-197.38659900719705,-298.71513109196076,282.86531363820103,101.40218406367644,1.4453062621294839,-228.91296935547985,191.503590130267,301.5442331545099,-50.682438594351126,-296.4316839793371,751.2888740946042,283.07189555394723,101.9987135772449,901.435501228122,-228.65245268257112,192.01388247812483,1051.6192748106453,-50.59636745880973,-296.0458293309701,-750.0320889269552,272.95591217215457,99.29135696761438,-899.9400997276485,-199.0301839958602,166.91788369732566,-1049.940832039928,-34.42462939675642,-195.4482359371064,-299.99938809777626,281.8737001534871,102.69099088058978,-0.007908010260195008,-229.89946270413537,192.7980368255809,299.9552679796943,-52.18570025901542,-295.3340468329235,749.9437850027298,281.91257091066046,102.62888519900908,900.1045336896577,-229.80335862102768,192.87344484918572,1049.8699793235216,-52.03766011204425,-295.37299694143167
train_00055,-1439.2838394597675,243.12012045653967,-63.78873961654189,-1592.9868635146083,-231.54122287195824,-33.62283769668858,-1585.4562648874737,-91.65318552463098,-435.2417193506536,-355.1289809932124,-61.93290800827255,319.14956080202165,31.300657434625496,-521.0338308151396,320.24504715185594,286.17307785936686,-209.45729001908347,-124.66522788754294,876.8253201537992,356.7486414266495,46.5918718632974,1076.1583890994752,-134.00537577544603,155.80702794730774,1139.1760769287384,5.254530065966973,-363.027125293321,-1053.184991360101,298.5628076080731,100.16543153441837,-1208.9768305917016,-172.4404827338246,161.24171835974386,-1355.4532436813347,-1.7174061852613574,-199.76052167926775,-298.45313773112935,283.27636717132714,100.31776451777672,1.6345392245559562,-228.00388305984484,192.5467793421649,301.3736592492322,-52.391257425611066,-296.7171061737714,950.2746297136304,295.01714806538035,127.60600600386569,1101.3177676430478,-218.0788747343441,207.9451009719787,1256.317902817119,-28.604253532998975,-274.4094131197836,-748.4497338596175,274.2770212566412,97.28954392751713,-898.3672824489566,-197.37971277110952,167.14662778547375,-1048.602333690238,-34.372232595471445,-195.8994443646308,-298.4646735406841,283.27307169916924,100.27945933247356,1.6736026451106338,-228.01618876455206,192.54215151916273,301.3918933067452,-52.39203053870752,-296.70199306796104,950.2738619523806,295.0285315923091,127.62654126338337,1101.2835821805472,-218.01015073751262,207.98400066810737,1256.3537973472048,-28.59202058252285,-274.3614375859278,-748.5540831922243,274.23408015421296,97.39723887028451,-898.3975168212443,-197.43292178311816,167.14400989323113,-1048.6688696085475,-34.37759920323376,-195.85967181221935,-298.51937547303885,283.3515908192798,100.2465295036615,1.6548174009592413,-228.02697798399814,192.6052253475788,301.35150072476335,-52.373514292171684,-296.66950163903067,751.5867792497712,283.3805143978924,99.64240877041371,901.6928183063985,-227.8725101621477,192.01593721373715,1051.406165577998,-52.35014051252273,-297.13556689018606,-750.0561948344767,273.0069097990872,99.40779584267365,-900.044308930685,-199.04327728418673,167.0024674701502,-1050.0175896623552,-34.424410922145334,-195.54349817327153,-299.98817024533156,281.8574954515295,102.60609178424177,0.09763278132399372,-229.85588007455323,192.87318567359753,300.0406198304962,-52.05499925658905,-295.43898862023184,750.038442535953,281.7862703061622,102.56180326211859,900.0216987593217,-229.79683780048381,192.868613304091,1050.1349741477143,-52.13148077955144,-295.480860504319
train_00056,-1027.3447971700464,245.1401092732286,321.9547149692854,-1100.510778358907,-206.35414173700232,523.5125003035705,-1362.9646325023923,-133.15081457841686,196.82542730204338,-398.2133714681472,266.47816929606137,-151.93429926466928,-228.18098881812486,-301.99532367352316,-62.81608859608259,153.3655725624948,-178.72968371162017,-509.1515181564148,994.3436602649712,-37.82552716260835,41.71908028840337,1182.7531693389815,-544.522603844042,26.93985733464142,1290.096102873612,-269.4220216862629,-426.2097198953351,-1090.5821580946272,247.7097965412428,120.38620664685577,-1248.5594940931364,-221.09981504729245,192.53216138690706,-1391.006925351807,-59.45279383323756,-174.20327335838329,-298.5779445913439,284.279442393634,103.30548634894953,0.12768101977134277,-228.10109021228774,194.13638094678177,301.7338655738054,-50.78723408703588,-293.30992266875955,1082.0252407575538,253.8198308199155,111.60618572918082,1230.3195043632143,-260.03981572777803,192.26841666391786,1369.8218722014544,-77.73145777340751,-297.4034637390515,-748.5794491145793,276.2939757549473,98.74803997071874,-899.676840928009,-195.49307592306428,165.8919045547932,-1048.5354424060936,-30.362543229508365,-196.77325750013233,-298.5718193901622,284.2645349752946,103.27012441922649,0.18508887415750921,-228.04257821453473,194.10797744763968,301.71105669666997,-50.81799183816939,-293.35175627472717,1082.1330105087675,253.82775565720178,111.49978722946375,1230.2134285657537,-260.0067993669588,192.23485054938544,1369.7945353564405,-77.73239172605926,-297.4423003888803,-748.5409873279564,276.2762102525745,98.87821703016672,-899.7302320415179,-195.5265951482658,165.9807469355126,-1048.474337788898,-30.298130327708616,-196.89836289957807,-298.7105513211638,284.24709992618773,103.20511569628395,0.17392136870119268,-228.05532820979275,194.07207180693058,301.6956080519606,-50.84154546971956,-293.35191188454775,751.3909314795485,282.23617494875305,105.8528420578733,900.1571004218348,-229.8601004473097,196.40738902833215,1051.7490029854935,-52.27093334502621,-291.3916787262675,-750.0237371898046,273.00260017776526,99.35527030510771,-899.9569807786615,-199.0897870538719,167.0465808996869,-1050.0325452201942,-34.37654158221923,-195.45576697660542,-300.1066750300881,281.8463152849064,102.66921036897476,0.04535644568965599,-229.7733642174587,192.88290327367247,299.9906264557188,-52.21075688677256,-295.3952694632893,750.0122670735748,281.9078347586139,102.5440626721263,900.0973418691162,-229.8290445492851,192.83803555830264,1049.975542592081,-52.08408788846818,-295.41516076384124
train_00057,-693.2459516273049,305.36768272755495,191.73073513663283,-986.090025767118,-98.91267595203232,216.54128946407485,-1079.2552211623736,145.14720130366197,-119.16033899985477,-405.43740256213914,94.84469741295237,377.36177444930235,-93.17625041999241,-408.47360490245256,281.56458866538503,168.4225199248554,-75.7700551871089,-143.71346408546927,742.308511774509,485.4063420678563,421.83749080907387,921.9988748453682,-16.24941119817989,514.303371509362,1104.400718877236,187.43732557324657,47.57571563770702,-1046.0819465320767,289.92742845961277,103.34196300395173,-1203.548896189552,-178.3031501180904,179.5903327767312,-1360.512500533889,-13.865078764863506,-179.84414388752,-300.5997937592182,282.27985381777074,102.31213367179879,0.2053527542722577,-228.92482855394283,192.51266088960992,298.74452171331865,-51.618303359430065,-296.75100748689783,921.4864603285242,284.8071843603143,121.52781303258381,1076.414917040712,-225.54454387785322,211.14310080017566,1223.4238968515501,-46.34231382639548,-277.50008203200446,-750.5011068108014,272.7760848806494,100.13874815257363,-899.8499836197432,-199.24916438234274,168.96515760445052,-1050.9809592857603,-35.45016848416059,-193.34070674278053,-300.648338142381,282.29052761910407,102.3113047938255,0.16566198690168382,-228.97073338296573,192.54835101881238,298.73281845223954,-51.59935873913431,-296.73539054221385,921.4776944326426,284.7656118543735,121.52017209222245,1076.4681551587128,-225.488778909382,211.16576118565914,1223.2910439169448,-46.32194458493633,-277.5198963855839,-750.5415337930333,272.7623465144419,100.1544135627603,-899.8617745427575,-199.26744315703527,168.8755166028757,-1050.9970120449696,-35.34989929931505,-193.41165451169869,-300.58714315931053,282.3156293073106,102.38140403349968,0.17439471985152497,-228.96911780763136,192.56389315995744,298.7698987274562,-51.66658278208737,-296.7087466953878,749.4098170238115,283.4699128037572,99.59667215632571,900.053445107535,-227.94437883897646,190.33888920507388,1048.7840645495464,-50.72943435013385,-298.5238979411209,-750.0146173947298,272.85976989842953,99.30769323956633,-899.9524787551001,-199.02504896824848,167.0044731227246,-1050.0445111144456,-34.444059406326275,-195.39822572431567,-300.0234864788826,281.91034726955775,102.63492386724128,-0.012222748616640643,-229.83059343138544,192.78981646500708,300.0384936831179,-52.11172723973938,-295.41803811591086,749.9795531735243,281.91485008448296,102.52840973493292,899.9134126222715,-229.85683512384324,192.77866985409057,1049.962942915304,-51.99659358694423,-295.38004411899607
train_00058,-751.0851626373468,98.6621839651897,23.87559844296051,-1007.8214528852526,-329.4112666644476,-1.2309533298825537,-996.8047942701265,-127.99568251761372,-375.727175271684,-417.06218611052435,-33.45227409750939,328.3241508848687,-75.08948063820837,-470.5765427423434,556.2707903197523,259.79701931438996,-358.5195460361046,71.1908624930319,930.0553205261324,308.0618364118889,44.64427532200476,1120.491329463674,-193.60501473905936,111.30842672219129,1336.4512328862727,55.482444345341804,-317.36349335957823,-959.4783593892059,300.15250373973373,76.3022881695262,-1112.407190763563,-172.26351827074282,133.3987413164866,-1257.7311421627892,-0.14317817787577813,-227.42567013496725,-299.39760920021354,282.7520716128658,101.55720491645621,1.2297529225124362,-228.7492783823265,191.43328833452375,300.79678163206876,-50.54991648484761,-296.8871562562779,1142.1819729865508,281.36099004835035,101.988777781597,1296.947727644325,-231.0298657138354,179.91121986736252,1444.3140384137575,-40.512210855069775,-304.37078192390294,-749.3585104032131,273.2833588897571,98.49685342599544,-898.8583235629786,-198.81904310092318,166.04268705652356,-1049.156066796593,-34.295838290124124,-196.23926674306082,-299.43974377919534,282.6965583711184,101.45897466776125,1.1994634253242678,-228.78582552588014,191.48828274769437,300.8135111553513,-50.61244448525155,-296.8816018838783,1142.2272020466655,281.2795298352088,101.94998137364477,1296.9572031433838,-230.9890529151852,179.82355579678315,1444.3267735409474,-40.48953711922821,-304.419792959897,-749.3059050872236,273.3208295900839,98.47422867690764,-898.8986742052173,-198.86478578399337,166.08574952550993,-1049.1675700343858,-34.295291294408955,-196.30758089103392,-299.443860100574,282.6355015577793,101.53246625739958,1.2461865979920541,-228.76314999253134,191.44529629463295,300.7816192596881,-50.52878586953894,-296.9105577255971,750.5802428376276,283.71393844470316,101.03155085165139,901.2419073133225,-227.7827076732763,191.17497912939857,1050.8426118808675,-49.70016212219603,-297.0719022753237,-749.9045137854054,272.96547524388063,99.38540895145219,-900.0185931644219,-198.9632604145181,166.99155664208035,-1049.9887658149435,-34.38653491933717,-195.391934277999,-299.99164929336445,281.85295024311625,102.5120859976909,-0.02321712139796955,-229.83660140352856,192.74258362868036,299.94275576818956,-52.134648899966955,-295.40487555099867,750.021789329283,281.9365337295901,102.53022736727861,900.0354737329061,-229.78252489666818,192.99300941086352,1050.0350093208542,-52.04455105546961,-295.42127689322905
train_00059,-1019.8081643280555,309.6755030891049,118.5205305012744,-1093.9157907899514,-168.78617613043437,242.74213704613476,-1265.490713812128,-73.64285226513017,-134.57993046982898,-72.96814151508909,359.14221239021913,28.343398029269437,239.22707921976465,-146.27089568667694,-55.968240697289865,494.86816629886187,173.88398288719864,-494.32455745399693,1019.4972240000361,282.54337512759963,283.21483816459454,1172.1447423141367,-189.0746960446123,499.6807271632081,1241.5000940231685,-174.1876636733246,-36.420918825818646,-1030.7326876154361,247.94755022092966,93.26821577886862,-1179.1295097121936,-223.92415788712523,164.7575372544838,-1334.918950682684,-60.73134327273215,-195.83355596701986,-299.2019273847017,281.9275920349973,101.82489916652435,2.125556094921843,-228.7566734626134,193.0255949805197,300.96096604964475,-51.63504094393306,-296.3337428970582,1074.6193182204063,286.3975175530204,83.46204773608736,1222.19563183378,-228.33433608097653,159.65514972011232,1368.4920974282102,-39.668668046492,-325.58172461670216,-749.3159125174075,271.93030158723553,99.34117821101769,-897.9516308715603,-200.2700256385438,168.58105772077957,-1048.938290749034,-37.05834314879829,-194.09532248756003,-299.3179986739097,281.8886172265787,101.81424382053801,2.1472845574101043,-228.75975157552946,193.02398171983853,300.9443690615325,-51.610859314131645,-296.27442331950783,1074.706163164039,286.38904257936787,83.46711978825337,1222.1916585506176,-228.31866285584,159.66899813916243,1368.4441923780844,-39.66728950249746,-325.62561228479234,-749.2431996776384,271.86412194869865,99.3236101320596,-897.9479878186978,-200.31697054818687,168.59598601482722,-1049.0060118775473,-37.158964803272994,-194.0592525101511,-299.2893201650955,281.900011786594,101.83169257736117,2.106990507913613,-228.76470347689224,192.99324746358778,300.94432605462356,-51.607209953222636,-296.1928041645299,750.6498337500836,284.6635500919176,100.10093238816414,902.1440163581482,-226.34303510512595,191.62931351984508,1050.9643230338665,-49.60113850791562,-297.34940499653493,-749.9056554250062,272.9980921725321,99.37404011173842,-899.9699378352569,-199.04263707092846,166.9787239431203,-1050.0464332335532,-34.35396283990309,-195.47232064421826,-299.94921524353987,281.79588574356075,102.57836291118984,-0.031659812190864334,-229.9085130331018,192.76389653001954,300.07833693599986,-52.091125722314494,-295.50348708557937,749.8929826588898,281.88603208475536,102.5061992611544,900.0385054298607,-229.87732805953786,192.79544740341493,1050.0429014530287,-52.14030818552991,-295.43943661203195
train_00060,-1437.745974689907,181.42654743255542,-156.2393686255541,-1561.0616221514883,-287.1272192051603,-33.211056241957635,-1713.130328711572,-177.17814519241588,-414.99078677267465,-43.41449240959182,144.1945281703519,-43.015369802229664,294.6131079543141,-296.868792153018,183.32299468297788,554.4551256044197,-273.04569237989773,-356.9793447914075,895.9894459022039,91.64346422660225,351.4297834510509,1067.744300295444,-414.8697688334893,431.7942235565808,1151.6603322311767,-244.57646981353412,-74.6393325130632,-1112.7389449921795,291.9885431131862,101.16361131776806,-1268.9182890515149,-178.74429108985944,163.95896722260557,-1415.8006174903178,-8.834674209122175,-197.2765195499559,-300.08699923037665,282.88155176317383,99.26549374568698,-0.3896828336879878,-228.69364315693852,191.3180879296482,301.7487498007469,-51.29131861096167,-295.79652905235855,1098.9710370082328,303.99478810539534,86.42887535619046,1232.6962745755113,-212.0581036385796,177.90301542101219,1391.1319477273796,-39.315085943919776,-309.44370795085524,-750.1450363728965,273.8352470954312,94.04609016957517,-900.2295825461583,-198.14814439572436,161.47516403988368,-1048.761133722481,-33.95878160395354,-201.76193199710875,-300.11948375395053,282.8936917814653,99.25115450452711,-0.42436414188122384,-228.68849467013663,191.34004628040927,301.8060354015026,-51.2578091868541,-295.7886002800384,1099.0050550250273,303.9843120388379,86.44341655414166,1232.691132126376,-212.03338028085432,177.848212624398,1391.1676504336065,-39.238064508533725,-309.5087673488514,-750.1316465447951,273.7717260996646,93.99405640367412,-900.2481136898443,-198.19571300386326,161.47399573562225,-1048.7034530819346,-33.9941687618906,-201.78092416982744,-300.1958166613974,283.01848268140674,99.39018094190867,-0.38836525816527806,-228.65367837602545,191.340774733753,301.79849034203966,-51.182129286176654,-295.825603557678,749.9122444415814,283.1325870816762,104.03392201201544,899.5777210614986,-228.40013195880346,195.50866182437977,1051.7485053247049,-51.15484025481659,-292.33045098193617,-750.0187250905719,272.9611400663456,99.31703472785435,-899.9533158594362,-199.07085781263964,167.00208616691188,-1050.012906669903,-34.51974307690979,-195.3941230473365,-299.99405088846373,281.9616124165334,102.5939845910926,0.0017044451808366778,-229.8081866767197,192.85402124226485,300.01629537522655,-52.01962466274926,-295.5658158797539,750.0012818683737,281.95283468445314,102.67482019514368,899.9294114734687,-229.81189912440522,192.877160011861,1049.9107941171192,-52.175511894398106,-295.47536606724003
train_00061,-1307.9566032289551,133.49019471794693,348.26364121517213,-1448.6857099008835,-346.05093612345905,352.25687201126306,-1688.9349815374342,-111.58963060810984,91.13846252027845,0.12081835798022293,496.1021322969992,150.32722333130855,86.79467664001271,-81.08332455078522,289.22278842699455,520.187972157811,-37.348163974793984,-123.57825094733478,769.10281219743,405.7760951864354,317.7501155486641,925.9095093591824,-100.59165403757504,425.2970034127572,1085.4218168278212,67.1947657979364,-63.47727189677478,-1139.6317214222051,297.0705155337653,89.81231538211784,-1283.677774054274,-176.30513210143306,160.23324474145952,-1433.6196128556483,-16.672292716092386,-204.37118628026408,-298.7902012024381,283.138832656097,101.62200331992311,1.2278423881352354,-228.63022981915748,191.7945852619223,301.8026627415234,-50.35443645173961,-296.02585253578695,1030.6238345964052,262.8632219464192,119.85908699031016,1186.0762915575106,-248.25548774785315,204.30639230643516,1334.7748236723546,-63.38891433600482,-281.60867306814464,-748.770270786539,274.1260092968522,97.8269677722776,-898.7546912081948,-197.94892464684514,164.81376576243298,-1048.329986713757,-33.21636620937427,-197.61375130419773,-298.7911769249293,283.1231066516716,101.52760665654256,1.2311510900832514,-228.6214232664868,191.76839968537547,301.8229167616676,-50.31733304305274,-296.0985136890184,1030.6479085076144,262.81745991441386,119.82390678642992,1185.9730979149058,-248.29014195776105,204.3448536446167,1334.7215653643614,-63.354516160591075,-281.5932818604635,-748.8314433622838,274.1115964504957,97.92062063346565,-898.7486187383848,-198.02810310537708,164.87527779812393,-1048.3790385155505,-33.17591150465424,-197.63966279793343,-298.8105223489833,283.1589290818441,101.55695822879333,1.294104900540291,-228.69109114828302,191.78075110059427,301.7309931115684,-50.398191082628244,-296.0472275183543,751.3283570141978,283.5165770678485,102.78458092797734,901.2829429391087,-228.26739985261744,192.85743129947724,1051.807268514092,-50.17567397349821,-295.1066767470474,-750.0437121357795,273.0319554357081,99.44561687327992,-900.0321590163273,-199.04970401042183,166.95118168295892,-1050.0166645771835,-34.457150683230374,-195.41515995574912,-299.90878474465455,281.8934625108527,102.58317191651702,-0.04364912274260887,-229.89442502161006,192.8075103152187,299.9780156656996,-52.04264223352738,-295.3910063838125,750.0421281456252,281.9604563417574,102.62491125291317,900.0197877195753,-229.82465779084546,192.89886060072217,1050.078594495912,-52.06258942698212,-295.50555610368656
train_00062,-683.4519066197527,192.1196555738184,114.35787821490301,-907.5223810623617,-249.004327601041,185.22755030956296,-1086.3862788017875,-28.36172165014494,-131.3409084300406,-329.42193979758235,25.06757863729371,29.595550556029714,-105.17907320912657,-531.4215747221766,29.34222828742228,303.3799528307706,-285.77726843748604,-335.02356957540394,1060.2046981045014,38.642912397434586,-182.5269395079845,1264.1056302542975,-420.490492261263,17.73479707776737,1527.3218389861827,-250.92423958635135,-423.1557659560019,-1040.456617768934,243.73893380309596,109.48599109271096,-1188.2331491837788,-228.89762570637467,177.47520696898948,-1338.8690663856437,-65.33333930181395,-185.21200684770633,-300.7250190665624,281.2930647280452,103.2825724570342,-0.027881529105336707,-229.98083585031026,193.76359035319737,300.16302435616774,-51.77052671305649,-294.20705976642006,1064.2504496612924,273.90967612800233,102.00426948133102,1218.6892018163092,-235.38322949972914,198.13009370648342,1368.1095147057097,-61.7394322800997,-291.83720379708154,-750.7083942732984,271.6539603340258,99.65631581152287,-900.0129266720845,-200.55709934354454,167.21683621378708,-1049.9250424181253,-36.17256064622546,-195.49235013562006,-300.7288151044796,281.292364549875,103.25684599422176,-0.04084065990053429,-230.02615860428745,193.6970395064392,300.16419320906255,-51.69274569265874,-294.2146219394898,1064.2772188171705,273.88413873785316,101.95242502527263,1218.691173380608,-235.4218676685815,198.12513311126756,1368.0480206690784,-61.77465864684158,-291.8221093643645,-750.6833155636724,271.6019798312641,99.75858780497941,-900.1094691027577,-200.52470790017662,167.18824237639956,-1049.90406265344,-36.203710824847995,-195.50855715712865,-300.716903273096,281.25964988085644,103.30922236969207,-0.07222327057551484,-229.9571943204969,193.67070552059764,300.14336211670684,-51.791769344390694,-294.0946199531667,749.2810515830016,282.8587506757663,104.30660971009102,899.9876804860395,-228.68543412330268,194.65971259388502,1050.224967210585,-50.58950497111273,-293.5253304845256,-749.9399206955454,272.9536507051822,99.37036389420916,-899.9955058568199,-198.97498452749164,167.06001070669123,-1049.97869760665,-34.52168727754961,-195.56053353305347,-299.9496012325719,281.84644590582445,102.63777542525814,-0.03735964624838571,-229.72548513300993,192.76516367616458,300.01143516333,-52.17509270966635,-295.43503837210625,749.9283192846822,282.01413162411484,102.61455048482541,900.0326350045474,-229.87325599728092,192.8127323580385,1050.0974861299667,-52.01403445905572,-295.3554755502407
train_00063,-1346.4779506182276,542.4998176450039,34.53087852815649,-1397.8710709157547,47.86964002663316,-16.145036457939103,-1641.1566809471392,262.49544172456564,-291.2841156125535,-586.0135820392856,633.5881447421322,112.0865033581859,-376.36743848966023,73.62751756724884,161.91318380240892,-52.70725024544087,232.4578300456999,-317.7321264519749,798.9253796301197,128.84289950270863,439.374138779837,934.6358280082701,-393.62468244320223,472.39373415939747,1214.6099629846121,-129.54667410748587,92.40844572024517,-1111.7349458980987,281.53709098437395,120.20765697815575,-1265.5070429788634,-189.90899965012343,182.7104114069363,-1415.0326301371754,-19.96011176770579,-177.37151308185753,-297.73422628030096,281.58223846086435,103.55299889841343,2.0226539605073364,-230.14130901894407,194.25802206864353,301.25174278158516,-53.66626590057231,-294.90277713881096,925.2978005025933,308.33624156820713,97.82138513159543,1066.0896013178165,-206.1147979706316,187.45350135959077,1213.8557344819808,-32.40432463877427,-302.9681505828123,-747.7554115225001,272.9792623925654,101.12711858862473,-898.001567027995,-198.7555461448758,170.03257130230753,-1048.5506378125122,-34.87684736205518,-192.45704261834715,-297.7685954115969,281.52559488280775,103.55267128261143,2.0377208005780063,-230.1882896029853,194.23069886221862,301.19700779132705,-53.70310311039353,-294.93766266136464,925.3014417755351,308.2996043113276,97.83546193046885,1066.0547484291997,-206.11765118143217,187.42038998153163,1213.9190385081984,-32.39823716513213,-302.87884813814156,-747.6988033725277,272.96235377390985,101.16302300911367,-898.0122795924283,-198.69900339417782,170.06479676950772,-1048.6265881570264,-34.79212418798078,-192.4743109820924,-297.6644819876746,281.52056994840655,103.56771146662155,2.086782561676965,-230.17273571996932,194.26578513315394,301.2397863545314,-53.612963813682995,-294.9633303301668,752.2378043644259,280.8098024276523,101.57302628171419,902.0166667457082,-230.88105602711897,192.53760287194882,1051.1822534637645,-54.22695977412222,-296.4191052603889,-749.9912003164958,272.8860215181397,99.2261988830518,-899.9858393779907,-199.01886736501518,167.09356988052158,-1049.9759867006917,-34.391220013259186,-195.46150243916077,-299.9535948369422,281.9282537099119,102.63964699888437,0.010947425445915364,-229.81928241440158,192.88692918560318,300.02305692748826,-52.07372680315575,-295.46924703244775,749.9812012743114,281.91432922441226,102.62019049349102,900.0468377886926,-229.77742878265386,192.9105811022679,1049.8543583841877,-52.14596872119009,-295.5138572795102
train_00064,-838.834037291235,167.5207262818798,-157.55959836313852,-1043.170740528651,-277.11690602725827,-55.48445758911391,-1215.8546324073523,-97.70772172501863,-400.2533470619514,-568.7670782640556,404.1213801171062,316.7955581824474,-271.7211440563108,-111.18400840057431,395.72890085145775,22.331189023711516,70.61776777558933,-94.83369142735816,1103.791459968599,25.903112748252234,276.7473859590132,1446.390579618727,-381.30721670021137,373.47105269383843,1532.954950668547,-145.87878145314235,-105.78058095161039,-1040.9339346784316,265.8617605265538,98.45795942290448,-1178.7103259689595,-209.38300693902823,168.93927918640475,-1329.598397714016,-52.19831348062989,-196.40393274840693,-300.1555935509526,280.2519508982668,102.25495696291382,0.7018702034008236,-231.20151001217016,191.6570096495088,301.22346243224933,-51.49356369068332,-295.56702149440855,1121.2398978714548,286.0575799536629,103.79636271026868,1276.235498555021,-224.49670841383445,192.80397528775092,1430.4705200087626,-41.64780233368533,-292.42398243439885,-750.0438313216885,270.40557953054935,98.1268116825735,-899.2632881454548,-202.07645426158922,164.1483907941631,-1048.9475784329366,-36.70943080952962,-198.10420839393896,-300.0590383576749,280.2827303842712,102.31914327717925,0.6777629238510319,-231.1064638751837,191.70402105736207,301.2064064127234,-51.601503741520425,-295.5590886033419,1121.350497237432,285.98716090060435,103.84081730956429,1276.3164912971956,-224.41997832607393,192.69478167067314,1430.5018690034922,-41.64576983138974,-292.3768837927958,-750.0550981628124,270.43612322678456,98.14737526327934,-899.3011618843024,-202.08444149488196,164.12851487249955,-1049.0058008006624,-36.765740504750134,-198.1000224186666,-300.0850705768725,280.273949876359,102.32744756249427,0.7196632017524095,-231.15876122091146,191.70313543953142,301.19251169457715,-51.47890426351759,-295.63188499375804,749.8836968242952,282.1514180175124,104.05670053645626,900.758790751348,-229.58130467576683,193.45388639098837,1051.102801079925,-50.28676811490041,-294.1598403354638,-749.999771411313,272.97671971566194,99.32705360146838,-899.9970619028184,-199.10111277400762,166.91927472592002,-1050.0333864674317,-34.42784722889089,-195.45384041058708,-299.9031709294515,281.96928001310897,102.69359892531507,0.018411264366301684,-229.78517729096833,192.77663102046722,299.9922051534796,-52.072024474964074,-295.3692356107182,749.953695741619,281.9179762890985,102.5176358258473,900.0636068553854,-229.83510217448585,192.88301252348356,1049.9247058962656,-52.20692962598918,-295.51881713839884
train_00065,-951.7995152386696,395.60569174764646,395.6142870217192,-1178.209054287103,-48.35904215741517,435.2927355628861,-1273.7003463134386,147.27390285759083,69.77456299664422,-433.2274876565763,470.60158400641694,-139.99485255736852,-331.29615359622295,-104.61067143444265,-2.9419225531747406,120.578086488665,-39.10533436265038,-392.2358854976243,947.4701240349542,528.335350221661,202.21382564950008,1096.5990650742249,55.96057970220477,419.15237203812353,1280.9080200605856,120.72880231007346,-85.1816481870266,-1098.3246730388182,247.5326186947121,100.21357905972235,-1252.4893009215536,-224.01313905628928,161.11189320630098,-1402.5550863986775,-52.32748686573221,-197.89075581888923,-300.1804860351873,281.79295074465193,102.88828261929892,-0.338521949805299,-229.74965270842347,194.3579157505186,299.2221567715399,-53.6298267326991,-294.73940521390386,980.6102099261146,257.02724688340743,65.9165140386606,1122.7855904830126,-254.29520846752592,169.5892260752682,1277.8395985010998,-90.9521619785926,-322.0869944849322,-750.2664012570646,273.07670026338263,100.15014447551012,-900.371334076328,-198.70891708690547,169.3801028176065,-1050.629721452051,-35.11336404271409,-193.29098103735387,-300.2597962127721,281.80110103283033,102.88251969063134,-0.4487208683884747,-229.8016696398762,194.3337172959509,299.1663273867663,-53.596841942300244,-294.8172514194797,980.5656654445133,256.9825105856323,66.03868160599154,1122.8033752127149,-254.26455489215016,169.66885522376975,1277.8475401513622,-90.8977745446387,-322.0301586868277,-750.2263341012616,273.0119027484074,100.23282221265806,-900.4028220015163,-198.73447910421666,169.38014173380688,-1050.5512416074948,-35.14198693419545,-193.38712618557128,-300.2825953108949,281.80023455822356,102.87763548202088,-0.4135688753648969,-229.73196207306543,194.2939053032482,299.16350842166025,-53.54235882402128,-294.8490502095182,749.6479545127098,281.2761089460895,101.85510374645814,899.5514340300575,-230.1437847926274,193.29094993162715,1049.1004233685999,-54.00860450859973,-295.6193968038022,-749.9877366949576,273.03941541539217,99.41033220793285,-899.9831274527675,-199.04503079081047,166.9909836325072,-1049.8061697563935,-34.49865216969127,-195.42391241495525,-300.0412898363693,281.9542005680773,102.6005926484809,-0.0022617873968089897,-229.74767519944118,192.73608408210515,300.02741684817573,-52.10766306512921,-295.4745544031147,749.9211795973631,281.8067060682433,102.65475970641901,899.9745082094311,-229.75450403222482,192.8010723446096,1050.0445943118525,-52.1614273687779,-295.4425254081676
train_00066,-953.4048940426995,380.8895109765481,-136.9494424572147,-1158.052992772077,-39.42072574206103,39.95025154034975,-1340.2669239311633,86.03991489335162,-323.3234734229449,-195.5320932228637,28.640546812476227,88.46038014470686,187.92045255803095,-406.49243056726846,242.18471639088273,487.65900261793706,-208.68305623463695,-238.4840705930023,855.8452549581154,374.5363003868795,26.63219574211144,1034.8138091552198,-132.16560040315485,87.72723239274812,1133.047080158432,65.11595941022271,-406.2123570328605,-946.8830277762737,282.1745157117953,102.84811339249136,-1108.752445505983,-185.48346009439325,173.26579500801054,-1258.699789353017,-17.525091954371565,-187.5546822065233,-299.1080329307114,283.9438854731438,100.5778312316048,0.5987085257109838,-227.65094412152266,191.62863998870102,301.5028714022004,-50.3384717474308,-296.27158711193823,983.8970395964901,302.5981811957322,73.94919511575434,1136.8935590158403,-208.34346379587524,163.2748607275553,1290.2836089128043,-27.23478176379797,-322.7224004671578,-749.1440232194524,275.04508313213495,96.52510992924286,-899.2813582311956,-196.81369100155723,164.23077377757284,-1048.7320375433806,-32.425329745655944,-198.49524202287031,-299.1218793371353,284.0315140254218,100.64565124975793,0.5712567867192667,-227.68720023914636,191.63106649377514,301.48065691163856,-50.235824479499236,-296.2938014688522,983.878030063382,302.6766661889889,73.97901683013376,1136.9293634976266,-208.3693409290385,163.34410081955116,1290.2129118532205,-27.27299544915108,-322.6234679583982,-749.183216104686,275.1230986524635,96.61094604207231,-899.306437935022,-196.74928743209136,164.23237012947848,-1048.7729406745996,-32.48035592551747,-198.5532235420577,-299.07581010433756,284.03284945022205,100.68397546763666,0.6779067364623822,-227.74263122011814,191.63706848167308,301.533290971524,-50.283405318726146,-296.22091475121783,750.9028911563321,283.8171008606749,102.4643113185106,900.6310079272259,-227.94409788221554,193.04393599519966,1051.433761087498,-50.33004696812109,-295.052910774361,-750.0365056964378,272.95286595942355,99.29607626757014,-899.9923228739564,-199.0080726988241,167.01760910623966,-1049.9958625448864,-34.60323435542032,-195.4042497487858,-299.8854360938625,281.9168344927217,102.61933311025156,-0.04113810688883537,-229.73675903694476,192.82277659469196,300.05170251302195,-52.03262069948596,-295.4646101197005,749.9590561082298,281.93718580736873,102.59930544389374,899.9948136570265,-229.8981451196497,192.83040528964852,1049.9659840782695,-52.04630790420134,-295.52667784704994
train_00067,-916.541816028588,479.58112808057274,143.06089527112732,-1100.5212100205918,27.888512482511633,252.52612924999792,-1287.1719854491648,197.39602367880747,-90.1348111762047,-626.3471003038875,2.1448341191948823,314.6089977595395,-252.83038692120505,-399.188498433752,558.3146760724363,84.73025488020768,-262.4575644227596,81.50260719541689,1221.7161541303064,299.22744089676604,231.66583925722642,1246.6529942072445,-221.15332278535345,376.872731024632,1522.9746377718975,-118.2922519171395,-76.5622668221709,-1038.6991138315736,296.12046603012703,119.11933630721904,-1186.8466286977218,-176.69588849453575,184.61851396159292,-1339.7231668174911,-10.320169317309075,-175.71076286610574,-301.831342873129,283.25543846923836,101.80591501748724,-0.22805618485484788,-227.60289751929133,191.08994068672635,297.33362163832555,-49.63268530328501,-298.50564913586675,1068.3384264929696,292.3740379955993,72.09966066222174,1220.0342949823735,-219.41117661793385,158.8305117611515,1368.5109833718363,-38.1502680425237,-328.6014263038179,-751.712653910651,273.2837810235475,100.36261893818258,-900.3853502124326,-198.97532156384244,169.04445479010477,-1052.312475649466,-35.14694329610403,-192.85643999725858,-301.79919318188837,283.3348659846815,101.76031828049302,-0.21632334812606774,-227.6792352332405,191.04335920177328,297.3665214770634,-49.57033833893435,-298.55297836541064,1068.2924058262286,292.3985315579337,72.06650090831386,1220.0331656442206,-219.42511565474945,158.8278129549249,1368.5642638164413,-38.19509217288267,-328.69320785462185,-751.7702346980745,273.3078917202819,100.2639077631876,-900.3666368778945,-199.07058680472275,169.05356773273124,-1052.2078114329142,-35.13999337846017,-192.86822247546093,-301.7947562643382,283.2879152507521,101.75091586764758,-0.20676347306518103,-227.66295666388524,191.08733492779695,297.34341117003794,-49.595935196606,-298.5547976425869,748.1399795770507,285.7516037174411,97.40689316551159,899.7398893165736,-225.60852083522877,187.36954727489376,1047.268264456821,-47.73050178668412,-301.67874137938134,-749.9750013842742,272.99926064515574,99.19847868214364,-899.9548180397363,-199.00343592402734,167.05232022835085,-1049.9303774321997,-34.44125862077643,-195.30236897102318,-300.0691485001605,281.9085931638846,102.62300314139223,-0.08185130254670621,-229.8415168433264,192.77604006707287,300.00567018800473,-52.156420708867024,-295.3825559127805,749.9790774856502,281.89930839189856,102.72931694403613,899.8757816225522,-229.9062821856259,192.86723082332895,1049.9598828763485,-52.03479785161864,-295.4395621662907
train_00068,-1047.4789940191906,146.5639105875839,-107.30121868198472,-1134.2971716204943,-321.95982335578844,43.83689223717198,-1227.7658659761844,-267.1460510176234,-367.45283501153307,-467.9286025531738,374.7827833137766,-10.549218003339746,-150.771327693503,-121.58404429178057,103.58397096503569,165.51218020871156,61.81043958298897,-372.1441431672945,1227.236405724693,95.7772768150123,366.1898058650301,1387.7967809669008,-412.2164016431715,458.93939443037993,1526.8799116111613,-236.69493307566478,-33.2808586208285,-978.3241459841854,280.12215040746696,66.8236251019494,-1129.6032942015352,-190.73528716088498,139.52174784468212,-1269.0864163055953,-33.7857752545356,-230.45189862784522,-298.88563892908684,281.4501301972949,99.23965865678095,1.3534360528603235,-229.66816939892797,192.06294283454193,301.379687712863,-54.41868677465819,-297.1105874886473,1005.9749203361871,274.7850519354143,126.32040975937518,1161.971935658427,-235.72127510171745,213.40185418994156,1294.6111528434994,-58.94407483314489,-280.2496294720558,-748.708361697682,272.3028099637255,96.00528982418696,-898.5535778138593,-199.35812632990928,166.1173417687084,-1048.703814139151,-36.77353075391272,-197.20216759641932,-298.91579592278765,281.44453802341485,99.20929973791873,1.4129256783618522,-229.649223969969,192.1064631732447,301.3801286162277,-54.45109378355469,-297.1078870647232,1005.969367624751,274.7253793248051,126.29593630762896,1162.1120098556048,-235.7664729528516,213.39286486790195,1294.5819698650666,-58.98645944143493,-280.27993713548045,-748.6928501076906,272.2931296457865,96.00531335497749,-898.5533400660765,-199.37788394534965,166.16369611134692,-1048.6624071542717,-36.732290321197965,-197.27826631261607,-298.8316275912505,281.4188484887015,99.19817056995899,1.4418937577427007,-229.64413954759013,192.0454741907086,301.37538868429345,-54.45582667450197,-297.0711237306828,751.1324873968168,282.00338706157606,99.2415244738685,901.392680890034,-229.21111971841054,192.16396694535004,1051.3475677868846,-54.03799778883221,-297.0280677468474,-749.9204234917041,272.97520779523836,99.36212328165507,-900.0527458809471,-199.06547679581536,166.9957318526461,-1050.0121107451982,-34.42724715618448,-195.50902707600451,-300.09516864050727,281.88887374419664,102.70048432729602,0.025313738316506428,-229.7669616411511,192.76264664690092,299.9800168064621,-52.116138033044194,-295.41162704986886,749.9075953829026,282.0331636184491,102.65245628261749,899.9349296587314,-229.77770910920412,192.83022639905113,1050.0051188732823,-52.05487600679439,-295.4988017929821
train_00069,-775.3654052353285,170.58157933240972,-217.8128309253208,-725.4003722070826,-322.7060511407956,-154.27939842856023,-960.7910329151391,-229.06145757538377,-495.9048755708402,-393.14914105492056,76.21530659344306,381.3627394854402,-145.46740914425158,-469.7485188971821,405.2473010574277,282.76703147127915,-207.37943767244866,76.9462716770337,892.4797731954828,497.9123147607972,116.8788944783343,1059.0231225331463,67.66585835616259,399.09200046491156,1306.9890079660331,111.11973216952575,-79.622613854692,-986.3674823978183,271.97278330800845,106.69265629572021,-1139.320973261886,-199.76139722550766,168.65680072143317,-1282.781629164693,-32.124514489838,-195.03062025231208,-300.58691749756974,282.0438349596217,104.03095173071426,-2.479863232036211,-230.69981990720916,194.7546304895137,298.70028616126325,-54.171789000373174,-293.28085327313386,1134.9454484408868,297.3405655847808,112.02794122439876,1283.2969722037099,-214.89366713821116,202.0390441619371,1434.068302382985,-37.39874043192179,-286.07808494114244,-750.6570205078249,274.7156936149654,100.24924836070008,-902.3768434280423,-196.75296375873714,167.9420026051005,-1051.4316136720454,-31.88130765276713,-194.72092165382813,-300.57906018824303,282.02975278618885,103.99428402901815,-2.4822284888433086,-230.71236878761474,194.67269695784063,298.7236465607486,-54.211850000629546,-293.3032964620876,1134.9337759493114,297.40626332698224,112.07752581826803,1283.3164453074482,-214.9482720705646,202.0031517871231,1434.0781525617056,-37.277584302411356,-286.07839715716534,-750.6714833445815,274.7445092443468,100.23858689275747,-902.4000277877395,-196.78748390593145,167.91998885073252,-1051.4404740844157,-31.850813800322257,-194.7579975853536,-300.5763743815511,281.98925595794253,104.01567248782862,-2.4170474172331464,-230.67078503736556,194.68515718107295,298.6880847883171,-54.24206485146684,-293.24229761014243,749.3987002713122,278.2773550722046,105.23607311277729,897.5093866054126,-233.8928705632789,195.73682172273095,1048.704603248934,-56.83417353497713,-292.4076474620212,-750.0475620982915,272.9845122527608,99.33995070183528,-900.0631803202446,-199.0104924107804,167.06583902538708,-1049.990282868363,-34.511959273889794,-195.39886160285894,-299.98792346953536,281.90115409833146,102.6413936050726,0.06029685414760712,-229.80414108206725,192.85680678909475,299.99091880911317,-52.09579323375657,-295.49116619083225,749.9910388504672,281.8302050139442,102.57311894171035,900.0041233111214,-229.84914131645354,192.86264767313014,1049.9982063977798,-52.103348940601414,-295.4709914376327
train_00070,-856.2059440621592,-112.01424060812599,315.64635731520565,-1053.0138970103471,-571.2061925943163,299.96263880485964,-1204.062334520659,-322.3804689711363,-10.147614697855138,-292.44489910945623,566.5127892287235,191.46805101771204,138.75046404370997,158.23186659952643,277.34191396278925,287.21520500548684,307.11931189294086,-284.57664253637023,1268.8826436707614,217.2422809111482,66.27042253257729,1412.340493189262,-303.538012682434,39.69141553184964,1647.506469730579,-3.159192874688871,-343.77639567527825,-1102.5558589591144,269.1348044767102,96.82979631914161,-1245.0315501267632,-204.9267384377483,166.08257737771916,-1401.2693827315777,-42.520476371998924,-194.6954294743726,-299.33094753926065,281.9620746049149,103.49526974197566,0.4348957990578067,-229.88142091349462,193.11131343111077,300.15659860527165,-52.02102806615095,-295.33543280239485,952.488058274985,260.7286997233584,87.62250859546027,1106.1564653584753,-249.9634334299913,177.23492036778066,1248.752347915881,-72.92512419306674,-313.4093262059587,-749.3209594755114,273.314943658114,100.70181542094272,-899.5124203509785,-198.69045299587373,168.08253825317138,-1049.7622131837145,-33.7709820370662,-194.1195826230771,-299.3659369652624,281.98141733923416,103.49380397875692,0.4856905028012257,-229.89088419618142,193.12305450450123,300.1004268725845,-52.027382767598056,-295.31761124624387,952.457047952832,260.819808192506,87.61015905762032,1106.1754870091831,-249.94491609985675,177.25118035739374,1248.7725015349263,-73.00524401258093,-313.4830017345411,-749.2753364419907,273.25822926116854,100.69990604666613,-899.4910052614333,-198.72183360402374,168.05606104241568,-1049.7569450419824,-33.75439891544375,-194.07737623651855,-299.39293179480507,281.97871284893245,103.44148095918342,0.4633685717415158,-229.8300834658197,193.10428461170306,300.08594854851157,-52.061799141825894,-295.31398936556957,750.5841232254542,281.5245983564593,102.54390968289414,900.4185087496403,-230.33725477545718,192.24824618438217,1050.0551588485375,-52.422620491455625,-295.9862202801548,-749.9432671391115,272.86986593533663,99.42269394324227,-899.9974844793936,-199.13192800650162,166.84172530216304,-1050.006460930517,-34.43666798559544,-195.53604398662895,-299.9614134516164,281.85637198779676,102.5843376208483,-0.008626873902810982,-229.72901149943775,192.87932798266434,300.038078104006,-52.23477679081006,-295.3721635447277,749.9899414360141,281.90191312222026,102.64910847290976,899.9464861866012,-229.86710570247058,192.72988017279522,1049.8767549117563,-52.128558434773865,-295.44759512726984
train_00071,-1076.2028954812888,201.0545259232467,293.5615769924717,-1207.2302434613464,-260.4216630541798,434.1301378164855,-1378.6434604403883,-153.03850193969382,60.03321326036324,-591.8320725594712,314.7650380190225,86.91747953993433,-258.03789058500377,-178.10910464978218,161.88848034189522,132.0743985837689,125.6506897816719,-178.0537059131419,1163.4608853205357,295.1686524407345,-117.06542355061325,1275.020683161136,-223.8107456367738,-13.258935487395153,1454.8926042654482,-65.19750652038034,-497.9921609385532,-1127.4440899736917,253.24565242751416,125.83583269021314,-1280.4669230435536,-217.69386714177512,193.99910043360708,-1429.7029257176805,-52.42169050735247,-168.47022428334648,-300.7952317984561,284.34790640470834,103.89741159796239,-2.54122449799704,-228.2979116492004,194.18920114730318,297.63813733198396,-51.91999532102907,-294.48144997386015,1069.2348162985718,293.36250484114777,73.82967634558707,1232.1347026178864,-214.97349644507224,161.12238882730767,1381.9682514454844,-29.000692156923417,-324.1139966113934,-750.8451373280321,277.00603673415344,101.07537072042331,-902.3904805435391,-194.42148893241148,169.09441500115713,-1052.1703892823236,-29.504351017732276,-193.21742599002297,-300.8056205597671,284.4246211302519,103.96233727522939,-2.574195256483546,-228.2907637358695,194.16125718549637,297.6101546372468,-51.989802146689335,-294.478659598227,1069.1940252690026,293.35940659672264,73.7698177227353,1232.1330334837048,-214.9193460599673,161.16451852091652,1381.9926294208112,-28.873526822256657,-324.1095457340564,-750.9052399708577,276.93394672008156,101.09356827370655,-902.394648932187,-194.37978619740096,169.20995540804984,-1052.2081392492532,-29.55001312406498,-193.12756393648175,-300.88251763955327,284.3715465429289,103.91527059365238,-2.5701075259774786,-228.36296535291325,194.16049257410097,297.65755043657333,-51.95517117526957,-294.42941720572907,749.2191176960016,280.67159678330495,102.92239503366322,897.3801152674317,-231.6039952584205,193.3322056061258,1047.5449464505323,-54.689264622165325,-295.2422429212385,-750.0459840487548,272.8882022677875,99.3094541368744,-899.8852106557916,-199.05521818207944,166.9909677784056,-1049.9167170424373,-34.453554756825405,-195.4431957151934,-299.9920343426946,281.9123102272249,102.59235119380607,0.018458375447934612,-229.84283037812844,192.81889707724164,300.0015238853195,-52.10148989044546,-295.40454067039616,750.1399590235677,281.9105507304046,102.63391292830079,899.9335253593571,-229.94770360504313,192.88475789291857,1049.9567345579335,-52.18695610473039,-295.3310648750182
train_00072,-800.6393373824692,628.4437409943026,399.950694082118,-931.5114470463154,147.69509607988212,439.4383890860771,-1056.396634788306,317.03273089187053,69.76540631444684,-254.96885672780436,18.68464040230093,227.96583167605024,56.125222790212696,-469.7727173636469,70.83561477559186,192.75074439357832,-136.27903631485998,-408.7910209369687,1097.9843654864944,84.31853884322489,-187.3187276391994,1259.6059907162544,-425.55292765720526,-107.28099249690388,1461.3464276515908,-212.30360365034568,-561.5451041279756,-1076.6921254128943,286.93114618263667,80.77035797846776,-1217.5497001570382,-186.82285163669982,155.5370717147599,-1369.15310441199,-31.28762502151915,-210.1265212414636,-301.14514360146757,283.04844444411395,101.98183303610132,-1.8124891377886876,-229.13336958172084,191.78156586748673,297.73082948582265,-51.953303146028006,-297.0084355864813,1121.5961492227625,274.24357827140875,122.34867781176408,1271.821425801048,-236.4369876652651,218.33068519880408,1421.6801270202625,-64.17002340434439,-271.9236070638821,-751.098325765183,274.80164425748467,99.45309604920887,-901.8785945728935,-196.87860074495958,167.3260614969308,-1052.1044700725788,-32.13975002933081,-194.79857826651292,-301.17951881076385,282.98000516166826,102.05616411254584,-1.7529828646204964,-229.09977889889944,191.81777741240626,297.8029484280214,-51.977891844243295,-296.97970607700705,1121.5832975248152,274.216704082339,122.39042425391297,1271.7626202048325,-236.41465963054097,218.39118572066803,1421.6197776014003,-64.18769059114751,-271.876774465028,-751.1503529632197,274.8274191632379,99.46302737555968,-901.897136225311,-196.82492779453173,167.3396304568735,-1052.1248082118252,-32.07214320811215,-194.82987686863936,-301.2207772732458,282.9726614776121,102.0075455013167,-1.808804319035806,-229.15947599819813,191.82020956042817,297.79868573090084,-51.919223580171135,-296.98083375569973,748.8118512623923,281.52634311798363,100.28575044493878,898.2585426908801,-230.41185877748268,190.3425707959798,1047.729084232969,-53.07186532494716,-298.08799190969285,-749.9422123967985,272.8756872699149,99.34567489802374,-900.0617356787156,-198.99455093692842,166.88944811002494,-1050.0168709229017,-34.41485593217853,-195.43130616179334,-299.98222144839104,281.8343492584264,102.57130798540481,0.10120895023307902,-229.81563042418028,192.85056730035453,300.0289130956753,-52.1087578630995,-295.49564923618027,749.9482014170317,281.8888517270174,102.61008266197345,900.0462941115693,-229.79512736913367,192.83404817805695,1050.0530644286941,-52.067606931403695,-295.40005804536884
train_00073,-1275.2513671476277,198.03989326075998,-287.12095389217075,-1353.7401121216317,-272.81188008727287,-138.67506387889233,-1589.4569805361189,-171.12527488154097,-477.9002154027608,46.10168362100152,121.26228668306642,249.28271207791005,313.7855402984792,-398.62810679817665,383.88527229540887,679.2524140538547,-240.03831128201844,-64.79653730348224,1252.212678770791,378.7247590130478,416.5863636477714,1293.958708767002,-155.25797034061662,491.23755910517116,1573.804414769039,17.23382776013358,61.762346763754024,-917.2568980692454,258.06345121059667,77.90181871033668,-1067.199982744489,-213.86036231293596,145.48918077506903,-1213.5937601801959,-50.79090148065575,-219.08178541126543,-301.4155402571588,281.94220135072754,102.64755236656622,0.24603271213587835,-229.2969618866343,190.59581975760906,298.71112993175393,-49.143943479267925,-297.6675912736232,1083.8849459754183,303.20518195631087,98.17482668434144,1234.8900564709502,-208.31258606537867,187.88707470400158,1384.3019373443917,-29.90322706780677,-300.36564349894735,-751.3574363626653,271.72535404789454,100.28167207170513,-899.9043163050596,-200.80878535433274,166.640203811906,-1051.0414339420925,-35.556461455937544,-194.9681760539399,-301.4171621577767,281.9179688232314,102.60763095168015,0.20405938737865345,-229.29535615585806,190.61848740855083,298.70878504157764,-49.18464939969759,-297.6297405192034,1083.8326026102905,303.2423626248875,98.22923661772283,1234.974793320634,-208.26694533016413,187.9054971779383,1384.435904708591,-29.874215870418794,-300.27648502134235,-751.3967226157515,271.6743865239299,100.30394002724232,-899.8771081026578,-200.83685073323127,166.7445359883211,-1051.0866975973827,-35.56573112389967,-194.9935639848593,-301.3661026789717,281.9650306562671,102.59660111642768,0.1543795898532267,-229.3041705192918,190.57024311372749,298.69792576770584,-49.18736551326048,-297.658939933995,748.5929892542729,284.84431990716206,100.55645956428647,900.1379070189417,-226.75500708879824,188.8228895711386,1048.7207180863868,-47.186667770315616,-299.16061828643626,-750.0536417948805,272.8425677417008,99.424752252154,-899.9165828302256,-198.98298945875248,167.0824559613054,-1050.06480992642,-34.454766145084974,-195.4109383845541,-300.02931981898035,281.9489618329802,102.62465625999594,-0.020790452579210042,-229.8877743794673,192.80134301579466,300.01423351517906,-52.15260104698099,-295.3949000093617,749.9793694502154,281.93806246207737,102.70195437826185,899.971597189629,-229.81793176666244,192.89452578505032,1050.0291899052722,-52.203534227857936,-295.36798565832356
train_00074,-854.6112216925973,75.6688854163049,188.4908206951297,-992.0830881784171,-377.67862682984793,348.036733304016,-1155.9725466450127,-286.5163380303724,-33.77671450677862,-239.0624671695664,561.6060972400883,394.2601459148651,29.045258014279565,49.69363851398486,555.8558022372648,386.92506901905466,178.5367334566089,91.79697559976309,1099.4603139201595,145.18593108096917,210.4875260392927,1252.614941590894,-365.6954359335582,299.84736117050255,1401.7278873277091,-186.25706263350284,-188.02441381575986,-1090.4712306008962,257.67080544454376,91.13972279874663,-1245.3983587646928,-213.00385765169497,156.17709029818027,-1397.9263083189303,-43.12434505502879,-202.70243541816362,-301.25711592913063,280.02789759051,101.25235569738278,-0.6080831330923026,-231.36840892339856,190.93249148927154,299.13911700674186,-52.730310789725614,-297.200877707993,901.5564993009634,284.3221299705006,95.80305855614735,1056.9557592908138,-225.5837695967477,187.0622307332636,1205.9073199264833,-46.902601140479376,-301.1481757701787,-751.1742265080512,270.46401832772295,98.02837888557987,-900.6691799066564,-201.73630617133747,165.1786247456834,-1050.8780710250448,-36.997138382107565,-197.0861635800259,-301.2928111761219,280.04267679715116,101.18788906745499,-0.5443535980897355,-231.3619628955662,190.91272792578084,299.1808399930185,-52.722866473504894,-297.29096538188287,901.5163730592179,284.3479064627893,95.79959422586465,1057.0067422436005,-225.52530848056998,187.07770290165283,1205.9364927190243,-46.866484423031885,-301.2419541288742,-751.1891045224721,270.3931635989593,98.00501385782226,-900.6219543319078,-201.7865133291426,165.19117403879096,-1050.860804361067,-37.06701318400244,-197.04534154223757,-301.3294765793937,279.96108707107703,101.25493627360862,-0.6126459873594056,-231.25385195338043,190.89602318526752,299.1259189756909,-52.731021057072674,-297.25585454776314,748.7026514424518,281.6013758565519,101.02099906467367,899.4199857904082,-230.04587771748916,190.80072188793866,1049.2166282605099,-51.73207597756476,-297.33064540492643,-749.8935911284192,272.9813899887797,99.36753705999817,-900.0154075504173,-198.93821253356901,166.98744446820865,-1049.9211409608424,-34.39123680282088,-195.49159888399907,-299.99795853788277,281.8342171262759,102.69271798352334,0.015976272004939444,-229.7382976650372,192.83639478216446,299.9847454603198,-52.13599677114998,-295.34215878714366,750.0217207866058,281.8703532882461,102.57844786821143,899.9828295439287,-229.75992780795016,192.78376990802997,1050.0680759583493,-52.08323010969005,-295.4115992791065
train_00075,-979.3887217068853,249.82669863917226,59.51990811525088,-1174.9086224082916,-184.40594758098908,211.48097182440532,-1306.3173743742516,-78.29836469400114,-178.8962743817287,-319.39104331513994,483.77837707033734,479.65372486926765,-36.98927217492224,-45.13013952047085,459.1373513051128,69.8977400522229,118.85770753712353,-107.92733947538352,1316.712971273668,597.1797790983844,109.5642332809205,1490.288923803698,88.58486937868621,170.56002839061722,1611.11789309572,292.79577402877334,-315.4952871739029,-992.5116435802128,298.7921108704148,117.73708544037176,-1143.7260055145882,-173.10685391238766,183.08291674083947,-1296.6903341771972,-5.036719240757764,-176.45355184586023,-302.3293924563309,280.63267961315756,102.78747177501972,-1.4532277646099871,-230.81250191697805,191.40661844695958,298.63504648352864,-50.65258139777945,-295.9763245492421,1102.576898347396,272.0657297430781,90.11718714590988,1252.528688612511,-240.58436433729563,175.0532222776813,1404.740125684414,-57.002497716620354,-310.3981252855433,-752.4003122399328,270.7902122871999,99.16484828627594,-901.5066111159363,-201.70555677401984,164.77147471303792,-1051.4379313278803,-36.10838444634257,-197.07235501049115,-302.3740792735886,280.6860009284673,102.7233924484193,-1.4624781115385874,-230.8117984034702,191.35602944446205,298.6305528276095,-50.59222631373293,-295.9579159507174,1102.644508348853,272.0099176750741,90.11055862925654,1252.5144040981731,-240.5882768766586,175.06486370134098,1404.7947372507765,-56.95571407963734,-310.40715744964547,-752.4071012768992,270.7638164350309,99.16611212464204,-901.4748652997655,-201.71841640073364,164.81805437711017,-1051.5231124349816,-36.05736498144925,-197.03830263712138,-302.2976590938386,280.6570907240041,102.70072835979073,-1.4307805883957543,-230.73841850049834,191.43996061393491,298.73662884057563,-50.70028228693798,-295.92080404448933,747.5860431143846,282.82827333191074,103.80474520018689,898.5057743265867,-228.9695762502899,192.2388560303921,1048.6333599902855,-49.13201819690326,-295.2504669254333,-750.0013619783933,272.98022013317404,99.44438705559794,-899.9386979425722,-199.02739808385599,167.00924432528288,-1050.0797169896068,-34.41427572310226,-195.32199797842188,-299.9064182990157,281.91512150941037,102.5504822307592,0.016285943245468018,-229.82090753208274,192.72971428819466,300.103319636618,-52.049170634999626,-295.4474199506665,750.0206650209074,281.89645762908685,102.64336804968723,899.9486734950788,-229.84063841766746,192.83467426499857,1049.9610131998413,-51.99324278575735,-295.44390218772674
train_00076,-961.6019960622888,401.586101545709,306.7038921799316,-985.766460891045,-85.80577170812467,415.06537600946865,-1088.2456879539884,-7.241082168695847,9.774754640996035,-102.46340767125125,368.2078366162934,245.29641005905583,154.17026729930288,-166.21865188014516,337.4806152721995,445.4980402375052,-29.463167419252187,-168.85169540623488,832.5267032326384,109.48729843812956,317.22600688321853,1047.6525184236502,-385.66710854556766,349.459078719873,1145.19481877358,-147.070487577997,-126.04091157695355,-977.2553479896519,286.33965238856916,90.51374349262159,-1128.0437244032637,-185.10541934759553,160.1275877767349,-1275.8919600361396,-22.453463262456268,-204.01867484051297,-298.71742133019035,280.63867926833353,102.47255673661805,-0.0030983043263839542,-232.2209515978867,190.511354859411,299.5214166265978,-53.91010824287089,-297.7606111526432,1128.1417135376819,246.34204951307868,93.79071346764763,1283.191270608511,-263.938672473567,184.15920365995368,1429.66802903592,-85.53029782921321,-304.8614112268946,-748.7339960326036,273.0875028894598,100.03282941334439,-900.0151089505842,-198.791025067941,166.64081096112972,-1050.2682191883914,-32.563180101013515,-195.03307401184938,-298.6816511367503,280.67659942721235,102.5755683859587,0.01183984742315533,-232.20005860335257,190.55275923297438,299.5142712774297,-53.89406907135049,-297.7547217730959,1128.0866271514644,246.3071201677835,93.78567985065511,1283.164702480411,-263.88643177470493,184.2494800778328,1429.695725281459,-85.49761078036394,-304.91813014209407,-748.7513625396103,272.9775800619766,100.0435553247746,-899.9599754322828,-198.81848960526602,166.61770847300792,-1050.2799678838887,-32.56880081309335,-195.03804080196997,-298.8297907830056,280.6085630274885,102.5838481268766,-0.08273074493371076,-232.18715970056155,190.56070881724312,299.5065417827192,-53.85683257460981,-297.6940832148076,751.3910580839104,277.5157832000435,100.41181618932808,900.0388395431469,-234.98157203978843,188.70448863050373,1049.4887997692322,-56.183058606637275,-299.23571087387467,-749.9716875260543,272.98386187276503,99.2588701833232,-900.0349289012097,-199.09053660299338,167.0759446760453,-1050.098644917836,-34.44634872086262,-195.47742909649133,-300.0854673784059,281.94462345827924,102.70643317634232,-0.059491207580623345,-229.77930059729428,192.78057481462673,300.03829351191644,-52.043901255950004,-295.4640921394829,750.1653200646037,281.9810626398838,102.59803586080632,900.057297884333,-229.80816537067074,192.86174820297362,1049.988375424387,-52.07050852805312,-295.4299108519846
train_00077,-617.8411133580518,605.1542913051779,314.36483636597893,-837.4562351743625,157.83002332952427,352.5303308633023,-982.4370402612566,378.58171547744024,19.162369740038233,-212.13260238740656,279.8610491691396,382.9540625433889,88.12043348887008,-232.1556081304376,470.21028420551704,388.48714480086016,-51.17097831365999,-16.63798981090555,794.1289961770843,330.7631135852038,327.4119338422149,891.4172088601816,-201.23496865898952,329.58724655880707,1118.8694840369562,50.101442454129966,-91.82844117841127,-975.3617009141424,297.8184950543647,121.18155503581536,-1126.9065622946425,-174.9400347858411,179.74174205802555,-1275.025055439864,-3.433502723682163,-180.23891274200002,-301.4239051105185,281.06085156512603,99.92930737412709,-1.7039966756852163,-230.5440198577644,191.70743459331572,300.08899420060567,-53.156010304769744,-295.5275674516178,1011.530710744002,299.90453792799667,84.7936515416512,1155.5382872702778,-213.05392522014122,177.71155181240465,1309.0649248587333,-39.06711432146164,-310.83460855097576,-751.372278808406,272.0979023500034,94.92494272005827,-901.5735311958643,-199.9257116620053,162.39470209035454,-1050.2281018064775,-35.71017348430445,-200.79223481372844,-301.4600167802459,281.05202269961273,99.94585043416596,-1.725178718873606,-230.49564944781,191.74541066473995,300.0846543117026,-53.13533163131665,-295.5770060799573,1011.5491846610654,299.9638389953174,84.817723827461,1155.4926365347558,-213.06359565074916,177.75282041463157,1309.065727271317,-39.102424791108,-310.77605677211926,-751.4320384947622,272.07098462296767,94.87950060950432,-901.7005744623654,-199.91936853753523,162.4336502012354,-1050.1362594491868,-35.664722948201074,-200.7727297617047,-301.46535210345127,281.1487397128259,99.94951086311721,-1.70600347198607,-230.59844974409125,191.73749694424362,300.07623724171975,-53.17030821519948,-295.5341934566068,748.49047670787,281.22757765990633,103.91564783275642,898.3304274461769,-230.3065627402665,195.08555661927096,1050.0248269386009,-53.00995903500464,-292.8088017248658,-749.9754649053184,272.93726008362773,99.38297027369535,-900.0934606976866,-199.08400975243498,167.01193967954364,-1049.8644738198273,-34.49190284522393,-195.431527353306,-300.0284323914735,281.93879251943804,102.64698575731462,-0.03702653705362097,-229.86893204279457,192.85151106985725,300.0137864919371,-51.9948163528635,-295.41917816854505,749.9477738247048,281.8599363682788,102.61699516925032,900.101651282342,-229.85393894292693,192.74697099311192,1049.9907657987744,-51.988871535535296,-295.52931696557096
train_00078,-896.5052312092396,115.31973789353495,45.701992875443764,-949.5112629385828,-366.4372099422246,167.92922874255956,-1202.4936325998967,-255.23874277177143,-155.40153585888714,-292.1835642004394,285.0817355160983,85.79944620019624,50.25777719293951,-205.91744020488284,127.1168785851851,316.36916703111433,30.69307695687277,-355.73953454604595,1134.634677177367,276.8940863968949,99.95529590935188,1236.5909650680192,-243.38989649271954,206.9517180891703,1353.338386612369,-109.361419849905,-303.8100715255494,-1116.646276265021,296.0344682270204,95.718383141188,-1280.0620391745308,-172.08275555185458,158.88342526072395,-1428.9723951263168,1.7203605617011932,-199.6102359553554,-299.79267066387195,280.9881732450785,102.16758316171621,-0.8159088053789051,-231.4478080248704,191.39295176215833,298.150673406104,-54.29037381212672,-297.79382883890713,1060.7418241002554,291.8117409780577,129.94182046263109,1204.8229421611454,-221.7964617578603,218.64421079591614,1342.201233246637,-49.54366402563979,-275.30500486597003,-749.8395549594246,273.1394931425675,100.27981866269276,-900.7497834208629,-198.4915346265632,168.24431621699267,-1051.5335248972656,-33.48617672228724,-193.62916631508338,-299.8313648909534,281.14492584042733,102.21986800736148,-0.810879508807404,-231.4677951207961,191.34235769333864,298.048547171054,-54.29235601078459,-297.8581399894701,1060.7410317880142,291.85053890414173,129.96590970316302,1204.8840168917166,-221.73675669509507,218.58884309926617,1342.275836933068,-49.54112749160073,-275.25656193425755,-749.8560259981699,273.204111562736,100.28988791015973,-900.7489798507268,-198.44593886163273,168.21238110054094,-1051.5445300409017,-33.48971235127391,-193.63297562866614,-299.8228706957008,281.0956147446667,102.23498918363826,-0.8099801581155586,-231.40006923749547,191.37006782106354,298.05629327909037,-54.23158765485829,-297.78409339518146,750.1687292625857,278.4094787134067,98.8780395428705,899.1034697236685,-233.7350583838826,188.35872661611742,1047.935235480961,-56.238051778422026,-300.2794655003806,-749.9736309023967,272.93410610208974,99.24314272440854,-899.9947098532945,-199.06375332930128,166.97623537769843,-1049.9707033752727,-34.501599201180454,-195.46518344773915,-300.0650526237187,282.0361463864872,102.74410426774602,0.053291610253131935,-229.7659042196805,192.89210511505104,299.9530760526859,-52.116055195013985,-295.35841694145734,750.0807059467793,281.87985917809016,102.63160629082716,899.9551279722715,-229.79406824265212,192.83853992062637,1049.9690771473527,-52.18976858757845,-295.4493862775732
train_00079,-823.6287809534867,536.0492552802468,201.34426766798418,-1034.0411193266486,127.86069432146036,398.8495053334878,-1145.9357515708787,184.09185218648304,-7.64579491474783,-691.2436362229564,245.2942482300878,-139.7527393592758,-285.08980720019684,-185.63306722592168,-43.59770331996928,-56.875595620282716,18.70729363746647,-559.4819276130569,1288.4392262684821,47.86072179558247,313.4634785998267,1422.6925821841544,-453.3268756588398,465.91907293209005,1544.8138784722719,-353.52444033087596,-51.385568550151206,-1035.814859558183,268.62207356688594,104.51337569844144,-1186.1481285138077,-203.16401074447163,172.3945233088438,-1336.4702356186913,-38.53224696002318,-189.81720046049324,-299.4515128418601,280.9596798793564,103.93236005581214,0.7092389057618995,-230.43931805353364,195.01779716464307,299.43617591094335,-54.446700910945125,-294.5835549444034,998.9163414696158,297.2391727258098,75.81311256918904,1140.7696006951596,-215.8683053855075,171.18001386058492,1286.696385034777,-47.92584337720985,-321.7506353043552,-749.4558413257124,272.07201074337945,101.89977934728807,-899.3719044167403,-199.64598047276988,171.5532372037715,-1050.3163394095204,-36.21778208105489,-191.10201897727651,-299.4008519464373,281.0318791171133,103.90793999198914,0.7195304914553076,-230.45535139898254,194.98815331138232,299.45557248932647,-54.46467894149302,-294.6576365918401,998.8921974206843,297.1714175205405,75.82246320193123,1140.786396086241,-215.93460301536965,171.210560343516,1286.6893047309047,-47.91545462984768,-321.7356084224184,-749.4140031713272,272.0939276941158,101.79801538102268,-899.3576885302829,-199.65793003603218,171.48133192852558,-1050.346560936145,-36.213335777286424,-191.0003500823254,-299.4218564579714,281.0484723115272,103.96084386984332,0.7646818127012508,-230.5823690028302,195.02390379251267,299.48854140174853,-54.49154224917771,-294.59707113332877,750.6788290301831,280.7781589574739,101.05681742648743,900.7333395941336,-230.67085785113113,192.55750746744917,1049.4800761287383,-54.710422547692346,-296.70689263912874,-750.0729409306957,272.91948929902946,99.30717242068752,-900.104207275059,-199.06098653318477,167.00849197815523,-1049.973740234208,-34.453625201172,-195.40834658230625,-299.9436955288366,281.9313077129222,102.59031044595001,0.02584842470686247,-229.8200322881766,192.76823570893742,299.9766981928024,-52.114909167647745,-295.3185626307694,750.1395337384795,282.01758539153786,102.67549731813988,899.9538834433672,-229.7594033559853,192.79575569702462,1050.0530552523962,-52.10245888516451,-295.50394735568506
