sample_id,split,stage,point,x,y,z
train_00000,train,0,A1,-1009.4826370068237,-24.242579681511284,319.92735813466356
train_00000,train,0,A2,-1218.3324147648225,-439.5177078446976,503.69666937603284
train_00000,train,0,A3,-1325.503660540596,-373.5834015258102,97.42365990659425
train_00000,train,0,B1,-456.572877885699,-22.450599070156702,-48.873403223058226
train_00000,train,0,B2,-194.69851143970106,-552.576547852576,53.06212652213929
train_00000,train,0,B3,148.62240945581084,-387.1999194780153,-410.3708162151108
train_00000,train,0,C1,710.6032570170207,481.66625714845713,-189.38187944425974
train_00000,train,0,C2,827.2479262202481,3.2976557433723026,34.43218844870042
train_00000,train,0,C3,963.94402313825,27.172748193447386,-488.23887598315
train_00000,train,1,A1,-999.9490792175092,273.013679556169,99.34373439853168
train_00000,train,1,A2,-1150.0178979678703,-198.9398868395537,167.0800782140211
train_00000,train,1,A3,-1299.9715688135182,-34.38790626695504,-195.42485993054171
train_00000,train,1,B1,-299.979141209686,281.87823736455306,102.60294198141948
train_00000,train,1,B2,-0.03218377564307016,-229.83159975106798,192.87193356288918
train_00000,train,1,B3,300.00526170423484,-52.14812159845766,-295.494869109776
train_00000,train,1,C1,999.9435459608878,281.9631426124451,102.50451356594121
train_00000,train,1,C2,1150.0204512068879,-229.74468771644626,192.74012199451306
train_00000,train,1,C3,1300.0318505828845,-52.01517010052329,-295.536302885047
train_00000,train,2,A1,-749.9463895682308,272.9874822653474,99.38432439297992
train_00000,train,2,A2,-899.981620832359,-199.09103473898617,167.01891058534048
train_00000,train,2,A3,-1049.9896019547364,-34.455705011014956,-195.37188216020982
train_00000,train,2,B1,-299.99596196135735,281.82929207646214,102.655608142606
train_00000,train,2,B2,-0.020002897641208932,-229.810448516888,192.808334031171
train_00000,train,2,B3,300.0250949135999,-52.169293075752826,-295.4861075716298
train_00000,train,2,C1,999.9549699716403,281.99960094777214,102.57280054197633
train_00000,train,2,C2,1150.0226811191244,-229.76853276236352,192.73116877641365
train_00000,train,2,C3,1300.007338613111,-52.00012087285743,-295.52520570178586
train_00000,train,3,A1,-749.9511877055364,272.94347460542826,99.40094036999953
train_00000,train,3,A2,-899.984329406114,-199.0744886871526,167.06895010026892
train_00000,train,3,A3,-1049.93515741005,-34.464008789160225,-195.41595776973395
train_00000,train,3,B1,-299.9427850498723,281.8806224408009,102.57894572934688
train_00000,train,3,B2,0.03125807309889492,-229.88411597800612,192.86665657544253
train_00000,train,3,B3,300.00243328197934,-52.12749669864792,-295.39340996906134
train_00000,train,3,C1,750.0154796826274,281.8082877175349,102.43793725945142
train_00000,train,3,C2,900.049599611433,-229.8519600623693,192.70431533045684
train_00000,train,3,C3,1049.9173282685495,-52.2166917945684,-295.5917915911025
train_00000,train,4,A1,-749.9785468297166,272.8959241473798,99.31917544475671
train_00000,train,4,A2,-899.9389167988867,-199.05982852810922,166.97829736950789
train_00000,train,4,A3,-1049.9325443246253,-34.4968756278522,-195.4463427046325
train_00000,train,4,B1,-299.9961725348116,281.87095439636784,102.60814626916907
train_00000,train,4,B2,0.07029889693773954,-229.8149410167997,192.8579971571118
train_00000,train,4,B3,300.0404702523719,-52.15354560677551,-295.40648675837593
train_00000,train,4,C1,750.0190203424982,281.9351213321755,102.51892988204827
train_00000,train,4,C2,900.0212937862617,-229.72009412124103,192.7921186773472
train_00000,train,4,C3,1049.9979613541307,-52.07253531878682,-295.5121681871254
train_00001,train,0,A1,-1188.7023830215885,288.43373064532267,344.07902243055963
train_00001,train,0,A2,-1351.1758131101017,-171.62559584928255,452.62627160563346
train_00001,train,0,A3,-1550.0772840192824,-7.983073639372834,114.18823672304661
train_00001,train,0,B1,-624.9167182086428,56.943355356928926,93.35886070645957
train_00001,train,0,B2,-422.6413435795505,-496.38631899372496,207.0905888681316
train_00001,train,0,B3,23.006826108163892,-326.96518904332845,-157.2315153037761
train_00001,train,0,C1,1283.6543298290803,191.33556667106834,396.3221145528233
train_00001,train,0,C2,1427.0662571554512,-328.76399002065034,435.29175255912816
train_00001,train,0,C3,1702.9347142513395,-64.98006329088902,52.03385685576018
train_00001,train,1,A1,-999.9847971682433,273.0531530617141,99.39477405991836
train_00001,train,1,A2,-1150.0077546477291,-199.0185913826917,167.05070355374812
train_00001,train,1,A3,-1300.0473330521925,-34.44655452777037,-195.3664159899388
train_00001,train,1,B1,-299.9924353387636,281.91053615943406,102.6398052985745
train_00001,train,1,B2,-0.009359430780375516,-229.8053776107627,192.8916534043782
train_00001,train,1,B3,299.9909014554567,-52.13538106942351,-295.3567340652645
train_00001,train,1,C1,1000.0218015239742,281.9437271868986,102.54529230950834
train_00001,train,1,C2,1150.0039366786,-229.81091499705545,192.7815988904904
train_00001,train,1,C3,1299.980453986297,-52.051213577836464,-295.54123595855447
train_00001,train,2,A1,-749.9995017824237,273.0061292207812,99.36963249485608
train_00001,train,2,A2,-900.059686195624,-198.9595507619392,167.05636613323725
train_00001,train,2,A3,-1049.9394650991082,-34.41141432445067,-195.43831260981275
train_00001,train,2,B1,-300.01217231392127,281.88909430170054,102.59136772713815
train_00001,train,2,B2,0.05128169161792154,-229.76447842919677,192.9375173063316
train_00001,train,2,B3,300.02088922713057,-52.09311692693124,-295.4448924468508
train_00001,train,2,C1,999.9613462155457,281.94104382904794,102.4755896254155
train_00001,train,2,C2,1150.0235601075947,-229.7477910714697,192.7912248896654
train_00001,train,2,C3,1299.9745656860612,-52.06746748254798,-295.52715892078345
train_00001,train,3,A1,-750.0079488006317,273.0100018111474,99.34897273772351
train_00001,train,3,A2,-900.0854607122974,-199.00977183553798,166.9904321128741
train_00001,train,3,A3,-1050.0250383661632,-34.3433974987798,-195.47462125422854
train_00001,train,3,B1,-299.98775703252807,281.89325016621143,102.5872596297628
train_00001,train,3,B2,0.02112607007246709,-229.76856606012703,192.90750112477858
train_00001,train,3,B3,300.0370119290087,-52.04329009905357,-295.39392760966535
train_00001,train,3,C1,749.9954900432294,281.9792134586525,102.6369195889248
train_00001,train,3,C2,900.1139317269539,-229.75579139214415,192.85126678327762
train_00001,train,3,C3,1050.0277010612986,-52.064823510812396,-295.3692352941044
train_00001,train,4,A1,-749.9921659536701,272.9300913177581,99.38213622986451
train_00001,train,4,A2,-899.9991555949962,-199.00322469834265,167.016043698649
train_00001,train,4,A3,-1050.037652003806,-34.48209966490719,-195.3922891952573
train_00001,train,4,B1,-300.0664337087737,281.8850710530551,102.59578703500529
train_00001,train,4,B2,-0.013804690775376195,-229.81610920910168,192.8767150054723
train_00001,train,4,B3,299.963674458994,-52.16677285211973,-295.4197913103216
train_00001,train,4,C1,750.0094764086047,281.94388987395183,102.55312163602726
train_00001,train,4,C2,900.0504699677788,-229.70244340874376,192.80319485557197
train_00001,train,4,C3,1050.0078722698174,-52.04371166696567,-295.4798233209444
train_00002,train,0,A1,-1352.23483425636,428.77927369643163,-226.5798506634984
train_00002,train,0,A2,-1445.2133309541714,-52.19932225194466,-127.02311951331795
train_00002,train,0,A3,-1609.573558615677,68.03445890938316,-500.4780250345296
train_00002,train,0,B1,-508.15281466021224,620.0552260602723,99.85361548068192
train_00002,train,0,B2,-338.85148019679923,112.25862908559371,370.8677798983606
train_00002,train,0,B3,21.379606589638986,66.03580133252377,-106.78695654994956
train_00002,train,0,C1,1265.607542201167,67.52435946937736,49.79159175717353
train_00002,train,0,C2,1438.2733126856795,-427.5159088241552,-82.90134387856523
train_00002,train,0,C3,1523.105669899898,-65.34739400178167,-475.4709759279508
train_00002,train,1,A1,-999.9886255359448,272.94030471255024,99.34764283928583
train_00002,train,1,A2,-1149.9131143474717,-199.0309125750504,166.97181582053932
train_00002,train,1,A3,-1299.9653754287278,-34.44522877940658,-195.3903229065332
train_00002,train,1,B1,-299.9810314706561,281.97639450705867,102.60832178863386
train_00002,train,1,B2,0.007938340973885322,-229.74280401661454,192.8385550068198
train_00002,train,1,B3,299.97802758373587,-52.162245157782756,-295.46484327948826
train_00002,train,1,C1,1000.0684827442723,281.8921245692271,102.53559021480952
train_00002,train,1,C2,1150.0858810798313,-229.82931813269502,192.77791261496606
train_00002,train,1,C3,1299.9519555876416,-52.0584833462942,-295.55725549278156
train_00002,train,2,A1,-749.9522963875972,273.0712755343827,99.37506240149631
train_00002,train,2,A2,-900.0566077633492,-198.80948768315298,167.10671967756156
train_00002,train,2,A3,-1050.0072455301831,-34.283838208589586,-195.25206986564126
train_00002,train,2,B1,-300.0456768478066,281.9653989949842,102.60352801842119
train_00002,train,2,B2,-0.017801900777310968,-229.73689160708423,192.8228503402596
train_00002,train,2,B3,300.0018127065528,-52.046994059846924,-295.4626929679757
train_00002,train,2,C1,1000.0605043206015,281.99768138453516,102.56545318296679
train_00002,train,2,C2,1150.0578262279269,-229.79595827268406,192.7530840839599
train_00002,train,2,C3,1299.9315588897593,-52.082907762773225,-295.5329310650059
train_00002,train,3,A1,-749.96277145132,273.1017924238058,99.40517041672078
train_00002,train,3,A2,-900.0352628425818,-198.9061335729049,167.19016684412196
train_00002,train,3,A3,-1050.0232378255673,-34.339782304151974,-195.28676713291787
train_00002,train,3,B1,-300.05720046146195,281.9077845984824,102.60874515644346
train_00002,train,3,B2,0.04275121146107898,-229.80619063685984,192.90104652101226
train_00002,train,3,B3,299.9705789670226,-52.09824919464627,-295.4600425308619
train_00002,train,3,C1,748.2285501964237,282.97225062786106,102.2552549350968
train_00002,train,3,C2,898.3923531678013,-228.65987426857092,192.52692813670927
train_00002,train,3,C3,1048.3672779725857,-50.968942543658635,-295.7692412317634
train_00002,train,4,A1,-749.3266199087201,272.9768928621691,99.37099807832568
train_00002,train,4,A2,-899.5946641255232,-198.88855889139066,167.04797488656436
train_00002,train,4,A3,-1049.4998942426078,-34.27014210702065,-195.40914725000272
train_00002,train,4,B1,-299.4552268118682,281.626016975805,102.66956269226073
train_00002,train,4,B2,0.38258955439711717,-230.2194191922059,192.8581350177186
train_00002,train,4,B3,300.4708903886146,-52.613020873053834,-295.3661687580221
train_00002,train,4,C1,748.9175358943662,282.1915012685327,102.49505222054032
train_00002,train,4,C2,898.7017458649326,-229.5918070564993,192.65664498006697
train_00002,train,4,C3,1048.847366342555,-51.841612805646875,-295.50981659590434
train_00003,train,0,A1,-1263.2357882917754,71.3642357160372,118.75195865653403
train_00003,train,0,A2,-1452.6717848923104,-329.34874398507293,349.87274392573306
train_00003,train,0,A3,-1640.0026298269015,-258.22969249090266,-25.28100393165368
train_00003,train,0,B1,-586.6197496151882,96.57309340766899,31.95774993504635
train_00003,train,0,B2,-263.3469377001612,-384.4439258772917,187.43591057916785
train_00003,train,0,B3,63.839256583567305,-225.06765353254485,-289.53488667871227
train_00003,train,0,C1,1026.6043197270249,151.72883111499462,131.07450026937568
train_00003,train,0,C2,1203.7624356293031,-358.68888800094214,156.17803461134687
train_00003,train,0,C3,1480.3109021300231,-59.842623118450334,-199.72718093719172
train_00003,train,1,A1,-1000.0308556541843,272.93099330673255,99.38749543528138
train_00003,train,1,A2,-1150.063490221688,-199.08474530778653,166.96940973503115
train_00003,train,1,A3,-1300.0462207020817,-34.515352865402576,-195.43484277927885
train_00003,train,1,B1,-300.00176565851666,281.9008338788068,102.69244810235544
train_00003,train,1,B2,-0.048023083942961176,-229.83900474002863,192.8442399282725
train_00003,train,1,B3,299.921430893782,-52.12918305493457,-295.4349655453054
train_00003,train,1,C1,1000.0223532513328,281.931868079671,102.56390918270465
train_00003,train,1,C2,1150.0374713482377,-229.7774335298244,192.87571582745414
train_00003,train,1,C3,1299.9683439136497,-52.13069687048691,-295.44254285727004
train_00003,train,2,A1,-750.0417048686992,273.055371247011,99.47748403438753
train_00003,train,2,A2,-899.9693389358983,-198.98145570428784,167.08775468888732
train_00003,train,2,A3,-1050.0718704280118,-34.327949186274566,-195.2976676484931
train_00003,train,2,B1,-299.93321668768453,281.98098650368485,102.63566422605399
train_00003,train,2,B2,-0.026949866861976198,-229.82226283944797,192.8440762307171
train_00003,train,2,B3,299.94568449390624,-52.154398261861836,-295.45950826717524
train_00003,train,2,C1,1000.0526167299015,281.9665996305038,102.53851661468622
train_00003,train,2,C2,1150.0658429664463,-229.83003052110797,192.86266109755468
train_00003,train,2,C3,1300.006117684349,-52.10153360278752,-295.52481568539423
train_00003,train,3,A1,-750.0168142896079,273.10485312081846,99.46387054787597
train_00003,train,3,A2,-899.9886768938616,-198.94898616129973,167.06317573854602
train_00003,train,3,A3,-1050.0227981943149,-34.302709393441994,-195.2937605605683
train_00003,train,3,B1,-300.0409947637982,281.91003059311515,102.6532516801164
train_00003,train,3,B2,-0.010697819975748136,-229.8317768598477,192.84462848013806
train_00003,train,3,B3,299.9774148970591,-52.094810566165904,-295.4564294220193
train_00003,train,3,C1,750.0067957218588,281.7949041741921,102.59990833330193
train_00003,train,3,C2,899.9537508135572,-229.9523783952463,192.80012983279838
train_00003,train,3,C3,1049.9676764754029,-52.24794642615754,-295.4940492898833
train_00003,train,4,A1,-749.9722160308071,273.0213894069642,99.37874055240655
train_00003,train,4,A2,-899.9913520290165,-198.97453473028006,167.02177044338455
train_00003,train,4,A3,-1049.9490316014353,-34.40149466399857,-195.3632265340301
train_00003,train,4,B1,-299.96011689665045,281.88544472982096,102.59163969198718
train_00003,train,4,B2,0.021556613860041696,-229.79929613047557,192.82217284785395
train_00003,train,4,B3,300.0167517702704,-52.07058181226109,-295.4487078597958
train_00003,train,4,C1,750.0774124919499,281.9011437299882,102.53772809068143
train_00003,train,4,C2,900.0197546397674,-229.85792813774685,192.87823890421308
train_00003,train,4,C3,1050.0073012931523,-52.19943600712827,-295.42097319149815
train_00004,train,0,A1,-701.4384819676291,187.26238286442498,-0.6962740861868821
train_00004,train,0,A2,-901.7627487995638,-270.5776943210715,-11.783364322040299
train_00004,train,0,A3,-1076.1527825090313,-13.139946328183841,-302.194892961781
train_00004,train,0,B1,-271.19903949636085,209.5767011707295,116.86324551456008
train_00004,train,0,B2,39.08003244923917,-297.7782472990107,36.85983419866702
train_00004,train,0,B3,194.5630429985431,-32.83077505477925,-478.4286856154176
train_00004,train,0,C1,1320.9432403444994,328.10992354490924,302.7914640328045
train_00004,train,0,C2,1443.3470727088734,-174.15736797032034,461.72506706518857
train_00004,train,0,C3,1680.6488294560113,-40.125198525145564,-5.462202711243949
train_00004,train,1,A1,-1000.0402362391152,273.0690497157084,99.33562999600485
train_00004,train,1,A2,-1150.0966679988258,-198.88665759006216,167.03420479798095
train_00004,train,1,A3,-1300.0424524917123,-34.416770681759644,-195.42672669833678
train_00004,train,1,B1,-299.9031509745889,281.9402303920091,102.60525833916066
train_00004,train,1,B2,0.044688346218981864,-229.90603543885538,192.77014555841833
train_00004,train,1,B3,299.99174342855724,-52.12998324776046,-295.5128622182545
train_00004,train,1,C1,1000.0213369657924,281.92890931473784,102.67181598367617
train_00004,train,1,C2,1150.021757738693,-229.81241762261917,192.8537265414986
train_00004,train,1,C3,1299.9947837764928,-52.09843060417922,-295.4715519311053
train_00004,train,2,A1,-749.863635924441,273.0450957839278,99.45179908193015
train_00004,train,2,A2,-899.9827123017928,-198.92384406222413,167.00571193214103
train_00004,train,2,A3,-1049.9683195819405,-34.1559536910478,-195.36694846124914
train_00004,train,2,B1,-299.8735072348849,281.9115480911385,102.61950260545844
train_00004,train,2,B2,0.03319085853026727,-229.83512829279667,192.82867434258864
train_00004,train,2,B3,300.0272460785331,-52.10835877014695,-295.5189546451505
train_00004,train,2,C1,1000.0563177336333,281.93228504723555,102.60181874315084
train_00004,train,2,C2,1150.038500282088,-229.77995430294882,192.89871297147064
train_00004,train,2,C3,1300.0137399482048,-52.07149579226063,-295.4394343246466
train_00004,train,3,A1,-749.8727095365363,272.99005488911763,99.4688351195559
train_00004,train,3,A2,-899.9380302335724,-198.9379267046225,167.0066006706454
train_00004,train,3,A3,-1049.9349863995787,-34.23546221392329,-195.39003519371434
train_00004,train,3,B1,-299.885802257943,281.902372116577,102.66173958358104
train_00004,train,3,B2,0.02880821796299242,-229.8152359140906,192.83562222351176
train_00004,train,3,B3,300.03021161608467,-52.1563881848874,-295.44151959531257
train_00004,train,3,C1,751.8046204097714,280.8234852896288,102.09852101759388
train_00004,train,3,C2,901.6901571217601,-230.93055933007489,192.18801862349304
train_00004,train,3,C3,1051.6939904081935,-53.21274379757048,-296.0250127423818
train_00004,train,4,A1,-750.6645713413743,272.9442386826093,99.34600243531386
train_00004,train,4,A2,-900.5104273831856,-199.09651699779545,166.9702509621343
train_00004,train,4,A3,-1050.4677849207203,-34.59973923439739,-195.49351867843185
train_00004,train,4,B1,-300.7860168071035,282.0242517324533,102.68909097742078
train_00004,train,4,B2,-0.5349693156385192,-229.42588965909786,193.0684318166023
train_00004,train,4,B3,299.4623929748249,-51.641139964443816,-295.19246724017023
train_00004,train,4,C1,750.9787084396004,281.68962718809325,102.36357981119176
train_00004,train,4,C2,901.2535414549236,-229.96368370993338,192.70165166041875
train_00004,train,4,C3,1051.2280376825734,-52.28716312948388,-295.56085538852864
train_00005,train,0,A1,-1116.5148346726735,210.23095760777687,-302.4567130372456
train_00005,train,0,A2,-1216.4148553191487,-220.97482702966482,-70.2096722286717
train_00005,train,0,A3,-1377.3600690925568,-210.89589378817527,-463.7167674084339
train_00005,train,0,B1,-248.8089910510556,606.5493601090695,231.95302600625857
train_00005,train,0,B2,-56.73333884778719,49.13127244879184,343.2167267227304
train_00005,train,0,B3,299.0773580647603,158.63266162358792,-127.34006673539388
train_00005,train,0,C1,1012.7070072440639,25.25519376444423,480.26938809451775
train_00005,train,0,C2,1279.1074987590916,-443.87559492611524,517.5309609929527
train_00005,train,0,C3,1341.737148972324,-207.00832851891795,35.439348978775975
train_00005,train,1,A1,-1000.036916668271,272.8228119389789,99.2849560773244
train_00005,train,1,A2,-1150.0019060800435,-199.07873477637494,167.09188697786706
train_00005,train,1,A3,-1300.0414809021527,-34.5310712396316,-195.3505096388896
train_00005,train,1,B1,-299.98303937550156,281.8819875920846,102.58633805037579
train_00005,train,1,B2,0.052281687387461834,-229.78373067820982,192.8057022215714
train_00005,train,1,B3,300.05419784429034,-52.10918637101738,-295.45224618521263
train_00005,train,1,C1,999.9186578908229,281.89452812499064,102.65296607716135
train_00005,train,1,C2,1149.9738306236995,-229.79474128872693,192.80677961514846
train_00005,train,1,C3,1300.053037323992,-52.024468273046054,-295.4501100606449
train_00005,train,2,A1,-750.0180916230667,272.9694711712505,99.30269339547019
train_00005,train,2,A2,-899.9078133768086,-199.03478941995138,166.94299506139848
train_00005,train,2,A3,-1049.9495163805343,-34.4758239982933,-195.43597791665607
train_00005,train,2,B1,-300.0153211893981,281.90896039962803,102.57871332683969
train_00005,train,2,B2,0.02811043873392388,-229.84782541504867,192.83508377953794
train_00005,train,2,B3,300.0332767824016,-52.04373646503067,-295.3988748696928
train_00005,train,2,C1,999.9434360856457,281.87116442839783,102.65100625534176
train_00005,train,2,C2,1149.9573036520426,-229.82100992422502,192.78306125910038
train_00005,train,2,C3,1299.9769161818379,-52.03127386145406,-295.4545453977279
train_00005,train,3,A1,-749.9581244865793,272.9415515407988,99.34975307013008
train_00005,train,3,A2,-899.9208137422858,-198.98388355970437,166.9573161178227
train_00005,train,3,A3,-1049.901750410901,-34.458952904734446,-195.4159630841308
train_00005,train,3,B1,-300.03640570319453,281.88415851521984,102.55046028844335
train_00005,train,3,B2,-0.0024943433656513473,-229.81967569678784,192.89388057179676
train_00005,train,3,B3,300.0617156553361,-52.168433198902825,-295.47363033632996
train_00005,train,3,C1,749.9821470699391,281.93920969354053,102.68953053551009
train_00005,train,3,C2,900.0021711299802,-229.76962904480385,192.9227432691257
train_00005,train,3,C3,1050.0887338825587,-52.06351561589465,-295.29417160985776
train_00005,train,4,A1,-749.9638348120434,272.9185609302075,99.3836437657913
train_00005,train,4,A2,-899.8912020371758,-199.08593062881454,167.01787553785056
train_00005,train,4,A3,-1049.9433299795867,-34.53028612733472,-195.40877615451342
train_00005,train,4,B1,-299.9929734975106,281.8131813891788,102.63079725580036
train_00005,train,4,B2,-0.009662303016056584,-229.85537315069874,192.82200313370976
train_00005,train,4,B3,299.972732236573,-52.04250389566143,-295.45846453236084
train_00005,train,4,C1,749.9989693228946,281.92376465290386,102.5979544875762
train_00005,train,4,C2,900.0049722457575,-229.8003835935605,192.8733670337459
train_00005,train,4,C3,1050.0568376440042,-52.023736046411365,-295.4245942984232
train_00006,train,0,A1,-1129.4865987233811,42.28184281750928,-144.76261324935416
train_00006,train,0,A2,-1371.8202239015577,-375.3617892984143,-15.85211493225069
train_00006,train,0,A3,-1429.6517388938978,-277.5242415512789,-425.7340384085079
train_00006,train,0,B1,-350.2470287822404,334.47852613531495,-146.2766861915184
train_00006,train,0,B2,5.050990590054424,-143.06610631316622,-70.8866351270398
train_00006,train,0,B3,260.353502128105,61.72636609174083,-573.8264054316669
train_00006,train,0,C1,679.123537483619,273.32470726616145,171.38995575340314
train_00006,train,0,C2,770.2525299072378,-251.52720122259382,264.58530807404577
train_00006,train,0,C3,1032.3636259230777,-69.16768598732112,-171.97726903835508
train_00006,train,1,A1,-999.9705550132583,272.93001446387,99.26963017354578
train_00006,train,1,A2,-1149.9388234160344,-199.01518333502736,166.96776383662703
train_00006,train,1,A3,-1299.9967774745808,-34.473453713995994,-195.5172584677336
train_00006,train,1,B1,-300.0091604146227,281.96000766190895,102.59974924285444
train_00006,train,1,B2,0.02568146231856147,-229.8357485352981,192.8374069684533
train_00006,train,1,B3,299.9993371964106,-52.09146300128648,-295.4529490540298
train_00006,train,1,C1,1000.05571285268,281.9694803078053,102.78612459616674
train_00006,train,1,C2,1150.0257472041153,-229.7083026890786,193.00179883987792
train_00006,train,1,C3,1300.0353202775646,-51.99749187362076,-295.24848253659343
train_00006,train,2,A1,-750.0192288675298,272.9107075907534,99.34684911033479
train_00006,train,2,A2,-900.0107324262063,-199.09018958134178,167.02774216650448
train_00006,train,2,A3,-1050.0294736727044,-34.51431555666924,-195.35060954840927
train_00006,train,2,B1,-300.05852051681364,281.9086005457306,102.61162535980044
train_00006,train,2,B2,0.06377855583739774,-229.77127681905392,192.91946773434955
train_00006,train,2,B3,300.00602685578474,-52.078420819736834,-295.3679166922525
train_00006,train,2,C1,1000.048771847434,281.9747551419269,102.77527826513148
train_00006,train,2,C2,1150.0084896840017,-229.74068696781845,192.94094057915336
train_00006,train,2,C3,1300.042247288985,-52.0200600250093,-295.21897404469377
train_00006,train,3,A1,-750.0740123253852,272.94631961447004,99.43258542342849
train_00006,train,3,A2,-899.9552901764787,-199.08500020002626,166.97952174680168
train_00006,train,3,A3,-1050.0267402488928,-34.50283884618866,-195.4059113201315
train_00006,train,3,B1,-299.99364399628445,281.9295909612054,102.62486916568542
train_00006,train,3,B2,-0.02368154816238538,-229.76308059767166,192.86848391076265
train_00006,train,3,B3,300.0297877083544,-52.080720888091825,-295.43240091288476
train_00006,train,3,C1,749.9790026439887,282.07635928626195,102.58824459555208
train_00006,train,3,C2,900.0679073462162,-229.61615190223694,192.98556846141847
train_00006,train,3,C3,1050.015519220778,-51.961914207652455,-295.3108156737163
train_00006,train,4,A1,-750.0829873761114,273.0000619809362,99.39020293856879
train_00006,train,4,A2,-900.0563104671651,-199.0610269212847,166.99894742762626
train_00006,train,4,A3,-1050.0304740347565,-34.43489651662337,-195.38075764278864
train_00006,train,4,B1,-299.9554680906154,281.91243654513664,102.58367236563569
train_00006,train,4,B2,-0.01375967813237695,-229.8206145323581,192.80550538240894
train_00006,train,4,B3,300.0066741442148,-52.20634761623394,-295.4892208610209
train_00006,train,4,C1,750.03341109666,281.9658360052858,102.54890040413683
train_00006,train,4,C2,900.0580170488213,-229.7982446285969,192.90439341577246
train_00006,train,4,C3,1050.0043128691175,-52.12151835317555,-295.41544192292304
train_00007,train,0,A1,-730.5417909067321,422.3910198273305,-119.0823412294259
train_00007,train,0,A2,-868.609769358799,-50.17569877909824,-32.55932982800471
train_00007,train,0,A3,-995.9416203532562,85.61360173674213,-415.01039820955714
train_00007,train,0,B1,-500.82405696524893,346.15742290573723,9.953056702330063
train_00007,train,0,B2,-169.01290676670993,-143.68085403152875,109.45850786003155
train_00007,train,0,B3,226.87760359267705,146.19136266976847,-235.89801170294797
train_00007,train,0,C1,713.5550943290443,464.9951726514369,98.01796590835214
train_00007,train,0,C2,748.0261296601991,-74.5502156625291,82.44980034207407
train_00007,train,0,C3,1061.4386645649936,164.76710979714105,-287.697906900203
train_00007,train,1,A1,-998.6362636884409,274.07381543238745,98.30017194766674
train_00007,train,1,A2,-1148.6577985177635,-197.93157023606233,166.01816694442138
train_00007,train,1,A3,-1298.731530397227,-33.255186803140965,-196.42696295671325
train_00007,train,1,B1,-300.0219218623154,282.02398635383696,102.4872326874857
train_00007,train,1,B2,-0.043329136500569396,-229.75728245055396,192.8473123672322
train_00007,train,1,B3,299.9903150230423,-52.10826793209659,-295.49465491299605
train_00007,train,1,C1,1000.0742103429349,281.94099089140656,102.61256928958852
train_00007,train,1,C2,1150.0036374876238,-229.7945049819286,192.76973424638274
train_00007,train,1,C3,1300.0597102456163,-52.02787678691135,-295.5429984090026
train_00007,train,2,A1,-750.0787585919898,273.07962931089315,99.22881809143918
train_00007,train,2,A2,-900.0525859333959,-198.80326292349199,166.9908911175671
train_00007,train,2,A3,-1050.0121127274404,-34.40293405716403,-195.46062314733365
train_00007,train,2,B1,-300.0005296451638,281.9232709327076,102.4941538979844
train_00007,train,2,B2,-0.04039367964625284,-229.782437808352,192.83515691056616
train_00007,train,2,B3,299.9858972869468,-52.14148525413177,-295.4194039189533
train_00007,train,2,C1,1000.039074378359,282.0582713506197,102.5415842732409
train_00007,train,2,C2,1150.0180635519857,-229.73530361108556,192.76745443515776
train_00007,train,2,C3,1300.0590231118783,-52.01287015014514,-295.48006937651917
train_00007,train,3,A1,-750.0372328100515,273.0756382697985,99.3033241570585
train_00007,train,3,A2,-900.0864723337448,-198.844606731113,167.02327967301096
train_00007,train,3,A3,-1050.0352343872046,-34.35511442201092,-195.53293630242038
train_00007,train,3,B1,-300.0419626940899,281.9821106430721,102.53456673315311
train_00007,train,3,B2,-9.642540603963662e-05,-229.71930592682912,192.86894272075924
train_00007,train,3,B3,300.0106777600036,-52.09623506506799,-295.46466481188975
train_00007,train,3,C1,749.9849129527731,281.86337756753807,102.59588467674767
train_00007,train,3,C2,899.9893429142414,-229.88321202898933,192.93916730103734
train_00007,train,3,C3,1049.9683893407553,-52.21756792741577,-295.39644086051595
train_00007,train,4,A1,-750.0581825520196,272.9174559895458,99.36510469700255
train_00007,train,4,A2,-900.0336088410069,-199.07876302663527,167.04865257998878
train_00007,train,4,A3,-1050.0146462049634,-34.556002741462635,-195.39861501469807
train_00007,train,4,B1,-300.02974254267224,281.8778264319078,102.6156613662865
train_00007,train,4,B2,-0.005726828631892828,-229.84730950024232,192.84145413093364
train_00007,train,4,B3,300.0192410115106,-52.060696690539494,-295.4579820945285
train_00007,train,4,C1,749.9273546690475,281.81396254956474,102.69679163233837
train_00007,train,4,C2,900.0319471383119,-229.88386446213883,192.89337289852256
train_00007,train,4,C3,1049.9458099980168,-52.09708425523787,-295.42420857900015
train_00008,train,0,A1,-1167.2698997034722,27.057948596470244,-20.37451577555406
train_00008,train,0,A2,-1310.5183782605545,-439.948248624451,85.5415973746939
train_00008,train,0,A3,-1475.7062208771615,-301.80170829655935,-281.3275068104076
train_00008,train,0,B1,-444.4276797574992,230.27399291723793,-228.1646470108588
train_00008,train,0,B2,-201.0911607871236,-280.222216209998,-27.67808267067433
train_00008,train,0,B3,246.7270715481687,-122.76761044534418,-394.66115718420565
train_00008,train,0,C1,955.153304414521,520.9102427620784,150.16974495588352
train_00008,train,0,C2,1239.880575998704,127.60589773893592,388.600190299286
train_00008,train,0,C3,1376.5867200247003,198.35367561140094,-129.8513639091109
train_00008,train,1,A1,-1000.0348480017511,272.8845645870142,99.33303274612433
train_00008,train,1,A2,-1149.9183506314957,-199.06904449492055,167.02349371296333
train_00008,train,1,A3,-1299.9800225513184,-34.55122512036126,-195.4097580551521
train_00008,train,1,B1,-299.9716589550479,281.9068686932319,102.6250804319638
train_00008,train,1,B2,-0.018223838171580332,-229.82467348817306,192.8017601532098
train_00008,train,1,B3,299.95595071264233,-52.11283727054591,-295.38719646590744
train_00008,train,1,C1,999.9883674450646,281.79799165115304,102.61675740496011
train_00008,train,1,C2,1150.0330037746048,-229.85859117121805,192.85342394507882
train_00008,train,1,C3,1300.0135332755135,-52.14766001380838,-295.3931006151793
train_00008,train,2,A1,-750.0363014223883,272.9664956485625,99.33836740861632
train_00008,train,2,A2,-900.0200092870435,-198.95975625747326,167.0197999606094
train_00008,train,2,A3,-1049.9960994621608,-34.343525849685825,-195.4779041352915
train_00008,train,2,B1,-300.02038655095106,281.945345818355,102.65674857433467
train_00008,train,2,B2,-0.005999031001887069,-229.76317644576972,192.8607270372473
train_00008,train,2,B3,299.96711130590694,-52.088818611785385,-295.3983171687042
train_00008,train,2,C1,1000.0144830039941,281.92719741636455,102.64251691596864
train_00008,train,2,C2,1150.0021223317256,-229.89706400624993,192.83624464510925
train_00008,train,2,C3,1300.015553426369,-52.13939062280546,-295.4154576917305
train_00008,train,3,A1,-749.9721736096566,273.0427936306809,99.351814209746
train_00008,train,3,A2,-900.0552973879659,-198.96872847538597,166.9766374970763
train_00008,train,3,A3,-1049.965136681189,-34.42412588594938,-195.4623778854679
train_00008,train,3,B1,-300.0205795181277,281.8433360731962,102.61590312272375
train_00008,train,3,B2,-0.04124260098750936,-229.86938999835718,192.84911607789172
train_00008,train,3,B3,299.9834353527992,-52.13452898737046,-295.398901401472
train_00008,train,3,C1,749.931594876939,281.9071577705346,102.70873865378026
train_00008,train,3,C2,899.925479777409,-229.7621791931257,192.92820594800935
train_00008,train,3,C3,1049.9986763032466,-52.13168019851822,-295.3648390891495
train_00008,train,4,A1,-750.0247133455239,272.95903382335973,99.4007037894197
train_00008,train,4,A2,-900.0599768519645,-199.03815787377013,166.97074108936508
train_00008,train,4,A3,-1049.961286766672,-34.42636687940248,-195.45265319762703
train_00008,train,4,B1,-300.08552998661486,281.8595751745549,102.57089566383263
train_00008,train,4,B2,-0.01373679246514451,-229.81503000331844,192.81296336659761
train_00008,train,4,B3,299.9809501440865,-52.06907562867763,-295.46633346981065
train_00008,train,4,C1,749.9307297801761,281.97331132028563,102.60964671408529
train_00008,train,4,C2,900.0655403681178,-229.71134286105595,192.86080904725824
train_00008,train,4,C3,1049.898992140718,-52.07368767409326,-295.50405460151165
train_00009,train,0,A1,-916.9125276984039,179.94118967155438,-193.47463851076412
train_00009,train,0,A2,-996.0439955545334,-304.8286585595782,-100.94386322976226
train_00009,train,0,A3,-1092.1500544195446,-201.35401816457752,-502.15511837395496
train_00009,train,0,B1,-1.884890196809285,304.2460754185262,3.768636345568603
train_00009,train,0,B2,224.28041543466068,-242.05519904870917,105.50467345886946
train_00009,train,0,B3,550.4382522265886,-115.43105461192792,-381.8722159694792
train_00009,train,0,C1,967.5165625020253,292.6265584310262,-75.1303752855136
train_00009,train,0,C2,1097.0963199194898,-226.1048175622596,-156.51389685804295
train_00009,train,0,C3,1296.9030359591393,100.5750178670926,-538.44196582538
train_00009,train,1,A1,-999.9339403902794,272.8369925502613,99.30769728421065
train_00009,train,1,A2,-1149.9816810849384,-199.12473923160172,166.9026067999467
train_00009,train,1,A3,-1300.0430134821215,-34.47476638463196,-195.489812136401
train_00009,train,1,B1,-300.04434594519927,281.794199904008,102.54927213356133
train_00009,train,1,B2,0.04784570724842151,-229.84591739372436,192.86817158684116
train_00009,train,1,B3,300.0599366139508,-52.185118665910785,-295.3977216831795
train_00009,train,1,C1,1000.0641998708746,281.8237998042376,102.58221123274298
train_00009,train,1,C2,1150.0405508130584,-229.8362081105503,192.7664009840813
train_00009,train,1,C3,1300.0103286644555,-52.11749781061211,-295.5577324408477
train_00009,train,2,A1,-750.0224148073527,272.76308729545786,99.26986389665619
train_00009,train,2,A2,-899.964544246894,-199.19669007650805,167.02807589067658
train_00009,train,2,A3,-1050.0053936256097,-34.70530721838146,-195.41270893844356
train_00009,train,2,B1,-299.96585248432086,281.80259001433564,102.52840208942746
train_00009,train,2,B2,0.02211961886270565,-229.8128681714541,192.87029513928184
train_00009,train,2,B3,300.0250095744126,-52.234809114986454,-295.43982904445926
train_00009,train,2,C1,1000.0691980634298,281.8940719354808,102.55100595610847
train_00009,train,2,C2,1150.0569236520187,-229.79341147564625,192.76534610705156
train_00009,train,2,C3,1299.9587832487516,-52.13117182222548,-295.5383249639593
train_00009,train,3,A1,-750.0710678320427,272.8096072596238,99.25828378334498
train_00009,train,3,A2,-899.9549112118829,-199.1638489738984,166.98526976724798
train_00009,train,3,A3,-1049.9408906860483,-34.79017630403503,-195.40015331612867
train_00009,train,3,B1,-300.0067010156485,281.8053665707868,102.553667173993
train_00009,train,3,B2,0.012130271115098816,-229.8214265529678,192.86482257883503
train_00009,train,3,B3,300.0371287010946,-52.17688802044911,-295.3815005729299
train_00009,train,3,C1,750.7369717248488,283.4857978721117,101.66611824085204
train_00009,train,3,C2,900.7151716001881,-228.26477960732672,191.94608366289657
train_00009,train,3,C3,1050.7922907682819,-50.668968608212616,-296.3134517883489
train_00009,train,4,A1,-750.1460743721462,273.03595996885645,99.46347692510207
train_00009,train,4,A2,-900.4635838334034,-198.85277338841948,166.94362304650755
train_00009,train,4,A3,-1050.1349313680091,-34.135376297596274,-195.50805701895712
train_00009,train,4,B1,-300.0589908166448,281.67553577557544,102.88342188437244
train_00009,train,4,B2,-0.4959563067767983,-230.3333950107853,193.09079491332952
train_00009,train,4,B3,299.8049955937036,-52.72348621198138,-295.0430341083516
train_00009,train,4,C1,750.7824413396105,282.3920001776077,102.39899778552497
train_00009,train,4,C2,900.2262199982941,-229.5069034169296,192.58743447515164
train_00009,train,4,C3,1050.6570279964149,-51.771647709391104,-295.59985769308724
train_00010,train,0,A1,-1274.146183255071,-50.12159744761524,114.92305968691704
train_00010,train,0,A2,-1418.4029175828755,-528.2403486117291,94.16344812171705
train_00010,train,0,A3,-1506.0877756623481,-319.4915580256207,-265.92462376291763
train_00010,train,0,B1,-57.92371475221956,326.06304367146043,-141.73527195966471
train_00010,train,0,B2,203.64550182393396,-202.21105697286526,-30.121026829734113
train_00010,train,0,B3,471.202814177132,-95.75147497393667,-556.5275743456724
train_00010,train,0,C1,1213.714013426256,7.426524704162481,-20.187039584389115
train_00010,train,0,C2,1214.8992913980735,-531.1707611655114,-69.58783128534678
train_00010,train,0,C3,1407.1887409963524,-281.56801011194136,-509.1031028966307
train_00010,train,1,A1,-999.9336926492397,273.04859716677214,99.27644719556785
train_00010,train,1,A2,-1150.009545752582,-198.9507094562249,166.93260723388923
train_00010,train,1,A3,-1299.9832391485777,-34.37052915754898,-195.44957132527185
train_00010,train,1,B1,-300.1162662463413,281.8494972620228,102.64484588803738
train_00010,train,1,B2,-0.017136620955815467,-229.81267256178262,192.8730527298038
train_00010,train,1,B3,300.0174809472167,-52.10388184419412,-295.373243583048
train_00010,train,1,C1,999.949088247563,281.9118679103886,102.63098157095003
train_00010,train,1,C2,1150.0587433302321,-229.82684043148504,192.87333673638403
train_00010,train,1,C3,1299.9419527152263,-52.120711459697446,-295.441420073799
train_00010,train,2,A1,-750.1650192037936,272.8625333889864,99.39675490456025
train_00010,train,2,A2,-900.0788142381308,-199.13096015815154,167.00576946844544
train_00010,train,2,A3,-1050.0721005838373,-34.61742356887322,-195.48606950610554
train_00010,train,2,B1,-300.02243572430905,281.93265839893553,102.5777184861538
train_00010,train,2,B2,-0.015561813134090219,-229.83094404866,192.8059300015485
train_00010,train,2,B3,300.04735903700043,-52.08757484824183,-295.42187617012377
train_00010,train,2,C1,999.9588299697261,281.8602734971635,102.67099257729534
train_00010,train,2,C2,1150.0281593029185,-229.85699002415294,192.87223172271112
train_00010,train,2,C3,1299.9097352575689,-52.12533753444944,-295.4431265717116
train_00010,train,3,A1,-750.138981179327,272.85269952521753,99.39930081947372
train_00010,train,3,A2,-900.0785275813066,-199.18591685388265,166.99228496994175
train_00010,train,3,A3,-1050.0323456409915,-34.6176413738598,-195.37835276485526
train_00010,train,3,B1,-300.0511019720082,281.8490725683403,102.55096629012195
train_00010,train,3,B2,-0.014896881813358527,-229.85953816066424,192.80747904643795
train_00010,train,3,B3,300.0157920175289,-52.030652131151164,-295.37954870491535
train_00010,train,3,C1,750.0022998020028,281.8759464993156,102.6494599840567
train_00010,train,3,C2,899.9125597145128,-229.83674326846844,192.87711247034395
train_00010,train,3,C3,1050.0236749922328,-52.111315420308806,-295.39182826043134
train_00010,train,4,A1,-750.0835291587335,272.90558668240203,99.3432072216065
train_00010,train,4,A2,-899.9940119360471,-199.05036078282686,167.00758653462213
train_00010,train,4,A3,-1049.9923340589412,-34.52692445028604,-195.46844820187022
train_00010,train,4,B1,-299.947953956076,282.0078896178085,102.56949071418822
train_00010,train,4,B2,0.0372423640706156,-229.81714063375213,192.84428688551245
train_00010,train,4,B3,300.05411857750204,-52.005917398956385,-295.4381432979905
train_00010,train,4,C1,749.9944894685093,281.8607722683238,102.63927739131334
train_00010,train,4,C2,899.9372961411545,-229.88775248079813,192.83995982687424
train_00010,train,4,C3,1050.0819001754614,-52.100984315969576,-295.4098545592045
train_00011,train,0,A1,-1019.8596071163548,152.2640198900264,202.3714475488655
train_00011,train,0,A2,-1146.760480430325,-331.0842083967029,207.9055668333188
train_00011,train,0,A3,-1145.5638813179446,-171.17835387260672,-186.2233840679393
train_00011,train,0,B1,-613.7145261986957,456.4188443092473,341.6196224642889
train_00011,train,0,B2,-321.81123041427134,-59.63990020780405,433.93924445778725
train_00011,train,0,B3,-14.8162106060755,114.33622311272835,-51.31529395439259
train_00011,train,0,C1,1044.9614674189727,420.87677124547076,-111.65108448195637
train_00011,train,0,C2,1180.5766075350673,-97.36320344035596,-37.27987235771061
train_00011,train,0,C3,1354.3520917008789,97.2115809404728,-510.99337653830503
train_00011,train,1,A1,-1000.0291432275477,273.05980570081266,99.32386299024304
train_00011,train,1,A2,-1150.0479771819137,-198.97638791949817,167.01743450311295
train_00011,train,1,A3,-1299.9025784471562,-34.4126639789984,-195.46126728923986
train_00011,train,1,B1,-300.00715014466925,281.9293037475851,102.59948467279233
train_00011,train,1,B2,0.04610519216022335,-229.80917150535535,192.79685725726623
train_00011,train,1,B3,299.9870499347461,-52.0273781103718,-295.53431245030833
train_00011,train,1,C1,999.911200428704,282.0048453867753,102.68149747566703
train_00011,train,1,C2,1150.0207750363722,-229.7229834930623,192.8596003475853
train_00011,train,1,C3,1299.9565636434313,-51.87845622266613,-295.3916198092906
train_00011,train,2,A1,-749.9651006917657,272.88883468955197,99.37210009513949
train_00011,train,2,A2,-899.8901176966256,-199.183267040532,167.05937774467444
train_00011,train,2,A3,-1050.0474504550486,-34.59956979328323,-195.30393495220147
train_00011,train,2,B1,-299.9610880186575,281.93138943562576,102.60919086461851
train_00011,train,2,B2,0.019920101128184826,-229.82282134381245,192.85343980813795
train_00011,train,2,B3,300.00009957281856,-52.041433973673456,-295.4842835845656
train_00011,train,2,C1,999.9382112131857,282.08195652130325,102.64685722706152
train_00011,train,2,C2,1149.976663565018,-229.67246579295093,192.87778368342944
train_00011,train,2,C3,1299.9625339849574,-51.90379577216533,-295.4665580018392
train_00011,train,3,A1,-749.9751345258404,272.84619721022517,99.34032164544556
train_00011,train,3,A2,-899.912230326519,-199.13825833107012,167.11180534147047
train_00011,train,3,A3,-1050.0040473142185,-34.54388225593813,-195.28905670291408
train_00011,train,3,B1,-300.01752537396214,281.87137725495234,102.59945810405625
train_00011,train,3,B2,0.07361729542424311,-229.81636029997821,192.81898781622607
train_00011,train,3,B3,299.9671907552149,-52.036369431341356,-295.445146852092
train_00011,train,3,C1,750.0040302836004,281.8228567124047,102.534569763488
train_00011,train,3,C2,900.102889926499,-229.8795091922845,192.76192776458848
train_00011,train,3,C3,1050.0009374932347,-52.18714560059199,-295.498791871761
train_00011,train,4,A1,-749.9538857427881,273.0040720648467,99.21109798502556
train_00011,train,4,A2,-899.9454914850852,-198.9280358819091,166.94377770823397
train_00011,train,4,A3,-1050.057088917448,-34.40401901442706,-195.45609771528893
train_00011,train,4,B1,-299.9738363335232,282.03666712242017,102.50713029372145
train_00011,train,4,B2,0.0261821694942373,-229.69969598382832,192.7429175847517
train_00011,train,4,B3,300.0105179435718,-51.9941497000421,-295.4299022524448
train_00011,train,4,C1,749.9712836006374,281.8280456368836,102.58103826900705
train_00011,train,4,C2,900.0479681418523,-229.87684975975804,192.86095166196617
train_00011,train,4,C3,1049.9610864830654,-52.25925653574424,-295.5334729002291
train_00012,train,0,A1,-1284.857353367043,179.4500224296291,-218.091116638708
train_00012,train,0,A2,-1420.4605396219765,-297.86738293172874,-157.86567493308576
train_00012,train,0,A3,-1580.056494619291,-130.66180824280684,-514.9490392611445
train_00012,train,0,B1,-614.8026295230245,581.7277000703442,48.19142285770952
train_00012,train,0,B2,-369.54269527266405,36.473766828400684,98.47079528244424
train_00012,train,0,B3,-29.732063269258322,229.94580409484135,-356.604035130262
train_00012,train,0,C1,1152.9390481862872,399.40596821034654,220.28479671598183
train_00012,train,0,C2,1381.9250468366472,-66.78820733222912,371.0342070662113
train_00012,train,0,C3,1476.8354749384334,53.38424056188782,-147.57960882032617
train_00012,train,1,A1,-999.9970425719694,272.92241223397434,99.36107807059021
train_00012,train,1,A2,-1150.0104811324748,-199.04530942294775,166.867789615278
train_00012,train,1,A3,-1300.0029211885417,-34.35811730695896,-195.53479130756475
train_00012,train,1,B1,-300.0136056060372,282.0042604513503,102.62352851759947
train_00012,train,1,B2,-0.07103238522264069,-229.74559577488932,192.833185357067
train_00012,train,1,B3,299.9820926591177,-52.08414543580022,-295.4384289004634
train_00012,train,1,C1,999.9869250489315,281.8203073677458,102.5620373268744
train_00012,train,1,C2,1150.0132807258276,-229.83346841447567,192.84512503498465
train_00012,train,1,C3,1299.9695615030653,-52.121149288733626,-295.4761506996016
train_00012,train,2,A1,-749.9380305465666,273.09673101348136,99.33389521250616
train_00012,train,2,A2,-900.0296128050209,-198.89088977212901,167.06897565478917
train_00012,train,2,A3,-1050.0166342324133,-34.27577273614359,-195.41904478835482
train_00012,train,2,B1,-300.0187820026922,282.0288985875709,102.67202346123874
train_00012,train,2,B2,-0.023880972891638666,-229.8313894159344,192.84653591718413
train_00012,train,2,B3,299.9631892476762,-52.05940045564066,-295.44814542753727
train_00012,train,2,C1,1000.0674667940135,281.930661856846,102.57892291842872
train_00012,train,2,C2,1150.0268291417642,-229.81803969574918,192.812946300756
train_00012,train,2,C3,1300.0369372205819,-52.11839216456583,-295.45999738871893
train_00012,train,3,A1,-750.0081393759272,273.11291383962896,99.3535943766534
train_00012,train,3,A2,-900.0265623313982,-198.84054416877044,167.02420909719422
train_00012,train,3,A3,-1049.9919910252495,-34.331226558897235,-195.39703941801244
train_00012,train,3,B1,-300.02099225580855,281.9241489625008,102.6708885215779
train_00012,train,3,B2,0.015603125941477926,-229.7844951075645,192.83564873858285
train_00012,train,3,B3,300.02949958889565,-52.05985433480915,-295.45245731034737
train_00012,train,3,C1,750.0141907440695,281.8369508750246,102.55002473175573
train_00012,train,3,C2,899.9658229394466,-229.84019899071916,192.68116954512863
train_00012,train,3,C3,1049.9222982661709,-52.082732526536915,-295.58350904883633
train_00012,train,4,A1,-749.9733340262942,272.98010088338236,99.30290188532476
train_00012,train,4,A2,-899.9308292936604,-198.92517977670883,167.1006456948399
train_00012,train,4,A3,-1049.9149753347147,-34.49753535425922,-195.38663018493276
train_00012,train,4,B1,-299.96230288405025,281.8519833878552,102.64966788610819
train_00012,train,4,B2,0.006293696821820556,-229.84703104055487,192.89963899211088
train_00012,train,4,B3,300.0661622459328,-52.120147612734264,-295.37203226381865
train_00012,train,4,C1,749.9518652996869,281.8297037989798,102.55728363687442
train_00012,train,4,C2,899.9869203902672,-229.8707169325493,192.885412940084
train_00012,train,4,C3,1049.9263685309684,-52.126209063003486,-295.4480061322937
train_00013,train,0,A1,-1135.1000834246852,-32.89497987629353,418.0286941504074
train_00013,train,0,A2,-1294.5639636598096,-505.63350105967226,448.54258661185185
train_00013,train,0,A3,-1442.1338277838831,-309.74393970081064,100.9401070135409
train_00013,train,0,B1,-152.2154536020516,-47.584339353034494,-210.72304775954936
train_00013,train,0,B2,157.54113599011907,-551.7706632687621,-111.60680157884434
train_00013,train,0,B3,490.90276363265997,-347.1730532532349,-566.5179474457328
train_00013,train,0,C1,1199.3798453946802,449.81906183016446,-26.648338780505853
train_00013,train,0,C2,1141.9113805443308,-80.1161735248202,64.9078094231446
train_00013,train,0,C3,1307.837837839885,27.20061360471016,-438.58921056570375
train_00013,train,1,A1,-999.9794202427659,273.04838009867365,99.3199737728784
train_00013,train,1,A2,-1150.0396120092582,-198.94765323781158,166.9817968356795
train_00013,train,1,A3,-1300.0010987330284,-34.44001920399239,-195.38187066551396
train_00013,train,1,B1,-300.0919853820176,281.81383720959536,102.60095916378717
train_00013,train,1,B2,-0.0429930127133226,-229.79471083424085,192.83242053463363
train_00013,train,1,B3,299.99422238537113,-52.102044300323236,-295.47315636849015
train_00013,train,1,C1,1000.0065151199851,281.8712449323307,102.58948999531526
train_00013,train,1,C2,1149.9692254845995,-229.85604710593776,192.92307981591316
train_00013,train,1,C3,1299.9753034328162,-52.11820514398837,-295.3383766479165
train_00013,train,2,A1,-750.3198859792735,270.77220952096786,99.2936969722011
train_00013,train,2,A2,-900.2915440490008,-201.224710813474,166.93475374708942
train_00013,train,2,A3,-1050.2922391141115,-36.70028444558071,-195.5094940380517
train_00013,train,2,B1,-300.0266290360874,281.89305756542143,102.60506830383069
train_00013,train,2,B2,-0.07163642958369262,-229.8944810510246,192.85901730910427
train_00013,train,2,B3,300.044747447536,-52.12103381063693,-295.4230621648474
train_00013,train,2,C1,1000.0017492901276,281.93469285293935,102.68100454030392
train_00013,train,2,C2,1149.9409460946845,-229.84807329349047,192.8618459646045
train_00013,train,2,C3,1299.9502148126282,-52.09028464281708,-295.3858861053454
train_00013,train,3,A1,-750.3112511171348,270.8303266236185,99.3097821832702
train_00013,train,3,A2,-900.2231356649222,-201.190847114107,166.9263102048178
train_00013,train,3,A3,-1050.2617994934049,-36.6121910695831,-195.50544253698007
train_00013,train,3,B1,-300.0170821082963,281.8960131039356,102.63194923970707
train_00013,train,3,B2,0.04514516387872561,-229.83673653616415,192.8707183342383
train_00013,train,3,B3,300.0000749885266,-52.08467965615317,-295.432236045892
train_00013,train,3,C1,749.9826937552217,281.803188036376,102.71933773013886
train_00013,train,3,C2,899.9573957034889,-229.94907806785878,192.88086678361364
train_00013,train,3,C3,1050.0239951830988,-52.19434384467909,-295.3447495806921
train_00013,train,4,A1,-749.9701211547157,272.33711825940713,99.35632760628954
train_00013,train,4,A2,-900.3940562756987,-199.5370855436906,166.99587687478927
train_00013,train,4,A3,-1050.3522367593189,-34.77721266037331,-195.3889637482579
train_00013,train,4,B1,-299.663730071978,282.9740084513563,102.62383512640163
train_00013,train,4,B2,-0.20554740119939746,-229.1043139820764,192.85069505840514
train_00013,train,4,B3,299.95948927783945,-51.65935676668359,-295.44980859732607
train_00013,train,4,C1,750.3047779078186,281.7303809051324,102.64897302962139
train_00013,train,4,C2,899.7951683467302,-230.17539471737598,192.7781423121729
train_00013,train,4,C3,1049.9649250706673,-52.54800014426703,-295.4317840345417
train_00014,train,0,A1,-1203.716316303984,-17.43841839514481,206.9290484931711
train_00014,train,0,A2,-1381.0238567815145,-482.65449486822075,251.703380267294
train_00014,train,0,A3,-1619.9497393493928,-245.25182553427757,-8.102099631403757
train_00014,train,0,B1,-228.61800525092914,53.53260375809425,18.135223575566535
train_00014,train,0,B2,-63.84593873223259,-519.1008427961079,-52.57846858634428
train_00014,train,0,B3,247.71175777111176,-293.95128857879405,-513.2649855637512
train_00014,train,0,C1,1307.4733518213325,419.27455705788435,226.8612422502579
train_00014,train,0,C2,1345.1625585347688,-101.2524240507375,368.50813759766476
train_00014,train,0,C3,1526.538418173673,-8.494076466930936,-132.39970860390724
train_00014,train,1,A1,-999.9524270069525,273.0240370673927,99.31725508261808
train_00014,train,1,A2,-1149.9381776141581,-199.0196959547986,167.02368570109144
train_00014,train,1,A3,-1299.9471177403545,-34.46584346129108,-195.3924290625317
train_00014,train,1,B1,-299.9837749605829,281.96739141259127,102.6308866579159
train_00014,train,1,B2,0.055947871286519776,-229.860582898773,192.82405776642793
train_00014,train,1,B3,300.05081973963917,-52.04495762175687,-295.4920428366664
train_00014,train,1,C1,1000.0648397478702,281.9701278963133,102.70695714175964
train_00014,train,1,C2,1150.044722303162,-229.82259348786198,192.81881612793174
train_00014,train,1,C3,1299.9688116631462,-52.06853051449238,-295.4270256805008
train_00014,train,2,A1,-749.8968864214157,272.9245389541575,99.4040809282748
train_00014,train,2,A2,-899.918703756128,-199.04548623877525,167.03510525749795
train_00014,train,2,A3,-1049.9353175244858,-34.416024905954195,-195.36170275093872
train_00014,train,2,B1,-299.93146508262345,281.93696464835386,102.63097217359402
train_00014,train,2,B2,0.02885322875494272,-229.77752607825582,192.8199478839878
train_00014,train,2,B3,300.07554934700175,-52.0695588209512,-295.44319928168414
train_00014,train,2,C1,999.937254022464,281.9486978141613,102.70120412985297
train_00014,train,2,C2,1150.0745945414365,-229.82881807411457,192.9047196399758
train_00014,train,2,C3,1299.9699396279182,-51.98304779042367,-295.47865992134825
train_00014,train,3,A1,-749.838236211683,272.9515701246388,99.4496079706531
train_00014,train,3,A2,-899.9443783894936,-199.0564844986008,167.0244384729346
train_00014,train,3,A3,-1049.9295462061355,-34.41358686009186,-195.33042824273548
train_00014,train,3,B1,-299.9728357392911,281.9043514713136,102.60728296572343
train_00014,train,3,B2,0.05074168922863394,-229.7760395928258,192.8248146049269
train_00014,train,3,B3,300.0087399212183,-52.05591245804231,-295.45567789032225
train_00014,train,3,C1,750.0980368874094,281.92352097320787,102.62230156932864
train_00014,train,3,C2,899.987055528014,-229.8716539833271,192.79986685795552
train_00014,train,3,C3,1050.0521169582282,-52.00387498368661,-295.4434968712792
train_00014,train,4,A1,-749.99156432708,272.87106302912224,99.3743903917948
train_00014,train,4,A2,-899.9793963535171,-199.05451581190545,167.02296758942052
train_00014,train,4,A3,-1050.015788806369,-34.44287400509635,-195.37856354449983
train_00014,train,4,B1,-299.96344733707724,281.96966790637384,102.56148359905848
train_00014,train,4,B2,-0.05090288126626781,-229.70361772349565,192.77042223343554
train_00014,train,4,B3,299.9792902031817,-52.08408803158852,-295.46135713700136
train_00014,train,4,C1,749.9830507752937,281.9092501710873,102.53959028658373
train_00014,train,4,C2,899.9683454950105,-229.78888628875387,192.8121378716103
train_00014,train,4,C3,1049.963258259873,-52.105060368990934,-295.49696843030176
train_00015,train,0,A1,-1238.664373324741,273.2457826202146,-245.67259281429568
train_00015,train,0,A2,-1365.8952163552399,-193.5995396292324,-120.39246866295697
train_00015,train,0,A3,-1537.1599535182202,-75.80083452381504,-491.5222943590918
train_00015,train,0,B1,-0.40081635480394207,539.3128510058808,-160.32977531442071
train_00015,train,0,B2,158.3823790670068,8.471757478537373,69.68832678492146
train_00015,train,0,B3,462.8965966070291,-38.76032645678194,-445.1895840824519
train_00015,train,0,C1,886.937515898009,-53.53032661794646,364.5574916647616
train_00015,train,0,C2,1119.3937089571082,-539.1755758478538,415.7771813138358
train_00015,train,0,C3,1347.7825631031865,-239.12301543112758,28.068342696919693
train_00015,train,1,A1,-999.9821290087775,272.9279856123865,99.37808239720162
train_00015,train,1,A2,-1149.999455507062,-199.15848533165075,166.98419544265698
train_00015,train,1,A3,-1300.0308318857142,-34.394725636547626,-195.4112813322905
train_00015,train,1,B1,-298.3791743137871,283.0667640605906,102.53332376996718
train_00015,train,1,B2,1.6244538401620947,-228.62001040135996,192.80118880981354
train_00015,train,1,B3,301.5897037732061,-50.85737224828428,-295.58461525290426
train_00015,train,1,C1,1000.0049388210839,281.986950647181,102.60519621349839
train_00015,train,1,C2,1150.013026243705,-229.72899774777136,192.81454351170996
train_00015,train,1,C3,1300.0379179908623,-51.992161270388856,-295.41512065501905
train_00015,train,2,A1,-748.4734663093179,274.133980674287,99.29686615310396
train_00015,train,2,A2,-898.3804112986078,-197.8651702466053,166.97731571350909
train_00015,train,2,A3,-1048.3625343633366,-33.35551064276362,-195.4217542919838
train_00015,train,2,B1,-298.36562698680495,283.11995280576315,102.57867258668027
train_00015,train,2,B2,1.5502437607348374,-228.62575863443735,192.74154475335013
train_00015,train,2,B3,301.5978635370025,-50.9290620051725,-295.5056328962611
train_00015,train,2,C1,1000.0309884785817,281.9332366497578,102.61566871005235
train_00015,train,2,C2,1150.041799309383,-229.83206005973153,192.8300727646781
train_00015,train,2,C3,1300.0451863625185,-52.02962329328953,-295.4000074497497
train_00015,train,3,A1,-748.4636109597341,274.067507494105,99.27337797435439
train_00015,train,3,A2,-898.395325284558,-197.84176917788687,166.96448464584657
train_00015,train,3,A3,-1048.4872112275127,-33.40132920165612,-195.46475158535185
train_00015,train,3,B1,-298.35728580142904,283.0933108710124,102.59339725568401
train_00015,train,3,B2,1.604616156627948,-228.65516826840022,192.77267047436897
train_00015,train,3,B3,301.62411114267485,-50.93498592932628,-295.55984248156693
train_00015,train,3,C1,751.6400560044049,283.07813168731474,102.56218122769096
train_00015,train,3,C2,901.5213240025125,-228.73912188050502,192.79342022560652
train_00015,train,3,C3,1051.5669663065628,-51.02456141450954,-295.4962839355208
train_00015,train,4,A1,-750.0151128206717,272.9360619441069,99.3734919263926
train_00015,train,4,A2,-899.9365052775732,-199.06290503919885,167.01583487605976
train_00015,train,4,A3,-1050.0550382695635,-34.49849318708006,-195.41809311784309
train_00015,train,4,B1,-299.8960230250985,281.9257302180418,102.58305144890042
train_00015,train,4,B2,0.030497789505106468,-229.79259553456342,192.74093235202406
train_00015,train,4,B3,300.025368853923,-52.028000677221584,-295.52608645306606
train_00015,train,4,C1,750.0550096727333,281.8477921942054,102.6139506152823
train_00015,train,4,C2,899.9597895773089,-229.8670911741123,192.75692597930322
train_00015,train,4,C3,1049.9174288116262,-52.16987979355087,-295.53495927432357
train_00016,train,0,A1,-851.2191461694183,-25.844531726769283,-78.54883065027995
train_00016,train,0,A2,-973.5523493519033,-501.2135477227662,15.700329815217824
train_00016,train,0,A3,-1145.7429675198152,-361.2604921023377,-347.1639168243972
train_00016,train,0,B1,-78.2017830898679,546.9969524478346,-205.54067458298704
train_00016,train,0,B2,109.55762276034984,2.9897781315364322,-35.80807528042335
train_00016,train,0,B3,445.66312104754417,47.2885403666532,-530.8364312889212
train_00016,train,0,C1,1277.737104110145,390.8458816842295,374.9677672504366
train_00016,train,0,C2,1406.1750779477336,-133.83285257319918,348.6385217869734
train_00016,train,0,C3,1441.6757302378687,113.23087840356995,-131.093085017168
train_00016,train,1,A1,-999.9625247826766,272.9301210987124,99.33113617379922
train_00016,train,1,A2,-1149.9958362123089,-199.07564421201778,166.98440570224142
train_00016,train,1,A3,-1299.957401446115,-34.411328830034854,-195.41889985403958
train_00016,train,1,B1,-299.94354292621074,281.92129585746727,102.63600882785352
train_00016,train,1,B2,0.0072251587096620225,-229.81651886057713,192.84038167238336
train_00016,train,1,B3,299.9739769931008,-52.14476288171996,-295.4020867864071
train_00016,train,1,C1,1000.0343351354769,281.7984581453819,102.57491257086504
train_00016,train,1,C2,1149.9834923971337,-229.90455660733073,192.73510328975732
train_00016,train,1,C3,1300.0314668318056,-52.29004536326668,-295.52062892428455
train_00016,train,2,A1,-751.8120530842797,272.6405982283192,99.39705969588225
train_00016,train,2,A2,-901.9492668195832,-199.3319469153639,167.06950057593076
train_00016,train,2,A3,-1051.9753877084522,-34.74735033334368,-195.34002866149947
train_00016,train,2,B1,-299.9561862046787,281.94290623827357,102.60675402057512
train_00016,train,2,B2,0.0315611735493115,-229.71305029771045,192.85777580498805
train_00016,train,2,B3,299.962428216865,-52.17420743015252,-295.3900401252028
train_00016,train,2,C1,999.9559847590253,281.8199803086774,102.50797574245037
train_00016,train,2,C2,1149.9913964231077,-229.99860317921775,192.75194475812813
train_00016,train,2,C3,1300.0048581315598,-52.22602946353653,-295.57636224637434
train_00016,train,3,A1,-751.9124256031532,272.6787838779243,99.40246523056561
train_00016,train,3,A2,-901.9202252226061,-199.28596387737656,167.0606702425043
train_00016,train,3,A3,-1051.934009889574,-34.7895797156548,-195.3367659173819
train_00016,train,3,B1,-300.0145674877524,281.9222681120356,102.62912971315555
train_00016,train,3,B2,-0.07796485972336964,-229.84756398829214,192.84452338187984
train_00016,train,3,B3,299.979332555767,-52.16266792190038,-295.4629263752091
train_00016,train,3,C1,750.1081210173611,281.9473803633884,102.49116584318139
train_00016,train,3,C2,900.0239785115115,-229.81565241225917,192.83610798147075
train_00016,train,3,C3,1049.9928126753287,-52.20031294596296,-295.52628186136656
train_00016,train,4,A1,-751.1848066983576,272.88412097577753,99.35230001140948
train_00016,train,4,A2,-901.4282644423819,-199.09679459863645,167.00217507295304
train_00016,train,4,A3,-1051.249577783983,-34.49888050422745,-195.40330090175792
train_00016,train,4,B1,-299.29014137560176,282.0800067051444,102.62058817621043
train_00016,train,4,B2,0.5421391034324851,-229.75125421315502,192.8695538249111
train_00016,train,4,B3,300.65861751012767,-52.10153798206063,-295.4939224630255
train_00016,train,4,C1,750.7341996273125,281.8298479665541,102.54895425116611
train_00016,train,4,C2,900.6318937807686,-229.8863492267061,192.78970423242683
train_00016,train,4,C3,1050.61458297825,-52.250740262873414,-295.47166263655413
train_00017,train,0,A1,-852.9798181520074,407.01932802983316,111.1922312666089
train_00017,train,0,A2,-1003.9107137111507,-65.94050275165904,169.56989757137106
train_00017,train,0,A3,-1166.8530616303146,111.2886943755334,-181.05661746162937
train_00017,train,0,B1,25.109033106443214,244.52967722148915,45.42607082953271
train_00017,train,0,B2,299.50006829819296,-264.49436104955873,205.02622536318714
train_00017,train,0,B3,665.1218966853556,-121.35376022696228,-248.64518217219964
train_00017,train,0,C1,759.201809124599,448.4458154524285,94.39883027205312
train_00017,train,0,C2,1016.900687209756,-6.718325069065828,231.97590779782442
train_00017,train,0,C3,1151.3637797251645,167.2543072544237,-262.1489551530555
train_00017,train,1,A1,-1000.0440402051735,272.90921022667186,99.33752243061197
train_00017,train,1,A2,-1149.9990562380426,-199.09411282346147,166.9862757251291
train_00017,train,1,A3,-1299.9917354165962,-34.498338117930466,-195.43048822786335
train_00017,train,1,B1,-300.00715095131415,281.9492867302206,102.57956965109473
train_00017,train,1,B2,-0.0001316897873895051,-229.870483875151,192.82259575946856
train_00017,train,1,B3,299.97261435695646,-52.08822561205608,-295.440769937348
train_00017,train,1,C1,1000.0005397756107,281.91214884697064,102.50978019014232
train_00017,train,1,C2,1150.0301133523526,-229.79044922362445,192.75484914793992
train_00017,train,1,C3,1299.9893556992326,-52.08461575647326,-295.5962779973378
train_00017,train,2,A1,-750.0209477813283,272.96919348020964,99.32687863967638
train_00017,train,2,A2,-900.0839997779653,-198.94961715101803,166.95543818537683
train_00017,train,2,A3,-1050.0940851619682,-34.38423662913497,-195.50084528084068
train_00017,train,2,B1,-299.9957626204974,281.91727038368015,102.58634997854983
train_00017,train,2,B2,-0.022446128877536976,-229.78030959383182,192.7717617641821
train_00017,train,2,B3,299.9364996947946,-52.06081515093166,-295.49297447239314
train_00017,train,2,C1,1000.010594669653,281.89939863445557,102.47551798616482
train_00017,train,2,C2,1150.037897844257,-229.76763141918534,192.7197532304476
train_00017,train,2,C3,1299.9772660356152,-52.068363543542915,-295.5122504483708
train_00017,train,3,A1,-750.0384579932767,273.0552147180233,99.3439904609792
train_00017,train,3,A2,-900.0470794734679,-198.96372708239494,166.95314342674212
train_00017,train,3,A3,-1049.9821687186036,-34.373263574629405,-195.47639062192525
train_00017,train,3,B1,-299.9980883711006,281.86623127617247,102.62832843034138
train_00017,train,3,B2,-0.014797511469526606,-229.87207830586613,192.7810791788946
train_00017,train,3,B3,299.9232114442067,-52.15563450201458,-295.462776260383
train_00017,train,3,C1,750.0187601350167,281.9402453973825,102.61079617168173
train_00017,train,3,C2,899.9644253752548,-229.78566657830268,192.74332218443743
train_00017,train,3,C3,1049.947451737209,-52.021986545337256,-295.5591304026386
train_00017,train,4,A1,-750.0390181690306,272.9222731040893,99.31027958798171
train_00017,train,4,A2,-900.0076756583418,-198.98387065867348,167.03263065332038
train_00017,train,4,A3,-1050.0034058486885,-34.523214445278015,-195.38657358174257
train_00017,train,4,B1,-300.0520578238472,281.85607230732705,102.66213031645616
train_00017,train,4,B2,0.028169707215601282,-229.8445165444618,192.8784494523236
train_00017,train,4,B3,300.0495097695069,-52.09654699465455,-295.43487564505796
train_00017,train,4,C1,749.9994193114878,281.95779943403403,102.63270549219602
train_00017,train,4,C2,899.9798051120619,-229.68251095081885,192.84989643514194
train_00017,train,4,C3,1050.009970968879,-52.0223096810947,-295.4473495137882
train_00018,train,0,A1,-798.8419354968524,-3.7566337574499746,62.726047582920486
train_00018,train,0,A2,-794.7564046340967,-503.6455486179536,63.433004980666844
train_00018,train,0,A3,-1024.4920241640555,-346.4842253832428,-258.2875743989642
train_00018,train,0,B1,-357.0613524973197,381.5229248732675,181.47938711299616
train_00018,train,0,B2,-36.338063957843254,-113.16127639650986,292.78317505304926
train_00018,train,0,B3,252.77449849741552,53.09114403565566,-205.96671164123134
train_00018,train,0,C1,1169.0167529219161,519.8441871582954,311.9875547167886
train_00018,train,0,C2,1380.6836279188499,24.81143292956908,363.73244739407596
train_00018,train,0,C3,1453.5488642635976,231.57404643334374,-130.81262647266854
train_00018,train,1,A1,-999.9764263070576,272.87997763129124,99.48722583851828
train_00018,train,1,A2,-1149.9918383474396,-199.08247157417756,166.98429421593832
train_00018,train,1,A3,-1299.9842557885938,-34.51981338550426,-195.3942948431249
train_00018,train,1,B1,-299.96771494434876,281.9132688990753,102.63483381640381
train_00018,train,1,B2,0.01009794809263661,-229.75332783185112,192.77045226992053
train_00018,train,1,B3,299.9945103695133,-52.03970835190876,-295.49069263772793
train_00018,train,1,C1,1000.0194762747869,281.8772858159192,102.63034765368512
train_00018,train,1,C2,1150.011641275822,-229.86753754783192,192.8049789096794
train_00018,train,1,C3,1299.9933178314968,-52.139589955430694,-295.4801361328206
train_00018,train,2,A1,-749.7193701647943,271.4699861584288,100.56783380407327
train_00018,train,2,A2,-899.7492605001298,-200.56724285030154,168.18067435036374
train_00018,train,2,A3,-1049.819311255561,-35.94655085748658,-194.2704841998762
train_00018,train,2,B1,-300.04479152879026,281.8745649186391,102.65152586284567
train_00018,train,2,B2,0.03770337191871222,-229.8296580621286,192.81025061091805
train_00018,train,2,B3,299.9924687349111,-52.04937163062187,-295.4751323264722
train_00018,train,2,C1,1000.0601681149598,281.80593631044906,102.62147889341043
train_00018,train,2,C2,1150.0170610215885,-229.85955003011853,192.74994376625375
train_00018,train,2,C3,1299.99777422346,-52.18484308908257,-295.48291106951854
train_00018,train,3,A1,-749.703729165246,271.439835993388,100.59303237319905
train_00018,train,3,A2,-899.7177640922638,-200.48675781187998,168.13347431492193
train_00018,train,3,A3,-1049.8423826133721,-35.963644174137094,-194.2524443856981
train_00018,train,3,B1,-300.0618902366335,281.85885604600855,102.62571420056973
train_00018,train,3,B2,-0.015298695228594866,-229.79879153368802,192.8271114485429
train_00018,train,3,B3,299.95430101017456,-52.025280628337505,-295.4847677004032
train_00018,train,3,C1,750.0434458112527,281.9482084084318,102.57675888754778
train_00018,train,3,C2,900.0832441750259,-229.79943434063182,192.68272122944975
train_00018,train,3,C3,1049.9587705526076,-52.030475272266706,-295.60599920678567
train_00018,train,4,A1,-749.6479443048266,272.491842818015,99.67990326482366
train_00018,train,4,A2,-900.0631583052501,-199.41316580183238,167.23141348816833
train_00018,train,4,A3,-1049.6807882811104,-34.72694505469403,-195.28012909327822
train_00018,train,4,B1,-299.93969179568694,282.6281871310091,102.03257990735682
train_00018,train,4,B2,-0.3334676994153926,-229.30250007213573,192.49130639501888
train_00018,train,4,B3,300.1343153050761,-51.732198881603615,-295.61633100914923
train_00018,train,4,C1,750.1367938429993,281.9174041727563,102.74159778550562
train_00018,train,4,C2,899.697467604287,-229.89489958103582,192.96572045228345
train_00018,train,4,C3,1050.0804187799354,-52.231603500252874,-295.217212308101
train_00019,train,0,A1,-1021.8001378053233,556.6803657344948,-155.27596674950723
train_00019,train,0,A2,-1042.2818739715783,75.9618245925303,-19.95849600799277
train_00019,train,0,A3,-1251.2868113554805,148.370477675748,-383.2971372642108
train_00019,train,0,B1,-111.67973441193237,282.2467728973249,387.4132715490413
train_00019,train,0,B2,220.04393164636016,-217.61094715338515,382.9070086380641
train_00019,train,0,B3,380.0878920599851,-16.601403576733585,-159.3290342893816
train_00019,train,0,C1,1169.4917447475632,498.5070212102581,-143.3670262305054
train_00019,train,0,C2,1414.0465934255467,30.850243955641414,-25.22589592182593
train_00019,train,0,C3,1578.281404078074,238.12637809629985,-496.98453172652074
train_00019,train,1,A1,-999.945682617154,272.94866145389796,99.46551393247888
train_00019,train,1,A2,-1149.9866155831944,-199.05244505831675,167.09286659406084
train_00019,train,1,A3,-1300.0443779145776,-34.40321493497413,-195.27033946916828
train_00019,train,1,B1,-299.9912578313653,281.878961144589,102.5500887841597
train_00019,train,1,B2,-0.017241159764314472,-229.8026425485393,192.72892830560335
train_00019,train,1,B3,299.94897548450194,-52.10887946512233,-295.46843075035287
train_00019,train,1,C1,999.9732764560865,281.96182192807646,102.67359318976251
train_00019,train,1,C2,1150.0554014651966,-229.79162934435038,192.763723171241
train_00019,train,1,C3,1299.9162755213813,-52.079877144826774,-295.5195952128025
train_00019,train,2,A1,-750.0678557151559,272.9914804882905,99.27569721315416
train_00019,train,2,A2,-900.0373857104673,-198.9928074949637,166.8930621640103
train_00019,train,2,A3,-1049.9973763600506,-34.450404497711894,-195.49888391592253
train_00019,train,2,B1,-300.05591463459865,281.9845471655306,102.66376001651498
train_00019,train,2,B2,-0.0019071489725669064,-229.8615950072071,192.82978002259048
train_00019,train,2,B3,299.95416119699763,-52.15816531558625,-295.49303635727097
train_00019,train,2,C1,1000.0034204771724,281.89543115052237,102.61599276454893
train_00019,train,2,C2,1150.025898161352,-229.77361398480068,192.80219183719507
train_00019,train,2,C3,1299.9583486598403,-52.07915708332504,-295.49911724746755
train_00019,train,3,A1,-750.0546646470866,272.99962270958923,99.2500996262414
train_00019,train,3,A2,-900.0891113638822,-199.0156843974147,166.91514104551584
train_00019,train,3,A3,-1050.032459312077,-34.43194212814342,-195.5582728324465
train_00019,train,3,B1,-299.96061435800283,281.96616587876673,102.6260247440229
train_00019,train,3,B2,-0.015868080817023563,-229.878464436402,192.80172058678508
train_00019,train,3,B3,299.9858505351279,-52.126630031074036,-295.445286563391
train_00019,train,3,C1,749.9909356319763,281.7907113946791,102.63673115680389
train_00019,train,3,C2,899.993855970473,-229.94294094373467,192.72194611516022
train_00019,train,3,C3,1049.909870585797,-52.149737670318075,-295.45959148298317
train_00019,train,4,A1,-750.0397066545048,272.990850160778,99.34071598752699
train_00019,train,4,A2,-900.039577214422,-199.01227661356842,167.0208659669206
train_00019,train,4,A3,-1049.9598340405537,-34.4647705321975,-195.36165391499807
train_00019,train,4,B1,-299.9895541718493,281.93159474995286,102.67491026365353
train_00019,train,4,B2,0.07675137242792557,-229.7412576884713,192.8694748623687
train_00019,train,4,B3,300.03235030746777,-52.106365247898935,-295.4545985192157
train_00019,train,4,C1,749.9852838563299,281.8966194082938,102.50328432585204
train_00019,train,4,C2,899.9812305227535,-229.84992724761725,192.7389501710294
train_00019,train,4,C3,1049.9268074972638,-52.120995570839774,-295.6015027749973
train_00020,train,0,A1,-650.0431847837682,462.311125763927,-100.00574400572158
train_00020,train,0,A2,-826.7866301334851,-4.213954778844776,-68.70602311399426
train_00020,train,0,A3,-964.7220393823361,195.48761806060045,-418.11944050796285
train_00020,train,0,B1,-431.25603663274944,675.3484102511972,-137.96103049176995
train_00020,train,0,B2,-290.783670529354,127.68286044875012,63.088338883834815
train_00020,train,0,B3,78.79321891586278,131.21004023273233,-409.5488537581982
train_00020,train,0,C1,964.5031788546185,345.3206495953716,1.4235215087353483
train_00020,train,0,C2,989.7329916238882,-174.2409815705438,149.4425410997949
train_00020,train,0,C3,1098.3506093881595,-102.03519960055333,-375.435358346037
train_00020,train,1,A1,-1000.0180802751819,272.96060876035483,99.27644474072184
train_00020,train,1,A2,-1149.930315893242,-199.0064445129853,166.90385019507423
train_00020,train,1,A3,-1299.993423366228,-34.49319053185045,-195.44382711791133
train_00020,train,1,B1,-299.97040093015346,281.85261470295075,102.69339628731207
train_00020,train,1,B2,0.06800901285336991,-229.7573236641116,192.86320052808622
train_00020,train,1,B3,300.08126359133473,-52.00105374309965,-295.3953712765759
train_00020,train,1,C1,1000.0373716305266,281.93420332866225,102.6509407875461
train_00020,train,1,C2,1149.996203766313,-229.8013293215739,192.90523092534798
train_00020,train,1,C3,1299.9762411601694,-52.156962651770364,-295.39494506589085
train_00020,train,2,A1,-749.9038857121977,272.9205712671115,99.43998990810505
train_00020,train,2,A2,-899.9578278228914,-199.07141864860546,167.04042400019537
train_00020,train,2,A3,-1049.8948512556096,-34.48533038366609,-195.35241445783322
train_00020,train,2,B1,-299.9997249826391,281.8920018908711,102.6341457629537
train_00020,train,2,B2,-0.03023045926264909,-229.78135547199406,192.83250099550193
train_00020,train,2,B3,300.0423011204957,-52.01677246074091,-295.423486269644
train_00020,train,2,C1,1000.0375079574093,281.8700774323808,102.67338812937348
train_00020,train,2,C2,1150.0258803190113,-229.8928349708376,192.95480388751523
train_00020,train,2,C3,1300.0323456754331,-52.08186008598084,-295.33270327080504
train_00020,train,3,A1,-749.9545083948317,272.9547977919071,99.45742620081063
train_00020,train,3,A2,-899.9939954985618,-198.98600482181678,167.01835532086724
train_00020,train,3,A3,-1049.8993146752498,-34.41185352487304,-195.40987789074822
train_00020,train,3,B1,-299.9653110847724,281.93328445962646,102.71209543992791
train_00020,train,3,B2,0.024469940297395968,-229.76347300857643,192.86521245487668
train_00020,train,3,B3,300.0273322136094,-51.986248051652986,-295.42690188194894
train_00020,train,3,C1,749.6464104018999,283.7472644047353,101.65492666292647
train_00020,train,3,C2,899.6144096117494,-227.97833613981464,191.82399233131514
train_00020,train,3,C3,1049.6922921777195,-50.282167148834965,-296.4694256908178
train_00020,train,4,A1,-749.6167297159101,272.9332679886354,99.33540771383957
train_00020,train,4,A2,-900.1536776082976,-198.8593731623636,166.81524240870928
train_00020,train,4,A3,-1049.739479355405,-34.11243461020049,-195.67660266902695
train_00020,train,4,B1,-299.70083337283,281.5225933502394,102.84933927873682
train_00020,train,4,B2,-0.1645554560157797,-230.455796284878,193.1332995776059
train_00020,train,4,B3,300.2390888790936,-52.90529366722615,-294.96703562769943
train_00020,train,4,C1,749.9894017015564,282.3947495486825,102.38677912518432
train_00020,train,4,C2,899.4523417873226,-229.45570933587143,192.59149423832488
train_00020,train,4,C3,1049.91649532572,-51.73262987776283,-295.5705793183164
train_00021,train,0,A1,-1083.2655356080752,351.00373967135346,-105.37846388043756
train_00021,train,0,A2,-1158.933953765682,-138.34304476155882,-36.9597188776683
train_00021,train,0,A3,-1318.9467844061562,-2.487840142905439,-406.75623965464104
train_00021,train,0,B1,-678.667682630787,230.4140160960469,251.46994067989192
train_00021,train,0,B2,-271.81639981640905,-200.5937512421366,344.71641860435034
train_00021,train,0,B3,31.020110259856306,98.32100281983355,-78.34234638106427
train_00021,train,0,C1,1207.521281989655,398.271878973912,-172.3739515501511
train_00021,train,0,C2,1249.7168081485847,-134.73250885338862,-90.45565591193018
train_00021,train,0,C3,1395.4857805531635,11.042410649203449,-590.4446919711442
train_00021,train,1,A1,-999.9646365029322,272.9191080127349,99.34922967699485
train_00021,train,1,A2,-1150.0019989808777,-199.10109274704257,166.94474902208248
train_00021,train,1,A3,-1300.0202797632537,-34.4638839006516,-195.41590842720407
train_00021,train,1,B1,-300.04997277517685,281.9062043737225,102.5759187683308
train_00021,train,1,B2,-0.013755625604088412,-229.7790873183826,192.75020054750078
train_00021,train,1,B3,299.93869076028113,-52.06241716716578,-295.5092397801897
train_00021,train,1,C1,999.9861577928065,281.86425218914195,102.65358763971939
train_00021,train,1,C2,1149.9450170947523,-229.87729117254554,192.88425611419083
train_00021,train,1,C3,1300.0552395842133,-52.18082453153035,-295.39104930951436
train_00021,train,2,A1,-750.1118289222667,272.9806802481401,99.2987162659864
train_00021,train,2,A2,-900.0657689588664,-199.0526044899233,166.95393997096403
train_00021,train,2,A3,-1050.0798683901705,-34.471801493385236,-195.53783574864528
train_00021,train,2,B1,-300.10689208960457,281.8899329653658,102.58307749829675
train_00021,train,2,B2,-0.026699832182268,-229.8534942538373,192.81798919669583
train_00021,train,2,B3,300.0432327747336,-52.0130418205993,-295.4262271996761
train_00021,train,2,C1,1000.0099185525531,281.9009100457475,102.62660821046295
train_00021,train,2,C2,1150.0322235450722,-229.8345711094956,192.9096842803106
train_00021,train,2,C3,1300.0969234236,-52.152235310801196,-295.35581728839907
train_00021,train,3,A1,-750.1654644688354,272.995343108396,99.25671176486865
train_00021,train,3,A2,-899.9931427655501,-199.01008806896,166.92912702479939
train_00021,train,3,A3,-1050.0480322385,-34.526693489104055,-195.51168160686436
train_00021,train,3,B1,-300.0145071316164,281.90083754463956,102.61302729038752
train_00021,train,3,B2,0.0063170016931760956,-229.81887299996845,192.8192954143508
train_00021,train,3,B3,299.9696570192364,-52.06517532908161,-295.5020304313726
train_00021,train,3,C1,749.8797497900496,281.9475189708977,102.74306294333594
train_00021,train,3,C2,899.9507119930576,-229.79799382374645,192.94294520413956
train_00021,train,3,C3,1050.0058339632158,-51.972819903611985,-295.3226897994363
train_00021,train,4,A1,-751.3108406016797,274.513236833785,98.67588323551229
train_00021,train,4,A2,-901.2665447460093,-197.40892593029,166.38027086969475
train_00021,train,4,A3,-1051.2075967680114,-32.960197664712325,-196.08093265810763
train_00021,train,4,B1,-301.19581113851666,283.44507452891014,102.02472733920833
train_00021,train,4,B2,-1.2367691749978684,-228.31531807663697,192.20303024865677
train_00021,train,4,B3,298.7449734246751,-50.54491957217081,-296.1288583162147
train_00021,train,4,C1,748.7705345703076,283.36475497015897,102.07763115558394
train_00021,train,4,C2,898.7260013596098,-228.32575200885424,192.27238855173118
train_00021,train,4,C3,1048.7735518484737,-50.57529272483729,-296.00930868991344
train_00022,train,0,A1,-1231.7933944061522,404.4494541117377,273.5158679237811
train_00022,train,0,A2,-1367.4433305625364,-74.12411228193318,322.6612283534883
train_00022,train,0,A3,-1522.8637579616016,100.02290518356156,-32.831697976801074
train_00022,train,0,B1,-69.05222071764425,446.36823376635414,29.165748162358383
train_00022,train,0,B2,186.78726947941303,-96.23878664570076,16.41897006541251
train_00022,train,0,B3,477.1189691155149,134.7281062291467,-455.24560074015113
train_00022,train,0,C1,865.5974267615917,158.24070571565173,109.77104614963382
train_00022,train,0,C2,1024.2709917844975,-351.971626547124,193.31124115691216
train_00022,train,0,C3,1182.2531168029886,-161.09964053918804,-287.4084746579151
train_00022,train,1,A1,-999.9920701514457,273.02096590526486,99.22914145275816
train_00022,train,1,A2,-1149.9792793842507,-198.96144246673362,166.95510614934446
train_00022,train,1,A3,-1300.0228313393325,-34.4162170628607,-195.50479917797725
train_00022,train,1,B1,-300.03026519550775,281.90993533940815,102.53440733162984
train_00022,train,1,B2,0.05256950663132776,-229.83881239504046,192.75123352135986
train_00022,train,1,B3,299.94371452947155,-52.01073553883491,-295.5432239866565
train_00022,train,1,C1,999.9805130713656,281.88316095806505,102.71128824652526
train_00022,train,1,C2,1150.0667942219325,-229.81289381182285,192.8361346753937
train_00022,train,1,C3,1300.0679323284126,-52.072907678790926,-295.45073767543994
train_00022,train,2,A1,-750.0662811994918,272.9369703387401,99.35055968970195
train_00022,train,2,A2,-899.9390213540596,-199.0998601751601,167.0153036099303
train_00022,train,2,A3,-1050.0236900993996,-34.52127581169903,-195.38013899981982
train_00022,train,2,B1,-300.0045359128692,281.9113043533787,102.62089265724562
train_00022,train,2,B2,-0.02784106439555176,-229.89578508230858,192.7261647617229
train_00022,train,2,B3,299.95386286338834,-52.09776712268462,-295.486189051176
train_00022,train,2,C1,1000.0271258485386,281.88304576329136,102.63394064488952
train_00022,train,2,C2,1150.0767882941968,-229.77756591529516,192.86210530247934
train_00022,train,2,C3,1300.1107103155882,-52.040333196408604,-295.35378262309587
train_00022,train,3,A1,-750.0291781230637,272.9231260990825,99.38062601733435
train_00022,train,3,A2,-900.0348246343175,-199.06096530619433,167.0679439764225
train_00022,train,3,A3,-1050.0179219085342,-34.45843153612624,-195.42265726087723
train_00022,train,3,B1,-300.0145712055033,281.9514892770939,102.56458484217676
train_00022,train,3,B2,-0.03255401041757697,-229.85968371386542,192.76521458947227
train_00022,train,3,B3,300.0002530282886,-52.11087540801483,-295.56839608269394
train_00022,train,3,C1,749.9543728353449,281.7070742370675,102.67334603956178
train_00022,train,3,C2,899.9369428414107,-230.01215506358582,192.72593394656496
train_00022,train,3,C3,1049.9419966464318,-52.22563992230147,-295.49978406670704
train_00022,train,4,A1,-750.0179460976198,272.9958584494852,99.36780379452493
train_00022,train,4,A2,-899.9680027217958,-199.0251468530285,167.0748973157803
train_00022,train,4,A3,-1049.9991743204646,-34.46902231888605,-195.32233633188528
train_00022,train,4,B1,-299.9802463082012,281.91337435324664,102.62474342139181
train_00022,train,4,B2,-0.010904429845665031,-229.72983492873132,192.85117619736994
train_00022,train,4,B3,300.0241651731889,-51.94891321913681,-295.46152512664787
train_00022,train,4,C1,750.0153126613257,281.8863193691961,102.69285408594529
train_00022,train,4,C2,899.9974940417098,-229.83926877324134,192.84323466379507
train_00022,train,4,C3,1049.9756394594615,-52.13789956102183,-295.4602554415511
train_00023,train,0,A1,-1137.8433946417774,-58.76646000235305,365.2781393065888
train_00023,train,0,A2,-1297.8546669017198,-525.7380092289377,443.71428568792146
train_00023,train,0,A3,-1440.0810687888022,-368.21420621869567,75.10855887643052
train_00023,train,0,B1,-191.83760685004555,585.7537744777444,-111.1703071948814
train_00023,train,0,B2,100.49389029035798,143.2397711576997,169.2321427827818
train_00023,train,0,B3,481.9395395122574,206.08920171313767,-289.61908557526755
train_00023,train,0,C1,1240.7868904524978,351.4865675243247,255.74124540270822
train_00023,train,0,C2,1465.6997035210918,-129.33205161418002,359.43777665556007
train_00023,train,0,C3,1621.6276435611414,74.9852373313837,-116.38441997635057
train_00023,train,1,A1,-999.9851215725249,272.96573126576175,99.31406162978833
train_00023,train,1,A2,-1149.9650698926948,-199.04408261781762,166.98978143568797
train_00023,train,1,A3,-1300.0521426722896,-34.41227644439307,-195.3915752149797
train_00023,train,1,B1,-299.9631292072608,281.9242062777802,102.52152816677524
train_00023,train,1,B2,0.014704205410015159,-229.8158263405229,192.8045178701051
train_00023,train,1,B3,300.0219370843129,-52.05424021991163,-295.4432596685659
train_00023,train,1,C1,1000.0388957380221,281.90389803639664,102.65899097772035
train_00023,train,1,C2,1150.0109107423466,-229.8358425145774,192.9694015473602
train_00023,train,1,C3,1300.0310971445965,-52.176350914597734,-295.3963009631097
train_00023,train,2,A1,-749.9240833894406,272.9924364220178,99.29035903509663
train_00023,train,2,A2,-899.9913052061552,-198.99808016163905,166.97993785348064
train_00023,train,2,A3,-1049.9554822839507,-34.49561217147108,-195.48568678432963
train_00023,train,2,B1,-299.9416654802496,281.8830768195098,102.59191398285311
train_00023,train,2,B2,-0.0016017954003557586,-229.8252803666023,192.80449096733557
train_00023,train,2,B3,300.132637521742,-52.08316648725787,-295.4197998755861
train_00023,train,2,C1,1000.0171761720051,281.8701906345611,102.64985276810958
train_00023,train,2,C2,1150.0012723643733,-229.8307734377917,192.87786882433235
train_00023,train,2,C3,1299.9933147193442,-52.180926384269036,-295.41548102293336
train_00023,train,3,A1,-749.9598734292874,273.0172120346672,99.29632416765362
train_00023,train,3,A2,-899.9459346748561,-198.9462473922568,166.98784978603786
train_00023,train,3,A3,-1049.9756997736774,-34.43264128226615,-195.48713780746317
train_00023,train,3,B1,-299.95816479219286,281.89669684054917,102.51549397794801
train_00023,train,3,B2,0.05707550716524912,-229.81061246403544,192.73571758976306
train_00023,train,3,B3,300.04287087564916,-52.14676718436919,-295.39089327028813
train_00023,train,3,C1,750.1446541241792,281.8269341719103,102.77198607764684
train_00023,train,3,C2,900.0110741746099,-229.93863238220183,193.0202945751605
train_00023,train,3,C3,1050.1538581350942,-52.20651963649177,-295.24264062700803
train_00023,train,4,A1,-750.0388483834486,272.97002227122505,99.3468494499568
train_00023,train,4,A2,-900.0145403690387,-199.05743263237446,166.998721654433
train_00023,train,4,A3,-1049.9816421855903,-34.43678064838441,-195.35936607661498
train_00023,train,4,B1,-300.03899122737465,281.9019233687215,102.51564608768552
train_00023,train,4,B2,-0.0065937273448376035,-229.7942886080717,192.74767352040826
train_00023,train,4,B3,299.98853723884633,-52.10142335137861,-295.51095772664564
train_00023,train,4,C1,750.0373942834799,281.845602230091,102.65061701724493
train_00023,train,4,C2,899.9487520473613,-229.90236590997438,192.86788473894947
train_00023,train,4,C3,1050.03719377295,-52.052904194838206,-295.31794719046366
train_00024,train,0,A1,-1287.6709590103123,186.71049154679875,420.3228999081133
train_00024,train,0,A2,-1425.3346097073988,-285.247525291488,330.21591492788343
train_00024,train,0,A3,-1546.4731526766898,-21.69024107318714,19.12594533785644
train_00024,train,0,B1,-273.43611150367354,362.99993080446137,266.88243710794876
train_00024,train,0,B2,-22.04948530518853,-178.80673168235174,323.42132629529215
train_00024,train,0,B3,271.4028181874437,-11.278762852372012,-172.48401585110216
train_00024,train,0,C1,1160.759530512808,552.4298642201783,246.13086064763417
train_00024,train,0,C2,1331.3530174434552,47.91173419374966,340.3772314536813
train_00024,train,0,C3,1406.7729422458888,200.48739609053786,-172.92765671436396
train_00024,train,1,A1,-999.9957049591303,272.89758894255027,99.35069032893055
train_00024,train,1,A2,-1150.0584532345085,-199.13689025875607,166.968012468139
train_00024,train,1,A3,-1299.976438171632,-34.526999591483246,-195.39075227834257
train_00024,train,1,B1,-299.9686714630234,281.8600329986807,102.59397381481006
train_00024,train,1,B2,0.08648282997781975,-229.80513226299612,192.81023449194726
train_00024,train,1,B3,300.0506693935792,-52.100811332919704,-295.48138821456917
train_00024,train,1,C1,1000.0308799132682,281.8809696514875,102.5716318862502
train_00024,train,1,C2,1150.0372924737499,-229.8837536308511,192.82163589039288
train_00024,train,1,C3,1300.043485125238,-52.07975382418322,-295.5031725762597
train_00024,train,2,A1,-749.922952068196,272.83610191597654,99.2378492045881
train_00024,train,2,A2,-899.9176556468947,-199.13330555196035,166.9984795512161
train_00024,train,2,A3,-1049.923479683209,-34.66512899321519,-195.43625776937134
train_00024,train,2,B1,-299.9772993363347,281.91678474148347,102.61931298044152
train_00024,train,2,B2,-0.007659124597993672,-229.78447102589112,192.8463819410086
train_00024,train,2,B3,299.98685957484724,-52.07315099309408,-295.44928347862066
train_00024,train,2,C1,1000.0335799720352,281.89486375507363,102.56875681851383
train_00024,train,2,C2,1150.0761069720593,-229.79314050993463,192.74436008755856
train_00024,train,2,C3,1300.0783057269919,-52.06886228919998,-295.5288678761023
train_00024,train,3,A1,-749.9614042807171,272.87250123037654,99.23274290922525
train_00024,train,3,A2,-899.9046227505029,-199.10878849830985,166.94306924405618
train_00024,train,3,A3,-1049.9087551969142,-34.6851680570042,-195.46082253794987
train_00024,train,3,B1,-299.9961083538801,281.88030522305127,102.64166273196197
train_00024,train,3,B2,0.08172853598776572,-229.86654764094547,192.85316968297394
train_00024,train,3,B3,300.0718134950691,-52.10159738583469,-295.4130996628365
train_00024,train,3,C1,749.953537745383,281.9989319328748,102.68721614106182
train_00024,train,3,C2,899.8870103382167,-229.76129051574995,192.95394782321006
train_00024,train,3,C3,1049.9286626482221,-52.0017454308845,-295.330610594372
train_00024,train,4,A1,-749.859524089826,272.879154092482,99.39654047084157
train_00024,train,4,A2,-899.8496767396006,-199.04530983452597,167.1122364570066
train_00024,train,4,A3,-1049.9258325091137,-34.49473705185964,-195.33983300944539
train_00024,train,4,B1,-299.92333027690677,281.9065510657889,102.67114204799316
train_00024,train,4,B2,0.03818939077601027,-229.80131130233283,192.81241543579657
train_00024,train,4,B3,300.00736638251743,-52.028182466856464,-295.50437640436525
train_00024,train,4,C1,749.9760942267354,281.92696902698214,102.59882185090848
train_00024,train,4,C2,899.9857660582288,-229.82574608452066,192.68203860769586
train_00024,train,4,C3,1049.9218724423147,-52.087479944466494,-295.51558905655884
train_00025,train,0,A1,-1244.047212293617,121.01764033424836,129.35759083588587
train_00025,train,0,A2,-1280.0154206566058,-374.80590915024095,181.33297915534453
train_00025,train,0,A3,-1438.5988691404752,-241.5584020452961,-190.13804681093958
train_00025,train,0,B1,55.52022570654864,155.042822714125,-121.92144989870113
train_00025,train,0,B2,112.77266201359957,-435.20762581201575,-30.50783962282021
train_00025,train,0,B3,489.273897395402,-394.4671301236228,-495.98871218732245
train_00025,train,0,C1,696.6916799084584,175.09254505091334,260.78882302654847
train_00025,train,0,C2,1019.8827749057036,-257.8408178720589,236.17456593461844
train_00025,train,0,C3,1008.5521463170908,19.89534925841313,-227.71446973141585
train_00025,train,1,A1,-1000.0099080732646,272.98442117404846,99.4162771325325
train_00025,train,1,A2,-1149.9905470201006,-198.94419503019162,166.93383888462537
train_00025,train,1,A3,-1299.9279372368458,-34.3572003251737,-195.37247832707817
train_00025,train,1,B1,-300.03177307420316,281.92304228604866,102.68587424310915
train_00025,train,1,B2,-0.01646897491589237,-229.81874946515308,192.78874672924672
train_00025,train,1,B3,300.04785166404673,-52.05131141822747,-295.4680510804298
train_00025,train,1,C1,999.9929621569858,281.9446032712385,102.54485119827773
train_00025,train,1,C2,1150.0610106629258,-229.82887610883685,192.81252844568456
train_00025,train,1,C3,1300.0432241831186,-52.13033247672354,-295.41477362717154
train_00025,train,2,A1,-750.0229804217292,272.91254745597064,99.2837524882491
train_00025,train,2,A2,-900.0349909370824,-198.9976631555794,166.9501281891062
train_00025,train,2,A3,-1050.0055727764895,-34.49712253842261,-195.4077509809822
train_00025,train,2,B1,-300.02005743355585,281.95961867215703,102.58061406080951
train_00025,train,2,B2,-0.04805270736133145,-229.8184053220322,192.80685413872135
train_00025,train,2,B3,299.9878204483906,-52.04580938825587,-295.44950251952173
train_00025,train,2,C1,999.9737948743708,281.9354807297481,102.61515293755042
train_00025,train,2,C2,1149.9453983933306,-229.81743306572727,192.8160367407118
train_00025,train,2,C3,1300.0135081710398,-52.09158861904552,-295.4066851527987
train_00025,train,3,A1,-749.9852297494108,272.86751994157345,99.30842857203001
train_00025,train,3,A2,-900.0230530273304,-199.02557499085717,166.95665680386261
train_00025,train,3,A3,-1049.992219424268,-34.47620460106067,-195.45805929937586
train_00025,train,3,B1,-300.04321730536367,281.93179189930913,102.64031003499065
train_00025,train,3,B2,-0.018867963624400297,-229.83688362933734,192.81176677135977
train_00025,train,3,B3,300.01713358200465,-52.05164289677145,-295.4665039287902
train_00025,train,3,C1,750.9847810648009,283.56505255093754,102.5785872080727
train_00025,train,3,C2,901.0213120504094,-228.0391501571087,192.77415656745916
train_00025,train,3,C3,1051.0055757724383,-50.36775078929918,-295.45626790335973
train_00025,train,4,A1,-750.1259356621234,272.97527983912113,99.35839747068889
train_00025,train,4,A2,-900.6062827142757,-198.9505575009506,167.00909484826482
train_00025,train,4,A3,-1050.3660464368033,-34.066980733142444,-195.3829846212938
train_00025,train,4,B1,-300.04551459843225,281.6407874677503,102.70012582046586
train_00025,train,4,B2,-0.5735745186320093,-230.31349713236978,192.8578280780711
train_00025,train,4,B3,299.6122315420362,-52.89591879863028,-295.39516738296754
train_00025,train,4,C1,750.8815815014151,282.4135026528229,102.62318718636045
train_00025,train,4,C2,900.4491184088874,-229.45330518011403,192.836210562903
train_00025,train,4,C3,1050.659340183248,-51.80642704796414,-295.4428572081705
train_00026,train,0,A1,-1224.0244521852658,541.9214669196812,268.65380371005966
train_00026,train,0,A2,-1481.3737587606863,170.01825323559942,481.5116365265326
train_00026,train,0,A3,-1618.882014252119,254.27310185453263,87.87738347615357
train_00026,train,0,B1,-462.65961956208344,183.91723865511503,111.88602655944682
train_00026,train,0,B2,-141.9483571818084,-315.8381769877071,197.42612385237376
train_00026,train,0,B3,138.59841168523613,-130.87717808944024,-299.6669227491687
train_00026,train,0,C1,1092.7108016679213,28.860743558712475,173.96338400100362
train_00026,train,0,C2,1262.8663904920913,-477.83647102525583,256.41831419370084
train_00026,train,0,C3,1398.7846761799096,-289.6787346025744,-232.08521784405403
train_00026,train,1,A1,-999.9936034926297,273.02554306162034,99.38600363722053
train_00026,train,1,A2,-1149.9810390549906,-199.0223584439474,166.99300398728914
train_00026,train,1,A3,-1300.0581159984836,-34.39163531338103,-195.4309109178866
train_00026,train,1,B1,-299.97354898501465,281.9804486559438,102.61067935999361
train_00026,train,1,B2,0.0017665605681085167,-229.7778014072612,192.8707102160129
train_00026,train,1,B3,299.96476374911344,-52.10889260343231,-295.4540342013744
train_00026,train,1,C1,999.9397307416402,281.9317210956008,102.61705742570327
train_00026,train,1,C2,1149.9832325563557,-229.8201715941106,192.8883267287653
train_00026,train,1,C3,1300.027026683035,-51.97021524840581,-295.39636286434256
train_00026,train,2,A1,-749.977617031083,273.0575551116622,99.42105935791864
train_00026,train,2,A2,-899.9692612592684,-198.89896541606828,167.12813637311535
train_00026,train,2,A3,-1049.970747727374,-34.33988945144318,-195.31642419105282
train_00026,train,2,B1,-299.97627451325275,281.91163589285844,102.62753651227612
train_00026,train,2,B2,0.04365856629476615,-229.86921186670523,192.80428771477415
train_00026,train,2,B3,299.99741449835136,-52.137948334469286,-295.43872614519523
train_00026,train,2,C1,999.9216956948449,281.9406590395589,102.64053410323483
train_00026,train,2,C2,1149.934824899204,-229.7557238902118,192.91556770690596
train_00026,train,2,C3,1300.066491141105,-52.04707191108684,-295.42518618996024
train_00026,train,3,A1,-749.9625828094431,273.0217159489226,99.36114225044574
train_00026,train,3,A2,-900.0058783486589,-198.90587392510537,167.13548655991707
train_00026,train,3,A3,-1049.9423176304706,-34.369503355972135,-195.34387170242792
train_00026,train,3,B1,-299.9335778723074,281.9347257039692,102.67480765276217
train_00026,train,3,B2,-0.004764058970994458,-229.80292727148893,192.81736819523098
train_00026,train,3,B3,300.0299118868578,-52.1492517672185,-295.4685810630263
train_00026,train,3,C1,750.0097323582586,281.79783792561705,102.64156892125264
train_00026,train,3,C2,900.0456508609941,-229.9205327605675,192.8885828402505
train_00026,train,3,C3,1050.0385441274445,-52.16543291297911,-295.4637771360733
train_00026,train,4,A1,-750.0802965291227,272.9720382841227,99.31604890947679
train_00026,train,4,A2,-900.0670287343592,-198.9982516604024,166.96660653851205
train_00026,train,4,A3,-1050.064286502917,-34.4338105612709,-195.4734658164674
train_00026,train,4,B1,-300.09898590294523,281.91226435204203,102.50950054382432
train_00026,train,4,B2,-0.020250490783248507,-229.88894130419138,192.81766628897262
train_00026,train,4,B3,299.9433902614513,-52.082448924367746,-295.450517577939
train_00026,train,4,C1,749.9720330510171,281.95205513057346,102.70634309452201
train_00026,train,4,C2,899.9884867835652,-229.78360575572498,192.95908428694807
train_00026,train,4,C3,1050.00354210275,-52.08404938867835,-295.2642838656227
train_00027,train,0,A1,-803.3958687745003,372.6095714748748,156.05889041149288
train_00027,train,0,A2,-912.8667667620908,-113.29107041948484,198.1778923256427
train_00027,train,0,A3,-1091.7432037738245,61.178642978083666,-146.0433386581649
train_00027,train,0,B1,-550.3418492055993,440.6598465402649,381.01787338695794
train_00027,train,0,B2,-266.4128932517599,-87.72848888652202,393.77827151330234
train_00027,train,0,B3,41.78691725471954,151.97869636381265,-61.79488245546681
train_00027,train,0,C1,720.5173525027095,411.9844220692425,218.06076992308996
train_00027,train,0,C2,914.7297316223145,-85.42812444296598,303.9089851793018
train_00027,train,0,C3,1078.6048415967625,123.42328285888726,-167.3069390670909
train_00027,train,1,A1,-1000.0550335449183,272.9580255822289,99.27091173425855
train_00027,train,1,A2,-1150.0311489728447,-199.03351765837218,166.95928984261286
train_00027,train,1,A3,-1300.021150004902,-34.48357515988896,-195.40765595182188
train_00027,train,1,B1,-300.0163252642509,281.9165140932246,102.59052840083159
train_00027,train,1,B2,0.01711888262705934,-229.77409044268416,192.8296569788333
train_00027,train,1,B3,300.00375669001573,-51.993923456433556,-295.43236603073865
train_00027,train,1,C1,1000.0138864421705,281.9026020173616,102.6351685469497
train_00027,train,1,C2,1150.0847471520628,-229.79084741531008,192.81335023871068
train_00027,train,1,C3,1299.9859701392525,-52.09032960907819,-295.5022384916932
train_00027,train,2,A1,-750.0193427749618,272.96359973501166,99.40110875518852
train_00027,train,2,A2,-899.9910087455922,-199.0148885618438,167.0017947113235
train_00027,train,2,A3,-1049.9547374033177,-34.54845721405803,-195.39804846948033
train_00027,train,2,B1,-299.9823261338161,281.89960492226186,102.60138757050902
train_00027,train,2,B2,0.019192289184436762,-229.84286513267998,192.80876577319776
train_00027,train,2,B3,299.9899924823002,-51.99183374668513,-295.4202968209694
train_00027,train,2,C1,1000.0469086219488,281.88732223124293,102.61184744949905
train_00027,train,2,C2,1150.0078380438085,-229.82595640066336,192.756116449442
train_00027,train,2,C3,1300.0122051514886,-52.085045963907596,-295.5465120222955
train_00027,train,3,A1,-750.050039788262,272.91681691267684,99.32432869846254
train_00027,train,3,A2,-899.9769708552348,-199.0968157425789,166.94218111967095
train_00027,train,3,A3,-1050.0054142721249,-34.54730446636418,-195.40905102809464
train_00027,train,3,B1,-300.0255882897275,281.9013515883455,102.55376726960054
train_00027,train,3,B2,0.034341979762336675,-229.81632114227992,192.85920649852895
train_00027,train,3,B3,300.02074871402397,-52.038524777859664,-295.4780213234995
train_00027,train,3,C1,750.03633670384,281.94303557438343,102.68139905782645
train_00027,train,3,C2,900.0266730336712,-229.77081377825965,192.88694170194475
train_00027,train,3,C3,1050.0084086788136,-52.00626694032397,-295.34748672780177
train_00027,train,4,A1,-749.9893813755546,272.94885313938096,99.34753685315592
train_00027,train,4,A2,-900.015573378083,-198.99449566909823,167.08923891776
train_00027,train,4,A3,-1050.0549636676865,-34.4400806416739,-195.36184934353062
train_00027,train,4,B1,-299.97534322618066,281.88018975232364,102.63630273279136
train_00027,train,4,B2,-0.019487060987599777,-229.82783439896735,192.83370745663933
train_00027,train,4,B3,299.96211489830563,-52.091094332651494,-295.4312421121667
train_00027,train,4,C1,749.9639733545802,281.84038272829093,102.5930880794393
train_00027,train,4,C2,900.0209836938693,-229.91028568144793,192.83226594796184
train_00027,train,4,C3,1049.9957266937697,-52.13807095773466,-295.4857257195728
train_00028,train,0,A1,-683.557961068431,123.31936304154047,90.7156927132974
train_00028,train,0,A2,-844.6624104305209,-306.6643265909167,288.0908312081126
train_00028,train,0,A3,-979.9973808655135,-254.13580172350703,-111.67728288556671
train_00028,train,0,B1,-674.536338853017,-9.885253283921838,234.04676911998902
train_00028,train,0,B2,-228.657470730301,-411.43372717633184,236.14755429612163
train_00028,train,0,B3,-46.30784445392725,-99.33104253782253,-242.75235373489846
train_00028,train,0,C1,984.3967834676265,568.515255621595,389.95915045962954
train_00028,train,0,C2,1254.926991408666,130.58246460057956,555.972181242913
train_00028,train,0,C3,1340.5195199950945,242.41637479240646,33.73644196603711
train_00028,train,1,A1,-1000.061660397922,272.9364550708714,99.38694459504201
train_00028,train,1,A2,-1150.0281483618605,-199.06672413136673,166.93022143941516
train_00028,train,1,A3,-1300.068786307458,-34.47161499585799,-195.42291283686453
train_00028,train,1,B1,-300.0300628756588,281.93068562578765,102.55253424722112
train_00028,train,1,B2,0.00011133485467300364,-229.73208607016207,192.87745035527917
train_00028,train,1,B3,299.9824339394121,-52.039075152694046,-295.47889521780485
train_00028,train,1,C1,1000.0334841055429,281.8424594346107,102.61418855909105
train_00028,train,1,C2,1149.9920299824835,-229.86531434372964,192.76191133639594
train_00028,train,1,C3,1300.0279409649702,-52.15091660900121,-295.44785986595593
train_00028,train,2,A1,-748.2266416943253,272.8893339987836,98.47646446263988
train_00028,train,2,A2,-898.1739117886164,-199.09831807085115,166.34791626718942
train_00028,train,2,A3,-1048.1416752555212,-34.66919375715053,-196.19578578900646
train_00028,train,2,B1,-300.0430632130863,281.90555486275724,102.60096134731805
train_00028,train,2,B2,0.037901047832352625,-229.8128873162264,192.90299359484177
train_00028,train,2,B3,300.0048809816898,-52.03640364975826,-295.4631815911694
train_00028,train,2,C1,1000.0268970513812,281.8838581140583,102.595868280083
train_00028,train,2,C2,1150.0049664374174,-229.8859450279844,192.76151509812755
train_00028,train,2,C3,1300.0455024402115,-52.13329093822782,-295.4703976198502
train_00028,train,3,A1,-748.2595764063368,272.8776532919617,98.50920916003676
train_00028,train,3,A2,-898.1385737849174,-199.05777203282906,166.29125081730427
train_00028,train,3,A3,-1048.1611598848401,-34.657457847783455,-196.19775850733768
train_00028,train,3,B1,-300.0025083899822,281.9247291020379,102.59773851600288
train_00028,train,3,B2,0.03380736598083964,-229.7866436232454,192.82400632565137
train_00028,train,3,B3,299.9905955338254,-52.046014446823456,-295.461592531794
train_00028,train,3,C1,749.9431252482533,282.00950107360205,102.54847748360088
train_00028,train,3,C2,900.0554734907607,-229.5995173337923,192.86484358914436
train_00028,train,3,C3,1050.0326492039605,-51.908991924458405,-295.42508718490103
train_00028,train,4,A1,-748.7754274918518,273.0019295439599,99.08858134136737
train_00028,train,4,A2,-898.7549141541801,-199.04101890434407,166.879833350501
train_00028,train,4,A3,-1048.822873081602,-34.47589990387184,-195.46088863657252
train_00028,train,4,B1,-300.5094470454923,281.87182539565526,103.0297795782782
train_00028,train,4,B2,-0.5263060708489881,-229.760645939138,193.09140557560738
train_00028,train,4,B3,299.2271119048485,-52.042792203907695,-295.306299239796
train_00028,train,4,C1,749.4524566193844,281.8718553566486,102.56717406285729
train_00028,train,4,C2,899.4960066435455,-229.7329923957355,192.75009484986174
train_00028,train,4,C3,1049.233711384579,-52.05254972600534,-295.55191082933266
train_00029,train,0,A1,-1334.8654523859784,6.786103408713893,239.72239353872044
train_00029,train,0,A2,-1438.9009863945464,-481.32869677045113,267.4002481712444
train_00029,train,0,A3,-1608.161146025107,-301.5523317142868,-78.9672110004736
train_00029,train,0,B1,55.93954166304477,579.8286800050171,324.10020911536003
train_00029,train,0,B2,404.25050073935313,103.22301804269583,431.04362543041884
train_00029,train,0,B3,522.497330702236,152.4413513599369,-155.12098647200787
train_00029,train,0,C1,1254.8913293239852,241.69301466399122,-173.3885506033223
train_00029,train,0,C2,1420.1455931266782,-272.9861537970385,-156.9733449643389
train_00029,train,0,C3,1616.7160214790301,-4.923664790549339,-583.5663439226024
train_00029,train,1,A1,-1000.8379745257602,273.4511411415391,101.2230556308556
train_00029,train,1,A2,-1150.8187969572134,-198.49062212976216,168.7904761332596
train_00029,train,1,A3,-1300.795108314739,-33.90975331137913,-193.57455296446363
train_00029,train,1,B1,-300.06770815112105,281.8958402988815,102.56345325110014
train_00029,train,1,B2,-0.07801075009595237,-229.94077419878374,192.85947060829292
train_00029,train,1,B3,299.9893516126203,-52.129653497369915,-295.4374554242473
train_00029,train,1,C1,1000.0928232497965,281.84205455364486,102.66823435302577
train_00029,train,1,C2,1150.0269196197335,-229.86639707578374,192.80294897290298
train_00029,train,1,C3,1300.0187509429286,-52.13894540297688,-295.47542803471623
train_00029,train,2,A1,-749.9976310841664,272.9326000164945,99.19826481417122
train_00029,train,2,A2,-900.0320417189901,-199.04676915444054,166.89109194233131
train_00029,train,2,A3,-1049.9657567981556,-34.49645670274405,-195.66540824182775
train_00029,train,2,B1,-300.0422383430917,281.95921241219503,102.60333706528287
train_00029,train,2,B2,-0.03245702835255818,-229.86357249689874,192.86277116036797
train_00029,train,2,B3,299.96994335823507,-52.23716863588793,-295.3502801409488
train_00029,train,2,C1,1000.0351628819899,281.8964286719676,102.5764241563888
train_00029,train,2,C2,1150.0887164852763,-229.83710978894288,192.78020891397784
train_00029,train,2,C3,1299.9564055864735,-52.146189665376774,-295.4996089706026
train_00029,train,3,A1,-749.9837140139522,272.93889631056436,99.16835787253825
train_00029,train,3,A2,-900.0248631073817,-199.07366667575317,166.81524132745525
train_00029,train,3,A3,-1049.961474413827,-34.44858612532949,-195.54567328562652
train_00029,train,3,B1,-300.02249568372577,281.9116918981963,102.55963424764093
train_00029,train,3,B2,-0.09477908514364772,-229.81662217152288,192.89587463855824
train_00029,train,3,B3,300.00086132721924,-52.19719979794205,-295.41241275831777
train_00029,train,3,C1,749.9464940075167,281.80834160047897,102.65547472969257
train_00029,train,3,C2,899.8435206003403,-229.97860184029855,192.96042673480304
train_00029,train,3,C3,1049.9409775557,-52.28251064499231,-295.25983790188945
train_00029,train,4,A1,-749.9905789642161,272.88046558379887,99.33658050460775
train_00029,train,4,A2,-900.0764627331836,-199.02250862672477,166.94202962225987
train_00029,train,4,A3,-1049.9878480224331,-34.42947974805549,-195.49897288053376
train_00029,train,4,B1,-300.0017724992584,281.8886491719165,102.61163374780438
train_00029,train,4,B2,0.0028157606298462572,-229.79717385947956,192.84176762080415
train_00029,train,4,B3,299.91786178250703,-52.04350740271582,-295.4580296525243
train_00029,train,4,C1,749.9727007233126,281.875821928934,102.53834237557257
train_00029,train,4,C2,899.9482599320124,-229.82145939321646,192.8489289931839
train_00029,train,4,C3,1049.972206908079,-52.22381613195848,-295.46728929123236
train_00030,train,0,A1,-785.4016694287789,308.4932158636789,248.2026368152262
train_00030,train,0,A2,-901.9175022503014,-171.22656698372006,326.20338444581745
train_00030,train,0,A3,-1066.823798237843,-24.210885710536406,-37.242199545345336
train_00030,train,0,B1,-256.95924306736566,598.8896964462298,-165.70628035407708
train_00030,train,0,B2,-13.564379174765127,69.8800273592797,-20.955070682353487
train_00030,train,0,B3,329.5047518446315,181.6804129448449,-500.35470713834286
train_00030,train,0,C1,842.4552560880434,498.68766331768506,406.31582110542524
train_00030,train,0,C2,991.556918394616,-11.167656633480167,507.959731547574
train_00030,train,0,C3,1144.8866131768564,156.438547762508,17.13669708687229
train_00030,train,1,A1,-999.9721705760664,272.9684395375723,99.36269243071868
train_00030,train,1,A2,-1149.9830412300742,-199.0268295478769,167.11013010845517
train_00030,train,1,A3,-1300.000911691062,-34.476065965162114,-195.35725013342093
train_00030,train,1,B1,-300.06640136188634,281.89942348333494,102.54067459757731
train_00030,train,1,B2,-0.07130670761563851,-229.8403770151665,192.80681188302333
train_00030,train,1,B3,300.06021145026585,-52.05698549734164,-295.4307506321053
train_00030,train,1,C1,1000.0112841004471,281.93995759655274,102.55465915726816
train_00030,train,1,C2,1149.9227079219806,-229.77359777615152,192.8707877606502
train_00030,train,1,C3,1300.0494527348974,-52.11058868176863,-295.36594767881206
train_00030,train,2,A1,-751.4722479591825,274.3093339825355,99.15572881862396
train_00030,train,2,A2,-901.4147618188289,-197.68084714679466,166.70300953396344
train_00030,train,2,A3,-1051.353622600077,-33.049737191605615,-195.70645668964727
train_00030,train,2,B1,-300.02329034451515,281.89020730869095,102.57562625733411
train_00030,train,2,B2,-0.09149474061736754,-229.90369582368197,192.84222275664192
train_00030,train,2,B3,300.04082255190866,-52.121437660308395,-295.43532235193913
train_00030,train,2,C1,1000.0504153168323,281.9110448281178,102.64184194669394
train_00030,train,2,C2,1149.9972649562835,-229.8099270630769,192.86950008957197
train_00030,train,2,C3,1300.0831934263394,-52.10380265010699,-295.39683326773917
train_00030,train,3,A1,-751.4001754879608,274.3506629169954,99.17079308610985
train_00030,train,3,A2,-901.4092850444201,-197.68273307026067,166.71184240195956
train_00030,train,3,A3,-1051.353593911368,-33.0609132112891,-195.64408132623913
train_00030,train,3,B1,-300.039264575125,281.865271348199,102.55388653446903
train_00030,train,3,B2,-0.11424038691016171,-229.90466357539947,192.7368931416048
train_00030,train,3,B3,300.0148645713618,-52.15836574541049,-295.45393329458545
train_00030,train,3,C1,749.9604898860545,281.89691813778774,102.71980139706498
train_00030,train,3,C2,899.9056153793193,-229.87577381943456,192.92110352563893
train_00030,train,3,C3,1049.9648499056757,-52.06757215004588,-295.33804047485097
train_00030,train,4,A1,-751.1603550840931,273.373564722805,99.36639314162302
train_00030,train,4,A2,-900.7713685302099,-198.7097500125083,166.97626859139004
train_00030,train,4,A3,-1050.7751307520978,-34.24725575465115,-195.4268674180317
train_00030,train,4,B1,-299.66719752799185,281.302861562874,102.64653025744408
train_00030,train,4,B2,0.6754248660908566,-230.27385469172674,192.87261740196428
train_00030,train,4,B3,300.5465718334628,-52.39487336282555,-295.41686275154376
train_00030,train,4,C1,750.3109895618755,282.0494832732899,102.59571079353324
train_00030,train,4,C2,900.5972327590454,-229.5603838555681,192.87400512417838
train_00030,train,4,C3,1050.5093292984996,-51.80907595925772,-295.428066286083
train_00031,train,0,A1,-1175.2456421447691,410.9397824340252,362.0114458403917
train_00031,train,0,A2,-1350.3989139892653,-34.895560350755204,504.8246959512057
train_00031,train,0,A3,-1468.943681388122,63.430956064847734,108.2792934897363
train_00031,train,0,B1,-65.2878695359031,39.18003067596816,147.711326739835
train_00031,train,0,B2,336.26240759307433,-404.6237660178523,104.7336526998027
train_00031,train,0,B3,453.557568705292,-145.90194818811435,-423.7993675086794
train_00031,train,0,C1,708.2917085580864,-81.28355901067431,293.3215494393064
train_00031,train,0,C2,905.4977014160997,-583.0272604546662,336.16262046218554
train_00031,train,0,C3,1118.103037820988,-310.8220374019764,-80.09606290492161
train_00031,train,1,A1,-1000.0157586076486,273.0615803403189,99.3968373395569
train_00031,train,1,A2,-1150.0359961513468,-198.979149945649,167.00964013461598
train_00031,train,1,A3,-1299.9811177213935,-34.29550646171595,-195.46804812221689
train_00031,train,1,B1,-300.07913347388177,281.98535821594953,102.61822668080062
train_00031,train,1,B2,-0.015529757135709261,-229.78002686808725,192.8760852589007
train_00031,train,1,B3,299.9037837924935,-52.096324927467066,-295.43249905634843
train_00031,train,1,C1,999.9486344586091,282.0075937623159,102.48938612547815
train_00031,train,1,C2,1149.9451272845165,-229.74150228163793,192.72673655669826
train_00031,train,1,C3,1299.969142438598,-51.974011641206346,-295.54914690837654
train_00031,train,2,A1,-750.0836623110498,272.9968039704949,99.29342099490805
train_00031,train,2,A2,-899.9970316430675,-198.97962964202645,167.03327872988004
train_00031,train,2,A3,-1050.089594709883,-34.55333721342026,-195.36350337573646
train_00031,train,2,B1,-300.0682845361681,281.89187727946563,102.59002007105752
train_00031,train,2,B2,-0.0370028486901791,-229.75292103563433,192.89017077919448
train_00031,train,2,B3,299.86905689602435,-52.07974160724033,-295.4091621212806
train_00031,train,2,C1,999.9349931626646,281.9988815902446,102.50110709795638
train_00031,train,2,C2,1149.949744334184,-229.73181574946344,192.73746662330623
train_00031,train,2,C3,1299.953885729592,-52.01352020881056,-295.52591533330394
train_00031,train,3,A1,-750.0270256106143,273.0093976851648,99.2899259990557
train_00031,train,3,A2,-899.9887122777156,-199.0175757941535,167.0505900665662
train_00031,train,3,A3,-1050.0568955226095,-34.53015579068529,-195.39274711792666
train_00031,train,3,B1,-300.04654630517166,281.90059334164386,102.5731900599435
train_00031,train,3,B2,-0.041759264976337904,-229.77100164308786,192.89956572328555
train_00031,train,3,B3,299.88727118755264,-52.08747048751513,-295.37180713859647
train_00031,train,3,C1,749.9341999729481,281.9255346038336,102.55793623619
train_00031,train,3,C2,900.0032234452179,-229.69952189162268,192.8807232097297
train_00031,train,3,C3,1049.9629653556196,-52.08569992329592,-295.4520681489952
train_00031,train,4,A1,-749.6178780282469,274.39472998206185,98.05562445611807
train_00031,train,4,A2,-899.5174582864527,-197.56973605594553,165.71487216192244
train_00031,train,4,A3,-1049.6355989273288,-33.04783172309945,-196.70602429484205
train_00031,train,4,B1,-299.63248894907156,283.3691432966761,101.37260567937166
train_00031,train,4,B2,0.3728933670790813,-228.32521300197942,191.5090947782389
train_00031,train,4,B3,300.39083656654975,-50.58990049839939,-296.7068476531142
train_00031,train,4,C1,750.3780359957616,283.326343606022,101.30885229910378
train_00031,train,4,C2,900.4301632963422,-228.36061584689247,191.60208551443554
train_00031,train,4,C3,1050.39215162933,-50.58232172326992,-296.72716121311817
train_00032,train,0,A1,-861.3203626313102,291.037377695797,284.06605363198247
train_00032,train,0,A2,-1108.7073158962844,-110.61963216719539,449.3055081262123
train_00032,train,0,A3,-1304.197674237319,72.0750439504631,118.6700289809345
train_00032,train,0,B1,-626.4766157148808,582.9712231493196,43.6392005772456
train_00032,train,0,B2,-324.4249192551085,84.68163026582216,186.5753043463778
train_00032,train,0,B3,-66.52527090323618,178.3536069159203,-347.02297546818346
train_00032,train,0,C1,1293.9591517431925,264.8732898622826,360.0268317599117
train_00032,train,0,C2,1377.3540716595915,-255.30892844780655,482.52881863559907
train_00032,train,0,C3,1564.2491723380622,-124.53811219106115,-7.86508345907068
train_00032,train,1,A1,-1000.055484464783,272.9156482345599,99.43061797745746
train_00032,train,1,A2,-1150.0285204109155,-199.0081070400498,167.01669900870505
train_00032,train,1,A3,-1299.9902119143926,-34.49796101671478,-195.31343975237326
train_00032,train,1,B1,-300.0208660344603,281.8664061446131,102.62395869540185
train_00032,train,1,B2,0.002324233264758953,-229.82543149465832,192.84410153244033
train_00032,train,1,B3,300.0832028766468,-52.146447458067435,-295.3611132705194
train_00032,train,1,C1,1000.0090119922156,282.04439603048115,102.59426012840339
train_00032,train,1,C2,1150.004822340777,-229.66011476989675,192.85514079521252
train_00032,train,1,C3,1300.0034827582704,-51.987995923632916,-295.36515236396605
train_00032,train,2,A1,-749.9730486012058,272.93222194874954,99.21776505825642
train_00032,train,2,A2,-900.04263725984,-199.09312132233137,166.96493109099805
train_00032,train,2,A3,-1049.924185586599,-34.50884562469128,-195.5147632284417
train_00032,train,2,B1,-300.0751630430707,281.9138339365708,102.60962211800185
train_00032,train,2,B2,-0.052647665526527596,-229.8691263145087,192.8601341673591
train_00032,train,2,B3,300.04659593941295,-52.16342991522997,-295.31049010168715
train_00032,train,2,C1,999.9354733105757,282.0211260226818,102.62453943048413
train_00032,train,2,C2,1150.0383560273222,-229.6564938172554,192.8648614650378
train_00032,train,2,C3,1299.9542380154714,-51.98563255418022,-295.40749019714656
train_00032,train,3,A1,-749.9943255893414,272.91471100703654,99.25818833244077
train_00032,train,3,A2,-899.9631260239021,-199.04392803799882,166.9392172279575
train_00032,train,3,A3,-1049.963756094586,-34.521280251868305,-195.49162412000635
train_00032,train,3,B1,-300.0207663994819,281.8667718959223,102.63026896996058
train_00032,train,3,B2,-0.05275757299789431,-229.90165425883444,192.84760062020425
train_00032,train,3,B3,300.071226091325,-52.149018952163864,-295.40044702552797
train_00032,train,3,C1,749.9335377909201,281.8588905851885,102.83623344930145
train_00032,train,3,C2,899.9337037440256,-229.87093726092405,193.11944769104073
train_00032,train,3,C3,1050.0610694185461,-52.12532252393133,-295.1235857937627
train_00032,train,4,A1,-750.0263000055623,272.9336771063161,99.29343883962125
train_00032,train,4,A2,-900.0040813554203,-199.0307463082435,166.98534038682908
train_00032,train,4,A3,-1050.0343425098592,-34.50848179242299,-195.45854720281784
train_00032,train,4,B1,-300.0768512022193,281.88057599726403,102.58347220987459
train_00032,train,4,B2,-0.012037050534119575,-229.9004012173459,192.76882014581184
train_00032,train,4,B3,299.97370037738045,-52.084006884144,-295.5101642943166
train_00032,train,4,C1,749.8488961217354,281.9941903756972,102.62868211332425
train_00032,train,4,C2,899.925359360207,-229.80313231961236,192.81326799155016
train_00032,train,4,C3,1049.9671097064331,-51.93496419274689,-295.4456582704069
train_00033,train,0,A1,-941.717651397178,425.43439913274887,-209.2839052938366
train_00033,train,0,A2,-1091.0977485042138,-46.030695517586345,-137.0159318949457
train_00033,train,0,A3,-1241.6557787738586,114.90039971051351,-500.8352024023152
train_00033,train,0,B1,-89.01245191906868,89.20680380623114,112.69204691953736
train_00033,train,0,B2,249.59408770608488,-406.1672761704246,108.56760281551207
train_00033,train,0,B3,514.3152702682703,-130.47248402258504,-353.8976461227541
train_00033,train,0,C1,1035.2777219909306,575.8568020892916,-62.18424925715281
train_00033,train,0,C2,1144.4365702844239,48.53976618192396,-11.506042009226089
train_00033,train,0,C3,1281.862951703769,243.75393756308614,-496.7723983474418
train_00033,train,1,A1,-1000.0614636052552,272.8903478947727,99.37996579291548
train_00033,train,1,A2,-1150.0509499463637,-199.04056029892126,166.97165331649384
train_00033,train,1,A3,-1300.0985328749005,-34.445193591537645,-195.37599027282735
train_00033,train,1,B1,-300.025433730723,281.8475699360609,102.57794512567554
train_00033,train,1,B2,0.00868138122238609,-229.8009966094498,192.8494435359688
train_00033,train,1,B3,300.0576084495111,-52.06804745004537,-295.45516054196764
train_00033,train,1,C1,999.9836177403964,281.8310162136457,102.55580086168126
train_00033,train,1,C2,1150.0171624666852,-229.79524039990915,192.84810974915783
train_00033,train,1,C3,1300.067471070962,-52.1116746326799,-295.4275922989189
train_00033,train,2,A1,-750.0136139234561,272.84164802443667,99.25868404773902
train_00033,train,2,A2,-900.0098416898853,-199.1121017653436,167.01754958291423
train_00033,train,2,A3,-1049.9090067701072,-34.68487806163354,-195.42516092032335
train_00033,train,2,B1,-299.9836416685619,281.83271977531405,102.51778767616779
train_00033,train,2,B2,0.08310867805029223,-229.87633254335998,192.86801251699535
train_00033,train,2,B3,300.0490718012775,-52.107473678788196,-295.4187632921723
train_00033,train,2,C1,999.9843512345286,281.89063459388575,102.63872722596474
train_00033,train,2,C2,1150.0757037988928,-229.73324713138263,192.8723173274684
train_00033,train,2,C3,1300.011328265802,-52.08247962744115,-295.39921496055075
train_00033,train,3,A1,-750.0698344484705,272.89261715672103,99.37214773157987
train_00033,train,3,A2,-899.9314005110479,-199.1219671776795,167.0101426042443
train_00033,train,3,A3,-1049.9407395767232,-34.629101129523725,-195.42795969374606
train_00033,train,3,B1,-300.0519132693735,281.8069541994878,102.58867685662457
train_00033,train,3,B2,0.03618129129662607,-229.80754369625046,192.87487239284872
train_00033,train,3,B3,300.00041764774437,-52.092776458700286,-295.4567786898793
train_00033,train,3,C1,751.5863368616331,281.19014002236634,103.48235316018197
train_00033,train,3,C2,901.5827891558578,-230.51320778489853,193.74165211291964
train_00033,train,3,C3,1051.6390504838623,-52.853421301995915,-294.5717599620573
train_00033,train,4,A1,-750.6597917663714,272.9401704123831,99.25457045483175
train_00033,train,4,A2,-900.3970760101147,-199.0895802988936,167.16277539192885
train_00033,train,4,A3,-1050.562942068622,-34.66141928054342,-195.276356569362
train_00033,train,4,B1,-300.69181670334376,282.0562439605107,102.3562937168218
train_00033,train,4,B2,-0.3860886815031492,-229.48487772504632,192.58494498426649
train_00033,train,4,B3,299.3428830546763,-51.71562026948622,-295.8633835514735
train_00033,train,4,C1,750.9740954148327,281.68444163935874,102.74937309992087
train_00033,train,4,C2,901.2238897376717,-229.90499365032576,193.07383004605165
train_00033,train,4,C3,1050.9252914194437,-52.20908913102013,-295.3143831031174
train_00034,train,0,A1,-1120.8031442765907,416.1590994787249,266.4201168170501
train_00034,train,0,A2,-1245.5754348555638,-60.668276440382755,349.5607556956302
train_00034,train,0,A3,-1361.9713789106324,69.22948675677665,-38.36882385448647
train_00034,train,0,B1,-410.8335011066943,549.4408303575383,-82.40565715085266
train_00034,train,0,B2,0.2883752027566524,115.84316523520498,-27.51481039749363
train_00034,train,0,B3,110.30019827757877,251.17156667362084,-601.5105810716359
train_00034,train,0,C1,810.9703753123301,283.341801912005,51.63058127669984
train_00034,train,0,C2,947.201803911223,-222.80442084483414,184.96789778477398
train_00034,train,0,C3,1061.420392292364,-105.59460263512743,-330.50596796423025
train_00034,train,1,A1,-1000.0283731866672,272.96464678362423,99.32228779507817
train_00034,train,1,A2,-1150.054332110699,-198.99089177554728,166.99895561457922
train_00034,train,1,A3,-1299.9493430267498,-34.43369307459891,-195.43958321190692
train_00034,train,1,B1,-300.028734191866,281.8662123907022,102.51340977312661
train_00034,train,1,B2,0.02597587071166275,-229.8105962098061,192.8264074283535
train_00034,train,1,B3,299.97746609395267,-52.12097048151082,-295.46933915949984
train_00034,train,1,C1,1000.0164807982878,281.7908844071269,102.58365973987326
train_00034,train,1,C2,1149.9984343131234,-229.89075458978175,192.78476506844564
train_00034,train,1,C3,1299.9728248110664,-52.17383787568267,-295.41496016927044
train_00034,train,2,A1,-750.0040494841113,272.92717769588023,99.3347828431561
train_00034,train,2,A2,-899.9048253248671,-199.10986450414848,167.04354304165255
train_00034,train,2,A3,-1049.9420549610397,-34.690572107288766,-195.35624410284498
train_00034,train,2,B1,-299.94606178663133,281.8901210118291,102.54037611665386
train_00034,train,2,B2,0.03807953972772897,-229.76180847400855,192.77475293178517
train_00034,train,2,B3,300.0101457132143,-52.041440616571485,-295.49008452688446
train_00034,train,2,C1,999.9688782494038,281.81011410261283,102.62724000186148
train_00034,train,2,C2,1149.9566142042713,-229.8589413012031,192.82720438603363
train_00034,train,2,C3,1299.9993965221397,-52.140131927978096,-295.4613806262661
train_00034,train,3,A1,-750.070153853708,272.9075738704635,99.33215702496763
train_00034,train,3,A2,-899.9315293693015,-199.0857757315232,167.03477299522422
train_00034,train,3,A3,-1049.9914390475662,-34.63940137810446,-195.3653908328271
train_00034,train,3,B1,-299.9588995725636,281.8644665285548,102.55261947870476
train_00034,train,3,B2,0.04171571716790552,-229.77085219100863,192.8443819898566
train_00034,train,3,B3,300.009941163287,-52.078584626589816,-295.5105029389927
train_00034,train,3,C1,749.9886050846715,281.99624320711956,102.57772000724256
train_00034,train,3,C2,899.9691767831878,-229.79888397407547,192.74979226491422
train_00034,train,3,C3,1049.9160247386974,-52.06004747248725,-295.478667606758
train_00034,train,4,A1,-749.9767602246405,272.9522321178394,99.29504312817355
train_00034,train,4,A2,-899.9461704542246,-199.07155460183435,166.9813095711123
train_00034,train,4,A3,-1050.032664427672,-34.51024290022409,-195.41611353687227
train_00034,train,4,B1,-299.9250880694226,281.89983902351486,102.5724837961918
train_00034,train,4,B2,0.01789369105825,-229.80392637261394,192.7617734814256
train_00034,train,4,B3,300.03902254679286,-52.09848582644527,-295.5225342248658
train_00034,train,4,C1,749.9958709738164,281.860801641724,102.65500764589179
train_00034,train,4,C2,899.9435328292213,-229.90391530111273,192.79940234656112
train_00034,train,4,C3,1050.0282588859968,-52.09028012399499,-295.50396507599174
train_00035,train,0,A1,-1146.88091527955,110.27134379721706,174.2831913123637
train_00035,train,0,A2,-1298.6688735965477,-359.16819916606454,254.5509686333224
train_00035,train,0,A3,-1454.89112896817,-200.97303856475156,-107.96639473748584
train_00035,train,0,B1,-332.6058170356617,125.68387022255244,132.98085029203034
train_00035,train,0,B2,8.005382380426454,-368.0228821761597,148.33306923137798
train_00035,train,0,B3,278.8906600009684,-104.52065185179846,-317.67185150932767
train_00035,train,0,C1,790.7734231969704,542.6284201347478,99.20106095559647
train_00035,train,0,C2,992.0013513444252,59.28055703527804,234.74299741064533
train_00035,train,0,C3,1192.6069841199585,244.6879931339908,-232.09481963513812
train_00035,train,1,A1,-1000.0547085364348,273.1066178548464,99.32482741860187
train_00035,train,1,A2,-1150.0338032572547,-198.89811153359958,166.94856425172614
train_00035,train,1,A3,-1300.0092060721606,-34.297865690783816,-195.39341935768846
train_00035,train,1,B1,-300.02199720362427,281.82520428755134,102.59402353044517
train_00035,train,1,B2,0.009075358589921978,-229.79382255271187,192.88886808615675
train_00035,train,1,B3,299.98946565522425,-52.07799902096461,-295.5034352380742
train_00035,train,1,C1,1000.0133404235153,281.8990468374887,102.64995185666355
train_00035,train,1,C2,1150.0425762147743,-229.80214310204164,192.9233819023705
train_00035,train,1,C3,1300.0817664595747,-52.1224569639959,-295.34755924954703
train_00035,train,2,A1,-749.992361711848,272.80625357568925,99.36493795993884
train_00035,train,2,A2,-899.9811838774234,-199.16797237217136,167.12437843954822
train_00035,train,2,A3,-1049.9948453420284,-34.63088029876599,-195.3115041028523
train_00035,train,2,B1,-300.0328512311467,281.8549309324734,102.56947116905039
train_00035,train,2,B2,-0.030109180969761645,-229.84501497615747,192.8413831866527
train_00035,train,2,B3,300.03649714000653,-52.049895569203215,-295.47837080431555
train_00035,train,2,C1,999.9787394748791,281.8760329594964,102.6467026367923
train_00035,train,2,C2,1150.021501790047,-229.8384806285081,192.88232686184733
train_00035,train,2,C3,1300.0764631642098,-52.0654270958517,-295.3810814723299
train_00035,train,3,A1,-749.9833340519708,272.81884953579896,99.4046356145576
train_00035,train,3,A2,-899.9987331309759,-199.18062649847943,167.07558956039193
train_00035,train,3,A3,-1049.98894002722,-34.64980167181711,-195.31268960918376
train_00035,train,3,B1,-299.99876595309695,281.9213166901778,102.56309673174054
train_00035,train,3,B2,0.030970810094480102,-229.8295624391349,192.84780261359933
train_00035,train,3,B3,300.0025195572356,-52.09832148750602,-295.54937168412556
train_00035,train,3,C1,750.6946668156991,282.53684763619043,104.40186432722005
train_00035,train,3,C2,900.7300860963849,-229.23144721880234,194.6821844604143
train_00035,train,3,C3,1050.7325050298277,-51.57723367669892,-293.6150345177814
train_00035,train,4,A1,-749.9809747234543,272.9630649756927,99.37674618117792
train_00035,train,4,A2,-900.1250226925278,-198.99546511263853,167.23123902009064
train_00035,train,4,A3,-1050.4392678934594,-34.42410806854058,-195.05199140152737
train_00035,train,4,B1,-300.1216575183352,281.86472951689376,102.1581274290851
train_00035,train,4,B2,-0.09550547941658993,-229.94555569258463,192.1494118600266
train_00035,train,4,B3,299.46070892603603,-52.315230859875676,-296.35411138859695
train_00035,train,4,C1,750.6483366205539,282.1165180076016,103.20539084323812
train_00035,train,4,C2,900.5725071159874,-229.70027630820687,193.34477895173535
train_00035,train,4,C3,1050.2317390070805,-52.007261845737794,-295.05119938060625
train_00036,train,0,A1,-1096.3212508255824,205.23124916226226,-238.93759590879048
train_00036,train,0,A2,-1177.4641831354547,-266.4435372160956,-94.66523080273326
train_00036,train,0,A3,-1311.8919820958579,-195.948559928185,-491.9479590476581
train_00036,train,0,B1,42.94595824270057,494.3275736067644,412.5134807016126
train_00036,train,0,B2,352.03657999615746,-19.107727247673264,442.14789874987986
train_00036,train,0,B3,566.5162228463837,167.2247236053079,-86.3249691867783
train_00036,train,0,C1,870.1690012502318,-20.104439800299794,408.46976519546405
train_00036,train,0,C2,948.6145587171633,-555.1104668882593,422.2284387436422
train_00036,train,0,C3,1091.1797617203874,-335.9526721979243,-51.24470790974546
train_00036,train,1,A1,-999.9830946047299,273.0861696782392,99.28509152706877
train_00036,train,1,A2,-1149.9261178470394,-198.97623013383563,166.98323639441685
train_00036,train,1,A3,-1300.0211052509962,-34.36882803833585,-195.48491422929595
train_00036,train,1,B1,-300.00232748278427,281.92509700986705,102.5576291638996
train_00036,train,1,B2,0.05105011399786946,-229.82622559244786,192.76579219166223
train_00036,train,1,B3,300.04588283404513,-52.01610453897081,-295.4496789698025
train_00036,train,1,C1,1000.0265239356423,281.89915201070295,102.6418992066051
train_00036,train,1,C2,1150.0195774717813,-229.81885557442146,192.83951585105262
train_00036,train,1,C3,1300.0806709081962,-51.97424938501436,-295.4424799738838
train_00036,train,2,A1,-749.922079377334,272.92666937728484,99.152702808072
train_00036,train,2,A2,-900.005305310546,-199.04820527890166,166.82140275136837
train_00036,train,2,A3,-1049.8808355223846,-34.45846725115378,-195.67894827847596
train_00036,train,2,B1,-299.9966257162141,281.95132073917216,102.60136028674829
train_00036,train,2,B2,-0.010547844571385825,-229.84102177558597,192.79678924343028
train_00036,train,2,B3,300.00313371745017,-52.03389041179636,-295.51608837918565
train_00036,train,2,C1,999.9575997638218,281.85573774461363,102.6177718081201
train_00036,train,2,C2,1150.08746802153,-229.82735903871867,192.812508539146
train_00036,train,2,C3,1300.0904574359538,-52.06359850647545,-295.39482780171613
train_00036,train,3,A1,-749.9185297691248,272.88810709956886,99.17917358418852
train_00036,train,3,A2,-900.013076558523,-199.09469821992104,166.85147555931974
train_00036,train,3,A3,-1049.9375629457738,-34.49342155268529,-195.63301345962853
train_00036,train,3,B1,-299.9503073407144,281.96916172840554,102.60835322301193
train_00036,train,3,B2,-0.012242094236670371,-229.81352464546566,192.77014400483094
train_00036,train,3,B3,299.9935309000944,-51.92167860325507,-295.489675358142
train_00036,train,3,C1,750.1370098687071,282.01840660851076,102.59224855366004
train_00036,train,3,C2,900.0086258863649,-229.73364051471233,192.69228050974513
train_00036,train,3,C3,1049.992113090164,-51.963247542718776,-295.61937968449143
train_00036,train,4,A1,-749.9997578898208,272.98333427444544,99.23547796919648
train_00036,train,4,A2,-900.1131853761053,-198.98036545744404,166.94881996866198
train_00036,train,4,A3,-1049.9553129119172,-34.492463848394394,-195.50966307491703
train_00036,train,4,B1,-299.97577093118025,281.9030245418084,102.6153079843266
train_00036,train,4,B2,-0.06363748103890855,-229.83149011017508,192.90868800184745
train_00036,train,4,B3,299.92337077070374,-52.14840399114831,-295.3559982867515
train_00036,train,4,C1,750.0881046027805,281.8915375561706,102.55155861665749
train_00036,train,4,C2,899.9691584945746,-229.79334292241867,192.80132279264987
train_00036,train,4,C3,1049.9655171790334,-52.10694275900216,-295.48382653928326
train_00037,train,0,A1,-1283.734426643264,123.92742427702541,-197.15578399083512
train_00037,train,0,A2,-1440.3068544285004,-349.34915107746616,-160.23895039172365
train_00037,train,0,A3,-1574.8578159839826,-164.50862554667574,-518.9056298042661
train_00037,train,0,B1,-85.43199440466533,501.29990005142173,157.00629876281076
train_00037,train,0,B2,300.4412416660846,45.77302848607958,96.90338200907804
train_00037,train,0,B3,590.3647962919896,436.4256371735947,-254.29037442562168
train_00037,train,0,C1,1256.8044650016093,58.39985588747064,257.9989538215927
train_00037,train,0,C2,1334.957571460933,-472.80496844194965,192.78683376611647
train_00037,train,0,C3,1439.854946185086,-190.36732121410702,-256.38874248639195
train_00037,train,1,A1,-999.9698862176547,272.947515581825,99.38542634483045
train_00037,train,1,A2,-1149.956740233185,-199.0118348643343,166.93165578182945
train_00037,train,1,A3,-1299.9757301207508,-34.42224201173876,-195.47512510132188
train_00037,train,1,B1,-300.03427157810967,281.87282859432395,102.60510354809206
train_00037,train,1,B2,-0.020456402438192852,-229.87830031507318,192.85732337707634
train_00037,train,1,B3,299.98245579609795,-52.10962812934264,-295.4507015535392
train_00037,train,1,C1,999.94509378442,281.98534812421786,102.59694745038935
train_00037,train,1,C2,1150.0055185444653,-229.84140446478088,192.87217862346859
train_00037,train,1,C3,1300.0438010680728,-52.02553169587473,-295.3918872888337
train_00037,train,2,A1,-749.984785756531,272.9131002164729,99.42996063301267
train_00037,train,2,A2,-900.0348159591858,-199.01822977050287,166.9983427665882
train_00037,train,2,A3,-1049.9952552320524,-34.53170469743526,-195.36978044593812
train_00037,train,2,B1,-300.01351630141943,281.85459904817077,102.58397748392362
train_00037,train,2,B2,-0.04497802780131825,-229.83280831479848,192.77384740177087
train_00037,train,2,B3,299.9292979804746,-52.08644204208209,-295.5068134959301
train_00037,train,2,C1,999.9699178351383,281.86849315501127,102.65919940010563
train_00037,train,2,C2,1149.9877172088627,-229.79221925936986,192.84728909850966
train_00037,train,2,C3,1300.0674873598166,-52.05956825417717,-295.4089041964819
train_00037,train,3,A1,-750.0199057483326,272.90501327998487,99.34619973958564
train_00037,train,3,A2,-900.0852068500922,-199.0771333473759,167.00235399373935
train_00037,train,3,A3,-1050.0267922988876,-34.509840516947754,-195.43039246178583
train_00037,train,3,B1,-300.0123819189301,281.85699162211756,102.58110577942924
train_00037,train,3,B2,-0.05770884198917908,-229.83432419917645,192.81387612527686
train_00037,train,3,B3,299.999341770377,-52.06698066103022,-295.5170944364437
train_00037,train,3,C1,749.9351392158176,281.97929937362113,102.58338041982297
train_00037,train,3,C2,899.9943943699437,-229.8253265293229,192.77717572900426
train_00037,train,3,C3,1049.9516385779684,-52.05518635096343,-295.5216955287242
train_00037,train,4,A1,-749.984118582065,272.96728715143166,99.42127676307784
train_00037,train,4,A2,-899.9844257659418,-199.0900016033633,167.0226693210731
train_00037,train,4,A3,-1049.944748661589,-34.505412272005685,-195.3629914633783
train_00037,train,4,B1,-299.99573617484947,281.86629672348363,102.61802294852525
train_00037,train,4,B2,0.010307913048530109,-229.77352895186857,192.79719486161065
train_00037,train,4,B3,300.0015672789986,-52.117730611353736,-295.44579822888255
train_00037,train,4,C1,749.977303396448,281.9904878606147,102.53157482196859
train_00037,train,4,C2,900.0327756417734,-229.76755708813056,192.7550743115289
train_00037,train,4,C3,1050.0049258805445,-51.952765656970755,-295.48316443125094
train_00038,train,0,A1,-1348.240084356244,526.0970632174999,401.289418832889
train_00038,train,0,A2,-1484.4446719786306,54.58497802090474,495.9455231886338
train_00038,train,0,A3,-1639.163315000181,193.88190183852805,124.99754653999192
train_00038,train,0,B1,-57.64181606459701,175.30614775257652,-251.53507616620854
train_00038,train,0,B2,299.79376432237865,-297.15721580702535,-156.62188938761122
train_00038,train,0,B3,585.5679925181021,-82.5973207404168,-638.5454551221405
train_00038,train,0,C1,782.6474248471869,91.10809352332934,352.927501309408
train_00038,train,0,C2,932.3788876912388,-420.66647554165945,443.3129795091656
train_00038,train,0,C3,1082.9964810390052,-243.0653253216135,-44.72837835021196
train_00038,train,1,A1,-999.9415019763542,272.96304609107244,99.42692243027665
train_00038,train,1,A2,-1149.9499039672319,-198.9704397380916,167.0274483604091
train_00038,train,1,A3,-1300.0020816040405,-34.32264168862393,-195.49758716972772
train_00038,train,1,B1,-300.03695028122644,281.88349266337724,102.65402578367471
train_00038,train,1,B2,0.03639741327821256,-229.81009521440257,192.8505544364924
train_00038,train,1,B3,300.0129291123257,-52.045488325941754,-295.4696566920479
train_00038,train,1,C1,1000.0156627928428,281.9612245552351,102.54170472237149
train_00038,train,1,C2,1149.9696600831935,-229.8053638803306,192.77353343106964
train_00038,train,1,C3,1300.0455007605717,-52.01848235995473,-295.4865032456729
train_00038,train,2,A1,-750.0751864468758,272.90591296625075,99.33415019685864
train_00038,train,2,A2,-899.9512764989572,-199.17419901772465,167.03584662916208
train_00038,train,2,A3,-1050.012809077545,-34.55600704984083,-195.35820058992837
train_00038,train,2,B1,-300.01154394348504,281.87383153524183,102.65738510263775
train_00038,train,2,B2,0.008626447491270527,-229.79356406569582,192.78598850458087
train_00038,train,2,B3,300.0043450505221,-52.021083680875655,-295.51069670555927
train_00038,train,2,C1,999.9355315552317,281.95550024238037,102.52898898685241
train_00038,train,2,C2,1150.0155284871958,-229.7767326420038,192.79097807323848
train_00038,train,2,C3,1299.9493116871597,-52.053768765672025,-295.44108037812157
train_00038,train,3,A1,-750.0656657475412,272.8393775575799,99.38008213821635
train_00038,train,3,A2,-899.9781002188728,-199.17478079326213,167.06683552524024
train_00038,train,3,A3,-1050.015730595677,-34.600958354567545,-195.33996800834467
train_00038,train,3,B1,-299.99085773050365,281.8798505127594,102.624027828683
train_00038,train,3,B2,0.03160252245436239,-229.8341320238991,192.85922150989305
train_00038,train,3,B3,300.051121321877,-51.98944405304055,-295.4823291505339
train_00038,train,3,C1,750.0206778550141,281.9165706397216,102.64942417103875
train_00038,train,3,C2,900.0249902617493,-229.81466355838546,192.70242309725035
train_00038,train,3,C3,1050.0346556233117,-51.9973195429843,-295.47863119503114
train_00038,train,4,A1,-750.0749036203437,273.01542319111667,99.2252771521501
train_00038,train,4,A2,-900.0303957400386,-198.93441343965637,167.02306094443742
train_00038,train,4,A3,-1050.0523678149889,-34.49474174070854,-195.44973927224268
train_00038,train,4,B1,-300.0543229741847,281.9763810379177,102.58953250309615
train_00038,train,4,B2,-0.0566312536515991,-229.6971081273035,192.86806595968
train_00038,train,4,B3,299.9745103617855,-52.090576553601906,-295.44127514898247
train_00038,train,4,C1,750.0429656826554,281.95295504590644,102.64431393220528
train_00038,train,4,C2,899.976627003705,-229.79996271854,192.8059802597704
train_00038,train,4,C3,1050.0818988360293,-52.11718967032652,-295.45199115310584
train_00039,train,0,A1,-700.4695551246524,199.4454159185156,-59.14169134596744
train_00039,train,0,A2,-813.3258394352853,-276.7897122949656,42.45696866523682
train_00039,train,0,A3,-976.6100297067524,-150.06326336841653,-329.3522372939562
train_00039,train,0,B1,-60.97773734597452,508.76313189686834,509.5564891318844
train_00039,train,0,B2,292.0921292217096,27.804278210835655,445.5181567490809
train_00039,train,0,B3,606.9132734191863,399.0710344209145,94.87410673346888
train_00039,train,0,C1,1008.4579094059413,492.35656157386745,353.15553062656966
train_00039,train,0,C2,1130.600245841389,-23.57204468830356,460.2908562769526
train_00039,train,0,C3,1264.290142283273,121.63424782054777,-43.24699387676253
train_00039,train,1,A1,-1000.0716388047495,272.9723948903821,99.24104460084816
train_00039,train,1,A2,-1150.001094479448,-199.06681252275078,166.96539748912633
train_00039,train,1,A3,-1300.04356400347,-34.55846571525412,-195.4786328383868
train_00039,train,1,B1,-299.96072084498354,281.89444418257915,102.5533519803204
train_00039,train,1,B2,0.10771911235478127,-229.69538444935287,192.7775232638045
train_00039,train,1,B3,300.0549557295865,-52.07660801643867,-295.53310330080257
train_00039,train,1,C1,1000.037197959634,281.85377722294925,102.49559823866602
train_00039,train,1,C2,1150.018802497784,-229.85588731072954,192.81958891850635
train_00039,train,1,C3,1300.0125671035519,-52.15025467338918,-295.4859668089413
train_00039,train,2,A1,-750.026853314209,272.8947358939355,99.30527126850457
train_00039,train,2,A2,-899.9492900532648,-199.07910477254217,167.04813211996023
train_00039,train,2,A3,-1050.0060002028183,-34.56083044535117,-195.40807601189337
train_00039,train,2,B1,-300.05149964204094,281.88215127083,102.58782608489273
train_00039,train,2,B2,0.061152096448521744,-229.75966514787018,192.8189297509782
train_00039,train,2,B3,300.0627461324227,-52.05808631887127,-295.4707943643675
train_00039,train,2,C1,1000.0630821425766,281.81296594145863,102.48879509511903
train_00039,train,2,C2,1150.0755752696152,-229.93263778502921,192.78276909939197
train_00039,train,2,C3,1300.039434805774,-52.19317456112606,-295.4883708018748
train_00039,train,3,A1,-749.9300116823557,272.88831665044114,99.24879698332077
train_00039,train,3,A2,-899.9056483541715,-199.11409973657615,167.00421462755202
train_00039,train,3,A3,-1049.9484512230163,-34.584445407993,-195.43730458651106
train_00039,train,3,B1,-299.97065394513953,281.9864255331959,102.57843253392933
train_00039,train,3,B2,0.02726126018888912,-229.7198009293994,192.83268588048142
train_00039,train,3,B3,300.0626344136223,-52.08438808298385,-295.51571208281837
train_00039,train,3,C1,749.9129651745068,282.08666480991013,102.62152148669516
train_00039,train,3,C2,899.988978903354,-229.59220170029897,192.8557223901334
train_00039,train,3,C3,1049.957183356105,-51.84180567938318,-295.4433497371013
train_00039,train,4,A1,-749.9485803832931,272.9124108844125,99.48965485638269
train_00039,train,4,A2,-899.9066709285673,-199.05411933848058,167.05730528592952
train_00039,train,4,A3,-1050.0445991840286,-34.47387305850567,-195.32023486731757
train_00039,train,4,B1,-299.971005426182,281.90364540495375,102.71107116535745
train_00039,train,4,B2,0.044982253546063514,-229.87147211663944,192.84182906481675
train_00039,train,4,B3,300.0478960143482,-52.124736328286204,-295.50589180991494
train_00039,train,4,C1,749.9434764919739,281.9250368172677,102.64660564752504
train_00039,train,4,C2,899.9401506193715,-229.7627366979222,192.77566679292516
train_00039,train,4,C3,1049.8721525997262,-52.04228626755758,-295.4609071861639
train_00040,train,0,A1,-1231.6655577277666,633.1621991876203,-56.23029720594261
train_00040,train,0,A2,-1257.0590875452206,164.32341735307955,115.23134559443037
train_00040,train,0,A3,-1403.2139808709928,196.60922003489412,-282.87289339084754
train_00040,train,0,B1,-88.82631141049242,286.4592764480942,294.81436037354246
train_00040,train,0,B2,266.1163297242997,-196.79423622076808,317.56778300783236
train_00040,train,0,B3,517.7785024001693,58.52678339792175,-163.59880611479625
train_00040,train,0,C1,1368.546392428013,314.26330459430733,444.40835008254356
train_00040,train,0,C2,1485.428892384904,-207.68783103858527,524.2849589423562
train_00040,train,0,C3,1584.845478202363,-47.54277861920171,17.36087367356299
train_00040,train,1,A1,-999.9859066878042,272.9340667755958,99.36853001286427
train_00040,train,1,A2,-1149.9447196336812,-199.0440236129884,167.02586899600834
train_00040,train,1,A3,-1299.8864416708057,-34.49208193161414,-195.42261596252686
train_00040,train,1,B1,-299.9242581900734,281.86748972179635,102.66391878128209
train_00040,train,1,B2,0.01596047199581782,-229.8525973238882,192.86900596634536
train_00040,train,1,B3,300.0168611318019,-52.11950290892632,-295.44882381405927
train_00040,train,1,C1,1000.0528952658838,281.7913454513512,102.52387993489593
train_00040,train,1,C2,1149.9647994448624,-229.93133642305878,192.81803331622055
train_00040,train,1,C3,1299.9156346529771,-52.271512865959245,-295.44457993808044
train_00040,train,2,A1,-749.9122648978661,272.9897889152362,99.38759067098938
train_00040,train,2,A2,-899.9594928902812,-198.95431240100842,167.04105140939004
train_00040,train,2,A3,-1050.0254554073813,-34.38363295286087,-195.34850899921557
train_00040,train,2,B1,-299.9097362404997,281.855690035539,102.66497076519552
train_00040,train,2,B2,0.021431139740482122,-229.8568257449804,192.82813124946077
train_00040,train,2,B3,299.98255817460097,-52.14812883944127,-295.4252112511005
train_00040,train,2,C1,1000.0635478949297,281.82629306982057,102.54068542603196
train_00040,train,2,C2,1149.9167016472757,-229.95455106501782,192.85047042618024
train_00040,train,2,C3,1299.929721852835,-52.25778263601752,-295.4624132126654
train_00040,train,3,A1,-749.9118925503603,272.9953453974945,99.3679704388935
train_00040,train,3,A2,-899.9677153176882,-198.95708496521385,167.01108683648818
train_00040,train,3,A3,-1050.0434517075835,-34.405081448309836,-195.35719987185945
train_00040,train,3,B1,-299.9259480775221,281.950011704843,102.66872071047752
train_00040,train,3,B2,0.035095964007531386,-229.8096876028885,192.8855533829922
train_00040,train,3,B3,300.0292929664265,-52.12417373748111,-295.4273950940346
train_00040,train,3,C1,750.0469949868045,281.7208661449142,102.5122332419856
train_00040,train,3,C2,900.1043240014789,-229.95912282491588,192.75354828906362
train_00040,train,3,C3,1049.964549547186,-52.26886561476618,-295.58302086763535
train_00040,train,4,A1,-750.0260059826018,272.9363355708699,99.26585075699488
train_00040,train,4,A2,-900.0066673797788,-199.10097902764605,166.83150424230746
train_00040,train,4,A3,-1050.1020907586699,-34.48333852656569,-195.48674628393852
train_00040,train,4,B1,-300.06674316556075,281.9873438878206,102.56939622826451
train_00040,train,4,B2,-0.06655484796141647,-229.77224607344354,192.9378890805747
train_00040,train,4,B3,299.98175812691244,-52.057853806939406,-295.339162376436
train_00040,train,4,C1,750.0387160177552,281.8881142597635,102.71123838481246
train_00040,train,4,C2,900.0101111077355,-229.7982110549425,192.9263597658302
train_00040,train,4,C3,1050.0342938084455,-52.06905368993094,-295.32667937233396
train_00041,train,0,A1,-1122.4504749873793,255.81325782823927,148.6824546635828
train_00041,train,0,A2,-1205.4927278673135,-197.0785667723143,343.1580605678243
train_00041,train,0,A3,-1363.6073984875566,-161.0224154986046,-50.05910683011902
train_00041,train,0,B1,-36.279549104775,72.64722986469704,-103.42508394328864
train_00041,train,0,B2,376.59303742082693,-362.05155354797256,-79.92661901912074
train_00041,train,0,B3,648.6657929175809,-22.557870976052268,-493.14278668582153
train_00041,train,0,C1,767.5779450898146,124.17534154234649,23.51221786066054
train_00041,train,0,C2,911.3185959516429,-391.36347424464736,102.03701053900399
train_00041,train,0,C3,1081.952758568907,-197.8885414072501,-373.32518029394
train_00041,train,1,A1,-999.9259294483352,272.8335536688064,99.29250532169506
train_00041,train,1,A2,-1149.9620802757795,-199.07200959007815,167.0307870340698
train_00041,train,1,A3,-1299.9835101763224,-34.605317073430186,-195.34042697559772
train_00041,train,1,B1,-300.0056994025487,281.8759144516602,102.50601635179939
train_00041,train,1,B2,-0.03641018197157608,-229.82466079729204,192.77970687082797
train_00041,train,1,B3,300.0267531760232,-52.200265969349665,-295.5069948149146
train_00041,train,1,C1,1000.0174440008207,281.9164144610528,102.64681903325778
train_00041,train,1,C2,1149.9905284259703,-229.76957573427651,192.86338084686554
train_00041,train,1,C3,1300.0919569847404,-52.02514235585385,-295.4039633862264
train_00041,train,2,A1,-750.0333237770793,273.0139734407924,99.22916415806596
train_00041,train,2,A2,-900.0371901057454,-198.9644541122043,166.8455831716102
train_00041,train,2,A3,-1049.9815447721521,-34.41102044908127,-195.64192236649583
train_00041,train,2,B1,-299.9969182658221,281.8706438847293,102.5371624405896
train_00041,train,2,B2,-0.05651612414545966,-229.84503479636453,192.77650998474397
train_00041,train,2,B3,300.00069502675706,-52.18200768630694,-295.4935524040849
train_00041,train,2,C1,999.989863295697,281.9395098771912,102.59702903030932
train_00041,train,2,C2,1149.930184951112,-229.7884338775664,192.90927863462795
train_00041,train,2,C3,1300.0812260249952,-52.10957896867841,-295.34303562709516
train_00041,train,3,A1,-750.0239237615042,273.07733566696083,99.21678400510554
train_00041,train,3,A2,-900.0730147151585,-198.9958402820402,166.7981328545489
train_00041,train,3,A3,-1049.963134207943,-34.35954086520925,-195.61740821489093
train_00041,train,3,B1,-299.9827496661699,281.9140262425447,102.5043761011921
train_00041,train,3,B2,0.020825766247147888,-229.8480849572123,192.78756347738175
train_00041,train,3,B3,300.01862096676456,-52.155778593407355,-295.49872630065
train_00041,train,3,C1,750.0613270249313,281.7662720626479,102.6313985684019
train_00041,train,3,C2,899.9698596590335,-230.01090647743294,192.80295738810028
train_00041,train,3,C3,1050.068689944547,-52.31133503072646,-295.4001314243752
train_00041,train,4,A1,-750.0013298356699,273.08260341138697,99.37436818441022
train_00041,train,4,A2,-900.006618748413,-198.99384206054944,167.0619198307839
train_00041,train,4,A3,-1049.9669359877578,-34.422413881245575,-195.38011142785592
train_00041,train,4,B1,-299.95484633667394,281.9069980435095,102.6284183214605
train_00041,train,4,B2,0.080781115868546,-229.7221299495939,192.86401402041102
train_00041,train,4,B3,299.96989463702135,-52.1456979928052,-295.46899897703776
train_00041,train,4,C1,750.0702974971641,281.86837864910524,102.55891446475566
train_00041,train,4,C2,900.0409983742741,-229.8181742489696,192.8243654810782
train_00041,train,4,C3,1049.950408258315,-52.12435742098789,-295.5170107784979
train_00042,train,0,A1,-1056.466987551098,78.6389487425168,-40.54005393219736
train_00042,train,0,A2,-1226.0963866375923,-388.8394331004096,10.183053588676044
train_00042,train,0,A3,-1346.2523722426922,-214.81861729498002,-358.9585594456266
train_00042,train,0,B1,-305.87394961173027,237.88550591630877,109.94422269225288
train_00042,train,0,B2,-12.778591832024462,-280.6745011523583,181.97417946650899
train_00042,train,0,B3,293.515632767798,-87.20815331155268,-296.33737991014283
train_00042,train,0,C1,924.879369194854,319.09958202915203,177.463291739759
train_00042,train,0,C2,1104.0025504469,-190.9566804371546,160.51148679595894
train_00042,train,0,C3,1153.3355945368155,62.71639835597579,-314.5249390702496
train_00042,train,1,A1,-999.9360750099027,272.9111841332875,99.41440116434386
train_00042,train,1,A2,-1149.9638659429977,-199.08535416739525,167.02046899988687
train_00042,train,1,A3,-1299.9292131956768,-34.47417733677544,-195.36871714723858
train_00042,train,1,B1,-300.040871824259,281.9078621555739,102.65219115424988
train_00042,train,1,B2,0.02336022098158174,-229.74336087382753,192.8794942859503
train_00042,train,1,B3,300.02317401574743,-51.98959851790969,-295.4139321602562
train_00042,train,1,C1,1000.0559861553239,281.9148986369738,102.5930390659244
train_00042,train,1,C2,1150.093593060093,-229.80859671748902,192.77050232193204
train_00042,train,1,C3,1299.9832107255654,-52.16691604550512,-295.42492134291433
train_00042,train,2,A1,-750.6056659035784,274.6436603881705,100.23539182481234
train_00042,train,2,A2,-900.5073953377264,-197.43320779822412,167.93536795511974
train_00042,train,2,A3,-1050.577135936625,-32.8661601311638,-194.45922073622273
train_00042,train,2,B1,-300.0477038542256,281.9335238385189,102.61322402954049
train_00042,train,2,B2,-0.027601165048654935,-229.79498206227433,192.85838859244717
train_00042,train,2,B3,300.0087081220413,-51.97347033426453,-295.3527474973761
train_00042,train,2,C1,1000.039638334699,281.93916040766584,102.62795419922739
train_00042,train,2,C2,1150.0357943000602,-229.82235877685966,192.7929321614132
train_00042,train,2,C3,1300.0323260551813,-52.140903778215105,-295.4375603170168
train_00042,train,3,A1,-750.6047640633417,274.62549920933577,100.18942402787582
train_00042,train,3,A2,-900.5472387190096,-197.3932298770955,167.86076298000253
train_00042,train,3,A3,-1050.6164260025373,-32.88210680588806,-194.4644230826534
train_00042,train,3,B1,-300.0572102559738,281.84108176365606,102.58873544690282
train_00042,train,3,B2,-0.0834700821198774,-229.79527752013487,192.84128914863408
train_00042,train,3,B3,300.0776753221438,-51.991339958231784,-295.3983300958919
train_00042,train,3,C1,750.0080088713648,281.92281576964626,102.72701780648568
train_00042,train,3,C2,900.008734767398,-229.7553686778028,192.97179767500467
train_00042,train,3,C3,1050.0501545427726,-52.010234207284384,-295.2837309308293
train_00042,train,4,A1,-750.7295590798005,273.5048838663363,99.55922350978322
train_00042,train,4,A2,-900.2686054247051,-198.57587468598305,167.27031531507174
train_00042,train,4,A3,-1050.3464502565362,-34.167281574138826,-195.29447620468449
train_00042,train,4,B1,-300.11978267652046,281.14254544202134,102.09400754829447
train_00042,train,4,B2,0.25370678140648883,-230.34139858302652,192.55881515392616
train_00042,train,4,B3,300.332445598393,-52.398564816601336,-295.6038514735833
train_00042,train,4,C1,749.9315625914985,281.930529122657,102.58313794042496
train_00042,train,4,C2,900.2625166214211,-229.67738538312244,192.9678770138277
train_00042,train,4,C3,1050.3746175513568,-51.93685627561924,-295.22299607258935
train_00043,train,0,A1,-790.1735744168692,373.555075679712,-179.16514935375255
train_00043,train,0,A2,-1042.9396961528773,-57.56194678750536,-189.29797626891838
train_00043,train,0,A3,-1104.1922189257257,171.53889687592394,-542.3827579938749
train_00043,train,0,B1,-63.06662944520362,314.8344396253172,288.748639367044
train_00043,train,0,B2,231.14680284109866,-186.26824889070076,437.8832419968227
train_00043,train,0,B3,573.6855302175609,-34.90290605334252,-30.90518866876689
train_00043,train,0,C1,1045.4546331021902,90.83016710917829,114.22885682329523
train_00043,train,0,C2,1192.9651045168896,-422.1250561318376,201.37503123202606
train_00043,train,0,C3,1334.8896966829525,-245.50569450360348,-289.678882212426
train_00043,train,1,A1,-1000.0096050862323,272.9797632923163,99.34392244502513
train_00043,train,1,A2,-1149.9051634562252,-199.02426326755582,167.00145860131988
train_00043,train,1,A3,-1299.999944967671,-34.39945070077242,-195.3718008997592
train_00043,train,1,B1,-299.96888524800613,281.90293052531234,102.64973881679083
train_00043,train,1,B2,-0.022375500100843097,-229.85623181775162,192.8415520704919
train_00043,train,1,B3,300.0234755683062,-52.041728602044266,-295.4102663421922
train_00043,train,1,C1,1000.0245087300176,281.86603311870573,102.62326634444297
train_00043,train,1,C2,1149.9546762295322,-229.85526399016962,192.83575423538304
train_00043,train,1,C3,1300.020358231268,-52.185464332706,-295.4807923155964
train_00043,train,2,A1,-749.9448148055395,272.9574508673232,99.3419717753966
train_00043,train,2,A2,-900.0234448765324,-198.99476235940682,166.8616610639297
train_00043,train,2,A3,-1049.9774687807824,-34.339590190682735,-195.49975317014466
train_00043,train,2,B1,-300.06523844508774,281.8643007509851,102.64611977326305
train_00043,train,2,B2,-0.042501963847385124,-229.84735021717123,192.83467760759933
train_00043,train,2,B3,300.0031312482963,-52.09527818834894,-295.4003494556176
train_00043,train,2,C1,1000.0001203957082,281.82969684689925,102.49874606018905
train_00043,train,2,C2,1150.0683560444454,-229.79440655458302,192.8145598472834
train_00043,train,2,C3,1300.0037817666243,-52.128796993186555,-295.449074960221
train_00043,train,3,A1,-749.9295560114557,272.9804600854256,99.3581799165442
train_00043,train,3,A2,-900.075591250697,-198.99128960367884,166.89670625458166
train_00043,train,3,A3,-1049.9702344126274,-34.372869726126886,-195.4843940009503
train_00043,train,3,B1,-299.97702012057255,281.88115565017006,102.64126789091878
train_00043,train,3,B2,-0.08250875803603804,-229.83651316821806,192.7994322265425
train_00043,train,3,B3,299.98371278261646,-52.05111764097319,-295.45062802815136
train_00043,train,3,C1,750.2130753526868,281.50584802616874,104.69429678863933
train_00043,train,3,C2,900.1185387039264,-230.28864592455318,194.84126262255398
train_00043,train,3,C3,1050.1900975425715,-52.48849455027112,-293.365656170449
train_00043,train,4,A1,-749.957706222813,272.91071246705053,99.34855906707332
train_00043,train,4,A2,-899.8793403419264,-199.04784019436389,167.2308372865479
train_00043,train,4,A3,-1050.1953928783698,-34.57422014382588,-195.10261126546084
train_00043,train,4,B1,-300.0355728301417,281.90801574756927,102.12211479012153
train_00043,train,4,B2,0.11550613555426653,-229.66569018498066,192.1912359206224
train_00043,train,4,B3,299.69602202662185,-52.018771965628446,-296.39760050440964
train_00043,train,4,C1,750.1892847197341,281.80243504809476,103.1614296092156
train_00043,train,4,C2,900.3450273077806,-229.80376489870437,193.3168830998845
train_00043,train,4,C3,1049.8299760491761,-52.21213071943813,-295.1416548652575
train_00044,train,0,A1,-1306.0727033052494,383.3660103312239,238.1087103748221
train_00044,train,0,A2,-1271.2753142078757,-97.69348056440784,369.4361196428173
train_00044,train,0,A3,-1467.6176591044689,-48.28386778695137,-4.609781987189121
train_00044,train,0,B1,-76.26061694915153,104.58163980257693,-15.435881235868058
train_00044,train,0,B2,303.08209619573387,-341.92945971846257,113.56509567257757
train_00044,train,0,B3,509.2669841008296,-225.2592354914795,-437.73212857753873
train_00044,train,0,C1,993.8106937678441,-25.380565700707816,230.82001576940908
train_00044,train,0,C2,1035.5467925248354,-522.3447600985768,439.9761901863756
train_00044,train,0,C3,1286.1473854386281,-475.6053019921162,-37.016767279742766
train_00044,train,1,A1,-999.9918935626014,272.9525797544148,99.3732143276064
train_00044,train,1,A2,-1150.007569203085,-199.0335698569716,166.97547875889273
train_00044,train,1,A3,-1299.9612981837092,-34.40679547663607,-195.43355447123488
train_00044,train,1,B1,-300.039338495337,281.9898942655002,102.56748281259465
train_00044,train,1,B2,0.012468723359456868,-229.7872207424573,192.87139035882603
train_00044,train,1,B3,299.9566318756286,-52.1090239460974,-295.4136387575041
train_00044,train,1,C1,999.9368903384633,281.93801379149596,102.61194888188032
train_00044,train,1,C2,1150.0017196280119,-229.8016618678512,192.84165051834
train_00044,train,1,C3,1299.9385303468941,-52.052602689722974,-295.36558901916044
train_00044,train,2,A1,-751.4908381817116,272.06066831669204,100.30112776771769
train_00044,train,2,A2,-901.5049426855778,-199.89644518134995,168.07340343473922
train_00044,train,2,A3,-1051.490934524803,-35.35245922725918,-194.40539735946393
train_00044,train,2,B1,-300.0434092382095,281.89701577397545,102.58757616650304
train_00044,train,2,B2,0.022527984008523707,-229.73431393456053,192.88935737319335
train_00044,train,2,B3,299.9864698316816,-52.09084026593498,-295.4845892608278
train_00044,train,2,C1,999.9406041708949,281.905285667602,102.61906288148163
train_00044,train,2,C2,1150.0245851940801,-229.8136530105716,192.91700261317393
train_00044,train,2,C3,1299.9529260716427,-52.050502496396135,-295.3882354643921
train_00044,train,3,A1,-751.5025356218554,272.10574643564416,100.3139682381322
train_00044,train,3,A2,-901.522235062774,-199.9193045747865,168.04295498356944
train_00044,train,3,A3,-1051.514460989582,-35.360945422558316,-194.40030173769534
train_00044,train,3,B1,-300.0137790358624,281.93450656148127,102.58719854127686
train_00044,train,3,B2,-0.0014475238006468587,-229.74278666859345,192.83803896595657
train_00044,train,3,B3,300.0197550648414,-52.13032503227099,-295.4298873885936
train_00044,train,3,C1,749.9780396260588,282.11174521274455,102.50122115577055
train_00044,train,3,C2,900.025548680788,-229.57964737365745,192.74770869549724
train_00044,train,3,C3,1049.9932766863878,-51.84680585214144,-295.5191698411195
train_00044,train,4,A1,-750.8614099350073,272.6909674129405,99.68796210135201
train_00044,train,4,A2,-901.1795479448577,-199.22124857964127,167.306346641413
train_00044,train,4,A3,-1050.8790532557678,-34.570783912264936,-195.23605824873832
train_00044,train,4,B1,-299.4560647980425,282.2764254045438,102.16510775048452
train_00044,train,4,B2,0.2167435332724616,-229.55537839131634,192.56331229563114
train_00044,train,4,B3,300.64092706038076,-51.92791282815236,-295.5670910035431
train_00044,train,4,C1,750.5367301231537,281.95251809419875,102.71212784153815
train_00044,train,4,C2,900.2987848992593,-229.78378907771474,192.96578556310885
train_00044,train,4,C3,1050.595242996706,-52.05723261528073,-295.2493219327812
train_00045,train,0,A1,-844.291603412161,327.7051179276625,63.11252100453351
train_00045,train,0,A2,-1050.310182074861,-90.47538813871815,243.21728608972893
train_00045,train,0,A3,-1262.681927132332,59.71702239721231,-93.37946044804345
train_00045,train,0,B1,-585.8831950393096,235.75007077687619,110.06733774920123
train_00045,train,0,B2,-256.75358001539735,-263.84438891062115,64.93265065498457
train_00045,train,0,B3,-122.9309196078352,-36.85465170098652,-474.17232473209026
train_00045,train,0,C1,760.7371910802435,35.14703468434423,263.0863865313497
train_00045,train,0,C2,862.7260217857666,-441.32288563358264,497.67904868011664
train_00045,train,0,C3,1151.6319747784905,-365.3894520464535,46.8970250515528
train_00045,train,1,A1,-1000.0428639415094,272.8695575238091,99.35214081276047
train_00045,train,1,A2,-1149.9245599183066,-199.15588592759138,167.06491229257
train_00045,train,1,A3,-1300.0410193694267,-34.56685941137377,-195.3669754465356
train_00045,train,1,B1,-300.0024575197113,281.9477991216349,102.61177335682392
train_00045,train,1,B2,-0.038643678412044094,-229.76082043567558,192.78876046019107
train_00045,train,1,B3,299.98774156780024,-52.05996307823285,-295.42639889388806
train_00045,train,1,C1,1000.154415966334,280.06501451411015,103.37553981277256
train_00045,train,1,C2,1150.1397977490474,-231.67235470593496,193.50257525317892
train_00045,train,1,C3,1300.1162942637334,-53.86773530764048,-294.7556962334836
train_00045,train,2,A1,-749.9489820846608,273.0469898750556,99.35956668579222
train_00045,train,2,A2,-900.0664975979371,-198.9338370323526,166.94164972924037
train_00045,train,2,A3,-1049.9360341345066,-34.311748136806436,-195.51758911815065
train_00045,train,2,B1,-300.0375843003985,281.9653229654004,102.60017467381242
train_00045,train,2,B2,0.041645720908594544,-229.82437830041127,192.75693715730768
train_00045,train,2,B3,299.9539059316891,-52.06590477220101,-295.5245875822047
train_00045,train,2,C1,1000.1456521651322,280.00332721412457,103.34040704782885
train_00045,train,2,C2,1150.1206733421948,-231.68000274534378,193.55636870528556
train_00045,train,2,C3,1300.1022958608694,-53.883034388568625,-294.76961157514467
train_00045,train,3,A1,-749.9226978133443,273.0682813039876,99.3263310678591
train_00045,train,3,A2,-900.0642844094904,-198.91617075170421,166.98202876912157
train_00045,train,3,A3,-1049.967746382225,-34.40594266091518,-195.49314131414235
train_00045,train,3,B1,-300.0139809909793,281.8889851783604,102.60985370504933
train_00045,train,3,B2,-0.07729238434545968,-229.83461486879858,192.77851420863962
train_00045,train,3,B3,299.9406063217193,-52.10198664245754,-295.46647927101986
train_00045,train,3,C1,750.0568285211948,282.0013785709284,102.5554922057248
train_00045,train,3,C2,900.0403399763915,-229.76268941531367,192.670761095054
train_00045,train,3,C3,1049.9593598177396,-52.02976938610959,-295.6135828936782
train_00045,train,4,A1,-749.9416924247131,272.9017851030249,99.42444145056665
train_00045,train,4,A2,-900.0077283071238,-199.03790958414922,167.06988736500105
train_00045,train,4,A3,-1049.9363756730154,-34.43528855568261,-195.44529982887997
train_00045,train,4,B1,-300.01985829712413,281.8593950072824,102.6641106901329
train_00045,train,4,B2,-0.04688817607368696,-229.79637302327205,192.89692411262854
train_00045,train,4,B3,299.97669325910636,-52.07892700439697,-295.38720760948956
train_00045,train,4,C1,750.0135333295123,281.9721875499106,102.56441176066134
train_00045,train,4,C2,900.0227266283161,-229.73488895588451,192.8044664655102
train_00045,train,4,C3,1050.0612453981641,-51.90727105584328,-295.49400349870166
train_00046,train,0,A1,-852.1472926359767,384.49943318643926,-7.866125996410428
train_00046,train,0,A2,-1017.5727684552986,-74.47598504867845,100.80324797382572
train_00046,train,0,A3,-1183.352620872277,72.87268281681648,-262.11379967367435
train_00046,train,0,B1,90.18489948221355,226.26002097228056,103.75809254007545
train_00046,train,0,B2,213.5763571745821,-358.775149816993,154.2083284887784
train_00046,train,0,B3,595.9535563770687,-239.6296370041271,-292.6036860586638
train_00046,train,0,C1,1161.3142447604316,98.32564560223312,384.02246150915903
train_00046,train,0,C2,1367.1857845357044,-400.16258186349455,423.84211045608254
train_00046,train,0,C3,1627.8418481765086,-95.97045721058893,60.53063371337201
train_00046,train,1,A1,-1000.0672849310569,272.9838002908784,99.33871275682236
train_00046,train,1,A2,-1150.0723006281767,-199.0050060977695,167.0532181569217
train_00046,train,1,A3,-1300.0127567943405,-34.4521346687657,-195.36785514662265
train_00046,train,1,B1,-299.90759630947065,281.884864903116,102.68701813868847
train_00046,train,1,B2,0.02152902518198602,-229.87549713939052,192.8304630178886
train_00046,train,1,B3,300.05373283365697,-52.09370475998078,-295.4110881566839
train_00046,train,1,C1,999.9923669504458,281.97335205454414,102.5951020250872
train_00046,train,1,C2,1149.9888495590194,-229.76749006082957,192.8229897010557
train_00046,train,1,C3,1300.0380875432215,-52.008042057281976,-295.42664297536965
train_00046,train,2,A1,-748.506905184182,271.7501538428923,98.61354180964784
train_00046,train,2,A2,-898.6077017218994,-200.2445888456999,166.11161502409945
train_00046,train,2,A3,-1048.5724791117966,-35.56350881014143,-196.2368384856578
train_00046,train,2,B1,-299.8787173169427,281.9571950205142,102.64047763412567
train_00046,train,2,B2,0.0492349640380515,-229.81173974097928,192.82228038067788
train_00046,train,2,B3,299.9297447800767,-52.11935722439228,-295.4086997241267
train_00046,train,2,C1,999.9623783156677,281.9572847488142,102.61411950519788
train_00046,train,2,C2,1150.009754793762,-229.74274375060955,192.77046663576712
train_00046,train,2,C3,1299.951986009821,-51.97686823893872,-295.40271025972027
train_00046,train,3,A1,-748.5565516946626,271.75642650716225,98.55042725755018
train_00046,train,3,A2,-898.6144395845599,-200.26544655106602,166.11360478754338
train_00046,train,3,A3,-1048.581163079161,-35.55355492462257,-196.21151578239738
train_00046,train,3,B1,-299.93205339963026,281.9165348606746,102.66382988905931
train_00046,train,3,B2,0.008679538347301171,-229.9064785770654,192.79375483599642
train_00046,train,3,B3,300.02301396169634,-52.1186974223623,-295.4124384769688
train_00046,train,3,C1,750.0776697900136,281.7796109718785,102.501043718557
train_00046,train,3,C2,900.0015780766063,-229.9101452280612,192.76456081274628
train_00046,train,3,C3,1049.9985121736604,-52.27108123411009,-295.48749979255956
train_00046,train,4,A1,-748.7906828256079,272.5478114207438,99.10117520719614
train_00046,train,4,A2,-899.0944329111968,-199.31565877172753,166.81907190248387
train_00046,train,4,A3,-1049.161507296749,-34.57048483027873,-195.5219039471758
train_00046,train,4,B1,-300.21617098644276,282.4908117563305,103.03155441382307
train_00046,train,4,B2,-0.47796967017328695,-229.33211598322512,193.15581113495296
train_00046,train,4,B3,299.44185839020844,-51.77677347137087,-295.231316523262
train_00046,train,4,C1,749.8360745183973,281.93562199177074,102.50657113359883
train_00046,train,4,C2,899.5328958781319,-229.96920263357538,192.78546178369496
train_00046,train,4,C3,1049.413209735652,-52.33774452448964,-295.585253184028
train_00047,train,0,A1,-1009.9647666687829,43.86304769558991,70.26027461541675
train_00047,train,0,A2,-1134.8460227877915,-434.9565385800321,141.10219638640103
train_00047,train,0,A3,-1276.3648735578674,-286.6451626124475,-231.69097522636918
train_00047,train,0,B1,-101.96066949962133,162.22103796966954,120.7885080156126
train_00047,train,0,B2,160.06262471778217,-376.2767362107356,84.0446989365758
train_00047,train,0,B3,495.4271489509636,-101.26299918444737,-330.53954973030886
train_00047,train,0,C1,1088.2818896753627,294.4296350960233,-72.50257938769431
train_00047,train,0,C2,1152.3784809459328,-220.39986963022642,80.38172099869587
train_00047,train,0,C3,1273.794776929607,-141.45040002877644,-440.69948177339944
train_00047,train,1,A1,-1000.001204220756,272.89832847347395,99.24687919342402
train_00047,train,1,A2,-1149.993589457339,-199.10091296182094,166.88976876571923
train_00047,train,1,A3,-1299.9868564324684,-34.55445288825444,-195.49617458593787
train_00047,train,1,B1,-300.00519073607205,281.98403566889385,102.53793168816767
train_00047,train,1,B2,-0.012573570716116578,-229.87187635660626,192.78160004280036
train_00047,train,1,B3,300.06443008567567,-52.0650293917886,-295.46122809029515
train_00047,train,1,C1,999.9797193203842,281.9047867237881,102.52209849465851
train_00047,train,1,C2,1150.0384090720338,-229.79099796071856,192.79106102713374
train_00047,train,1,C3,1299.971993788414,-52.164277326236515,-295.45500720808246
train_00047,train,2,A1,-749.994629546988,273.09729341637154,99.19639569041185
train_00047,train,2,A2,-899.9954773298385,-198.9605291432123,166.7133473308731
train_00047,train,2,A3,-1050.0070103049954,-34.300607484316224,-195.69347647714375
train_00047,train,2,B1,-299.99864870507935,281.9361486370342,102.52842196659903
train_00047,train,2,B2,-0.026324733483132096,-229.82226670865845,192.81399641828125
train_00047,train,2,B3,300.0631944421378,-52.13633525614948,-295.396259926363
train_00047,train,2,C1,999.9842371285679,281.86356068440705,102.47095226938707
train_00047,train,2,C2,1150.0328561483534,-229.8094091392474,192.80137103173973
train_00047,train,2,C3,1299.9818505564992,-52.09576815417904,-295.45638472613365
train_00047,train,3,A1,-749.9269563636502,273.06302500235853,99.15724026588
train_00047,train,3,A2,-900.0144951492247,-198.95038960656748,166.68691119204405
train_00047,train,3,A3,-1049.9767898555635,-34.29102774228225,-195.65226021607185
train_00047,train,3,B1,-300.0095883768138,281.8998240994883,102.52379396827983
train_00047,train,3,B2,0.021161097788412853,-229.8575379363856,192.75499628394866
train_00047,train,3,B3,300.0780166430425,-52.131346332212644,-295.4502540427042
train_00047,train,3,C1,749.9620241939666,281.8667682501103,102.82226587698639
train_00047,train,3,C2,899.8644252687739,-229.93214167562869,193.1098160563984
train_00047,train,3,C3,1050.004438819354,-52.19366958305434,-295.1347763947341
train_00047,train,4,A1,-749.974337750982,272.97571016311264,99.40657302338197
train_00047,train,4,A2,-899.9865544588321,-198.93415933813253,166.9932504573651
train_00047,train,4,A3,-1050.0349364769545,-34.423944841656535,-195.47003968920893
train_00047,train,4,B1,-299.9854033604971,281.9362583280764,102.56252132445078
train_00047,train,4,B2,0.05643017939613245,-229.7432194362713,192.84520575297861
train_00047,train,4,B3,299.95755011935216,-52.130089046805715,-295.4657572920301
train_00047,train,4,C1,749.9744972759586,281.96487749716266,102.62640743621905
train_00047,train,4,C2,899.9581876319376,-229.7856980631825,192.91355582264785
train_00047,train,4,C3,1049.9508977270405,-52.08911394762446,-295.45554597607253
train_00048,train,0,A1,-968.1815926453131,-87.43429894228403,-2.73873552919458
train_00048,train,0,A2,-1090.4716625821948,-572.0167812540229,9.573130516748158
train_00048,train,0,A3,-1324.768037197036,-355.4572104918009,-271.7627891046593
train_00048,train,0,B1,-83.24479784817746,-75.2612757143427,257.71613670389684
train_00048,train,0,B2,269.6074949995111,-558.3192418228575,303.27646365720193
train_00048,train,0,B3,508.4494147068263,-338.3378576570571,-201.33168923745453
train_00048,train,0,C1,1297.6738552707557,187.2082599485377,-89.92296176253568
train_00048,train,0,C2,1369.9463032838592,-322.9906397243493,74.57742594262895
train_00048,train,0,C3,1606.157931640485,-222.46230927896804,-401.4471835802684
train_00048,train,1,A1,-1000.0484196901215,272.9929318771871,99.4018019334452
train_00048,train,1,A2,-1150.005207204129,-198.99549506336854,167.1345561491285
train_00048,train,1,A3,-1300.0215479073852,-34.431448822344315,-195.27220170767256
train_00048,train,1,B1,-300.014998040647,281.9050498901743,102.64048229627625
train_00048,train,1,B2,0.05474675777816892,-229.72750187261948,192.9038284770395
train_00048,train,1,B3,299.9824691975472,-52.02447853147613,-295.4077968375815
train_00048,train,1,C1,999.9765556430117,281.93384301775814,102.74529724083466
train_00048,train,1,C2,1150.027961331656,-229.7994580285145,192.85820945249793
train_00048,train,1,C3,1300.0899987234654,-51.98566082540545,-295.4385632848859
train_00048,train,2,A1,-750.0250997343849,272.8906068456655,99.41941316569242
train_00048,train,2,A2,-899.9469148472677,-199.09306141427788,167.11678637869707
train_00048,train,2,A3,-1049.976322510785,-34.62935170698156,-195.32719058170642
train_00048,train,2,B1,-299.95438195862533,281.9347883233268,102.60782939102573
train_00048,train,2,B2,0.05477460118477513,-229.78317980492292,192.83233561850867
train_00048,train,2,B3,300.0435473165596,-52.071316832294144,-295.3832206774223
train_00048,train,2,C1,999.9786746247833,281.9320909022284,102.69140942460682
train_00048,train,2,C2,1149.9901594778971,-229.69094364803854,192.89312435869647
train_00048,train,2,C3,1300.066081392818,-51.953097773509626,-295.3836467229867
train_00048,train,3,A1,-750.0232589367691,272.9493251699159,99.39479275978987
train_00048,train,3,A2,-899.9602994112356,-199.08578456332407,167.06738369927777
train_00048,train,3,A3,-1049.9785892922334,-34.553859358749705,-195.33852557362226
train_00048,train,3,B1,-299.96693464433247,281.9134878605642,102.6290512256426
train_00048,train,3,B2,-0.0016863790975111537,-229.77440863520656,192.85259828859006
train_00048,train,3,B3,300.0170412350045,-52.07629660211331,-295.4645581212124
train_00048,train,3,C1,749.2874809468688,283.463833831868,101.54683254651401
train_00048,train,3,C2,899.3010163207958,-228.27780932036302,191.78715460606725
train_00048,train,3,C3,1049.2216330022038,-50.53497706940062,-296.549102180235
train_00048,train,4,A1,-749.6153510309487,273.00472694434416,99.37243661166248
train_00048,train,4,A2,-900.0028218707188,-198.9534102643288,166.8564765654756
train_00048,train,4,A3,-1049.7137878704834,-34.151154597172706,-195.65594074729432
train_00048,train,4,B1,-299.5483090096808,281.62011014106696,102.86850079531678
train_00048,train,4,B2,-0.05102838974785806,-230.35581150143602,193.09704475908148
train_00048,train,4,B3,300.38240963393866,-52.737629309879274,-294.9069886462039
train_00048,train,4,C1,749.5568197918847,282.28128503339093,102.3509928093324
train_00048,train,4,C2,899.2159117515334,-229.55589483528226,192.62455656261102
train_00048,train,4,C3,1049.552176198723,-51.78005521360342,-295.60494622942446
train_00049,train,0,A1,-1121.434925731403,57.10503293592054,371.12783584425034
train_00049,train,0,A2,-1295.401987664836,-407.9946262831052,428.17887123290427
train_00049,train,0,A3,-1460.2095932811617,-217.0338292213265,85.7054890869635
train_00049,train,0,B1,-222.92318248435652,0.7199434099500377,136.58357149430765
train_00049,train,0,B2,77.95683350245255,-510.90877507181693,224.78579857066063
train_00049,train,0,B3,358.00465443123926,-345.08673432001723,-279.343606245155
train_00049,train,0,C1,1031.5574454954826,120.73738657606071,367.8481951914142
train_00049,train,0,C2,1125.1880932711836,-368.0366125552618,579.4310796288007
train_00049,train,0,C3,1263.797521297265,-337.252612962028,57.54275051905216
train_00049,train,1,A1,-999.9965985590122,273.0277722701934,99.34534664950911
train_00049,train,1,A2,-1149.974842985833,-199.02922209334588,167.01737481167837
train_00049,train,1,A3,-1300.0130606703071,-34.50239630956322,-195.37143340427068
train_00049,train,1,B1,-300.07016481491536,281.9388970938473,102.63127346366623
train_00049,train,1,B2,0.036273604300881106,-229.76715157833814,192.9177930440133
train_00049,train,1,B3,299.88975567918874,-52.0464428889927,-295.43401272794097
train_00049,train,1,C1,999.9786340749685,281.90732245200104,102.55018611962478
train_00049,train,1,C2,1149.9891593706927,-229.82947892822486,192.81027868241287
train_00049,train,1,C3,1300.0140650840285,-52.16621582997538,-295.517387480935
train_00049,train,2,A1,-750.0717369894361,272.9442423365492,99.48369570834647
train_00049,train,2,A2,-900.026804754793,-199.09973187406646,167.1592898887737
train_00049,train,2,A3,-1050.1393062250677,-34.47924717200224,-195.23102404890525
train_00049,train,2,B1,-300.0503926092655,281.8797065575555,102.63416853838692
train_00049,train,2,B2,-0.016190228853507578,-229.76941545620375,192.86060051339635
train_00049,train,2,B3,299.97576129463863,-52.119062941369705,-295.4323303530379
train_00049,train,2,C1,999.96810854846,281.8497715983375,102.53552492733476
train_00049,train,2,C2,1149.9862999234467,-229.82745637294272,192.81509728645992
train_00049,train,2,C3,1300.0523240778762,-52.09002863324997,-295.4741249326933
train_00049,train,3,A1,-750.0433694387004,272.9351899065896,99.50659821659316
train_00049,train,3,A2,-900.0785401603193,-199.0626232151319,167.18148036479295
train_00049,train,3,A3,-1050.10715445962,-34.501608854584184,-195.29542193860837
train_00049,train,3,B1,-300.080345755249,281.8827732841415,102.56923408845675
train_00049,train,3,B2,-0.03529163016685962,-229.7798016095096,192.84131962740997
train_00049,train,3,B3,299.9393008220112,-52.07152285975416,-295.45686830321745
train_00049,train,3,C1,750.0158042244477,281.9703966075866,102.66904698699473
train_00049,train,3,C2,900.0649392611167,-229.73058365494444,192.88092409609973
train_00049,train,3,C3,1049.8661611714574,-52.0104893184098,-295.49673606437926
train_00049,train,4,A1,-749.9373447934368,273.0044833431565,99.41639809521664
train_00049,train,4,A2,-899.951306105835,-198.96124991137032,167.02106482906288
train_00049,train,4,A3,-1050.0438080884423,-34.46574590853384,-195.40195677683587
train_00049,train,4,B1,-299.9755764990971,281.905708335021,102.58896464204922
train_00049,train,4,B2,-0.05715946258192649,-229.79122001448386,192.88281677431294
train_00049,train,4,B3,300.03591291630113,-52.03976096111138,-295.4274356426429
train_00049,train,4,C1,750.0705214499473,281.95688239449265,102.59820812201443
train_00049,train,4,C2,900.0055830684341,-229.74111076611644,192.8528888920254
train_00049,train,4,C3,1049.8903577059314,-51.99766235046693,-295.441262057678
train_00050,train,0,A1,-1352.2099810876618,436.15852860251346,-108.15158674572618
train_00050,train,0,A2,-1497.3558575761676,-40.75576122714809,-72.34223840313602
train_00050,train,0,A3,-1641.3140345504532,143.42507763026214,-427.6942852370034
train_00050,train,0,B1,-287.0562489499548,278.4343158934178,506.4870665182612
train_00050,train,0,B2,7.877841119906903,-243.59283457120708,528.2857634121208
train_00050,train,0,B3,205.69007619030782,-68.04548861723629,-10.306709232053187
train_00050,train,0,C1,891.7231621942765,475.962362654917,59.576025983059154
train_00050,train,0,C2,1085.102521821798,-17.612660280009834,166.50926888993416
train_00050,train,0,C3,1213.096762327516,152.78599662755087,-330.6435698711948
train_00050,train,1,A1,-999.9373563825427,272.99449077572393,99.38742527927428
train_00050,train,1,A2,-1149.9921390966495,-198.96405803642347,167.0067210595118
train_00050,train,1,A3,-1300.0206100355774,-34.34479323961478,-195.35319903895507
train_00050,train,1,B1,-300.0267487742927,281.9772863277151,102.60613194005879
train_00050,train,1,B2,-0.055366914791526035,-229.82485467089327,192.88355658400238
train_00050,train,1,B3,299.9839495548548,-52.048577165084765,-295.4013670549236
train_00050,train,1,C1,1000.0660301141029,281.91254006938055,102.62929585863166
train_00050,train,1,C2,1150.0317146787363,-229.8082574317484,192.808814064188
train_00050,train,1,C3,1299.9685963530326,-52.093894946105486,-295.38495801633445
train_00050,train,2,A1,-750.0956219259829,272.9849591282142,99.38894480090761
train_00050,train,2,A2,-900.0413672874975,-198.94985067629622,167.02068420893087
train_00050,train,2,A3,-1050.0424559285543,-34.33163194226792,-195.43998100389618
train_00050,train,2,B1,-300.00976207142537,281.94901382112585,102.60336629300076
train_00050,train,2,B2,-0.07965570331737104,-229.78864883569062,192.88032498229353
train_00050,train,2,B3,299.9792158747455,-52.01132680943517,-295.37857349336946
train_00050,train,2,C1,1000.0388652095335,281.9584268838148,102.6176197128917
train_00050,train,2,C2,1150.0213726704187,-229.790488728988,192.8143665639867
train_00050,train,2,C3,1300.0168328312543,-52.04421533126513,-295.4013005213885
train_00050,train,3,A1,-750.1150044059233,272.9893592525505,99.36000956292291
train_00050,train,3,A2,-900.0300141159046,-198.9349432208556,167.02709132803895
train_00050,train,3,A3,-1050.056332749454,-34.41452266516721,-195.4080996142924
train_00050,train,3,B1,-300.0165346646859,281.95467797369525,102.68035154713316
train_00050,train,3,B2,-0.0471365431767988,-229.80107635065573,192.8678317481554
train_00050,train,3,B3,300.00662289573,-52.06803368899751,-295.3571838496006
train_00050,train,3,C1,749.9735082419359,281.8700867673318,102.8025315603746
train_00050,train,3,C2,899.955302514703,-229.80596523866058,192.98113716653512
train_00050,train,3,C3,1049.9355798437657,-52.06285973592147,-295.32071530941636
train_00050,train,4,A1,-750.0528811748865,272.9962401365449,99.37858090265632
train_00050,train,4,A2,-899.9638361703935,-198.98393405394873,167.06171827747048
train_00050,train,4,A3,-1050.0197129431615,-34.41213438293977,-195.3718077466022
train_00050,train,4,B1,-300.01019864959807,281.96487580997035,102.55545316545849
train_00050,train,4,B2,-0.006145525204653449,-229.7704032028689,192.79624477444142
train_00050,train,4,B3,300.03799077632675,-52.09881180520183,-295.5503999237969
train_00050,train,4,C1,750.0479785234554,281.8574375884179,102.57228328289119
train_00050,train,4,C2,900.0565002192919,-229.77503300070225,192.73709597197885
train_00050,train,4,C3,1049.9470984663017,-52.13224529676038,-295.5511921521494
train_00051,train,0,A1,-1264.0579458965383,314.10044645950376,246.56371921550556
train_00051,train,0,A2,-1365.2230759926967,-159.2946249917281,371.38116265159675
train_00051,train,0,A3,-1533.0910454854588,-54.232779611456806,-5.095280001097552
train_00051,train,0,B1,-466.7709995096549,390.32379246556434,191.1720582168033
train_00051,train,0,B2,-227.0222638495819,-147.0645640773493,308.18961248257114
train_00051,train,0,B3,-75.89667325049471,-122.37969533441624,-271.9372821295143
train_00051,train,0,C1,1245.124034411686,-46.42091238641842,-150.094132053733
train_00051,train,0,C2,1233.6748708576843,-586.2725907857414,-119.21151899915644
train_00051,train,0,C3,1483.172060347192,-408.5030229019037,-565.0224096919931
train_00051,train,1,A1,-999.9906463752975,272.9466904988364,99.3746998650787
train_00051,train,1,A2,-1150.0449257323935,-199.0119078088382,167.04797677050584
train_00051,train,1,A3,-1299.9944972046146,-34.45620858186394,-195.43484104222884
train_00051,train,1,B1,-299.92906883672083,281.96671327482886,102.68278155710685
train_00051,train,1,B2,0.018953938079849283,-229.8798065159039,192.90031550494098
train_00051,train,1,B3,299.9401245672454,-52.09017236656983,-295.42787161578764
train_00051,train,1,C1,999.9755492772598,281.8915887474792,102.56985492074008
train_00051,train,1,C2,1149.9976973273447,-229.83337369314955,192.81224146258907
train_00051,train,1,C3,1300.0452153345145,-52.12119298493942,-295.4130880988651
train_00051,train,2,A1,-749.9978968382426,273.0412742947469,99.56422506705849
train_00051,train,2,A2,-899.9527475010041,-198.92624243406175,167.2176019952448
train_00051,train,2,A3,-1050.0537343439908,-34.272079265519295,-195.14564310032492
train_00051,train,2,B1,-300.0193461097369,281.9165130495029,102.68575668088458
train_00051,train,2,B2,0.0009683859285927804,-229.84176706118544,192.83780942861344
train_00051,train,2,B3,300.015295352114,-52.08042600911555,-295.4056782522981
train_00051,train,2,C1,999.9511082019256,281.9151235465115,102.61761732068776
train_00051,train,2,C2,1150.0181995926562,-229.79072894600606,192.78725364879614
train_00051,train,2,C3,1300.01418787986,-52.090992538078254,-295.45657019394974
train_00051,train,3,A1,-749.9746793653811,273.10567752420604,99.51902627658943
train_00051,train,3,A2,-900.0211028355075,-198.9133277685347,167.25178462403395
train_00051,train,3,A3,-1050.1187243744762,-34.37929681270562,-195.16300196807543
train_00051,train,3,B1,-299.98160202026287,281.9334214163368,102.7469948558873
train_00051,train,3,B2,-0.05940792245685288,-229.83681640037278,192.92191187871487
train_00051,train,3,B3,299.94927086540116,-52.10249254462786,-295.4564232960036
train_00051,train,3,C1,750.0249334513182,281.9141127574573,102.668555512021
train_00051,train,3,C2,899.9267311964245,-229.82040030483932,192.86000701619727
train_00051,train,3,C3,1050.0694873066477,-52.12389819017132,-295.3475898955458
train_00051,train,4,A1,-749.9922715428662,272.91593437188374,99.37317271836888
train_00051,train,4,A2,-899.9120251626077,-199.1103750132597,166.95153615917934
train_00051,train,4,A3,-1050.0503018609254,-34.495076471114416,-195.45300446882575
train_00051,train,4,B1,-299.9970806108432,281.88418716879,102.52176878084738
train_00051,train,4,B2,0.046732688402066284,-229.90485323450778,192.71919195022303
train_00051,train,4,B3,300.0505218294526,-52.06692659848921,-295.54936010907636
train_00051,train,4,C1,750.0127070290763,282.0053439155675,102.55820874323594
train_00051,train,4,C2,899.9671261501701,-229.82190793454802,192.74056835763557
train_00051,train,4,C3,1050.0449537454783,-52.088002108165284,-295.4442462879597
train_00052,train,0,A1,-729.8322588551036,420.06197219119167,-215.24845034188843
train_00052,train,0,A2,-755.9924551751203,-78.35007500719693,-242.59308180412762
train_00052,train,0,A3,-1023.1140329462273,110.43805839962918,-514.4041482852143
train_00052,train,0,B1,-532.8668627542205,-66.57126608498585,-200.2828878621471
train_00052,train,0,B2,-130.60720250942083,-504.7756270244135,-121.42526756888768
train_00052,train,0,B3,94.08892330611397,-287.98651723969124,-633.7708898282023
train_00052,train,0,C1,1249.8819649835452,125.73524346678293,90.2982669835595
train_00052,train,0,C2,1323.248106812351,-388.46237644658885,240.96563347797093
train_00052,train,0,C3,1477.7564201521268,-297.15933113561186,-269.28222902534543
train_00052,train,1,A1,-1000.0416505896926,272.87296349920007,99.27314490706668
train_00052,train,1,A2,-1149.9182825672121,-199.12806429683616,166.91043729331452
train_00052,train,1,A3,-1299.9937044791689,-34.50942573806616,-195.44397751151655
train_00052,train,1,B1,-300.0839568811128,281.8481178401111,102.58310952392029
train_00052,train,1,B2,-0.03769101590695954,-229.77327019551916,192.84979902697197
train_00052,train,1,B3,300.0138354724483,-52.168968626293605,-295.45235550671407
train_00052,train,1,C1,1000.0052777275821,281.99140272996516,102.60825951883338
train_00052,train,1,C2,1150.0726692120854,-229.711390263851,192.86510288692853
train_00052,train,1,C3,1299.9205249049244,-51.966439664654004,-295.5189721877572
train_00052,train,2,A1,-750.1383218780165,272.8462848502456,99.28167488995146
train_00052,train,2,A2,-900.0660557227579,-199.10921013123445,166.99976710857013
train_00052,train,2,A3,-1050.0685714944148,-34.71359486784505,-195.5247664033753
train_00052,train,2,B1,-300.08952778643265,281.91967952954775,102.68132796885573
train_00052,train,2,B2,-0.06293108710681113,-229.80311322915446,192.86326656345273
train_00052,train,2,B3,299.9717330714232,-52.095521100365644,-295.374292465333
train_00052,train,2,C1,999.9923964918686,281.99455561432256,102.59919565239356
train_00052,train,2,C2,1150.0541655564687,-229.67175018437317,192.82283230169324
train_00052,train,2,C3,1299.9050363838173,-52.00228038759957,-295.4683909197146
train_00052,train,3,A1,-750.1511579891543,272.86113482581135,99.26834464462029
train_00052,train,3,A2,-900.1777319668549,-199.10290049868988,167.01106377377621
train_00052,train,3,A3,-1050.0551959554386,-34.64191102551585,-195.4895495910532
train_00052,train,3,B1,-300.08973750012575,281.975266178994,102.58426788320364
train_00052,train,3,B2,-0.045904854751392346,-229.81786472549348,192.8897151363047
train_00052,train,3,B3,300.00530461021697,-52.12769433535149,-295.40443188041576
train_00052,train,3,C1,749.9047348821474,281.8177647073456,102.6645374362299
train_00052,train,3,C2,899.9427160882918,-229.88884296264771,192.9248774947214
train_00052,train,3,C3,1049.9158098741764,-52.08761456102109,-295.36866451012435
train_00052,train,4,A1,-750.054305183425,272.95064991453205,99.39262836429357
train_00052,train,4,A2,-899.9527169604626,-199.09023409423864,167.0439884228217
train_00052,train,4,A3,-1049.9983567671343,-34.60139751258404,-195.45549705852278
train_00052,train,4,B1,-299.90489363564217,281.94134080647007,102.66805700361924
train_00052,train,4,B2,0.055418066080518254,-229.72653214667466,192.85217827295676
train_00052,train,4,B3,299.9656380058332,-52.02803989772065,-295.3564376959882
train_00052,train,4,C1,749.9967971548773,281.8557097254022,102.66218683068215
train_00052,train,4,C2,899.9903502718006,-229.83745638913658,192.77885352547295
train_00052,train,4,C3,1050.0468909643919,-52.06062201586273,-295.45955167113704
train_00053,train,0,A1,-1259.3820058118642,322.09112599348,29.92560066709609
train_00053,train,0,A2,-1413.6651561744065,-147.47585060536895,104.45127866493637
train_00053,train,0,A3,-1565.4702825918198,14.561246088210508,-258.3534202729459
train_00053,train,0,B1,-218.98893368477627,1.1096165947149867,447.77583583315635
train_00053,train,0,B2,78.380722417311,-516.2111417471184,385.7645136990758
train_00053,train,0,B3,284.4394058063,-251.2168885928246,-111.60262936556713
train_00053,train,0,C1,958.9572701887668,483.55031507392493,105.44949014000646
train_00053,train,0,C2,1166.0509249782265,-9.347584318588364,187.41937963264195
train_00053,train,0,C3,1172.2940158338833,134.79758021408298,-333.79259100574956
train_00053,train,1,A1,-999.2677549949341,271.17972909345696,99.64371352611755
train_00053,train,1,A2,-1149.193973142936,-200.7968830562335,167.2715453525959
train_00053,train,1,A3,-1299.1552275282284,-36.34566654099168,-195.16384568995608
train_00053,train,1,B1,-300.03511877085714,281.89881665820354,102.63567253786374
train_00053,train,1,B2,-0.020919481483182185,-229.76480613766503,192.86065773319913
train_00053,train,1,B3,300.00063198818924,-52.10911980176007,-295.5421700614128
train_00053,train,1,C1,999.9492734957723,281.874182228997,102.5839570065786
train_00053,train,1,C2,1150.0433339108686,-229.843164119378,192.7923343982854
train_00053,train,1,C3,1300.1270659096429,-52.10299561565582,-295.41332300786684
train_00053,train,2,A1,-749.9686293789756,272.980740127097,99.39891788421649
train_00053,train,2,A2,-900.0095365562141,-198.88568766156587,167.09768300138347
train_00053,train,2,A3,-1050.038013719916,-34.42968191305595,-195.2885369056208
train_00053,train,2,B1,-300.0246901072068,281.90731379090914,102.56189702745924
train_00053,train,2,B2,-0.0038293275715044,-229.80831213307988,192.799748160284
train_00053,train,2,B3,300.00590539381085,-52.096683257844035,-295.41988222196494
train_00053,train,2,C1,999.9392507201657,281.8724079615785,102.59594823696615
train_00053,train,2,C2,1150.0813938136691,-229.80455916708732,192.8655980984126
train_00053,train,2,C3,1300.1248680493868,-52.03004975373529,-295.4330239291312
train_00053,train,3,A1,-749.9869591495768,272.997915235062,99.40606163130093
train_00053,train,3,A2,-899.9877484126106,-199.01808330924962,167.02814943136582
train_00053,train,3,A3,-1050.0960352939974,-34.37025616629085,-195.29600264361395
train_00053,train,3,B1,-300.08063330262877,281.8982773737231,102.5783742131882
train_00053,train,3,B2,-0.028725344512652067,-229.79646001179307,192.78634028965354
train_00053,train,3,B3,299.9767904545519,-52.07842633753454,-295.47061418108484
train_00053,train,3,C1,749.9995737716325,281.89197002517227,102.60240608281373
train_00053,train,3,C2,899.9133254835045,-229.85036101161788,192.85775365710387
train_00053,train,3,C3,1049.9884066596303,-52.20505707953894,-295.385167559827
train_00053,train,4,A1,-749.9775032208184,273.01120699793785,99.42362281968492
train_00053,train,4,A2,-899.9699148980526,-199.00826372910893,167.1051833956556
train_00053,train,4,A3,-1050.065391898788,-34.37238347492043,-195.36685141294785
train_00053,train,4,B1,-300.01629147244154,281.99214339970746,102.60174348430844
train_00053,train,4,B2,0.042991643177233856,-229.83034813131806,192.773610593319
train_00053,train,4,B3,299.9733023870908,-52.02778272551408,-295.4969236451881
train_00053,train,4,C1,750.0264510996519,281.8894159109989,102.64169970003336
train_00053,train,4,C2,899.9280237080355,-229.9026816899558,192.8663713135098
train_00053,train,4,C3,1050.0477123479066,-52.17593603873149,-295.29309656334107
train_00054,train,0,A1,-1093.6477328116048,554.7231449459763,302.7725488203943
train_00054,train,0,A2,-1249.8125920294278,99.0112970860284,436.0814979348616
train_00054,train,0,A3,-1434.2221267839293,231.8806584761955,76.53255380817919
train_00054,train,0,B1,-50.16689337215873,-46.71518634840846,11.39710451859474
train_00054,train,0,B2,258.25937856199715,-553.222391678839,102.7219427790027
train_00054,train,0,B3,516.0911002595079,-401.0906299637719,-417.2578223007676
train_00054,train,0,C1,1148.855653314323,-56.319223733188565,329.02510603290744
train_00054,train,0,C2,1277.9581595902098,-581.5393137984822,320.6887020164126
train_00054,train,0,C3,1514.9289349292146,-302.6436420680131,-77.65403972801653
train_00054,train,1,A1,-1000.0032580443275,272.9469259121368,99.40676002757208
train_00054,train,1,A2,-1150.034469322399,-199.03935700801145,167.05591448444815
train_00054,train,1,A3,-1300.0022430852557,-34.42557487948573,-195.39232168843373
train_00054,train,1,B1,-299.92349795441453,281.9889367770983,102.71282810471546
train_00054,train,1,B2,0.04209120570833114,-229.7864189529305,192.89365696100546
train_00054,train,1,B3,299.9357328271838,-52.08236333163359,-295.4527636243701
train_00054,train,1,C1,1000.4422119495176,280.51185650582994,101.32061943679702
train_00054,train,1,C2,1150.472823637367,-231.31637894221484,191.51228660319526
train_00054,train,1,C3,1300.4787660381464,-53.52047175553421,-296.72083587660927
train_00054,train,2,A1,-749.9133705611116,273.1488242460963,99.54448618937374
train_00054,train,2,A2,-899.9162675017424,-198.81747157905988,167.2945556469656
train_00054,train,2,A3,-1050.0891463906648,-34.21303445414188,-195.10720086391217
train_00054,train,2,B1,-299.92020587879045,281.93770222562625,102.63872337770754
train_00054,train,2,B2,0.09087129501895343,-229.78487810369634,192.91726404023098
train_00054,train,2,B3,300.0333934973277,-52.11488777633888,-295.4633772947769
train_00054,train,2,C1,1000.481914763854,280.44153317625353,101.30022106994373
train_00054,train,2,C2,1150.420729388247,-231.30139907936194,191.54431424713601
train_00054,train,2,C3,1300.510903098731,-53.55498936435668,-296.7736056789956
train_00054,train,3,A1,-749.9350181410218,273.1267840357782,99.55007690031032
train_00054,train,3,A2,-899.9805252673892,-198.77857093363662,167.23927057659625
train_00054,train,3,A3,-1050.07725153103,-34.290788122861876,-195.09659506605746
train_00054,train,3,B1,-299.9656731190603,281.92556343279733,102.67694455927769
train_00054,train,3,B2,0.05844661208131527,-229.79689254443244,192.88363321993185
train_00054,train,3,B3,299.9767637413299,-52.11318353253607,-295.4632476616795
train_00054,train,3,C1,750.0752465132737,281.8687054594951,102.4516642111868
train_00054,train,3,C2,900.169144658744,-229.77546549191007,192.75221198141327
train_00054,train,3,C3,1050.0014997330793,-52.09956153560166,-295.62166738594664
train_00054,train,4,A1,-749.929382836652,273.0409834070275,99.2002447348518
train_00054,train,4,A2,-899.986532447843,-198.88716349835454,166.92040413771616
train_00054,train,4,A3,-1050.0382582136285,-34.33410364746728,-195.53501681748878
train_00054,train,4,B1,-299.95702887560014,281.8376728133279,102.56513623212011
train_00054,train,4,B2,0.03409272586264287,-229.83889625777115,192.81452791365848
train_00054,train,4,B3,300.06266968262656,-52.11006282311548,-295.46438345178956
train_00054,train,4,C1,750.0605776800313,281.8470540042062,102.60549351720724
train_00054,train,4,C2,900.0253755944105,-229.82204914665704,192.92394791596124
train_00054,train,4,C3,1050.1108249816466,-52.09414987231466,-295.32177668871964
train_00055,train,0,A1,-1394.7144378886676,130.92326494300332,-133.8457451227322
train_00055,train,0,A2,-1404.1647276318868,-368.62171124051474,-117.39539263780965
train_00055,train,0,A3,-1526.5101018057617,-219.3264040464559,-496.40059630548285
train_00055,train,0,B1,-235.01893959269125,36.045112659198,114.77418959433182
train_00055,train,0,B2,65.67010893634199,-477.6681622585842,190.14874644948617
train_00055,train,0,B3,357.05597552941106,-291.4083310428405,-300.23820780907806
train_00055,train,0,C1,1096.3705545414587,484.3388627358784,-157.43776079312352
train_00055,train,0,C2,1389.479079025212,31.160781450203867,-122.23368650186498
train_00055,train,0,C3,1435.121579796618,271.47894140840134,-604.5127371027403
train_00055,train,1,A1,-1001.3341571554695,274.2722204180131,99.71661480563556
train_00055,train,1,A2,-1151.4052632597718,-197.63202377130278,167.42229488467066
train_00055,train,1,A3,-1301.3301775613884,-33.188227014095894,-195.12117754133845
train_00055,train,1,B1,-299.94541063518574,281.98879343613083,102.59510203708635
train_00055,train,1,B2,-0.014139283896106773,-229.7770081545406,192.8074473428967
train_00055,train,1,B3,300.0931339715407,-52.08209669812344,-295.4951969404995
train_00055,train,1,C1,1000.0153690308497,281.8847912732766,102.5714679526162
train_00055,train,1,C2,1149.9747348183948,-229.8398636038292,192.85168308777344
train_00055,train,1,C3,1300.0206927677996,-52.18257508830858,-295.5406697901
train_00055,train,2,A1,-749.8676168527044,273.13476307191627,99.34686874935417
train_00055,train,2,A2,-899.9670783559131,-198.7719884727415,166.78452413609375
train_00055,train,2,A3,-1049.995985804481,-34.10263427990684,-195.4569795856672
train_00055,train,2,B1,-299.9466023366982,281.9461084900221,102.5829806336263
train_00055,train,2,B2,-0.00011385478680608603,-229.76102067073165,192.8321196763773
train_00055,train,2,B3,300.03633793209536,-52.128285921743206,-295.4302610678447
train_00055,train,2,C1,1000.0264157564854,281.9494518417382,102.59183582687183
train_00055,train,2,C2,1150.016060128812,-229.847216726324,192.8994996743657
train_00055,train,2,C3,1299.978095233806,-52.14598707419232,-295.4534330560475
train_00055,train,3,A1,-749.9270618214216,273.16719822697615,99.32557741358043
train_00055,train,3,A2,-899.9722228909507,-198.84438336871517,166.80736778179295
train_00055,train,3,A3,-1049.9545134719967,-34.145260251051056,-195.48696647349104
train_00055,train,3,B1,-299.9115766547054,281.98043238218094,102.56635395653794
train_00055,train,3,B2,-0.031286466807959976,-229.79976392257055,192.82829757754254
train_00055,train,3,B3,300.04426125495587,-52.08436144144781,-295.4567812115878
train_00055,train,3,C1,749.9832873300448,281.90433097779334,102.61388920773129
train_00055,train,3,C2,899.9540211105887,-229.87983736058993,192.80371612745157
train_00055,train,3,C3,1050.034868775318,-52.196185667070516,-295.4551321042122
train_00055,train,4,A1,-749.8998211161875,272.9233430184542,99.30256656370025
train_00055,train,4,A2,-899.8824364443348,-199.01249462347357,166.92058665319144
train_00055,train,4,A3,-1049.989539777203,-34.43195206106003,-195.5057196972752
train_00055,train,4,B1,-299.99942088852964,281.8781686332195,102.59141285145178
train_00055,train,4,B2,0.06471043233553878,-229.83224572403572,192.90778933556817
train_00055,train,4,B3,300.07806535898845,-52.15498932571628,-295.4538684017052
train_00055,train,4,C1,750.0196865295554,281.959354833649,102.59116191761098
train_00055,train,4,C2,899.9964190822669,-229.76238664268178,192.83015287401344
train_00055,train,4,C3,1050.1063444423824,-52.025175743458306,-295.43911848674736
train_00056,train,0,A1,-1054.0940150095817,76.15028017644586,416.6743317776206
train_00056,train,0,A2,-1281.888340524658,-367.17065370404623,455.17761450989406
train_00056,train,0,A3,-1265.6755333084952,-230.60110921975743,52.67770156577747
train_00056,train,0,B1,-128.4453730569095,402.9160064541319,-226.88390550350425
train_00056,train,0,B2,174.51739145827992,-106.26953067528268,-132.349339088322
train_00056,train,0,B3,460.04078662171275,58.990242367019086,-633.5667553105893
train_00056,train,0,C1,964.3278416782169,18.836636550204002,-169.5800654655757
train_00056,train,0,C2,1068.208794749836,-507.36108694510074,-99.75794750820123
train_00056,train,0,C3,1160.791353435636,-342.40903906985056,-606.482346969504
train_00056,train,1,A1,-999.992159177457,273.02027574571673,99.45500767181603
train_00056,train,1,A2,-1150.080941117951,-198.8944300034189,167.04306601377132
train_00056,train,1,A3,-1300.0367051149751,-34.3394401050196,-195.35609119287963
train_00056,train,1,B1,-300.04301388554376,281.87363872450373,102.58270400590287
train_00056,train,1,B2,0.05370489423939996,-229.7421059905457,192.85633566147428
train_00056,train,1,B3,300.0211377477186,-52.0621955620972,-295.4484088962774
train_00056,train,1,C1,999.9987609576245,281.89183471500127,102.6595451049033
train_00056,train,1,C2,1149.9972075244011,-229.7808704772316,192.79851660002723
train_00056,train,1,C3,1299.924318452515,-52.02860723720834,-295.4920635081266
train_00056,train,2,A1,-749.9565667662404,272.9382655397663,99.23692963020588
train_00056,train,2,A2,-899.8694595613474,-199.16294175151526,167.02505846815626
train_00056,train,2,A3,-1049.933398979529,-34.670892565916446,-195.4580328556935
train_00056,train,2,B1,-300.00140180507583,281.97715395177676,102.54639104372646
train_00056,train,2,B2,0.07626285714887267,-229.77558073875326,192.85128181528577
train_00056,train,2,B3,300.0139300305278,-52.074725647586774,-295.4208092497739
train_00056,train,2,C1,999.9954408921889,281.87679870917907,102.6595814455837
train_00056,train,2,C2,1150.0463060969512,-229.84236730497094,192.8091775515869
train_00056,train,2,C3,1300.0023200239148,-52.034857083074904,-295.4665699927658
train_00056,train,3,A1,-749.9714755731179,272.89170888039405,99.26225946727816
train_00056,train,3,A2,-899.9129302275807,-199.19254005278003,166.9595614116818
train_00056,train,3,A3,-1049.9146926221545,-34.63771235440424,-195.4925561084284
train_00056,train,3,B1,-300.04966269589715,281.9200253068118,102.5481598782948
train_00056,train,3,B2,0.00851902993260266,-229.7731045568504,192.84196954456576
train_00056,train,3,B3,300.0249364433412,-52.080822093414206,-295.4502289802126
train_00056,train,3,C1,749.9468441537501,282.1201780393198,102.49649991758608
train_00056,train,3,C2,899.9605823870609,-229.54643700597248,192.91977547692397
train_00056,train,3,C3,1049.939430322504,-52.0592077405026,-295.42390421056217
train_00056,train,4,A1,-748.7355033412753,272.56901861186753,97.91354060616005
train_00056,train,4,A2,-898.704455909221,-199.44516846041657,165.5989582434839
train_00056,train,4,A3,-1048.7602665602221,-34.83717958512943,-196.83742690795424
train_00056,train,4,B1,-298.6999132764287,281.52260756445264,101.15222172628144
train_00056,train,4,B2,1.2190345268174456,-230.1639266631012,191.3094974817472
train_00056,train,4,B3,301.2009223857488,-52.43854732797683,-296.9472740535128
train_00056,train,4,C1,751.1874236366114,281.568528605226,101.06171068182917
train_00056,train,4,C2,901.1845149876481,-230.15904182415395,191.33465166219665
train_00056,train,4,C3,1051.0929624651772,-52.51358083933296,-297.00843611233466
train_00057,train,0,A1,-1197.3078815221038,190.6333685016453,63.88524297663295
train_00057,train,0,A2,-1347.7404946836689,-284.1298577108888,107.17299829091638
train_00057,train,0,A3,-1490.4226348494235,-103.60944595634376,-250.5934071310593
train_00057,train,0,B1,-43.14336531209148,64.84933890924968,94.37552501480965
train_00057,train,0,B2,323.8126752062519,-383.4052500705451,250.53862828695097
train_00057,train,0,B3,645.1225523337433,-182.01131135461773,-214.45835238466543
train_00057,train,0,C1,1294.2126196847164,531.5183711900867,-89.26364050424732
train_00057,train,0,C2,1454.5271220351517,17.607118026707024,-37.48068256816398
train_00057,train,0,C3,1635.0456930093808,246.9255038666874,-492.826134949386
train_00057,train,1,A1,-1000.0821783693373,272.9077895063977,99.36365478830145
train_00057,train,1,A2,-1150.0312039255614,-199.06638277176307,167.0906710974496
train_00057,train,1,A3,-1299.9645638400104,-34.50322516970636,-195.3849015605909
train_00057,train,1,B1,-299.989928637678,281.83185051267066,102.60864070429118
train_00057,train,1,B2,0.06800946036956095,-229.91161906446172,192.79903383378968
train_00057,train,1,B3,299.9599428382687,-52.19351852621266,-295.50589898553824
train_00057,train,1,C1,999.9176286861765,281.86888157996435,102.57992104216133
train_00057,train,1,C2,1150.02052796156,-229.758531664891,192.83242150207826
train_00057,train,1,C3,1299.9736024327487,-52.01095627591154,-295.48518182848943
train_00057,train,2,A1,-749.9526608779989,272.816309651333,99.42662345884037
train_00057,train,2,A2,-899.8519848010591,-199.18209665843884,167.0646011554161
train_00057,train,2,A3,-1050.0003131924443,-34.59853913665482,-195.34879763180425
train_00057,train,2,B1,-300.0145462559871,281.7346129866467,102.56583520897355
train_00057,train,2,B2,0.054110980737747526,-229.9381322420327,192.82612340892385
train_00057,train,2,B3,299.9790833947597,-52.21079578835145,-295.49439595186755
train_00057,train,2,C1,999.8895224722805,281.9057052983836,102.58423462834456
train_00057,train,2,C2,1150.042522463461,-229.7724708350001,192.74617827672563
train_00057,train,2,C3,1300.031414804362,-52.04639742808961,-295.4780975944249
train_00057,train,3,A1,-749.9625325873304,272.86942477787,99.41572843996036
train_00057,train,3,A2,-899.8605002401149,-199.1875975253322,167.03752944485603
train_00057,train,3,A3,-1050.0462583941978,-34.59820823024199,-195.28828808832736
train_00057,train,3,B1,-300.037851894051,281.81852076551286,102.59951377980906
train_00057,train,3,B2,0.04067537404137856,-229.92532001725084,192.86246722033354
train_00057,train,3,B3,299.9712545692766,-52.15700724739841,-295.51118012350935
train_00057,train,3,C1,750.0377483321462,281.9477084759897,102.4393175899499
train_00057,train,3,C2,900.0868829464818,-229.79572414339037,192.7103457797421
train_00057,train,3,C3,1049.920701845971,-52.085682032978,-295.60011653852695
train_00057,train,4,A1,-749.98885644393,272.911411251251,99.34770671135455
train_00057,train,4,A2,-899.9745631636533,-198.9724749656242,166.93593347255577
train_00057,train,4,A3,-1050.0193314776025,-34.35076161316722,-195.46314831476434
train_00057,train,4,B1,-299.9765243730512,281.85604756880707,102.54791285254225
train_00057,train,4,B2,-0.125328334928195,-229.9344700869699,192.81355529224422
train_00057,train,4,B3,300.0107351817078,-52.115257610545505,-295.4843780032938
train_00057,train,4,C1,749.982018152582,281.9276185075212,102.61464543174262
train_00057,train,4,C2,899.8978245439208,-229.8606030622219,192.87679504876067
train_00057,train,4,C3,1049.9358435446597,-52.159364694070725,-295.3651493104131
train_00058,train,0,A1,-1205.7222014319675,265.880314707619,-55.384596465696944
train_00058,train,0,A2,-1439.5574862204617,-120.57705712145821,158.5786406808902
train_00058,train,0,A3,-1553.5855633336962,-70.62992017171341,-248.14306219597162
train_00058,train,0,B1,-228.73762156665657,474.8364081100359,-267.06778117558997
train_00058,train,0,B2,-65.63983037993901,-83.99628543008012,-121.94624314373074
train_00058,train,0,B3,241.50050223541228,-47.41922145860266,-636.1126669656921
train_00058,train,0,C1,858.1234613767942,445.89667398661226,-43.84406365352985
train_00058,train,0,C2,1070.6029725902672,-32.61262894367815,91.65767754383
train_00058,train,0,C3,1339.035813553423,207.28186551493985,-311.92320581144577
train_00058,train,1,A1,-1000.0584780095609,272.7872693092828,99.35756042117043
train_00058,train,1,A2,-1149.9997234726352,-199.12898322470076,166.97949616611643
train_00058,train,1,A3,-1300.0076346395765,-34.54390421044813,-195.4969271313184
train_00058,train,1,B1,-298.39185108195323,281.58865901481414,103.84402915975762
train_00058,train,1,B2,1.549092902833028,-230.11040294932306,194.01407048019058
train_00058,train,1,B3,301.57460040143206,-52.387850607851526,-294.24907952649465
train_00058,train,1,C1,999.9336643032455,281.85432546814167,102.53690268290623
train_00058,train,1,C2,1149.9597040605745,-229.8646033110076,192.82395923653877
train_00058,train,1,C3,1299.9218003556523,-52.08101073098807,-295.51942578880085
train_00058,train,2,A1,-748.4379247060639,272.7665004918291,100.49235948196674
train_00058,train,2,A2,-898.4035354071513,-199.26951658948974,168.02233568439797
train_00058,train,2,A3,-1048.4272409612759,-34.603259151778595,-194.2859231500941
train_00058,train,2,B1,-298.4571089149966,281.65286740053796,103.79176240940717
train_00058,train,2,B2,1.543205659036921,-230.08314567304504,194.0311558901491
train_00058,train,2,B3,301.6553494917563,-52.386234776749966,-294.25198388547966
train_00058,train,2,C1,999.9649425817422,281.9102812714343,102.60524878799336
train_00058,train,2,C2,1149.9864196957815,-229.85684216932947,192.79364437959072
train_00058,train,2,C3,1299.9399291336217,-52.10092445039614,-295.56760745955876
train_00058,train,3,A1,-748.4170612116917,272.7208614022738,100.52223334643178
train_00058,train,3,A2,-898.367193731692,-199.20919243124874,168.13850191789723
train_00058,train,3,A3,-1048.3894299245324,-34.68400652980991,-194.2830376290387
train_00058,train,3,B1,-298.38637913526406,281.629374091398,103.87684666379073
train_00058,train,3,B2,1.5904166393105963,-230.1057572804095,194.06058626916956
train_00058,train,3,B3,301.5739210307139,-52.39816879229256,-294.1936334246281
train_00058,train,3,C1,751.5030798834852,281.64506046717986,103.8425136485157
train_00058,train,3,C2,901.5857577344503,-230.02761067474992,194.1320293237611
train_00058,train,3,C3,1051.6189805292372,-52.40172810019038,-294.10685815060276
train_00058,train,4,A1,-750.014527609706,272.8882763773407,99.40626814464287
train_00058,train,4,A2,-899.9726614770175,-199.0693747570185,166.9198598529574
train_00058,train,4,A3,-1049.9799530174068,-34.39624656243617,-195.37129427075885
train_00058,train,4,B1,-299.94862191015517,281.8848107386964,102.62843084922277
train_00058,train,4,B2,-0.014092802214508475,-229.8598053741907,192.7996157089936
train_00058,train,4,B3,299.94340124113654,-52.142564384851475,-295.4324299725235
train_00058,train,4,C1,749.9540761711695,281.93103472415737,102.62862924622502
train_00058,train,4,C2,899.9714956903919,-229.81562960720507,192.83247304877057
train_00058,train,4,C3,1050.0060959030025,-52.05211000529075,-295.441888916772
train_00059,train,0,A1,-1270.2879357620143,333.2069342868323,307.90112239601655
train_00059,train,0,A2,-1312.9591518465331,-139.83873998581166,463.62941179593054
train_00059,train,0,A3,-1531.687633404842,-69.4731634625162,105.59497207011093
train_00059,train,0,B1,-267.2976101894094,507.2168970461477,38.20651468191268
train_00059,train,0,B2,145.73073574821404,100.27650051585205,192.65802176466516
train_00059,train,0,B3,357.57302651495854,217.51224624959218,-356.2933912654279
train_00059,train,0,C1,1372.4502111364673,261.79182230913864,-76.58110244719377
train_00059,train,0,C2,1477.5927934129882,-230.01991653418662,122.34058961747508
train_00059,train,0,C3,1638.9648515909232,-174.269366810414,-390.84089733502685
train_00059,train,1,A1,-999.9694096093742,272.95109124482,99.33505685424709
train_00059,train,1,A2,-1149.8682908694045,-199.12849408218705,167.02506075638004
train_00059,train,1,A3,-1299.9800876148252,-34.490672325275526,-195.4843726032557
train_00059,train,1,B1,-300.08709665728367,281.8502654602636,102.48502525655299
train_00059,train,1,B2,0.020576187321856176,-229.80051024364113,192.72008343463608
train_00059,train,1,B3,300.0243724094975,-52.04341992443684,-295.4155612308511
train_00059,train,1,C1,1000.0189235051296,281.83686855351675,102.47478341499652
train_00059,train,1,C2,1149.9996566453544,-229.90060832146978,192.66519083518284
train_00059,train,1,C3,1299.9748040020597,-52.17535677382343,-295.6240509237849
train_00059,train,2,A1,-750.1803608426122,272.81922478770514,99.12395890776543
train_00059,train,2,A2,-900.1328704523632,-199.16561430061142,166.78114288759522
train_00059,train,2,A3,-1050.0414755006843,-34.6619326011857,-195.67799544593703
train_00059,train,2,B1,-300.0849365074732,281.91342005932387,102.51123988696175
train_00059,train,2,B2,-0.057327235269276064,-229.7605446264241,192.78146093753827
train_00059,train,2,B3,300.0454586941125,-52.04982221392931,-295.39616241351666
train_00059,train,2,C1,1000.037077975065,281.78123687796835,102.48189717007327
train_00059,train,2,C2,1149.990111593376,-229.9007048209625,192.69521708140115
train_00059,train,2,C3,1299.9233934297345,-52.173835883061884,-295.6507714882936
train_00059,train,3,A1,-750.1521692031039,272.8152106164212,99.05390383315824
train_00059,train,3,A2,-900.1155808315054,-199.12771519600787,166.79474813970256
train_00059,train,3,A3,-1050.0371806077815,-34.67014918986454,-195.70657045418878
train_00059,train,3,B1,-300.00412028890486,281.8419546835206,102.47725078678675
train_00059,train,3,B2,-0.07208755173342374,-229.81792231439312,192.75154680936097
train_00059,train,3,B3,300.01178326388293,-52.06320895346252,-295.46757033309717
train_00059,train,3,C1,749.9167579715989,281.9817146353785,102.758377690355
train_00059,train,3,C2,899.9475701778963,-229.7507664494757,192.95689517009825
train_00059,train,3,C3,1050.022694527949,-51.953749420320015,-295.27961271133586
train_00059,train,4,A1,-750.0153603625586,272.8980176657999,99.29145910838119
train_00059,train,4,A2,-900.0350746358223,-199.03832474639376,166.95612022763137
train_00059,train,4,A3,-1050.0649108631972,-34.45883698904904,-195.44071381951778
train_00059,train,4,B1,-299.9796425048783,281.97861524420324,102.63465419153691
train_00059,train,4,B2,-0.021234742986942914,-229.7926134342531,192.78947011722576
train_00059,train,4,B3,300.01253897291434,-52.09326259435561,-295.41233854756314
train_00059,train,4,C1,750.0833087630409,281.8563441082282,102.63785711626984
train_00059,train,4,C2,900.0167271444576,-229.92927936723396,192.7863583867694
train_00059,train,4,C3,1050.0134483536544,-52.09577757923954,-295.43284622369424
train_00060,train,0,A1,-1245.3676065470916,242.85883962379393,134.5853659428434
train_00060,train,0,A2,-1380.6705500228788,-222.44883231355107,257.2925416735966
train_00060,train,0,A3,-1538.2875994664032,-104.69929247833977,-119.90333591106312
train_00060,train,0,B1,-418.61558267766367,223.01110836491497,-16.09679870284992
train_00060,train,0,B2,-85.40105106357382,-261.2639074935942,103.76352327897737
train_00060,train,0,B3,195.57343565705318,-100.10302301951707,-401.2414119457273
train_00060,train,0,C1,1319.0443474569515,365.4054596908514,-63.747772346569704
train_00060,train,0,C2,1492.8648121125123,-114.20046647081286,115.82818702400984
train_00060,train,0,C3,1629.1360864458045,-23.20890778215631,-399.60967224079945
train_00060,train,1,A1,-1000.0609773520209,272.9333973615463,99.38822336674974
train_00060,train,1,A2,-1149.9022190240555,-199.0860021044999,167.07061004004396
train_00060,train,1,A3,-1300.0498474233507,-34.53196711415921,-195.36677304837605
train_00060,train,1,B1,-300.0330543635827,281.9181338303537,102.67671722691705
train_00060,train,1,B2,0.022598580309778682,-229.8087103854377,192.82719072298917
train_00060,train,1,B3,300.00870200904234,-52.04201933717784,-295.4966788669249
train_00060,train,1,C1,999.9929238173817,281.9101354843744,102.57108661659267
train_00060,train,1,C2,1150.0279413521375,-229.73462796194391,192.88965623803418
train_00060,train,1,C3,1299.9959030916768,-52.146962948103,-295.4083975308203
train_00060,train,2,A1,-749.9654265265343,273.0111172121249,99.3759858002936
train_00060,train,2,A2,-899.97947742927,-198.9962325236791,167.0088507497451
train_00060,train,2,A3,-1050.0108449241968,-34.419890643131154,-195.3923616150918
train_00060,train,2,B1,-300.0400173273377,281.94544194498127,102.68482244361115
train_00060,train,2,B2,0.03442168614765203,-229.80325105292653,192.84804954869907
train_00060,train,2,B3,299.9991867911798,-52.04573525850363,-295.45184737364383
train_00060,train,2,C1,1000.0451901166682,281.904630496091,102.59546911931747
train_00060,train,2,C2,1149.9587543707985,-229.78971807073873,192.82918210633468
train_00060,train,2,C3,1299.9821281275038,-52.14799727060225,-295.41813048495413
train_00060,train,3,A1,-749.963431118055,273.0044414786425,99.3845300199814
train_00060,train,3,A2,-899.9736730245501,-198.90686853414778,167.00844281355205
train_00060,train,3,A3,-1050.0013683503857,-34.402249872572014,-195.35024612514235
train_00060,train,3,B1,-299.98817545939323,281.9270624755759,102.63770666077697
train_00060,train,3,B2,-0.03140055673070153,-229.8853872506135,192.84887833147954
train_00060,train,3,B3,300.03756242254167,-52.05862347894998,-295.4692627758993
train_00060,train,3,C1,751.4252349433262,283.3448294692848,102.60692653168363
train_00060,train,3,C2,901.3889675968654,-228.36594517088776,192.76170485673515
train_00060,train,3,C3,1051.4437195276937,-50.5562504884555,-295.4811597219152
train_00060,train,4,A1,-750.2718688936422,272.9333083785129,99.40133967003324
train_00060,train,4,A2,-900.6052992227696,-198.86047236919168,166.97054139020307
train_00060,train,4,A3,-1050.4321125162055,-34.19701914156984,-195.36444086692558
train_00060,train,4,B1,-300.22180415778257,281.56731830177245,102.64510612126203
train_00060,train,4,B2,-0.5378771259126627,-230.36317468478222,192.8481915101991
train_00060,train,4,B3,299.5446816599363,-52.845110476006184,-295.45104061846456
train_00060,train,4,C1,751.1872179062406,282.30082679486827,102.61935528310013
train_00060,train,4,C2,900.9298969880389,-229.51695871107032,192.84015723480425
train_00060,train,4,C3,1050.9488081794,-51.85648723246481,-295.3886233802957
train_00061,train,0,A1,-936.5178239788299,489.30594461921487,-133.02289392030565
train_00061,train,0,A2,-1229.3815555451765,87.90170190018257,-79.45229174348461
train_00061,train,0,A3,-1331.4175836052084,314.7829857540276,-424.4609144070547
train_00061,train,0,B1,-404.31459992586434,127.31157320889062,39.2687837639342
train_00061,train,0,B2,-81.22404448229862,-376.8703072663761,77.37409295589312
train_00061,train,0,B3,191.52965320888615,-149.41898782947996,-406.1803486529042
train_00061,train,0,C1,913.6034371165052,252.41066619720362,-185.8614881613535
train_00061,train,0,C2,1052.931325108248,-269.9811215311181,-198.82510944148734
train_00061,train,0,C3,1169.90194050409,-11.919391933331308,-659.5459064803795
train_00061,train,1,A1,-1000.0408525451815,272.92919180214255,99.31054178556315
train_00061,train,1,A2,-1150.0397010649413,-199.04237293696877,166.95202148092088
train_00061,train,1,A3,-1300.0145364490184,-34.461108058930236,-195.507412409179
train_00061,train,1,B1,-299.96309874958405,281.98839106762813,102.54454584310287
train_00061,train,1,B2,-0.040628144794335005,-229.76204317844997,192.81630072932734
train_00061,train,1,B3,299.9976644640332,-52.06444088853373,-295.43082503328213
train_00061,train,1,C1,1000.0253585043556,281.9416080133837,102.6172151722814
train_00061,train,1,C2,1150.0642944681238,-229.84023555833124,192.81376783398545
train_00061,train,1,C3,1300.0486970254567,-52.107607080331846,-295.43053385633294
train_00061,train,2,A1,-749.9460535312907,273.0331385549268,99.3287648179345
train_00061,train,2,A2,-899.9488443761261,-198.88198214663103,167.03927445034213
train_00061,train,2,A3,-1049.9751229720039,-34.335211386318825,-195.39884024288187
train_00061,train,2,B1,-299.968162927895,281.87358475282605,102.58132246949776
train_00061,train,2,B2,0.017607162456730142,-229.84713511907722,192.80831425876383
train_00061,train,2,B3,300.0155104788679,-52.039055969616,-295.40712258837107
train_00061,train,2,C1,1000.0220542315728,281.9048746289554,102.5749910199563
train_00061,train,2,C2,1150.0034950061113,-229.85099221697567,192.84267366465562
train_00061,train,2,C3,1300.0144051300504,-52.135841453559244,-295.3945973932802
train_00061,train,3,A1,-749.9509937853826,273.08031394065773,99.33103729745227
train_00061,train,3,A2,-899.9784835377324,-198.89283985945738,167.02309436251943
train_00061,train,3,A3,-1050.0125413704782,-34.29639072813054,-195.38775878213775
train_00061,train,3,B1,-300.0049328399492,281.91901821249405,102.62583495345353
train_00061,train,3,B2,-0.04870662064747626,-229.80777487200737,192.81815136318914
train_00061,train,3,B3,300.0354395313587,-52.05510102923828,-295.4217616504739
train_00061,train,3,C1,749.978272807372,281.8250925564641,102.77750509992333
train_00061,train,3,C2,900.0169299915208,-229.90841380216742,192.97623915975066
train_00061,train,3,C3,1050.0476192328483,-52.06896895706708,-295.2943747362691
train_00061,train,4,A1,-750.066345143434,272.93557244345664,99.35245333374844
train_00061,train,4,A2,-899.9291190100461,-198.9830132551777,167.07642329010966
train_00061,train,4,A3,-1050.016445673225,-34.51404185986646,-195.35162150380208
train_00061,train,4,B1,-300.0316975994507,281.8692491956318,102.52202303751594
train_00061,train,4,B2,0.029009788692712955,-229.8265783336306,192.74368506385122
train_00061,train,4,B3,300.03792036381304,-52.13245668959833,-295.51547588597117
train_00061,train,4,C1,749.9448806837635,281.971336704232,102.63136833961396
train_00061,train,4,C2,900.0616756710722,-229.74020872887547,192.87745880148987
train_00061,train,4,C3,1050.0486068756543,-52.02010308199274,-295.3868690723126
train_00062,train,0,A1,-931.517793376634,178.25263492621838,158.45154982683408
train_00062,train,0,A2,-1095.957157273311,-293.46287830849855,176.91290419759684
train_00062,train,0,A3,-1150.810563265145,-120.36348579440094,-207.74859176182187
train_00062,train,0,B1,-69.46709818105163,271.11960793761466,487.6860475495099
train_00062,train,0,B2,305.56187396439975,-177.68113511188602,353.8468471272016
train_00062,train,0,B3,428.55280332701426,167.11796919359227,-121.55717845365659
train_00062,train,0,C1,818.9626370341629,207.82724739078148,99.47896044012788
train_00062,train,0,C2,1114.4642383162873,-236.91955258037427,185.23227790491393
train_00062,train,0,C3,1224.8689432391366,-2.1586786135462783,-289.2719404063858
train_00062,train,1,A1,-1000.0008666460213,272.9618510949844,99.26533349958842
train_00062,train,1,A2,-1150.0148669970554,-199.03625155018858,166.93914139542568
train_00062,train,1,A3,-1299.9812522944533,-34.46900953349401,-195.50041612928138
train_00062,train,1,B1,-300.06103673800885,281.85030153683766,102.57260243942588
train_00062,train,1,B2,0.07089900304949157,-229.7580107275723,192.86887437302215
train_00062,train,1,B3,299.98811628087435,-52.14850939781611,-295.4848695677544
train_00062,train,1,C1,999.9830927739137,281.9444844460103,102.5366396735731
train_00062,train,1,C2,1150.102197267386,-229.75297909929665,192.83700678139388
train_00062,train,1,C3,1299.9985960058154,-52.0705682552044,-295.47844738438016
train_00062,train,2,A1,-750.2396102665814,271.82466875024596,97.61927387578977
train_00062,train,2,A2,-900.120006079573,-200.2383697609464,165.3883681445768
train_00062,train,2,A3,-1050.1598261896306,-35.69864927431173,-197.0491778166936
train_00062,train,2,B1,-299.9934113148032,281.85003084421385,102.6140997775311
train_00062,train,2,B2,-0.007816432051717087,-229.8305083128805,192.87352067888543
train_00062,train,2,B3,299.9535419533394,-52.10703258118878,-295.3997804271348
train_00062,train,2,C1,999.9775617814181,281.966175037856,102.55174279203342
train_00062,train,2,C2,1150.1091675796092,-229.79348699272057,192.8114239846469
train_00062,train,2,C3,1300.0101151748925,-51.985254488811265,-295.4578365331449
train_00062,train,3,A1,-750.1960904685822,271.8057351224644,97.6098139763115
train_00062,train,3,A2,-900.0824305785457,-200.1616905301206,165.3693090421131
train_00062,train,3,A3,-1050.137071867605,-35.70883612563085,-197.1016719169499
train_00062,train,3,B1,-300.0226623520176,281.9434170238392,102.61169150122497
train_00062,train,3,B2,-0.009470166729219055,-229.7740247825637,192.87410056476693
train_00062,train,3,B3,300.0263855744131,-52.16752984372869,-295.43136641819075
train_00062,train,3,C1,749.9987996728765,281.91298405143937,102.64661334474965
train_00062,train,3,C2,899.9760180478811,-229.76833519423852,192.79529280147295
train_00062,train,3,C3,1049.9386610350448,-52.033272355152626,-295.41287791880796
train_00062,train,4,A1,-749.9068235650664,272.63244495672694,98.80056889977642
train_00062,train,4,A2,-900.0580297545648,-199.33976734179242,166.6812050665746
train_00062,train,4,A3,-1050.3116946552313,-34.7430632940369,-195.71400746674982
train_00062,train,4,B1,-299.7444075230085,282.40499814509394,103.34533511737652
train_00062,train,4,B2,0.02747717927237256,-229.50688780417332,193.38757948717242
train_00062,train,4,B3,299.71037936935636,-51.92843616011457,-295.1610936109484
train_00062,train,4,C1,750.2588417937852,281.8474793806318,102.52086628984472
train_00062,train,4,C2,900.0019149343841,-230.02376537742092,192.54774657896436
train_00062,train,4,C3,1049.7207702527066,-52.29594246722262,-295.81501067482105
train_00063,train,0,A1,-1121.8787045740276,129.11704827701118,-213.07963646642224
train_00063,train,0,A2,-1272.6932866616592,-344.3864207295573,-159.60252441317766
train_00063,train,0,A3,-1422.403420107424,-168.80827571602188,-516.9161441757532
train_00063,train,0,B1,-368.3360860254843,-74.22381974002114,224.28611583181024
train_00063,train,0,B2,20.395735453335835,-521.4720934765912,318.0324981223829
train_00063,train,0,B3,235.71217254217106,-345.1588154885226,-213.51970614070908
train_00063,train,0,C1,726.014389863983,342.29976542446246,340.770715139964
train_00063,train,0,C2,954.2243109520698,-134.80779079506155,453.5968582099736
train_00063,train,0,C3,1049.6700440697068,26.64253024993796,-53.651140198866905
train_00063,train,1,A1,-999.9388554823664,273.0046552818415,99.36561445572946
train_00063,train,1,A2,-1149.986353004977,-198.95403397900287,167.05260208059272
train_00063,train,1,A3,-1299.9762156206064,-34.3912403327113,-195.4051869504896
train_00063,train,1,B1,-299.99504213225964,281.9141170819491,102.6010321248661
train_00063,train,1,B2,0.034644323196826934,-229.78426552917472,192.81183325511438
train_00063,train,1,B3,300.03884609866134,-52.0845514699767,-295.41152177810307
train_00063,train,1,C1,999.9789172778285,281.97220472568677,102.64077664578556
train_00063,train,1,C2,1149.987801949689,-229.74199106697895,192.81837211472475
train_00063,train,1,C3,1300.0235823520052,-52.01216434321733,-295.4237324830677
train_00063,train,2,A1,-749.977999114048,272.9936928832785,99.29080073560962
train_00063,train,2,A2,-899.9595970252388,-199.0373404716865,166.92534452295638
train_00063,train,2,A3,-1049.9979355530404,-34.38864836530197,-195.4477472893627
train_00063,train,2,B1,-299.9788954346154,281.94687893355626,102.61672726210205
train_00063,train,2,B2,-0.0004262033796653174,-229.7889166527953,192.85378842487316
train_00063,train,2,B3,300.0364397818766,-52.04520915062571,-295.4012294610942
train_00063,train,2,C1,999.9758587313463,281.9889873894428,102.64559726644354
train_00063,train,2,C2,1149.9917654821786,-229.75743697556715,192.8137684833002
train_00063,train,2,C3,1300.0079042755742,-52.04247494206744,-295.42213197604724
train_00063,train,3,A1,-749.9640285701589,272.9871573124976,99.23708396730157
train_00063,train,3,A2,-899.9758162385681,-198.94098448858978,166.90647898774716
train_00063,train,3,A3,-1049.9638620739047,-34.4550886991182,-195.47396562007782
train_00063,train,3,B1,-299.9555830118982,281.90756478953926,102.61383193135227
train_00063,train,3,B2,-0.0026045007342929377,-229.82318037837015,192.86466475476013
train_00063,train,3,B3,300.0102248379842,-52.10890855425553,-295.4171376469341
train_00063,train,3,C1,749.9978983795872,281.90863323645897,102.72080475632552
train_00063,train,3,C2,899.939893259935,-229.83437647243412,192.88510043105433
train_00063,train,3,C3,1050.0049092350669,-52.027600980835615,-295.3327678308754
train_00063,train,4,A1,-749.9323534860026,272.92403323407933,99.25441484089477
train_00063,train,4,A2,-899.9320362748059,-199.03480507877828,167.03397157601307
train_00063,train,4,A3,-1049.9671739274693,-34.510421743716485,-195.41201078162547
train_00063,train,4,B1,-299.8938745562619,281.9084906771647,102.6109102542126
train_00063,train,4,B2,0.041027842661617235,-229.85459661934826,192.8271331879689
train_00063,train,4,B3,300.05403424555857,-52.17546338500961,-295.47128686459627
train_00063,train,4,C1,750.0387755932824,281.85803137319067,102.58697541736504
train_00063,train,4,C2,900.018986018553,-229.84006612488625,192.7630856909201
train_00063,train,4,C3,1049.9991540724543,-52.084817772060205,-295.4788825864525
train_00064,train,0,A1,-1085.816010317861,180.33672492855757,-28.94834187593649
train_00064,train,0,A2,-1250.8407063967595,-291.13704932681406,-12.49118360296374
train_00064,train,0,A3,-1367.3326192037325,-93.89437124073872,-370.89137032712654
train_00064,train,0,B1,-600.3494897698706,-19.433025608725426,-1.2228246388145678
train_00064,train,0,B2,-278.84786168072446,-523.3066434510806,51.797834284852975
train_00064,train,0,B3,-42.451773376699464,-337.8779659561414,-467.58111941730704
train_00064,train,0,C1,681.6018723598247,618.2173087467334,8.418763227626625
train_00064,train,0,C2,791.1799069366726,98.18477467209864,108.62987415694188
train_00064,train,0,C3,1027.8989752946102,277.2843309564428,-343.5313438490701
train_00064,train,1,A1,-999.9647486936186,272.919280605839,99.31505186697815
train_00064,train,1,A2,-1150.0089597702865,-199.05226628192352,166.9607542020362
train_00064,train,1,A3,-1299.9350837962213,-34.4860173835077,-195.52198197507568
train_00064,train,1,B1,-300.0026688308598,281.8800905181535,102.57707075085673
train_00064,train,1,B2,-0.05621394354755513,-229.8578603227916,192.7897857129084
train_00064,train,1,B3,299.99374859158416,-52.11752810112239,-295.4897506482594
train_00064,train,1,C1,999.9904272407679,281.89515122166773,102.57367695343365
train_00064,train,1,C2,1150.0529031176773,-229.81755077816837,192.8227652542954
train_00064,train,1,C3,1299.9606257838714,-52.076482088025585,-295.490919613949
train_00064,train,2,A1,-750.6957198249402,271.0085980241322,99.50441370077995
train_00064,train,2,A2,-900.6259742668046,-200.9355012801819,167.16387842342547
train_00064,train,2,A3,-1050.6548002271343,-36.282116695534214,-195.2324154050975
train_00064,train,2,B1,-300.01059024827873,281.95135080794785,102.55850949444826
train_00064,train,2,B2,-0.0322943147717432,-229.82966994945397,192.80627854848245
train_00064,train,2,B3,300.0565488744807,-52.14288200104545,-295.5060956367465
train_00064,train,2,C1,999.9696720417746,281.9184196326939,102.58296767679731
train_00064,train,2,C2,1150.0244404378464,-229.77936709219034,192.7757925040607
train_00064,train,2,C3,1299.982348029841,-52.053531460164436,-295.4530865736393
train_00064,train,3,A1,-750.6373624209195,271.0907435880424,99.53538909961499
train_00064,train,3,A2,-900.6368943828828,-200.8762323415202,167.17608605754742
train_00064,train,3,A3,-1050.6390390205704,-36.34105178938695,-195.25116970006584
train_00064,train,3,B1,-300.0041526258698,281.9006876192928,102.58330923301055
train_00064,train,3,B2,-0.0410759237852396,-229.8290387898003,192.75519501639903
train_00064,train,3,B3,299.98801869856885,-52.1205841632233,-295.4213072139271
train_00064,train,3,C1,750.0879469643331,281.7614590297416,102.74068639044975
train_00064,train,3,C2,899.9510286242084,-229.97498460620247,192.90664135585564
train_00064,train,3,C3,1050.041734550165,-52.28757483872986,-295.40386638555685
train_00064,train,4,A1,-750.119966777357,272.35392624050615,99.52883483572315
train_00064,train,4,A2,-900.5929439915415,-199.49270885311688,167.070533803583
train_00064,train,4,A3,-1050.4227231940984,-34.75675748334696,-195.29296019927813
train_00064,train,4,B1,-299.51989014256026,282.7972231803534,102.51612658783507
train_00064,train,4,B2,-0.04175032450595355,-229.1910349375108,192.76714009086228
train_00064,train,4,B3,300.1118231937446,-51.71426637303782,-295.4937583968258
train_00064,train,4,C1,750.5465530108911,281.78309487331757,102.69146751686652
train_00064,train,4,C2,900.0097734535764,-230.0883638029284,192.87057809049034
train_00064,train,4,C3,1050.1812943847326,-52.45456212424112,-295.4249878411676
train_00065,train,0,A1,-899.5902548741803,534.9035268639047,101.16952572667999
train_00065,train,0,A2,-1045.1294066991961,62.354433814961304,174.27079423641254
train_00065,train,0,A3,-1097.483252961294,184.6021975096715,-229.81160227310363
train_00065,train,0,B1,-537.586916984557,287.10837955026204,-105.8099787890217
train_00065,train,0,B2,-242.51487791260254,-219.90068406112871,20.152561808209274
train_00065,train,0,B3,96.5696391359442,-49.20257890160592,-444.47211064142215
train_00065,train,0,C1,1128.7189308400061,-54.834405558033254,-254.2017744776509
train_00065,train,0,C2,1375.3922657657176,-502.9240510864829,-78.56122017403314
train_00065,train,0,C3,1489.4696974630967,-391.6998903632325,-595.3136386082195
train_00065,train,1,A1,-1000.0356027353827,272.9970475501957,99.3126169179493
train_00065,train,1,A2,-1150.0378650261923,-198.97659180077284,166.95819312477155
train_00065,train,1,A3,-1300.0704314841198,-34.42898896624025,-195.5061037825812
train_00065,train,1,B1,-299.9734593343486,281.91205726787166,102.62670691979733
train_00065,train,1,B2,-0.058663945208076274,-229.83313350751678,192.8372605781731
train_00065,train,1,B3,299.9989160423406,-52.102814172489346,-295.4888279878979
train_00065,train,1,C1,1000.0109838130307,281.79776361146105,102.60973918764213
train_00065,train,1,C2,1150.008450357445,-229.9154354355884,192.82607500488223
train_00065,train,1,C3,1299.998950005389,-52.19737160225141,-295.4945781794366
train_00065,train,2,A1,-749.9896896185619,273.1012398052715,99.3122153884848
train_00065,train,2,A2,-900.0440149304002,-198.94758146979007,166.94565191921913
train_00065,train,2,A3,-1050.0320637389457,-34.35656332046176,-195.47169705451375
train_00065,train,2,B1,-299.99194749541766,281.8845774880538,102.63082131440869
train_00065,train,2,B2,-0.008352660295136254,-229.9336755487479,192.7989834185102
train_00065,train,2,B3,300.04944358402355,-52.13704310783547,-295.51868814890145
train_00065,train,2,C1,999.9844498436322,281.82802565693436,102.56699448711063
train_00065,train,2,C2,1149.972822249927,-229.87206959699853,192.8133015892221
train_00065,train,2,C3,1299.9340167035173,-52.14195946721193,-295.45021831518704
train_00065,train,3,A1,-750.0604974201294,272.97483544836325,99.30870700586544
train_00065,train,3,A2,-900.0423892970647,-198.95743955020677,166.93563357863525
train_00065,train,3,A3,-1050.002684132663,-34.317360111132864,-195.466582376708
train_00065,train,3,B1,-299.9758724160572,281.90770152832806,102.66343988794067
train_00065,train,3,B2,-0.008941971467903136,-229.89060760153217,192.81542017817623
train_00065,train,3,B3,300.0464473780753,-52.08644352410385,-295.4635931119074
train_00065,train,3,C1,750.2050292396812,281.7546330831228,102.63994570917271
train_00065,train,3,C2,900.0522073234649,-230.05775281301322,192.75671561196953
train_00065,train,3,C3,1050.106188128945,-52.303329871194585,-295.5487731673397
train_00065,train,4,A1,-750.0008967744335,272.97252605109395,99.34961027539609
train_00065,train,4,A2,-900.0031830312379,-198.94867134312057,167.05071547470504
train_00065,train,4,A3,-1050.0427641123322,-34.441791925958114,-195.3700607311989
train_00065,train,4,B1,-299.9747562429964,281.9613930602809,102.66227563212884
train_00065,train,4,B2,-0.02021131915328062,-229.79633378326508,192.88946807326968
train_00065,train,4,B3,300.00172815170475,-52.05767600297902,-295.392528043984
train_00065,train,4,C1,750.150197311652,281.96134384242106,102.6021667277094
train_00065,train,4,C2,900.1395567000196,-229.80647762866582,192.8651118851702
train_00065,train,4,C3,1050.0836414531827,-52.19485427424186,-295.4560964101846
train_00066,train,0,A1,-918.0173611772798,605.7619380703449,417.7638584716133
train_00066,train,0,A2,-1139.049739333822,168.88842937545246,518.5863292194194
train_00066,train,0,A3,-1251.4750411909397,320.21276529410414,137.3094234683136
train_00066,train,0,B1,15.210739019034262,85.78281964440471,116.61190317720323
train_00066,train,0,B2,310.9956489843885,-428.047216785898,208.89179592503822
train_00066,train,0,B3,610.5610843046458,-256.1321233175223,-281.82127627558697
train_00066,train,0,C1,1177.2955922879642,-54.12201585402437,344.93145873909214
train_00066,train,0,C2,1389.3909310306026,-543.2064860196928,436.3246963512569
train_00066,train,0,C3,1529.516037523548,-342.488595728335,-45.93487725100478
train_00066,train,1,A1,-999.9776659815705,272.91260269841047,99.41385464301744
train_00066,train,1,A2,-1150.0802505294444,-199.01993032771998,167.01554963699851
train_00066,train,1,A3,-1299.9626959980258,-34.39702015268159,-195.47209689430176
train_00066,train,1,B1,-300.0549392599237,281.8779392121003,102.57346753167232
train_00066,train,1,B2,0.03093756855988897,-229.82659420890872,192.82926606574833
train_00066,train,1,B3,300.0183292242978,-52.0998591417657,-295.41463482303124
train_00066,train,1,C1,1000.0245321209915,281.8718033301502,102.59394488466026
train_00066,train,1,C2,1150.0686425074825,-229.79399287009514,192.7939842631153
train_00066,train,1,C3,1300.0272358728291,-52.0118063726628,-295.4804769147033
train_00066,train,2,A1,-750.0678122617775,272.9284745280639,99.28910189151006
train_00066,train,2,A2,-899.9438454262493,-199.11919963238108,166.96552166621274
train_00066,train,2,A3,-1050.040311960534,-34.67106255815621,-195.4501717583991
train_00066,train,2,B1,-300.01311460179835,281.884531694122,102.64820917738972
train_00066,train,2,B2,-0.009769713285980267,-229.8066765832573,192.82627180465545
train_00066,train,2,B3,300.0509762121042,-52.05779054300614,-295.3830946185584
train_00066,train,2,C1,1000.0651439119198,281.88574042817356,102.59220269960973
train_00066,train,2,C2,1150.004126810151,-229.84144448181357,192.7453251070362
train_00066,train,2,C3,1300.0903849939057,-52.04844058131579,-295.4562946563717
train_00066,train,3,A1,-750.0735031900452,272.8382703872116,99.34088861987387
train_00066,train,3,A2,-899.9516677235879,-199.14856817007976,166.95741910768658
train_00066,train,3,A3,-1050.0683367096744,-34.6518045417485,-195.4806887645659
train_00066,train,3,B1,-299.99637193131275,281.8773784457484,102.61257769714899
train_00066,train,3,B2,-0.020626818300691754,-229.8041968038574,192.86785009974736
train_00066,train,3,B3,300.01258016362,-52.017304331865525,-295.39571454841814
train_00066,train,3,C1,750.8858506191935,280.44906284830125,103.7324129841168
train_00066,train,3,C2,900.9148319975917,-231.3046427989934,193.9204127244137
train_00066,train,3,C3,1050.9067182360607,-53.546801249410926,-294.3565740852978
train_00066,train,4,A1,-750.5040584420256,272.85055684799136,99.22651289971763
train_00066,train,4,A2,-900.0833171399315,-199.14973580257916,167.1053022112208
train_00066,train,4,A3,-1050.403990634441,-34.89438275510057,-195.24263107874216
train_00066,train,4,B1,-300.37735481973357,282.21215646962986,102.27926326828218
train_00066,train,4,B2,-0.09486428569705432,-229.27647384214737,192.50254510810439
train_00066,train,4,B3,299.55404388523635,-51.445572481974025,-295.9578725362017
train_00066,train,4,C1,750.4539208346027,281.4075282687142,102.74549514786365
train_00066,train,4,C2,900.8749456821016,-230.13755939189946,193.06875107203322
train_00066,train,4,C3,1050.4785207491736,-52.45947645293122,-295.4031955500407
train_00067,train,0,A1,-1317.9628865115792,579.0800275473676,308.09418156210467
train_00067,train,0,A2,-1485.133242134944,112.12906341951869,370.5273166466531
train_00067,train,0,A3,-1629.2145414485044,286.20478230010826,10.209446864650577
train_00067,train,0,B1,-378.2075755954551,28.796196926262038,271.8922831732005
train_00067,train,0,B2,-83.14524349531825,-489.27007574136195,339.3027922008872
train_00067,train,0,B3,185.36588401180768,-315.5763529313846,-168.46356285958834
train_00067,train,0,C1,873.7499704873759,92.76610971169484,328.1104345197036
train_00067,train,0,C2,989.878968389833,-432.5282263183216,383.82286098032654
train_00067,train,0,C3,1241.4657131130023,-207.56326108907257,-38.767739547988825
train_00067,train,1,A1,-1000.0284564497488,272.8881544176679,99.32250076843711
train_00067,train,1,A2,-1149.9320700348812,-199.1174458515721,166.94200626301085
train_00067,train,1,A3,-1299.9506706839977,-34.595595456562556,-195.45349401181517
train_00067,train,1,B1,-299.99580455382204,281.9246893296827,102.57641819289627
train_00067,train,1,B2,-0.06509033519105872,-229.8227061484141,192.8346329566037
train_00067,train,1,B3,299.95801679109087,-52.087795607732566,-295.4585356525605
train_00067,train,1,C1,1000.0349914644089,281.90413971383174,102.42151097427629
train_00067,train,1,C2,1149.985786505031,-229.904019453808,192.61785010709684
train_00067,train,1,C3,1300.0015437512486,-52.203724995182164,-295.6206253725111
train_00067,train,2,A1,-748.6123075587029,271.7152372362581,99.88311036926976
train_00067,train,2,A2,-898.7621865591001,-200.2661582470003,167.57378965259807
train_00067,train,2,A3,-1048.6289148821709,-35.675561784051276,-194.90263675894658
train_00067,train,2,B1,-299.9958148614115,281.948190553304,102.50752887787573
train_00067,train,2,B2,-0.07390860055948723,-229.7465052610283,192.84306114840652
train_00067,train,2,B3,299.9688946290682,-52.083757116297235,-295.4483020827594
train_00067,train,2,C1,1000.0617865357133,281.81489140810476,102.35301572792561
train_00067,train,2,C2,1149.9948976704131,-229.91080378087656,192.67770415612284
train_00067,train,2,C3,1299.9425517765646,-52.150172985056635,-295.6578310327807
train_00067,train,3,A1,-748.5804310842133,271.71504374330436,99.87169880671819
train_00067,train,3,A2,-898.6570808844693,-200.25297270177222,167.5356201134447
train_00067,train,3,A3,-1048.7172874777607,-35.620236857010504,-194.89672154343413
train_00067,train,3,B1,-300.02062250303624,281.9126093441971,102.55905307417999
train_00067,train,3,B2,-0.12841379819159698,-229.80370962685356,192.84197264743074
train_00067,train,3,B3,300.02042016366863,-52.121178644001574,-295.40292458010896
train_00067,train,3,C1,749.9933688463427,281.9292567424143,102.56546305672582
train_00067,train,3,C2,899.8594923169846,-229.7894581065585,192.88246899464158
train_00067,train,3,C3,1049.961592876487,-52.10290893450683,-295.45606685827187
train_00067,train,4,A1,-748.8460940044139,272.53470071823494,99.51982675023223
train_00067,train,4,A2,-899.2824429787554,-199.299807358986,167.04156806710765
train_00067,train,4,A3,-1049.020830838337,-34.57461456981142,-195.35694864872238
train_00067,train,4,B1,-300.2923022686245,282.4847583669769,102.34024069499527
train_00067,train,4,B2,-0.7021570420938443,-229.39334347301335,192.59430539315196
train_00067,train,4,B3,299.6663613669786,-51.84067194282059,-295.5261079377813
train_00067,train,4,C1,749.7206604155964,281.8505769464955,102.726940792844
train_00067,train,4,C2,899.3059671680281,-229.98468346244744,192.9123278136497
train_00067,train,4,C3,1049.6387703803891,-52.324599129272876,-295.2629468788407
train_00068,train,0,A1,-749.221401622106,275.6967274508889,86.29844748682427
train_00068,train,0,A2,-978.8862861074618,-165.05148350245813,139.61813976534683
train_00068,train,0,A3,-1079.4882547548505,23.677560333879562,-228.06479723159808
train_00068,train,0,B1,-300.97179297918916,580.7869714450981,232.35937798650951
train_00068,train,0,B2,-7.30951262818582,64.36112602499455,316.38066663009465
train_00068,train,0,B3,292.6946547846635,242.6793525353801,-171.69454734885258
train_00068,train,0,C1,1127.5272525184416,254.7969028389955,-159.88627005925682
train_00068,train,0,C2,1133.3939105358074,-231.88478588105974,75.8159041223761
train_00068,train,0,C3,1426.7874967362948,-217.10439083736867,-378.2632205535663
train_00068,train,1,A1,-999.9612729121343,272.91566885459264,99.36716546939935
train_00068,train,1,A2,-1149.9698269251173,-199.08719036742096,166.97723068550366
train_00068,train,1,A3,-1299.9771502314484,-34.456115860327905,-195.4484172320209
train_00068,train,1,B1,-299.9990541789743,281.86047646649723,102.56526193230292
train_00068,train,1,B2,-0.019686268775300872,-229.78626596075486,192.8375591660367
train_00068,train,1,B3,300.0426043698794,-52.09092249690494,-295.4423109115738
train_00068,train,1,C1,999.9632047450124,281.9114928181063,102.64102176391032
train_00068,train,1,C2,1150.0160484942433,-229.84664481420347,192.85382332428503
train_00068,train,1,C3,1299.9636019446739,-52.11088225921882,-295.41920411936405
train_00068,train,2,A1,-750.0614338303626,272.8875921160806,99.25941905997976
train_00068,train,2,A2,-899.9615091105956,-199.06482012117695,166.935246794536
train_00068,train,2,A3,-1049.9353206355936,-34.54222883576702,-195.50239483139202
train_00068,train,2,B1,-300.0137423838814,281.8950516566454,102.60099036059974
train_00068,train,2,B2,-0.04642207387327199,-229.780801891108,192.80794239376232
train_00068,train,2,B3,300.0691079533661,-52.08451099794492,-295.3972449074108
train_00068,train,2,C1,1000.0552143956133,281.88945967906676,102.58056640772791
train_00068,train,2,C2,1149.963544986432,-229.88833707638247,192.80656866528292
train_00068,train,2,C3,1299.998886473646,-52.18229723955771,-295.45423181808377
train_00068,train,3,A1,-750.0188851743101,272.9368022257365,99.20414222172477
train_00068,train,3,A2,-899.9652966629163,-199.0341354429406,166.98337505895958
train_00068,train,3,A3,-1049.9888158237482,-34.57907501913732,-195.51157444118417
train_00068,train,3,B1,-300.02571585786734,281.9122129475433,102.57699811601151
train_00068,train,3,B2,-0.08013021077377593,-229.83462861148757,192.8382397295657
train_00068,train,3,B3,300.0465653045804,-52.06407375260396,-295.3717333678177
train_00068,train,3,C1,749.9453376743705,281.8364881494096,102.8102628647152
train_00068,train,3,C2,899.9663444017311,-229.87683681637492,193.08016185009072
train_00068,train,3,C3,1050.0346063992931,-52.061731926083354,-295.1393889880267
train_00068,train,4,A1,-749.97500792034,272.91494781053245,99.32990658350003
train_00068,train,4,A2,-899.9109981825501,-199.11749932822195,167.1220956174443
train_00068,train,4,A3,-1049.9720472868605,-34.5923681286273,-195.34422740631712
train_00068,train,4,B1,-299.9965321347757,281.8893945600743,102.72672700569501
train_00068,train,4,B2,0.04026399551093304,-229.79620936757132,192.7913060632553
train_00068,train,4,B3,299.95641337683753,-52.06367781716676,-295.45563822473895
train_00068,train,4,C1,750.0484805521648,281.8628189788374,102.63417180691411
train_00068,train,4,C2,900.0371673891898,-229.80107485207145,192.83315287880922
train_00068,train,4,C3,1050.0015877705232,-52.01332335039658,-295.39372928317863
train_00069,train,0,A1,-1019.3571022837803,46.64428091829778,-294.98703079677364
train_00069,train,0,A2,-1164.7512086568615,-378.2168877826169,-75.57374689630453
train_00069,train,0,A3,-1304.6094563931417,-349.7978135688072,-476.2658162450533
train_00069,train,0,B1,-571.1149920168926,245.70195020648507,207.26630357121164
train_00069,train,0,B2,-266.56580284117774,-239.78581794447993,384.9385081169826
train_00069,train,0,B3,49.74331865363125,-130.90220497004785,-113.19623757685041
train_00069,train,0,C1,1391.0776642959952,565.6116487992045,-127.88383836856035
train_00069,train,0,C2,1424.9800954773727,43.508851883413044,8.908472378195757
train_00069,train,0,C3,1619.2132287495247,141.80932159549158,-486.16409067416106
train_00069,train,1,A1,-1000.0556411253937,272.95546697945224,99.34241178722831
train_00069,train,1,A2,-1149.9589052839503,-199.11848268341393,166.96676844059073
train_00069,train,1,A3,-1300.0477822567216,-34.56093639553018,-195.47904940005125
train_00069,train,1,B1,-299.9634305751821,281.8989811882781,102.61081922947136
train_00069,train,1,B2,-0.049259466659012874,-229.83606544310422,192.90045936570814
train_00069,train,1,B3,299.9870251485201,-52.1300925602863,-295.44418736193177
train_00069,train,1,C1,1000.0639037217005,281.8656327782999,102.59863966615498
train_00069,train,1,C2,1150.031024039821,-229.92389214000585,192.7917261054032
train_00069,train,1,C3,1299.9857565389455,-52.11034713434692,-295.4416244694534
train_00069,train,2,A1,-750.0286564843444,272.94376860044275,99.41115389676169
train_00069,train,2,A2,-900.0217122832546,-198.93197513825174,167.0523068193118
train_00069,train,2,A3,-1049.972104840392,-34.442687972281945,-195.3711564066455
train_00069,train,2,B1,-299.99330198444915,281.8976945125567,102.61513780640048
train_00069,train,2,B2,0.019422565134449326,-229.8218945473199,192.87120297545036
train_00069,train,2,B3,300.01838013953824,-52.113824012749454,-295.466097484326
train_00069,train,2,C1,1000.0385512873014,281.8252288888155,102.5734003470192
train_00069,train,2,C2,1149.9619898891915,-229.8743850058442,192.8144397804619
train_00069,train,2,C3,1299.9530031022841,-52.15357401576434,-295.3993685100451
train_00069,train,3,A1,-750.0232929311715,272.94483133161873,99.38510480192302
train_00069,train,3,A2,-900.0619313124162,-198.99692748182932,167.04381018505367
train_00069,train,3,A3,-1050.0441902683417,-34.48802956762102,-195.3909872994138
train_00069,train,3,B1,-300.0270886640119,281.9095672935477,102.56410572461785
train_00069,train,3,B2,0.060104001721712666,-229.8372032255153,192.8237800400807
train_00069,train,3,B3,300.0289970481844,-52.176950349902505,-295.413176866773
train_00069,train,3,C1,750.6986738805388,282.6036492312697,104.27268905302611
train_00069,train,3,C2,900.7328687451375,-229.14998115971562,194.5391286159303
train_00069,train,3,C3,1050.7184673339825,-51.44926795010335,-293.71160065671427
train_00069,train,4,A1,-750.1013356535549,272.99884746718953,99.43739512913707
train_00069,train,4,A2,-900.1834483451738,-198.89170902584738,167.2111404618321
train_00069,train,4,A3,-1050.407960252123,-34.31298804978609,-195.1096588616883
train_00069,train,4,B1,-299.97151972999166,281.75128185256716,102.31424625517221
train_00069,train,4,B2,-0.12608205383207646,-230.09564237404496,192.24002236915337
train_00069,train,4,B3,299.50824052802824,-52.462653245895666,-296.26129604478297
train_00069,train,4,C1,750.7108578941894,282.04359867372295,103.10516842263227
train_00069,train,4,C2,900.6141386504189,-229.69856070063733,193.1758116342969
train_00069,train,4,C3,1050.133051122192,-52.11337779766547,-295.24530079462244
train_00070,train,0,A1,-967.1829904353579,391.44495163143495,253.4128320066829
train_00070,train,0,A2,-1140.6400432912094,-67.83243956263276,347.5712754184961
train_00070,train,0,A3,-1269.2330559193226,76.583659156564,-31.283478968582738
train_00070,train,0,B1,-479.61052476291786,285.59103496823127,277.65477686100803
train_00070,train,0,B2,-176.44991319289227,-223.67557473974713,371.0645951399248
train_00070,train,0,B3,123.57443384293022,-46.2273853160508,-117.24352982335375
train_00070,train,0,C1,1166.8754874729614,314.3690408571079,287.95982470825885
train_00070,train,0,C2,1228.918730895208,-222.91632824148712,294.63758924302226
train_00070,train,0,C3,1320.0507684430686,-9.038701943695104,-193.7376324652163
train_00070,train,1,A1,-999.9504504571355,273.0019938663551,99.36759677754647
train_00070,train,1,A2,-1149.9999280369025,-198.96989692331186,166.96825077152607
train_00070,train,1,A3,-1299.9943608726546,-34.53386663511095,-195.37651210823128
train_00070,train,1,B1,-300.0337353421733,281.9239029573088,102.55295717241573
train_00070,train,1,B2,-0.01623409152299625,-229.80616325815154,192.85017210255089
train_00070,train,1,B3,300.0346991826881,-52.131988951349676,-295.43984073696816
train_00070,train,1,C1,999.9784700950978,281.89927963645175,102.57724211663763
train_00070,train,1,C2,1150.0467310743018,-229.76817622461147,192.8458042158535
train_00070,train,1,C3,1300.0214240589714,-51.994639756299094,-295.44137425824204
train_00070,train,2,A1,-748.40720501702,273.4918400038338,100.38790913364375
train_00070,train,2,A2,-898.4300706163972,-198.42901112345626,168.09871093766418
train_00070,train,2,A3,-1048.4893865361403,-33.943927847027595,-194.33393465877356
train_00070,train,2,B1,-300.0086256778638,281.93747872640876,102.60361303038204
train_00070,train,2,B2,0.012781263068196259,-229.7855135883149,192.82472336336457
train_00070,train,2,B3,300.01993759873295,-52.077546446080895,-295.37353705912386
train_00070,train,2,C1,999.9810176873422,281.96128765521274,102.61976032485659
train_00070,train,2,C2,1150.0481280000156,-229.72629859819227,192.81920161028526
train_00070,train,2,C3,1299.9972559423468,-52.04094345035484,-295.46523067412994
train_00070,train,3,A1,-748.4377948292006,273.49813932455885,100.42598899540977
train_00070,train,3,A2,-898.4360470466257,-198.4529939020476,168.0622159742356
train_00070,train,3,A3,-1048.4198467663407,-33.955208907640326,-194.35615362698388
train_00070,train,3,B1,-300.06159663611635,281.9107006642284,102.6040984665202
train_00070,train,3,B2,-0.024255120612848964,-229.85020179223935,192.82678307255267
train_00070,train,3,B3,299.93380378217296,-52.09227619266887,-295.45362602359796
train_00070,train,3,C1,749.9848930278854,281.87112438713854,102.67833630029936
train_00070,train,3,C2,899.9930570386166,-229.8455390431462,192.92293590811275
train_00070,train,3,C3,1050.0000308625401,-52.117582215053936,-295.3531079313933
train_00070,train,4,A1,-749.0806869681719,273.114011749019,99.74657351051287
train_00070,train,4,A2,-898.9709741072018,-198.90665126214574,167.33330407069704
train_00070,train,4,A3,-1048.8858155773676,-34.40104942573645,-195.1813324680525
train_00070,train,4,B1,-300.6444895195014,281.67551144558894,102.07720284285962
train_00070,train,4,B2,-0.5652562714151712,-229.97543748109274,192.44568141259558
train_00070,train,4,B3,299.64719259721613,-52.103792358454776,-295.61229788909145
train_00070,train,4,C1,749.3797801703993,281.9331281036069,102.74385608308857
train_00070,train,4,C2,899.4175836103634,-229.7437902996194,193.01564968225387
train_00070,train,4,C3,1049.6319180129788,-51.9909572984609,-295.20433331314604
train_00071,train,0,A1,-1101.3738600431825,36.315604373260406,-180.58338406640027
train_00071,train,0,A2,-1322.89891339891,-406.57302482872063,-112.91676522338643
train_00071,train,0,A3,-1449.3152582092155,-218.48190542080764,-472.7364559800229
train_00071,train,0,B1,-207.20497162000888,538.7702631082846,-24.905071699127866
train_00071,train,0,B2,84.95504989849744,21.86831947578906,61.02638991763617
train_00071,train,0,B3,395.89849319898536,204.94729728170682,-418.3367035001999
train_00071,train,0,C1,944.2181137709549,405.37315145854484,-202.72034218584668
train_00071,train,0,C2,1006.1033933664654,-119.50048797232692,-88.25735073393983
train_00071,train,0,C3,1101.9023330412151,-7.2648255053631905,-608.5830996540012
train_00071,train,1,A1,-1000.0900660380651,272.9673813267122,99.36882085615301
train_00071,train,1,A2,-1150.0340637091979,-199.05721942920025,166.99079981327498
train_00071,train,1,A3,-1300.0571623118635,-34.388767626521634,-195.43472289813377
train_00071,train,1,B1,-299.9617176099553,281.94204454041125,102.63178331767436
train_00071,train,1,B2,0.022211124697978646,-229.80476483990006,192.7991705706932
train_00071,train,1,B3,299.9884182905585,-52.05518547617386,-295.5250532768731
train_00071,train,1,C1,1000.0513898732992,281.88358047095755,102.62511647531868
train_00071,train,1,C2,1149.953138929262,-229.86131901576272,192.88829826742918
train_00071,train,1,C3,1300.0386424234364,-52.11907563575636,-295.5131820840348
train_00071,train,2,A1,-749.8861790302483,272.9841822076628,99.45438867462313
train_00071,train,2,A2,-899.9633431491302,-198.9400363474031,167.03355237173275
train_00071,train,2,A3,-1049.9771889769052,-34.368251120215376,-195.2452185613886
train_00071,train,2,B1,-299.93176687611003,281.9475721716955,102.655426702037
train_00071,train,2,B2,0.03841948314735903,-229.8548520907113,192.84374512055123
train_00071,train,2,B3,300.00372103575455,-52.134249386960576,-295.4415498668222
train_00071,train,2,C1,1000.0444179808272,281.87784108571674,102.63037360038958
train_00071,train,2,C2,1149.9930429639983,-229.8580779132934,192.92135149200757
train_00071,train,2,C3,1300.0185174589312,-52.16009805955734,-295.42054499640756
train_00071,train,3,A1,-749.8876805916694,273.02246153229527,99.44331664733653
train_00071,train,3,A2,-899.9582941885152,-198.96701157130948,167.07958857609282
train_00071,train,3,A3,-1049.9606348205134,-34.36678462996683,-195.27509406315679
train_00071,train,3,B1,-299.96265753015973,281.9215212880688,102.58879272513884
train_00071,train,3,B2,0.014501015813913347,-229.77667981970725,192.8097027820762
train_00071,train,3,B3,300.0552755466077,-52.08744571257357,-295.4926753938451
train_00071,train,3,C1,750.05339936515,281.80132236932644,102.58626228318086
train_00071,train,3,C2,900.0447224465087,-229.95427309146322,192.7613548689189
train_00071,train,3,C3,1049.998157812296,-52.144953818296976,-295.514354162441
train_00071,train,4,A1,-749.9751338559767,273.0487067551273,99.2952108922429
train_00071,train,4,A2,-899.9972080499061,-199.0033822979451,166.99398631492315
train_00071,train,4,A3,-1049.9573446509287,-34.42837034604895,-195.46835932514077
train_00071,train,4,B1,-299.97618681441867,281.9415060460996,102.57972921647335
train_00071,train,4,B2,-0.0017810434132739875,-229.77862417667168,192.79763928658195
train_00071,train,4,B3,300.02799461777244,-52.125489199955034,-295.38135451397477
train_00071,train,4,C1,750.0446296349695,281.82899033319745,102.75769128339371
train_00071,train,4,C2,899.9297944378692,-229.92100117407455,192.92366890038195
train_00071,train,4,C3,1050.0974467182632,-52.14332258217468,-295.24390474073556
train_00072,train,0,A1,-668.481249631019,43.38711997982173,233.7526134731177
train_00072,train,0,A2,-873.5044203111958,-396.84857007804743,352.10137993448865
train_00072,train,0,A3,-1039.9260946147792,-234.01963355408927,-3.8594272244374594
train_00072,train,0,B1,37.47908201532989,57.440091584583605,219.68153058426205
train_00072,train,0,B2,334.51063034618585,-455.6671573677173,312.08176214199375
train_00072,train,0,B3,635.9581720937696,-281.41036002937284,-176.62703060614166
train_00072,train,0,C1,1095.749563005335,130.1501269814534,405.1519217878766
train_00072,train,0,C2,1251.2100559164867,-381.06893505778936,488.900046102598
train_00072,train,0,C3,1399.9438560730646,-195.28360177338794,3.2489024566580125
train_00072,train,1,A1,-1001.0278605991911,273.7089615803277,100.93549095682262
train_00072,train,1,A2,-1150.9997511506176,-198.29073314309565,168.54301929024228
train_00072,train,1,A3,-1300.9519677633589,-33.67268194774734,-193.88503584134014
train_00072,train,1,B1,-300.04373347457886,281.8647027204351,102.59062972235435
train_00072,train,1,B2,0.06370052666031951,-229.86316452182987,192.7948940594445
train_00072,train,1,B3,300.02613111803294,-52.02736666220968,-295.4315962337257
train_00072,train,1,C1,999.947354425134,281.83006253375135,102.57499981839887
train_00072,train,1,C2,1149.9763937471303,-229.79679789394683,192.87623716405767
train_00072,train,1,C3,1299.9528569719475,-52.126209781956206,-295.4651588898768
train_00072,train,2,A1,-750.0797666974969,272.8395585917165,99.30844417611064
train_00072,train,2,A2,-900.0007287877446,-199.1528380257947,166.93774825570773
train_00072,train,2,A3,-1049.9500238500523,-34.629893501208485,-195.50893322685837
train_00072,train,2,B1,-300.0312924818259,281.8713060619442,102.64144933852809
train_00072,train,2,B2,0.01439760997938748,-229.84738253974572,192.78725319301813
train_00072,train,2,B3,299.99231700845854,-52.09154873082001,-295.43170001632967
train_00072,train,2,C1,999.9202972016591,281.88047743766526,102.54384789799198
train_00072,train,2,C2,1149.9795828378988,-229.79365958979898,192.89538755579593
train_00072,train,2,C3,1299.9464327383532,-52.15806334324117,-295.4839616417538
train_00072,train,3,A1,-750.0264669481664,272.75549530844154,99.25344660232349
train_00072,train,3,A2,-900.0035901855601,-199.1796769009448,166.92421308677976
train_00072,train,3,A3,-1050.0282816643544,-34.59151080955162,-195.5197022668978
train_00072,train,3,B1,-300.0035380438807,281.81742624542096,102.56654813702788
train_00072,train,3,B2,0.067093763417826,-229.84029035372936,192.82312294353142
train_00072,train,3,B3,300.08636399739305,-52.031483864325104,-295.42611845222524
train_00072,train,3,C1,750.0031064208579,281.9570492670527,102.62178705052403
train_00072,train,3,C2,899.9947360592296,-229.85261821692416,192.73511879672063
train_00072,train,3,C3,1050.0420528904713,-52.07185455731706,-295.4640914605691
train_00072,train,4,A1,-750.0412598671152,273.00129983709485,99.33599130977368
train_00072,train,4,A2,-899.9957279941781,-199.02199860263835,167.04753834015276
train_00072,train,4,A3,-1049.9766327676512,-34.5158000259184,-195.39911263644572
train_00072,train,4,B1,-300.01328505578175,281.9600413877191,102.59964372556588
train_00072,train,4,B2,0.030543184240570363,-229.7761282667374,192.8535204653054
train_00072,train,4,B3,299.97190581058123,-52.10105629260996,-295.42768766866004
train_00072,train,4,C1,750.0688392299573,281.9261956836628,102.55501535155503
train_00072,train,4,C2,899.9309502052449,-229.84276789321325,192.78072887492115
train_00072,train,4,C3,1050.0269104970416,-52.07522839534217,-295.4642720848492
train_00073,train,0,A1,-681.0109706020896,337.08753502672084,224.85762083431146
train_00073,train,0,A2,-827.9649122827063,-137.74559290667912,278.11766946015115
train_00073,train,0,A3,-1007.641190534168,47.794121130031236,-59.842916460394214
train_00073,train,0,B1,-356.9675211743602,107.26018712247473,-157.94593994953917
train_00073,train,0,B2,66.2577379337253,-312.0286886779979,-86.71006227908666
train_00073,train,0,B3,246.77469011419342,-113.60504867342637,-623.3718618196216
train_00073,train,0,C1,718.720273813492,333.3847638299958,-103.28119435825177
train_00073,train,0,C2,754.1380983432604,-201.53344982055788,-31.457522148486063
train_00073,train,0,C3,979.073239663072,-38.60956135699523,-495.469047215878
train_00073,train,1,A1,-1000.0679651961188,272.8866167629489,99.34562028848191
train_00073,train,1,A2,-1149.9550746770667,-199.07483731528342,167.004722062362
train_00073,train,1,A3,-1300.1104735183699,-34.52568850151495,-195.3561669352051
train_00073,train,1,B1,-299.98377356046194,281.9298299180455,102.62962304435135
train_00073,train,1,B2,0.015438425269068806,-229.77435639092226,192.87833048257892
train_00073,train,1,B3,300.0148614304078,-52.09407029675719,-295.46229924448795
train_00073,train,1,C1,1000.0361612793562,281.93308331096637,102.67370153037322
train_00073,train,1,C2,1149.9644797518106,-229.7881596095095,192.8487792682403
train_00073,train,1,C3,1299.989511273925,-52.07601803709505,-295.39281185925756
train_00073,train,2,A1,-749.9457488932485,272.9344870794335,99.46199311523867
train_00073,train,2,A2,-899.9468782547791,-199.02839911222117,167.28502979021147
train_00073,train,2,A3,-1049.9635111617783,-34.45660026158449,-195.29106451641698
train_00073,train,2,B1,-300.04389761597724,281.89607199959045,102.6120751063043
train_00073,train,2,B2,0.002581070228329558,-229.75170382170856,192.79203620454575
train_00073,train,2,B3,299.9293501669572,-52.09079270464809,-295.4763092004865
train_00073,train,2,C1,999.9867674919234,281.95256700869487,102.61990861839503
train_00073,train,2,C2,1149.997731507758,-229.74978624694396,192.82507970536201
train_00073,train,2,C3,1299.9951803346698,-52.047690327913564,-295.45275270626644
train_00073,train,3,A1,-749.9455470955074,272.95716471770083,99.42649999519026
train_00073,train,3,A2,-899.9439428021805,-199.0015733122607,167.21311084410902
train_00073,train,3,A3,-1049.916744256356,-34.486118098266935,-195.25864574312885
train_00073,train,3,B1,-300.0562154041918,281.83678725587197,102.55458861163083
train_00073,train,3,B2,-0.013640333235301179,-229.85844316602694,192.85296636441473
train_00073,train,3,B3,299.95708684468724,-52.05531066519818,-295.3836718342983
train_00073,train,3,C1,749.9873851757533,281.9706092170457,102.50579037101052
train_00073,train,3,C2,899.9487793005302,-229.7755877985175,192.71071544320705
train_00073,train,3,C3,1049.8835075095049,-52.092819559174785,-295.5797870525464
train_00073,train,4,A1,-749.9815176573036,272.94338322509157,99.40433045245199
train_00073,train,4,A2,-900.0903086204116,-198.97267820119214,167.01441841777307
train_00073,train,4,A3,-1049.9676839792305,-34.42738304363136,-195.4183445800277
train_00073,train,4,B1,-300.01195091204596,281.89228507478504,102.60841317947884
train_00073,train,4,B2,0.02213897848636096,-229.82249777170153,192.80490327967368
train_00073,train,4,B3,299.9782969519732,-52.074611727625296,-295.3914312299866
train_00073,train,4,C1,750.0008114283568,281.81411327625307,102.58908900390506
train_00073,train,4,C2,899.9095757730462,-229.83060153201782,192.80638967127223
train_00073,train,4,C3,1050.052121446273,-52.10952518436578,-295.5165728075558
train_00074,train,0,A1,-1157.063711423385,91.42168753806533,94.8525978278988
train_00074,train,0,A2,-1288.7555064160595,-384.21325852160123,174.1717664369227
train_00074,train,0,A3,-1432.3403904583283,-239.18012654539623,-199.0253024146708
train_00074,train,0,B1,-476.54460978554937,472.51636430231287,-187.34846866234437
train_00074,train,0,B2,-328.68908628926374,-107.80920608984381,-150.845856064081
train_00074,train,0,B3,-64.79189991280923,3.807983676827303,-677.9549499693115
train_00074,train,0,C1,815.5400433110975,290.5668219502005,300.21708292569946
train_00074,train,0,C2,1137.7178998654135,-136.66563569577136,378.57702186445266
train_00074,train,0,C3,1223.6490207437075,104.01801706434189,-97.99212728627121
train_00074,train,1,A1,-999.9638368986629,273.0187265085655,99.34632113363409
train_00074,train,1,A2,-1149.9268766491207,-198.99399510162837,167.102193684484
train_00074,train,1,A3,-1300.0136667728993,-34.46714095261316,-195.28256684392775
train_00074,train,1,B1,-299.96514741162184,281.9094210742656,102.63884535564172
train_00074,train,1,B2,0.01915278716131675,-229.782410550397,192.8855758152844
train_00074,train,1,B3,299.9768102703386,-52.17930830602459,-295.5145609615514
train_00074,train,1,C1,999.9742368693932,281.8962410583646,102.65370098270768
train_00074,train,1,C2,1149.989980721088,-229.87180847390016,192.8374231938197
train_00074,train,1,C3,1300.0750131337866,-52.15244250079422,-295.3552199577656
train_00074,train,2,A1,-749.98135475052,272.9680765919778,99.50472132588611
train_00074,train,2,A2,-900.0017905415207,-199.05119664253013,167.23801667224234
train_00074,train,2,A3,-1050.0244046972496,-34.49675981159686,-195.20244391635683
train_00074,train,2,B1,-299.91560076263306,281.9188274210152,102.5638416501486
train_00074,train,2,B2,-0.04827087014330094,-229.85556821434952,192.91147854118816
train_00074,train,2,B3,300.0368657973606,-52.1275028859652,-295.4386448144649
train_00074,train,2,C1,1000.0140909919696,281.8595309603888,102.6395303613426
train_00074,train,2,C2,1149.993916672989,-229.80641556390205,192.89161696047563
train_00074,train,2,C3,1300.0597545787778,-52.14280252708601,-295.3762292427269
train_00074,train,3,A1,-750.054728462786,272.9795132952393,99.5465605437459
train_00074,train,3,A2,-900.000959464544,-198.97740319777157,167.23196971134305
train_00074,train,3,A3,-1050.0388131111845,-34.49525517349737,-195.12860227900092
train_00074,train,3,B1,-300.00457787461005,281.9167034013691,102.56711542528205
train_00074,train,3,B2,-0.01604291643798418,-229.79045787838362,192.87368975400372
train_00074,train,3,B3,299.9656721421097,-52.18340515935253,-295.38835155508866
train_00074,train,3,C1,750.0902902755258,281.7572331406425,102.76275401451959
train_00074,train,3,C2,899.9609732405244,-230.04845963349982,192.9115404053429
train_00074,train,3,C3,1050.0652486965475,-52.330217321011986,-295.3423387973838
train_00074,train,4,A1,-750.2082418212452,271.1753043267853,98.36702044281417
train_00074,train,4,A2,-900.139071403254,-200.8503441216868,166.11338156669322
train_00074,train,4,A3,-1050.2555995867242,-36.32964132535342,-196.321243947134
train_00074,train,4,B1,-300.2265915146938,280.2052979747742,101.5520967816412
train_00074,train,4,B2,-0.19124582456018216,-231.52717214577868,191.75347875239174
train_00074,train,4,B3,299.8242852283118,-53.778524689725174,-296.50920787843586
train_00074,train,4,C1,749.7941991428684,280.0880601899973,101.68665245856683
train_00074,train,4,C2,899.8188555186648,-231.6058992991782,191.80602210426187
train_00074,train,4,C3,1049.8288400753397,-53.85481494401743,-296.45183128389095
train_00075,train,0,A1,-716.1853236151205,199.78226355399104,19.257293493914577
train_00075,train,0,A2,-844.3226932941664,-282.3992341490016,50.034300141926906
train_00075,train,0,A3,-1039.7907566398974,-85.74990259777475,-272.5472877497901
train_00075,train,0,B1,-402.06571435500894,47.61406432663367,-95.51455119454762
train_00075,train,0,B2,20.252350993490296,-357.3500287669368,37.08588428851161
train_00075,train,0,B3,189.846422182052,-254.7838023466082,-529.244213630532
train_00075,train,0,C1,932.509921050697,93.73601519291928,211.26055430411978
train_00075,train,0,C2,1024.5440914097712,-436.9454696172857,260.4438696102664
train_00075,train,0,C3,1343.331966992162,-204.01837647259197,-109.18294406621766
train_00075,train,1,A1,-999.997696275096,272.9852409694976,99.28590937228465
train_00075,train,1,A2,-1149.9476066525115,-198.9839750678289,166.88686606626527
train_00075,train,1,A3,-1300.000924914402,-34.35484475828256,-195.4734465484748
train_00075,train,1,B1,-299.98501475288094,281.9734783157974,102.6303137102331
train_00075,train,1,B2,0.036048984165269825,-229.77078728618568,192.83355576314753
train_00075,train,1,B3,300.01753643270376,-52.077093126694855,-295.3663759106816
train_00075,train,1,C1,1000.6900403002037,281.50734988991695,104.5015117209775
train_00075,train,1,C2,1150.5897085481067,-230.12975891886475,194.66814168158885
train_00075,train,1,C3,1300.6143328192572,-52.524051882125725,-293.593565448242
train_00075,train,2,A1,-749.93438649178,272.99681197664273,99.33388809858015
train_00075,train,2,A2,-900.0185150342893,-198.9740683941531,166.9537503610785
train_00075,train,2,A3,-1049.9159240910394,-34.43941556059776,-195.48300526921992
train_00075,train,2,B1,-299.96150541289074,281.8700195993294,102.56601883675225
train_00075,train,2,B2,0.05665134408015934,-229.75949801787016,192.86241158791105
train_00075,train,2,B3,300.10761824217093,-52.120687414756624,-295.40140619917554
train_00075,train,2,C1,1000.6300727619986,281.49114350151626,104.48504345042812
train_00075,train,2,C2,1150.619902849099,-230.22319866747543,194.68412688824174
train_00075,train,2,C3,1300.6183891837138,-52.53698221497064,-293.53371856297093
train_00075,train,3,A1,-749.9412295220278,272.96836000173664,99.34151664684958
train_00075,train,3,A2,-899.9877617028685,-198.97713431861072,166.99132885314958
train_00075,train,3,A3,-1049.939339327063,-34.40416602774351,-195.5011446123457
train_00075,train,3,B1,-299.9890425266563,281.91229749906717,102.60645525492161
train_00075,train,3,B2,-0.012366464314873378,-229.77271052263185,192.8947496441863
train_00075,train,3,B3,300.02297363015276,-52.07999838909259,-295.3975091394002
train_00075,train,3,C1,749.9889341438062,282.0590238709301,102.66021931987495
train_00075,train,3,C2,900.050328623864,-229.65569667333716,192.9575778787323
train_00075,train,3,C3,1050.1004899050022,-51.95614511509223,-295.3195423972982
train_00075,train,4,A1,-749.992753724265,273.00155497271896,99.3526325477057
train_00075,train,4,A2,-900.0272566195854,-198.98741258164986,167.0750951808136
train_00075,train,4,A3,-1050.028722441363,-34.446727163384594,-195.39392983804998
train_00075,train,4,B1,-300.01756685748364,281.84316080533864,102.54812231810693
train_00075,train,4,B2,-0.004771658961731728,-229.82624041064523,192.83190486051092
train_00075,train,4,B3,300.01540366987103,-52.12175373829897,-295.4364202971048
train_00075,train,4,C1,749.9562314422059,282.01094287830495,102.5467550088641
train_00075,train,4,C2,900.0021440576775,-229.67331066212373,192.89640814332063
train_00075,train,4,C3,1050.0047247175496,-52.025827892727,-295.4569352795812
train_00076,train,0,A1,-1125.9144118017416,507.4334375859726,-25.971736176489514
train_00076,train,0,A2,-1263.468677079282,28.488314934846514,-65.12843343582458
train_00076,train,0,A3,-1296.4187845953597,234.759080578988,-435.7567240292422
train_00076,train,0,B1,31.800348706286442,163.56518678769586,257.1274962374267
train_00076,train,0,B2,208.61336876295687,-409.1260493744745,229.293854213494
train_00076,train,0,B3,644.6241289087516,-179.28304365147332,-112.88407754986497
train_00076,train,0,C1,819.9336758255406,543.3559889458702,-66.75981275183956
train_00076,train,0,C2,814.0186740378379,19.5056832854684,67.62261751940395
train_00076,train,0,C3,913.4399604591533,98.31146505965467,-458.2239635349931
train_00076,train,1,A1,-1000.028880363529,272.8755821799616,99.43230320452545
train_00076,train,1,A2,-1149.9568650467384,-199.14285454158434,166.96065287418566
train_00076,train,1,A3,-1300.0301895973616,-34.458968642472904,-195.39730968499532
train_00076,train,1,B1,-299.9890336167353,281.9444160978852,102.62271579456299
train_00076,train,1,B2,-0.06093564893074618,-229.82519842550792,192.83028988950105
train_00076,train,1,B3,299.99759631854636,-52.07635272483589,-295.448400122457
train_00076,train,1,C1,999.9982602575731,281.87453305341427,102.60897605916037
train_00076,train,1,C2,1149.997198870037,-229.8905105848498,192.7575178213199
train_00076,train,1,C3,1299.991308251377,-52.03784394884366,-295.48193848625897
train_00076,train,2,A1,-749.9133777054253,273.1019444876489,99.39729762332911
train_00076,train,2,A2,-900.0883453240126,-198.92567939596776,167.08197815855823
train_00076,train,2,A3,-1049.9900375583138,-34.327936859020724,-195.35404585796098
train_00076,train,2,B1,-299.93175548220177,281.9259016613371,102.61994321909113
train_00076,train,2,B2,-0.024805924750729864,-229.82796743062607,192.82170552813784
train_00076,train,2,B3,299.9594850064136,-52.07379668825463,-295.457311093712
train_00076,train,2,C1,999.9189627181258,281.8577814265787,102.63236106434395
train_00076,train,2,C2,1150.0015492837751,-229.82985186575596,192.7620141646659
train_00076,train,2,C3,1300.0292688341679,-52.05231908492298,-295.4383315834875
train_00076,train,3,A1,-749.9274929443803,273.08859967893284,99.39720160663052
train_00076,train,3,A2,-900.045225993893,-198.90791837134884,167.07791897614158
train_00076,train,3,A3,-1049.9657304990683,-34.33456594484179,-195.3655515794202
train_00076,train,3,B1,-300.0248436564766,281.93050282579395,102.62694171514698
train_00076,train,3,B2,-0.01995831890013735,-229.78612199610174,192.8151266048909
train_00076,train,3,B3,299.9020876597293,-52.06317293756735,-295.4702420894987
train_00076,train,3,C1,750.0319566030244,281.7438425728045,102.51375534194877
train_00076,train,3,C2,899.9925739616098,-229.94550771379429,192.66188249474433
train_00076,train,3,C3,1049.907991469406,-52.227179334709,-295.50580785358545
train_00076,train,4,A1,-749.2066802257292,271.2660107249049,98.48000082622788
train_00076,train,4,A2,-899.2546466488368,-200.68983549099624,166.23415467151293
train_00076,train,4,A3,-1049.1390372762285,-36.1576307219,-196.2763108954322
train_00076,train,4,B1,-299.1951482073072,280.1552226651647,101.87345194198342
train_00076,train,4,B2,0.7790423679813918,-231.55793137057643,191.98968176253115
train_00076,train,4,B3,300.7794605065963,-53.796210144393406,-296.15742877493835
train_00076,train,4,C1,750.8079042858267,280.1556629704245,101.88668784686685
train_00076,train,4,C2,900.819162754167,-231.6011269996904,192.0157374099812
train_00076,train,4,C3,1050.7923027403792,-53.90375525910488,-296.2381494169022
train_00077,train,0,A1,-1284.2493641477943,-29.933002307685772,398.7054612842552
train_00077,train,0,A2,-1443.9028838688562,-497.9029739033536,325.29196664658434
train_00077,train,0,A3,-1502.7744163134068,-253.75553922933824,-17.928958210382316
train_00077,train,0,B1,-144.95169871996146,151.68045823627395,15.280527427904591
train_00077,train,0,B2,176.55361680180891,-354.3732319427054,-10.116633560504386
train_00077,train,0,B3,418.5513691785663,-87.52100226013762,-489.95839583243236
train_00077,train,0,C1,878.3906196430062,569.0672697036248,159.73298766474014
train_00077,train,0,C2,1067.2093540329622,79.71867840873743,291.5609737060176
train_00077,train,0,C3,1221.3831938589253,235.98632463957227,-202.65312705764848
train_00077,train,1,A1,-999.9810568029159,273.0031005645955,99.31553817497326
train_00077,train,1,A2,-1149.9748664119293,-198.96913210985528,167.01099540941544
train_00077,train,1,A3,-1299.975302869623,-34.44912604016058,-195.3938246877578
train_00077,train,1,B1,-299.973190895017,281.97776280477234,102.539976223688
train_00077,train,1,B2,-0.02415060225694375,-229.81457428966618,192.86202706014265
train_00077,train,1,B3,299.97737513613316,-52.12872791159968,-295.43033858955033
train_00077,train,1,C1,1000.0859802183478,281.9271739470032,102.57696056306453
train_00077,train,1,C2,1150.0444159270985,-229.7520231402359,192.92629077390555
train_00077,train,1,C3,1300.0120002743163,-52.0851939264832,-295.3960684365728
train_00077,train,2,A1,-749.6707603963893,274.8216247068695,100.1920141786793
train_00077,train,2,A2,-899.7569344550853,-197.11445216725818,167.87663428635403
train_00077,train,2,A3,-1049.7443358884032,-32.48091398275946,-194.56230052944818
train_00077,train,2,B1,-299.99193147884944,281.96667895672255,102.4891015507475
train_00077,train,2,B2,0.001411003815746311,-229.7524658122367,192.78725223847988
train_00077,train,2,B3,299.98573615561196,-52.10227064804999,-295.4687632008427
train_00077,train,2,C1,1000.0049403244188,281.9126574163366,102.63796749274661
train_00077,train,2,C2,1150.003703374974,-229.78808673170994,192.8846230994738
train_00077,train,2,C3,1299.9625795459315,-52.064613140676286,-295.4381974617504
train_00077,train,3,A1,-749.6814192494107,274.85009587584426,100.23733753393628
train_00077,train,3,A2,-899.8111695938627,-197.0568650773075,167.79377078582283
train_00077,train,3,A3,-1049.7443609229997,-32.44311323225004,-194.6255843160004
train_00077,train,3,B1,-299.9594856320396,282.0439801599984,102.52141874657009
train_00077,train,3,B2,-0.03727069856570938,-229.74882560479404,192.84353837079212
train_00077,train,3,B3,299.98154868334024,-52.158620194907336,-295.4896444774857
train_00077,train,3,C1,749.9939221784346,281.9555123161381,102.49979246338488
train_00077,train,3,C2,899.9479459990714,-229.69455129926513,192.80621417145542
train_00077,train,3,C3,1050.0110403261478,-52.12188279424756,-295.4180632509608
train_00077,train,4,A1,-750.0770014701989,273.4179320567405,99.54827730945203
train_00077,train,4,A2,-899.7370348784478,-198.6280855786447,167.2424094888383
train_00077,train,4,A3,-1049.6656451555277,-34.18662866874096,-195.2623406234975
train_00077,train,4,B1,-300.3869001680535,281.0323787859434,102.13685440413222
train_00077,train,4,B2,0.11571541928599723,-230.40296377315158,192.45657390811868
train_00077,train,4,B3,300.1237624017756,-52.552435470685516,-295.67273359962877
train_00077,train,4,C1,749.6138623763214,281.99728057679215,102.53368456520619
train_00077,train,4,C2,900.019375046318,-229.58285440096643,192.90001914663827
train_00077,train,4,C3,1050.173331839087,-51.83958175732938,-295.35035326523496
train_00078,train,0,A1,-739.7220278696847,165.5287643721834,-45.2974795781253
train_00078,train,0,A2,-911.1111180558916,-300.13435562232394,14.319252037541514
train_00078,train,0,A3,-1070.1146671001736,-115.07553619569516,-334.105731374763
train_00078,train,0,B1,-211.04151148232614,35.74603336140187,238.67272933143852
train_00078,train,0,B2,92.152984397624,-473.7435097660676,330.27775482760467
train_00078,train,0,B3,389.82974168243356,-296.36011399969533,-159.55786076892582
train_00078,train,0,C1,1085.7983929069064,346.1635903979515,-95.05866358154725
train_00078,train,0,C2,1235.0780497667329,-172.93220601314883,-67.31509494156705
train_00078,train,0,C3,1307.1282932725,38.10724479893264,-559.9330739330177
train_00078,train,1,A1,-999.9964719807633,272.9835911059396,99.39118029100699
train_00078,train,1,A2,-1150.0536218950822,-198.97446874109733,166.90766421063242
train_00078,train,1,A3,-1300.0342347679132,-34.41343687163077,-195.43362512388492
train_00078,train,1,B1,-300.03679342672183,281.9226660901501,102.51533716148745
train_00078,train,1,B2,-0.023191678729263306,-229.79302087400552,192.74712763232597
train_00078,train,1,B3,299.97134849882144,-52.11296031247385,-295.5880975027448
train_00078,train,1,C1,1000.0241669987001,281.9056490744044,102.54480420448726
train_00078,train,1,C2,1149.986739847827,-229.83416414613288,192.75787271186013
train_00078,train,1,C3,1299.946899290279,-52.10868517678211,-295.44459341930747
train_00078,train,2,A1,-749.9576330273792,272.943447887309,99.21351129082528
train_00078,train,2,A2,-900.0416441306819,-199.04738228892157,166.9400505745728
train_00078,train,2,A3,-1050.035188072194,-34.46552992305743,-195.42080139767683
train_00078,train,2,B1,-300.06130153915063,281.82938576520695,102.50149711473742
train_00078,train,2,B2,-0.0933318707453351,-229.83844420737753,192.76432444436122
train_00078,train,2,B3,299.9730877600146,-52.141781465218195,-295.46998329960775
train_00078,train,2,C1,1000.0415139039222,281.8903778961151,102.58896821796735
train_00078,train,2,C2,1149.9475499700425,-229.781581986183,192.83729101294026
train_00078,train,2,C3,1299.9957434502473,-52.133320650621975,-295.4391969542499
train_00078,train,3,A1,-749.9708095255116,272.9794964597151,99.22816936788473
train_00078,train,3,A2,-899.9842959446386,-198.9643601203876,166.98969471667294
train_00078,train,3,A3,-1049.9646344265316,-34.52434441771957,-195.46314750541302
train_00078,train,3,B1,-300.0612759222129,281.91587155648756,102.51596051819935
train_00078,train,3,B2,-0.030519804836053797,-229.77165316658076,192.8169085462259
train_00078,train,3,B3,299.9942879099817,-52.11179887006227,-295.4975026713876
train_00078,train,3,C1,749.9414667023759,281.8796945412376,102.57599435143919
train_00078,train,3,C2,899.9641567933444,-229.92335936933205,192.77136373470415
train_00078,train,3,C3,1049.9137410164337,-52.144383425074864,-295.47022066229914
train_00078,train,4,A1,-748.9864125011629,271.22651582262034,99.25516108011338
train_00078,train,4,A2,-898.9500338899155,-200.74783349639208,166.94691847077326
train_00078,train,4,A3,-1048.913557402885,-36.22358060631076,-195.47215695763902
train_00078,train,4,B1,-299.049390925221,280.1855888353922,102.5149469855968
train_00078,train,4,B2,1.0107935790686857,-231.49542451055763,192.82693458860038
train_00078,train,4,B3,301.03765265369674,-53.78382030054157,-295.4888845371884
train_00078,train,4,C1,750.9558231957029,280.1584579199819,102.63393536091098
train_00078,train,4,C2,901.0045558832516,-231.5833560711946,192.9012489201307
train_00078,train,4,C3,1051.0524599998987,-53.75538715241802,-295.4191221129602
train_00079,train,0,A1,-818.0209238496927,206.20643157013143,-77.31786871644991
train_00079,train,0,A2,-967.7321290333534,-268.1301423954597,-27.739256726461896
train_00079,train,0,A3,-1099.5224157429036,-96.80180614568641,-394.07399241804296
train_00079,train,0,B1,-529.3139021924808,29.364596147841752,-201.46904108229512
train_00079,train,0,B2,-277.23458231474916,-504.56832891588317,-95.1947518921873
train_00079,train,0,B3,95.53015005894747,-331.2786221946521,-532.2783280456049
train_00079,train,0,C1,738.7384477699679,576.8183316157493,-110.07952921384384
train_00079,train,0,C2,909.0302009166519,89.44348313393034,50.88344001258576
train_00079,train,0,C3,1027.2719139365176,190.44602597955745,-467.1056150046372
train_00079,train,1,A1,-1000.0056741252042,272.9579690843703,99.36485137798631
train_00079,train,1,A2,-1150.033976286703,-199.04899101356082,166.969461273733
train_00079,train,1,A3,-1299.960963011577,-34.4911153261639,-195.45063644747881
train_00079,train,1,B1,-299.9578125976119,281.9102196554881,102.58356940494082
train_00079,train,1,B2,0.017670479275289024,-229.7913695154268,192.8086353608803
train_00079,train,1,B3,300.0197685938889,-52.04620701763598,-295.41031326890004
train_00079,train,1,C1,999.9637787125,281.96237001765087,102.68983958655096
train_00079,train,1,C2,1150.0286812783384,-229.80452751453572,192.80432646709963
train_00079,train,1,C3,1300.0346707795861,-52.076851244023125,-295.44673875116735
train_00079,train,2,A1,-749.9279274584619,273.01127334785804,99.37414529848509
train_00079,train,2,A2,-899.9504040879087,-198.94288566780565,167.0322953959815
train_00079,train,2,A3,-1049.9121373501232,-34.42325218932009,-195.4267055254644
train_00079,train,2,B1,-299.96757734991286,281.9466225088399,102.58998189193373
train_00079,train,2,B2,-0.023497141679563245,-229.79715681894766,192.79414132022944
train_00079,train,2,B3,300.0428613295984,-52.08999546266006,-295.42081415399485
train_00079,train,2,C1,999.980822420624,281.9223658321903,102.6189748721703
train_00079,train,2,C2,1149.9778295953897,-229.74600426644605,192.78986626939925
train_00079,train,2,C3,1299.9216856235266,-52.045504365192194,-295.3791618270576
train_00079,train,3,A1,-749.8965126627343,273.01098186037706,99.34707392439263
train_00079,train,3,A2,-899.966628159845,-198.94339268460462,166.9944097338714
train_00079,train,3,A3,-1049.8897899123629,-34.429809014495824,-195.4441842075342
train_00079,train,3,B1,-299.93082767530746,281.99475758792244,102.60802435410784
train_00079,train,3,B2,-0.011137480189538574,-229.84876892806798,192.83193628943397
train_00079,train,3,B3,299.9741250468394,-52.06967341008189,-295.46021590871277
train_00079,train,3,C1,750.0050297539865,281.9723670917493,102.65755774687885
train_00079,train,3,C2,900.0225518413345,-229.8043975414035,192.94219726115907
train_00079,train,3,C3,1050.122138317238,-52.03936719834408,-295.344602875365
train_00079,train,4,A1,-749.9264973821821,272.9542852246627,99.33647032400658
train_00079,train,4,A2,-899.9679188719568,-198.99936075722457,166.96767515402888
train_00079,train,4,A3,-1049.9968930138782,-34.47050322000258,-195.34346397894592
train_00079,train,4,B1,-300.01285433896265,281.8969653322289,102.53737893367843
train_00079,train,4,B2,-0.039583263749956445,-229.77425373267107,192.7954619298545
train_00079,train,4,B3,300.0415346363488,-52.12707092941581,-295.50765942427233
train_00079,train,4,C1,749.9836382581462,281.9157534242561,102.55495263098655
train_00079,train,4,C2,899.9766880892158,-229.83338039853237,192.85093475558938
train_00079,train,4,C3,1050.0734357446997,-51.99532875939913,-295.34952457866603
train_00080,train,0,A1,-755.749804417378,292.9535429186024,132.85145782339706
train_00080,train,0,A2,-910.7387299945989,-178.76704966370414,190.09549456158743
train_00080,train,0,A3,-1061.7529687653278,-3.601685595385607,-166.8118086476955
train_00080,train,0,B1,-205.83380192661406,106.76161637098147,-145.00594618270037
train_00080,train,0,B2,197.9908330443909,-289.65753758680415,54.39113265252015
train_00080,train,0,B3,498.0867965527453,-116.92152979584597,-435.55723119386164
train_00080,train,0,C1,1006.4098980901725,-33.27010345794161,1.9581677152700112
train_00080,train,0,C2,1021.1914998628401,-573.8177649552185,-9.622331884644739
train_00080,train,0,C3,1241.2829518758779,-350.25891524359344,-450.1827470728226
train_00080,train,1,A1,-1000.0036479826589,273.0094453456474,99.37574226202533
train_00080,train,1,A2,-1150.0537725459508,-198.99057150146558,167.03287572609062
train_00080,train,1,A3,-1300.002469069859,-34.54709781524137,-195.4186231264489
train_00080,train,1,B1,-300.0282549905773,281.9404647826391,102.53483091602857
train_00080,train,1,B2,0.02715123872809238,-229.76740623748512,192.7469289753038
train_00080,train,1,B3,300.01973091115195,-51.985794731877235,-295.4256810644816
train_00080,train,1,C1,999.9509451891031,281.9548559070488,102.6072516636854
train_00080,train,1,C2,1149.9666011900836,-229.69274240571738,192.86246529450756
train_00080,train,1,C3,1299.9968041063964,-52.03189246057087,-295.43268159738363
train_00080,train,2,A1,-749.9663458679498,272.99595074766916,99.3355503321128
train_00080,train,2,A2,-899.9518940060219,-199.02958763342608,166.80198458725224
train_00080,train,2,A3,-1050.001050203689,-34.36475710268754,-195.51499840095477
train_00080,train,2,B1,-300.0790035331414,282.0283411848233,102.59994367326631
train_00080,train,2,B2,-0.0154038324488129,-229.77714010756966,192.7430290721272
train_00080,train,2,B3,299.93970282693977,-51.97860707008055,-295.4880648606444
train_00080,train,2,C1,999.9877669715321,282.017473241039,102.66526327434275
train_00080,train,2,C2,1149.9947990171172,-229.7221157226276,192.84558323724423
train_00080,train,2,C3,1299.9840993178839,-51.953138445301455,-295.49311106964745
train_00080,train,3,A1,-750.0009108518649,272.99200070161965,99.31487217049514
train_00080,train,3,A2,-899.9358876251135,-199.07181742846643,166.8376162549275
train_00080,train,3,A3,-1049.9904518702208,-34.39336472242517,-195.48563953173445
train_00080,train,3,B1,-300.0313331805708,281.9679661593259,102.62618404428561
train_00080,train,3,B2,-0.0092114256586717,-229.75521514874595,192.77503790680643
train_00080,train,3,B3,300.0143458529135,-52.08539485787416,-295.5271716924153
train_00080,train,3,C1,749.9272811448143,281.9682230018543,102.57030677223104
train_00080,train,3,C2,899.9954242589255,-229.79302839818047,192.7827851588845
train_00080,train,3,C3,1050.0289289793984,-51.95291286175442,-295.50259500419287
train_00080,train,4,A1,-750.0254836496376,273.0014022651095,99.2916302067048
train_00080,train,4,A2,-899.9580084096549,-199.01976987185964,166.8975568918314
train_00080,train,4,A3,-1049.9152604312494,-34.40121269805568,-195.53340637153468
train_00080,train,4,B1,-300.0022162036013,281.9509926960746,102.50547916046997
train_00080,train,4,B2,-0.08923898597607637,-229.82294198260615,192.8608924672867
train_00080,train,4,B3,300.02603994530705,-52.11344892966746,-295.4674028957024
train_00080,train,4,C1,749.9335496955223,281.909388320463,102.61685102338966
train_00080,train,4,C2,899.9078764071091,-229.79150544058777,192.85667354923967
train_00080,train,4,C3,1049.9397693681774,-52.064910591007596,-295.3572279626697
train_00081,train,0,A1,-949.7223612674876,352.38123039418645,-201.3637338310756
train_00081,train,0,A2,-1131.8098316536698,-103.6314142001341,-108.21913668201695
train_00081,train,0,A3,-1259.6516786861944,45.033858183046554,-485.63632291453797
train_00081,train,0,B1,-440.97720132149016,556.5154768753337,-37.83600407093108
train_00081,train,0,B2,-143.4408413552287,43.15282604474467,51.34758332163252
train_00081,train,0,B3,155.92683049438472,219.33762878272714,-437.7442367031719
train_00081,train,0,C1,796.8437469648837,13.596174924392534,190.87884592675294
train_00081,train,0,C2,1003.6100795439947,-480.99717761893726,262.22494299165
train_00081,train,0,C3,1159.1693713994848,-255.8219747877158,-204.18772860957085
train_00081,train,1,A1,-1000.0015501758874,272.9952966127543,99.42970050849058
train_00081,train,1,A2,-1150.0515394497645,-199.05239024029396,167.12365086439758
train_00081,train,1,A3,-1300.040507608217,-34.467342873816236,-195.2309413679386
train_00081,train,1,B1,-299.9663873054677,281.92930337517083,102.63283974645441
train_00081,train,1,B2,0.10564579503980484,-229.87187880420944,192.83926090882088
train_00081,train,1,B3,299.98485205026066,-52.19187213262819,-295.467600236715
train_00081,train,1,C1,999.1188655688486,283.26680949685976,103.81020223980873
train_00081,train,1,C2,1149.1576093593449,-228.52051548407468,194.0708847443265
train_00081,train,1,C3,1299.0635839424917,-50.81690319511177,-294.23875747153454
train_00081,train,2,A1,-749.8773607800795,272.99191137175256,99.54311433953575
train_00081,train,2,A2,-899.9532462244521,-198.9799280348636,167.21810847897368
train_00081,train,2,A3,-1049.9111605554779,-34.44821956811965,-195.20460272229332
train_00081,train,2,B1,-299.91562592621784,281.80236081703634,102.59137630923445
train_00081,train,2,B2,0.061083534180024726,-229.87606534797868,192.80851327030007
train_00081,train,2,B3,300.06246272722996,-52.17573184867167,-295.52708498420276
train_00081,train,2,C1,999.1331195850975,283.21447574217405,103.79447928408642
train_00081,train,2,C2,1149.1246242233817,-228.48607325409026,194.05032893794942
train_00081,train,2,C3,1299.0640893627049,-50.871073686967286,-294.2807799332145
train_00081,train,3,A1,-749.8798875500431,272.9153154292651,99.48967484565453
train_00081,train,3,A2,-899.9388710919787,-199.03362798339955,167.19650184315233
train_00081,train,3,A3,-1049.9507985039454,-34.50195777623564,-195.16362017082926
train_00081,train,3,B1,-299.92747555703534,281.82051737272974,102.60317983990849
train_00081,train,3,B2,0.07136996244916032,-229.8703238870276,192.7446437183195
train_00081,train,3,B3,300.0079379494098,-52.1044202406603,-295.4733272277815
train_00081,train,3,C1,750.0269486301514,281.8711256747116,102.55773974491655
train_00081,train,3,C2,900.0743073584341,-229.79593757185614,192.77860740861396
train_00081,train,3,C3,1050.0806315081586,-52.14256405326356,-295.48927306985416
train_00081,train,4,A1,-749.905958560522,272.9980816979212,99.43812166930266
train_00081,train,4,A2,-899.9688314899951,-198.95196788156542,167.08222507941647
train_00081,train,4,A3,-1049.905594656715,-34.37307281008399,-195.40649974426645
train_00081,train,4,B1,-299.9736475193735,281.8627989900243,102.5461310508886
train_00081,train,4,B2,-0.012770372207908647,-229.78184426712937,192.7806000713401
train_00081,train,4,B3,300.0281870440594,-52.10967538470566,-295.5227724611221
train_00081,train,4,C1,749.9581048780004,281.9637991590898,102.63103793338055
train_00081,train,4,C2,899.9696692794894,-229.80065229348273,192.8642272414569
train_00081,train,4,C3,1050.0390482688701,-52.10003883510048,-295.33829304836365
train_00082,train,0,A1,-626.7610509946514,86.15438129973606,-69.71760093408328
train_00082,train,0,A2,-946.1844976811002,-296.9046185301311,-36.365614961216785
train_00082,train,0,A3,-1033.078698987578,-45.24547097187752,-368.1580179559341
train_00082,train,0,B1,-94.58888554169954,380.13916817586954,-62.224529647714476
train_00082,train,0,B2,195.57293660204633,-123.61683530578442,86.48893840945495
train_00082,train,0,B3,484.68560022296293,-19.89968453246201,-428.8726729841781
train_00082,train,0,C1,1303.2668136494158,253.2465100900624,-27.308511043901266
train_00082,train,0,C2,1450.8403530483686,-262.5120721517385,40.93636356104381
train_00082,train,0,C3,1621.5995911033738,-57.689172552100906,-429.6460208020511
train_00082,train,1,A1,-999.968652342699,272.9721957934363,99.43920334896472
train_00082,train,1,A2,-1149.9413015228947,-198.98775568773652,167.11384869304226
train_00082,train,1,A3,-1300.0271549985634,-34.484327014066146,-195.2566935292161
train_00082,train,1,B1,-300.0572217008984,281.95688750039733,102.5782929750004
train_00082,train,1,B2,-0.04700107825722813,-229.80355992814137,192.80613259448893
train_00082,train,1,B3,299.971674187088,-52.0833109668338,-295.48527403727917
train_00082,train,1,C1,1000.0129071716957,281.8210523274755,102.5450655345278
train_00082,train,1,C2,1149.9497149787744,-229.9241543725465,192.81793800172645
train_00082,train,1,C3,1299.9843664512064,-52.20220320517933,-295.4744957903157
train_00082,train,2,A1,-750.0150471536817,272.943935382224,99.33326638529887
train_00082,train,2,A2,-900.1281144340804,-199.05268800777682,166.93284137752295
train_00082,train,2,A3,-1050.0039822014362,-34.46319703027155,-195.52751772142028
train_00082,train,2,B1,-299.9997549446576,281.9221751547221,102.59595610512251
train_00082,train,2,B2,-0.013964386068468107,-229.7691523329288,192.86779213410313
train_00082,train,2,B3,299.9688630610574,-52.069900880183624,-295.4362832685133
train_00082,train,2,C1,1000.0166578688861,281.8592579739955,102.60052706873708
train_00082,train,2,C2,1149.9534849820361,-229.86438217330925,192.84357560934367
train_00082,train,2,C3,1300.0936256796904,-52.23443957505677,-295.38328979047463
train_00082,train,3,A1,-750.0578913217736,272.98932784104755,99.26682963470317
train_00082,train,3,A2,-900.1375642617247,-199.0562109672092,166.96179045101465
train_00082,train,3,A3,-1049.9870343336495,-34.48648512860453,-195.51630769609585
train_00082,train,3,B1,-300.033501158346,281.9389628989552,102.62256426833416
train_00082,train,3,B2,-0.046959966336799476,-229.85443315279707,192.85163741473806
train_00082,train,3,B3,299.98387241261054,-52.08256729186616,-295.42718333249906
train_00082,train,3,C1,749.9886065610688,281.959986972435,102.58340605252181
train_00082,train,3,C2,900.0556053030242,-229.7840795693793,192.76331107761334
train_00082,train,3,C3,1049.9349875852017,-52.03861123569536,-295.51914268189125
train_00082,train,4,A1,-750.0863885242159,272.87332272735847,99.32389643615927
train_00082,train,4,A2,-900.0939673672632,-199.04267866715276,167.01829023853574
train_00082,train,4,A3,-1050.0266114700398,-34.52734248267464,-195.47647331318146
train_00082,train,4,B1,-299.99687124470444,281.87973167902487,102.64394213860302
train_00082,train,4,B2,0.017768098897135966,-229.86141838028183,192.85905578154026
train_00082,train,4,B3,299.9913179212664,-52.10698499448729,-295.39638364893153
train_00082,train,4,C1,749.9732331997009,281.93038658769103,102.5523019434138
train_00082,train,4,C2,900.0549908975132,-229.78643427251728,192.84663978673552
train_00082,train,4,C3,1049.9266830475565,-52.023040835248395,-295.5345748257769
train_00083,train,0,A1,-995.3016924374236,-58.15290936437269,-114.01640535556378
train_00083,train,0,A2,-1140.16491114155,-530.7355927783267,-39.667042845287476
train_00083,train,0,A3,-1291.8622231048787,-372.96861944102017,-404.4208725999285
train_00083,train,0,B1,-418.4258441054601,138.24015285472112,143.2395516406558
train_00083,train,0,B2,-30.602891801057257,-308.1531546686375,244.87605063693894
train_00083,train,0,B3,302.5265469757373,-8.84788142584663,-154.38100669024936
train_00083,train,0,C1,1027.4580092150318,206.02011392353734,-173.61822711693603
train_00083,train,0,C2,1275.1841875815237,-274.07449995250767,-199.7507300325657
train_00083,train,0,C3,1450.8354780816294,71.50000184895659,-576.9855563387637
train_00083,train,1,A1,-1000.0411319291929,272.9842895290082,99.31352125628966
train_00083,train,1,A2,-1149.9965138139373,-198.98913524417893,166.93243172880662
train_00083,train,1,A3,-1300.0228927988617,-34.496914914577246,-195.4775998241259
train_00083,train,1,B1,-300.0226788901665,281.9268111888695,102.49218822468646
train_00083,train,1,B2,-0.06780370134355394,-229.7414601180641,192.79115514821063
train_00083,train,1,B3,300.0403428050499,-52.07349157068929,-295.4097728014014
train_00083,train,1,C1,1000.0104221620894,281.94083545597084,102.40624521842655
train_00083,train,1,C2,1150.0281473084672,-229.81270332928966,192.6494023094307
train_00083,train,1,C3,1299.9869117771493,-52.06643726917427,-295.7050504637115
train_00083,train,2,A1,-749.4047750504369,274.43061941398037,97.8267269231021
train_00083,train,2,A2,-899.4389611179829,-197.5278851257852,165.51738202980056
train_00083,train,2,A3,-1049.298594991459,-32.986736571430946,-196.93151592182681
train_00083,train,2,B1,-300.03272474679807,281.98410997847304,102.54700412269624
train_00083,train,2,B2,-0.013517172194166305,-229.74301708448868,192.8352341009109
train_00083,train,2,B3,299.98056724438953,-52.076168478730864,-295.4454858898772
train_00083,train,2,C1,999.9952844796095,281.9982432518988,102.43906106536276
train_00083,train,2,C2,1150.051259722283,-229.8157447626792,192.73456405450258
train_00083,train,2,C3,1300.0034732241188,-52.12014508142643,-295.640642168463
train_00083,train,3,A1,-749.3546988657708,274.40883845908473,97.78836366954198
train_00083,train,3,A2,-899.436194369021,-197.57037446223632,165.55853231463817
train_00083,train,3,A3,-1049.3348547133492,-32.9794515740289,-196.9998031514134
train_00083,train,3,B1,-300.0481019765299,281.8784344177914,102.52701040245559
train_00083,train,3,B2,-0.031426164823978614,-229.71348944782622,192.79581979273266
train_00083,train,3,B3,300.06130060833925,-52.01381550575841,-295.46928611635707
train_00083,train,3,C1,749.9122313492975,281.990265525303,102.64238632796723
train_00083,train,3,C2,899.9598628589662,-229.72783878924332,192.86623435420358
train_00083,train,3,C3,1050.025585650134,-51.984954439715146,-295.4746573772518
train_00083,train,4,A1,-749.7194981588133,273.3184930944432,98.86432036348903
train_00083,train,4,A2,-899.4127600784975,-198.68635385502662,166.77660154309058
train_00083,train,4,A3,-1049.6748800664614,-34.300493498500266,-195.60983577500116
train_00083,train,4,B1,-300.380071216148,281.18821998219687,103.29490494908907
train_00083,train,4,B2,0.08453318129292083,-230.3526062810077,193.3497765386231
train_00083,train,4,B3,299.6838263181343,-52.44163519954508,-295.13837197837364
train_00083,train,4,C1,749.6107642285964,281.98003985320815,102.50565269196662
train_00083,train,4,C2,900.036319853648,-229.60105136935937,192.74919253946845
train_00083,train,4,C3,1049.6141166387254,-51.877748192259226,-295.6260940162715
train_00084,train,0,A1,-1185.1792401570392,397.60640310115076,274.2267606899012
train_00084,train,0,A2,-1331.0104175385598,-74.6971437092222,348.37256380684846
train_00084,train,0,A3,-1484.5644081585094,84.39237019469896,-14.979135159833707
train_00084,train,0,B1,-446.1779252042985,405.8187123524024,-37.46521908544748
train_00084,train,0,B2,-198.2290655765382,-139.43352066172963,-1.3765998904497923
train_00084,train,0,B3,180.18866306361716,88.33237770642228,-407.578538912196
train_00084,train,0,C1,734.4253750603082,565.0147799334637,268.9324866160714
train_00084,train,0,C2,924.8905496362248,87.17416694131344,435.61146877753737
train_00084,train,0,C3,1058.9590959708162,197.23085588598786,-76.60932785798435
train_00084,train,1,A1,-999.9208684387256,273.0155034223273,99.3293059041394
train_00084,train,1,A2,-1150.0910422453128,-198.9722889326966,167.0857679286679
train_00084,train,1,A3,-1300.0372830273886,-34.39318915884732,-195.36821501809018
train_00084,train,1,B1,-300.0258991873125,281.86501437098235,102.57960297071605
train_00084,train,1,B2,-0.017358636219325548,-229.8369114358087,192.85243663189422
train_00084,train,1,B3,300.03204269970945,-52.16299970312429,-295.39912384189466
train_00084,train,1,C1,999.963067514691,283.4365100552546,101.26515803076832
train_00084,train,1,C2,1149.9377055743341,-228.31044589002403,191.48688574619715
train_00084,train,1,C3,1300.0117284982189,-50.6554239759341,-296.76291342423775
train_00084,train,2,A1,-750.0870596442037,272.9269403678813,99.3158847051247
train_00084,train,2,A2,-899.9699558120655,-199.13972758536949,166.91742385401042
train_00084,train,2,A3,-1050.0228177596123,-34.61381818345828,-195.41859175858588
train_00084,train,2,B1,-300.03386576270526,281.87379829023695,102.53679370792138
train_00084,train,2,B2,-0.02202792897901177,-229.87592479059543,192.8237705995369
train_00084,train,2,B3,299.9850962757788,-52.11040336989912,-295.431245784532
train_00084,train,2,C1,1000.0122640108675,283.3931349169286,101.24771175117712
train_00084,train,2,C2,1150.0101235933473,-228.33013126756143,191.528827987613
train_00084,train,2,C3,1299.9403629900844,-50.58833402062515,-296.79855269013433
train_00084,train,3,A1,-750.0294164109566,272.86795090720784,99.30731245188433
train_00084,train,3,A2,-900.022612544936,-199.08404506453604,166.9149648199372
train_00084,train,3,A3,-1049.9233470272345,-34.51682724048869,-195.48931519101774
train_00084,train,3,B1,-300.05225603653696,281.89422395509564,102.5798656784939
train_00084,train,3,B2,-0.03938120718240826,-229.86656037842056,192.83337397365594
train_00084,train,3,B3,299.98666113022665,-52.07487696852833,-295.4414775223103
train_00084,train,3,C1,749.9627034671149,281.94430201913013,102.65495591197694
train_00084,train,3,C2,899.9727655378807,-229.8676895320722,192.9100446345692
train_00084,train,3,C3,1050.0939504911796,-52.08289676835487,-295.3518617836162
train_00084,train,4,A1,-750.020433842855,272.9306359004719,99.36813467396435
train_00084,train,4,A2,-899.9018268813018,-199.00364770897318,167.01079873910615
train_00084,train,4,A3,-1049.9335298164408,-34.551865839827876,-195.39842122350663
train_00084,train,4,B1,-300.0146619359879,281.88084839990404,102.59528256758298
train_00084,train,4,B2,-0.06720318902696719,-229.7918120963932,192.82937641864478
train_00084,train,4,B3,300.0148882610579,-52.083043150047295,-295.4368506525498
train_00084,train,4,C1,750.0508273588708,281.84115799427525,102.55754770810373
train_00084,train,4,C2,899.9950518991346,-229.86760840238225,192.7842019712543
train_00084,train,4,C3,1050.0541702497405,-52.148422117708606,-295.45980199767445
train_00085,train,0,A1,-727.0723872256441,64.94640372623782,356.1285970395934
train_00085,train,0,A2,-870.6978228791005,-374.51467810040106,546.0148662731642
train_00085,train,0,A3,-996.7812922558933,-326.2891060193952,142.66344922377823
train_00085,train,0,B1,-226.4107881078666,36.199352040497295,-145.24863962454583
train_00085,train,0,B2,32.21461526946407,-504.46545633183683,-118.06388041145335
train_00085,train,0,B3,448.9700421815482,-238.9982814482249,-458.30557742393324
train_00085,train,0,C1,907.4343429481087,2.91532471070335,-183.71883695575988
train_00085,train,0,C2,972.7837747695077,-522.2741748220993,-72.45973050711291
train_00085,train,0,C3,1129.60776991821,-394.83568426442463,-574.1565165488479
train_00085,train,1,A1,-1000.0494164476097,272.8743563422711,99.31569768305877
train_00085,train,1,A2,-1150.0846107660052,-199.12236997572182,167.04300951656649
train_00085,train,1,A3,-1300.0487107572524,-34.5942876778027,-195.39128097052384
train_00085,train,1,B1,-299.99338984415743,281.87278340128705,102.60142277057108
train_00085,train,1,B2,-0.057908814745582175,-229.84143664449033,192.7698871940878
train_00085,train,1,B3,300.00939189815733,-52.098110673853725,-295.3999079663223
train_00085,train,1,C1,1000.0284554573195,281.80587924540333,102.60302488967383
train_00085,train,1,C2,1149.9829868262677,-229.89630278954863,192.81583441145384
train_00085,train,1,C3,1300.0812402598626,-52.1601055191203,-295.4676906057081
train_00085,train,2,A1,-749.9338119038218,273.0813587858007,99.31003818149428
train_00085,train,2,A2,-899.9751481782263,-198.93734930080495,166.81826415942763
train_00085,train,2,A3,-1049.9068487013421,-34.296717289084775,-195.54764299282266
train_00085,train,2,B1,-299.9895754146845,281.8865633755853,102.55071858995795
train_00085,train,2,B2,-0.01769766407030775,-229.8023116220035,192.75386322799497
train_00085,train,2,B3,299.95091182721364,-52.02317005140631,-295.3779009479135
train_00085,train,2,C1,999.9767221108534,281.7781939500309,102.59829612810172
train_00085,train,2,C2,1149.9708306067907,-229.92912201222575,192.79047148268847
train_00085,train,2,C3,1300.0427829187713,-52.161944125919455,-295.45173200137157
train_00085,train,3,A1,-749.9452748557915,273.0438696461094,99.3235835471532
train_00085,train,3,A2,-899.9536196414797,-198.95764802595423,166.86698935139952
train_00085,train,3,A3,-1049.913374330925,-34.30358598764046,-195.5422704740699
train_00085,train,3,B1,-299.9874169342403,281.9117190067802,102.6055405677263
train_00085,train,3,B2,-0.05985057026440403,-229.85592958111803,192.74463474335897
train_00085,train,3,B3,300.0049107811678,-52.027476091745015,-295.50339700612165
train_00085,train,3,C1,749.9954501040029,281.9499814639238,102.68721307492349
train_00085,train,3,C2,899.9645604268603,-229.80779150717004,192.91045779403547
train_00085,train,3,C3,1050.1009060920483,-52.01160607013779,-295.2915107233385
train_00085,train,4,A1,-750.0150655993772,272.7157992674053,101.33781023038394
train_00085,train,4,A2,-900.0445187502916,-199.35615098005766,168.9239906092578
train_00085,train,4,A3,-1050.0400436189634,-34.70309202299113,-193.4803150409863
train_00085,train,4,B1,-300.07154667623126,281.52313837333253,104.55461818844958
train_00085,train,4,B2,-0.0846225989547759,-230.21618072541406,194.81423599104238
train_00085,train,4,B3,299.8545374889262,-52.51892522530914,-293.50774896885684
train_00085,train,4,C1,749.9604191982743,281.5758695388147,104.50638821207393
train_00085,train,4,C2,899.9251246518387,-230.20300028929043,194.82002885816337
train_00085,train,4,C3,1049.9110473312892,-52.47145758299978,-293.49378072748056
train_00086,train,0,A1,-826.4447419319365,88.98149278495461,257.42639836671947
train_00086,train,0,A2,-1034.9382913141826,-360.1996714090614,325.54213757547086
train_00086,train,0,A3,-1164.5847323714404,-177.47394184620643,-36.06225857898065
train_00086,train,0,B1,-364.44466188975395,288.90070780443676,237.2194290645992
train_00086,train,0,B2,-165.50417551259804,-252.620469626942,402.029838562765
train_00086,train,0,B3,266.6553801848518,-132.03752592991523,3.6659274644722224
train_00086,train,0,C1,795.0772445290675,453.32571559023245,-170.46728020465184
train_00086,train,0,C2,993.5182556550959,-48.31179586755751,-132.09666090068384
train_00086,train,0,C3,1169.0924495973065,211.6756003407394,-572.6055741243789
train_00086,train,1,A1,-1000.0445342791156,272.96912397913565,99.35397060936018
train_00086,train,1,A2,-1150.0076011373308,-198.9978237588113,166.95016753783648
train_00086,train,1,A3,-1299.9749924573775,-34.425154738279524,-195.46204452151187
train_00086,train,1,B1,-299.93323604715425,281.9305571335902,102.61500074980226
train_00086,train,1,B2,0.016091440793377605,-229.7830184367193,192.842367108711
train_00086,train,1,B3,299.9430703919063,-52.070527646572515,-295.4602992065527
train_00086,train,1,C1,1000.002685448003,281.9337271184673,102.68065546709283
train_00086,train,1,C2,1149.975122822921,-229.75587811657633,192.92053691297875
train_00086,train,1,C3,1299.9678914191704,-52.051973765490864,-295.40438013833204
train_00086,train,2,A1,-749.9946061787149,272.9828341053722,99.38424983210199
train_00086,train,2,A2,-899.9291260817033,-199.05606484727008,167.14430733191662
train_00086,train,2,A3,-1050.0332428442039,-34.55073134100354,-195.29108409491633
train_00086,train,2,B1,-299.960197606189,281.9827234529525,102.6110429616778
train_00086,train,2,B2,0.02367176575792144,-229.80948683252257,192.81354720884306
train_00086,train,2,B3,300.00587760042004,-52.092750975163504,-295.4906770445026
train_00086,train,2,C1,999.9424497028436,281.93295661685636,102.66002394135793
train_00086,train,2,C2,1150.0019560400606,-229.78392652986244,192.82802028265
train_00086,train,2,C3,1300.0015877835106,-52.11160886227243,-295.38213577724315
train_00086,train,3,A1,-749.9712999949005,272.9799855211728,99.43434425140589
train_00086,train,3,A2,-899.9790472816101,-199.02490045580558,167.11204302661605
train_00086,train,3,A3,-1050.0143166107189,-34.50220923403475,-195.29483977181638
train_00086,train,3,B1,-300.00847180321296,281.9264479652807,102.58635837965092
train_00086,train,3,B2,0.00959366760572053,-229.73643474974457,192.8135152905544
train_00086,train,3,B3,299.9634932371613,-52.10122390129281,-295.4422653046657
train_00086,train,3,C1,750.104490381631,281.9023574287778,102.51713723416763
train_00086,train,3,C2,900.0467439404442,-229.83386470104995,192.7684508236259
train_00086,train,3,C3,1050.0608213038186,-52.13561802696642,-295.58079637339756
train_00086,train,4,A1,-749.9989139615373,272.9561804786043,99.4233103826445
train_00086,train,4,A2,-900.0511689694384,-198.9667185591746,167.0686671061878
train_00086,train,4,A3,-1049.9848502379423,-34.43472734271891,-195.29969176519836
train_00086,train,4,B1,-299.99295275873135,281.9637871064201,102.67308962476129
train_00086,train,4,B2,0.0419409210609185,-229.80208048468356,192.8137198587062
train_00086,train,4,B3,299.9995816868126,-52.123313346022094,-295.4278176229424
train_00086,train,4,C1,750.1158538786718,281.82552100491625,102.62692770826865
train_00086,train,4,C2,900.0966253688609,-229.89947472274605,192.78174650358514
train_00086,train,4,C3,1050.0456920341476,-52.12124587282559,-295.50175709746395
train_00087,train,0,A1,-1106.2193615565213,494.1716588590358,63.36310402236576
train_00087,train,0,A2,-1308.3578637309317,38.87042929315413,103.73670561354709
train_00087,train,0,A3,-1477.4895875686896,260.5104530787511,-217.56324449647903
train_00087,train,0,B1,-570.1857286692434,322.74516969137096,316.4129921233862
train_00087,train,0,B2,-408.838043269521,-249.6563110591802,236.4420362728754
train_00087,train,0,B3,-24.173655209995076,-7.887003468445759,-155.3124963013693
train_00087,train,0,C1,874.4808805008805,-41.22599083966537,-214.21601963071458
train_00087,train,0,C2,1036.337462241218,-547.8359563355997,-116.1717771681681
train_00087,train,0,C3,1169.1473099645373,-379.54369923066946,-612.6643138924617
train_00087,train,1,A1,-1000.0514564088613,272.9908045202165,99.45194791751739
train_00087,train,1,A2,-1149.96505391929,-199.08687877988987,167.03805627541638
train_00087,train,1,A3,-1299.999222087272,-34.51223386024528,-195.34444471442012
train_00087,train,1,B1,-299.993926989599,281.8890553248311,102.61186473914645
train_00087,train,1,B2,-0.0033340284970367826,-229.81489293941502,192.90497970541614
train_00087,train,1,B3,300.06557973267104,-52.120415848556874,-295.3988936353956
train_00087,train,1,C1,1000.0560143849392,281.84112340427527,102.65710697806077
train_00087,train,1,C2,1149.9690336289896,-229.83987384363553,192.90173616852078
train_00087,train,1,C3,1299.9999352963923,-52.157900883658634,-295.412520512707
train_00087,train,2,A1,-747.9444101974832,272.9941831334167,99.27587370549459
train_00087,train,2,A2,-897.9799532607929,-198.9354904579759,166.9199485979439
train_00087,train,2,A3,-1047.9543898031866,-34.39673138970694,-195.47412910218515
train_00087,train,2,B1,-299.9818116825214,281.8761860932742,102.60940386958625
train_00087,train,2,B2,-0.012190917534455697,-229.81044155219158,192.8747851767968
train_00087,train,2,B3,300.04502013592764,-52.12586765952159,-295.3776789952724
train_00087,train,2,C1,999.9869409535215,281.91752324519354,102.65014569844922
train_00087,train,2,C2,1150.0400867706403,-229.8670277708007,192.84405041721877
train_00087,train,2,C3,1300.029166421507,-52.15891367134737,-295.3769696139545
train_00087,train,3,A1,-747.9851933892554,272.95632863626867,99.25234155523115
train_00087,train,3,A2,-897.9751089716519,-198.9594243357025,166.9505690285384
train_00087,train,3,A3,-1047.998025070005,-34.4077673221371,-195.47268395878152
train_00087,train,3,B1,-299.97375775864083,281.88798083745775,102.61812677282923
train_00087,train,3,B2,0.04374749216526164,-229.80811254430589,192.87377319712593
train_00087,train,3,B3,300.0494591685155,-52.078199049587134,-295.3910828165648
train_00087,train,3,C1,750.0295444760295,281.8550431914799,102.75111318753648
train_00087,train,3,C2,899.9043695917493,-229.9318686904902,192.9916237011605
train_00087,train,3,C3,1050.0447619900247,-52.21161232639562,-295.2693669563414
train_00087,train,4,A1,-748.6893212825543,273.02293200376084,99.3227861151283
train_00087,train,4,A2,-898.5752657764259,-198.93585342431177,167.0878813210519
train_00087,train,4,A3,-1048.6469900832942,-34.505715889985794,-195.32257524751026
train_00087,train,4,B1,-300.6907654300162,281.9045258434702,102.57976649945218
train_00087,train,4,B2,-0.5832085206796129,-229.83966633735568,192.8375986010811
train_00087,train,4,B3,299.2769658756253,-52.07333790512882,-295.46329419967935
train_00087,train,4,C1,749.3224363922631,281.8769951604637,102.55153874053443
train_00087,train,4,C2,899.2801461735662,-229.84812507939705,192.8308569259373
train_00087,train,4,C3,1049.2874259365985,-52.17468883723749,-295.49798410188464
train_00088,train,0,A1,-895.447069749374,434.5413602315428,324.4419740708862
train_00088,train,0,A2,-1115.2061153100565,-7.0534977798775325,405.2787412342648
train_00088,train,0,A3,-1173.7296855786078,129.5574496535961,6.781941246572425
train_00088,train,0,B1,-245.4278082374226,295.68208013678844,490.73612954148905
train_00088,train,0,B2,149.22668527226654,-155.7028336902597,511.86622138798947
train_00088,train,0,B3,271.0684883468841,24.234977584077384,-47.357490809359454
train_00088,train,0,C1,746.5169725311847,249.86161215399338,320.26961698432405
train_00088,train,0,C2,976.2290161678986,-239.70532967241846,332.74335551139006
train_00088,train,0,C3,990.3215733151624,-15.845185608597019,-159.35601875960919
train_00088,train,1,A1,-999.9704040650379,272.92004601599075,99.35540656255516
train_00088,train,1,A2,-1149.9698231162417,-199.0162543394718,167.01209724953847
train_00088,train,1,A3,-1300.0520607031058,-34.43379643563438,-195.29548600440174
train_00088,train,1,B1,-300.0835386775655,282.03294315280027,102.50866135161873
train_00088,train,1,B2,-0.12028363443675438,-229.6813412312222,192.81718981398913
train_00088,train,1,B3,299.90501443085776,-52.09613258741914,-295.50291784651165
train_00088,train,1,C1,1000.0280447431206,282.0412967029575,102.60639191524875
train_00088,train,1,C2,1149.9440897040497,-229.73621818191782,192.77553547375115
train_00088,train,1,C3,1300.0516147883743,-52.006057762237404,-295.48434338942525
train_00088,train,2,A1,-750.7747071992763,274.8387829020284,98.58298135095771
train_00088,train,2,A2,-900.7841299426586,-197.14548918300898,166.2982565153596
train_00088,train,2,A3,-1050.768919460288,-32.701309617833886,-196.1674331653148
train_00088,train,2,B1,-300.0447986265084,282.0435380922703,102.532802669965
train_00088,train,2,B2,-0.11429471805907036,-229.7710448289694,192.77099156693336
train_00088,train,2,B3,299.90614084536935,-52.08937993834388,-295.4484068721893
train_00088,train,2,C1,1000.0546024990439,281.97754231207216,102.64417713443648
train_00088,train,2,C2,1150.0095421698015,-229.77560297208979,192.78889075664978
train_00088,train,2,C3,1300.0208849618389,-51.92944582634003,-295.5258757075584
train_00088,train,3,A1,-750.7789353898044,274.7908309333581,98.55216229625196
train_00088,train,3,A2,-900.7746125309276,-197.16178753623535,166.26451705873248
train_00088,train,3,A3,-1050.7301234024112,-32.652072024758986,-196.1825156500926
train_00088,train,3,B1,-300.1163577398362,281.99257619326545,102.59046623155209
train_00088,train,3,B2,-0.10934659273210642,-229.73849959527303,192.81787335005174
train_00088,train,3,B3,299.9038201158124,-52.07678608119382,-295.4816178475298
train_00088,train,3,C1,749.9472249943204,281.8879214457731,102.58483206237034
train_00088,train,3,C2,899.781244865628,-229.91445825048163,192.7924974640954
train_00088,train,3,C3,1049.9193814958253,-52.23782767885989,-295.38651881301587
train_00088,train,4,A1,-750.7067568423842,273.49727410841626,99.03437908895853
train_00088,train,4,A2,-900.2947899092705,-198.65380735673781,166.90465624357893
train_00088,train,4,A3,-1050.4682179709632,-34.30427989447122,-195.5384210278634
train_00088,train,4,B1,-299.98618745980434,281.076255035457,102.87369651051317
train_00088,train,4,B2,0.5317880128673247,-230.32809914075045,193.0459016240426
train_00088,train,4,B3,300.22169028541754,-52.4345540352703,-295.4189460814169
train_00088,train,4,C1,750.0400720695862,281.9975681976035,102.4715821240339
train_00088,train,4,C2,900.4483176871543,-229.58459053824612,192.66743393912157
train_00088,train,4,C3,1050.1393829011522,-51.87252892822967,-295.5812714068405
train_00089,train,0,A1,-953.7373198224929,-35.111069129057064,265.3175597829662
train_00089,train,0,A2,-1089.9509107081592,-506.445062901851,360.8597895444169
train_00089,train,0,A3,-1247.7505701814325,-366.6851892561571,-8.584187657916386
train_00089,train,0,B1,-483.7655109399687,270.0470256726022,379.15828790981624
train_00089,train,0,B2,-84.12781462361907,-177.42666669441684,368.92521739631854
train_00089,train,0,B3,100.96110275421835,99.87654766862686,-129.98233859505706
train_00089,train,0,C1,749.7601983602096,54.652935062780195,47.25106354932664
train_00089,train,0,C2,854.4788609097538,-468.8856567053781,133.44991696884233
train_00089,train,0,C3,1052.2033643847212,-291.9363692871443,-337.8321801893261
train_00089,train,1,A1,-1000.0228861190833,272.950940172337,99.34757800292806
train_00089,train,1,A2,-1150.044104347377,-199.00868813130367,167.0503055349315
train_00089,train,1,A3,-1300.0851942253357,-34.47987425790028,-195.35934659732766
train_00089,train,1,B1,-300.07601793059877,281.92022105014195,102.66400953896924
train_00089,train,1,B2,-0.07833587813537415,-229.83848132600508,192.8762200173179
train_00089,train,1,B3,299.9392581875657,-52.10343913126192,-295.4298700440988
train_00089,train,1,C1,999.9441120362376,281.99408263950835,102.57491107827867
train_00089,train,1,C2,1150.033341809973,-229.71751606556816,192.86011608631267
train_00089,train,1,C3,1300.0038445751911,-52.11811036317256,-295.48232667116946
train_00089,train,2,A1,-751.0301936094627,274.48575785359105,98.67258167806811
train_00089,train,2,A2,-901.035901267224,-197.46154471706964,166.1938131468692
train_00089,train,2,A3,-1051.0585169671133,-32.93925507768162,-196.08056127122694
train_00089,train,2,B1,-299.98371657862185,281.9460672261369,102.56780207868687
train_00089,train,2,B2,-0.0682556593525474,-229.8571354877733,192.871644207549
train_00089,train,2,B3,299.98983242562394,-52.143168243876204,-295.4013796056327
train_00089,train,2,C1,999.9462340308719,281.9853381290294,102.53246659482939
train_00089,train,2,C2,1149.9909488894948,-229.7472029844548,192.84555461728476
train_00089,train,2,C3,1300.002529339506,-52.044601415235135,-295.39415839290353
train_00089,train,3,A1,-751.0007360478406,274.51700615031757,98.60379024278917
train_00089,train,3,A2,-901.0192608348895,-197.5076399028741,166.27281208235053
train_00089,train,3,A3,-1051.0210669057992,-32.89115701495745,-196.1469323299845
train_00089,train,3,B1,-299.9704434094256,281.9068435254197,102.64932828783054
train_00089,train,3,B2,-0.06983884526293983,-229.84369856664375,192.8511669975484
train_00089,train,3,B3,299.9727902408313,-52.16312607661934,-295.38670636827396
train_00089,train,3,C1,750.0518533691977,281.75647092881667,102.71443866789316
train_00089,train,3,C2,899.9704292482137,-229.92379098795521,192.88900214235917
train_00089,train,3,C3,1049.9305719247066,-52.314264616173475,-295.3662126938167
train_00089,train,4,A1,-750.906303479523,273.4485716659407,99.02294448254273
train_00089,train,4,A2,-900.4268578076612,-198.65908725281912,166.8419033815036
train_00089,train,4,A3,-1050.703567464582,-34.32446993094628,-195.52842957355307
train_00089,train,4,B1,-299.8722111758579,281.11472241518663,102.84372122878256
train_00089,train,4,B2,0.522650338054454,-230.2653825456606,193.1421769397246
train_00089,train,4,B3,300.2567270486093,-52.50224941135873,-295.3324280395265
train_00089,train,4,C1,750.236562448646,281.9304098457207,102.67969060516205
train_00089,train,4,C2,900.5205955706963,-229.71609992429444,192.8799405654147
train_00089,train,4,C3,1050.227059359483,-51.968894928608385,-295.45575135120527
train_00090,train,0,A1,-1050.8531375378109,-25.221170407480635,-164.31232835647447
train_00090,train,0,A2,-1198.4603971345903,-502.7096296229512,-154.37884703304243
train_00090,train,0,A3,-1366.5229999853498,-290.64409266370666,-482.5836778971947
train_00090,train,0,B1,-615.7502197569426,527.2453688479194,7.792748972205568
train_00090,train,0,B2,-307.78212278094543,16.25307613107626,71.13155297300526
train_00090,train,0,B3,-21.51911763697538,216.40031340169546,-416.73810279495996
train_00090,train,0,C1,1407.749074604261,357.02492119029694,195.95130089782532
train_00090,train,0,C2,1459.6509827616119,-179.33006320723632,242.52134590249813
train_00090,train,0,C3,1521.120935379534,-7.738955069788524,-266.72258956755786
train_00090,train,1,A1,-1000.0379140621602,272.98400650624444,99.35714633845053
train_00090,train,1,A2,-1149.9596835979562,-199.04892220843266,167.0631154944691
train_00090,train,1,A3,-1299.9450465418627,-34.496536362296304,-195.3717164260584
train_00090,train,1,B1,-299.926148796641,281.9807786199599,102.59495438922434
train_00090,train,1,B2,0.0018726936454089016,-229.87261737789422,192.87659890749825
train_00090,train,1,B3,300.0218655141503,-52.20101616032798,-295.45900002430534
train_00090,train,1,C1,1000.0329962062533,281.97011111911763,102.65409116880397
train_00090,train,1,C2,1149.978479060626,-229.71807432232302,192.92686283701752
train_00090,train,1,C3,1300.0374406285919,-52.041122780702885,-295.3361919521026
train_00090,train,2,A1,-749.9105106415651,273.06880343946926,99.35488263291971
train_00090,train,2,A2,-899.9872901963108,-198.9394338607813,167.05482137301448
train_00090,train,2,A3,-1050.0837856244766,-34.317332069562994,-195.34208399792118
train_00090,train,2,B1,-300.0241189320542,281.9350702404468,102.57557599255242
train_00090,train,2,B2,-0.0689444579261059,-229.81235959361192,192.84057773472767
train_00090,train,2,B3,300.000884070068,-52.15072864953993,-295.3704888815618
train_00090,train,2,C1,999.9953494775118,281.93753760125514,102.6721857621358
train_00090,train,2,C2,1149.9994013013402,-229.70250987690943,192.9207831171289
train_00090,train,2,C3,1300.0506381627613,-52.01976522979632,-295.39936015755075
train_00090,train,3,A1,-749.9663838914216,273.10835875830554,99.37915826041068
train_00090,train,3,A2,-900.0078335934421,-198.86379892185403,167.00500449381508
train_00090,train,3,A3,-1050.025632384717,-34.27920638644945,-195.3900093903936
train_00090,train,3,B1,-299.99448817151045,281.9355651479083,102.63367263283999
train_00090,train,3,B2,-0.01320500699802879,-229.84543331538814,192.82686707545486
train_00090,train,3,B3,299.99201989044013,-52.138242396154354,-295.4000256765523
train_00090,train,3,C1,749.9651268515955,281.78912029032466,102.7320649847726
train_00090,train,3,C2,899.9152183812488,-229.83415602604333,193.05406395810778
train_00090,train,3,C3,1049.9848863519885,-52.19523473082632,-295.250114286085
train_00090,train,4,A1,-749.9824114267313,272.9871302421107,99.29920016350732
train_00090,train,4,A2,-900.0089310108308,-199.01969483230977,167.01651614558037
train_00090,train,4,A3,-1050.0558788261226,-34.38237778415661,-195.38665812555323
train_00090,train,4,B1,-300.01131723145,281.9371568223329,102.51304692571284
train_00090,train,4,B2,0.007646061597821819,-229.8604360204128,192.76387291903055
train_00090,train,4,B3,300.0229882408408,-52.158403389753566,-295.53890869358867
train_00090,train,4,C1,749.9332474227721,281.9329828263278,102.69146112863562
train_00090,train,4,C2,899.9825069308541,-229.80208069487804,192.95269547690833
train_00090,train,4,C3,1050.03081517705,-52.050857235046365,-295.28776126184783
train_00091,train,0,A1,-1314.3510176555221,122.04685016112686,193.01419464476706
train_00091,train,0,A2,-1475.4213338404686,-350.1698262397827,222.1866192357013
train_00091,train,0,A3,-1561.8338953259265,-175.32377818697532,-155.78029856734375
train_00091,train,0,B1,-198.5958447019687,41.478507729796306,292.48475646065936
train_00091,train,0,B2,160.35426479744015,-435.3138462335228,354.72526756434195
train_00091,train,0,B3,477.0730560593885,-158.34267204090537,-73.0026608150348
train_00091,train,0,C1,1114.3600060301992,582.502432311256,371.3813326366545
train_00091,train,0,C2,1284.5678958459448,69.13015015422023,378.2597169657867
train_00091,train,0,C3,1314.079099077065,291.47047830720317,-113.88152528624651
train_00091,train,1,A1,-999.9705691163856,272.9021098204385,99.41027025534036
train_00091,train,1,A2,-1149.9666789407675,-199.00889201906455,166.9694884796542
train_00091,train,1,A3,-1299.995083212058,-34.365537001836806,-195.34690214127696
train_00091,train,1,B1,-299.94106759799416,281.83008447636473,102.62445819779451
train_00091,train,1,B2,0.027256820777895575,-229.9015621824338,192.6994660701159
train_00091,train,1,B3,299.9445970910094,-52.0952737708387,-295.5424143569939
train_00091,train,1,C1,999.9849695811305,281.9227162518305,102.50991556944824
train_00091,train,1,C2,1150.048358364155,-229.76263339748883,192.75762533231241
train_00091,train,1,C3,1300.0683112508939,-52.057934744432984,-295.4769401394318
train_00091,train,2,A1,-749.9728745314892,272.94083057029394,99.35439297576443
train_00091,train,2,A2,-899.9536643845246,-199.0203368422058,166.99651049763443
train_00091,train,2,A3,-1049.9785070025991,-34.45965335343789,-195.41705515964355
train_00091,train,2,B1,-299.9787188176935,281.8274289289258,102.5630038270473
train_00091,train,2,B2,0.050736014708410715,-229.85703640569136,192.7564789823769
train_00091,train,2,B3,300.01841825997417,-52.11243666574465,-295.5207073433345
train_00091,train,2,C1,1000.0124307040381,281.8951110392707,102.56209679300676
train_00091,train,2,C2,1150.020189465876,-229.80604049620754,192.80773918370818
train_00091,train,2,C3,1300.0030535627695,-52.093938817331086,-295.4646274821153
train_00091,train,3,A1,-750.0269398954551,272.9281792273434,99.37962678887078
train_00091,train,3,A2,-899.9384659869138,-199.0715100643711,167.05323748785915
train_00091,train,3,A3,-1049.987721749298,-34.46617095465344,-195.39316824368169
train_00091,train,3,B1,-300.0030572570375,281.85197425453543,102.60224985604695
train_00091,train,3,B2,-0.0532068711604176,-229.92491592782457,192.74930538275586
train_00091,train,3,B3,299.9922004380767,-52.16327607302372,-295.4961693273796
train_00091,train,3,C1,749.9833778474126,281.9476289950547,102.46596138604598
train_00091,train,3,C2,900.0106903160631,-229.7688128998233,192.70308826406526
train_00091,train,3,C3,1050.0200208198273,-52.023975309998974,-295.5321394467573
train_00091,train,4,A1,-751.1090381838787,272.23645922961146,97.95391226262578
train_00091,train,4,A2,-901.0966620185355,-199.68764934247466,165.60666422737117
train_00091,train,4,A3,-1051.1612453315042,-35.12480829835147,-196.82531528904104
train_00091,train,4,B1,-301.08016215742197,281.15667669704743,101.16161716100322
train_00091,train,4,B2,-1.1371127980692253,-230.60276879120897,191.42181760742764
train_00091,train,4,B3,298.8176788764124,-52.897796845964365,-296.9049038132072
train_00091,train,4,C1,748.8776528477904,281.0964637319358,101.07649895348327
train_00091,train,4,C2,898.9548007536001,-230.58086939193848,191.32146494880192
train_00091,train,4,C3,1048.9159336584394,-52.85265424176292,-296.8997666575216
train_00092,train,0,A1,-843.8527190523547,-31.355056796777628,-17.396465513401466
train_00092,train,0,A2,-1006.9812382694727,-498.4861314325008,53.280522649135555
train_00092,train,0,A3,-1151.3746170278653,-332.51994943078853,-310.8191092241028
train_00092,train,0,B1,-504.37869019261535,-68.67331413398594,207.89126231673106
train_00092,train,0,B2,-104.64019558162909,-500.63301273223675,324.8421488109948
train_00092,train,0,B3,183.25918584294936,-256.2769496937522,-141.47219135382392
train_00092,train,0,C1,914.0142139706571,288.34463837972197,337.04561572649305
train_00092,train,0,C2,1096.8628290792972,-209.8700622657331,441.25366873923286
train_00092,train,0,C3,1216.3234609123435,-44.98580093552354,-59.844284982921835
train_00092,train,1,A1,-999.9827325249227,272.90207899448046,99.27311387315211
train_00092,train,1,A2,-1150.0231662123667,-199.0797325773188,166.99029559794474
train_00092,train,1,A3,-1300.0131113248608,-34.43135114385625,-195.41893398707725
train_00092,train,1,B1,-299.9840087214174,281.88805399139466,102.65128502264375
train_00092,train,1,B2,-0.009905843294345986,-229.77779741165145,192.84826356145422
train_00092,train,1,B3,300.0239821490469,-52.10497201052889,-295.38686354227235
train_00092,train,1,C1,1000.0267105326307,281.90860769984675,102.58873155911118
train_00092,train,1,C2,1149.9828060268894,-229.81045854066332,192.78887253885802
train_00092,train,1,C3,1299.9544379289323,-52.179147749017,-295.48274245699315
train_00092,train,2,A1,-749.0242736772888,274.68864080661575,98.88312125621881
train_00092,train,2,A2,-899.0587215270035,-197.28975962322073,166.50452358096254
train_00092,train,2,A3,-1048.9816295902683,-32.63860301319167,-195.90013750532745
train_00092,train,2,B1,-299.95217716199767,281.872143486877,102.6291169623584
train_00092,train,2,B2,0.04640435374409574,-229.8133357789409,192.835651480847
train_00092,train,2,B3,300.021819805791,-52.06961629578852,-295.4140982939809
train_00092,train,2,C1,999.9995132076438,281.9480638724983,102.57041084798156
train_00092,train,2,C2,1149.9417652537386,-229.82363194314163,192.85942762108155
train_00092,train,2,C3,1299.985019556738,-52.07405487341972,-295.47827658894556
train_00092,train,3,A1,-749.0098125108098,274.68047110583876,98.93143880317444
train_00092,train,3,A2,-899.0041353254524,-197.2266026585565,166.51754457711246
train_00092,train,3,A3,-1049.0214826602635,-32.71542291254325,-195.76204091745313
train_00092,train,3,B1,-299.9441133539875,281.90731516502177,102.62180208284373
train_00092,train,3,B2,-0.03881218249533709,-229.85858240416368,192.8243414320811
train_00092,train,3,B3,300.0298302264439,-52.16698990503488,-295.45792848516754
train_00092,train,3,C1,750.0622234825831,281.9013805175494,102.64715666839376
train_00092,train,3,C2,900.0435587095855,-229.83966033474152,192.91575981777314
train_00092,train,3,C3,1049.9992459824145,-52.061312923394375,-295.3893508528391
train_00092,train,4,A1,-749.6142302856481,273.5423201823109,99.18520943976698
train_00092,train,4,A2,-899.098387642596,-198.52939269443957,166.9020087677207
train_00092,train,4,A3,-1049.3307222405444,-34.14018805192757,-195.52084062211796
train_00092,train,4,B1,-300.5435711972097,281.1021838531294,102.74085036366465
train_00092,train,4,B2,-0.09422912404878908,-230.31465914084828,193.0282665146176
train_00092,train,4,B3,299.6835552179713,-52.41658462910154,-295.27716240015917
train_00092,train,4,C1,749.4948534002116,282.0356512833541,102.68643252179587
train_00092,train,4,C2,899.972920612103,-229.6362022799439,192.93071312711257
train_00092,train,4,C3,1049.7113913858989,-51.85198667856465,-295.39236107793505
train_00093,train,0,A1,-749.9304557640874,549.6054423721255,-172.6269610143028
train_00093,train,0,A2,-926.9528747764437,135.42816181729316,44.03293876284813
train_00093,train,0,A3,-1165.9525649642706,257.32418343776203,-286.0094902776274
train_00093,train,0,B1,-495.93976586126803,-58.358005112492236,312.00284367086306
train_00093,train,0,B2,-58.56509442775044,-465.6292968045688,364.99775056688384
train_00093,train,0,B3,108.55203088754492,-244.92210329883102,-167.31834833054828
train_00093,train,0,C1,954.8899524676856,575.2851149482691,187.29107906589547
train_00093,train,0,C2,1025.9259974811823,39.26195849174513,200.18020607761497
train_00093,train,0,C3,1147.7192666505805,253.77713675198635,-281.21563844966397
train_00093,train,1,A1,-1000.0949603004211,272.96118378472244,99.41501655567329
train_00093,train,1,A2,-1150.021688257892,-199.0027076428644,166.94776751675377
train_00093,train,1,A3,-1300.0268153984225,-34.50455046407159,-195.40503910391212
train_00093,train,1,B1,-299.9946234382951,281.8811837574087,102.5358001120574
train_00093,train,1,B2,-0.006451723339869025,-229.77070597499866,192.84216395685132
train_00093,train,1,B3,300.01973351207556,-52.08016136761461,-295.46518411715437
train_00093,train,1,C1,999.8777617122639,281.86206108659036,102.55190890080392
train_00093,train,1,C2,1149.942613011373,-229.8768583539272,192.77174884675372
train_00093,train,1,C3,1299.9670788758333,-52.07815828439922,-295.45130742739616
train_00093,train,2,A1,-749.9047509931784,272.9263284195184,99.23971140137239
train_00093,train,2,A2,-899.9163783019911,-199.03978572262548,166.99039990688925
train_00093,train,2,A3,-1049.926939442512,-34.54522030643842,-195.463100409563
train_00093,train,2,B1,-299.961587319157,282.00838309315736,102.61211295405586
train_00093,train,2,B2,-0.041430252456425065,-229.77190638079787,192.80861242410634
train_00093,train,2,B3,300.0093570473064,-52.149956582947674,-295.4513520172784
train_00093,train,2,C1,999.940667411587,281.83761661719143,102.59144629499934
train_00093,train,2,C2,1149.9860299822265,-229.83145688377178,192.79321292231708
train_00093,train,2,C3,1299.938517875581,-52.073871616974756,-295.49408074729473
train_00093,train,3,A1,-749.9559995200578,272.92283552121506,99.29942654519748
train_00093,train,3,A2,-899.9379481185877,-199.05591611454787,166.94537291752334
train_00093,train,3,A3,-1049.9536804612253,-34.60280428567694,-195.5020810718408
train_00093,train,3,B1,-299.97446681174995,281.96750205080224,102.61797063557805
train_00093,train,3,B2,-0.016532403609468026,-229.73734286483614,192.8512835085075
train_00093,train,3,B3,300.03132642265524,-52.13415009771167,-295.47448345976096
train_00093,train,3,C1,750.084273391853,281.76833756900083,102.63140192234202
train_00093,train,3,C2,899.8789393559174,-229.99066750037207,192.86792029648038
train_00093,train,3,C3,1049.9855394586602,-52.21303498219032,-295.4204350036805
train_00093,train,4,A1,-750.3818869321541,272.6392270798647,101.38923852687356
train_00093,train,4,A2,-900.2643318877192,-199.30425694706972,169.03969416268637
train_00093,train,4,A3,-1050.4313006891678,-34.74823613406753,-193.42779410378176
train_00093,train,4,B1,-300.3197330738614,281.7208227283019,104.60023050594305
train_00093,train,4,B2,-0.38879800060910374,-230.00297935219345,194.80600254482817
train_00093,train,4,B3,299.5742591195488,-52.27442899338659,-293.50253405032635
train_00093,train,4,C1,749.6322098981678,281.56977341730425,104.60383597434536
train_00093,train,4,C2,899.5720320229356,-230.1599396654903,194.77176313193033
train_00093,train,4,C3,1049.5258452150426,-52.372501722284646,-293.4754418928415
train_00094,train,0,A1,-1003.2491211350864,59.49321847615101,-185.76523850397757
train_00094,train,0,A2,-1150.8217112783902,-410.9170646636893,-103.31532881067103
train_00094,train,0,A3,-1310.1651289265876,-254.92140583129006,-465.6260809636991
train_00094,train,0,B1,-142.88955647384532,421.02259644480523,361.0741818387504
train_00094,train,0,B2,95.48929253888522,-119.31081111383352,255.39455799487544
train_00094,train,0,B3,298.5734833403724,150.56133036238532,-240.4978592808038
train_00094,train,0,C1,838.3886012385761,-53.81548672292989,175.27579543304157
train_00094,train,0,C2,995.2218811870379,-566.0115099164655,249.93662741851756
train_00094,train,0,C3,1268.0393489692228,-320.77113304283944,-147.54568376936925
train_00094,train,1,A1,-999.9677930754303,273.07951920201873,99.26970273482365
train_00094,train,1,A2,-1149.9969917366845,-198.84721803098083,167.02249016136716
train_00094,train,1,A3,-1299.9349855844316,-34.32459706788092,-195.41558480939665
train_00094,train,1,B1,-299.9867274650368,281.87900480568146,102.55759891781513
train_00094,train,1,B2,0.006550174511345161,-229.88745813467318,192.8464327553731
train_00094,train,1,B3,300.0371472325458,-52.09714848112931,-295.5401291480199
train_00094,train,1,C1,999.9488093981846,281.9409292793571,102.56017736956915
train_00094,train,1,C2,1149.9455764188522,-229.82462556169548,192.82271533804737
train_00094,train,1,C3,1299.9852748625046,-52.047995122828304,-295.4854743382839
train_00094,train,2,A1,-749.6362261542826,271.62511502996927,100.85756198251339
train_00094,train,2,A2,-899.5936583930411,-200.35010993323152,168.5723018972042
train_00094,train,2,A3,-1049.6616794723197,-35.73802763396278,-193.84135684229543
train_00094,train,2,B1,-300.0123770260662,281.8067293716818,102.59074888726576
train_00094,train,2,B2,0.04975390617626474,-229.86297216998898,192.73492261487573
train_00094,train,2,B3,300.02345862533997,-52.09614860584683,-295.51243099552704
train_00094,train,2,C1,1000.010219909684,281.89420018656443,102.66658682491249
train_00094,train,2,C2,1149.9716132978754,-229.8026111705953,192.82885329390484
train_00094,train,2,C3,1299.9483941376213,-52.02384315549316,-295.44701180537027
train_00094,train,3,A1,-749.5642129541408,271.6263256330859,100.89320557680804
train_00094,train,3,A2,-899.6091142723171,-200.29411049591837,168.60994864381388
train_00094,train,3,A3,-1049.682060039155,-35.83711286490409,-193.85465481061547
train_00094,train,3,B1,-300.0505482116768,281.84551057357015,102.57030349453903
train_00094,train,3,B2,0.000935074535580201,-229.87218896049833,192.7482254341198
train_00094,train,3,B3,300.0312794543171,-52.11343537964268,-295.53214628397006
train_00094,train,3,C1,749.9636369177806,281.9305076802941,102.6237086808865
train_00094,train,3,C2,900.063236948498,-229.68019276860284,192.8069593234027
train_00094,train,3,C3,1050.104557630822,-51.9509416666112,-295.41766434184615
train_00094,train,4,A1,-749.7196659025869,272.5771427375224,99.88142302584407
train_00094,train,4,A2,-900.0696987478963,-199.25610448803494,167.27413765307324
train_00094,train,4,A3,-1049.7117749115707,-34.479898100028194,-195.14613270457448
train_00094,train,4,B1,-300.0601828964961,282.4269638888528,101.8777428305774
train_00094,train,4,B2,-0.4737006263835534,-229.50025082033875,192.2513418808609
train_00094,train,4,B3,300.06114463869693,-51.85985642149541,-295.76438212180466
train_00094,train,4,C1,749.9099564495634,281.8251409006658,102.73985937971845
train_00094,train,4,C2,899.5349713102651,-230.02679700021795,192.94517827511604
train_00094,train,4,C3,1050.1035328553,-52.30243311746034,-295.08078238795764
train_00095,train,0,A1,-975.5881139717116,305.85451666261673,-155.0659789486135
train_00095,train,0,A2,-1126.4190082740752,-168.32290426461665,-107.65417942650495
train_00095,train,0,A3,-1323.7951784621775,30.518138613732553,-427.77037985150514
train_00095,train,0,B1,-470.3494630213442,-34.667953977057536,15.218729119368462
train_00095,train,0,B2,-167.20132228652207,-510.6549006958616,219.0488084295736
train_00095,train,0,B3,88.7486921914372,-485.2505786402293,-323.0218631577971
train_00095,train,0,C1,1156.8698616088736,173.1791181731838,-209.9959375075932
train_00095,train,0,C2,1358.8622095885262,-324.4809381086255,-146.13890586931515
train_00095,train,0,C3,1437.9076241601158,-130.23284380150898,-644.6825392259547
train_00095,train,1,A1,-1000.0263221993272,272.8538902868162,99.35828695385736
train_00095,train,1,A2,-1150.0179671469089,-199.12662153114013,167.019844569866
train_00095,train,1,A3,-1299.9709062378886,-34.53191366497176,-195.35526014428504
train_00095,train,1,B1,-300.04451369337045,281.85768769722944,102.57715076489774
train_00095,train,1,B2,0.03945625887583674,-229.8597014979511,192.87659258845838
train_00095,train,1,B3,299.98319410236087,-52.14809956227395,-295.4980832103001
train_00095,train,1,C1,999.985097833022,281.87382634522515,102.5767570649373
train_00095,train,1,C2,1150.0275233568777,-229.7925406835209,192.85781885651778
train_00095,train,1,C3,1299.994621999255,-52.156296318619624,-295.3939819885102
train_00095,train,2,A1,-750.0264077751294,272.8255893096006,99.38077951478613
train_00095,train,2,A2,-899.9486130216709,-199.22536006279248,167.14819625638523
train_00095,train,2,A3,-1050.0307364370528,-34.65087465028673,-195.28054312956172
train_00095,train,2,B1,-300.0573771395973,281.8979127881508,102.57159290228445
train_00095,train,2,B2,0.002093488460054086,-229.79606575412177,192.80645706262288
train_00095,train,2,B3,299.9600364785394,-52.120692367261746,-295.4704191122995
train_00095,train,2,C1,999.9720089487953,281.8672699326446,102.54918396975111
train_00095,train,2,C2,1149.9534011693167,-229.8490182784375,192.78390369628661
train_00095,train,2,C3,1300.0285211837306,-52.11851960684516,-295.39904013587307
train_00095,train,3,A1,-749.9853975307948,272.7909660704425,99.38025555188509
train_00095,train,3,A2,-899.9037523381968,-199.17947434323727,167.16089123298042
train_00095,train,3,A3,-1050.0251024917914,-34.61142296129453,-195.28594249397804
train_00095,train,3,B1,-299.9473658099012,281.9167648754001,102.56650331259969
train_00095,train,3,B2,-0.05637410589869024,-229.83144893198187,192.86223446630632
train_00095,train,3,B3,299.9208887815904,-52.06711963684575,-295.4697537727542
train_00095,train,3,C1,749.9652153451946,281.9578367232786,102.506855102153
train_00095,train,3,C2,899.9660039064848,-229.75214066000203,192.7704872242725
train_00095,train,3,C3,1049.9021832924702,-52.03014185333841,-295.50030184877875
train_00095,train,4,A1,-749.9815279469946,272.932138731161,99.2757794677328
train_00095,train,4,A2,-899.8942063235148,-199.08707457566175,167.02198004215435
train_00095,train,4,A3,-1049.9812751923496,-34.53757493081318,-195.4304906167291
train_00095,train,4,B1,-300.00336114260693,281.9821090831307,102.55157432847518
train_00095,train,4,B2,0.03589794083888877,-229.6548472219897,192.76894044228766
train_00095,train,4,B3,300.0612997029073,-52.024978852084374,-295.43620023403844
train_00095,train,4,C1,750.0308208287186,282.03163687535334,102.55314702149857
train_00095,train,4,C2,900.0412977806855,-229.67732484313453,192.78672899594952
train_00095,train,4,C3,1049.957983389566,-51.965590446394714,-295.4998023360257
train_00096,train,0,A1,-888.2248724843035,23.858323255450593,334.3089649069382
train_00096,train,0,A2,-963.204444101875,-468.69381862771576,374.1807980643786
train_00096,train,0,A3,-1079.5382456602895,-320.1736656897175,-6.948322645906157
train_00096,train,0,B1,-166.7199308073799,207.48424360245744,-120.33441108759172
train_00096,train,0,B2,265.5448566017422,-208.49130731728897,-129.32280414212866
train_00096,train,0,B3,494.23862395362926,146.35845536878227,-555.6983702467625
train_00096,train,0,C1,1024.7309242964036,99.29766932472728,-187.25998550081675
train_00096,train,0,C2,1093.5156510713296,-436.33917357357143,-216.04661065679244
train_00096,train,0,C3,1381.0182851991826,-169.44919183239148,-588.2293899932188
train_00096,train,1,A1,-1000.0322182192908,273.0002313407907,99.40577042112433
train_00096,train,1,A2,-1149.9922676248752,-199.02335041716125,166.99809075223013
train_00096,train,1,A3,-1299.9649050197488,-34.455052672668984,-195.39372552014268
train_00096,train,1,B1,-299.99974700696646,281.97508165101794,102.56819109687865
train_00096,train,1,B2,0.060210167591340624,-229.76962109660332,192.83087162891383
train_00096,train,1,B3,300.0099652430728,-52.016974400339045,-295.4426758671797
train_00096,train,1,C1,1000.0882908831389,281.9637220487698,102.55576299919213
train_00096,train,1,C2,1150.0447390910738,-229.7397753532043,192.88228323806442
train_00096,train,1,C3,1300.067334738518,-52.104598903249546,-295.439149819905
train_00096,train,2,A1,-749.9369606614647,272.9880203558169,99.2345684817
train_00096,train,2,A2,-900.013530096302,-198.96629278327794,166.96610734441126
train_00096,train,2,A3,-1050.0342101394654,-34.48256456365757,-195.4866894322122
train_00096,train,2,B1,-300.0190494106136,281.96501056882335,102.545636486133
train_00096,train,2,B2,0.02999122500953661,-229.73491458397294,192.769475753634
train_00096,train,2,B3,300.01801724755995,-52.020570389669004,-295.4291432595158
train_00096,train,2,C1,1000.0660678680815,281.98698912192947,102.51881213357585
train_00096,train,2,C2,1150.035271168036,-229.7334379905849,192.82536748299012
train_00096,train,2,C3,1300.0221439390973,-52.08066660406819,-295.4872248097009
train_00096,train,3,A1,-749.9648301656906,272.94989752966285,99.30343167454265
train_00096,train,3,A2,-899.9829834416739,-199.03637251140074,166.93016398844156
train_00096,train,3,A3,-1049.9950325821214,-34.472448209614114,-195.4475130817903
train_00096,train,3,B1,-299.97643353340936,281.9415749949402,102.5923513475677
train_00096,train,3,B2,0.014113134226899495,-229.73137546511697,192.8059889955574
train_00096,train,3,B3,300.04085794096164,-51.97344135921001,-295.5053308199576
train_00096,train,3,C1,750.020304943053,281.9912514620646,102.68160304872656
train_00096,train,3,C2,900.0126820780835,-229.65913484934964,192.94296327712325
train_00096,train,3,C3,1050.110217709447,-51.96460846639318,-295.28870613797017
train_00096,train,4,A1,-749.9808854849227,272.9720839506785,99.392760971565
train_00096,train,4,A2,-900.0346827813287,-198.93457546800613,167.0993697788333
train_00096,train,4,A3,-1050.122157822852,-34.39709115658508,-195.35229935358643
train_00096,train,4,B1,-299.974869924585,281.92207315307576,102.58937118657484
train_00096,train,4,B2,-0.01701337691954343,-229.82137460406145,192.8777305144966
train_00096,train,4,B3,299.95391384518905,-52.07072535336689,-295.4178993040828
train_00096,train,4,C1,749.960177229198,281.92202109298637,102.66025617646307
train_00096,train,4,C2,899.9303269039435,-229.86306100687491,192.85192218929197
train_00096,train,4,C3,1049.9954012494375,-52.11054669055799,-295.3897177537185
train_00097,train,0,A1,-742.0423875020139,139.69838959811676,411.9311856502612
train_00097,train,0,A2,-990.1179254488263,-290.36674888968133,469.9304135755552
train_00097,train,0,A3,-1140.9576793424915,-61.864879127795795,144.42528359348725
train_00097,train,0,B1,-380.06545397112905,134.165724345575,262.24402274757017
train_00097,train,0,B2,88.70670583451215,-238.22643460532518,301.87368322688894
train_00097,train,0,B3,288.00801705921714,83.87666804183667,-163.48270231957147
train_00097,train,0,C1,1218.346839491817,280.2069252097883,143.2179609897876
train_00097,train,0,C2,1367.9953065058594,-231.7874109199287,232.45625673935325
train_00097,train,0,C3,1518.2096550443794,-53.1371934503773,-255.39917752588028
train_00097,train,1,A1,-1000.0083085654451,272.97048220468326,99.36946519184802
train_00097,train,1,A2,-1149.9859172352935,-199.05022456728616,166.9502056965024
train_00097,train,1,A3,-1299.991842561848,-34.47802358551687,-195.4467470488507
train_00097,train,1,B1,-300.04172164468883,281.9601111265607,102.53838631574109
train_00097,train,1,B2,-0.10839961322441422,-229.79751169618575,192.78047985662099
train_00097,train,1,B3,300.0019338486379,-52.19657057586744,-295.4579403863525
train_00097,train,1,C1,999.9513963977729,281.9401846984403,102.56424168842564
train_00097,train,1,C2,1149.990125897822,-229.72605141559995,192.75862748298562
train_00097,train,1,C3,1299.9254019540178,-52.09560623347595,-295.4583919092492
train_00097,train,2,A1,-751.6592218594402,271.9818350975667,99.77622214995827
train_00097,train,2,A2,-901.6377215801247,-200.03083474587018,167.3782617190868
train_00097,train,2,A3,-1051.5655117552553,-35.453602582031046,-194.98941047288233
train_00097,train,2,B1,-299.97827172752363,281.9223328603112,102.53382305312662
train_00097,train,2,B2,-0.0903914172993469,-229.79554737303354,192.80735648363165
train_00097,train,2,B3,300.0320188146881,-52.10398063109005,-295.42877516550936
train_00097,train,2,C1,999.914830982944,281.9643104080521,102.55286518152708
train_00097,train,2,C2,1149.9489085014472,-229.7189609149957,192.79941778495757
train_00097,train,2,C3,1299.9317973001503,-52.121343961454855,-295.4890190384252
train_00097,train,3,A1,-751.6625822143226,271.95970553716853,99.78020334562186
train_00097,train,3,A2,-901.6817577971141,-199.98106915322816,167.3984157873514
train_00097,train,3,A3,-1051.6303034556713,-35.45232686883052,-195.05630870263053
train_00097,train,3,B1,-299.9772761814462,281.9270632810133,102.57546857492287
train_00097,train,3,B2,-0.041175300985219494,-229.83095329257992,192.76291692774313
train_00097,train,3,B3,299.92439888714574,-52.13003510581049,-295.46408159148484
train_00097,train,3,C1,749.9825170145336,281.756423629531,102.77719359982865
train_00097,train,3,C2,899.9442906200843,-229.9749708416315,192.8876340066699
train_00097,train,3,C3,1049.9844662752184,-52.2090303183282,-295.308280835388
train_00097,train,4,A1,-751.0508440384136,272.63884326118006,99.52157012935537
train_00097,train,4,A2,-901.2789769573324,-199.25401762239676,167.16207481595595
train_00097,train,4,A3,-1051.0921814437684,-34.65081969937832,-195.34534983662016
train_00097,train,4,B1,-299.2963208032596,282.43443337031914,102.35077598324159
train_00097,train,4,B2,0.366144518507244,-229.40479501234253,192.63630172888085
train_00097,train,4,B3,300.5553840129404,-51.90061867183749,-295.66016035473666
train_00097,train,4,C1,750.6938001622609,281.8580178033469,102.63053632317505
train_00097,train,4,C2,900.4173685393799,-229.92667804443883,192.88412582747446
train_00097,train,4,C3,1050.6188640674707,-52.23907305036614,-295.355531256366
train_00098,train,0,A1,-1076.093808661415,188.91751666455318,53.417561272168854
train_00098,train,0,A2,-1235.7036462836625,-269.5276746215489,172.49684637532692
train_00098,train,0,A3,-1349.8667774382673,-158.48766216663168,-221.87704574438945
train_00098,train,0,B1,-377.7502120714907,235.60003095006545,-235.4599874896362
train_00098,train,0,B2,49.782668246468674,-147.96257238784037,-62.05267718357766
train_00098,train,0,B3,263.52689327117224,-41.24557175829082,-612.4180221622664
train_00098,train,0,C1,1145.660246130544,500.7097472941359,46.363347398111124
train_00098,train,0,C2,1351.8700494093587,10.654990166884346,-52.475038719741995
train_00098,train,0,C3,1500.2180089191083,377.0067183625707,-421.6586537765582
train_00098,train,1,A1,-999.9354250132849,272.99789930415335,99.35072282686214
train_00098,train,1,A2,-1150.0146083499453,-199.00053109691066,167.07072785667114
train_00098,train,1,A3,-1299.989509984844,-34.53061298428458,-195.4328362805754
train_00098,train,1,B1,-299.95613152136394,281.8628278706553,102.5719667649375
train_00098,train,1,B2,0.11818640754589271,-229.84375728490073,192.83540732848397
train_00098,train,1,B3,300.00497719841934,-52.06168627266153,-295.48857121710347
train_00098,train,1,C1,1000.0267605959631,281.91983938470855,102.59877538131235
train_00098,train,1,C2,1149.9671715714355,-229.84218697245015,192.79973016859176
train_00098,train,1,C3,1300.0320526294174,-52.12710538474358,-295.3900495385949
train_00098,train,2,A1,-749.9824161367844,272.7724336042009,99.35305989935141
train_00098,train,2,A2,-899.820678427166,-199.26565188002516,167.12535940101125
train_00098,train,2,A3,-1050.0129819368017,-34.690389503752314,-195.35219662435605
train_00098,train,2,B1,-299.9935992400514,281.89543635529225,102.55078632016772
train_00098,train,2,B2,0.005397775430250627,-229.78719984702303,192.7968641697541
train_00098,train,2,B3,299.99324951771865,-52.12541835721597,-295.4590094650047
train_00098,train,2,C1,1000.0227267247174,281.9899428341193,102.66114339828151
train_00098,train,2,C2,1149.9578905010299,-229.83213263984794,192.84687721974814
train_00098,train,2,C3,1300.044196365982,-52.09256538097597,-295.4096842032879
train_00098,train,3,A1,-749.9978402118796,272.8492831320654,99.40144986088941
train_00098,train,3,A2,-899.8728894832094,-199.19979196875238,167.02619500698307
train_00098,train,3,A3,-1049.9542598116325,-34.65117471965402,-195.30452656228448
train_00098,train,3,B1,-299.9860218657997,281.85872575917085,102.58013372088405
train_00098,train,3,B2,0.03609548043862496,-229.8106854969925,192.8424675332149
train_00098,train,3,B3,299.98379082724557,-52.05345745762152,-295.5214293174272
train_00098,train,3,C1,749.2823152112179,283.21551401911853,103.79291473385297
train_00098,train,3,C2,899.3225090009578,-228.42406358494222,194.0847617255125
train_00098,train,3,C3,1049.2561860686708,-50.82738978056266,-294.19101615029496
train_00098,train,4,A1,-749.4859045944303,272.94946704289583,99.40748647757411
train_00098,train,4,A2,-899.6802714811853,-198.96308674729647,167.1304200270804
train_00098,train,4,A3,-1049.8972245654484,-34.331101002798725,-195.21666352038937
train_00098,train,4,B1,-299.46796354245123,281.6839096612323,102.3664098383331
train_00098,train,4,B2,0.20854232100888087,-230.27494803221504,192.38577165748623
train_00098,train,4,B3,300.0794817024041,-52.73470152324558,-296.0913634879
train_00098,train,4,C1,749.7747502819741,282.31807380942416,102.9799115183117
train_00098,train,4,C2,899.5265183069256,-229.5268393462308,193.07632466645148
train_00098,train,4,C3,1049.2846549099525,-51.89172735958594,-295.1936683465187
train_00099,train,0,A1,-1069.08239845713,580.8570004727376,-135.62353798593634
train_00099,train,0,A2,-1209.350603428949,105.64580515298074,-69.67688448986218
train_00099,train,0,A3,-1382.3571733264612,275.95270284499657,-418.9491756796294
train_00099,train,0,B1,-340.02801411778904,229.0948289805952,-164.87356344823584
train_00099,train,0,B2,-75.99894882382219,-258.3617218197958,64.52927978223035
train_00099,train,0,B3,272.00227905765234,-206.2450167500719,-421.4312486726587
train_00099,train,0,C1,1000.6629550069,124.29121768266327,175.20193883575072
train_00099,train,0,C2,1142.204320634057,-388.5207733827229,272.6646845270758
train_00099,train,0,C3,1300.3165207363882,-218.24826348623512,-215.6837496409396
train_00099,train,1,A1,-999.9701715218011,273.04520487670055,99.3121393167286
train_00099,train,1,A2,-1149.9349882168165,-198.9714699216914,166.98205509730522
train_00099,train,1,A3,-1299.9771345790969,-34.32261210507853,-195.440610649407
train_00099,train,1,B1,-300.0366595875423,281.84154562636564,102.59104151507663
train_00099,train,1,B2,0.10003707755909301,-229.82311177403867,192.82621490683223
train_00099,train,1,B3,300.07045246673886,-52.05495801497336,-295.44780120754206
train_00099,train,1,C1,999.9526734174007,281.8507822068397,102.53956536268564
train_00099,train,1,C2,1149.9853900410387,-229.83626216021472,192.81966840130076
train_00099,train,1,C3,1299.957693106923,-52.165367942823316,-295.49096228485456
train_00099,train,2,A1,-749.7330161300036,273.8148728765681,101.00732191877363
train_00099,train,2,A2,-899.70774643931,-198.16539916522476,168.70358900617111
train_00099,train,2,A3,-1049.6960059740895,-33.700779941584706,-193.7827331683364
train_00099,train,2,B1,-299.953621048931,281.872959351402,102.62073416508721
train_00099,train,2,B2,0.11703851140792912,-229.82283803930636,192.8144126255413
train_00099,train,2,B3,300.03667504985395,-52.055014510508784,-295.48341574061106
train_00099,train,2,C1,999.9870456498599,281.8719534792917,102.5858041501096
train_00099,train,2,C2,1150.062705333614,-229.7893391985004,192.80537735980633
train_00099,train,2,C3,1299.966414591703,-52.13616887178927,-295.51441633624006
train_00099,train,3,A1,-749.7992335636253,273.82407748983604,101.06551923882915
train_00099,train,3,A2,-899.7177827726862,-198.146477041476,168.7161965823886
train_00099,train,3,A3,-1049.7616147198669,-33.64617416610968,-193.78655798800958
train_00099,train,3,B1,-300.0353056568587,281.79184233133714,102.61334186445818
train_00099,train,3,B2,0.11465530680952449,-229.7723486088168,192.83034072954865
train_00099,train,3,B3,300.0618433357224,-52.05906496378199,-295.482901774377
train_00099,train,3,C1,750.0405566150788,282.01974971540756,102.59692445581818
train_00099,train,3,C2,900.0763272746422,-229.65150573152545,192.68711994041095
train_00099,train,3,C3,1050.0939214187567,-51.94354280822435,-295.5474087976681
train_00099,train,4,A1,-750.0314855888519,273.24243555445156,99.95699051992277
train_00099,train,4,A2,-899.8678055060263,-198.86371933106955,167.43915124404384
train_00099,train,4,A3,-1049.5555261888828,-34.43170290275701,-195.1483724382778
train_00099,train,4,B1,-300.2685685788696,281.37909355990166,101.81039959241444
train_00099,train,4,B2,-0.09125807402837816,-230.18597521466702,192.28325528063286
train_00099,train,4,B3,300.1769363232746,-52.275990337410704,-295.69254390063367
train_00099,train,4,C1,749.8026504957296,281.8979242467836,102.68350878172139
train_00099,train,4,C2,899.8768083776729,-229.7910076456269,192.96241800978007
train_00099,train,4,C3,1050.2727849583036,-51.943005644594294,-295.17146872680445
train_00100,train,0,A1,-984.9560533073056,90.21360369953771,323.7926454434864
train_00100,train,0,A2,-1173.4944577605645,-368.3786092533661,387.2160937093501
train_00100,train,0,A3,-1306.9679886463723,-189.77530738830092,24.956675552902066
train_00100,train,0,B1,-241.20629469655216,281.68800375892636,360.53735111111746
train_00100,train,0,B2,108.77042459580439,-203.6990189823991,403.6075785260687
train_00100,train,0,B3,439.42784827167986,91.48743527416808,-0.750350155050324
train_00100,train,0,C1,1085.138629546499,452.16257595842984,-51.12072914574886
train_00100,train,0,C2,1106.589174444059,-86.52195448467693,-9.01180544659366
train_00100,train,0,C3,1166.956012905655,84.91665217642483,-518.3717862719025
train_00100,train,1,A1,-1000.0267006326254,273.03369002581576,99.31448257692058
train_00100,train,1,A2,-1150.012644840769,-199.05051684746977,167.06882538174742
train_00100,train,1,A3,-1299.9918123956395,-34.51979666543414,-195.45982163139703
train_00100,train,1,B1,-299.9243797793541,281.8673294902153,102.66911741478815
train_00100,train,1,B2,0.0038455009884118766,-229.86540856825047,192.84780222660928
train_00100,train,1,B3,300.0194114721922,-52.192063033927404,-295.4052411247573
train_00100,train,1,C1,1000.0197902962066,281.91181037011415,102.61636332147911
train_00100,train,1,C2,1149.9631622541376,-229.8908287827651,192.8090637547983
train_00100,train,1,C3,1299.9561759269295,-52.13824532664096,-295.3695750808559
train_00100,train,2,A1,-749.89747333514,273.0123368737055,99.30272869603559
train_00100,train,2,A2,-899.9480890465666,-198.94958600296536,166.9166261232876
train_00100,train,2,A3,-1049.9527767133206,-34.38285488118382,-195.503618287348
train_00100,train,2,B1,-300.02080915906765,281.8689504892651,102.58142562784225
train_00100,train,2,B2,-0.00721832807617377,-229.9327176627342,192.82573563491763
train_00100,train,2,B3,300.02852061959146,-52.154835366208054,-295.42919085667955
train_00100,train,2,C1,1000.0025705666601,281.91741448187867,102.62109093044005
train_00100,train,2,C2,1149.9478119606235,-229.79463825925623,192.84311313185844
train_00100,train,2,C3,1300.0275313802913,-52.135106478737164,-295.45857281740473
train_00100,train,3,A1,-749.8853972399367,272.98700790240065,99.3289844120609
train_00100,train,3,A2,-899.957433424187,-198.95519575980146,166.99278374790035
train_00100,train,3,A3,-1049.9010005530881,-34.339052013872745,-195.47107396187815
train_00100,train,3,B1,-299.9375170070005,281.8535284091609,102.60113670005643
train_00100,train,3,B2,0.025581747792608845,-229.88765389085728,192.86734241242868
train_00100,train,3,B3,299.98523436531127,-52.19522812939693,-295.4145312407292
train_00100,train,3,C1,749.9617200386563,281.8215989422808,102.66078353542508
train_00100,train,3,C2,900.0232600482996,-229.9161438659501,192.876357523294
train_00100,train,3,C3,1050.031041006677,-52.10265687272554,-295.3648914633142
train_00100,train,4,A1,-749.9267150581074,272.9776524973399,99.29845573194967
train_00100,train,4,A2,-899.975202478149,-199.0055452392364,166.9306383912283
train_00100,train,4,A3,-1050.0172152541884,-34.41086770100187,-195.48956251788633
train_00100,train,4,B1,-300.10382903288183,281.88645213921865,102.58789048949039
train_00100,train,4,B2,-0.08880931943214629,-229.8836937290438,192.8368056710287
train_00100,train,4,B3,299.95609692009464,-52.16268587267989,-295.4492413961674
train_00100,train,4,C1,749.8444171683582,281.93961712417894,102.7196663562146
train_00100,train,4,C2,899.9066960066681,-229.76520435929467,192.82580104336174
train_00100,train,4,C3,1049.9567714598227,-52.057604220291815,-295.43452391819216
train_00101,train,0,A1,-1047.6156449855553,21.648429967561086,-137.8315062932769
train_00101,train,0,A2,-1141.3535466103474,-469.1596248643123,-150.32242535963442
train_00101,train,0,A3,-1334.2781938067765,-261.91726336073975,-467.6555133960576
train_00101,train,0,B1,-546.8581013470724,264.0492497590873,315.73376902486035
train_00101,train,0,B2,-326.1600718729997,-289.4166521735902,245.62200109219773
train_00101,train,0,B3,-14.913936560933829,-28.110787058782023,-195.7565798415613
train_00101,train,0,C1,1231.7674801295357,78.18960163606998,23.556666025954904
train_00101,train,0,C2,1383.3354438978909,-431.5732399249413,122.1516714610949
train_00101,train,0,C3,1533.7959079777038,-261.0261285279775,-368.54292205849436
train_00101,train,1,A1,-1000.003852931793,273.01950879136126,99.31037004346595
train_00101,train,1,A2,-1150.120330906882,-199.00904242578852,166.9118797849153
train_00101,train,1,A3,-1299.9230198370171,-34.390511215954625,-195.59614965321236
train_00101,train,1,B1,-299.9819936663403,281.90365019023864,102.58519078115734
train_00101,train,1,B2,0.06022854375032886,-229.81786204177803,192.78840579940845
train_00101,train,1,B3,299.99944721642794,-52.09092479949717,-295.44697933935373
train_00101,train,1,C1,1000.0238776585883,281.88451965273055,102.64866724450764
train_00101,train,1,C2,1150.0262942173144,-229.7617901309699,192.88265778501622
train_00101,train,1,C3,1300.001270973518,-52.10725778767165,-295.4275928905387
train_00101,train,2,A1,-750.0308429527845,272.94017110598855,99.32381231324473
train_00101,train,2,A2,-899.9263587032277,-199.02806791621086,167.00763815640943
train_00101,train,2,A3,-1050.0417888020079,-34.49480227013924,-195.37285347159533
train_00101,train,2,B1,-299.98380023240287,281.8791323691319,102.53017131966905
train_00101,train,2,B2,0.0017045846452466082,-229.75534729419894,192.7769662306077
train_00101,train,2,B3,300.0644437030935,-52.08729727905006,-295.43646078904584
train_00101,train,2,C1,999.9498376213243,281.9313029888513,102.63941443388842
train_00101,train,2,C2,1150.0300476821174,-229.7784109716372,192.85215633670128
train_00101,train,2,C3,1299.9804588231752,-52.08398550389208,-295.4474789354708
train_00101,train,3,A1,-749.9652541814482,272.9558760966846,99.27339947784752
train_00101,train,3,A2,-899.9906147356171,-199.05501179399027,166.9704732765333
train_00101,train,3,A3,-1050.0105528393362,-34.38715477826954,-195.40943867888257
train_00101,train,3,B1,-300.0470293774668,281.8116001237723,102.5823921695645
train_00101,train,3,B2,0.046893400788091046,-229.75912358299928,192.79652364387218
train_00101,train,3,B3,300.04404426956285,-52.08184815125132,-295.45275687921605
train_00101,train,3,C1,750.0438815589591,281.99911095080387,102.62398011722772
train_00101,train,3,C2,899.9827372365773,-229.73636968833964,192.8901031529856
train_00101,train,3,C3,1050.0806081730411,-52.02238630028968,-295.370521504134
train_00101,train,4,A1,-750.0200919673218,272.94267216681277,99.29328565155403
train_00101,train,4,A2,-900.0359634948677,-199.01377311652314,166.90281577300203
train_00101,train,4,A3,-1050.0559573099013,-34.485484798835536,-195.39304642284267
train_00101,train,4,B1,-300.02639375596794,281.8201952345699,102.53621527906702
train_00101,train,4,B2,-0.0384688290918238,-229.77004692583796,192.814389269147
train_00101,train,4,B3,299.9640044255314,-52.09924565127338,-295.4595101724153
train_00101,train,4,C1,749.9773193081542,281.9297153307482,102.63775893396733
train_00101,train,4,C2,899.9715688094078,-229.7881845710359,192.92867411709273
train_00101,train,4,C3,1050.062963258389,-52.13072618187624,-295.35811801511585
train_00102,train,0,A1,-1242.1660466482058,516.3123265694227,252.59603390103058
train_00102,train,0,A2,-1436.8776366092848,64.38146902506573,340.294513070438
train_00102,train,0,A3,-1626.1674991193622,258.6765852724799,12.805184814787005
train_00102,train,0,B1,-448.3987218915396,19.942981757001654,304.79422870675836
train_00102,train,0,B2,-125.56484430996528,-471.3925669797139,424.00829266058446
train_00102,train,0,B3,142.06764100773924,-329.6726552127342,-93.87427909071116
train_00102,train,0,C1,775.8571823293026,54.5387210516054,443.72658200155536
train_00102,train,0,C2,944.5667963782922,-456.4188038953191,497.8780646400822
train_00102,train,0,C3,1057.5249928709472,-250.61971159586847,10.647231255849643
train_00102,train,1,A1,-1000.0230824799837,272.92622987002056,99.29605419904969
train_00102,train,1,A2,-1149.972805145353,-199.08644949865865,166.9257970321981
train_00102,train,1,A3,-1299.9603470022437,-34.514072925271634,-195.45316572185828
train_00102,train,1,B1,-300.00795915457326,281.95501607252675,102.56745967828077
train_00102,train,1,B2,0.03628995414957716,-229.7499221511809,192.86238092853563
train_00102,train,1,B3,299.9320200437549,-52.116110452969345,-295.4632519721628
train_00102,train,1,C1,1000.0356820868882,281.9522338010664,102.62052333099645
train_00102,train,1,C2,1149.9935923995984,-229.79476417822673,192.88677739268496
train_00102,train,1,C3,1300.0434725877192,-52.1091832266663,-295.43938125543576
train_00102,train,2,A1,-750.0281680810461,272.9894042348258,99.35824913586222
train_00102,train,2,A2,-900.0343873542456,-199.02534524945926,167.0785925507142
train_00102,train,2,A3,-1050.0403567592912,-34.47845144799598,-195.3204794918194
train_00102,train,2,B1,-300.00250046008034,281.9327767935896,102.63488542996993
train_00102,train,2,B2,-0.011275651164423264,-229.7686151882813,192.8542995187448
train_00102,train,2,B3,299.962162762261,-52.12991200901282,-295.490060484026
train_00102,train,2,C1,1000.0377602537271,281.8869376554182,102.57719144829709
train_00102,train,2,C2,1149.984380500002,-229.7674492092575,192.87467615068925
train_00102,train,2,C3,1300.078781239304,-52.083889202367864,-295.41434390114387
train_00102,train,3,A1,-749.9892056127642,272.96900689955663,99.36218200987092
train_00102,train,3,A2,-900.0301383870492,-198.92580457555195,167.1530237629655
train_00102,train,3,A3,-1050.0586205214518,-34.50267485312283,-195.27763769306077
train_00102,train,3,B1,-300.0096047901886,281.9685127021637,102.60000641323327
train_00102,train,3,B2,0.003845558937943132,-229.7448051489105,192.90399212773542
train_00102,train,3,B3,299.9187075046765,-52.129551453360484,-295.5120263728562
train_00102,train,3,C1,750.1001143816525,281.2715415606573,100.62671896489387
train_00102,train,3,C2,899.9931293220448,-230.47528582404993,190.78123349972236
train_00102,train,3,C3,1049.8874926371955,-52.7347741698235,-297.54379782372285
train_00102,train,4,A1,-750.1659609374174,272.90408822815687,99.27633428960058
train_00102,train,4,A2,-900.1600658640601,-199.13675943617352,166.78334017999973
train_00102,train,4,A3,-1049.8307107773774,-34.577791469148536,-195.74788843934277
train_00102,train,4,B1,-300.24078672202796,281.99386570928795,102.995331030604
train_00102,train,4,B2,-0.13566650424809198,-229.60024477158325,193.44891334733688
train_00102,train,4,B3,300.28622184390747,-51.829772459385374,-294.52609411611394
train_00102,train,4,C1,749.8602598483059,281.75481375378916,102.16500785587449
train_00102,train,4,C2,899.8493470163281,-229.9845184296796,192.31675170972784
train_00102,train,4,C3,1050.2324639962221,-52.12674590813422,-295.80802811588904
train_00103,train,0,A1,-1263.220414176533,312.77882722050066,335.1088434952671
train_00103,train,0,A2,-1242.4615886582774,-173.52353007560865,448.9210679489789
train_00103,train,0,A3,-1471.4285143509574,-101.5164971732882,97.70029221018538
train_00103,train,0,B1,-307.81676791886747,-26.243486155672123,-47.96307410841416
train_00103,train,0,B2,69.28961451867715,-403.0457060846558,227.4069666793539
train_00103,train,0,B3,390.9011164681316,-327.8760082487766,-273.4935182373871
train_00103,train,0,C1,696.7393129314698,462.9273063142462,155.27784992197093
train_00103,train,0,C2,933.3624439744726,-21.698260931252126,196.53432534039996
train_00103,train,0,C3,1048.555258733856,227.03008682181064,-269.63512547160707
train_00103,train,1,A1,-999.9945543757735,273.0446416534994,99.33632270268168
train_00103,train,1,A2,-1150.0807419698288,-198.9149417222766,166.9860083359385
train_00103,train,1,A3,-1299.9953199792583,-34.380585922279174,-195.42305861158275
train_00103,train,1,B1,-299.9673888272904,281.92867646267524,102.56574478027291
train_00103,train,1,B2,0.0281945292801635,-229.83328015089182,192.7779082025347
train_00103,train,1,B3,300.07395784766976,-52.02328855807391,-295.43792108996666
train_00103,train,1,C1,999.9602796544399,281.94043102486756,102.5132486843872
train_00103,train,1,C2,1149.9072975637384,-229.84321485957727,192.7073565356919
train_00103,train,1,C3,1299.9820876375063,-52.16401570894459,-295.5170463668349
train_00103,train,2,A1,-749.8835909202105,273.0009180043056,99.26226712943549
train_00103,train,2,A2,-899.9814817774793,-199.05014323177454,166.77844877568646
train_00103,train,2,A3,-1049.82957203123,-34.415842691356175,-195.57632366422678
train_00103,train,2,B1,-299.9549678681487,281.9470483503902,102.66593489396726
train_00103,train,2,B2,0.060774387297076606,-229.77310039914994,192.78382813814062
train_00103,train,2,B3,299.9919534527591,-52.03274940741241,-295.5148396967433
train_00103,train,2,C1,999.9782660094554,281.90090998699384,102.47137404422543
train_00103,train,2,C2,1149.9527015345736,-229.8348063987181,192.76220176889439
train_00103,train,2,C3,1300.019903727928,-52.170908214103676,-295.58222571921965
train_00103,train,3,A1,-749.8839959999865,272.95542878716776,99.2608362268846
train_00103,train,3,A2,-899.9959684687855,-199.00387276243558,166.73766352415453
train_00103,train,3,A3,-1049.899129340822,-34.33374253614686,-195.54827343080024
train_00103,train,3,B1,-299.91647081997405,281.8960446577615,102.61647460602339
train_00103,train,3,B2,0.09600047436509478,-229.7755038394626,192.83197262197385
train_00103,train,3,B3,300.0597521518603,-52.0096008636551,-295.4639698371466
train_00103,train,3,C1,750.0314735621861,281.98451964121176,102.59711443522338
train_00103,train,3,C2,900.0676176419728,-229.78348931103994,192.71114587962757
train_00103,train,3,C3,1049.9754785073292,-51.9022568493786,-295.5811438245841
train_00103,train,4,A1,-749.7128957531215,274.97097978844056,99.08950782618166
train_00103,train,4,A2,-899.766350597386,-197.04027773822204,166.74610205010075
train_00103,train,4,A3,-1049.7393943074744,-32.445103879132304,-195.6393149247069
train_00103,train,4,B1,-299.7537182336988,283.9021247806293,102.38423644341644
train_00103,train,4,B2,0.1911762594424734,-227.80057424838122,192.73795472140492
train_00103,train,4,B3,300.19112935557683,-50.185447394445305,-295.6397510485137
train_00103,train,4,C1,750.2321581336322,283.9703848362879,102.3213516119013
train_00103,train,4,C2,900.2327591545281,-227.78944629918334,192.56831757722517
train_00103,train,4,C3,1050.1415279481437,-50.1618449809782,-295.72314144344097
train_00104,train,0,A1,-1089.6565075452024,347.6836978669131,-191.42984832870738
train_00104,train,0,A2,-1297.424395205044,-94.07760882438114,-84.11780963617626
train_00104,train,0,A3,-1337.2658038739467,4.992110923075996,-495.8471785734385
train_00104,train,0,B1,-500.5023549371553,168.80196353457725,254.40692591756854
train_00104,train,0,B2,-94.88919932154566,-254.959779842718,380.7902546571566
train_00104,train,0,B3,109.26886278826285,-116.43672106251528,-166.2067652023761
train_00104,train,0,C1,703.3394314284199,0.71179161111404,-82.21499208011399
train_00104,train,0,C2,864.9657881414971,-508.04774483719086,4.7961600435404526
train_00104,train,0,C3,1016.3592658324729,-321.6256103555542,-479.8318439001865
train_00104,train,1,A1,-999.9799319400182,272.9512954717889,99.38413422538227
train_00104,train,1,A2,-1150.0807599797508,-198.95549091871067,167.00314960313113
train_00104,train,1,A3,-1299.9947500351182,-34.33370128907918,-195.44281091480264
train_00104,train,1,B1,-300.03471622621754,281.9475392160908,102.65277350085347
train_00104,train,1,B2,-0.045086020756592585,-229.72723444270562,192.86851672739743
train_00104,train,1,B3,299.94326985329394,-52.13701892810569,-295.4224800627553
train_00104,train,1,C1,999.1029023412057,281.95286974816236,104.39868875028007
train_00104,train,1,C2,1149.0822727339585,-229.80296410131353,194.6383217176617
train_00104,train,1,C3,1299.1097002540903,-52.075626824908426,-293.6230158354263
train_00104,train,2,A1,-749.9999665864043,273.01849620553975,99.44100852961644
train_00104,train,2,A2,-900.0221822760769,-198.9260123097269,167.176947231788
train_00104,train,2,A3,-1050.1153784543794,-34.44770691419395,-195.24735876228175
train_00104,train,2,B1,-300.0125039025867,281.9007994430968,102.63059895102553
train_00104,train,2,B2,-0.05992281215686638,-229.81730807943907,192.85619918269967
train_00104,train,2,B3,299.87793679057086,-52.131907187329084,-295.4168536799127
train_00104,train,2,C1,999.1032025082485,281.94938787620583,104.40632082079883
train_00104,train,2,C2,1149.1521327133416,-229.79729306043902,194.60645174782212
train_00104,train,2,C3,1299.1668109938637,-52.07147253509777,-293.66277221821855
train_00104,train,3,A1,-750.0248865100707,272.9872242187497,99.45330368443854
train_00104,train,3,A2,-900.056129319893,-198.9151657577338,167.2431502242702
train_00104,train,3,A3,-1050.1156664974442,-34.41108620156755,-195.22104809887142
train_00104,train,3,B1,-300.01215463656166,281.9396298226624,102.6362301907005
train_00104,train,3,B2,-0.0293011195633325,-229.81526323771948,192.9108037477414
train_00104,train,3,B3,299.8976337504095,-52.11243973123296,-295.4720990818876
train_00104,train,3,C1,749.9666836493686,281.8069089052535,102.59511008655149
train_00104,train,3,C2,899.8757666045108,-229.9084100937121,192.81433532122375
train_00104,train,3,C3,1049.8821698990462,-52.24871048535131,-295.45299742506467
train_00104,train,4,A1,-750.027740486166,272.91863481836293,99.31210981576795
train_00104,train,4,A2,-899.9311914775401,-199.1005573104319,167.0154491464498
train_00104,train,4,A3,-1049.979279462936,-34.510024498330765,-195.41302133240254
train_00104,train,4,B1,-300.01366415635226,281.89935540356237,102.5686429848579
train_00104,train,4,B2,0.07910464659108234,-229.85155125978827,192.79304439238868
train_00104,train,4,B3,299.9881180106108,-52.06527526555295,-295.5379800496828
train_00104,train,4,C1,750.0102706594969,281.8926884875817,102.62190602786508
train_00104,train,4,C2,900.0104398458907,-229.87286432896008,192.84476927925496
train_00104,train,4,C3,1050.015167979659,-52.13543381624924,-295.41904573511596
train_00105,train,0,A1,-1284.8804520844492,79.63862546971559,125.41131670682554
train_00105,train,0,A2,-1435.1755235244943,-380.29200107584165,250.72392704468507
train_00105,train,0,A3,-1503.9145718752948,-296.62088702497465,-160.61458524615932
train_00105,train,0,B1,-615.0672602341467,595.6866834676508,44.58755537692904
train_00105,train,0,B2,-348.4302041216678,59.25322756961727,10.326264074953754
train_00105,train,0,B3,-77.35107624879065,308.07824635660194,-463.52340426042764
train_00105,train,0,C1,1349.1148453664227,381.11653893716937,179.14713084966633
train_00105,train,0,C2,1507.1318112065708,-129.45915194774693,262.0098279089922
train_00105,train,0,C3,1605.4419015552612,39.36792374018568,-242.29612839076202
train_00105,train,1,A1,-999.8961595742734,272.99582020080146,99.3968163329186
train_00105,train,1,A2,-1150.0691191034998,-198.94507721969148,167.04599140039363
train_00105,train,1,A3,-1299.941360631843,-34.329462004812314,-195.37647824203836
train_00105,train,1,B1,-300.0461974821584,281.9073397467907,102.524914368137
train_00105,train,1,B2,-0.005174205952578462,-229.800709832666,192.84170201045072
train_00105,train,1,B3,300.07640597984437,-52.13506466890305,-295.4476665839994
train_00105,train,1,C1,998.2055227866566,281.3315400338889,103.17753658442051
train_00105,train,1,C2,1148.0961142866215,-230.41169574479292,193.42275283978404
train_00105,train,1,C3,1298.143824438728,-52.73390974012273,-294.8468254337525
train_00105,train,2,A1,-750.1072134119343,272.9706087151517,99.10811595458205
train_00105,train,2,A2,-899.938258533284,-199.0347020885945,166.81064120325547
train_00105,train,2,A3,-1049.9987958881904,-34.61492023940604,-195.63843575725346
train_00105,train,2,B1,-299.9952561479587,281.89154336214614,102.53752437473703
train_00105,train,2,B2,-0.02290635387031893,-229.8039704295938,192.8821449052503
train_00105,train,2,B3,300.04989999290984,-52.118980417608306,-295.38598999673974
train_00105,train,2,C1,998.1938805652982,281.3494407171396,103.26130522676519
train_00105,train,2,C2,1148.1307511943578,-230.40746275241588,193.44065176774993
train_00105,train,2,C3,1298.155431820097,-52.675636190660406,-294.81741143651385
train_00105,train,3,A1,-750.0807988751587,272.9327260974028,99.125200240567
train_00105,train,3,A2,-899.9861826982708,-199.02274691510212,166.79931774732185
train_00105,train,3,A3,-1049.9746380956633,-34.522279807862,-195.63399117512193
train_00105,train,3,B1,-299.93854511336536,281.915714082229,102.61306088753528
train_00105,train,3,B2,-0.01649149675734865,-229.77928073827607,192.79234994966993
train_00105,train,3,B3,300.0650704017996,-52.09491285901142,-295.38017511058536
train_00105,train,3,C1,749.9850992560322,282.0119296561852,102.52914418717207
train_00105,train,3,C2,900.0063199044043,-229.74232930659872,192.9105537677071
train_00105,train,3,C3,1050.089253933503,-52.0843776235365,-295.3255569533169
train_00105,train,4,A1,-750.0539257455699,272.9862423225373,99.43118436617348
train_00105,train,4,A2,-900.002518557579,-198.98489726993483,166.9979527394247
train_00105,train,4,A3,-1050.0105841392897,-34.41458184420636,-195.38035463993418
train_00105,train,4,B1,-300.00068882055507,281.94772156932027,102.70570915018425
train_00105,train,4,B2,-0.03253861523035226,-229.85607351035335,192.89250233854716
train_00105,train,4,B3,299.9563448206063,-52.08681771113571,-295.3658669687001
train_00105,train,4,C1,750.0280781828495,281.8642962307957,102.60287708032932
train_00105,train,4,C2,900.0019564950538,-229.85505160472312,192.8776422776052
train_00105,train,4,C3,1050.0097524119587,-52.158943950611885,-295.40798121937434
train_00106,train,0,A1,-653.8824899672775,220.64979582587546,323.62850639031615
train_00106,train,0,A2,-860.0350068558231,-234.41951058427628,340.58773376367594
train_00106,train,0,A3,-1063.021432901207,22.638612364084814,69.13111124827354
train_00106,train,0,B1,-652.2504929041412,125.61991422851222,-118.71934817378654
train_00106,train,0,B2,-359.2758645350683,-392.5613454444621,-43.20268934156082
train_00106,train,0,B3,-29.46142874240398,-185.63354537204773,-499.8589509651547
train_00106,train,0,C1,1274.904502908486,274.86566585536593,41.21071062099999
train_00106,train,0,C2,1400.8974525016724,-220.11349657467926,218.95918865893904
train_00106,train,0,C3,1559.5826927356118,-135.64057265808495,-291.0824297088611
train_00106,train,1,A1,-1000.0123201420446,272.93930575889806,99.38188607783842
train_00106,train,1,A2,-1149.9925779511057,-199.09424883687805,166.98716542722855
train_00106,train,1,A3,-1299.9679327865622,-34.457544173078674,-195.41484740321832
train_00106,train,1,B1,-299.97627519647153,281.8541531862869,102.6069836994456
train_00106,train,1,B2,0.06578449005679887,-229.79788960904256,192.90997896411008
train_00106,train,1,B3,300.0446786953739,-52.094608333460386,-295.4216224632764
train_00106,train,1,C1,1000.0042584477723,281.94417376662125,102.6277864045709
train_00106,train,1,C2,1150.0555525618815,-229.72858802179036,192.88084213810006
train_00106,train,1,C3,1299.9532381855186,-52.06744581424753,-295.4469922413729
train_00106,train,2,A1,-749.9741588724517,272.83371819614484,99.40199003213118
train_00106,train,2,A2,-899.8960383337827,-199.12924709275856,167.07618134001814
train_00106,train,2,A3,-1049.9554911885389,-34.62719044599176,-195.2967652675973
train_00106,train,2,B1,-300.0310506619363,281.9008539920783,102.5713832979676
train_00106,train,2,B2,0.11118172289616798,-229.81155601152958,192.88880346346593
train_00106,train,2,B3,300.0421102298734,-52.08893479099147,-295.4422600062297
train_00106,train,2,C1,999.9520768502589,281.93497725073547,102.61116408419166
train_00106,train,2,C2,1150.035116554321,-229.80293217415186,192.82489366918992
train_00106,train,2,C3,1299.971013079627,-52.032061455000395,-295.45377157392466
train_00106,train,3,A1,-750.0031489795904,272.8197066525501,99.35901308256683
train_00106,train,3,A2,-899.9544056311589,-199.16769003047938,167.0571450083377
train_00106,train,3,A3,-1049.9338078534417,-34.63872532845062,-195.30859575632743
train_00106,train,3,B1,-299.9835526543316,281.8853335469453,102.54834700990536
train_00106,train,3,B2,0.010113452740091657,-229.7755472293053,192.8544318717716
train_00106,train,3,B3,299.9869424564874,-52.10240852296889,-295.48713446572503
train_00106,train,3,C1,750.0138366230641,282.0404458025614,102.59673495718035
train_00106,train,3,C2,900.0992918811602,-229.67483762238203,192.99634872341719
train_00106,train,3,C3,1050.1038308738212,-52.018301006439266,-295.36237962214665
train_00106,train,4,A1,-749.9653484414409,272.8982295603457,99.43052294701891
train_00106,train,4,A2,-899.9356300968643,-199.07786325916487,167.03948891315167
train_00106,train,4,A3,-1050.0234037203616,-34.44886796479726,-195.36337535083723
train_00106,train,4,B1,-299.9940336786563,281.8598006222355,102.58217022951835
train_00106,train,4,B2,0.021473851877745514,-229.87121325485575,192.73641043738098
train_00106,train,4,B3,300.01115190126893,-52.07592475066919,-295.5046395978279
train_00106,train,4,C1,750.0317237508501,281.95031277899324,102.61466169033078
train_00106,train,4,C2,899.9968759593552,-229.79337528661432,192.8981626249295
train_00106,train,4,C3,1050.0627460182648,-52.10405235786954,-295.39435318910324
train_00107,train,0,A1,-1311.1261614977698,238.22271112695765,80.33986088485837
train_00107,train,0,A2,-1494.2019475148238,-224.57508371604683,127.80060891104607
train_00107,train,0,A3,-1651.9197018281402,-24.88210242229788,-213.06139093044794
train_00107,train,0,B1,-479.62893855709433,300.1044791979453,239.17628431419735
train_00107,train,0,B2,-115.92297436807127,-166.3504640700223,339.52046595583784
train_00107,train,0,B3,113.757897460143,-4.971343740727858,-190.70359775516658
train_00107,train,0,C1,1248.5200909973546,52.46263631520738,197.1928465268113
train_00107,train,0,C2,1221.059726356708,-487.09552348505866,221.09067574516996
train_00107,train,0,C3,1434.133454508034,-309.9917717896565,-243.374839560808
train_00107,train,1,A1,-999.967220647606,272.99130696049656,99.3669820118694
train_00107,train,1,A2,-1150.0238728110867,-199.02009823189238,167.0184192847747
train_00107,train,1,A3,-1300.0348490908943,-34.47825374061648,-195.37990684312106
train_00107,train,1,B1,-300.0561627714349,281.94765666579576,102.67102859685997
train_00107,train,1,B2,-0.009791545772398675,-229.76636337335663,192.91500262346705
train_00107,train,1,B3,299.934625711989,-52.08565801366398,-295.38209811011023
train_00107,train,1,C1,1000.0049922325646,281.9681782401354,102.75487336919738
train_00107,train,1,C2,1149.9555066561684,-229.8062076711416,192.89075527692705
train_00107,train,1,C3,1299.9643517628033,-52.06013991538822,-295.3565417905189
train_00107,train,2,A1,-750.0437462807043,273.01361621424405,99.46122972338038
train_00107,train,2,A2,-900.0055563867343,-199.0213369107069,167.13423698558185
train_00107,train,2,A3,-1050.0314127772717,-34.499455820062074,-195.24726493401647
train_00107,train,2,B1,-300.1130556033258,281.9270121901659,102.67384881849398
train_00107,train,2,B2,-0.011662837444821052,-229.77070936900978,192.87883905546647
train_00107,train,2,B3,299.96935014306405,-52.081842904612266,-295.409278979491
train_00107,train,2,C1,1000.0405958908075,281.8968457686772,102.72229036233733
train_00107,train,2,C2,1150.0036816337968,-229.74871061217598,192.94050124218072
train_00107,train,2,C3,1300.012421630693,-52.12561905611633,-295.38786393855816
train_00107,train,3,A1,-750.0646204305608,272.9831767096167,99.45184073137578
train_00107,train,3,A2,-900.0221771700282,-199.05595017635358,167.0979008073189
train_00107,train,3,A3,-1050.1194989197354,-34.409703193909856,-195.3139846473265
train_00107,train,3,B1,-300.06520426693453,281.89953637596693,102.64838207853848
train_00107,train,3,B2,-0.012995866348075197,-229.78087813679554,192.88934691117083
train_00107,train,3,B3,299.93500141166567,-52.048316522503114,-295.4004207925331
train_00107,train,3,C1,750.0030725319378,282.01536210423177,102.6363449506011
train_00107,train,3,C2,899.9646497287775,-229.6894109376987,192.91312017296008
train_00107,train,3,C3,1049.9752750980365,-52.019774996880265,-295.43530667119944
train_00107,train,4,A1,-750.0052775126029,273.03518048442646,99.38700962557674
train_00107,train,4,A2,-899.993233316628,-198.9816139167823,167.03187772836986
train_00107,train,4,A3,-1049.9978752650404,-34.39263324185683,-195.39736432966333
train_00107,train,4,B1,-299.9722073810594,281.8739600160438,102.50281446526783
train_00107,train,4,B2,0.029564890846857893,-229.8474929659097,192.80342877517347
train_00107,train,4,B3,300.04891885857256,-52.10433180109651,-295.43594118761246
train_00107,train,4,C1,749.9680120182985,281.8510751770092,102.65227741283312
train_00107,train,4,C2,899.9932580112442,-229.84691884869306,192.81403844728908
train_00107,train,4,C3,1049.9794393273241,-52.12232389706356,-295.36307298338284
train_00108,train,0,A1,-1190.4324275954714,30.816344690638445,357.24931105123414
train_00108,train,0,A2,-1328.8100822516606,-446.7514361312745,408.3392840800437
train_00108,train,0,A3,-1406.7559923056756,-299.20400540162115,17.128841094682226
train_00108,train,0,B1,-47.27055999566312,399.0650026429661,-91.39156028582308
train_00108,train,0,B2,241.82721347074906,-123.53177006386811,-33.430939003148346
train_00108,train,0,B3,546.3100030250754,78.17111840250601,-509.37420830109096
train_00108,train,0,C1,1271.2587134241544,211.74049151005377,-47.61012288751408
train_00108,train,0,C2,1494.5006465497179,-276.3947738578402,18.68427685598797
train_00108,train,0,C3,1609.7215251733385,-58.62706016890243,-462.79604286712816
train_00108,train,1,A1,-1000.0013395100085,272.9334225879422,99.28690877878526
train_00108,train,1,A2,-1150.0212223119217,-198.97684020329027,166.87606832672273
train_00108,train,1,A3,-1300.039337052741,-34.4139451427883,-195.55208454604113
train_00108,train,1,B1,-299.96192266823306,281.8514168320433,102.65366551081316
train_00108,train,1,B2,-0.0253926586148859,-229.8546904044203,192.82827991450557
train_00108,train,1,B3,299.9650584930312,-52.17324816465643,-295.45805695199954
train_00108,train,1,C1,999.9979155876496,281.90436255490835,102.70269072368718
train_00108,train,1,C2,1149.9693737956588,-229.83011381292187,192.82519163632335
train_00108,train,1,C3,1300.0003943152287,-52.054395423831416,-295.39943631549073
train_00108,train,2,A1,-750.0144936670878,272.9804945864408,99.43758179090477
train_00108,train,2,A2,-899.9649077991523,-199.01895477259072,167.0794997324156
train_00108,train,2,A3,-1049.9753558711932,-34.472365931455364,-195.34446555167884
train_00108,train,2,B1,-299.99718476506496,281.9383236149331,102.61421916145882
train_00108,train,2,B2,0.03241308217058578,-229.88199186624246,192.82953193170923
train_00108,train,2,B3,299.91853145147746,-52.19144709778427,-295.47533097342335
train_00108,train,2,C1,999.9689235353126,281.973264504271,102.66766941922897
train_00108,train,2,C2,1149.8975018549827,-229.78712379999894,192.8213063165048
train_00108,train,2,C3,1299.9521217622162,-52.08781541377711,-295.38929040573623
train_00108,train,3,A1,-749.9867200855687,272.9571293664571,99.42825749737831
train_00108,train,3,A2,-900.0359635661937,-199.04849208382728,167.07264914031927
train_00108,train,3,A3,-1050.005539267155,-34.47457952242926,-195.3739037653469
train_00108,train,3,B1,-300.0206261377148,281.8736265579569,102.64339348898429
train_00108,train,3,B2,-0.017057612968544952,-229.86042660137917,192.83307064029677
train_00108,train,3,B3,299.92573242284834,-52.17500798770428,-295.46053666290516
train_00108,train,3,C1,750.0802644298077,281.70127854436106,102.48597483937539
train_00108,train,3,C2,900.0932848437293,-230.01281625977006,192.7213147140606
train_00108,train,3,C3,1050.0788534162195,-52.339464881120556,-295.6000087846052
train_00108,train,4,A1,-749.134040182608,272.1289477097083,97.85040272855383
train_00108,train,4,A2,-899.1609070311903,-199.85222652132634,165.4612495419303
train_00108,train,4,A3,-1049.002769818494,-35.391783642272635,-196.97868931134272
train_00108,train,4,B1,-299.1387243436089,281.0670951532427,101.16117634315368
train_00108,train,4,B2,0.856414273480931,-230.65948720089804,191.36695233541735
train_00108,train,4,B3,300.8765400101597,-52.86011228309888,-296.89196417023203
train_00108,train,4,C1,750.8343224638697,281.0495043534031,101.20352651553041
train_00108,train,4,C2,900.9994231409524,-230.65455250121573,191.4206431186435
train_00108,train,4,C3,1051.0683054969074,-52.874487197488364,-296.82883029077976
train_00109,train,0,A1,-923.9727630622455,570.603417057069,-124.39843494378343
train_00109,train,0,A2,-997.1706377470487,84.84921070452565,-32.40549426650715
train_00109,train,0,A3,-1126.334427384483,194.3806743802179,-422.5317657046439
train_00109,train,0,B1,-441.4127066785806,-5.543476687112195,11.383943786857493
train_00109,train,0,B2,-189.21441714104887,-468.4500455373946,298.0183549409774
train_00109,train,0,B3,104.15194918934013,-533.0209984073108,-221.30316702161878
train_00109,train,0,C1,708.6173741821706,193.21010597061186,19.373371817064836
train_00109,train,0,C2,881.2553394105387,-310.76570408299773,112.38039207792579
train_00109,train,0,C3,1025.1716861586506,-128.47420490900174,-376.0299149868834
train_00109,train,1,A1,-999.9879972789054,272.9429087213171,99.33696510237701
train_00109,train,1,A2,-1150.0046027158874,-199.02918687729522,167.023045869802
train_00109,train,1,A3,-1300.0328381276654,-34.44609294753499,-195.41167186738818
train_00109,train,1,B1,-300.11500463609076,281.8853990525485,102.62205181361122
train_00109,train,1,B2,0.026540648957691947,-229.82359415373122,192.89147386268837
train_00109,train,1,B3,300.01428877107645,-52.097335457979334,-295.4180772965473
train_00109,train,1,C1,999.974083410999,281.9022901997295,102.6138884961402
train_00109,train,1,C2,1149.971597966756,-229.80783073712024,192.91877263151883
train_00109,train,1,C3,1299.9511476237378,-52.121623753110676,-295.4141449266503
train_00109,train,2,A1,-750.054597503828,272.85628445678935,99.31782657083797
train_00109,train,2,A2,-900.0697414031895,-199.10184274746226,167.0277135406701
train_00109,train,2,A3,-1049.9655779370728,-34.60668020748313,-195.44160519064604
train_00109,train,2,B1,-300.08769148198786,281.93672176773254,102.66341815671768
train_00109,train,2,B2,0.05625733214721072,-229.7454785216805,192.88244026286554
train_00109,train,2,B3,300.0078333774166,-52.11159960953589,-295.43787396634406
train_00109,train,2,C1,999.9421540636008,281.91034265800573,102.69985785384476
train_00109,train,2,C2,1149.9612326209099,-229.79420937347993,192.90749251994086
train_00109,train,2,C3,1299.924171319489,-52.14661151061849,-295.4121259505099
train_00109,train,3,A1,-750.0959323654962,272.9032697920071,99.40542723479936
train_00109,train,3,A2,-900.0802179650896,-199.10806104813375,167.0172922960569
train_00109,train,3,A3,-1049.9035067065731,-34.672434160129804,-195.43846271016525
train_00109,train,3,B1,-300.03010643686036,281.8549532361553,102.62983058956065
train_00109,train,3,B2,-0.012121306135763312,-229.80469182461167,192.86610667019167
train_00109,train,3,B3,299.93998162042567,-52.11429603986007,-295.3641028829737
train_00109,train,3,C1,750.0299092943856,282.03171556569913,102.47138584030164
train_00109,train,3,C2,900.0376589663317,-229.66927739104486,192.77764529204543
train_00109,train,3,C3,1050.0455601443573,-52.000240058668716,-295.54366494368486
train_00109,train,4,A1,-750.0983921877096,273.0110009661957,99.35273852322237
train_00109,train,4,A2,-900.0873273178896,-198.9137659461515,166.9731061610709
train_00109,train,4,A3,-1049.942237609556,-34.40654226271256,-195.53939368611572
train_00109,train,4,B1,-299.96671976315406,281.9992900167417,102.64405784137674
train_00109,train,4,B2,-0.06998113167188896,-229.81502359445258,192.8740019928512
train_00109,train,4,B3,299.98135158303035,-52.075677811833835,-295.3908731025235
train_00109,train,4,C1,749.9758454664621,281.91686018123795,102.57924138015255
train_00109,train,4,C2,900.0229078014105,-229.79413510794905,192.784829765373
train_00109,train,4,C3,1050.100825268524,-52.05903281887345,-295.4690326460239
train_00110,train,0,A1,-938.2475350880198,193.94055380851128,138.36654835090465
train_00110,train,0,A2,-1056.7192123263517,-291.3577833004723,156.00226893222657
train_00110,train,0,A3,-1197.6657488508533,-105.68903784894142,-199.75533092339387
train_00110,train,0,B1,-471.98909506862395,599.7878660377708,334.1411480609283
train_00110,train,0,B2,-95.04422276500637,133.05348164252499,343.39686225283623
train_00110,train,0,B3,-22.927614542450993,276.2857636253565,-234.77422212020295
train_00110,train,0,C1,1164.9822148819455,569.2900777433823,431.2709498877731
train_00110,train,0,C2,1388.4472996784405,86.79361992512617,530.3258108986427
train_00110,train,0,C3,1451.0403187985357,243.54900699654812,16.455703332671174
train_00110,train,1,A1,-1000.0209622251879,272.9882596155936,99.25815370706952
train_00110,train,1,A2,-1149.986885218507,-198.99355708322074,166.99746472214517
train_00110,train,1,A3,-1299.9839235682093,-34.43652918951301,-195.44596213470913
train_00110,train,1,B1,-299.9957313411343,281.87560448625624,102.66619715466601
train_00110,train,1,B2,-0.04716144239543967,-229.93918646221022,192.72348539891473
train_00110,train,1,B3,300.0054140213027,-52.16354082092194,-295.4914318546446
train_00110,train,1,C1,999.9935743340822,281.931869573062,102.62861361250289
train_00110,train,1,C2,1149.9750537905975,-229.7448565551527,192.81946998943238
train_00110,train,1,C3,1300.0885313280862,-52.02120387684937,-295.423432691919
train_00110,train,2,A1,-749.982870255417,272.99376327605415,99.3919515123491
train_00110,train,2,A2,-900.0449441939425,-199.05656736360476,166.87228790097092
train_00110,train,2,A3,-1050.029680246836,-34.36556059693544,-195.4895725256838
train_00110,train,2,B1,-299.9677043850494,281.8983969288628,102.61590671063419
train_00110,train,2,B2,-0.06773459268275589,-229.86191635755696,192.71720267602848
train_00110,train,2,B3,300.03744145705593,-52.164455226846485,-295.43714369740076
train_00110,train,2,C1,1000.0410741395345,282.0091748637521,102.55422189035478
train_00110,train,2,C2,1149.9848879994333,-229.7549507589897,192.88359949317626
train_00110,train,2,C3,1300.04038107189,-52.10227845052609,-295.39471635413344
train_00110,train,3,A1,-749.9826860195652,272.9511443146439,99.40082419921293
train_00110,train,3,A2,-900.067752707545,-199.02619550566305,166.8713737090979
train_00110,train,3,A3,-1050.0428924272885,-34.35081356126824,-195.4572587674121
train_00110,train,3,B1,-299.95791498494026,281.8723856112224,102.65736331795736
train_00110,train,3,B2,-0.047660846806268295,-229.89808090823027,192.8107872640234
train_00110,train,3,B3,299.9773056139512,-52.118183485146744,-295.4318283245319
train_00110,train,3,C1,750.0888540239121,281.6164950528257,102.69083077960386
train_00110,train,3,C2,899.9523238705583,-230.22605150713383,192.819080228362
train_00110,train,3,C3,1050.0434524421044,-52.38480597613294,-295.44063084498566
train_00110,train,4,A1,-750.011360406687,272.93822261657016,99.42259340548516
train_00110,train,4,A2,-899.9640435576675,-199.06282780725033,166.98178674586248
train_00110,train,4,A3,-1050.030065118185,-34.47855917195467,-195.4136459839806
train_00110,train,4,B1,-300.0104411976508,281.9361828930106,102.5831933609183
train_00110,train,4,B2,-0.036005227111821775,-229.7570943792667,192.81519521327678
train_00110,train,4,B3,300.0162717896034,-51.99103680812555,-295.47993658448786
train_00110,train,4,C1,750.0274292212364,281.9237794003759,102.64482018837457
train_00110,train,4,C2,899.9622557346452,-229.85939903592137,192.87328937813206
train_00110,train,4,C3,1050.0909445699033,-52.06343924540969,-295.464382316985
train_00111,train,0,A1,-938.8536810357496,186.40152656976636,195.66905884386867
train_00111,train,0,A2,-1089.067999610361,-285.87349858880157,260.50481877077254
train_00111,train,0,A3,-1237.9828200653476,-119.5086770166097,-101.5486461539966
train_00111,train,0,B1,-351.52441073159605,219.94024977266673,97.41452215522632
train_00111,train,0,B2,-40.75796601152184,-209.82781748070124,378.1424788101087
train_00111,train,0,B3,340.2139856793685,-127.57300151532074,-77.99889631333666
train_00111,train,0,C1,1082.0177689898082,226.67215349708957,121.41554754004314
train_00111,train,0,C2,1410.4373554254687,-192.10885708620418,217.28711482231623
train_00111,train,0,C3,1454.95935673036,-4.317279698749717,-287.94348388596046
train_00111,train,1,A1,-1000.046958467621,273.02258505698677,99.32964843865923
train_00111,train,1,A2,-1149.9942200711168,-198.99991235834455,166.96637029588052
train_00111,train,1,A3,-1300.072558551604,-34.44920917743094,-195.4389451386105
train_00111,train,1,B1,-299.9715998769548,281.92617812537407,102.57733504582502
train_00111,train,1,B2,0.06693727867037412,-229.77466804387916,192.8528431770079
train_00111,train,1,B3,300.0052361787425,-52.100304995589966,-295.462572370702
train_00111,train,1,C1,1000.0389425920994,281.9596063832175,102.65133989610969
train_00111,train,1,C2,1149.991488866322,-229.71588477593252,192.8356051024487
train_00111,train,1,C3,1300.0197941057706,-51.997236199043805,-295.41337878318615
train_00111,train,2,A1,-749.9640673316914,273.05680665670053,99.39693475526549
train_00111,train,2,A2,-899.9527092952807,-198.9037898772813,167.10490882204326
train_00111,train,2,A3,-1049.970039080082,-34.35091785440128,-195.38426593943865
train_00111,train,2,B1,-299.9702420532076,281.90659802047804,102.61823069715832
train_00111,train,2,B2,0.01695361350280781,-229.80238544015992,192.90475486656106
train_00111,train,2,B3,300.0211201665692,-52.10323272899321,-295.4353846009555
train_00111,train,2,C1,999.9566698422757,281.9348048745755,102.71858040435116
train_00111,train,2,C2,1149.9727400191712,-229.77370272623295,192.89047246805075
train_00111,train,2,C3,1299.9919388786104,-52.024584430351645,-295.3870255463875
train_00111,train,3,A1,-749.9745310369999,273.0527666466041,99.36731837597155
train_00111,train,3,A2,-900.0073132278196,-198.8685270188825,167.09760388772477
train_00111,train,3,A3,-1049.9968292135043,-34.407392192610466,-195.38325395745107
train_00111,train,3,B1,-299.9411632390605,281.9292978739302,102.61329604246025
train_00111,train,3,B2,0.022481619347044828,-229.78522674871988,192.87172954809716
train_00111,train,3,B3,300.0068085673639,-52.12792765380199,-295.41580350540767
train_00111,train,3,C1,751.5947993645832,280.8996653591541,103.54857237866112
train_00111,train,3,C2,901.5110209810194,-230.83820146936324,193.7270292464339
train_00111,train,3,C3,1051.5920217845787,-53.11314257405787,-294.4581294899094
train_00111,train,4,A1,-750.6580031887815,272.94976909118026,99.30907585931452
train_00111,train,4,A2,-900.3982918022581,-199.15423736135136,167.2066868111353
train_00111,train,4,A3,-1050.5927177369051,-34.77517186224045,-195.21838968617394
train_00111,train,4,B1,-300.63475400737667,282.04544751320907,102.31555268117329
train_00111,train,4,B2,-0.2933799587012266,-229.47312121354042,192.53866226984067
train_00111,train,4,B3,299.3459509343865,-51.740201227710415,-295.84103312585734
train_00111,train,4,C1,750.8932853839907,281.6754615526035,102.79653782005919
train_00111,train,4,C2,901.1857989309534,-230.0018469300637,193.1003599581145
train_00111,train,4,C3,1050.8417536805716,-52.31973927438227,-295.3441661749443
train_00112,train,0,A1,-922.3465212836209,28.155682328141303,11.79534087915691
train_00112,train,0,A2,-899.85273411239,-459.11093867105154,120.70091922651613
train_00112,train,0,A3,-1062.4007901350121,-389.55908276244446,-266.2007429766073
train_00112,train,0,B1,-407.5677537188541,116.86478458422684,-190.6944114701005
train_00112,train,0,B2,-106.07990801256986,-400.18008715585813,-148.45420474261812
train_00112,train,0,B3,182.4382217756546,-184.04237561716994,-628.1063697258692
train_00112,train,0,C1,1046.9822552224,323.74722855743437,156.42099331094002
train_00112,train,0,C2,1260.3150875842493,-131.0394309900686,356.88747413142863
train_00112,train,0,C3,1525.2281648010555,48.3621725473533,-79.08827058877677
train_00112,train,1,A1,-999.9065059804389,272.91946582120204,99.4352774168866
train_00112,train,1,A2,-1149.9706884716131,-199.0369898052274,167.00315407865835
train_00112,train,1,A3,-1300.0155381703921,-34.370104300390395,-195.29223480227517
train_00112,train,1,B1,-299.9765974832003,281.8831127405677,102.56049381477868
train_00112,train,1,B2,-0.011599412610397764,-229.83265744493724,192.86154920651083
train_00112,train,1,B3,299.9668928767296,-52.134339073346865,-295.44671628174547
train_00112,train,1,C1,1000.0219909208976,281.8167299485988,102.58626879626149
train_00112,train,1,C2,1149.9603488353675,-229.95363751203226,192.8890656179824
train_00112,train,1,C3,1300.0585160742369,-52.25472817563669,-295.41186375150045
train_00112,train,2,A1,-750.0540173655081,272.9100791378789,99.36104921824307
train_00112,train,2,A2,-899.9569111096725,-199.11057267830088,167.03393740548285
train_00112,train,2,A3,-1049.9321914664326,-34.60613474504761,-195.4865264798417
train_00112,train,2,B1,-300.0429509111776,281.88311796116636,102.6284987026304
train_00112,train,2,B2,3.402859371082895e-05,-229.8109954108033,192.88645637389388
train_00112,train,2,B3,299.9777095818849,-52.085470367746574,-295.40421381854503
train_00112,train,2,C1,1000.0472054630734,281.82230206346736,102.63663523527562
train_00112,train,2,C2,1150.0273901417463,-229.94691531641703,192.88060295162057
train_00112,train,2,C3,1300.037981599303,-52.22522784823109,-295.360721053728
train_00112,train,3,A1,-750.0543776801927,272.89586428623386,99.34741365787434
train_00112,train,3,A2,-900.0372418014649,-199.10165794905978,167.0320631413338
train_00112,train,3,A3,-1049.9346860266864,-34.58245431701545,-195.4253187432883
train_00112,train,3,B1,-300.01453115949886,281.8714963912694,102.61691315194531
train_00112,train,3,B2,-0.019585768841977855,-229.8522174231269,192.8409366764963
train_00112,train,3,B3,299.97417487134476,-52.13584378792282,-295.40859770713956
train_00112,train,3,C1,749.9709850787267,281.9404338850589,102.59219492357757
train_00112,train,3,C2,900.0354600618896,-229.71594712452662,192.84617076084155
train_00112,train,3,C3,1049.9729518319205,-51.970237583760685,-295.4820675787168
train_00112,train,4,A1,-749.9530741725556,272.91493122157414,99.34195827867325
train_00112,train,4,A2,-899.9824599867393,-199.00385587471095,167.1569186449796
train_00112,train,4,A3,-1049.881887175238,-34.58369546556334,-195.43428131943065
train_00112,train,4,B1,-299.9223539000738,281.90550890384895,102.61219200223928
train_00112,train,4,B2,-0.03214612841480754,-229.76660403657377,192.86230839489897
train_00112,train,4,B3,300.063776303273,-52.13455284152466,-295.4072760974553
train_00112,train,4,C1,749.9621004346797,281.9555105713956,102.57489862328421
train_00112,train,4,C2,900.0463687360595,-229.7251527367382,192.73894036448792
train_00112,train,4,C3,1050.0168831935484,-52.0627649560186,-295.45784123950455
train_00113,train,0,A1,-1277.961008281155,133.4478546983559,-248.20390059051297
train_00113,train,0,A2,-1379.8677960246669,-352.3817830905481,-189.5757830571743
train_00113,train,0,A3,-1563.2294053189348,-191.90076227076574,-538.1970032221482
train_00113,train,0,B1,-315.56588363288563,583.9364683027924,-96.04917118929032
train_00113,train,0,B2,-14.177528623339924,72.34794528028507,-9.636563650543014
train_00113,train,0,B3,283.37795584022604,253.17291227531965,-498.28029130094916
train_00113,train,0,C1,778.0978250957712,286.0552135634011,9.74683780842433
train_00113,train,0,C2,933.6672575410241,-215.9572361731899,137.10447283542695
train_00113,train,0,C3,1006.7391736196524,-102.10132304157281,-386.48845791962316
train_00113,train,1,A1,-1000.0227098586964,272.8056677363767,99.42876074949433
train_00113,train,1,A2,-1150.0189412955583,-199.24906901310294,167.00326837423654
train_00113,train,1,A3,-1300.0343553226419,-34.58212838868213,-195.37685697310934
train_00113,train,1,B1,-300.0353758722253,281.9561699705872,102.60200554419825
train_00113,train,1,B2,0.04505893206933161,-229.77276577538137,192.81907627165427
train_00113,train,1,B3,299.94560121752136,-52.01475472163765,-295.5322373705329
train_00113,train,1,C1,1000.0321464910628,282.026383492591,102.57125131625068
train_00113,train,1,C2,1149.9693644652034,-229.75532604136072,192.82147239451544
train_00113,train,1,C3,1299.9999943257953,-52.059565753506135,-295.5468086866131
train_00113,train,2,A1,-749.9791474138858,272.89424002686627,99.36269961067818
train_00113,train,2,A2,-899.898194702131,-199.07720753545314,167.06389366775153
train_00113,train,2,A3,-1049.9727537473352,-34.552819038526046,-195.33655245060208
train_00113,train,2,B1,-300.02576836794486,281.9875354092192,102.57377408051528
train_00113,train,2,B2,0.015042264992648258,-229.72948765330716,192.86803449567566
train_00113,train,2,B3,299.9818538174358,-52.08397700878423,-295.4635202250686
train_00113,train,2,C1,999.9701290108441,281.9742727862557,102.55515996134524
train_00113,train,2,C2,1149.9831159054395,-229.76141067266752,192.79524453914394
train_00113,train,2,C3,1300.0446505053692,-52.08968602014501,-295.4614006506688
train_00113,train,3,A1,-749.9929195390149,272.9098847479064,99.3682704175202
train_00113,train,3,A2,-899.947570440623,-199.01621163074205,167.04698213775836
train_00113,train,3,A3,-1049.9621269921083,-34.61446827742936,-195.36590843319576
train_00113,train,3,B1,-300.03828330306254,281.91431979576885,102.63193531903383
train_00113,train,3,B2,0.029903941443114115,-229.7136538375166,192.82811551526657
train_00113,train,3,B3,300.00799865737207,-52.0286295398772,-295.41112152904134
train_00113,train,3,C1,750.0206454526614,282.02421489766203,102.52860592977984
train_00113,train,3,C2,899.9726064039277,-229.64005430129748,192.72133751234472
train_00113,train,3,C3,1049.8889590861963,-52.0291068112455,-295.56784281074175
train_00113,train,4,A1,-748.6002438713756,271.97159439239897,100.34166227236857
train_00113,train,4,A2,-898.5738085386128,-200.01523355169186,168.0543167119074
train_00113,train,4,A3,-1048.5149390335018,-35.509711908253074,-194.4164725186951
train_00113,train,4,B1,-298.6242624157791,280.9294302906817,103.56742900799898
train_00113,train,4,B2,1.332144464809939,-230.73662081339248,193.88891305915166
train_00113,train,4,B3,301.39761405794576,-53.03326129388783,-294.39271001669766
train_00113,train,4,C1,751.3836949163909,280.9557220284315,103.6877430739928
train_00113,train,4,C2,901.3307446898815,-230.7776449592276,193.88686655784065
train_00113,train,4,C3,1051.283588067046,-53.07589866314045,-294.4073422822513
train_00114,train,0,A1,-1299.8514356397336,482.3416923492054,187.82842012220271
train_00114,train,0,A2,-1459.678583826659,12.658498472967432,248.84618108908785
train_00114,train,0,A3,-1604.2673538651352,184.6741409423924,-112.34846749395761
train_00114,train,0,B1,-508.3730822470768,286.6630506138368,-141.25251474104283
train_00114,train,0,B2,-226.29338090684666,-221.85460896099502,6.422507968979808
train_00114,train,0,B3,-1.99407985892149,-169.79697592041558,-547.7523271340108
train_00114,train,0,C1,865.2200924018927,-28.34503567269086,-83.09818959006915
train_00114,train,0,C2,1009.5969067100818,-540.1829551990503,15.565598737268704
train_00114,train,0,C3,1145.7166067293408,-377.8918693079996,-482.0944055757528
train_00114,train,1,A1,-1000.0629276352331,272.92992582096656,99.26672345007142
train_00114,train,1,A2,-1149.9842419832648,-199.0732508984021,167.03414390256665
train_00114,train,1,A3,-1300.0061094399348,-34.55085730378198,-195.43719839700498
train_00114,train,1,B1,-299.99042355544645,281.9499409692906,102.58240240138454
train_00114,train,1,B2,-0.0012187003550326106,-229.77798760455423,192.80136129058448
train_00114,train,1,B3,299.95915659093146,-51.98035710661643,-295.4729229579564
train_00114,train,1,C1,1000.0570434519553,281.9860016305899,102.62279604236454
train_00114,train,1,C2,1149.934858493137,-229.78415373534165,192.82639653642195
train_00114,train,1,C3,1300.0247189208367,-52.066461787799035,-295.38885362378943
train_00114,train,2,A1,-749.8890780740302,273.0232336198555,99.41569221280487
train_00114,train,2,A2,-900.0196794741007,-198.94859695945058,167.00298257259405
train_00114,train,2,A3,-1050.0143887850209,-34.305287068144615,-195.37474029880167
train_00114,train,2,B1,-300.0354823847956,282.0239886220294,102.59270440464789
train_00114,train,2,B2,0.03157298297461093,-229.76848874573707,192.8324219062222
train_00114,train,2,B3,299.99491292875626,-52.05134818036126,-295.4835317338169
train_00114,train,2,C1,1000.0115903891448,282.0033633840923,102.68243965452132
train_00114,train,2,C2,1150.0361046015066,-229.77842448636335,192.84393044845356
train_00114,train,2,C3,1300.0555129613613,-52.06631437620239,-295.39346758452734
train_00114,train,3,A1,-749.9572300248794,273.0295202463625,99.37338247674802
train_00114,train,3,A2,-900.0003732567429,-198.99500082708641,166.96090787438862
train_00114,train,3,A3,-1050.0203672667924,-34.224919316758836,-195.37760330834848
train_00114,train,3,B1,-299.9613102475689,281.9972988951448,102.67834049595982
train_00114,train,3,B2,0.010728821886032504,-229.76077329220834,192.8228231109883
train_00114,train,3,B3,300.01420208759885,-52.04316554805121,-295.4722886733792
train_00114,train,3,C1,750.0395668072674,281.91867012152716,102.48242373538253
train_00114,train,3,C2,900.010220195319,-229.70890850778085,192.77852614726314
train_00114,train,3,C3,1049.9454918573485,-52.116291771514064,-295.56410258348575
train_00114,train,4,A1,-749.950412498748,272.9696898207507,99.32278256689739
train_00114,train,4,A2,-899.988844208418,-199.0486576976416,166.8646253560607
train_00114,train,4,A3,-1049.9653903197207,-34.425732435806694,-195.5190058280272
train_00114,train,4,B1,-300.0343285400822,281.9153491699025,102.54633204887551
train_00114,train,4,B2,-0.01615314944050552,-229.8041591998846,192.79122634918548
train_00114,train,4,B3,300.01850126275605,-52.103039311783455,-295.42230513611986
train_00114,train,4,C1,750.0207466784987,281.9392190379936,102.55042112519214
train_00114,train,4,C2,899.948924487733,-229.7096386088035,192.85307263429164
train_00114,train,4,C3,1049.9616018930951,-52.143698624574014,-295.47684857758736
train_00115,train,0,A1,-1079.61977222213,458.05976363825545,166.52444850542176
train_00115,train,0,A2,-1239.7668313273302,-10.955266574758744,231.5502519732474
train_00115,train,0,A3,-1363.338209572703,149.23713185536045,-142.58274413746759
train_00115,train,0,B1,-130.90407694868517,188.46614773064647,223.87475789043796
train_00115,train,0,B2,169.2662721866994,-323.0220742962802,314.6411282093768
train_00115,train,0,B3,469.4498079628331,-145.50525750920636,-173.6330752938225
train_00115,train,0,C1,1028.4432090794048,321.96229623617324,399.5787544743274
train_00115,train,0,C2,1209.8099775098588,-173.3707500270095,279.89972847778114
train_00115,train,0,C3,1349.8927819652854,194.6259498630756,-90.81486104077325
train_00115,train,1,A1,-1000.016180144173,273.0535441760758,99.38457451073194
train_00115,train,1,A2,-1149.9904734563372,-198.98150677583658,167.02169893762343
train_00115,train,1,A3,-1300.0220174058254,-34.393929910219676,-195.3584567870915
train_00115,train,1,B1,-300.01794409585744,281.8645988805746,102.60426860450771
train_00115,train,1,B2,0.00591696056693071,-229.83621984580313,192.85616716079954
train_00115,train,1,B3,299.99953720796987,-52.07882403651654,-295.46594755827937
train_00115,train,1,C1,1000.0126858496141,281.9598680155651,102.68592645009112
train_00115,train,1,C2,1150.011717098637,-229.79572712972325,192.8104922945907
train_00115,train,1,C3,1300.0036266892964,-52.10807956941195,-295.48657114414914
train_00115,train,2,A1,-750.0545056782446,272.8188257065487,99.36472453866402
train_00115,train,2,A2,-900.037291218259,-199.1104031182186,167.0700662606252
train_00115,train,2,A3,-1050.04773238835,-34.63153420014332,-195.35410038284454
train_00115,train,2,B1,-300.0084823547501,281.8846310541071,102.67039712479419
train_00115,train,2,B2,0.05668467154419371,-229.84365312411194,192.89987094109395
train_00115,train,2,B3,300.0130327090966,-52.08296956026055,-295.4175997495921
train_00115,train,2,C1,1000.0326361711318,281.9505062449409,102.59152604476878
train_00115,train,2,C2,1150.0107310865765,-229.81831666021108,192.82690538474068
train_00115,train,2,C3,1299.9678952388151,-52.08522567895379,-295.47353444199706
train_00115,train,3,A1,-750.0851956704432,272.91961248067184,99.33311478861845
train_00115,train,3,A2,-900.0395725008108,-199.10512160663956,167.02013074732264
train_00115,train,3,A3,-1050.0593973592322,-34.597976729987245,-195.38702559834104
train_00115,train,3,B1,-300.00858964312687,281.8908939825011,102.68519587912812
train_00115,train,3,B2,0.05723826450504012,-229.77587170146563,192.89094516997713
train_00115,train,3,B3,299.9708770123639,-52.017243228544444,-295.42276091058403
train_00115,train,3,C1,750.0253000136075,282.0083276603683,102.61731112699844
train_00115,train,3,C2,900.1165824581715,-229.68668120193485,192.80372594534626
train_00115,train,3,C3,1050.0569276547822,-51.98970700501611,-295.47443686688956
train_00115,train,4,A1,-750.0316039247706,272.9246734310531,99.36724008569725
train_00115,train,4,A2,-899.9961140275361,-199.00804244757677,167.03623034679578
train_00115,train,4,A3,-1049.9973147057185,-34.488227117296034,-195.34740389723467
train_00115,train,4,B1,-299.9490904740361,281.85238864356245,102.6219957361831
train_00115,train,4,B2,0.05373486393270143,-229.87402257277685,192.87770855980423
train_00115,train,4,B3,300.0463685873547,-52.151575765366566,-295.4131344967486
train_00115,train,4,C1,750.0742587121682,281.83943098091316,102.59197715958706
train_00115,train,4,C2,900.0786039397993,-229.9315125171838,192.77678477776527
train_00115,train,4,C3,1050.047058599366,-52.14933732524223,-295.44303929030804
train_00116,train,0,A1,-1370.3469384136197,563.0744485748132,230.01349589876392
train_00116,train,0,A2,-1469.4093519585526,85.0234996820733,122.96351988118967
train_00116,train,0,A3,-1627.6719171200923,349.97688396665205,-169.720288361496
train_00116,train,0,B1,-45.57190784320583,593.593923081355,-62.67920233414717
train_00116,train,0,B2,59.703553809148396,13.399873637152396,48.106311700562564
train_00116,train,0,B3,488.51959998879903,89.98944645344365,-364.48903391596946
train_00116,train,0,C1,840.495375116868,457.1651229595423,353.76498318147827
train_00116,train,0,C2,801.7271968778052,-81.02468487771768,391.1250773260244
train_00116,train,0,C3,1033.494938704841,79.33089234268868,-70.48852477863375
train_00116,train,1,A1,-999.9366106693363,273.0898271020342,99.34524890527113
train_00116,train,1,A2,-1150.0710201065724,-198.9180830348368,167.1093508145457
train_00116,train,1,A3,-1299.9258435472846,-34.38386434349658,-195.37524109621634
train_00116,train,1,B1,-299.9622377378344,281.9183634137273,102.60017430035566
train_00116,train,1,B2,0.01845303433853111,-229.8189481215364,192.85504828556694
train_00116,train,1,B3,299.9599247158084,-52.07864551197773,-295.5213685405402
train_00116,train,1,C1,999.9327707486133,281.91383257813266,102.62622291801672
train_00116,train,1,C2,1149.9811990572189,-229.85548919276144,192.81890912094553
train_00116,train,1,C3,1299.946827683379,-52.14584797971306,-295.4856590936368
train_00116,train,2,A1,-750.049023219335,272.9708600409312,99.41034368087381
train_00116,train,2,A2,-900.0087141385178,-199.04393723727162,166.9851309965036
train_00116,train,2,A3,-1050.0580939128329,-34.42953680191066,-195.3274722678178
train_00116,train,2,B1,-299.96314085661993,281.91240208677885,102.62523373072645
train_00116,train,2,B2,0.1037817262317138,-229.806223986023,192.86637241725046
train_00116,train,2,B3,299.9968244943006,-52.15964646843391,-295.50966406336084
train_00116,train,2,C1,999.9360637457831,281.8424720410361,102.56760435181211
train_00116,train,2,C2,1150.0339340776377,-229.81684670501113,192.81154926971257
train_00116,train,2,C3,1299.9342109602298,-52.129947712775646,-295.49171052668726
train_00116,train,3,A1,-750.0087461581788,272.9522991521672,99.41180398871559
train_00116,train,3,A2,-900.0050439940422,-198.96316560781574,167.0141933679309
train_00116,train,3,A3,-1050.0308285013678,-34.44379782643833,-195.40795538529773
train_00116,train,3,B1,-300.0219910793521,281.89992188901084,102.5514833293747
train_00116,train,3,B2,0.014487652238713553,-229.81161937371806,192.83219535000873
train_00116,train,3,B3,299.96143847007386,-52.07297538110542,-295.4555012831714
train_00116,train,3,C1,750.0211723706572,282.06669665328536,102.41720998452578
train_00116,train,3,C2,899.9956485591289,-229.65084780373397,192.64795761832642
train_00116,train,3,C3,1049.9519850977458,-52.002060177545886,-295.6962862713845
train_00116,train,4,A1,-748.6180742003917,274.0077018061029,100.31453660938413
train_00116,train,4,A2,-898.6044543334058,-197.9608298846312,167.83936200194498
train_00116,train,4,A3,-1048.622587387533,-33.28061242664203,-194.5402781117124
train_00116,train,4,B1,-298.53797065959253,282.9914249735109,103.5045128298626
train_00116,train,4,B2,1.4462353202805434,-228.72037453415558,193.75613796733882
train_00116,train,4,B3,301.4599773521121,-50.99607323055839,-294.4992007267454
train_00116,train,4,C1,751.4474675250974,283.0618299239497,103.48630834376311
train_00116,train,4,C2,901.4197384685754,-228.6399440741907,193.6646931569624
train_00116,train,4,C3,1051.427825423108,-50.954488320537784,-294.6448851529945
train_00117,train,0,A1,-944.8701644463887,144.05238600864698,-57.285345407425204
train_00117,train,0,A2,-1057.560768288585,-335.5076486860273,-142.5076551211672
train_00117,train,0,A3,-1232.4024779778083,-76.84955229035073,-431.4072940713416
train_00117,train,0,B1,-141.13871461733646,74.13903777211006,-177.30119596073772
train_00117,train,0,B2,144.44258386880787,-445.74632888795514,-86.34828873008551
train_00117,train,0,B3,437.2608739984978,-285.4753273424506,-585.0226479264525
train_00117,train,0,C1,1442.7260210802935,465.6445649495835,-161.70024816886055
train_00117,train,0,C2,1378.2119206376947,-61.82230539627942,-61.473919413920726
train_00117,train,0,C3,1672.2780227245316,31.04269489395999,-505.74965883009185
train_00117,train,1,A1,-999.9747855831348,272.9298692510598,99.37437106564373
train_00117,train,1,A2,-1149.9685361369297,-199.00730885430193,167.0286297627553
train_00117,train,1,A3,-1300.0636827798064,-34.41872198635606,-195.31213754706906
train_00117,train,1,B1,-299.9257839775234,281.9187291765432,102.66558999023118
train_00117,train,1,B2,0.02031721206297984,-229.8499418218134,192.83163658421378
train_00117,train,1,B3,300.0382135565782,-52.06415297577542,-295.3919977293845
train_00117,train,1,C1,999.9855722341005,281.8996936314104,102.48514510108355
train_00117,train,1,C2,1150.0939586510417,-229.7981611941029,192.8392011174802
train_00117,train,1,C3,1300.0394191846324,-52.190915618901904,-295.5470779321894
train_00117,train,2,A1,-749.9495146630427,273.0220915093545,99.34549870952243
train_00117,train,2,A2,-900.0193357651667,-198.89100598422215,166.9165964347263
train_00117,train,2,A3,-1049.9459097050517,-34.31261517694969,-195.49498133395718
train_00117,train,2,B1,-299.9789256989994,281.90487136978527,102.6124108270171
train_00117,train,2,B2,0.016427755467086858,-229.8743255213114,192.7821001221899
train_00117,train,2,B3,299.9878396701838,-52.07798172040311,-295.4350119802939
train_00117,train,2,C1,999.9816097790452,281.8949586271868,102.57954926758428
train_00117,train,2,C2,1150.0701482401428,-229.8228988323044,192.7856846740329
train_00117,train,2,C3,1299.9918232915588,-52.086701243505935,-295.526448089912
train_00117,train,3,A1,-750.0116694747144,273.04634804955197,99.3631014811473
train_00117,train,3,A2,-900.0335935689749,-198.93657526222648,166.97896703207377
train_00117,train,3,A3,-1049.8551422592657,-34.36305073979001,-195.51553005789341
train_00117,train,3,B1,-300.0149667210784,281.8928264856631,102.5861166209051
train_00117,train,3,B2,-0.027865769156232942,-229.7836042062508,192.86460548649086
train_00117,train,3,B3,300.06912728031335,-52.110574875365586,-295.36104652074204
train_00117,train,3,C1,750.011599449929,281.87631918696593,102.60958744598527
train_00117,train,3,C2,899.9916414564575,-229.88318573181283,192.7865862265676
train_00117,train,3,C3,1050.0056490850866,-52.17080813398553,-295.45782482192556
train_00117,train,4,A1,-749.9518838966299,273.115750665031,99.41506402718842
train_00117,train,4,A2,-900.0077876533186,-198.94225590188023,166.96926023290663
train_00117,train,4,A3,-1049.9695177363049,-34.3316233665611,-195.4163209907446
train_00117,train,4,B1,-299.9624194818448,281.8658542719739,102.70168864961848
train_00117,train,4,B2,-0.0268624521699083,-229.8478055962351,192.89657828447514
train_00117,train,4,B3,299.9936993704449,-52.08937031639746,-295.4047614669456
train_00117,train,4,C1,749.9914454502259,281.76995695725805,102.56527929938788
train_00117,train,4,C2,899.907135966094,-229.97164181129523,192.7684541900736
train_00117,train,4,C3,1049.9421565510127,-52.11880117787,-295.51872767300955
train_00118,train,0,A1,-687.5800672943922,123.06795061392518,38.56804511562042
train_00118,train,0,A2,-930.680239244167,-312.0284434349651,75.83202290070761
train_00118,train,0,A3,-982.3158255558592,-132.73484949375433,-306.38455782246575
train_00118,train,0,B1,-77.13837351023894,564.0634861904688,-228.85198392913588
train_00118,train,0,B2,224.1126519482804,60.78497630702438,-102.51206128043799
train_00118,train,0,B3,541.6918183880342,218.81903668130926,-586.4585176946023
train_00118,train,0,C1,1110.6180008279912,-65.63118830256235,-32.103601400912474
train_00118,train,0,C2,1193.7958776680123,-597.8516361405264,-80.58053823170913
train_00118,train,0,C3,1412.7337813148927,-315.19778707346876,-486.3613495727581
train_00118,train,1,A1,-1000.056190219057,273.0490711668701,99.42548767524057
train_00118,train,1,A2,-1150.019651342305,-198.93751764328655,166.9887011977534
train_00118,train,1,A3,-1299.9666022595504,-34.31220177230636,-195.41590689929805
train_00118,train,1,B1,-300.11718733854144,280.74087531655357,101.01484174543796
train_00118,train,1,B2,-0.14129835048198963,-230.9988920940683,191.17504949173696
train_00118,train,1,B3,299.82959887887273,-53.31719847789064,-297.1285214015211
train_00118,train,1,C1,1000.0015718624268,282.0289540675868,102.49958344956003
train_00118,train,1,C2,1150.0115295727614,-229.72384917501785,192.88387893175036
train_00118,train,1,C3,1300.0716500747474,-52.06725078267961,-295.38682709570594
train_00118,train,2,A1,-750.0361494511146,271.8704070482905,97.78684124634772
train_00118,train,2,A2,-900.1135457401518,-200.1745908794463,165.4297632502501
train_00118,train,2,A3,-1050.2088672155717,-35.54348367857198,-196.92821544305133
train_00118,train,2,B1,-300.05224392430887,280.7187341786435,100.9553380967077
train_00118,train,2,B2,-0.1286950578783712,-230.9597574847675,191.20401253800125
train_00118,train,2,B3,299.86074533963153,-53.35690480823396,-297.1319889473213
train_00118,train,2,C1,999.999413828599,282.010245917321,102.60276249343518
train_00118,train,2,C2,1149.9600074252457,-229.77690395096687,192.88474527944885
train_00118,train,2,C3,1300.0744971655788,-52.066673219038655,-295.44559693403045
train_00118,train,3,A1,-750.0333735526982,271.78348036543065,97.83836812837285
train_00118,train,3,A2,-900.094910215681,-200.12092518742824,165.4309056770805
train_00118,train,3,A3,-1050.130371563361,-35.48007489463783,-196.97578011428863
train_00118,train,3,B1,-300.09000587051673,280.7485597149443,100.98391963225106
train_00118,train,3,B2,-0.15518494320262927,-231.03743368716914,191.1938347051204
train_00118,train,3,B3,299.9154812463652,-53.337663286151546,-297.078986572783
train_00118,train,3,C1,749.9155484457995,280.6179519380279,100.87201409017598
train_00118,train,3,C2,899.9001748232618,-231.07517396174956,191.09915122514857
train_00118,train,3,C3,1049.8305587076034,-53.443157021590146,-297.2605579786416
train_00118,train,4,A1,-749.9249269043162,272.9884624976038,99.32655326577819
train_00118,train,4,A2,-899.9421689391932,-199.02672439633406,166.96922936804722
train_00118,train,4,A3,-1049.9721216807773,-34.38997050278453,-195.37819087674777
train_00118,train,4,B1,-299.95884673519464,281.9599582264149,102.59493335912036
train_00118,train,4,B2,0.002546745726706875,-229.81556617609536,192.83977661121867
train_00118,train,4,B3,300.0455779101821,-52.09092686917366,-295.37077151931715
train_00118,train,4,C1,750.0068219363123,281.86209146202316,102.51297067884822
train_00118,train,4,C2,900.0351571811423,-229.76653405621937,192.8890508885001
train_00118,train,4,C3,1050.0206381910716,-52.16610794606355,-295.41562735455494
train_00119,train,0,A1,-846.5731054450648,-33.610963697363395,-77.89121537127645
train_00119,train,0,A2,-1096.9557299178161,-447.57023930987197,47.712874101469716
train_00119,train,0,A3,-1231.7682369565753,-285.7516962297583,-321.78419281548224
train_00119,train,0,B1,-91.31558192874418,219.42742533008715,132.4782005028277
train_00119,train,0,B2,218.50505669516463,-293.45382295717394,163.56322556343562
train_00119,train,0,B3,487.2989210654611,-73.00568343830044,-325.5224531288852
train_00119,train,0,C1,782.3807883731674,52.642812003329965,74.56624473784362
train_00119,train,0,C2,805.0194232058284,-473.1296717654334,199.15488010219315
train_00119,train,0,C3,998.3472765785444,-367.86033170356376,-294.9483800845668
train_00119,train,1,A1,-999.9858961843786,272.9562127636703,99.32400258895706
train_00119,train,1,A2,-1149.9765403235458,-199.05134764142628,167.10435172704348
train_00119,train,1,A3,-1299.9885401145489,-34.579488499847436,-195.398737884552
train_00119,train,1,B1,-300.00325700966357,281.84963237590154,102.62501873707834
train_00119,train,1,B2,-0.0016440434112539263,-229.80950354242012,192.809157597607
train_00119,train,1,B3,299.9772681637445,-52.063114201821264,-295.4017686952144
train_00119,train,1,C1,1000.0177330374997,281.93588531144405,102.58202240088609
train_00119,train,1,C2,1149.9272708023902,-229.796857103626,192.8114936519568
train_00119,train,1,C3,1299.9071605415197,-52.03796242570647,-295.48137489201844
train_00119,train,2,A1,-750.0090048262614,272.90263658881065,99.40202902540968
train_00119,train,2,A2,-900.0209471831959,-199.1231791405104,167.00962636039077
train_00119,train,2,A3,-1050.0268526524435,-34.44708704966795,-195.35549434509204
train_00119,train,2,B1,-300.02527204104905,281.9336449148181,102.67174910661784
train_00119,train,2,B2,0.00998467978914164,-229.8233268205681,192.9124873899673
train_00119,train,2,B3,300.0143698391901,-52.07071728849896,-295.3978093020813
train_00119,train,2,C1,1000.0132514351595,281.99519027624353,102.62026030279185
train_00119,train,2,C2,1149.9725225388652,-229.76724227126473,192.80525612834109
train_00119,train,2,C3,1299.9287732044277,-52.058204754833106,-295.46575256785843
train_00119,train,3,A1,-750.0128104400364,272.90598076470684,99.4344181552008
train_00119,train,3,A2,-900.0236058684413,-199.09156012153375,167.04449838308517
train_00119,train,3,A3,-1050.029484690205,-34.410360398515586,-195.3346118361097
train_00119,train,3,B1,-300.03066616325054,281.8978118921577,102.63107848537419
train_00119,train,3,B2,-0.02308780502476669,-229.90324377783656,192.81399076156384
train_00119,train,3,B3,300.0316689171398,-52.10677618670471,-295.42717963921194
train_00119,train,3,C1,750.0252911418032,281.8731981834862,102.68777738780378
train_00119,train,3,C2,900.0100651265067,-229.7953144279164,192.9274412816396
train_00119,train,3,C3,1050.0661843853607,-52.140198244515375,-295.3847242169355
train_00119,train,4,A1,-749.9583556195422,273.00053768957923,99.44021875530805
train_00119,train,4,A2,-899.9473141139953,-199.0655250134038,166.90884730155443
train_00119,train,4,A3,-1049.998089687998,-34.47723943256098,-195.41403754237072
train_00119,train,4,B1,-299.94505836302505,281.92029710902506,102.60415800569427
train_00119,train,4,B2,0.038747768942218444,-229.78943129055685,192.816230183862
train_00119,train,4,B3,300.0577873112397,-51.960742480967305,-295.465663138829
train_00119,train,4,C1,750.0043415857095,281.98311905240047,102.59398386947339
train_00119,train,4,C2,900.054370146304,-229.73536513277125,192.78946298825792
train_00119,train,4,C3,1050.0697298199968,-51.94974563394498,-295.46674567246095
train_00120,train,0,A1,-785.4109815481102,392.4268032355476,316.27144491243274
train_00120,train,0,A2,-968.6162822441917,-71.2531099980221,280.0329005298189
train_00120,train,0,A3,-1094.9735673881912,175.8140582474104,-42.382167854288454
train_00120,train,0,B1,-191.34206272026614,96.5451626574363,-37.0576528186626
train_00120,train,0,B2,109.51003542331064,-414.15649862987016,56.62313933974178
train_00120,train,0,B3,408.5322061548818,-239.68834710983523,-433.38168826401517
train_00120,train,0,C1,1273.7150398685374,46.37837513061827,1.6982731656295667
train_00120,train,0,C2,1550.7632285528978,-416.95239257131163,33.520550859595225
train_00120,train,0,C3,1660.5567833830326,-139.5337755670973,-417.656302749019
train_00120,train,1,A1,-1000.0543223717013,272.8478309910916,99.34055694941888
train_00120,train,1,A2,-1150.0069395823416,-199.0876750326428,166.958022509487
train_00120,train,1,A3,-1300.0460655625802,-34.462073042433,-195.497871211856
train_00120,train,1,B1,-299.8745590783871,282.0448593290014,102.55429399274425
train_00120,train,1,B2,-0.04104785072548614,-229.79626026376573,192.8188167131241
train_00120,train,1,B3,299.9766922983338,-52.12737261231886,-295.4256466580561
train_00120,train,1,C1,999.9666652991243,281.93183213493097,102.74948511137187
train_00120,train,1,C2,1150.0086491991476,-229.8040621342428,192.89449637850674
train_00120,train,1,C3,1300.004758577557,-51.989390136441166,-295.32265341226565
train_00120,train,2,A1,-749.8690291613573,273.2565920251017,99.24913210772411
train_00120,train,2,A2,-900.0428424067188,-198.59323880479766,166.85808165729074
train_00120,train,2,A3,-1049.9564651083442,-34.03798222942074,-195.52446174596838
train_00120,train,2,B1,-299.9579086776074,282.00899163813114,102.58643888609036
train_00120,train,2,B2,-0.00121616107461376,-229.74036349473334,192.75686206194945
train_00120,train,2,B3,299.9799529452241,-52.11369892240025,-295.4805553723719
train_00120,train,2,C1,999.9159193284027,281.9536403830836,102.73265408837857
train_00120,train,2,C2,1150.0533664808247,-229.79209250268372,192.9331597537822
train_00120,train,2,C3,1300.0392851599775,-51.95726158522553,-295.3747271402538
train_00120,train,3,A1,-749.8846452915914,273.22445578110785,99.27872223719349
train_00120,train,3,A2,-900.0723030371822,-198.6679161898651,166.8923542659572
train_00120,train,3,A3,-1049.9502274952094,-34.075918463720086,-195.45432954536963
train_00120,train,3,B1,-299.9760241357245,282.0209850538036,102.56010345847173
train_00120,train,3,B2,-0.03248947025138653,-229.80178496366372,192.81847423612672
train_00120,train,3,B3,299.96790429539607,-52.12760459404129,-295.5250062029521
train_00120,train,3,C1,750.0659764013864,281.9076678580511,102.49592339520592
train_00120,train,3,C2,899.9715031379279,-229.8100789914659,192.71974020813795
train_00120,train,3,C3,1049.9583216339652,-52.0949959710431,-295.59146801097125
train_00120,train,4,A1,-748.6151974598541,272.8024250871321,97.91832679452841
train_00120,train,4,A2,-898.748034197388,-199.09807685378058,165.474716719081
train_00120,train,4,A3,-1048.6720269386078,-34.55405590095253,-196.95628627288005
train_00120,train,4,B1,-298.69712252466576,281.7537992456087,101.18434524238829
train_00120,train,4,B2,1.2906086229407325,-230.00878847015582,191.39847999651565
train_00120,train,4,B3,301.2832347789361,-52.29104029376092,-296.85966361690254
train_00120,train,4,C1,751.2423347864295,281.8030494544461,101.11125080098196
train_00120,train,4,C2,901.2830208994544,-229.95461501090753,191.35513271964535
train_00120,train,4,C3,1051.2833413591393,-52.26315049763196,-296.9541770652037
train_00121,train,0,A1,-1047.3301891041294,285.5894245427841,123.42135770936703
train_00121,train,0,A2,-1215.2513460266214,-173.59278545800112,227.04385270225194
train_00121,train,0,A3,-1336.875210685954,-42.71895054726185,-158.9610536605881
train_00121,train,0,B1,-428.320136378015,507.1140310349676,171.43064199620125
train_00121,train,0,B2,-128.63276292422384,-12.406512089549926,155.11598013639662
train_00121,train,0,B3,84.88813690733639,213.5274735826203,-358.0401619098875
train_00121,train,0,C1,965.9221992982804,611.5630981763546,-66.81557183397152
train_00121,train,0,C2,1091.145042125726,90.38597373253317,4.9354561994301385
train_00121,train,0,C3,1336.8845911488331,305.8955350415808,-425.9616374638893
train_00121,train,1,A1,-1000.0523037010366,272.8946910440509,99.38382702386444
train_00121,train,1,A2,-1149.9523584949713,-199.11423153252764,166.92610337721536
train_00121,train,1,A3,-1300.0204351969417,-34.54287988330818,-195.44710402659896
train_00121,train,1,B1,-299.9600383349821,281.8987191673897,102.64660197478477
train_00121,train,1,B2,-0.059147528914547054,-229.90534876623528,192.8105069611888
train_00121,train,1,B3,299.9657386086877,-52.15079514096107,-295.41626714552166
train_00121,train,1,C1,1000.0392936925114,281.9362699398115,102.62728478444629
train_00121,train,1,C2,1150.0894064042677,-229.73803390075562,192.90790796289824
train_00121,train,1,C3,1300.0074750215686,-52.091985483638105,-295.4477801666313
train_00121,train,2,A1,-749.927407848726,273.032700979174,99.37357449742112
train_00121,train,2,A2,-900.0910078485015,-198.8966573606535,166.9899223161717
train_00121,train,2,A3,-1049.9449214435306,-34.36107038428352,-195.48112773623774
train_00121,train,2,B1,-299.9422783355184,281.82924527799355,102.67088740694307
train_00121,train,2,B2,-0.022335146094560953,-229.86911934094528,192.87414980972002
train_00121,train,2,B3,299.9828042764155,-52.15172179777323,-295.4641324122753
train_00121,train,2,C1,999.9959204445917,281.9220606522578,102.67042481346576
train_00121,train,2,C2,1150.0414175003737,-229.82482918260985,192.86709203596646
train_00121,train,2,C3,1300.045731238114,-51.9869432685584,-295.3771190538162
train_00121,train,3,A1,-749.9304364005978,273.04917701676936,99.36082300085138
train_00121,train,3,A2,-900.0437048768468,-198.97538378654448,166.92395026319144
train_00121,train,3,A3,-1049.9671068254017,-34.28218483264671,-195.50058262796904
train_00121,train,3,B1,-299.9562159663315,281.9257849728542,102.62753896252632
train_00121,train,3,B2,-0.08516387141728232,-229.9021918915208,192.84254382010178
train_00121,train,3,B3,300.04828312022516,-52.13485411292324,-295.4439283110937
train_00121,train,3,C1,750.0328358536821,281.75624472150076,102.47939994917041
train_00121,train,3,C2,899.992967486971,-229.96019680607762,192.76608879158002
train_00121,train,3,C3,1049.939186671777,-52.2291640808854,-295.5690590825354
train_00121,train,4,A1,-749.9464545739371,272.98968774860015,99.43503521953203
train_00121,train,4,A2,-900.0060044066779,-198.99533767638528,167.10805810221012
train_00121,train,4,A3,-1049.9571556661292,-34.42111371947107,-195.44897539725937
train_00121,train,4,B1,-299.91586572997596,281.8673360071831,102.67276751953649
train_00121,train,4,B2,-0.03251845189826593,-229.83752668644775,192.98013788368016
train_00121,train,4,B3,300.03235920455535,-52.08938147437236,-295.34445747265187
train_00121,train,4,C1,750.0202781303041,281.91293744211396,102.58733432068354
train_00121,train,4,C2,900.0540091993404,-229.82557106185624,192.84470886629776
train_00121,train,4,C3,1049.9809104495123,-52.17600468980661,-295.5079567212503
train_00122,train,0,A1,-757.2839369303407,288.64318519734485,-195.6154115989086
train_00122,train,0,A2,-941.8058785859271,-166.17470917996982,-100.96293081265482
train_00122,train,0,A3,-1013.668217764128,-45.226339803388015,-502.37400096698155
train_00122,train,0,B1,-188.08031897581685,222.76022733199684,-69.06103699983538
train_00122,train,0,B2,107.71393550248435,-293.85183487555577,5.832932934722477
train_00122,train,0,B3,392.6046632719713,-115.74709719282741,-491.2241690476103
train_00122,train,0,C1,1297.4177121668815,593.3937503052549,-179.39850890176865
train_00122,train,0,C2,1273.1288029355358,59.120154343297386,-98.45152161711631
train_00122,train,0,C3,1582.0030475166773,191.5597926216112,-522.2478919321649
train_00122,train,1,A1,-1000.042379125813,272.8930994231543,99.29620507410806
train_00122,train,1,A2,-1150.0988999225021,-199.02855132139356,166.94352464740138
train_00122,train,1,A3,-1300.060858461415,-34.46167003976155,-195.4732643073551
train_00122,train,1,B1,-299.90953475250336,281.8864969036961,102.60982587626444
train_00122,train,1,B2,0.06340737259016091,-229.8421343973278,192.82451139915727
train_00122,train,1,B3,300.04307234564874,-52.19538585822961,-295.4163719683139
train_00122,train,1,C1,999.9450495096047,281.90530757005894,102.6524885008365
train_00122,train,1,C2,1150.0068130899267,-229.77950623723223,192.8401667933945
train_00122,train,1,C3,1299.995292905973,-52.05560181442631,-295.4797454951044
train_00122,train,2,A1,-749.9407166655009,272.99064032320075,99.33795790955415
train_00122,train,2,A2,-899.8886987592289,-199.04439349294495,167.07844028819542
train_00122,train,2,A3,-1049.993013546535,-34.48393242056974,-195.35157264841965
train_00122,train,2,B1,-299.92935095408103,281.9221524166985,102.64211614287213
train_00122,train,2,B2,0.01664431253149477,-229.8489491116788,192.8294991362519
train_00122,train,2,B3,299.98584596564757,-52.11989910542051,-295.41574050070284
train_00122,train,2,C1,999.9410887643711,281.87721582238333,102.66193383859256
train_00122,train,2,C2,1150.0254608338453,-229.8046437045853,192.83648963956983
train_00122,train,2,C3,1299.9616809002086,-52.08962786825227,-295.5086084348428
train_00122,train,3,A1,-749.929332606124,272.92989908903513,99.3866648277321
train_00122,train,3,A2,-899.9869484310093,-199.03273537927436,167.07825646508869
train_00122,train,3,A3,-1050.0018085363354,-34.539940042635585,-195.3267880264026
train_00122,train,3,B1,-299.93924023982214,281.84510147210307,102.61913026207387
train_00122,train,3,B2,-0.015414218739562557,-229.88849562661986,192.83416731042826
train_00122,train,3,B3,300.0114812245964,-52.11724023703469,-295.4147254786721
train_00122,train,3,C1,750.0646945075543,281.7506431799349,102.59619938119147
train_00122,train,3,C2,899.9225933400726,-229.93057021261458,192.8205404174552
train_00122,train,3,C3,1049.9704236935193,-52.20490621072949,-295.42807169966176
train_00122,train,4,A1,-748.4971603596991,273.4733702036706,100.7333271939525
train_00122,train,4,A2,-898.5455604472343,-198.51333847011838,168.42762468015118
train_00122,train,4,A3,-1048.5973046369975,-33.95404208203877,-193.9465586886284
train_00122,train,4,B1,-298.5172733835001,282.33164715349557,103.95894897563437
train_00122,train,4,B2,1.4716297354644343,-229.4578751757811,194.18655215726065
train_00122,train,4,B3,301.4811764589278,-51.74110389910308,-294.08923686097415
train_00122,train,4,C1,751.471408530814,282.14320532815,103.88806253920326
train_00122,train,4,C2,901.3521955563709,-229.54202797190715,194.14101497757426
train_00122,train,4,C3,1051.4157170228257,-51.84240226122834,-294.1163110602266
train_00123,train,0,A1,-965.610383536017,465.80015998931805,38.228724444009515
train_00123,train,0,A2,-1243.3999332314513,55.73858561065847,105.56063344886027
train_00123,train,0,A3,-1367.927894756269,278.63678799003685,-234.5686039309652
train_00123,train,0,B1,-590.1515202648645,224.063696269816,405.30345979917536
train_00123,train,0,B2,-254.49265429025462,-253.3986294826559,544.2742002041374
train_00123,train,0,B3,27.856696338473586,-108.98300694059884,34.94348054413841
train_00123,train,0,C1,880.520749270631,491.1088008081913,32.44584476275142
train_00123,train,0,C2,1170.0330884324053,41.83696721552707,114.92524194735452
train_00123,train,0,C3,1328.9046496377134,314.0201343416208,-324.7097395576525
train_00123,train,1,A1,-1000.0543300843107,272.88343897426455,99.44228472058398
train_00123,train,1,A2,-1149.9971706671083,-199.131606942024,167.0680297610794
train_00123,train,1,A3,-1299.984381592313,-34.597976014655465,-195.37940971097052
train_00123,train,1,B1,-300.0007515605163,281.87300518066854,102.61244817872009
train_00123,train,1,B2,-0.09377482206361636,-229.84526046260248,192.8387354664761
train_00123,train,1,B3,299.9192551797296,-52.09710977116658,-295.4081748605
train_00123,train,1,C1,999.9433693153188,281.93969212291796,102.53486255485008
train_00123,train,1,C2,1149.9924301366755,-229.7877474384955,192.8356492899024
train_00123,train,1,C3,1299.983258775663,-51.97320939151653,-295.4345807668525
train_00123,train,2,A1,-750.0225898516602,272.97156538196293,99.28412870413214
train_00123,train,2,A2,-900.0811781545207,-198.97026680110957,166.94992846307937
train_00123,train,2,A3,-1050.098624770527,-34.40790566660547,-195.47397264050554
train_00123,train,2,B1,-300.06070377506455,281.899792254662,102.62369238822656
train_00123,train,2,B2,-0.05043847852359485,-229.80324054912612,192.85255417856857
train_00123,train,2,B3,299.9933992541182,-52.09816135857635,-295.4494984584803
train_00123,train,2,C1,999.9221167496632,281.95537154899733,102.65623931931253
train_00123,train,2,C2,1149.9817144146045,-229.67137127882,192.87421926144404
train_00123,train,2,C3,1299.9844108781076,-52.0284522777628,-295.48889273253985
train_00123,train,3,A1,-750.0542579162806,272.94135163929144,99.33932509452653
train_00123,train,3,A2,-900.0463228172581,-199.03792869572382,166.9471208293906
train_00123,train,3,A3,-1050.0500852277664,-34.44767746155846,-195.4607361545915
train_00123,train,3,B1,-299.98419550020657,281.91822358580964,102.6174902660905
train_00123,train,3,B2,-0.013878213834457608,-229.79101053359778,192.8577899631836
train_00123,train,3,B3,299.95641886522276,-52.09740036946157,-295.45445011357805
train_00123,train,3,C1,749.9237211822027,281.86914063611067,102.68402850570915
train_00123,train,3,C2,899.8931658002338,-229.83329567419923,192.86421706899782
train_00123,train,3,C3,1049.9831482071936,-52.06877220933355,-295.385180262789
train_00123,train,4,A1,-749.9561146275887,272.95857958289025,99.38579629571197
train_00123,train,4,A2,-899.9708696186517,-198.98678793362058,167.00164644670573
train_00123,train,4,A3,-1050.040394005514,-34.448198129354,-195.33515375606757
train_00123,train,4,B1,-300.02256379321767,281.9080914893799,102.69037847015588
train_00123,train,4,B2,-0.026628254439748124,-229.83986676608637,192.86399929280458
train_00123,train,4,B3,300.0147302268872,-52.07209842526242,-295.47190138143384
train_00123,train,4,C1,749.9625090814777,281.917551832978,102.62698268155732
train_00123,train,4,C2,899.942790320908,-229.81918771670342,192.8318215483731
train_00123,train,4,C3,1050.0582984835823,-52.040413176430434,-295.42746703636055
train_00124,train,0,A1,-964.687506571665,489.92550959641625,311.217405185735
train_00124,train,0,A2,-1013.6375441738235,-7.233051442274695,295.9946983131718
train_00124,train,0,A3,-1146.618005814341,177.10425045395536,-63.46870537037189
train_00124,train,0,B1,-0.7406662755394953,433.51269387544346,401.5022767560194
train_00124,train,0,B2,305.61011637161505,-67.60872146829016,524.1174269620604
train_00124,train,0,B3,627.3582938621129,102.13209030393635,46.96316131195948
train_00124,train,0,C1,1126.22285900481,161.97689795439516,-324.47326671486377
train_00124,train,0,C2,1214.9911752255414,-319.4000509657819,-94.5499374681698
train_00124,train,0,C3,1392.9442466652345,-296.60390087755894,-604.7462076085972
train_00124,train,1,A1,-999.9916890051027,272.8719698420317,99.26764503597008
train_00124,train,1,A2,-1149.9649646107293,-199.1006179485607,167.00002684907602
train_00124,train,1,A3,-1300.015683405644,-34.57597875286175,-195.44061774185053
train_00124,train,1,B1,-299.9019781903478,281.90767369213347,102.6063364045623
train_00124,train,1,B2,0.028638958101763194,-229.82479907899517,192.84578226905873
train_00124,train,1,B3,300.0727353965107,-52.09292916990568,-295.4093477660899
train_00124,train,1,C1,999.9800088356299,281.8734818109663,102.58187891988251
train_00124,train,1,C2,1149.9362661705675,-229.83729173781947,192.907927518613
train_00124,train,1,C3,1299.9349949567413,-52.16532817744664,-295.47571811177386
train_00124,train,2,A1,-749.9423836372197,272.9554227524906,99.41305564216225
train_00124,train,2,A2,-899.988950318901,-199.03955881593077,166.8689311664429
train_00124,train,2,A3,-1049.925775498594,-34.39235050638522,-195.46986140056643
train_00124,train,2,B1,-299.92328250465874,281.93324180933274,102.62833329544291
train_00124,train,2,B2,0.045729899684692564,-229.8018076958227,192.89924831142133
train_00124,train,2,B3,300.10509801696463,-52.155754562798386,-295.4173495798847
train_00124,train,2,C1,999.9431354802318,281.8406108371831,102.60104529758225
train_00124,train,2,C2,1149.9612559666796,-229.83375563596772,192.8017278114848
train_00124,train,2,C3,1299.911240147131,-52.19662730430808,-295.5250603986964
train_00124,train,3,A1,-749.8997290682642,272.971489062625,99.414859134719
train_00124,train,3,A2,-899.9576377695993,-198.99783140039906,166.9080499594932
train_00124,train,3,A3,-1049.9526426810958,-34.40084294719525,-195.45095420756212
train_00124,train,3,B1,-299.92375590986126,281.9567355788283,102.64572101724353
train_00124,train,3,B2,-0.0012124209055949173,-229.79192670559223,192.8374587085549
train_00124,train,3,B3,300.06839229507824,-52.111467201270266,-295.4587552917482
train_00124,train,3,C1,750.209244582818,281.8332445959381,102.66134471126773
train_00124,train,3,C2,900.0675419460634,-229.92617167975507,192.86664565740313
train_00124,train,3,C3,1050.1082995751615,-52.26372416551586,-295.3874879812852
train_00124,train,4,A1,-750.0345092068776,272.91488730799637,99.3206558462653
train_00124,train,4,A2,-899.9628235309317,-199.1316975886981,166.9364560901924
train_00124,train,4,A3,-1049.9718613057828,-34.51223455846984,-195.49963646205072
train_00124,train,4,B1,-299.9556607569762,281.84489790150997,102.5721986358987
train_00124,train,4,B2,0.01786718304745925,-229.8409264719674,192.86594043078932
train_00124,train,4,B3,300.09596207951654,-52.146612236057315,-295.3583986682514
train_00124,train,4,C1,750.0419856697031,281.9083760613709,102.60943540078486
train_00124,train,4,C2,900.0436301089607,-229.7763324955257,192.89419026508642
train_00124,train,4,C3,1050.0373113725327,-52.08572347717308,-295.3651349569749
train_00125,train,0,A1,-829.190142200387,10.146043202222994,-143.83405735063332
train_00125,train,0,A2,-831.1396809082171,-489.04373945465613,-169.32442389757048
train_00125,train,0,A3,-977.6845084798805,-310.55430747593255,-526.5925210175527
train_00125,train,0,B1,-482.4762526178606,109.71772577789609,287.43658590397774
train_00125,train,0,B2,-215.45334993870844,-402.89324590942675,448.3952659321136
train_00125,train,0,B3,63.295736644373605,-335.4322851096512,-78.67188838929239
train_00125,train,0,C1,848.4233730350553,210.35718127006433,391.93495234593826
train_00125,train,0,C2,989.1908334224091,-306.78129690933247,464.5242062750958
train_00125,train,0,C3,1121.4032914645118,-122.18023726443714,-26.37633141150257
train_00125,train,1,A1,-999.9469349388014,272.8585579994649,99.26514535989314
train_00125,train,1,A2,-1150.0461358287725,-199.0263142248351,166.91834740420802
train_00125,train,1,A3,-1300.007958125053,-34.46879124091771,-195.4535708086018
train_00125,train,1,B1,-300.01894241407217,281.9045439131276,102.55443663168893
train_00125,train,1,B2,0.00888258525512737,-229.83975076855768,192.85698674028563
train_00125,train,1,B3,300.0177981449026,-52.08341279750867,-295.461452308488
train_00125,train,1,C1,999.9546551918505,281.881549268953,102.60566330953277
train_00125,train,1,C2,1149.9478147531722,-229.8416568333876,192.8622679543899
train_00125,train,1,C3,1299.996525253368,-52.11479036875983,-295.3776578398909
train_00125,train,2,A1,-750.0758165822576,272.91494933749107,99.30523443819878
train_00125,train,2,A2,-899.9330379484715,-199.07380392971575,166.99882745890753
train_00125,train,2,A3,-1049.9938626786736,-34.58547203732497,-195.46162154096618
train_00125,train,2,B1,-299.99857474082836,281.91555997319597,102.59399013921693
train_00125,train,2,B2,-0.014752285693970128,-229.82259158141164,192.8476808904894
train_00125,train,2,B3,300.0369893967522,-52.09628005348056,-295.40844602408896
train_00125,train,2,C1,999.9770421134319,281.8849697077096,102.62426954344174
train_00125,train,2,C2,1149.9612205465064,-229.80540644183745,192.88501204764387
train_00125,train,2,C3,1299.9653877608218,-52.0503431137253,-295.4064159261145
train_00125,train,3,A1,-750.0218698004865,272.890774629154,99.29815746544489
train_00125,train,3,A2,-899.9649451215464,-199.144909209472,166.93578297244656
train_00125,train,3,A3,-1050.004833253006,-34.62890388343482,-195.46791836386774
train_00125,train,3,B1,-299.97209843711283,281.86510520789005,102.56853562423086
train_00125,train,3,B2,-0.04012282280184973,-229.87896243087135,192.86455074217565
train_00125,train,3,B3,299.9992521535497,-52.12577259832022,-295.3992118653986
train_00125,train,3,C1,749.9956575537028,281.8955491663574,102.67777108887307
train_00125,train,3,C2,899.9703108693134,-229.88533512355755,192.87885474979532
train_00125,train,3,C3,1050.0271427763514,-52.122994528029686,-295.36199156238996
train_00125,train,4,A1,-750.0182868328951,273.0618418598469,99.32063103011875
train_00125,train,4,A2,-899.9033921649915,-198.90650660612718,166.93474340238086
train_00125,train,4,A3,-1049.9542051167916,-34.43568970608506,-195.46348917701778
train_00125,train,4,B1,-299.9490465444676,281.9910736676093,102.5926450279634
train_00125,train,4,B2,0.011318097701267226,-229.7086741067931,192.81707241945708
train_00125,train,4,B3,300.075396815593,-52.0074680250135,-295.4131387725996
train_00125,train,4,C1,750.1309074115101,281.9013555059351,102.70537903933143
train_00125,train,4,C2,899.9740399726239,-229.8322731266211,192.90488144936288
train_00125,train,4,C3,1050.0614800131852,-52.13938111470333,-295.31704091090137
train_00126,train,0,A1,-1101.0061558776886,31.202672785852013,104.50338286181781
train_00126,train,0,A2,-1215.4017121091492,-453.259040058356,149.29710820361703
train_00126,train,0,A3,-1334.5532490914318,-295.52709715527374,-227.38469140406505
train_00126,train,0,B1,-556.382408778171,256.8280389249861,132.98550694504908
train_00126,train,0,B2,-281.7964499809302,-272.6506378865625,197.82440698747607
train_00126,train,0,B3,12.803022745002629,-95.1146356706384,-293.72736118712106
train_00126,train,0,C1,983.4977463203652,244.78115566714465,-103.27496111418591
train_00126,train,0,C2,1119.360284645463,-271.2110255990354,-14.511107676225883
train_00126,train,0,C3,1283.7633667490409,-92.92506633367968,-497.966657264702
train_00126,train,1,A1,-999.9825888063991,272.99164783153185,99.40424376796047
train_00126,train,1,A2,-1150.0229931016295,-198.98504737518363,167.04271082976547
train_00126,train,1,A3,-1299.9386502470438,-34.4138855976373,-195.4091140408687
train_00126,train,1,B1,-299.9425888444443,281.9222278257435,102.61034582384774
train_00126,train,1,B2,0.004036341794977007,-229.898595401482,192.82970722601698
train_00126,train,1,B3,300.02120275469713,-52.05784709578606,-295.55474114876563
train_00126,train,1,C1,999.9757506246486,282.0414170173191,102.61411392398448
train_00126,train,1,C2,1149.9874206746422,-229.66313115438663,192.9525713203207
train_00126,train,1,C3,1300.0370476814921,-51.99453489969336,-295.3253756504918
train_00126,train,2,A1,-748.6975811277931,273.3278891376433,100.79403944038539
train_00126,train,2,A2,-898.7692496843323,-198.53715972786307,168.37690572741448
train_00126,train,2,A3,-1048.7596512891123,-33.98412607388336,-193.91919650550395
train_00126,train,2,B1,-299.9554037804975,281.88825342731076,102.61332187741637
train_00126,train,2,B2,0.08494148170432218,-229.81407916929479,192.73572122483685
train_00126,train,2,B3,300.0133191834241,-52.086011299403886,-295.55811253640985
train_00126,train,2,C1,1000.0475227623251,282.02579227364384,102.60626783257993
train_00126,train,2,C2,1149.9398910282537,-229.69328206006318,192.933418148
train_00126,train,2,C3,1300.041523154817,-52.004671034390384,-295.32200661122727
train_00126,train,3,A1,-748.7347944553279,273.35652382255904,100.77569865454437
train_00126,train,3,A2,-898.7041540953039,-198.58332524417506,168.39560939897325
train_00126,train,3,A3,-1048.7387208248301,-34.021670537125836,-193.99099776678537
train_00126,train,3,B1,-299.9510397261976,281.882935197651,102.60513829770986
train_00126,train,3,B2,0.0367248613326354,-229.80650375254143,192.78865847440667
train_00126,train,3,B3,299.9135800728555,-52.05899825805533,-295.56073248124795
train_00126,train,3,C1,750.0020427573353,281.9377115344869,102.38775399715206
train_00126,train,3,C2,900.1361080731454,-229.79712328966886,192.58407279377326
train_00126,train,3,C3,1049.9811992545508,-52.0468969330288,-295.7405525231666
train_00126,train,4,A1,-749.3065632004407,273.07028816452186,99.8372826227761
train_00126,train,4,A2,-899.2685099269148,-198.9036905928878,167.36258883923125
train_00126,train,4,A3,-1049.1133104050607,-34.35229211373713,-195.15422519597703
train_00126,train,4,B1,-300.570224937943,281.6858441298152,102.0161216827369
train_00126,train,4,B2,-0.5271420919633194,-229.9922816910395,192.3731552571432
train_00126,train,4,B3,299.8366810362544,-52.16113751420312,-295.6308388204621
train_00126,train,4,C1,749.3760904329089,281.8920056126146,102.68852665337008
train_00126,train,4,C2,899.5342398540704,-229.71522747119968,192.99168628787575
train_00126,train,4,C3,1049.704468324503,-51.97530065347023,-295.18164548143517
train_00127,train,0,A1,-1342.29062352137,477.4894968501889,317.7961317030821
train_00127,train,0,A2,-1457.926201107411,-5.173689484753422,258.4658760025016
train_00127,train,0,A3,-1514.1620262591462,217.48200850223807,-99.59888621763541
train_00127,train,0,B1,-239.62983773926635,435.25613316515154,-58.93027251376557
train_00127,train,0,B2,51.04173730574344,-89.44370005144171,-45.387524348276514
train_00127,train,0,B3,402.1186817205434,180.45558411968744,-450.30151957050515
train_00127,train,0,C1,1160.2408118967408,497.0178110994485,232.8582688985515
train_00127,train,0,C2,1364.7084409135314,14.538358311846004,366.8312027921534
train_00127,train,0,C3,1494.4136053922678,162.87431942708918,-136.83720074650824
train_00127,train,1,A1,-999.9141265589709,272.9054392159603,99.31652461987362
train_00127,train,1,A2,-1150.0210754085876,-199.0060303210734,166.93962300401535
train_00127,train,1,A3,-1299.972077722062,-34.41526184642505,-195.46618438808352
train_00127,train,1,B1,-300.01532482407856,281.8909982918601,102.519950836783
train_00127,train,1,B2,0.04464232569467921,-229.75981771437517,192.82609712001366
train_00127,train,1,B3,299.9653864826799,-52.08991474239053,-295.4939995902217
train_00127,train,1,C1,1000.0135886943121,281.888699302211,102.68292499255799
train_00127,train,1,C2,1149.9994706085427,-229.82926299808148,192.850690510249
train_00127,train,1,C3,1299.957599127266,-52.0775608377817,-295.5378473672273
train_00127,train,2,A1,-750.1363864958051,272.97057898115133,99.34960002355795
train_00127,train,2,A2,-899.9663576170378,-199.01610405878645,167.12867679508454
train_00127,train,2,A3,-1050.0619880164793,-34.590704380221645,-195.36329678513212
train_00127,train,2,B1,-300.01133871185965,281.9164323539446,102.48509130000313
train_00127,train,2,B2,0.025726832222249356,-229.7922807231135,192.80760952198645
train_00127,train,2,B3,300.01004513117476,-52.05220443443405,-295.4930145848889
train_00127,train,2,C1,1000.0434671276194,281.90167604357583,102.64574201802823
train_00127,train,2,C2,1149.9696188953578,-229.9136433828116,192.8259398278604
train_00127,train,2,C3,1300.001727337107,-52.13568857217279,-295.44212183191325
train_00127,train,3,A1,-750.0690835980262,272.97241226647,99.32410110214116
train_00127,train,3,A2,-899.9687807320272,-199.01133170126508,167.12192160110789
train_00127,train,3,A3,-1050.0562255654174,-34.56719927856447,-195.28165257114583
train_00127,train,3,B1,-300.04545504093124,281.93452993874075,102.5257696205496
train_00127,train,3,B2,0.07085717540495194,-229.76553103325577,192.80500789064413
train_00127,train,3,B3,300.0182507069609,-52.074161812919066,-295.4975876943511
train_00127,train,3,C1,749.9425360695473,281.9487209503431,102.557574794097
train_00127,train,3,C2,900.0377871407468,-229.6793078400521,192.82914800546214
train_00127,train,3,C3,1050.0194777655972,-52.05644048368467,-295.38832087746164
train_00127,train,4,A1,-750.0692347406592,273.00512981270055,99.32614434451726
train_00127,train,4,A2,-899.9719110838192,-199.02393062343188,166.99283268678693
train_00127,train,4,A3,-1049.9988326598088,-34.50789908786656,-195.4683613048649
train_00127,train,4,B1,-300.0376796244732,281.8728829416642,102.60094046005052
train_00127,train,4,B2,-0.0007078128263430222,-229.82371694893692,192.71310140831332
train_00127,train,4,B3,300.00222438273676,-52.08379428732769,-295.5237891082876
train_00127,train,4,C1,750.0287563551695,281.8770296773674,102.67525439547083
train_00127,train,4,C2,899.9916341886033,-229.86153909673408,192.91465109694582
train_00127,train,4,C3,1050.0645552553415,-52.07834741372864,-295.3465952447124
train_00128,train,0,A1,-896.3264519131869,567.1161747623895,78.68460186634863
train_00128,train,0,A2,-1158.7632198332083,148.61356111417592,155.30471549912528
train_00128,train,0,A3,-1269.7380370484868,342.3905048205333,-206.74723024677542
train_00128,train,0,B1,-201.76096226878903,220.15141762664322,-106.08528510574612
train_00128,train,0,B2,-46.055099710919364,-307.05701907154736,134.5074091200989
train_00128,train,0,B3,377.1785069928761,-290.51210962967593,-290.44791458706385
train_00128,train,0,C1,1111.3314683298581,545.6369393689475,293.98793926604645
train_00128,train,0,C2,1156.70299818777,37.276521688990414,472.6318412121559
train_00128,train,0,C3,1434.8829253630236,123.23808334216162,16.88246716193207
train_00128,train,1,A1,-1000.0549571089095,272.87097775167985,99.3782666407341
train_00128,train,1,A2,-1150.0014837964363,-199.09625912237607,167.03477832444406
train_00128,train,1,A3,-1299.9833469170346,-34.558595216414744,-195.38585508177727
train_00128,train,1,B1,-300.0729745567277,281.89306089686863,102.59641967765873
train_00128,train,1,B2,-0.006847988447549528,-229.80156516943092,192.86831192270563
train_00128,train,1,B3,299.91164357593954,-52.13835009606703,-295.49673196598434
train_00128,train,1,C1,1000.0484188489077,281.9859713514021,102.57080215570953
train_00128,train,1,C2,1150.0266440023274,-229.7380276331966,192.8375162063544
train_00128,train,1,C3,1299.936624778442,-52.08338094365929,-295.4947969448964
train_00128,train,2,A1,-750.0564196595358,272.8802216177019,99.45757208209308
train_00128,train,2,A2,-899.9957162799108,-199.11012482172438,167.22085633940995
train_00128,train,2,A3,-1050.0060442579324,-34.55783963551014,-195.2024455007397
train_00128,train,2,B1,-300.03333871453134,281.91158945270837,102.59220128467146
train_00128,train,2,B2,0.006294249259885403,-229.7982954560271,192.8232143910907
train_00128,train,2,B3,299.90197963173665,-52.079572633981506,-295.4465124408023
train_00128,train,2,C1,1000.0018264985932,281.9503373948008,102.5955955901466
train_00128,train,2,C2,1150.0594395062185,-229.7193204085324,192.80964280114364
train_00128,train,2,C3,1300.0271101268042,-52.053884396399305,-295.4871261201247
train_00128,train,3,A1,-750.0655531992645,272.8620529602114,99.43749792292711
train_00128,train,3,A2,-899.9885420160768,-199.12693837808493,167.2333136717277
train_00128,train,3,A3,-1050.0678633003834,-34.63935316051818,-195.17363894787792
train_00128,train,3,B1,-300.02177799162536,281.9159479512059,102.58791916351414
train_00128,train,3,B2,-0.016258250556383677,-229.79173152575558,192.78322950305915
train_00128,train,3,B3,299.9715085631415,-52.08893878709115,-295.39318452724
train_00128,train,3,C1,749.9615181814384,281.97621963646367,102.52259280552953
train_00128,train,3,C2,899.9473531940681,-229.72462995606844,192.63630201854897
train_00128,train,3,C3,1049.8697038818882,-52.049720692218095,-295.6214341085013
train_00128,train,4,A1,-749.9881027908217,272.90873398591305,99.28449725813626
train_00128,train,4,A2,-900.0133040823329,-198.98281030330597,167.0111758086893
train_00128,train,4,A3,-1049.9530789685634,-34.48316953797377,-195.474510066985
train_00128,train,4,B1,-299.9535623888446,281.9394110076905,102.50826188228581
train_00128,train,4,B2,-0.004937313274626369,-229.89564422612702,192.84498466726168
train_00128,train,4,B3,300.07491947761946,-52.15149591077539,-295.41908139129157
train_00128,train,4,C1,750.0434122120348,281.8734142965975,102.6392777755617
train_00128,train,4,C2,899.8788578283794,-229.9396988055025,192.857646038726
train_00128,train,4,C3,1050.0052654338265,-52.25640671597502,-295.3704088348449
train_00129,train,0,A1,-985.25356460109,568.4882100295808,115.69667480469148
train_00129,train,0,A2,-1086.1962693599075,83.15094818009929,180.1390568900636
train_00129,train,0,A3,-1284.2455990330036,243.4186459867203,-160.5482071857608
train_00129,train,0,B1,-588.8866205067135,-77.59789068693505,217.76402020512566
train_00129,train,0,B2,-155.93350294545536,-453.60542728584585,394.4276944279566
train_00129,train,0,B3,76.19448663433836,-318.6777758165023,-142.1267621751525
train_00129,train,0,C1,946.5019964099308,347.17323432209713,-45.59698992606514
train_00129,train,0,C2,1169.4201729667082,-134.54849463675325,58.43986580330345
train_00129,train,0,C3,1254.4287475206797,28.500311602763237,-450.112978375814
train_00129,train,1,A1,-999.9219163581909,272.99404355920416,99.48538845458128
train_00129,train,1,A2,-1150.0002775811506,-199.05148901045925,167.09831368203467
train_00129,train,1,A3,-1300.0255629464239,-34.44558280645811,-195.22027831046927
train_00129,train,1,B1,-300.0043096604029,281.91304567328035,102.53044818450994
train_00129,train,1,B2,-0.02818826274903221,-229.8764266675273,192.73832563120254
train_00129,train,1,B3,300.0576653695585,-52.15562663103358,-295.4409931184885
train_00129,train,1,C1,999.9323332780037,281.9835698170592,102.6232505141315
train_00129,train,1,C2,1150.0106732776999,-229.76900645887696,192.87208143786228
train_00129,train,1,C3,1299.9739713181068,-52.074032552013705,-295.43253887372146
train_00129,train,2,A1,-749.9877330797569,273.02032030547855,99.08769016337105
train_00129,train,2,A2,-899.9662570690717,-198.9559091953918,166.8020573016146
train_00129,train,2,A3,-1049.8764729862742,-34.369337105280735,-195.72218257888193
train_00129,train,2,B1,-300.0185425657949,281.89249020560885,102.54767474620742
train_00129,train,2,B2,-0.014379830768623082,-229.895129402532,192.8074021600913
train_00129,train,2,B3,300.05035506049444,-52.10486075240307,-295.45300632745654
train_00129,train,2,C1,999.8939734431143,281.951456611852,102.52299918042115
train_00129,train,2,C2,1149.977342181327,-229.75374794178964,192.91882417112836
train_00129,train,2,C3,1299.9483619221564,-52.0789922647578,-295.38180661619737
train_00129,train,3,A1,-749.9973693354028,272.99179942668536,99.1064254256761
train_00129,train,3,A2,-900.0624027733144,-198.94824658097318,166.72911601619367
train_00129,train,3,A3,-1049.9178071287604,-34.44068535560957,-195.6815180938564
train_00129,train,3,B1,-300.00812821525426,281.8847316512991,102.56274445252387
train_00129,train,3,B2,-0.04524276718296283,-229.8490668304677,192.75794089716626
train_00129,train,3,B3,300.0271842684795,-52.08018773482789,-295.47102211328496
train_00129,train,3,C1,749.9799630453591,281.85210080225716,102.6477078732572
train_00129,train,3,C2,899.90646403199,-229.90993051358933,192.81243527964412
train_00129,train,3,C3,1049.994429402903,-52.104188439288436,-295.4598648769562
train_00129,train,4,A1,-749.9875018839596,273.0186899222073,99.31860211448247
train_00129,train,4,A2,-899.8846063446895,-198.96805956326705,167.02419853369662
train_00129,train,4,A3,-1049.976126465874,-34.48772818299446,-195.43661285118628
train_00129,train,4,B1,-300.016256868777,281.86032312814666,102.65381909061674
train_00129,train,4,B2,0.0005535786004485649,-229.78458764745707,192.94397042443
train_00129,train,4,B3,299.9791998558918,-52.179839587348134,-295.4084660959724
train_00129,train,4,C1,750.1318189219783,281.8729623597915,102.5907227648317
train_00129,train,4,C2,900.1067916309241,-229.87262861864514,192.78595999627777
train_00129,train,4,C3,1050.0502766475365,-52.11415516692845,-295.564171788042
train_00130,train,0,A1,-681.2954867176085,4.27941500772618,-152.6438990196629
train_00130,train,0,A2,-892.7720269125563,-443.8139530839245,-86.52099764577025
train_00130,train,0,A3,-1106.3233157445886,-206.70976087555346,-367.7586594398241
train_00130,train,0,B1,-495.13215727945516,151.77852170575147,314.1742337152314
train_00130,train,0,B2,-134.8690008827105,-308.842901238954,448.43366141361247
train_00130,train,0,B3,160.40700373436988,-122.33301032335731,-39.54775804174913
train_00130,train,0,C1,1127.9760279304737,243.74011715890575,394.519564319366
train_00130,train,0,C2,1291.888170687788,-269.4747038839886,441.6332342054839
train_00130,train,0,C3,1433.9640042185672,-48.30947546627916,-31.064228104546725
train_00130,train,1,A1,-999.935028015643,272.9721176391537,99.39151205218946
train_00130,train,1,A2,-1149.9938654320172,-198.96496109188922,167.04827437473085
train_00130,train,1,A3,-1300.0527595414721,-34.36615342268485,-195.44826059891275
train_00130,train,1,B1,-300.0056267364491,281.7923632661437,102.57142366380927
train_00130,train,1,B2,0.03196013653652843,-229.86279184764743,192.89550197584072
train_00130,train,1,B3,300.01887052509005,-52.14481055499934,-295.4691270890419
train_00130,train,1,C1,1000.0343173175564,281.88841148031133,102.59628460656667
train_00130,train,1,C2,1150.0641656013959,-229.7953492874466,192.8283483146781
train_00130,train,1,C3,1300.089872117086,-52.160411159844735,-295.48000208778467
train_00130,train,2,A1,-750.051460545216,272.7687862039971,99.3629849627421
train_00130,train,2,A2,-899.932386481246,-199.2650060495045,167.0787055302158
train_00130,train,2,A3,-1050.051752309688,-34.79552039154945,-195.2892053824419
train_00130,train,2,B1,-300.0370659331111,281.83760804501355,102.56432902998716
train_00130,train,2,B2,0.03590719105032667,-229.75551954499335,192.88200890479303
train_00130,train,2,B3,299.96989840253894,-52.15986729398149,-295.4111144532434
train_00130,train,2,C1,1000.031108906389,281.951337171806,102.57198789053827
train_00130,train,2,C2,1150.0397323768393,-229.86552813096932,192.82792363062302
train_00130,train,2,C3,1300.0317973332926,-52.15819975473741,-295.4485625038146
train_00130,train,3,A1,-750.0809888168105,272.74083055155273,99.40698535959302
train_00130,train,3,A2,-900.0210131925837,-199.23438165917324,167.121008901917
train_00130,train,3,A3,-1050.0081641174877,-34.82142045493451,-195.31902911039163
train_00130,train,3,B1,-300.02492199199446,281.83742989330267,102.57894811997014
train_00130,train,3,B2,0.06432004448405827,-229.84455837993383,192.85549687435753
train_00130,train,3,B3,300.01701727448506,-52.14809892225731,-295.4749299467908
train_00130,train,3,C1,749.9321112729225,282.1295982035089,102.5202537247236
train_00130,train,3,C2,900.1023174580507,-229.5781051659133,192.82544254215122
train_00130,train,3,C3,1049.9711459391076,-51.928291986779975,-295.5463466682349
train_00130,train,4,A1,-750.013772688557,272.99268732844035,99.34129462163278
train_00130,train,4,A2,-900.0956362456712,-198.97416564619394,166.93746530194832
train_00130,train,4,A3,-1050.0900523159994,-34.45035876299176,-195.42476521003297
train_00130,train,4,B1,-299.98989159674016,281.9292625579645,102.58171084922196
train_00130,train,4,B2,-0.055789429634834325,-229.84525630652794,192.85914852620735
train_00130,train,4,B3,299.98571841230864,-52.14535242347387,-295.4733617294913
train_00130,train,4,C1,749.9845643177862,281.8249686632306,102.6259353027209
train_00130,train,4,C2,899.9365440335955,-229.85942270554796,192.8952537454292
train_00130,train,4,C3,1049.9984693565207,-52.188937795538955,-295.3321040397839
train_00131,train,0,A1,-1118.1816454923835,-103.04591713181745,-85.56947546668219
train_00131,train,0,A2,-1376.5617849461128,-530.7509366662548,-94.35340937630012
train_00131,train,0,A3,-1392.1153796589276,-327.43450304775325,-467.6298990249132
train_00131,train,0,B1,-346.19269184833655,398.84594835150574,284.4236815999401
train_00131,train,0,B2,43.18704402140779,-46.49609748678478,384.4322808020407
train_00131,train,0,B3,357.3299031303092,233.06151714674036,-43.513386644916864
train_00131,train,0,C1,850.4003941094587,336.4396966782545,-141.27374787022296
train_00131,train,0,C2,1036.1892266543327,-165.50503229307725,-63.88235834394468
train_00131,train,0,C3,1132.843365981736,17.427832318404988,-563.5794531776994
train_00131,train,1,A1,-999.9711564658537,272.91974597670855,99.31022310689642
train_00131,train,1,A2,-1150.053509405243,-199.0256703837467,166.9428421725581
train_00131,train,1,A3,-1299.941213097407,-34.458639969421746,-195.49232672811183
train_00131,train,1,B1,-300.07589252005124,281.9090472353344,102.6157576342265
train_00131,train,1,B2,0.02920334016165342,-229.81956883450357,192.8692959478235
train_00131,train,1,B3,299.9595185324552,-52.11819630953223,-295.45899660359936
train_00131,train,1,C1,1000.0266266776825,281.9423179661515,102.60796911485892
train_00131,train,1,C2,1150.017032899043,-229.7917561950389,192.80033297894428
train_00131,train,1,C3,1299.9054844421098,-52.106259568915966,-295.48839542862794
train_00131,train,2,A1,-749.1790646832517,273.8270268218838,100.93611746459035
train_00131,train,2,A2,-899.0676654162835,-198.15605553719158,168.68336561015843
train_00131,train,2,A3,-1049.0842616447708,-33.678882261286404,-193.80222765466777
train_00131,train,2,B1,-300.0510256264213,281.95664947984113,102.6316704425702
train_00131,train,2,B2,-0.06477171729383333,-229.8024775271038,192.90563034518
train_00131,train,2,B3,299.94733318010395,-52.115318476562365,-295.4169378092683
train_00131,train,2,C1,1000.0591567091042,281.93035822994955,102.62095321082695
train_00131,train,2,C2,1149.9404719453335,-229.82288807549398,192.80341937796263
train_00131,train,2,C3,1299.9150822054062,-52.119092198028994,-295.514069315098
train_00131,train,3,A1,-749.1359329763831,273.883721670396,100.92159373049807
train_00131,train,3,A2,-899.1058941188329,-198.1727816842451,168.690968231442
train_00131,train,3,A3,-1049.1330934939153,-33.73864101437406,-193.70914568406891
train_00131,train,3,B1,-300.0737728581934,281.9435692203399,102.5495834052555
train_00131,train,3,B2,-0.002903051189125573,-229.80460744434453,192.89143137052426
train_00131,train,3,B3,299.96637294949517,-52.146396611938016,-295.3955110998837
train_00131,train,3,C1,749.8551352404719,281.8437551507491,102.59958525937247
train_00131,train,3,C2,899.9553828584609,-229.84603840369232,192.87300368209395
train_00131,train,3,C3,1049.9784127150822,-52.19553602479334,-295.3576315521189
train_00131,train,4,A1,-749.5954375051267,273.19487474873193,99.89289900321488
train_00131,train,4,A2,-899.3571441696497,-198.92303890429176,167.3846088310261
train_00131,train,4,A3,-1049.2434664830016,-34.39337140708414,-195.17026057504202
train_00131,train,4,B1,-300.55386389121867,281.4907112217224,101.84862761906705
train_00131,train,4,B2,-0.3638324455283474,-230.1244979880144,192.2846563986735
train_00131,train,4,B3,299.9186836342137,-52.2164426596127,-295.753571352936
train_00131,train,4,C1,749.4331804082432,281.98554435492684,102.590239920887
train_00131,train,4,C2,899.6240293441742,-229.69287203309122,192.9246597089115
train_00131,train,4,C3,1049.9356782787793,-51.86153330892055,-295.1845468670553
train_00132,train,0,A1,-1317.3217393321772,557.7528738283867,327.8551272251266
train_00132,train,0,A2,-1438.9944532317345,85.03311666552663,435.5980381009254
train_00132,train,0,A3,-1623.862488826016,219.4508661496773,76.86550236752535
train_00132,train,0,B1,-646.7736074283522,569.152871811676,44.54119660307354
train_00132,train,0,B2,-272.7744867051084,128.66715916702523,206.1594733118576
train_00132,train,0,B3,-39.00967584966659,230.0080100632621,-337.1043341492604
train_00132,train,0,C1,883.4052543549936,562.1869010759323,295.2661146932495
train_00132,train,0,C2,984.262423447838,33.797744491705075,351.32289612688
train_00132,train,0,C3,1125.2788199385907,221.95265044740074,-135.6997033521407
train_00132,train,1,A1,-1000.0440714929854,272.96111847603134,99.2822398899413
train_00132,train,1,A2,-1149.9825429312573,-199.0699456147683,166.94388667387767
train_00132,train,1,A3,-1299.9329415656632,-34.50966766097343,-195.55526483024838
train_00132,train,1,B1,-300.13314771071214,281.8907018390989,102.65586066269893
train_00132,train,1,B2,-0.031228994095076755,-229.76889261008384,192.84821416350673
train_00132,train,1,B3,299.95855437371847,-52.040255761525266,-295.4141573627427
train_00132,train,1,C1,999.9729608525396,281.9343480014329,102.6864201821643
train_00132,train,1,C2,1150.03263207473,-229.74772769106423,192.9380416233592
train_00132,train,1,C3,1299.9484826099956,-52.01182887044389,-295.4044322514306
train_00132,train,2,A1,-750.0732633924611,272.907618190708,99.35715788694817
train_00132,train,2,A2,-900.0500740557627,-199.1069798367457,167.02972353485853
train_00132,train,2,A3,-1050.1640247451037,-34.573072169836955,-195.35104756141303
train_00132,train,2,B1,-300.09115605039864,281.8943960415661,102.60453956424998
train_00132,train,2,B2,-0.03401561863178671,-229.76779882514666,192.82474417038685
train_00132,train,2,B3,299.95110692195675,-52.07096497238467,-295.51802014805236
train_00132,train,2,C1,999.9865440655088,281.9577181671453,102.63902340963666
train_00132,train,2,C2,1149.9938913674914,-229.75132895282462,192.9565477788958
train_00132,train,2,C3,1300.0345808862717,-52.043221967550615,-295.4221816161164
train_00132,train,3,A1,-750.1762488377768,272.8680037624542,99.37220895664957
train_00132,train,3,A2,-900.0575759422668,-199.14396292196386,167.06623767162887
train_00132,train,3,A3,-1050.1182053220432,-34.51966977346453,-195.3594209101516
train_00132,train,3,B1,-300.07172152122945,281.9232437300946,102.65863602800333
train_00132,train,3,B2,-0.03196635176420537,-229.86090739808418,192.87431878924005
train_00132,train,3,B3,299.9762859907957,-52.044464293771526,-295.486454447601
train_00132,train,3,C1,748.0978427493919,281.23919099237634,102.57909196353091
train_00132,train,3,C2,898.1966117126391,-230.45970600872036,192.88421101795703
train_00132,train,3,C3,1048.0566236318894,-52.79943386696711,-295.4555005581106
train_00132,train,4,A1,-749.5469301540405,272.8859352798978,99.30860139964226
train_00132,train,4,A2,-899.2957738338548,-199.0963504915289,166.98204024199356
train_00132,train,4,A3,-1049.4251053125981,-34.57923433442979,-195.5109560100031
train_00132,train,4,B1,-299.3993982514758,282.01985490503,102.4855321342721
train_00132,train,4,B2,0.7343910741553584,-229.56117577008015,192.7488558183582
train_00132,train,4,B3,300.71710629489286,-51.66309614518148,-295.4442475397868
train_00132,train,4,C1,748.7617141842479,281.71838502545717,102.50341556877076
train_00132,train,4,C2,898.9682034674186,-229.9039384388839,192.8247424709894
train_00132,train,4,C3,1048.7952762245382,-52.26036671202493,-295.4883172319423
train_00133,train,0,A1,-1248.7177697877112,10.71767177817696,-194.7426728924124
train_00133,train,0,A2,-1510.3524860590069,-410.9796296936942,-135.251414508259
train_00133,train,0,A3,-1637.429279244235,-191.35244579207878,-476.6346166641056
train_00133,train,0,B1,-164.2502511259835,-42.53755240445191,73.87640892430947
train_00133,train,0,B2,138.3959760892488,-545.5500068129569,197.9537359815803
train_00133,train,0,B3,533.2987037299283,-314.1641943180117,-189.96248445466657
train_00133,train,0,C1,706.9818042288423,478.05378113143905,25.328075913672762
train_00133,train,0,C2,1039.5955092351646,51.87130469800805,41.16167102199863
train_00133,train,0,C3,1043.3120089933516,300.8746429219961,-438.87872851360925
train_00133,train,1,A1,-1001.6634830456094,272.34848365576653,98.35195329294899
train_00133,train,1,A2,-1151.7247788721727,-199.5607310427862,166.08821574353212
train_00133,train,1,A3,-1301.6407118658328,-35.06082429248028,-196.36385206654415
train_00133,train,1,B1,-300.06917254315636,281.82103584642425,102.61607562760015
train_00133,train,1,B2,-0.03811661717210094,-229.8197717521536,192.87948366210455
train_00133,train,1,B3,299.9838256001194,-52.0928955326925,-295.42811929328747
train_00133,train,1,C1,1000.0516189919224,281.8746933727716,102.56163545664609
train_00133,train,1,C2,1149.9623368429336,-229.87769862978794,192.8364469412919
train_00133,train,1,C3,1300.0319614569005,-52.10469453402714,-295.5098364724687
train_00133,train,2,A1,-750.0980952288481,272.8272130229106,99.27853128351738
train_00133,train,2,A2,-900.0217089854011,-199.25274585637115,167.00854365204137
train_00133,train,2,A3,-1050.062110731274,-34.62737834354316,-195.40960569848573
train_00133,train,2,B1,-300.0801146675552,281.86644668150046,102.57926987624927
train_00133,train,2,B2,0.012107420812711194,-229.8774293707679,192.89207993618194
train_00133,train,2,B3,299.9977122828447,-52.125741135378604,-295.41135041568344
train_00133,train,2,C1,999.9971338072725,281.78535324504475,102.62086997775666
train_00133,train,2,C2,1149.8905967910443,-229.8880525883529,192.75895612146832
train_00133,train,2,C3,1300.0793548188917,-52.09194126201468,-295.45842276970245
train_00133,train,3,A1,-750.1149671558004,272.8366406881607,99.34593118439115
train_00133,train,3,A2,-899.9696059893693,-199.26777614550878,166.9740761083165
train_00133,train,3,A3,-1050.0602934495048,-34.66647428602691,-195.42029253776624
train_00133,train,3,B1,-300.0191620423297,281.8133017206385,102.5979839132696
train_00133,train,3,B2,-0.09429993055369644,-229.8992202935566,192.89068304328492
train_00133,train,3,B3,300.007818071569,-52.16896357901617,-295.4052328558422
train_00133,train,3,C1,749.9596519832074,282.08315963735123,102.64722651142175
train_00133,train,3,C2,900.0571361732516,-229.65239152024535,193.0354317180389
train_00133,train,3,C3,1049.9748273496193,-51.998676122123314,-295.3387264279488
train_00133,train,4,A1,-749.9884376609552,272.967233857127,99.35020335255449
train_00133,train,4,A2,-899.966529307466,-199.03794767285063,166.9850615561116
train_00133,train,4,A3,-1050.0426160495867,-34.408711628761274,-195.3988593347843
train_00133,train,4,B1,-299.9539195210487,281.99798084168145,102.57549396807087
train_00133,train,4,B2,-0.008474207165308435,-229.77065244974864,192.7727220038573
train_00133,train,4,B3,299.9664551469933,-51.99561423481215,-295.49197132383756
train_00133,train,4,C1,750.081649047976,282.0648839646624,102.59698210270415
train_00133,train,4,C2,900.0209779778179,-229.69235143580156,192.88537749806744
train_00133,train,4,C3,1049.8675540865815,-52.002109905990004,-295.4549257360994
train_00134,train,0,A1,-1083.3430673445441,197.02819042038269,199.78597967802546
train_00134,train,0,A2,-1291.218475890063,-227.92691260859058,361.2045324525599
train_00134,train,0,A3,-1446.4771946068379,-107.8464926102968,-16.144301055001122
train_00134,train,0,B1,-91.6060683176568,-46.990554074362535,64.5611321366229
train_00134,train,0,B2,202.08756729029997,-558.2154148331574,176.2636004017451
train_00134,train,0,B3,534.5270716535305,-381.1906774978743,-290.7981415807671
train_00134,train,0,C1,1244.850049642575,518.579357654497,431.54494683302045
train_00134,train,0,C2,1398.7060085787334,8.796467016519994,526.1686765546774
train_00134,train,0,C3,1469.64770100572,155.22215792575275,10.35864758598837
train_00134,train,1,A1,-999.9498144916085,273.06447162107816,99.3301165499154
train_00134,train,1,A2,-1150.062880697914,-198.888317345988,166.98529949539918
train_00134,train,1,A3,-1299.9744453288167,-34.39557781992967,-195.42969614855323
train_00134,train,1,B1,-299.9521009296712,281.8847007951448,102.6013593415115
train_00134,train,1,B2,0.037508241881585205,-229.7987308489503,192.85218022732602
train_00134,train,1,B3,300.00310901783973,-52.07990240286332,-295.50744196314884
train_00134,train,1,C1,999.9251869671365,283.5247334347837,103.8634961262082
train_00134,train,1,C2,1149.9415183269573,-228.24918627252046,194.1557362973955
train_00134,train,1,C3,1299.8765123751698,-50.551091567412605,-294.1596627765407
train_00134,train,2,A1,-749.9839554765406,273.0590518270436,99.41821132357515
train_00134,train,2,A2,-899.8886021756084,-198.98636641314434,167.0963055316033
train_00134,train,2,A3,-1049.9773445199348,-34.45394984589257,-195.26876165309335
train_00134,train,2,B1,-299.9992502094481,281.8907545974963,102.6449097725428
train_00134,train,2,B2,0.06600375544383978,-229.79657759478076,192.82750940185312
train_00134,train,2,B3,300.0200242288379,-52.07819434411727,-295.5497725285025
train_00134,train,2,C1,999.8835115019816,283.4375191871015,103.91177525265265
train_00134,train,2,C2,1149.913300814472,-228.2514452532059,194.2540446230773
train_00134,train,2,C3,1299.8637794070748,-50.572098625501816,-294.0336462586563
train_00134,train,3,A1,-749.9790475482573,273.04864991449745,99.43081090878003
train_00134,train,3,A2,-899.9133758371572,-199.0170194175594,167.12418916713136
train_00134,train,3,A3,-1049.9963037131693,-34.55648506794848,-195.258111048072
train_00134,train,3,B1,-300.0439245917804,281.8970857062403,102.59728644522849
train_00134,train,3,B2,0.1284089202390901,-229.774717681431,192.81863034361632
train_00134,train,3,B3,299.9480626887421,-52.00753633202062,-295.51388963125106
train_00134,train,3,C1,750.076021286161,281.95683430560194,102.4877376904114
train_00134,train,3,C2,900.1172069276207,-229.7645775342691,192.60527411445128
train_00134,train,3,C3,1050.0203635288356,-51.9701426997944,-295.6504403278915
train_00134,train,4,A1,-750.0381051003762,272.9864907882198,99.34052631789969
train_00134,train,4,A2,-899.9460230294713,-198.98101656058577,167.03782300438328
train_00134,train,4,A3,-1050.0347745677702,-34.42725253568112,-195.3761737771355
train_00134,train,4,B1,-300.01061484165365,281.88429575364324,102.54701072018332
train_00134,train,4,B2,0.00999412933786149,-229.80663140822676,192.83632005331836
train_00134,train,4,B3,299.94246133413844,-52.15056627584762,-295.4779176094293
train_00134,train,4,C1,750.0861459208954,281.86127830009445,102.58838073267401
train_00134,train,4,C2,900.0422384397355,-229.85265861094754,192.82028504696058
train_00134,train,4,C3,1050.0223644797359,-52.14595098782514,-295.4826767921147
train_00135,train,0,A1,-1274.1663640370364,-27.583821024272712,178.0208861702328
train_00135,train,0,A2,-1445.1183622934866,-491.5814559505736,251.04014188309864
train_00135,train,0,A3,-1587.6550085490856,-324.61502538367995,-113.16987334971346
train_00135,train,0,B1,-449.19145637023774,617.0258654752541,261.24633249381236
train_00135,train,0,B2,-149.3834142186356,99.64878462063402,310.77360469476304
train_00135,train,0,B3,84.61859510266697,272.0401153652243,-214.07622272061724
train_00135,train,0,C1,1320.0136324985117,223.90833109490333,-76.45672722229959
train_00135,train,0,C2,1456.6508630769606,-299.38043753043974,-84.70327542493617
train_00135,train,0,C3,1598.952592134565,-40.06300373314686,-537.4166196725172
train_00135,train,1,A1,-1000.0229405566677,273.00652298942896,99.30972162409375
train_00135,train,1,A2,-1150.0224768424036,-199.03368290539206,166.96073565001961
train_00135,train,1,A3,-1299.9741275987603,-34.45139298705863,-195.40739756230147
train_00135,train,1,B1,-300.13070553245626,281.7980791311599,102.66607369461556
train_00135,train,1,B2,0.004355253817558094,-229.82528183463555,192.84034325534012
train_00135,train,1,B3,299.92617660239904,-52.13054663043721,-295.4177153571839
train_00135,train,1,C1,999.9986353171926,281.8787435028728,102.45209838032531
train_00135,train,1,C2,1150.0153286144778,-229.80004270420935,192.8424451665838
train_00135,train,1,C3,1300.0147425172397,-52.11844555694939,-295.48960925657815
train_00135,train,2,A1,-750.2097201707805,272.70988439803415,99.42365520099098
train_00135,train,2,A2,-899.9876463525156,-199.26427512611036,167.12075901065674
train_00135,train,2,A3,-1050.142469913064,-34.813316816824454,-195.27575797784507
train_00135,train,2,B1,-300.1228310098423,281.80917471635735,102.64726017910009
train_00135,train,2,B2,-0.028742695120692285,-229.83540817895306,192.8922987602541
train_00135,train,2,B3,299.9522198515681,-52.13002603624486,-295.44248341146124
train_00135,train,2,C1,999.93946422615,281.90541745985223,102.53971104804359
train_00135,train,2,C2,1150.0015904337852,-229.79156356747916,192.80808571959614
train_00135,train,2,C3,1300.0427787390704,-52.14765023718202,-295.4449137465465
train_00135,train,3,A1,-750.1210071652158,272.73944762833077,99.46178221045113
train_00135,train,3,A2,-900.0906053111925,-199.26383157502704,167.11119778640492
train_00135,train,3,A3,-1050.1402166298778,-34.739677492813826,-195.2715535857061
train_00135,train,3,B1,-300.1007543098201,281.8264383715428,102.64513349768634
train_00135,train,3,B2,-0.08936787304059919,-229.79345783231645,192.8843838789812
train_00135,train,3,B3,299.93761986739327,-52.080367236651234,-295.4593368143492
train_00135,train,3,C1,749.927730286085,281.9474265262824,102.53934422851754
train_00135,train,3,C2,900.0224823474531,-229.76361730550894,192.79787999649062
train_00135,train,3,C3,1049.9330328582412,-52.07835287805418,-295.46608608720516
train_00135,train,4,A1,-749.8748007763372,271.44822238935905,98.11905351646418
train_00135,train,4,A2,-899.6966144769204,-200.5214641520399,165.68552692162942
train_00135,train,4,A3,-1049.7989787960123,-36.0253393836255,-196.72596373987813
train_00135,train,4,B1,-299.7441611402067,280.48700082710377,101.25883932516619
train_00135,train,4,B2,0.19654657310880103,-231.34733764474842,191.4758741923793
train_00135,train,4,B3,300.2362616565292,-53.546834838167435,-296.7761103850611
train_00135,train,4,C1,750.2821242304101,280.39676785158656,101.26319857900933
train_00135,train,4,C2,900.2883720868399,-231.3512090845251,191.52019050327044
train_00135,train,4,C3,1050.248694676617,-53.65283396349807,-296.7975400397729
train_00136,train,0,A1,-1031.4106084114705,-70.59358074734324,402.9207669497092
train_00136,train,0,A2,-1293.2767098494528,-478.33004172379964,525.2218613906834
train_00136,train,0,A3,-1332.1233248136257,-381.6661990912815,112.82547852001588
train_00136,train,0,B1,-506.35250870321926,30.30741565309772,241.289940673529
train_00136,train,0,B2,-158.16973538283585,-422.912481260013,423.9621612139891
train_00136,train,0,B3,206.31300859313842,-216.87114911496218,-5.908495499022084
train_00136,train,0,C1,1159.1983667853601,417.4506249439021,-227.43931294931767
train_00136,train,0,C2,1372.2598304588355,-77.61335610368076,-183.09252287467217
train_00136,train,0,C3,1547.0911401510075,185.58164166540428,-622.0446097141325
train_00136,train,1,A1,-1000.0994613931775,272.9518216173982,99.33412070020606
train_00136,train,1,A2,-1150.0135935804926,-199.00910904949933,166.990193965051
train_00136,train,1,A3,-1300.012553221512,-34.465904713015604,-195.3829818623193
train_00136,train,1,B1,-300.0521600287371,281.83667076890794,102.60813292600042
train_00136,train,1,B2,0.0532261660584295,-229.77802215495475,192.89117035399462
train_00136,train,1,B3,299.96222095050905,-52.07356793229626,-295.44827750460917
train_00136,train,1,C1,1000.0083259173108,281.8931134217402,102.56199174672962
train_00136,train,1,C2,1150.1019381345727,-229.75808492021343,192.83463985130984
train_00136,train,1,C3,1300.0524460736763,-52.01208779960869,-295.4983540526197
train_00136,train,2,A1,-750.0715881668567,272.7468065535342,99.36496354138907
train_00136,train,2,A2,-899.9442622198249,-199.221952243044,167.17528076852196
train_00136,train,2,A3,-1050.051137739022,-34.74888395607745,-195.28564658654182
train_00136,train,2,B1,-299.9922190328355,281.9419931258082,102.62029162109202
train_00136,train,2,B2,0.025703662355011744,-229.78897185494205,192.83360413349953
train_00136,train,2,B3,299.8831852563247,-52.10794253341774,-295.45374648757326
train_00136,train,2,C1,999.9947625116929,281.9484668937245,102.62180524797127
train_00136,train,2,C2,1150.0586865824544,-229.74741628506465,192.79659224135906
train_00136,train,2,C3,1300.0573840939135,-52.05625119900573,-295.3865548325398
train_00136,train,3,A1,-750.0934985342006,272.7745681516198,99.32353654232384
train_00136,train,3,A2,-899.9854761135744,-199.1761906007713,167.11941778294735
train_00136,train,3,A3,-1050.0282091337667,-34.74030668627312,-195.21604859099656
train_00136,train,3,B1,-300.0913998887848,281.955950907962,102.6387728535503
train_00136,train,3,B2,0.007255415960652475,-229.79109876359325,192.86849160339705
train_00136,train,3,B3,299.92611242161894,-52.10819986282337,-295.47288940836097
train_00136,train,3,C1,749.9873148856545,281.9224261640296,102.49539219779555
train_00136,train,3,C2,899.9462629413949,-229.83286369079966,192.72081888343504
train_00136,train,3,C3,1049.8327154485655,-52.09929993662317,-295.6759827626056
train_00136,train,4,A1,-750.0475347997966,272.86929777374763,99.25751611063109
train_00136,train,4,A2,-899.9359257301874,-199.0592993170936,166.96556767636946
train_00136,train,4,A3,-1049.8942528681446,-34.58427156739082,-195.49896467638155
train_00136,train,4,B1,-299.98354225640077,282.014402747442,102.59030538144088
train_00136,train,4,B2,-0.003909258806642831,-229.69592988110125,192.88436703760877
train_00136,train,4,B3,300.0488439765085,-52.02384264046427,-295.36699034666395
train_00136,train,4,C1,749.9744699360002,281.88404320166643,102.62433093522057
train_00136,train,4,C2,899.9395804873076,-229.76494586219192,192.94337729393337
train_00136,train,4,C3,1049.958000283518,-52.107474339352514,-295.50604885415333
train_00137,train,0,A1,-791.2825141792636,138.94437891800558,243.32824086250355
train_00137,train,0,A2,-956.7024656971756,-299.1246595473464,418.2804004361285
train_00137,train,0,A3,-1124.0338248047103,-205.56356482063129,38.57456723294776
train_00137,train,0,B1,-183.70113420289437,183.8044412162409,-123.49399971220802
train_00137,train,0,B2,106.38409208846731,-334.9707367660034,-205.58696960831986
train_00137,train,0,B3,458.58894489146394,3.8060163170448216,-553.773547062735
train_00137,train,0,C1,865.7367227634523,196.35659667548575,395.1482410717354
train_00137,train,0,C2,841.5346238983213,-340.07102467680284,459.4652511446786
train_00137,train,0,C3,1010.929494091623,-197.07507288814293,-33.89665835191525
train_00137,train,1,A1,-999.9350568620199,272.95993890565774,99.33427740646547
train_00137,train,1,A2,-1149.9790626608067,-199.07849011829714,166.9847475513221
train_00137,train,1,A3,-1299.95054856743,-34.40814340904187,-195.37054314467346
train_00137,train,1,B1,-300.03208710153723,281.89553453403664,102.56774622128547
train_00137,train,1,B2,-0.07528972763238553,-229.87600571204558,192.8122576085655
train_00137,train,1,B3,299.94058424472297,-52.0617217352312,-295.476534067809
train_00137,train,1,C1,999.992544070212,281.92936293351,102.63570943572587
train_00137,train,1,C2,1149.9763283357852,-229.78902581432456,192.8869048677815
train_00137,train,1,C3,1299.994577251022,-52.117651346628634,-295.429321307237
train_00137,train,2,A1,-750.0664006196123,272.94176459597196,99.35367990443802
train_00137,train,2,A2,-900.0649864564498,-199.09620374414965,166.98592010101825
train_00137,train,2,A3,-1050.011793322915,-34.41019255246983,-195.52441324706982
train_00137,train,2,B1,-300.0607159364009,281.871756834526,102.57254544362362
train_00137,train,2,B2,-0.03203788829263058,-229.84029694703565,192.84192417442063
train_00137,train,2,B3,300.0306150361359,-52.06295819768893,-295.4731237697364
train_00137,train,2,C1,999.9647586787421,281.922636184714,102.6271769039823
train_00137,train,2,C2,1150.0386304972674,-229.7876307723662,192.8664821933439
train_00137,train,2,C3,1300.0056311892945,-52.145608796722314,-295.3763099731136
train_00137,train,3,A1,-750.0791406488423,272.98698647918275,99.32697704879816
train_00137,train,3,A2,-900.1142288643837,-199.03444483882157,166.95126987381315
train_00137,train,3,A3,-1050.0149062734863,-34.43224550411731,-195.41875062778274
train_00137,train,3,B1,-300.03093766211924,281.8715080334776,102.61124239083784
train_00137,train,3,B2,-0.10549422387166349,-229.8788875838129,192.79635554072428
train_00137,train,3,B3,300.01346549988006,-52.112560438965815,-295.49735753231016
train_00137,train,3,C1,750.0035109602704,281.9567896251119,102.66250633394563
train_00137,train,3,C2,899.9834207020286,-229.78650558478444,192.89337405567073
train_00137,train,3,C3,1049.996959206791,-52.07525641953411,-295.37357342796423
train_00137,train,4,A1,-750.0466091409861,272.95630916570195,99.31280684608267
train_00137,train,4,A2,-899.9926925493446,-199.07272680668024,166.93698819491922
train_00137,train,4,A3,-1050.0175207714597,-34.444316033919904,-195.50796937967323
train_00137,train,4,B1,-299.9852312073416,281.90749288755165,102.58163470293945
train_00137,train,4,B2,-0.014341736955837736,-229.79914975681422,192.8611925202649
train_00137,train,4,B3,300.01727657007245,-52.06985667021981,-295.47846656207196
train_00137,train,4,C1,750.0654782360402,282.0080804095586,102.6368132870203
train_00137,train,4,C2,900.0192424673953,-229.79126127642365,192.8412243513025
train_00137,train,4,C3,1050.0261957956877,-52.028047444989134,-295.4277541769045
train_00138,train,0,A1,-1180.7642391351098,567.171181196766,373.5205657773203
train_00138,train,0,A2,-1423.213986174488,130.6080233354178,394.5895538456025
train_00138,train,0,A3,-1457.4281477758725,313.73496424771844,12.209305407684262
train_00138,train,0,B1,-101.92483428790003,538.6079202633102,-257.45379178979607
train_00138,train,0,B2,-7.360441949903862,-49.92571788838787,-189.28930358240373
train_00138,train,0,B3,418.87320584389425,47.37476017135726,-600.1358234924904
train_00138,train,0,C1,711.2977964658579,319.62922145498464,269.26610923613885
train_00138,train,0,C2,851.6099154281019,-179.21953323850187,424.0035433547611
train_00138,train,0,C3,1006.4028055189516,-67.13393468881334,-81.91032384277212
train_00138,train,1,A1,-1000.0270901713643,272.87516870365545,99.32724283663804
train_00138,train,1,A2,-1150.0036183051925,-199.06857207694114,167.06047190567133
train_00138,train,1,A3,-1299.9712686460698,-34.603351690628024,-195.33490620447245
train_00138,train,1,B1,-300.0231200370241,281.8690620129808,102.6656642363882
train_00138,train,1,B2,-0.0090122396185249,-229.8335086709833,192.8716990408928
train_00138,train,1,B3,299.9872222300348,-52.08159787855302,-295.4106872926063
train_00138,train,1,C1,1000.0588236115551,281.8792674767591,102.62740652912055
train_00138,train,1,C2,1149.9684369554016,-229.89294117455546,192.76959854074374
train_00138,train,1,C3,1299.9765866085488,-52.18908535539917,-295.54028230367175
train_00138,train,2,A1,-750.0317747657391,272.9598219200895,99.47135490049027
train_00138,train,2,A2,-900.0212356660026,-199.03405002651752,167.10654474368243
train_00138,train,2,A3,-1050.0086424651863,-34.408313601861174,-195.30060104383074
train_00138,train,2,B1,-300.033182052426,281.8114507100255,102.61335199558297
train_00138,train,2,B2,-0.06087124304086379,-229.7895540827733,192.8466836405056
train_00138,train,2,B3,299.92846329466875,-52.05458380905955,-295.43776452406127
train_00138,train,2,C1,1000.0718911565664,281.8955137968792,102.55876658220909
train_00138,train,2,C2,1149.958626739461,-229.88388399746506,192.7548189829707
train_00138,train,2,C3,1300.0001521267236,-52.148593722880165,-295.5423011840846
train_00138,train,3,A1,-750.0407338317445,272.9725873319955,99.54338774270862
train_00138,train,3,A2,-900.0077546926697,-199.02864244390426,167.11791572606765
train_00138,train,3,A3,-1050.0285924182676,-34.46215632141185,-195.32581231427216
train_00138,train,3,B1,-300.06796565768155,281.887130301391,102.61392676307561
train_00138,train,3,B2,-0.014805095298091833,-229.79887093644857,192.84042325196177
train_00138,train,3,B3,299.92379662210493,-52.05570153339478,-295.4825270817509
train_00138,train,3,C1,750.1923864171877,282.7908899925766,100.84369982690198
train_00138,train,3,C2,900.3381627123484,-228.98706398130065,191.0754294683873
train_00138,train,3,C3,1050.266825469368,-51.21140183592259,-297.2068599032188
train_00138,train,4,A1,-750.0541901932966,273.0160754430499,99.36130495166533
train_00138,train,4,A2,-900.3392292277942,-199.0159069043192,166.76805337015284
train_00138,train,4,A3,-1049.977524848563,-34.21189208373374,-195.76073019431038
train_00138,train,4,B1,-300.0778484453923,281.7061070762488,102.91585859731137
train_00138,train,4,B2,-0.37335521380038955,-230.16627622870988,193.34326673537697
train_00138,train,4,B3,300.14906533780686,-52.44151336981434,-294.65657837650355
train_00138,train,4,C1,750.2137825426241,282.12919179700776,102.1374835723993
train_00138,train,4,C2,900.0153705844501,-229.691843526791,192.3975282108382
train_00138,train,4,C3,1050.4015280196197,-51.88565445841398,-295.7743703532102
train_00139,train,0,A1,-1080.4133907115806,87.76143274856175,349.2822221187556
train_00139,train,0,A2,-1309.8497937809343,-355.5057417353246,322.7320326627981
train_00139,train,0,A3,-1292.343561958444,-162.1545370623698,-55.74391577868478
train_00139,train,0,B1,-168.00857589659864,365.354772216126,-10.955479002324301
train_00139,train,0,B2,177.3176947435146,-116.0621841150426,83.8385276992937
train_00139,train,0,B3,493.22254651926403,114.39047199215624,-371.14756258880965
train_00139,train,0,C1,1325.6620549100076,237.53353825930452,-205.2341382852262
train_00139,train,0,C2,1518.6438175177714,-250.0867470643713,-73.16066680427393
train_00139,train,0,C3,1600.5932933919303,-127.86004809711304,-593.6775122231828
train_00139,train,1,A1,-1000.0647460088459,272.91335077102514,99.3045072088397
train_00139,train,1,A2,-1150.0191652861051,-199.01233195735952,166.94552127318047
train_00139,train,1,A3,-1300.0078654437525,-34.48152401773352,-195.45240945228335
train_00139,train,1,B1,-299.9755334538002,281.91733131552076,102.64820441663846
train_00139,train,1,B2,-0.008038004978747222,-229.81332374793962,192.81261390552947
train_00139,train,1,B3,300.0191844901406,-52.117524580327924,-295.42990137676327
train_00139,train,1,C1,999.9728595220354,281.9174148352806,102.55049843558228
train_00139,train,1,C2,1150.0183298246866,-229.83036757614178,192.7381910450194
train_00139,train,1,C3,1299.9415369898722,-52.09978071836655,-295.4744974867225
train_00139,train,2,A1,-749.8600418371935,272.4602534297508,97.40623071957774
train_00139,train,2,A2,-899.9320856287356,-199.57134271669585,165.12940031427883
train_00139,train,2,A3,-1049.8784048799541,-34.955803426078454,-197.31087745156816
train_00139,train,2,B1,-299.9051758730417,281.9621875529496,102.61109546975878
train_00139,train,2,B2,-0.019869172144457173,-229.8037316144212,192.86327879482712
train_00139,train,2,B3,300.05434255593656,-52.11288517669342,-295.41095579477076
train_00139,train,2,C1,999.9701524481862,281.9020092395562,102.5602573969786
train_00139,train,2,C2,1150.0574305438124,-229.81360590508692,192.81305643842643
train_00139,train,2,C3,1299.928339674587,-52.167928663303144,-295.4946991568674
train_00139,train,3,A1,-749.8388458059794,272.36151850616307,97.48355297840573
train_00139,train,3,A2,-899.9409482821417,-199.53031987228053,165.1193681758054
train_00139,train,3,A3,-1049.873325097981,-34.93571622015926,-197.25584634557705
train_00139,train,3,B1,-299.95939494202565,281.9535827033117,102.63915946649969
train_00139,train,3,B2,-0.0021550317705099275,-229.80646550511076,192.80660394799006
train_00139,train,3,B3,300.0289994805044,-52.09111802021223,-295.4218611090176
train_00139,train,3,C1,750.0427637643656,281.8589606571843,102.7295401125509
train_00139,train,3,C2,899.9888728664478,-229.9602002570919,192.8370353521699
train_00139,train,3,C3,1049.9964835231083,-52.14943765936158,-295.30355493655514
train_00139,train,4,A1,-749.733230448497,272.7739872347259,98.73280518859083
train_00139,train,4,A2,-899.9365530116266,-199.1828833046531,166.5429691249265
train_00139,train,4,A3,-1050.145155428346,-34.588883090811876,-195.7916919840308
train_00139,train,4,B1,-299.89116546028725,282.2081469137451,103.42320369496996
train_00139,train,4,B2,0.032566772934131225,-229.59407413714055,193.42269434641975
train_00139,train,4,B3,299.69093116848995,-52.07205613606054,-295.1205415980018
train_00139,train,4,C1,750.1469230119624,281.83040724123373,102.62358347199658
train_00139,train,4,C2,900.0143123582751,-229.89536130528512,192.67811642818626
train_00139,train,4,C3,1049.741624898754,-52.19697979373575,-295.67688021908225
train_00140,train,0,A1,-961.1834949232358,328.5153759311515,-270.95177372527036
train_00140,train,0,A2,-1135.007693205561,-119.1657770038971,-132.40345450796553
train_00140,train,0,A3,-1277.9634565781853,-4.451408947012341,-516.2190400741968
train_00140,train,0,B1,-181.86857751623037,90.10779468505444,117.31324482489973
train_00140,train,0,B2,208.8194513378667,-362.7523479497546,166.59815105728362
train_00140,train,0,B3,533.1222675679772,-24.31183033093367,-208.0248128291047
train_00140,train,0,C1,1346.6055559960737,271.2219367637659,187.6422359762182
train_00140,train,0,C2,1426.23334277062,-262.0541987453055,229.4965334585124
train_00140,train,0,C3,1511.037423801108,-77.8133674827341,-271.84816621632604
train_00140,train,1,A1,-999.951573047606,272.99047003325194,99.27184064770032
train_00140,train,1,A2,-1150.0178846274382,-198.99713089688618,167.0164623886883
train_00140,train,1,A3,-1299.9817602953594,-34.496364883309724,-195.45745515591796
train_00140,train,1,B1,-299.97796998421535,281.91318051513923,102.65239376496505
train_00140,train,1,B2,0.024729198781041503,-229.77111381600824,192.9184361922272
train_00140,train,1,B3,299.9269122886496,-52.07350533322951,-295.45361977686946
train_00140,train,1,C1,1000.0834718217807,281.9480148702951,102.55552661609705
train_00140,train,1,C2,1150.051330126723,-229.7305489952598,192.85618087118905
train_00140,train,1,C3,1300.0213003393342,-52.09460816986057,-295.4704516468535
train_00140,train,2,A1,-749.9971534825318,272.9929247470474,99.5186141016881
train_00140,train,2,A2,-900.0034506920535,-198.96912934265356,167.19739770153356
train_00140,train,2,A3,-1050.0290102100746,-34.38308257228391,-195.20852619013294
train_00140,train,2,B1,-300.0341690671862,281.9099605506484,102.58046280336715
train_00140,train,2,B2,0.0034974543765326545,-229.75654910983891,192.86810277842338
train_00140,train,2,B3,299.9508140396213,-52.16600678746943,-295.4786808714105
train_00140,train,2,C1,1000.147198611506,281.95196363580567,102.50742118630095
train_00140,train,2,C2,1150.0792777699608,-229.76939633403904,192.80590756587182
train_00140,train,2,C3,1300.02315548734,-52.07600326075192,-295.53137240430885
train_00140,train,3,A1,-749.9657840104575,273.0216950950234,99.5261740100301
train_00140,train,3,A2,-899.9675458301468,-198.98623373182528,167.1630166593332
train_00140,train,3,A3,-1049.9996247158838,-34.399742218764736,-195.29128168948304
train_00140,train,3,B1,-300.01239926218057,281.916614334714,102.612839468754
train_00140,train,3,B2,0.02029865818435954,-229.74052476808288,192.92886808364233
train_00140,train,3,B3,299.9906251865876,-52.10850444229028,-295.41835424867344
train_00140,train,3,C1,749.8159676483624,281.98656166336923,102.41086101076574
train_00140,train,3,C2,899.9994648941235,-229.59010938467853,192.72527884876072
train_00140,train,3,C3,1049.886795997308,-51.97863809726899,-295.6047952475176
train_00140,train,4,A1,-749.2914957895191,271.2538835458568,98.6847311079322
train_00140,train,4,A2,-899.2882706078145,-200.67741807946658,166.36017952230807
train_00140,train,4,A3,-1049.3025784861425,-36.126029453617356,-196.04170502152314
train_00140,train,4,B1,-299.26556487574135,280.1113245595092,101.86887718932587
train_00140,train,4,B2,0.68228493410031,-231.6679368345452,192.0372739896108
train_00140,train,4,B3,300.7189819242056,-53.89766443043828,-296.25170125801606
train_00140,train,4,C1,750.5801829398903,280.2153942995554,101.74697363375883
train_00140,train,4,C2,900.6146252967754,-231.49777925321675,191.97301790018585
train_00140,train,4,C3,1050.5769978518092,-53.77876474009335,-296.3174324951882
train_00141,train,0,A1,-895.5828299860367,466.09499667239834,-123.25852734226218
train_00141,train,0,A2,-1114.5713902875723,27.67377763839512,-24.790537738893704
train_00141,train,0,A3,-1260.1664174885834,201.2801457259157,-384.898664877391
train_00141,train,0,B1,-300.9423142739892,465.2166669268331,304.9863693119567
train_00141,train,0,B2,-55.30221025624145,-67.60215682957117,430.65239920740896
train_00141,train,0,B3,196.82292903622536,5.979148883401084,-108.86426011631002
train_00141,train,0,C1,1288.8328769549228,226.49387474651155,253.6644701276012
train_00141,train,0,C2,1437.694859115601,-286.36372403363134,339.77081572074354
train_00141,train,0,C3,1585.7623695767984,-105.87637889323244,-148.0142562797013
train_00141,train,1,A1,-1000.0037796887722,272.8718702756071,99.38122394353442
train_00141,train,1,A2,-1150.0069099544476,-199.0259195904051,166.93220536532831
train_00141,train,1,A3,-1299.9426220901803,-34.504641362630835,-195.45734556531355
train_00141,train,1,B1,-299.965288676971,281.93383813056073,102.6534517920068
train_00141,train,1,B2,-0.05091803330618653,-229.83429657014963,192.81005644492024
train_00141,train,1,B3,300.0138060298612,-52.08828243334246,-295.4742540564459
train_00141,train,1,C1,999.9621785572044,281.9290227031168,102.52609757285465
train_00141,train,1,C2,1149.9986613394942,-229.84931220727682,192.75068175877513
train_00141,train,1,C3,1299.9393299007393,-52.14673774723084,-295.5153703361289
train_00141,train,2,A1,-750.0286173747418,273.06396047743056,99.31271384265516
train_00141,train,2,A2,-900.1055494817404,-198.90605684661787,167.00811214920705
train_00141,train,2,A3,-1050.0608637595778,-34.28858332050412,-195.44600918596575
train_00141,train,2,B1,-299.94579926995794,281.94746996111286,102.6461321967363
train_00141,train,2,B2,-0.020255132250200633,-229.8092853184152,192.79926345565127
train_00141,train,2,B3,300.0406365052998,-52.091598854454325,-295.381600045673
train_00141,train,2,C1,1000.0674788917408,281.9086887942703,102.53615435940577
train_00141,train,2,C2,1149.9702508375449,-229.82254323202253,192.73505968636874
train_00141,train,2,C3,1299.9733350508359,-52.0970564738467,-295.5369278811661
train_00141,train,3,A1,-750.0176194797857,273.0707623324651,99.28567994598765
train_00141,train,3,A2,-900.018523995024,-198.90770975948593,167.0540246207795
train_00141,train,3,A3,-1050.0385214669702,-34.3071253159595,-195.41500800644425
train_00141,train,3,B1,-299.9640637908576,281.90505123121096,102.64242934296563
train_00141,train,3,B2,-0.011467656718214422,-229.81884797413034,192.7632403192723
train_00141,train,3,B3,300.0110243686094,-52.10024232266096,-295.41980285885387
train_00141,train,3,C1,750.0282142364116,281.7718619707726,102.707817815228
train_00141,train,3,C2,899.9896837108988,-229.8872466939749,192.90319563167662
train_00141,train,3,C3,1050.0195852647241,-52.128003720494085,-295.4304833958898
train_00141,train,4,A1,-749.9639840503614,272.93767796747915,99.39570683187297
train_00141,train,4,A2,-900.0290286386095,-199.01339568029985,167.09092383401654
train_00141,train,4,A3,-1050.049759758362,-34.53081850851661,-195.33609288333662
train_00141,train,4,B1,-300.0219694664541,281.8520216550771,102.7092663757449
train_00141,train,4,B2,0.06367012514657011,-229.87249199789923,192.8408916621364
train_00141,train,4,B3,300.0449028496626,-52.0850511473176,-295.4072333313358
train_00141,train,4,C1,750.0161255312578,281.96688089367825,102.53361741076931
train_00141,train,4,C2,900.0540427852021,-229.70240139335345,192.80783405393674
train_00141,train,4,C3,1050.0896918480998,-52.0294132116003,-295.49656808419786
train_00142,train,0,A1,-1081.1276538298835,296.0563478612741,-2.0624414862809908
train_00142,train,0,A2,-1267.1047268633042,-152.41061179296986,117.00901165036514
train_00142,train,0,A3,-1493.102376301238,37.799467074863074,-189.19396805919408
train_00142,train,0,B1,-501.9815724027247,533.6502271699663,196.36223905940693
train_00142,train,0,B2,-233.27720640945586,-2.733031754893771,208.24108625796933
train_00142,train,0,B3,-3.7065211584487003,184.59632525652916,-313.5706212698368
train_00142,train,0,C1,1215.7973705668187,160.0897141858549,117.33995653523556
train_00142,train,0,C2,1451.0632730088587,-289.03764512445457,305.5798304148438
train_00142,train,0,C3,1603.6655860340018,-170.30618874513488,-199.57257142194752
train_00142,train,1,A1,-1000.020876724363,272.9566154271244,99.38066135618666
train_00142,train,1,A2,-1150.0249836052,-198.97518289567944,166.9771097308532
train_00142,train,1,A3,-1300.0581609215783,-34.42264346440392,-195.4527135186507
train_00142,train,1,B1,-300.0469643802754,281.9731460235833,102.6214587274021
train_00142,train,1,B2,-0.03515159760843344,-229.8134778278254,192.8480796285887
train_00142,train,1,B3,299.9864958271898,-52.10641426600469,-295.44564260406514
train_00142,train,1,C1,1000.0364491435059,281.86511829396795,102.6114182584106
train_00142,train,1,C2,1149.9675621574345,-229.87779487660723,192.8094013215831
train_00142,train,1,C3,1299.951494154848,-52.20107823918126,-295.4785004780701
train_00142,train,2,A1,-750.0546414633556,272.9633796187946,99.33803625254315
train_00142,train,2,A2,-900.0778561158369,-198.99224675393216,167.04719868494968
train_00142,train,2,A3,-1050.030473348909,-34.45048005788854,-195.42222737184798
train_00142,train,2,B1,-299.9928378485,281.86918245600936,102.67426903369665
train_00142,train,2,B2,-0.02557177769170338,-229.75876486648735,192.91819169728834
train_00142,train,2,B3,299.9736015498848,-52.094045357207754,-295.46080716809456
train_00142,train,2,C1,999.9829185223016,281.81610938607724,102.57370594500765
train_00142,train,2,C2,1149.9382959797647,-229.92975462567017,192.81762820592485
train_00142,train,2,C3,1299.9704782338606,-52.132500363130454,-295.4574756273118
train_00142,train,3,A1,-750.0099282685359,272.9473038017671,99.37048209087381
train_00142,train,3,A2,-900.0149420619018,-198.98672317101963,166.97540418636112
train_00142,train,3,A3,-1049.9994261583502,-34.48158589522386,-195.43086560114668
train_00142,train,3,B1,-300.0305008263562,281.9305175011756,102.60807242654506
train_00142,train,3,B2,0.013523761493744213,-229.79446992344606,192.83854916739182
train_00142,train,3,B3,299.9795608925385,-52.083401055526735,-295.4364963321883
train_00142,train,3,C1,749.9956843438447,281.9090164137983,102.52720828640655
train_00142,train,3,C2,900.0306884891912,-229.76880081485183,192.7415698298195
train_00142,train,3,C3,1049.9421541114696,-52.057971694810135,-295.5013655356269
train_00142,train,4,A1,-748.0980849765072,273.42967735090303,99.67000347110599
train_00142,train,4,A2,-898.1001799362439,-198.6342371602261,167.28738302819542
train_00142,train,4,A3,-1048.0181255740974,-34.07340970021505,-195.1384585724281
train_00142,train,4,B1,-298.05965255627814,282.3258883265367,102.92136112367419
train_00142,train,4,B2,1.9506214202504524,-229.37836354373428,193.18849897239
train_00142,train,4,B3,301.95162974410493,-51.64746175356064,-295.0245153999368
train_00142,train,4,C1,751.9727935944857,282.37982894316593,102.97633837542328
train_00142,train,4,C2,901.9827742001621,-229.31799907489656,193.15050397759046
train_00142,train,4,C3,1051.9260047274195,-51.60086446702159,-295.0854695126275
train_00143,train,0,A1,-880.3377327448759,300.0455621115055,331.94800641414923
train_00143,train,0,A2,-1032.0527179186504,-171.71354219417591,397.84467899848164
train_00143,train,0,A3,-1182.7933125239892,-4.726926900524673,36.899711898308375
train_00143,train,0,B1,-429.510618341592,14.159772398933027,406.81709541763024
train_00143,train,0,B2,-142.48433974294502,-508.6223407944525,472.37063740942756
train_00143,train,0,B3,168.92096605639264,-311.0267938089446,-0.9104229603362595
train_00143,train,0,C1,1263.2923631878543,-37.11584449717541,120.73829907651054
train_00143,train,0,C2,1439.853101431585,-543.170293078644,193.0530786993941
train_00143,train,0,C3,1458.9617610694768,-388.33632290520654,-324.73220974313665
train_00143,train,1,A1,-1000.037797768803,272.92566431404526,99.31123867428015
train_00143,train,1,A2,-1149.9994035263317,-199.03123250442323,166.91469099653096
train_00143,train,1,A3,-1300.0274397701296,-34.52363370413644,-195.42730497131504
train_00143,train,1,B1,-299.9764009816467,281.8850876201686,102.61033136322752
train_00143,train,1,B2,-0.04186728896382021,-229.86963598838275,192.76858372711555
train_00143,train,1,B3,300.05392635336113,-52.00190009838766,-295.49539393041647
train_00143,train,1,C1,1000.9279312457618,282.0484974592609,104.28810266569651
train_00143,train,1,C2,1150.9422954311776,-229.7078613903565,194.54211495530234
train_00143,train,1,C3,1301.0464772045882,-51.922733517074,-293.716609962312
train_00143,train,2,A1,-750.0297382763239,272.9271769890914,99.3186890022838
train_00143,train,2,A2,-900.0087969140513,-199.0315378230064,166.79414553670856
train_00143,train,2,A3,-1050.032747860954,-34.38718713271434,-195.55978164605114
train_00143,train,2,B1,-300.0674712385755,281.8577664472097,102.63480789387057
train_00143,train,2,B2,0.05168962933969502,-229.8326044110058,192.78473543466174
train_00143,train,2,B3,299.98941864216874,-52.14083489058951,-295.4695476090596
train_00143,train,2,C1,1000.9909533050987,282.0578250935174,104.33562056537583
train_00143,train,2,C2,1150.9603166495385,-229.6845797728326,194.46751939206274
train_00143,train,2,C3,1301.0536257879198,-51.954587354577406,-293.69888933075794
train_00143,train,3,A1,-750.0302397393627,272.8651765216077,99.3144215295948
train_00143,train,3,A2,-900.048086357113,-199.06144506098377,166.85396120131622
train_00143,train,3,A3,-1050.0094968517099,-34.387326193864915,-195.54693683022964
train_00143,train,3,B1,-300.02825606402416,281.8484005917634,102.60576799667996
train_00143,train,3,B2,0.060869255765363575,-229.7874772208189,192.75282391686696
train_00143,train,3,B3,300.0717524317389,-52.06935017075241,-295.52460926441586
train_00143,train,3,C1,749.933970415874,281.9931290376107,102.41984286759094
train_00143,train,3,C2,900.0732453024377,-229.75685277109113,192.78031913762982
train_00143,train,3,C3,1049.9829462294024,-51.958666135987514,-295.5975137379791
train_00143,train,4,A1,-749.924385048475,272.9725465548405,99.4502526621852
train_00143,train,4,A2,-900.0396908552658,-198.98925528285272,167.0370542904339
train_00143,train,4,A3,-1050.0080513160412,-34.41682842129133,-195.3738105346207
train_00143,train,4,B1,-299.94996054363116,281.83473036691294,102.70080497931134
train_00143,train,4,B2,-0.02046994463606522,-229.90829500150758,192.95886638893757
train_00143,train,4,B3,300.0084748734186,-52.274418956721945,-295.3518450840351
train_00143,train,4,C1,749.9293772800029,281.83606494897623,102.56375565860321
train_00143,train,4,C2,900.1129629235651,-229.83303592554788,192.7877199188115
train_00143,train,4,C3,1049.955421545238,-52.22579478321112,-295.5110115604389
train_00144,train,0,A1,-943.4103935650824,87.22701766250475,373.1724572973112
train_00144,train,0,A2,-976.2474296834148,-407.60675328778456,435.7263557932574
train_00144,train,0,A3,-1261.1031651682151,-263.22489022474156,154.86173738613525
train_00144,train,0,B1,-618.0990288808216,350.62391856995856,-48.18437618535528
train_00144,train,0,B2,-298.2756483165926,-152.9921598961727,15.36149846931729
train_00144,train,0,B3,-13.443362841096722,56.018038158700634,-469.55227973835275
train_00144,train,0,C1,875.6636027582355,591.5887349430994,-162.3213222576782
train_00144,train,0,C2,1019.1378748165913,78.68950907499759,-68.49486503911665
train_00144,train,0,C3,1158.1430290487563,246.36361046477373,-563.532368054612
train_00144,train,1,A1,-1000.0674338981735,273.03918787234954,99.30828301700309
train_00144,train,1,A2,-1149.9764629014112,-198.99003525943607,167.03660829611513
train_00144,train,1,A3,-1300.0581540044086,-34.42621985168493,-195.40299022156873
train_00144,train,1,B1,-300.0745248399999,281.98258139829363,102.5973792745029
train_00144,train,1,B2,-0.01797368075220833,-229.79686974821277,192.85091028036862
train_00144,train,1,B3,299.97121884385183,-51.99063871315723,-295.47319527661676
train_00144,train,1,C1,999.9383564932764,281.97829142614717,102.56582110805519
train_00144,train,1,C2,1149.9511749144444,-229.82535464377787,192.80387434362854
train_00144,train,1,C3,1299.987085466442,-52.00353323028224,-295.4641697653128
train_00144,train,2,A1,-750.0102007915294,273.03337700999833,99.28390802273603
train_00144,train,2,A2,-900.0667490413309,-198.968344830347,166.9435059788326
train_00144,train,2,A3,-1050.0390058276837,-34.42184774871573,-195.49795163111847
train_00144,train,2,B1,-300.05332534111096,281.94621479762,102.62972094250419
train_00144,train,2,B2,0.02671490496807779,-229.76447644241208,192.83542720378014
train_00144,train,2,B3,299.95072977703757,-52.02132137585594,-295.4320412246091
train_00144,train,2,C1,999.944916100427,281.92917278958146,102.62101487931466
train_00144,train,2,C2,1149.9503808487848,-229.81240707003116,192.84511680367095
train_00144,train,2,C3,1300.0165727754131,-52.096060641574816,-295.41000079415556
train_00144,train,3,A1,-750.0081746595056,272.975634277628,99.27786646107604
train_00144,train,3,A2,-900.0371619819836,-198.93923620680457,166.98796552867157
train_00144,train,3,A3,-1049.9738524406846,-34.39783870543364,-195.50178931436702
train_00144,train,3,B1,-300.0322203351948,281.92225639600304,102.60348005017269
train_00144,train,3,B2,-0.06642198696124232,-229.7349152760568,192.87956132631666
train_00144,train,3,B3,299.97570045028925,-52.01878198092103,-295.4713880569283
train_00144,train,3,C1,750.0096061965324,282.0599007569886,102.57709853070847
train_00144,train,3,C2,900.1029065525981,-229.64101190544713,192.84132788379142
train_00144,train,3,C3,1050.0259021371414,-51.89133923425799,-295.51115039239414
train_00144,train,4,A1,-749.9716900209205,272.9709405840415,99.44261329328981
train_00144,train,4,A2,-900.0719789502615,-198.94758602471885,167.02757013246122
train_00144,train,4,A3,-1050.0516727374809,-34.37845733516333,-195.38610165980717
train_00144,train,4,B1,-300.01731036315516,281.89254935511696,102.73349406229082
train_00144,train,4,B2,-0.09205639920855868,-229.88963959446755,192.96179913693032
train_00144,train,4,B3,299.929636469833,-52.17633024660205,-295.39988663644806
train_00144,train,4,C1,750.0441062661994,281.87363377211796,102.5938880306708
train_00144,train,4,C2,900.0671558332883,-229.85368098147666,192.80791513585572
train_00144,train,4,C3,1049.930581180258,-52.0559515458795,-295.53109772594286
train_00145,train,0,A1,-1288.0311583505256,301.01903704999665,407.29746068115674
train_00145,train,0,A2,-1416.7969773576651,-176.83080947668225,477.58389841447524
train_00145,train,0,A3,-1566.569712393528,-23.812139524473714,110.0044173232179
train_00145,train,0,B1,31.10198237418696,307.36043361061354,-124.97116541263634
train_00145,train,0,B2,352.2854183159304,-197.48258182487064,-170.1320194826163
train_00145,train,0,B3,532.8014583489686,52.63196735057701,-684.8707200734725
train_00145,train,0,C1,1338.1464702971657,201.17744640376833,220.87845674823257
train_00145,train,0,C2,1430.4218749345866,-328.7501967202794,276.49819334766465
train_00145,train,0,C3,1679.7508052153037,-118.3609590683389,-154.86221210794878
train_00145,train,1,A1,-1000.0402860468522,272.96942214422774,99.38561915317939
train_00145,train,1,A2,-1149.9557997244613,-199.05110356706243,166.97711270950495
train_00145,train,1,A3,-1299.952077882055,-34.46398885482321,-195.41185653875712
train_00145,train,1,B1,-299.9806706651111,281.8841978726541,102.6218520493938
train_00145,train,1,B2,-0.02811597344953906,-229.85754788033697,192.91208360380327
train_00145,train,1,B3,299.98416790740725,-52.12646526070971,-295.40644540893777
train_00145,train,1,C1,1000.0456126679167,281.8817867787959,102.5804457924804
train_00145,train,1,C2,1149.9824098726665,-229.9217564107484,192.82047478726565
train_00145,train,1,C3,1299.9671304116507,-52.19275307640556,-295.50702256127187
train_00145,train,2,A1,-750.0338631862579,272.9605371891109,99.3734338798614
train_00145,train,2,A2,-900.1049632169991,-198.95752240244178,167.06233914214556
train_00145,train,2,A3,-1050.0508787818774,-34.41184656516051,-195.38783445388577
train_00145,train,2,B1,-299.9288988801692,281.91751998452344,102.629922783292
train_00145,train,2,B2,0.004988048429261752,-229.8427351513389,192.8510206878234
train_00145,train,2,B3,299.98011949444316,-52.17023592349051,-295.4800139783476
train_00145,train,2,C1,1000.0073986057812,281.8548017959494,102.62568233704832
train_00145,train,2,C2,1149.9613501415688,-229.86599205346545,192.77973877746592
train_00145,train,2,C3,1299.9096986905415,-52.17526291539119,-295.49934385892186
train_00145,train,3,A1,-749.9808718650386,273.0192635412198,99.28620656987377
train_00145,train,3,A2,-900.1417308479047,-198.90645581564252,167.06337333506107
train_00145,train,3,A3,-1050.0410704891951,-34.441496582023554,-195.46187994386338
train_00145,train,3,B1,-299.98347018528506,281.95726335650784,102.60093162225924
train_00145,train,3,B2,0.0038347949356016056,-229.79553531030672,192.8633532992407
train_00145,train,3,B3,300.0152991602793,-52.17292349783791,-295.4199285158673
train_00145,train,3,C1,750.2009249089177,281.73698296065345,102.46879403462891
train_00145,train,3,C2,900.0495722232173,-229.97585349640846,192.704507742461
train_00145,train,3,C3,1050.0320594841028,-52.225039724057034,-295.56664887837326
train_00145,train,4,A1,-750.0588144615996,272.90288974121233,99.35798612041313
train_00145,train,4,A2,-900.0909436175702,-199.05108497232038,167.03135232095838
train_00145,train,4,A3,-1050.0584253080235,-34.505948644761,-195.40756064014536
train_00145,train,4,B1,-300.0066891521664,281.89977050833335,102.6884194224351
train_00145,train,4,B2,-0.028516944458545416,-229.8174879882402,192.9070988205752
train_00145,train,4,B3,299.99106926983956,-52.07728172702942,-295.37590569101957
train_00145,train,4,C1,750.067932827454,281.8856418881811,102.5525894143672
train_00145,train,4,C2,900.0963545120561,-229.83386787472932,192.73907325531152
train_00145,train,4,C3,1050.062272134001,-52.079120464543095,-295.4540026982351
train_00146,train,0,A1,-1124.6740774360042,559.0551517802182,337.77924384644604
train_00146,train,0,A2,-1375.8556275739495,127.8591155990776,366.580734412779
train_00146,train,0,A3,-1508.516111900283,368.10893794943325,41.67714017865879
train_00146,train,0,B1,-88.11107631337192,410.97795766361133,127.84719844129245
train_00146,train,0,B2,230.02631828451985,-62.45368397435867,313.958362001476
train_00146,train,0,B3,457.2559025648544,-32.714516826890744,-240.60041018537777
train_00146,train,0,C1,1250.2086900926697,517.1509359120869,365.9070384187949
train_00146,train,0,C2,1360.9613861289242,14.520907333509424,531.9251719360672
train_00146,train,0,C3,1564.4235526218831,121.39091055519523,42.36231987668681
train_00146,train,1,A1,-999.9600688711488,272.93304814653595,99.30341546336507
train_00146,train,1,A2,-1149.9387696943772,-199.02219144751825,166.96594755008613
train_00146,train,1,A3,-1299.9926143028717,-34.46628241253106,-195.47481013725783
train_00146,train,1,B1,-300.02817301759893,281.93086912487655,102.51356083122019
train_00146,train,1,B2,0.05367396776187563,-229.73547721135094,192.85154681863406
train_00146,train,1,B3,299.9242233426704,-52.152728145372784,-295.5549308271834
train_00146,train,1,C1,1000.0435353448829,281.9486161404744,102.6791154190473
train_00146,train,1,C2,1149.9619187762785,-229.79330047354983,192.9487271443451
train_00146,train,1,C3,1299.9754138526635,-52.10543568438418,-295.32964720458267
train_00146,train,2,A1,-750.089972280911,272.983951916411,99.31741073845843
train_00146,train,2,A2,-900.0545853377496,-199.0181194176006,167.1742294743514
train_00146,train,2,A3,-1050.081912422912,-34.52066398355219,-195.23963448209892
train_00146,train,2,B1,-300.0290665844817,281.8727428837125,102.58542563101099
train_00146,train,2,B2,0.07115303713611046,-229.7823013189344,192.8516971828165
train_00146,train,2,B3,299.93123072064645,-52.10987709522156,-295.5219591823554
train_00146,train,2,C1,1000.0481460550168,281.84347332884624,102.69621318133754
train_00146,train,2,C2,1150.0481285045255,-229.87484646770272,192.9434781502892
train_00146,train,2,C3,1300.013676106609,-52.09626480150841,-295.35226943133995
train_00146,train,3,A1,-750.0339298887548,272.98472550277825,99.34668883859902
train_00146,train,3,A2,-900.022068714573,-198.96190035415486,167.15387016926528
train_00146,train,3,A3,-1050.1075259788838,-34.53474397157808,-195.2126428516999
train_00146,train,3,B1,-300.04490512682327,281.909871544822,102.59326075756226
train_00146,train,3,B2,0.06541751924244998,-229.76393558893886,192.87058983574912
train_00146,train,3,B3,299.9776070897317,-52.08191536414472,-295.53528177340655
train_00146,train,3,C1,749.9331375568437,282.08571457710286,102.3992110432241
train_00146,train,3,C2,899.9960209248668,-229.5974797411435,192.69836756652913
train_00146,train,3,C3,1049.9838831584962,-51.93799799221798,-295.6217382710845
train_00146,train,4,A1,-749.949472398929,273.01508478257216,99.25869566909097
train_00146,train,4,A2,-899.9745623844709,-199.00404439524374,166.9864725181253
train_00146,train,4,A3,-1050.0496678869508,-34.41273451857906,-195.4325103551615
train_00146,train,4,B1,-299.9264155275497,281.7993701010842,102.59273210214744
train_00146,train,4,B2,-0.018596150902992135,-229.94286313448595,192.80956830631547
train_00146,train,4,B3,300.03820463091836,-52.23126407494399,-295.4799729197357
train_00146,train,4,C1,750.0192526226523,281.86746238067053,102.61899943446103
train_00146,train,4,C2,900.0248219782942,-229.81876067000147,192.87551703109975
train_00146,train,4,C3,1050.0511157379362,-52.092187927727984,-295.3883900890608
train_00147,train,0,A1,-1268.9980889460514,61.45190813115971,114.81014972841544
train_00147,train,0,A2,-1429.933975140192,-408.45212825924904,170.78433311851424
train_00147,train,0,A3,-1571.72691478599,-233.2993026632203,-189.98043031765602
train_00147,train,0,B1,-414.25186390727515,196.95412792152007,290.52038210921904
train_00147,train,0,B2,-168.69321615523276,-336.8542044607981,411.6933833683912
train_00147,train,0,B3,178.4939870265623,-199.47459563687968,-57.95993956949978
train_00147,train,0,C1,867.6423076942976,603.1497726418763,308.8146172504832
train_00147,train,0,C2,1029.7620228654919,91.95830453676245,378.782638022449
train_00147,train,0,C3,1276.6681775691663,333.32051549387234,-37.51402084599536
train_00147,train,1,A1,-1000.0371643115013,272.9233015223479,99.2815158568576
train_00147,train,1,A2,-1150.0097013681932,-199.05150748750881,167.0163190508439
train_00147,train,1,A3,-1300.0217874234613,-34.49102016500991,-195.40546909241087
train_00147,train,1,B1,-300.04085194318264,281.88963261893866,102.62789120354361
train_00147,train,1,B2,0.016020756248993254,-229.82305741904494,192.8334480749726
train_00147,train,1,B3,299.999887976577,-52.12262076409409,-295.4632790063606
train_00147,train,1,C1,998.4667148695744,283.16862578500695,102.23564705128148
train_00147,train,1,C2,1148.4755114629772,-228.5387040634488,192.51773474382037
train_00147,train,1,C3,1298.5484512871424,-50.82702906317843,-295.8479175147085
train_00147,train,2,A1,-749.9115149150199,272.88933657197555,99.44589640364352
train_00147,train,2,A2,-899.9346294648601,-199.05829995767408,167.08048809464154
train_00147,train,2,A3,-1049.9347781181912,-34.45684544353006,-195.33933331629328
train_00147,train,2,B1,-300.06165140956506,281.8187530754098,102.60332273995992
train_00147,train,2,B2,-0.022222028172297684,-229.83776060087663,192.9281127154564
train_00147,train,2,B3,300.0203496288514,-52.10522913473056,-295.4938212059229
train_00147,train,2,C1,998.4340814937241,283.1585074597472,102.21875716077216
train_00147,train,2,C2,1148.5005024086788,-228.61135652713259,192.5346443792034
train_00147,train,2,C3,1298.4935611861215,-50.888819186978196,-295.7892260860629
train_00147,train,3,A1,-749.9704280192317,272.89970823567654,99.42612158939637
train_00147,train,3,A2,-899.9216699557231,-199.1061737027017,167.0723921925799
train_00147,train,3,A3,-1049.9716164570414,-34.53376914493163,-195.39533896075255
train_00147,train,3,B1,-299.9477232581013,281.84768938985917,102.64480430908964
train_00147,train,3,B2,0.009984426825994113,-229.83461132194242,192.90146789835035
train_00147,train,3,B3,299.9738508246335,-52.136825263277906,-295.4290365202397
train_00147,train,3,C1,749.9349460172261,282.0512496595051,102.6346675355311
train_00147,train,3,C2,900.0158968661789,-229.60351235809057,192.85984505422383
train_00147,train,3,C3,1049.9461793328148,-51.93707242545221,-295.45151349481085
train_00147,train,4,A1,-749.9064450628166,273.01856190756536,99.38037233975805
train_00147,train,4,A2,-899.9948790508851,-198.98867214091348,166.9876244975745
train_00147,train,4,A3,-1049.9808836064,-34.43114137097459,-195.36054567670172
train_00147,train,4,B1,-299.9403780072046,281.8728273359936,102.59100829342113
train_00147,train,4,B2,-0.04998910559541954,-229.92190022614346,192.84198467733148
train_00147,train,4,B3,299.9060146817501,-52.27979876359363,-295.44731419981247
train_00147,train,4,C1,749.9490816502001,282.0015427302936,102.58326729533401
train_00147,train,4,C2,899.9233798634897,-229.80686196266385,192.7948545194839
train_00147,train,4,C3,1049.9475586626581,-52.07045022136193,-295.4080339706048
train_00148,train,0,A1,-1440.7881359771254,356.63376463528954,196.35890102752347
train_00148,train,0,A2,-1450.8032798117629,-117.84685877526204,353.13295597471455
train_00148,train,0,A3,-1607.874452215532,-76.43363210327269,-39.995317329107024
train_00148,train,0,B1,-245.5500970594296,418.07056100499864,-22.43528807753027
train_00148,train,0,B2,74.7033696569303,-78.22103350441468,82.95432174849657
train_00148,train,0,B3,259.88217283673265,12.194946219755654,-480.4598127203617
train_00148,train,0,C1,736.8385609545625,282.95764114961906,204.99023655039733
train_00148,train,0,C2,765.3484688053895,-239.10888540892824,343.2056471971467
train_00148,train,0,C3,954.5818211461577,-145.19689348196735,-154.69100372566388
train_00148,train,1,A1,-999.9825080094853,272.8269212485621,99.43149042463548
train_00148,train,1,A2,-1149.8625675176497,-199.14805049164372,167.018710767813
train_00148,train,1,A3,-1299.9925999314942,-34.506686572108265,-195.4186375828926
train_00148,train,1,B1,-299.9644401885352,281.9284832319167,102.64034524782677
train_00148,train,1,B2,-0.04542087493072772,-229.8122262931439,192.86522105950192
train_00148,train,1,B3,300.01625871088083,-52.00804350546788,-295.3856145757352
train_00148,train,1,C1,1000.0173925734834,281.7679087196057,102.61870773100094
train_00148,train,1,C2,1150.0799763108432,-229.89917151360495,192.87967789195517
train_00148,train,1,C3,1300.014419181482,-52.180030952599395,-295.45017576432053
train_00148,train,2,A1,-749.9133626824729,273.04662210074076,99.3926739881879
train_00148,train,2,A2,-900.0456014806155,-198.93177217897406,166.9884039764637
train_00148,train,2,A3,-1049.9058640364137,-34.36029038104858,-195.389789641472
train_00148,train,2,B1,-300.0022868017122,281.89935714168905,102.67859041399147
train_00148,train,2,B2,-0.0660386431548115,-229.846322034913,192.88228970127105
train_00148,train,2,B3,300.06499643974155,-52.031758348334115,-295.368250436531
train_00148,train,2,C1,1000.0057686715015,281.8962129631776,102.62104828309877
train_00148,train,2,C2,1149.992727584072,-229.88471914929826,192.91649420307198
train_00148,train,2,C3,1300.005939363325,-52.175246139474844,-295.4191536063366
train_00148,train,3,A1,-749.9709742151367,273.0808738514028,99.39876332651923
train_00148,train,3,A2,-900.0237340553516,-198.96366354547345,166.98530006410857
train_00148,train,3,A3,-1049.954727768007,-34.353122874707225,-195.40530253254602
train_00148,train,3,B1,-300.00118252974397,281.92947040048796,102.56902183097415
train_00148,train,3,B2,-0.03752278954152729,-229.78024255901568,192.82440083366484
train_00148,train,3,B3,299.9603105891274,-52.097384159117105,-295.3912115269347
train_00148,train,3,C1,749.9924110326132,281.8258197148694,102.88772057449633
train_00148,train,3,C2,899.9296435050748,-229.93912712595656,192.9354219530023
train_00148,train,3,C3,1050.0174350398522,-52.09177722320757,-295.2369753736306
train_00148,train,4,A1,-749.9520135997451,273.0127591066294,99.36157858522125
train_00148,train,4,A2,-899.953085300761,-198.9796900401688,167.07729375024755
train_00148,train,4,A3,-1049.9715074720743,-34.45926643836454,-195.37544378434507
train_00148,train,4,B1,-299.98422781384204,281.87021618232217,102.56423936927652
train_00148,train,4,B2,0.034484317596968385,-229.76428911865727,192.84106011000696
train_00148,train,4,B3,299.97971812021484,-52.128635754867794,-295.3958508594551
train_00148,train,4,C1,749.9965876999249,281.8700319080983,102.6717147124042
train_00148,train,4,C2,900.0634177281842,-229.85680988250746,192.97844572753485
train_00148,train,4,C3,1050.0226999651904,-52.04440230724373,-295.4021999596513
train_00149,train,0,A1,-1279.6861301084825,84.35250326343208,259.0205474915936
train_00149,train,0,A2,-1417.0059326989365,-394.37918404194585,216.55896443670073
train_00149,train,0,A3,-1504.0037102231506,-171.7135317093465,-135.31345738133604
train_00149,train,0,B1,-333.41110760262353,397.02058123544185,331.28497027614577
train_00149,train,0,B2,-90.52721802014553,-143.67682918772886,424.3613670327803
train_00149,train,0,B3,249.04063351807733,11.24716550181536,-45.414412283702546
train_00149,train,0,C1,1210.513893629612,437.8478767458902,-221.74150919591364
train_00149,train,0,C2,1399.9656092362663,-36.76853133090434,-44.899256600344486
train_00149,train,0,C3,1635.8417265947876,123.04143439746201,-504.54858615835315
train_00149,train,1,A1,-1000.0133249305338,272.9731712632845,99.35970548960914
train_00149,train,1,A2,-1149.9505214414255,-198.97209225911539,167.0782756877747
train_00149,train,1,A3,-1300.0153025825994,-34.43277435487558,-195.37535321062924
train_00149,train,1,B1,-299.9405696736214,281.9111575645182,102.66849134889299
train_00149,train,1,B2,0.10247593297478258,-229.74268705965778,192.81869817572942
train_00149,train,1,B3,300.08211539583436,-52.050554300528454,-295.382134952822
train_00149,train,1,C1,999.9555320199493,281.9862811106355,102.62182096313516
train_00149,train,1,C2,1149.9326661606215,-229.80801261329069,192.87225070783305
train_00149,train,1,C3,1300.0119768487837,-52.046236657298486,-295.34387259016336
train_00149,train,2,A1,-749.9430520168941,272.92067373999566,99.41577219054064
train_00149,train,2,A2,-899.9482438526865,-199.11507501764285,167.03316312928314
train_00149,train,2,A3,-1049.959871675208,-34.447098633791555,-195.36198263255463
train_00149,train,2,B1,-300.01594715789395,281.89994912280974,102.60124483173111
train_00149,train,2,B2,0.04645329268603824,-229.73112416113977,192.86543422828194
train_00149,train,2,B3,300.03815816634994,-52.0315111560603,-295.3938739809177
train_00149,train,2,C1,999.9940074182344,282.0037745587813,102.64801427851295
train_00149,train,2,C2,1150.010590431324,-229.7869963301635,192.9323624013066
train_00149,train,2,C3,1299.9485729730252,-52.0501994984764,-295.37474313756695
train_00149,train,3,A1,-749.9303694975587,272.91663832803357,99.3937079675819
train_00149,train,3,A2,-899.9657240007934,-199.048805775119,166.9403267784714
train_00149,train,3,A3,-1049.928767961527,-34.45330090737565,-195.3864542544429
train_00149,train,3,B1,-299.97815854986465,281.9110158139686,102.64680546956707
train_00149,train,3,B2,0.07823151065434705,-229.78807498587298,192.86187210639036
train_00149,train,3,B3,300.0044534181409,-52.04165364208335,-295.45106233704365
train_00149,train,3,C1,749.9198452440032,282.0119864089783,102.67574553257549
train_00149,train,3,C2,900.0139688740251,-229.60035933708474,192.84022305515023
train_00149,train,3,C3,1050.0456545263812,-51.884534810825954,-295.3647568644208
train_00149,train,4,A1,-750.0153195171125,272.88268461297673,99.36750444375434
train_00149,train,4,A2,-899.9780225572479,-198.98765118929146,167.0191380067335
train_00149,train,4,A3,-1049.9370082609084,-34.46865111276705,-195.36818693675846
train_00149,train,4,B1,-299.9541350378712,281.93580975322186,102.56690524927932
train_00149,train,4,B2,0.005032051501240139,-229.7796878119621,192.91718034544138
train_00149,train,4,B3,300.01196087904043,-52.18851982069027,-295.56550622546604
train_00149,train,4,C1,749.8724643705264,281.95553497541914,102.50078698993052
train_00149,train,4,C2,899.9606825299991,-229.7345522339336,192.83670803390044
train_00149,train,4,C3,1049.9947879474523,-52.01701933810635,-295.43820716721683
train_00150,train,0,A1,-769.1952721359564,-67.9537189496774,237.77885838655848
train_00150,train,0,A2,-917.5662510711174,-543.6209839266573,198.2334876129989
train_00150,train,0,A3,-995.0669949543638,-322.4532637880651,-156.68447496263454
train_00150,train,0,B1,-496.9717769953672,476.0744551486683,272.19585422871364
train_00150,train,0,B2,-275.784456330367,-32.75045671126496,500.6236220968749
train_00150,train,0,B3,190.92190007732023,100.1341558319318,147.77455842555165
train_00150,train,0,C1,1159.5617669403714,118.38910027305602,48.34484531577374
train_00150,train,0,C2,1324.4841009475772,-393.88753809896747,101.76250914950495
train_00150,train,0,C3,1484.2225596783744,-171.53471477084494,-364.6255465708444
train_00150,train,1,A1,-999.959823261001,272.7792545541702,99.29064842668669
train_00150,train,1,A2,-1150.0280566349734,-199.10408029889442,166.96782184332588
train_00150,train,1,A3,-1299.9991335580921,-34.55122062940413,-195.4176730315935
train_00150,train,1,B1,-299.9991597804871,281.95438946525957,102.558085235648
train_00150,train,1,B2,-0.04658056885777906,-229.78071409946727,192.84184378083123
train_00150,train,1,B3,299.9783172873847,-52.063087205592005,-295.4108962315412
train_00150,train,1,C1,1000.0281276342097,281.7992710840505,102.48919453932972
train_00150,train,1,C2,1149.9896172178262,-229.78588507799637,192.90285691806622
train_00150,train,1,C3,1299.878953678525,-52.224138486792825,-295.43726355185277
train_00150,train,2,A1,-750.0438904836963,273.11809849040526,99.37036138806106
train_00150,train,2,A2,-900.0442605596588,-198.8899243461985,167.03951386537923
train_00150,train,2,A3,-1050.0713950545319,-34.35392129545615,-195.34479404366562
train_00150,train,2,B1,-299.98584761694605,281.9708152386167,102.59433167673667
train_00150,train,2,B2,-0.029049513423444466,-229.80973978013654,192.85351069992268
train_00150,train,2,B3,300.0068439438894,-52.087337928413305,-295.43400344259766
train_00150,train,2,C1,999.9549598643227,281.8624363535942,102.53681016715099
train_00150,train,2,C2,1149.9480706059383,-229.90189241129497,192.84061461681213
train_00150,train,2,C3,1299.9585083254644,-52.27616384463071,-295.4903296758367
train_00150,train,3,A1,-750.0818577289365,273.11324632672864,99.38032413220677
train_00150,train,3,A2,-900.0655504916501,-198.88324821460145,167.006445146627
train_00150,train,3,A3,-1050.1203474201557,-34.29146434835591,-195.30956980308525
train_00150,train,3,B1,-300.0587774212174,281.9412746488933,102.49998826017838
train_00150,train,3,B2,-0.04606590893364794,-229.81032725927645,192.80253514048002
train_00150,train,3,B3,299.97597609827585,-52.08457708026781,-295.43865250288934
train_00150,train,3,C1,750.0087246672578,281.8820142501614,102.69981473841295
train_00150,train,3,C2,899.9910702421167,-229.92248894704804,192.97099634916637
train_00150,train,3,C3,1050.0519849884006,-52.18767117056533,-295.3941175199549
train_00150,train,4,A1,-750.0583681338069,273.0817100181524,99.36321745183555
train_00150,train,4,A2,-899.9748516041384,-198.925840443062,166.96923598314433
train_00150,train,4,A3,-1050.100403340851,-34.4269213519386,-195.35759542497175
train_00150,train,4,B1,-300.0219781843338,281.85175104658236,102.53681014304325
train_00150,train,4,B2,0.018525234234540264,-229.87694443622564,192.725643842825
train_00150,train,4,B3,300.01902238181776,-52.00684199985436,-295.4917385588464
train_00150,train,4,C1,750.1104021519315,281.8625800207308,102.6647181853142
train_00150,train,4,C2,899.991103625573,-229.93470256673982,192.805578565199
train_00150,train,4,C3,1050.029813504315,-52.108891798451445,-295.4455123333756
train_00151,train,0,A1,-840.6706897501774,459.4581179264464,140.65744645169747
train_00151,train,0,A2,-960.3279331637416,-22.296848163136488,198.9775561576932
train_00151,train,0,A3,-1106.075365961627,134.83518780687825,-168.4332712784119
train_00151,train,0,B1,-41.95084928516291,249.6654515260767,-201.40513872624638
train_00151,train,0,B2,24.69446716174974,-328.55664011745466,-55.69766852435653
train_00151,train,0,B3,428.1831379577052,-316.1167556644322,-499.5314572427389
train_00151,train,0,C1,614.5290971498733,74.94837695216748,294.870793929529
train_00151,train,0,C2,809.7794131309132,-401.91790343221635,458.9706480294568
train_00151,train,0,C3,1003.2460192808779,-252.92978790492938,-23.611115168072793
train_00151,train,1,A1,-999.9616044179362,273.0482614097106,99.37462361736493
train_00151,train,1,A2,-1150.0070431547092,-199.0054715004198,166.99778449998448
train_00151,train,1,A3,-1299.9206014836864,-34.4183611139254,-195.37544204273613
train_00151,train,1,B1,-299.96048937381846,281.8949125541596,102.65705317316468
train_00151,train,1,B2,0.02577545882307,-229.79988400798223,192.83076160788153
train_00151,train,1,B3,300.0118608402805,-52.0389446037764,-295.472379942347
train_00151,train,1,C1,1000.0095164586486,281.9277768742892,102.51326825171165
train_00151,train,1,C2,1149.9592354914,-229.77825438628238,192.76248534827317
train_00151,train,1,C3,1300.0940499719313,-52.11169215316526,-295.51831741867704
train_00151,train,2,A1,-749.9684966407433,273.01635447448126,99.46377978094472
train_00151,train,2,A2,-900.02455912555,-198.95595446059426,166.97291831290354
train_00151,train,2,A3,-1049.9250798006676,-34.338704489521184,-195.3557117705012
train_00151,train,2,B1,-300.0060797648436,281.87894526132624,102.65710285711506
train_00151,train,2,B2,-0.023891019015333654,-229.82109269588827,192.8525078550199
train_00151,train,2,B3,299.9990638868031,-52.09400954192579,-295.39251626765895
train_00151,train,2,C1,999.954954340796,281.90380505494926,102.52320944155073
train_00151,train,2,C2,1149.9521699706554,-229.81660302683568,192.7752324481625
train_00151,train,2,C3,1300.032924614513,-52.09999960856955,-295.48709502834714
train_00151,train,3,A1,-749.908879641017,272.9862192648871,99.43386404074445
train_00151,train,3,A2,-900.026742884628,-198.9728366783751,167.03939773053534
train_00151,train,3,A3,-1049.9606479034996,-34.34543345198834,-195.3386270430416
train_00151,train,3,B1,-300.0136178949053,281.89634595469596,102.66703792412721
train_00151,train,3,B2,-0.0006021140090517515,-229.86348981761637,192.87269287113656
train_00151,train,3,B3,300.03102130101684,-52.077376301899996,-295.3996977415595
train_00151,train,3,C1,750.0239413140979,281.93974336432353,102.65569256735324
train_00151,train,3,C2,900.0825619800161,-229.77237729871192,192.91792220915127
train_00151,train,3,C3,1050.042184778379,-52.02297814519528,-295.3177710357416
train_00151,train,4,A1,-748.442596538855,274.120005805386,98.84533088365087
train_00151,train,4,A2,-898.4305854379074,-197.86823811683755,166.48488737403622
train_00151,train,4,A3,-1048.4785546335677,-33.30749073113355,-195.91096565624764
train_00151,train,4,B1,-298.5642152965089,283.1355527618557,102.04516395215558
train_00151,train,4,B2,1.4954761845157467,-228.63252078534046,192.25153509895864
train_00151,train,4,B3,301.52075969499197,-50.846354185841804,-296.00125818941495
train_00151,train,4,C1,751.4409395512414,283.1378538837918,102.08675615679837
train_00151,train,4,C2,901.5144330594949,-228.51879991004276,192.27018486981365
train_00151,train,4,C3,1051.5339436702366,-50.820676648778054,-295.9889695759218
train_00152,train,0,A1,-1131.3796452648794,364.1392436160787,1.5274918283514254
train_00152,train,0,A2,-1292.0145958560693,-108.10797595203802,33.96544451513295
train_00152,train,0,A3,-1488.7237211468582,106.29387622558647,-276.3305689361721
train_00152,train,0,B1,-276.82878857384594,322.68508611954826,-242.9802507013436
train_00152,train,0,B2,1.94812021861418,-196.5877579806656,-130.33075759024356
train_00152,train,0,B3,270.92459377204307,-78.91628655623812,-653.5995230391742
train_00152,train,0,C1,860.1696925604218,509.9544433815965,-60.742286614762214
train_00152,train,0,C2,1010.9225299119712,-1.6729346512931975,28.52720093314828
train_00152,train,0,C3,1161.1304906839907,177.2921047471451,-459.2447616147646
train_00152,train,1,A1,-1000.1148300655825,273.0133780108565,99.38148213825099
train_00152,train,1,A2,-1150.0193284354627,-198.98692735523184,166.9764298376525
train_00152,train,1,A3,-1300.0653764790336,-34.38823837879693,-195.3553440511772
train_00152,train,1,B1,-300.0644204859033,281.9635607090286,102.61850417813781
train_00152,train,1,B2,0.0049580863385299545,-229.7561997808786,192.846683618485
train_00152,train,1,B3,299.9743330178031,-52.058612102656845,-295.39026001194276
train_00152,train,1,C1,1000.0343733282164,281.9283874634506,102.53867193464369
train_00152,train,1,C2,1149.9601718902977,-229.75362304922206,192.82836347993467
train_00152,train,1,C3,1299.94037636724,-52.056307109328,-295.5296023275596
train_00152,train,2,A1,-749.9815098707141,272.97588363020026,99.41046716761817
train_00152,train,2,A2,-899.9881067671458,-198.98219470504804,167.02116696581814
train_00152,train,2,A3,-1049.9640503034236,-34.44573253329111,-195.34417517423702
train_00152,train,2,B1,-300.04468513171184,281.95265673796087,102.58072899722241
train_00152,train,2,B2,-0.02025142159265042,-229.7710066591122,192.8878729956495
train_00152,train,2,B3,299.9598583697138,-52.060121449890524,-295.4093891402032
train_00152,train,2,C1,1000.0231350543164,281.93507755132384,102.53058957217766
train_00152,train,2,C2,1149.9889972405351,-229.78966744202086,192.8287565923084
train_00152,train,2,C3,1299.9914059192376,-52.01489046386511,-295.46689237870277
train_00152,train,3,A1,-750.0222325438623,272.92829623123464,99.39701278929054
train_00152,train,3,A2,-900.037737038685,-198.97480279240938,167.08640071640454
train_00152,train,3,A3,-1050.0384216570299,-34.45770760299748,-195.34821152155445
train_00152,train,3,B1,-300.0125216002358,281.9974714782272,102.51356814602376
train_00152,train,3,B2,-0.07683312882153462,-229.67630131014693,192.92945970865247
train_00152,train,3,B3,299.9909211361486,-52.08369013245943,-295.4028486734596
train_00152,train,3,C1,749.9805006448657,281.96937170019845,102.65255218814858
train_00152,train,3,C2,899.9629279333475,-229.82709198025614,192.92501674619297
train_00152,train,3,C3,1049.9262082295988,-52.1513849205169,-295.4573597071887
train_00152,train,4,A1,-749.8985418942331,272.92122180220855,99.47776593742782
train_00152,train,4,A2,-899.9418299186351,-199.0040347720045,167.01866202628887
train_00152,train,4,A3,-1049.976542551724,-34.43537596811149,-195.36119283538665
train_00152,train,4,B1,-299.96543859594277,281.9506353640513,102.61540793940586
train_00152,train,4,B2,0.03736128005872426,-229.7427902119922,192.83971331917033
train_00152,train,4,B3,300.0396672458156,-52.01179470577188,-295.4109392930535
train_00152,train,4,C1,750.0288626335918,282.0158639502324,102.67273744693597
train_00152,train,4,C2,900.0000117170692,-229.7487011565309,192.83270461963525
train_00152,train,4,C3,1049.9351249640285,-52.006398633146716,-295.4011609788705
train_00153,train,0,A1,-1390.1641268550438,6.891545349984485,208.16426342393655
train_00153,train,0,A2,-1473.4311518961904,-479.48157144577465,287.730955783164
train_00153,train,0,A3,-1608.0884408753955,-355.4828100962335,-96.23184475683536
train_00153,train,0,B1,-441.8448255989843,297.0871179030712,176.17034655535804
train_00153,train,0,B2,-54.61144810428039,-156.02535690893006,245.07917763841604
train_00153,train,0,B3,155.9828239904934,43.26575930535651,-280.15003650819534
train_00153,train,0,C1,1453.4256143051593,1.9469446677791205,119.39499479373117
train_00153,train,0,C2,1404.1598977763636,-528.3798504690557,213.42708157782903
train_00153,train,0,C3,1601.691468816253,-421.73387730201944,-278.66170130265846
train_00153,train,1,A1,-1000.0248963534655,272.86172066087425,99.36389066173096
train_00153,train,1,A2,-1150.0400441244974,-199.07768731073799,167.0525380331692
train_00153,train,1,A3,-1300.0093812130474,-34.49805392058457,-195.41597993993136
train_00153,train,1,B1,-299.988936800391,281.9968428006051,102.56992892373323
train_00153,train,1,B2,-0.044179059222465164,-229.821304961839,192.8162689961244
train_00153,train,1,B3,299.9831002251832,-52.08717163603544,-295.42423560709176
train_00153,train,1,C1,1000.0283503288312,281.8365990964652,102.59010820360412
train_00153,train,1,C2,1150.0168045319092,-229.94129794147014,192.81165883211492
train_00153,train,1,C3,1300.0559349178623,-52.14709731504137,-295.43269729307946
train_00153,train,2,A1,-749.9858391468943,273.1279706371326,99.2857796891121
train_00153,train,2,A2,-900.025444610302,-198.86121516640526,166.95604719594056
train_00153,train,2,A3,-1049.9587055096138,-34.22570720640774,-195.43638875472243
train_00153,train,2,B1,-300.0331834487344,281.9990159473151,102.57793234322028
train_00153,train,2,B2,-0.08312555317650172,-229.80565685853466,192.8665796193575
train_00153,train,2,B3,299.9828388810917,-52.09983892314183,-295.42034447327296
train_00153,train,2,C1,1000.0505824117986,281.8412410677604,102.64325601173047
train_00153,train,2,C2,1150.0158922462542,-229.95255971555898,192.84203538489976
train_00153,train,2,C3,1300.0627048562749,-52.1715355131771,-295.44249309763705
train_00153,train,3,A1,-749.9742589629179,273.1196938927964,99.37257155652554
train_00153,train,3,A2,-900.0222500140479,-198.86350395725233,166.97700191519593
train_00153,train,3,A3,-1050.006411645376,-34.279518925854134,-195.47397554025338
train_00153,train,3,B1,-299.9618149437067,281.9565228819921,102.55264579503637
train_00153,train,3,B2,-0.018701184671512376,-229.79890753191538,192.84078724176936
train_00153,train,3,B3,299.975266760907,-52.129228348212514,-295.44652848424255
train_00153,train,3,C1,749.846739883852,281.91474430617797,102.56319788313331
train_00153,train,3,C2,899.9306261262731,-229.85519970872585,192.9543654894758
train_00153,train,3,C3,1049.8734508227262,-52.18146650067835,-295.43951516277644
train_00153,train,4,A1,-749.951695360981,272.9576170071914,99.33503271515944
train_00153,train,4,A2,-900.0126990517713,-198.9919035768898,166.92962741422866
train_00153,train,4,A3,-1049.9349148329316,-34.32243694077559,-195.4551979290428
train_00153,train,4,B1,-299.9558885953371,281.86079068116925,102.60918128107839
train_00153,train,4,B2,0.022154757801808433,-229.89971038501648,192.7788819606486
train_00153,train,4,B3,299.98693772903977,-52.170903953821075,-295.4264652732234
train_00153,train,4,C1,749.9786371383292,281.81073855597435,102.62377538084061
train_00153,train,4,C2,899.9646429163802,-229.85735233216204,192.8500812167909
train_00153,train,4,C3,1049.9691874363068,-52.17179197286052,-295.4125827137
train_00154,train,0,A1,-1320.4168919218841,254.3638076953919,349.4159330362372
train_00154,train,0,A2,-1384.8582252791184,-237.78632611850855,290.09279954165953
train_00154,train,0,A3,-1492.6641649109042,-19.596105063257415,-58.80514464968381
train_00154,train,0,B1,-593.8282483406635,280.1050210704181,1.0687083357462175
train_00154,train,0,B2,-281.94955456498417,-224.2128823165429,92.96523160581538
train_00154,train,0,B3,-3.483931680451766,-54.59658707137426,-410.7266742108632
train_00154,train,0,C1,1138.8751539532648,-19.62850999535822,434.7110642574054
train_00154,train,0,C2,1276.3196708625007,-540.6769169893024,388.6826772026261
train_00154,train,0,C3,1360.6641546727162,-262.3322042278673,-67.11044408652185
train_00154,train,1,A1,-1000.0130166922044,273.02156516759675,99.35328325851825
train_00154,train,1,A2,-1150.121063772953,-198.93719658638318,166.89901867527797
train_00154,train,1,A3,-1299.9390681202815,-34.32878568394856,-195.50611091558153
train_00154,train,1,B1,-300.05487204427106,281.88902613137907,102.37433998041463
train_00154,train,1,B2,0.024477024074336114,-229.75999357805395,192.71117816275526
train_00154,train,1,B3,299.96966668606854,-52.071673141489015,-295.5109587525192
train_00154,train,1,C1,1000.0108112522391,281.8959712677978,102.60827267949739
train_00154,train,1,C2,1149.975435579137,-229.84173560233256,192.84597645088888
train_00154,train,1,C3,1299.9802788708025,-52.13771691340368,-295.4533881725825
train_00154,train,2,A1,-750.0828688602298,272.8231176420973,99.05114674748916
train_00154,train,2,A2,-899.9707413437523,-199.16164974090302,166.86362550184174
train_00154,train,2,A3,-1050.114327145398,-34.72179012571118,-195.54584059872002
train_00154,train,2,B1,-300.03680688353955,281.9651385424392,102.49215094849443
train_00154,train,2,B2,-0.001646198357188499,-229.76357320910154,192.78310470139465
train_00154,train,2,B3,300.01110942854956,-52.09727293208548,-295.52706600277895
train_00154,train,2,C1,999.9909875645391,281.91583071963277,102.64897309029564
train_00154,train,2,C2,1149.918580889508,-229.77575907622332,192.85270945844647
train_00154,train,2,C3,1300.0540798916388,-52.12295006536429,-295.37841978092075
train_00154,train,3,A1,-750.1334261466848,272.8608496758526,99.07173386758747
train_00154,train,3,A2,-899.9801249994131,-199.08831866685065,166.85414992042143
train_00154,train,3,A3,-1050.0532264972549,-34.69551433234316,-195.6464104733427
train_00154,train,3,B1,-300.0619187076108,281.9408651778591,102.55405091269837
train_00154,train,3,B2,0.0474338337963737,-229.7753846650123,192.74211993655697
train_00154,train,3,B3,299.9745574395125,-52.064356205856214,-295.5356687011155
train_00154,train,3,C1,750.0326558380177,282.01096742749684,102.5262634922111
train_00154,train,3,C2,899.9927578933035,-229.7330495749109,192.76274761285515
train_00154,train,3,C3,1049.9781761895724,-52.109383373892776,-295.6053670135083
train_00154,train,4,A1,-750.0385971363961,272.99694799639246,99.31025023262204
train_00154,train,4,A2,-900.0014966800212,-198.96841418527598,167.00100485008434
train_00154,train,4,A3,-1050.006004195134,-34.509500791973174,-195.3746009195433
train_00154,train,4,B1,-299.95336015039237,281.9591415979733,102.60898845735422
train_00154,train,4,B2,0.044518625944698145,-229.7377685899842,192.81467779128565
train_00154,train,4,B3,300.036866463117,-52.108220577141914,-295.4322058599961
train_00154,train,4,C1,750.1232742437772,281.83130279775855,102.6425510065359
train_00154,train,4,C2,900.0578795497653,-229.9017442671412,192.8115230134506
train_00154,train,4,C3,1049.9923059676364,-52.262084516850656,-295.5308714290052
train_00155,train,0,A1,-1040.299068972722,573.7648419641941,-81.74514876037448
train_00155,train,0,A2,-1235.6532341151199,116.49888280407352,-132.96015822706846
train_00155,train,0,A3,-1270.8341703697517,345.7601589538023,-489.4606684229542
train_00155,train,0,B1,-201.80535286060527,478.48505992804496,-84.64531807010177
train_00155,train,0,B2,246.71145023837744,81.54085096359768,-119.8581639168025
train_00155,train,0,B3,441.75536876095543,453.2997674936777,-548.5543802388629
train_00155,train,0,C1,1061.141865602625,412.4338714138533,16.20259203234241
train_00155,train,0,C2,1203.6016972477787,-96.2014884571991,132.5869964209105
train_00155,train,0,C3,1381.6268930420047,63.87428857913852,-352.3536586367224
train_00155,train,1,A1,-999.9198168180782,273.0252799498197,99.3347754358522
train_00155,train,1,A2,-1150.0294341552906,-198.94121041690875,167.10331276569812
train_00155,train,1,A3,-1299.9541643484815,-34.30404124033698,-195.34367538348477
train_00155,train,1,B1,-299.9458723617614,281.9214509508897,102.63238547147235
train_00155,train,1,B2,-0.0500687964946558,-229.84033081860971,192.8584931188038
train_00155,train,1,B3,299.9465629280072,-52.16220337060593,-295.5225961078845
train_00155,train,1,C1,1000.0627905441894,281.9279131858965,102.59914877680475
train_00155,train,1,C2,1149.9973111433626,-229.74358392297702,192.8521323416388
train_00155,train,1,C3,1299.998641493734,-52.06380369495092,-295.4904108681617
train_00155,train,2,A1,-749.9531220130592,273.09103296578684,99.52309472664905
train_00155,train,2,A2,-900.0371895588892,-198.92883544593892,167.21966050168797
train_00155,train,2,A3,-1050.0665176298792,-34.36586372637832,-195.24887890054464
train_00155,train,2,B1,-299.9709585568067,281.90010041771535,102.6317695391063
train_00155,train,2,B2,-0.08811602439346068,-229.860566274081,192.77705367868694
train_00155,train,2,B3,299.9995758706894,-52.09188429602236,-295.5306809188654
train_00155,train,2,C1,1000.0444067163977,281.9474400732312,102.62738414662023
train_00155,train,2,C2,1149.957325082038,-229.76737669502066,192.8398374560748
train_00155,train,2,C3,1300.031552418049,-52.08522969776488,-295.42670455799134
train_00155,train,3,A1,-749.955254373355,273.01848592867873,99.49011397020836
train_00155,train,3,A2,-900.0250342520995,-198.95029396058453,167.1754191397861
train_00155,train,3,A3,-1050.0681436502166,-34.327235732640816,-195.23100078406944
train_00155,train,3,B1,-299.95621261219713,281.9121228438965,102.68448259523296
train_00155,train,3,B2,0.011160383222265088,-229.86187636354637,192.79654913271023
train_00155,train,3,B3,300.0130675670659,-52.08181081031408,-295.45264984376945
train_00155,train,3,C1,750.0459140388562,281.75390420335583,102.62952761357242
train_00155,train,3,C2,899.9672719325316,-229.98288000943407,192.8460903425033
train_00155,train,3,C3,1050.0283595580568,-52.18636892239677,-295.4435779714252
train_00155,train,4,A1,-750.0430171655859,272.9600961955548,99.28495306064072
train_00155,train,4,A2,-900.0100627848025,-199.06261661071989,167.0295774643931
train_00155,train,4,A3,-1050.0370395687696,-34.53671288323478,-195.44192203803857
train_00155,train,4,B1,-299.94612946467004,281.88683452321004,102.45528028481267
train_00155,train,4,B2,0.06103338451936955,-229.81165512417886,192.726948188855
train_00155,train,4,B3,300.0710454190913,-52.13189720776129,-295.57876359953923
train_00155,train,4,C1,749.9407033657635,281.84103923939387,102.56284676152772
train_00155,train,4,C2,900.0330446598684,-229.8195675799663,192.76877509368916
train_00155,train,4,C3,1050.0578046542935,-52.08845672958707,-295.40743702260585
train_00156,train,0,A1,-758.4168672636088,494.68418422733185,-62.24255520856113
train_00156,train,0,A2,-781.0368996899435,39.79242488618118,143.69292936578125
train_00156,train,0,A3,-1044.862482927139,78.12408008712273,-187.80215373195708
train_00156,train,0,B1,-336.40937976336085,-134.7687447837097,-109.77563872713078
train_00156,train,0,B2,24.828307790080142,-613.7080883361529,-119.37192547876715
train_00156,train,0,B3,342.9626216661952,-272.3001376230713,-496.4647355784671
train_00156,train,0,C1,909.3095822042237,-25.944309852481076,398.02272284210466
train_00156,train,0,C2,1038.7369627327275,-547.0329891751123,463.5241669523317
train_00156,train,0,C3,1300.8694178133264,-317.9195057692355,49.60222150618867
train_00156,train,1,A1,-999.9572431728787,272.96306380260165,99.3295021031294
train_00156,train,1,A2,-1150.0736800553898,-198.97767296975914,167.0869923151143
train_00156,train,1,A3,-1299.8898692277685,-34.39728594934197,-195.39990094926623
train_00156,train,1,B1,-299.9839253693747,281.856605081371,102.69978695473435
train_00156,train,1,B2,-0.012179479246904608,-229.90367100683358,192.90233100826896
train_00156,train,1,B3,299.9911567984189,-52.091147125155274,-295.35493138402165
train_00156,train,1,C1,1000.0117992746347,281.93449547525165,102.54562961793307
train_00156,train,1,C2,1150.0175236683324,-229.81532303305815,192.83002104812658
train_00156,train,1,C3,1299.9808620522042,-52.179452429988174,-295.47836389037735
train_00156,train,2,A1,-750.050778165937,272.99019946453603,99.46898934717728
train_00156,train,2,A2,-899.9633812469389,-199.09736214422335,167.0245400686572
train_00156,train,2,A3,-1050.055960379052,-34.40383270658011,-195.34496778095692
train_00156,train,2,B1,-300.0059271116324,281.85800892274835,102.71218665647046
train_00156,train,2,B2,-0.008770752485870493,-229.85049664844468,192.91074836914126
train_00156,train,2,B3,299.99018126584195,-52.154575940409444,-295.31903424299617
train_00156,train,2,C1,1000.0190673301223,281.90762925010364,102.53320420398958
train_00156,train,2,C2,1150.0269185545214,-229.806971023962,192.84228186655776
train_00156,train,2,C3,1299.9447339826393,-52.19603247297857,-295.4530391175543
train_00156,train,3,A1,-750.0714338271015,272.9419681659975,99.44408943974632
train_00156,train,3,A2,-900.0180314549518,-199.07920746445313,167.00369919600558
train_00156,train,3,A3,-1050.085884006721,-34.44006666333395,-195.34969118831856
train_00156,train,3,B1,-299.9942191560522,281.8395178445998,102.71733919661231
train_00156,train,3,B2,-0.015947771613518,-229.88550255479697,192.88137060153724
train_00156,train,3,B3,300.019700293517,-52.05456697972094,-295.35472112900584
train_00156,train,3,C1,749.9031433648778,281.77649464323844,102.70623810540975
train_00156,train,3,C2,899.994341115254,-229.8683645568489,192.93320805957487
train_00156,train,3,C3,1049.979415977773,-52.179732234496555,-295.389307779179
train_00156,train,4,A1,-750.0191322449672,273.0027567648166,99.34685859006872
train_00156,train,4,A2,-899.9576121613574,-198.99362355918015,166.95219432349012
train_00156,train,4,A3,-1050.0193345920732,-34.33412095751852,-195.37956387291055
train_00156,train,4,B1,-299.9833478992499,281.93136319788914,102.6559305950645
train_00156,train,4,B2,0.0333234806270786,-229.8274038248336,192.86130117153687
train_00156,train,4,B3,299.9958391261931,-52.205532756542596,-295.3778284790654
train_00156,train,4,C1,750.0125205805441,281.85361813031307,102.56338464526769
train_00156,train,4,C2,900.0432737390762,-229.8053579084346,192.78712382749794
train_00156,train,4,C3,1050.0214290189076,-52.22485125305805,-295.4472629829634
train_00157,train,0,A1,-975.4211657547669,-44.79234455416826,257.45469735686777
train_00157,train,0,A2,-1145.8232373798076,-509.80178373692763,324.9272752776241
train_00157,train,0,A3,-1291.9781493686291,-337.1785388955157,-35.33198867098326
train_00157,train,0,B1,-459.3815129681817,521.9253385277146,412.11704139046543
train_00157,train,0,B2,-158.39068588115896,4.628425303265072,454.78885203705676
train_00157,train,0,B3,26.27017697960201,153.6258675188203,-96.3465431455405
train_00157,train,0,C1,1307.2441507559374,123.73680077350059,-37.519848947489386
train_00157,train,0,C2,1452.977501903854,-396.8301097893191,-21.08806118288225
train_00157,train,0,C3,1657.9454363465704,-136.91219058829117,-448.7206690698187
train_00157,train,1,A1,-1001.0427089940995,272.24215951348674,97.76375650429608
train_00157,train,1,A2,-1150.975825804767,-199.75266111736204,165.48132312242976
train_00157,train,1,A3,-1300.9142796175024,-35.16996998083546,-196.96163919900468
train_00157,train,1,B1,-299.9597526209092,281.93575909695903,102.48587034447763
train_00157,train,1,B2,-0.00443621380445821,-229.74207889942906,192.76837991652775
train_00157,train,1,B3,300.0368109116593,-52.15332390205791,-295.54781944218485
train_00157,train,1,C1,999.9904210428507,281.93047219727373,102.63720904977811
train_00157,train,1,C2,1150.0145910460246,-229.75849209031682,192.88142652053148
train_00157,train,1,C3,1300.068806445997,-52.09013175059702,-295.3789729934941
train_00157,train,2,A1,-749.938996244256,272.92176070611373,99.16416665453924
train_00157,train,2,A2,-899.9975905817734,-198.98139466622098,166.94614539828135
train_00157,train,2,A3,-1050.0487804075042,-34.49084639564598,-195.54858532324394
train_00157,train,2,B1,-299.9829943573989,281.8643693323343,102.49500099005742
train_00157,train,2,B2,0.06896228242344214,-229.81021992221102,192.77104488049605
train_00157,train,2,B3,300.0689489666851,-52.109029393294705,-295.55725582263995
train_00157,train,2,C1,1000.0207013935112,281.94485593001787,102.65471341967422
train_00157,train,2,C2,1150.0633636249108,-229.79890099843388,192.9300555085176
train_00157,train,2,C3,1299.955268245416,-52.06883962278424,-295.3722427426604
train_00157,train,3,A1,-749.9711357338571,272.9964208650157,99.1364440536605
train_00157,train,3,A2,-899.9487130754579,-199.03843829191726,166.93086861050648
train_00157,train,3,A3,-1050.0166239954938,-34.48856189957906,-195.57142587606197
train_00157,train,3,B1,-300.05554127888877,281.85524705650414,102.57419789247889
train_00157,train,3,B2,0.06274693662743377,-229.81614871821193,192.82286705245247
train_00157,train,3,B3,299.99054016984564,-52.1240353174422,-295.4935854176634
train_00157,train,3,C1,749.9676822389893,281.94867135869663,102.44675703607771
train_00157,train,3,C2,899.9603521358188,-229.74397284441298,192.72976392465227
train_00157,train,3,C3,1050.0202362732775,-52.06131741246586,-295.57268026674717
train_00157,train,4,A1,-750.0017031725102,272.9508941002623,99.4026893883446
train_00157,train,4,A2,-899.9623291883647,-198.9408377762898,167.04764275790873
train_00157,train,4,A3,-1049.950676314961,-34.44644310683214,-195.38277483890343
train_00157,train,4,B1,-299.95400020515183,281.89565660109895,102.68932793764247
train_00157,train,4,B2,0.05350422716083028,-229.8181375176822,192.9106303611658
train_00157,train,4,B3,299.96241225665875,-52.05529224430714,-295.3486482405237
train_00157,train,4,C1,749.9802329709223,281.94911268083104,102.60264967935501
train_00157,train,4,C2,900.000292605048,-229.79960628657147,192.7824520494124
train_00157,train,4,C3,1049.9863188772256,-52.03538976212261,-295.42728070438153
train_00158,train,0,A1,-761.1691878068875,475.4409083187132,29.422736032308144
train_00158,train,0,A2,-851.3742764160759,-15.975403494265178,45.10303491613835
train_00158,train,0,A3,-1012.3414896668568,164.57327610014244,-304.7445886721493
train_00158,train,0,B1,-561.7036617102248,288.86124131863306,-250.8041328189097
train_00158,train,0,B2,-258.1313370881508,-218.0883446041869,-146.6878805633439
train_00158,train,0,B3,57.67835916858374,-38.25621939168207,-624.0446350381718
train_00158,train,0,C1,651.3678397285094,26.018396281471276,53.538127742049845
train_00158,train,0,C2,807.4604976120303,-489.2490544389276,104.24524907647587
train_00158,train,0,C3,944.4468873267118,-276.4557488226318,-373.7243524106656
train_00158,train,1,A1,-1000.0247842521162,273.09627419034973,99.33280285698919
train_00158,train,1,A2,-1149.9931050200626,-198.94352202514094,166.99858721446535
train_00158,train,1,A3,-1299.975070549662,-34.36079014635084,-195.44427369592051
train_00158,train,1,B1,-299.93271627368216,281.9234196281255,102.6407648049014
train_00158,train,1,B2,0.010624805551531438,-229.77996787427645,192.83477303110072
train_00158,train,1,B3,299.9744861434379,-52.08342964254953,-295.429408151016
train_00158,train,1,C1,999.9896586895636,281.9373787437118,102.5244791865433
train_00158,train,1,C2,1149.9986583973969,-229.81563403731866,192.7962491907217
train_00158,train,1,C3,1300.0566747193716,-52.05779962162554,-295.3968374028417
train_00158,train,2,A1,-749.9012833035866,273.0088639160015,99.35613631281323
train_00158,train,2,A2,-899.9991027806757,-199.03093931190836,167.05086936281415
train_00158,train,2,A3,-1049.9789575001528,-34.428298205546966,-195.3807343541074
train_00158,train,2,B1,-299.988763246164,281.91839578184994,102.63738370825178
train_00158,train,2,B2,0.03705063365838544,-229.80337517395913,192.80110939920377
train_00158,train,2,B3,300.0332488635075,-52.07842476137783,-295.4412480722861
train_00158,train,2,C1,999.9397383120934,281.9556038776054,102.58774648714868
train_00158,train,2,C2,1149.9911875879334,-229.77117748196537,192.87253508666274
train_00158,train,2,C3,1300.0090992176927,-52.04936222504953,-295.447582191784
train_00158,train,3,A1,-749.9705267336883,273.02507683552875,99.33094610910291
train_00158,train,3,A2,-899.972243064064,-198.92862789203087,167.0360538561723
train_00158,train,3,A3,-1050.0199358860289,-34.36155185732595,-195.38368198638844
train_00158,train,3,B1,-299.9858062211392,281.9278509831464,102.62978587923493
train_00158,train,3,B2,0.02203766970196057,-229.78644170582808,192.86374030053912
train_00158,train,3,B3,300.07453352108877,-52.09014231310652,-295.42349035205723
train_00158,train,3,C1,750.1148640825119,281.9536655531506,102.65411382912441
train_00158,train,3,C2,900.0903084858339,-229.83087285506792,192.82411296894477
train_00158,train,3,C3,1050.0956641350122,-52.08394443758514,-295.47485515640693
train_00158,train,4,A1,-750.0192522352107,272.9352691011,99.31806217170957
train_00158,train,4,A2,-899.9845941915462,-199.01296664767975,166.9607704689091
train_00158,train,4,A3,-1050.0369474423433,-34.421168728442645,-195.39847936425863
train_00158,train,4,B1,-300.06138085399346,281.914854498563,102.56939612822647
train_00158,train,4,B2,-0.05367032824322808,-229.81040766922865,192.80103172478698
train_00158,train,4,B3,299.9891313031303,-52.02513964394432,-295.49981322131146
train_00158,train,4,C1,750.0749092810519,282.0096384763166,102.65080569751409
train_00158,train,4,C2,900.029212622725,-229.72728781843486,192.8403802810943
train_00158,train,4,C3,1050.0587883888504,-51.9472406891078,-295.3980099397393
train_00159,train,0,A1,-998.3946417484088,422.8064245385362,-164.82528814559421
train_00159,train,0,A2,-1123.445142941664,-55.79278942508621,-93.43026258023266
train_00159,train,0,A3,-1274.9389964011941,95.38319329162925,-461.0359274105814
train_00159,train,0,B1,-499.85491268637344,574.9666560387951,-228.4038697530779
train_00159,train,0,B2,-191.7971216761899,65.73213954280885,-151.95814240194403
train_00159,train,0,B3,110.52916949470684,265.186705837648,-630.2185610515425
train_00159,train,0,C1,1025.23962640682,515.3348219063821,234.84725102953874
train_00159,train,0,C2,1330.4057084100175,76.1884407972135,315.4103644605892
train_00159,train,0,C3,1401.5633356306068,291.70780885124066,-175.4201700514344
train_00159,train,1,A1,-1000.0311842323849,272.9464481591859,99.4022855485485
train_00159,train,1,A2,-1150.0154907792582,-199.07964442363118,167.04160146301405
train_00159,train,1,A3,-1300.0414880924043,-34.46469949428536,-195.4385628968827
train_00159,train,1,B1,-300.0582800959775,281.9034694367582,102.60653661787084
train_00159,train,1,B2,0.04953791925657754,-229.8576956778907,192.87725743531695
train_00159,train,1,B3,299.9516940986142,-52.124609512836706,-295.4592768412309
train_00159,train,1,C1,999.9896177093871,281.9534693658036,102.6435996376285
train_00159,train,1,C2,1150.0439382167563,-229.8300693765109,192.80015274276704
train_00159,train,1,C3,1300.0014925879705,-52.00216046658781,-295.4982416330496
train_00159,train,2,A1,-750.0231007945282,272.85051427259333,99.37699604053753
train_00159,train,2,A2,-900.0119297224302,-199.03554866019536,167.15103945726378
train_00159,train,2,A3,-1050.0029448753999,-34.58895059551984,-195.35318123623338
train_00159,train,2,B1,-300.01415652513396,281.883171431289,102.59825981182541
train_00159,train,2,B2,-0.01668716499791255,-229.81532330858138,192.83739699229793
train_00159,train,2,B3,299.98887102889626,-52.08546206597432,-295.4851599126855
train_00159,train,2,C1,999.9642690978742,281.93823978906846,102.60466387195802
train_00159,train,2,C2,1150.0960685186953,-229.78577881069555,192.80505046210482
train_00159,train,2,C3,1300.0306913696993,-52.03645950561681,-295.5079592393137
train_00159,train,3,A1,-750.0341160160178,272.8738469456708,99.35712976442787
train_00159,train,3,A2,-899.9758971237325,-199.12678341952244,167.08624347476803
train_00159,train,3,A3,-1050.028169342689,-34.64833308751721,-195.31318064349915
train_00159,train,3,B1,-300.07440618813314,281.90502885156434,102.52269189797329
train_00159,train,3,B2,0.014904462389772995,-229.7973628769836,192.8230702905093
train_00159,train,3,B3,300.0774780560336,-52.095227585228855,-295.4973928531443
train_00159,train,3,C1,749.9825088112775,281.9076907655136,102.54497741824967
train_00159,train,3,C2,899.9369512189348,-229.75932541587474,192.73836748024397
train_00159,train,3,C3,1049.9334675036944,-52.053216709259694,-295.5542558730051
train_00159,train,4,A1,-749.9605495736474,272.9391172210949,99.39664834436044
train_00159,train,4,A2,-899.94455779734,-198.9828246814915,167.0164753435746
train_00159,train,4,A3,-1049.9200360343116,-34.400549099911736,-195.44077878486328
train_00159,train,4,B1,-299.93835296597643,281.94163860184597,102.62411318313532
train_00159,train,4,B2,0.060846709901752824,-229.77263573368285,192.88406659572027
train_00159,train,4,B3,300.0460492291531,-52.01205773611254,-295.39410176206866
train_00159,train,4,C1,750.0589221359404,281.8860058350689,102.6407682793973
train_00159,train,4,C2,899.977421503487,-229.84977400199642,192.77533498121792
train_00159,train,4,C3,1050.0521715014856,-52.075158837621885,-295.44439169151957
test_00000,test,0,A1,-823.241384899356,-85.75476792384167,27.932716489483646
test_00000,test,0,A2,-1079.0475676065653,-505.44625545507506,-63.331531642301286
test_00000,test,0,A3,-1166.5600675852033,-200.59636480613827,-346.83990773630785
test_00000,test,0,B1,21.1769465364293,301.83180681392054,76.01131668413935
test_00000,test,0,B2,328.0998552386248,-209.44825466488817,142.4033164274435
test_00000,test,0,B3,583.4123695743231,-34.885783465084224,-371.7495697337545
test_00000,test,0,C1,1158.252777096905,219.2952535042088,128.20413373595682
test_00000,test,0,C2,1139.1754875058386,-293.9890734571198,297.2903766067244
test_00000,test,0,C3,1322.6058263037069,-248.64090211991456,-209.42133722854192
test_00000,test,1,A1,-999.9620685339975,272.91618490341335,99.24168866463792
test_00000,test,1,A2,-1149.9872624753502,-199.04843243141016,166.89534433084285
test_00000,test,1,A3,-1299.979313735328,-34.47872909359763,-195.4486469015274
test_00000,test,1,B1,-299.99194188830967,281.96722069861033,102.66425290629941
test_00000,test,1,B2,0.04157817347367959,-229.71599354245055,192.8055101485007
test_00000,test,1,B3,299.9814753132197,-52.0598406390095,-295.46159864307896
test_00000,test,1,C1,1000.077965115559,281.92580887536934,102.56915402548077
test_00000,test,1,C2,1149.95080381184,-229.89953147155347,192.81745886844155
test_00000,test,1,C3,1299.9708906937988,-52.127480078620955,-295.5099782119146
test_00000,test,2,A1,-749.9524587918944,273.08937342219843,99.42703629788171
test_00000,test,2,A2,-899.9510881499896,-198.92856104902503,167.12899028457502
test_00000,test,2,A3,-1049.9642492121532,-34.38522530330344,-195.31946236170674
test_00000,test,2,B1,-299.99164807950564,281.93748057837246,102.59619500126244
test_00000,test,2,B2,0.05975756982763472,-229.71211331362272,192.87567475184542
test_00000,test,2,B3,300.0652815599317,-52.01233961615168,-295.45370871883176
test_00000,test,2,C1,1000.0079084533137,281.9303944766006,102.57192808395313
test_00000,test,2,C2,1149.9619679317343,-229.7908577917349,192.74479018161853
test_00000,test,2,C3,1299.9438825980635,-52.12631803184474,-295.4797701514937
test_00000,test,3,A1,-749.9620781218819,273.0856250172647,99.34476344935469
test_00000,test,3,A2,-899.9396531617017,-198.91721589510243,167.10313632890302
test_00000,test,3,A3,-1050.0039592030346,-34.33467607867355,-195.28141962602655
test_00000,test,3,B1,-299.9072659774312,281.90815094001323,102.5705251068444
test_00000,test,3,B2,-0.024434957218079922,-229.70633404559757,192.86085571144417
test_00000,test,3,B3,300.0259268962904,-52.06472902172234,-295.4297476544936
test_00000,test,3,C1,750.0896784746952,282.008234121774,102.65179977654924
test_00000,test,3,C2,900.0945270365627,-229.65363088113193,192.93592416789866
test_00000,test,3,C3,1050.1293198785436,-52.00791162379182,-295.32574923956173
test_00000,test,4,A1,-750.0410019811179,272.97034088488806,99.37408848247054
test_00000,test,4,A2,-900.0233293538848,-199.01001278098494,167.06012286514868
test_00000,test,4,A3,-1050.0451460293018,-34.41911910252979,-195.3901801301108
test_00000,test,4,B1,-300.0687202206699,281.8526980761865,102.58952928898637
test_00000,test,4,B2,0.00011147194496003224,-229.84194282343552,192.79679339905854
test_00000,test,4,B3,299.9206565711994,-52.15131255603441,-295.4944134194077
test_00000,test,4,C1,750.0243436868408,281.8843576111069,102.54888387746057
test_00000,test,4,C2,900.0337712327661,-229.72142602142904,192.8350496706957
test_00000,test,4,C3,1049.9905884739567,-52.04333142255672,-295.4079493347082
test_00001,test,0,A1,-724.6635293750975,-57.866095725626614,219.44999281117768
test_00001,test,0,A2,-921.7232421204347,-512.7825485044948,282.2091596120428
test_00001,test,0,A3,-995.4145308308887,-359.66161859601834,-107.636253486658
test_00001,test,0,B1,4.8952164513901755,269.7906187477396,123.35217279470281
test_00001,test,0,B2,216.686454187016,-288.233553598539,184.76751551515773
test_00001,test,0,B3,485.15097587485525,-163.15599869341102,-336.96953698590596
test_00001,test,0,C1,1296.7692510719428,110.00539142887024,-203.71252297017878
test_00001,test,0,C2,1417.2362925881707,-412.197202923945,-131.60167048739615
test_00001,test,0,C3,1431.3633341574923,-265.49779649495895,-651.9870182495563
test_00001,test,1,A1,-1000.0239024816434,273.0009445291505,99.3882600140135
test_00001,test,1,A2,-1149.9566404702332,-199.04838153724359,167.03614763974724
test_00001,test,1,A3,-1300.0017334941942,-34.42593667934325,-195.35920264836815
test_00001,test,1,B1,-300.00047937676453,281.96040206553135,102.6120648394447
test_00001,test,1,B2,0.00023731688280997226,-229.79932129397594,192.76968400669367
test_00001,test,1,B3,299.9667847227925,-52.049941318244855,-295.4235589034147
test_00001,test,1,C1,1000.0516457683103,281.87565342251173,102.62661841707165
test_00001,test,1,C2,1150.0635288445442,-229.84764229763567,192.8531534647559
test_00001,test,1,C3,1299.9327918613149,-52.14802244984456,-295.4583843806709
test_00001,test,2,A1,-749.9692480771286,273.0000499880654,99.3591045713598
test_00001,test,2,A2,-900.0698428172469,-198.96212014129824,166.9764839519208
test_00001,test,2,A3,-1050.010835558799,-34.31445788429706,-195.39539408145163
test_00001,test,2,B1,-300.0191826354814,281.9967283146288,102.58605300942362
test_00001,test,2,B2,-0.0033580697755893965,-229.76774015226442,192.82341987344725
test_00001,test,2,B3,299.94880636266964,-52.10780832039704,-295.43582910009724
test_00001,test,2,C1,1000.0303432239133,281.807969457321,102.62120443275226
test_00001,test,2,C2,1150.0206364466267,-229.8431065337927,192.80490941898753
test_00001,test,2,C3,1299.972858764728,-52.10984757784743,-295.46531087226356
test_00001,test,3,A1,-749.98145817479,273.0326897444035,99.38029565954011
test_00001,test,3,A2,-900.0214914745432,-198.91213991854838,167.03191302884258
test_00001,test,3,A3,-1050.071150050598,-34.308035150760205,-195.36021157473348
test_00001,test,3,B1,-299.9889744106234,281.8947128443134,102.53568899386792
test_00001,test,3,B2,-0.0707733984527856,-229.81058726887738,192.77935696286644
test_00001,test,3,B3,299.9695481272088,-52.07533098416141,-295.46053575889744
test_00001,test,3,C1,749.9757621665523,281.91776882776,102.52547355685886
test_00001,test,3,C2,899.9908718927409,-229.7579047403489,192.78397679983453
test_00001,test,3,C3,1049.9511118278444,-52.12298946183815,-295.41696353317417
test_00001,test,4,A1,-750.0393573774114,272.87346864437467,99.36999462509904
test_00001,test,4,A2,-900.0798616298545,-199.02706505850267,167.04580534343847
test_00001,test,4,A3,-1050.0105326762985,-34.508742885439254,-195.3936393670448
test_00001,test,4,B1,-299.9882088942185,281.82323120380806,102.57967493033092
test_00001,test,4,B2,-0.03043232267956348,-229.86245665825905,192.8375362711255
test_00001,test,4,B3,300.0129695415656,-52.12953951962788,-295.4141686055676
test_00001,test,4,C1,749.931902369592,282.03126857462934,102.57721855759347
test_00001,test,4,C2,899.9583609800009,-229.64338358043312,192.96010304141237
test_00001,test,4,C3,1049.9224676178012,-52.08495469062341,-295.37454801821053
test_00002,test,0,A1,-1132.8803534793226,316.7107456002636,110.79466428247245
test_00002,test,0,A2,-1366.7919568925088,-116.34644247231279,198.17319366463738
test_00002,test,0,A3,-1486.173885737751,57.747639102114285,-171.1435734634786
test_00002,test,0,B1,-418.25866338747375,304.53137867858567,141.23052872513574
test_00002,test,0,B2,-103.73953170377918,-197.0841561169896,238.45226780925188
test_00002,test,0,B3,202.72390382772087,-8.24604667480981,-241.57920912600244
test_00002,test,0,C1,1148.7128023858943,584.7610120675427,-20.110430878199402
test_00002,test,0,C2,1289.3619238919262,69.51185600783364,64.43549989069743
test_00002,test,0,C3,1446.186117175917,251.03526026971699,-420.2194032431793
test_00002,test,1,A1,-1000.0028609328093,272.9340827145293,99.41426895411779
test_00002,test,1,A2,-1149.9393523572749,-199.02959347265323,167.0776376641247
test_00002,test,1,A3,-1300.0093491963385,-34.50141133072146,-195.3396886563035
test_00002,test,1,B1,-300.02266976700463,281.92484589032574,102.61945851319474
test_00002,test,1,B2,-0.01860876650594001,-229.7741815992666,192.8560696760859
test_00002,test,1,B3,299.9949221029914,-52.08414368773523,-295.4220113067995
test_00002,test,1,C1,1000.1109829053338,281.97729029412596,102.63381951625553
test_00002,test,1,C2,1150.0238770545832,-229.75075021582396,192.87436644248913
test_00002,test,1,C3,1299.977964346918,-52.05949486261016,-295.4285734575843
test_00002,test,2,A1,-749.9678106821428,273.0497198310749,99.41212950279848
test_00002,test,2,A2,-900.0001169627051,-198.95539451482972,167.05333458333288
test_00002,test,2,A3,-1049.993236224621,-34.361539526091505,-195.41271010760275
test_00002,test,2,B1,-299.975187189983,281.89651579959383,102.60536265806616
test_00002,test,2,B2,0.005298236109642463,-229.7817414014559,192.85906049259037
test_00002,test,2,B3,299.9904527843595,-52.00078935094801,-295.42403865512875
test_00002,test,2,C1,1000.0177162928218,281.9809063412797,102.67587894131982
test_00002,test,2,C2,1150.0419384661936,-229.73369645866103,192.84561960358062
test_00002,test,2,C3,1300.0412853936725,-52.06907969031006,-295.4533858227104
test_00002,test,3,A1,-749.9757860207596,273.04359469274516,99.32732471621772
test_00002,test,3,A2,-899.9698178347506,-198.9580403000212,167.05542343726802
test_00002,test,3,A3,-1049.9830725488862,-34.33891062617993,-195.36478415834245
test_00002,test,3,B1,-299.98743236637637,281.98627849032613,102.57280583854404
test_00002,test,3,B2,0.01906744535898594,-229.74668745118984,192.91269791257346
test_00002,test,3,B3,299.97382719213044,-52.00173187759469,-295.39016471629895
test_00002,test,3,C1,749.9675293056384,282.03079384192364,102.6276024219656
test_00002,test,3,C2,900.0575771647228,-229.72900757339772,192.8547341854581
test_00002,test,3,C3,1050.0394336196905,-51.98674575453905,-295.4560608894689
test_00002,test,4,A1,-750.036154211361,272.910007998498,99.32657972548479
test_00002,test,4,A2,-900.0023880258275,-199.06874949712372,166.96208803343944
test_00002,test,4,A3,-1050.0076935595048,-34.46688202746246,-195.4212436464756
test_00002,test,4,B1,-300.0033265326717,281.8240639426303,102.5867459045393
test_00002,test,4,B2,-0.039567686559866484,-229.85502753502413,192.7636764224046
test_00002,test,4,B3,299.9803254802922,-52.21485177476079,-295.4091887232813
test_00002,test,4,C1,749.9628319883149,281.8556060243931,102.63578892035136
test_00002,test,4,C2,899.9689069909332,-229.84018393071216,192.86420971434228
test_00002,test,4,C3,1050.0335787376798,-52.01663118081079,-295.4275696181824
test_00003,test,0,A1,-991.7511916852702,392.90269792064953,-161.92555864015011
test_00003,test,0,A2,-1135.835389974352,-81.48497873910027,-98.34468042435677
test_00003,test,0,A3,-1252.2233526488897,70.98121998518216,-477.97218448363225
test_00003,test,0,B1,-190.74613380037783,216.44922829766836,441.9759728352128
test_00003,test,0,B2,289.56223201951286,-130.70060037051994,535.3973762750454
test_00003,test,0,B3,465.0855135477011,100.47811477417758,10.262247297241544
test_00003,test,0,C1,1069.2611055763648,-131.20592245506913,76.12452495651473
test_00003,test,0,C2,1312.858525576482,-603.3433830166305,-25.07582838012512
test_00003,test,0,C3,1358.1798944344425,-253.78300019859128,-435.2783561364061
test_00003,test,1,A1,-1000.0126428641364,272.96191554178216,99.4500459576586
test_00003,test,1,A2,-1150.0573934861998,-199.02403433542486,167.00591609890827
test_00003,test,1,A3,-1299.944127386995,-34.39723116996726,-195.39421282000495
test_00003,test,1,B1,-300.00865542817263,281.95299978811397,102.63737074680054
test_00003,test,1,B2,0.08161084000306254,-229.8130238643021,192.93398568979185
test_00003,test,1,B3,299.9965443708042,-52.046871319182955,-295.46475907065354
test_00003,test,1,C1,999.9056542134182,281.89312501240687,102.48283711558746
test_00003,test,1,C2,1149.9832272579542,-229.72193143180095,192.76780456525017
test_00003,test,1,C3,1300.0026910954534,-52.03547624805654,-295.5103782342523
test_00003,test,2,A1,-749.9633440285177,272.8803817785214,99.47768150858415
test_00003,test,2,A2,-899.8935921274115,-199.1224699104475,167.18833925739835
test_00003,test,2,A3,-1050.0436466756587,-34.531322615737885,-195.11779320480633
test_00003,test,2,B1,-299.96837221221824,281.91089105485497,102.57915054967825
test_00003,test,2,B2,0.006450860819735879,-229.80256720183604,192.86446059844198
test_00003,test,2,B3,300.05324866617747,-52.10520829988611,-295.42358653221373
test_00003,test,2,C1,999.9109137573689,281.920389911393,102.50080717705134
test_00003,test,2,C2,1150.0027720563849,-229.76648648550767,192.72673333205967
test_00003,test,2,C3,1299.9360032417455,-52.042024294582355,-295.522479894673
test_00003,test,3,A1,-750.0259593566548,272.9124453675893,99.47739827527094
test_00003,test,3,A2,-899.9267111528708,-199.0654466015886,167.21734456049245
test_00003,test,3,A3,-1050.0949519497894,-34.58411535577705,-195.16241155095054
test_00003,test,3,B1,-299.9407123649364,281.9332918602021,102.62164053267452
test_00003,test,3,B2,0.03838038891659033,-229.80852188273653,192.90443941457596
test_00003,test,3,B3,300.04626401593566,-52.044039429682144,-295.4458214857109
test_00003,test,3,C1,750.0775350433728,281.9519730686319,102.65511605162833
test_00003,test,3,C2,899.9679494281019,-229.77355139708496,192.86796951807162
test_00003,test,3,C3,1050.0819103613978,-52.06443008480622,-295.35702875595723
test_00003,test,4,A1,-750.0255529155536,272.86207528231387,99.38445219223901
test_00003,test,4,A2,-899.9971092493072,-199.03949609689366,167.09729969089904
test_00003,test,4,A3,-1050.098439463816,-34.51135808325281,-195.29144734514657
test_00003,test,4,B1,-299.9579469048072,281.88419417526814,102.54555285903747
test_00003,test,4,B2,-0.006003141933182708,-229.8301196342874,192.7728734550348
test_00003,test,4,B3,299.9748597246174,-52.10014170233889,-295.4976643877456
test_00003,test,4,C1,749.9916995261659,281.8306117459996,102.5957247653368
test_00003,test,4,C2,899.961765853232,-229.93316800368345,192.86123789358734
test_00003,test,4,C3,1050.0609420696064,-52.168318100190895,-295.43908884078746
test_00004,test,0,A1,-1199.3737708053086,182.76944302288604,284.2076291060019
test_00004,test,0,A2,-1496.4856984112012,-215.933216800328,335.2370530661576
test_00004,test,0,A3,-1600.4581211457528,17.961314677678534,-4.522855964173861
test_00004,test,0,B1,-113.24165064392639,518.5869246244239,174.95734256579456
test_00004,test,0,B2,188.12459692068296,12.06366218656404,287.2944830282558
test_00004,test,0,B3,481.0430401835432,164.14778897738944,-213.78791390217276
test_00004,test,0,C1,762.4688595068317,42.24203525808432,240.28126092380603
test_00004,test,0,C2,925.6081481973914,-462.8639716420652,343.6116863622212
test_00004,test,0,C3,1072.4268147555174,-293.4861139664981,-148.6040144743382
test_00004,test,1,A1,-1000.0008840192205,272.9712464531753,99.374900734801
test_00004,test,1,A2,-1149.989344392828,-199.0091043219254,167.05805808280462
test_00004,test,1,A3,-1300.0438162580208,-34.480433812831755,-195.30551683013425
test_00004,test,1,B1,-299.98572779598425,281.96170909097776,102.61916065744735
test_00004,test,1,B2,-0.028038659141930846,-229.82478126669153,192.81417347009932
test_00004,test,1,B3,300.00764877736265,-52.01473465290965,-295.49606136742256
test_00004,test,1,C1,1000.0094436398092,281.92622123889106,102.68455348588125
test_00004,test,1,C2,1150.0267179633381,-229.79459336187563,192.89358016874817
test_00004,test,1,C3,1299.9209753978316,-52.1870269667916,-295.3692978629147
test_00004,test,2,A1,-749.9382651591446,273.01446539697366,99.40668708766728
test_00004,test,2,A2,-899.930577669094,-198.99768709738186,166.91735201093692
test_00004,test,2,A3,-1049.9646253114522,-34.334602516778524,-195.48389549469297
test_00004,test,2,B1,-300.0191470462211,281.8942791641495,102.574021372547
test_00004,test,2,B2,-0.048498844092574704,-229.78324060426792,192.7853001776344
test_00004,test,2,B3,300.02144848202283,-52.05878501599842,-295.4616836811323
test_00004,test,2,C1,1000.0740757987517,281.8491210735376,102.75440227763133
test_00004,test,2,C2,1150.0376660855381,-229.8779936370557,192.9445055967073
test_00004,test,2,C3,1299.9120258841544,-52.18198538943334,-295.3518111299602
test_00004,test,3,A1,-749.9208812201222,273.00943846349094,99.43335419917231
test_00004,test,3,A2,-899.9738551747097,-198.98132140204447,166.9191226349821
test_00004,test,3,A3,-1049.9319562301573,-34.32226473738038,-195.42552462014203
test_00004,test,3,B1,-300.033740590604,281.94062248403867,102.5883732605184
test_00004,test,3,B2,-0.04871808614746487,-229.76654956235853,192.79040698627588
test_00004,test,3,B3,299.9928296834274,-52.030638300333685,-295.44524875880796
test_00004,test,3,C1,749.8834921922027,281.9242043506251,102.55843674558477
test_00004,test,3,C2,899.9724358759776,-229.7516095903065,192.8155062872338
test_00004,test,3,C3,1050.0594288140019,-52.03578893998799,-295.48004980139484
test_00004,test,4,A1,-749.9750993576812,272.9681402215635,99.26054183966401
test_00004,test,4,A2,-899.9889211423871,-199.0412319624258,166.96495190576474
test_00004,test,4,A3,-1049.9000902350042,-34.438933595054635,-195.43669913172872
test_00004,test,4,B1,-300.04810638048536,281.90464764484733,102.59274367016155
test_00004,test,4,B2,-0.04284027159309191,-229.80514485830304,192.85716075479803
test_00004,test,4,B3,299.9988086476785,-52.142280963629986,-295.4025151189988
test_00004,test,4,C1,749.8917534485782,281.9318243285561,102.5362524243544
test_00004,test,4,C2,899.9168012587037,-229.74659496381736,192.80390286049476
test_00004,test,4,C3,1050.0601868191022,-52.11123745308999,-295.45757330690236
test_00005,test,0,A1,-851.4562642905034,489.46253502519306,-168.8680325185781
test_00005,test,0,A2,-823.2487477665622,-8.386566291976354,-133.6919800124342
test_00005,test,0,A3,-1099.686964829746,114.98278805673675,-432.7179164330688
test_00005,test,0,B1,-19.432426952306255,566.4967968948678,23.182359216339254
test_00005,test,0,B2,303.28234134352175,64.4805406739968,-37.96504674086059
test_00005,test,0,B3,615.2148963085878,401.56992311248035,-424.03105429117636
test_00005,test,0,C1,1118.54536166295,-41.04406051258065,222.6814352195254
test_00005,test,0,C2,1320.4204717987725,-538.9554317125123,284.2732247437949
test_00005,test,0,C3,1408.1830300181718,-338.6215918500263,-210.2902302776221
test_00005,test,1,A1,-1000.0380616416857,272.9196843337795,99.24286878444804
test_00005,test,1,A2,-1149.9511454367487,-199.05729903343868,166.99175671538563
test_00005,test,1,A3,-1300.0187165800362,-34.511941908393595,-195.37753821659877
test_00005,test,1,B1,-300.0423145369911,282.0226407800968,102.67078125861887
test_00005,test,1,B2,-0.02800002112447352,-229.7894455141433,192.84068052201874
test_00005,test,1,B3,299.9969750123685,-52.04507072531217,-295.42719125760186
test_00005,test,1,C1,1000.00473971194,281.9278964161345,102.57892009380862
test_00005,test,1,C2,1149.9055583894221,-229.81541866639802,192.84645980663672
test_00005,test,1,C3,1299.9528243042614,-52.14672179577122,-295.4794480184265
test_00005,test,2,A1,-750.6148322996286,274.723701654038,100.4631445372545
test_00005,test,2,A2,-900.7096545316508,-197.21772688606669,168.02244080932934
test_00005,test,2,A3,-1050.585647097426,-32.60978144848772,-194.42896872629024
test_00005,test,2,B1,-299.98899793818634,282.0205371776296,102.64890244898993
test_00005,test,2,B2,0.005785556182809298,-229.7857728141092,192.82667385023692
test_00005,test,2,B3,300.01319183926216,-52.04276112045982,-295.43410738801
test_00005,test,2,C1,1000.018342758017,281.9245617673132,102.56694344976158
test_00005,test,2,C2,1149.9509310035262,-229.79246922228018,192.79706370972778
test_00005,test,2,C3,1299.9919474541414,-52.151029590798046,-295.50243113681427
test_00005,test,3,A1,-750.6181894081433,274.6763667398109,100.41481322849567
test_00005,test,3,A2,-900.730633032996,-197.30956104367274,167.99745091734135
test_00005,test,3,A3,-1050.6322949776647,-32.647525851720545,-194.4726300928476
test_00005,test,3,B1,-299.97056926586873,281.9345907796782,102.67377769023504
test_00005,test,3,B2,0.00942678079742283,-229.79725380104213,192.87393056830075
test_00005,test,3,B3,299.98566713841984,-51.98076771550538,-295.52089890971166
test_00005,test,3,C1,750.026771327333,281.8494022338522,102.6919802607575
test_00005,test,3,C2,900.0141131887277,-229.8766631982421,192.87136109245958
test_00005,test,3,C3,1049.9584508104688,-52.15477852812646,-295.3638362734937
test_00005,test,4,A1,-750.6385506949644,273.4577962056125,99.62860042213278
test_00005,test,4,A2,-900.4078584889745,-198.62247209058162,167.26958179498834
test_00005,test,4,A3,-1050.246867073016,-34.190659934549075,-195.2298011210271
test_00005,test,4,B1,-300.0434887285009,281.1470442640017,102.05513798487111
test_00005,test,4,B2,0.4124169116437253,-230.3771373698333,192.51146898157444
test_00005,test,4,B3,300.47873306965687,-52.45568851605881,-295.6842428346246
test_00005,test,4,C1,749.9880551269667,281.9157657302317,102.58746079159268
test_00005,test,4,C2,900.2676969847213,-229.6770403564261,192.98060195730125
test_00005,test,4,C3,1050.3466081435554,-51.88136380658989,-295.25246601998657
test_00006,test,0,A1,-1313.3839620009774,367.3976692941709,28.48024037587804
test_00006,test,0,A2,-1478.2891241843674,-93.16984150981402,130.82190442226954
test_00006,test,0,A3,-1605.0189520202337,39.96193609788931,-252.7209643081816
test_00006,test,0,B1,-52.936488443365604,251.67129563494618,-93.89587432799385
test_00006,test,0,B2,112.33298429657223,-317.7235671612338,-2.320140231869556
test_00006,test,0,B3,395.80559226793616,-240.67026451859041,-525.4845023085394
test_00006,test,0,C1,660.2927969216547,564.125324202041,148.98888754517327
test_00006,test,0,C2,809.3504221633779,52.54078173756729,241.39203738034993
test_00006,test,0,C3,960.2585779179645,228.07388615764418,-247.36331026510723
test_00006,test,1,A1,-1000.0337141319286,273.02583010228983,99.3362385077196
test_00006,test,1,A2,-1150.037504700213,-198.96577253576854,166.99852644187843
test_00006,test,1,A3,-1300.05707895236,-34.38257577678637,-195.4429108382588
test_00006,test,1,B1,-300.05836682312764,281.9346975032644,102.5228071647711
test_00006,test,1,B2,-0.061082349085058975,-229.75443375421438,192.76320392713282
test_00006,test,1,B3,300.0235081723274,-52.124218752731196,-295.46663710181605
test_00006,test,1,C1,999.9954603136356,281.7721642951173,102.57396188060574
test_00006,test,1,C2,1149.9945526759752,-229.87701320671218,192.90080794357388
test_00006,test,1,C3,1299.9337699440225,-52.178821410062355,-295.4681346760024
test_00006,test,2,A1,-750.0028531884653,272.9990331666339,99.13681073611193
test_00006,test,2,A2,-900.0326252838702,-199.00675183248057,166.76266038033634
test_00006,test,2,A3,-1050.0050975478625,-34.48503985791212,-195.65467434618625
test_00006,test,2,B1,-299.9127902172191,281.979809685403,102.53197024973291
test_00006,test,2,B2,-0.09886143177119439,-229.7635409789845,192.83133633245063
test_00006,test,2,B3,300.0576138169946,-52.085938242589634,-295.4814956878458
test_00006,test,2,C1,1000.0543988793029,281.84179171150674,102.61202782266581
test_00006,test,2,C2,1149.9200235428739,-229.90557213201654,192.8824356857568
test_00006,test,2,C3,1299.9823654615388,-52.2139322844842,-295.4306082618
test_00006,test,3,A1,-750.0820686545835,272.9480653095143,99.12940625766332
test_00006,test,3,A2,-900.0472852725139,-199.05046402150015,166.77856113813547
test_00006,test,3,A3,-1050.0809706350044,-34.47701951019905,-195.63197707621578
test_00006,test,3,B1,-299.98589247795996,281.8534148696518,102.5537997131615
test_00006,test,3,B2,-0.013782836321593512,-229.82683636564377,192.72866582470377
test_00006,test,3,B3,300.04658126502915,-52.12782355578611,-295.5021956807132
test_00006,test,3,C1,750.0347358457709,281.7621205290428,102.68890717546016
test_00006,test,3,C2,899.9915513618976,-229.9949204212492,192.9247916718325
test_00006,test,3,C3,1050.0455579245931,-52.27220988551825,-295.3008792565514
test_00006,test,4,A1,-750.1107315077275,272.92189215614087,99.3643411670869
test_00006,test,4,A2,-900.0386888579155,-199.03656603484256,167.06916333627603
test_00006,test,4,A3,-1050.1529815296926,-34.5368552994946,-195.29954428555865
test_00006,test,4,B1,-300.03341861668537,282.05836352018144,102.68814424062259
test_00006,test,4,B2,-0.033870738601580234,-229.66840018264975,192.84502570300214
test_00006,test,4,B3,300.0104237684678,-51.9908495394945,-295.44194072564966
test_00006,test,4,C1,749.9813507693881,281.93783638689416,102.62089018119957
test_00006,test,4,C2,899.9732696207377,-229.78831924048794,192.76446614731768
test_00006,test,4,C3,1049.9424354798464,-52.0683318816885,-295.4759466577705
test_00007,test,0,A1,-1252.0360936617815,540.4133667000494,223.9325472038138
test_00007,test,0,A2,-1363.3466913721893,64.20038556388309,327.7164072031398
test_00007,test,0,A3,-1570.4730280859912,205.12125044180544,-16.019318766471898
test_00007,test,0,B1,-249.423808698462,499.8640330672786,-123.38635733015926
test_00007,test,0,B2,42.602206400113666,49.87133061601926,145.3348863980267
test_00007,test,0,B3,343.6899719737163,35.51105238088139,-373.4369965725602
test_00007,test,0,C1,1008.2635367613943,137.92863992648674,87.50938334284079
test_00007,test,0,C2,1236.9727485638286,-352.1051623051726,84.51851639675527
test_00007,test,0,C3,1328.4752803509086,-77.14503880524767,-372.1343275926626
test_00007,test,1,A1,-1000.0171719871649,272.8442571137602,99.37865091964652
test_00007,test,1,A2,-1150.005474010047,-199.15188489581766,167.0399618978482
test_00007,test,1,A3,-1299.9427564365046,-34.57142518801726,-195.35983518443533
test_00007,test,1,B1,-300.00967969541136,281.90402381430897,102.65896997959861
test_00007,test,1,B2,0.00121872647994202,-229.8212755181166,192.845572111117
test_00007,test,1,B3,300.01674977402234,-52.053186408867504,-295.4939853578101
test_00007,test,1,C1,999.9191358897643,281.89476638235783,102.54853512162175
test_00007,test,1,C2,1149.9495237365725,-229.8682904947267,192.86628174461032
test_00007,test,1,C3,1300.0470052174214,-52.071073136149984,-295.4425725621022
test_00007,test,2,A1,-749.9569919966635,272.9468734632401,99.48265884615023
test_00007,test,2,A2,-899.9910715941015,-199.0656569552441,167.1041986688494
test_00007,test,2,A3,-1049.9912823813568,-34.514036890369,-195.35026043074737
test_00007,test,2,B1,-300.02065402398085,281.929766981946,102.6208985740662
test_00007,test,2,B2,-0.030389381903272943,-229.80394455826791,192.80204014340953
test_00007,test,2,B3,299.9455771536275,-52.03503924870283,-295.5063919112374
test_00007,test,2,C1,999.9103735568856,281.92057642450806,102.60848360812194
test_00007,test,2,C2,1149.9491986082435,-229.81915782815048,192.84345240945603
test_00007,test,2,C3,1300.00346788307,-52.113138326284435,-295.4667269308115
test_00007,test,3,A1,-749.9412342272207,272.99295376318645,99.4508767149423
test_00007,test,3,A2,-899.93433013574,-199.11524270496133,167.13215253077962
test_00007,test,3,A3,-1050.0059608673505,-34.47373837323283,-195.31099624368701
test_00007,test,3,B1,-300.0602165852159,281.95076442428245,102.61309163436437
test_00007,test,3,B2,-0.0031674845481776733,-229.8144336148386,192.82800504813028
test_00007,test,3,B3,299.9425474242869,-52.062504636727404,-295.4544363762794
test_00007,test,3,C1,749.9602947804714,281.901443440149,102.49362232363882
test_00007,test,3,C2,899.9384156052054,-229.7640796012414,192.71598208472534
test_00007,test,3,C3,1049.9884991596696,-52.02883738520675,-295.54534351677444
test_00007,test,4,A1,-750.0222445166114,272.8992404560271,99.33893542772091
test_00007,test,4,A2,-899.9736544300515,-199.0778330921166,166.95146321284116
test_00007,test,4,A3,-1050.0224985666505,-34.509539986887596,-195.38741599540379
test_00007,test,4,B1,-300.01861948884044,281.92070905705975,102.59791512158412
test_00007,test,4,B2,-0.04315928844351845,-229.83552584889935,192.80427483462276
test_00007,test,4,B3,300.0049566138948,-52.07444158297063,-295.4429633237321
test_00007,test,4,C1,749.8864753530962,281.9165157533918,102.57880488882172
test_00007,test,4,C2,899.9261447908465,-229.86880040038167,192.8448479307271
test_00007,test,4,C3,1050.0475575260173,-52.05725629202225,-295.42467328332833
test_00008,test,0,A1,-863.7054176531067,556.4642063870149,251.11999710055903
test_00008,test,0,A2,-1063.7697880843407,103.75584101907657,321.22981115701265
test_00008,test,0,A3,-1179.8837733209482,273.47711061178114,-51.14707200704679
test_00008,test,0,B1,-293.94520871087815,349.09040986034336,-193.79954580000108
test_00008,test,0,B2,42.21446409826059,-145.7727301117775,-147.27234944263307
test_00008,test,0,B3,291.18477574376584,66.99870846675914,-649.9240634590178
test_00008,test,0,C1,812.2501086081767,303.21421083259884,31.21410864563762
test_00008,test,0,C2,932.1201660203452,-175.87295654327977,251.9451736195324
test_00008,test,0,C3,1138.6894200318848,-118.02887508805274,-244.51772609113746
test_00008,test,1,A1,-999.9728598054049,272.87739948305966,99.39619811324334
test_00008,test,1,A2,-1150.006366815697,-199.07731823781538,167.0858649798017
test_00008,test,1,A3,-1299.9115843979039,-34.41863174997589,-195.35283418926562
test_00008,test,1,B1,-299.9763516668511,281.9317533470168,102.60107642583287
test_00008,test,1,B2,0.07817352302670624,-229.85195215166638,192.92754822754404
test_00008,test,1,B3,300.0292104371952,-52.15355387858477,-295.4117814976858
test_00008,test,1,C1,999.9837264651139,281.8609656712811,102.5955369614577
test_00008,test,1,C2,1149.977034965107,-229.8879246780906,192.74079689091178
test_00008,test,1,C3,1299.957998930807,-52.08245602182072,-295.4966605037083
test_00008,test,2,A1,-750.0074012150037,272.94120561237384,99.3358374043368
test_00008,test,2,A2,-899.9632568628836,-199.01594175148838,167.131469085546
test_00008,test,2,A3,-1049.97087405995,-34.535920375901625,-195.2626947859724
test_00008,test,2,B1,-299.9660935666543,281.88153193108275,102.6468856392733
test_00008,test,2,B2,0.006548604925506718,-229.82503097170962,192.90449295725523
test_00008,test,2,B3,300.0519001794266,-52.14717731841712,-295.3400155958267
test_00008,test,2,C1,1000.0147097840363,281.8885915429197,102.58100989696116
test_00008,test,2,C2,1149.9758665678585,-229.84145102505695,192.73317706761796
test_00008,test,2,C3,1299.9841683976515,-52.113035908407745,-295.5217142601225
test_00008,test,3,A1,-749.9739086779589,272.9881980451209,99.37138932209675
test_00008,test,3,A2,-899.901371315495,-199.05026276816588,167.13016148244472
test_00008,test,3,A3,-1049.967285548742,-34.47707768845597,-195.33817759569712
test_00008,test,3,B1,-300.0021692284817,281.8938393203969,102.68876474335215
test_00008,test,3,B2,-0.019164265806157366,-229.76048345246124,192.85783243949714
test_00008,test,3,B3,300.00199997314473,-52.16033273322226,-295.3604527414321
test_00008,test,3,C1,750.0697024489206,281.7028470209624,102.79240803915819
test_00008,test,3,C2,899.9878966317284,-229.9866881123168,192.97793471636712
test_00008,test,3,C3,1049.9785605126267,-52.329141401567654,-295.32533561145914
test_00008,test,4,A1,-750.0102948615075,272.94041349730094,99.41542235647822
test_00008,test,4,A2,-899.9138074665997,-199.01048350607172,167.1603713080759
test_00008,test,4,A3,-1049.9663684502416,-34.50290651173544,-195.26908459326006
test_00008,test,4,B1,-300.00759910817516,281.9201995418837,102.6042390740462
test_00008,test,4,B2,0.01895323535226484,-229.76066335246523,192.86961536122672
test_00008,test,4,B3,300.0050634521933,-52.06995527024897,-295.4750685372317
test_00008,test,4,C1,750.0706309869981,281.86689610495716,102.68550809116539
test_00008,test,4,C2,900.0331821738326,-229.83739086538276,192.84259216234204
test_00008,test,4,C3,1050.0642336342885,-52.111517964609824,-295.45420557301094
test_00009,test,0,A1,-1365.0811863169226,625.6311523098509,288.7747502124695
test_00009,test,0,A2,-1418.5179442558817,134.06170419903944,362.36088596380813
test_00009,test,0,A3,-1622.7420080804482,266.1838136849388,13.404645699478966
test_00009,test,0,B1,-408.8109425357546,114.60133589464023,277.8104477335466
test_00009,test,0,B2,-109.37575910357434,-403.6641259457782,235.66168694325444
test_00009,test,0,B3,160.13883111043083,-123.89327129479128,-221.51584596523028
test_00009,test,0,C1,801.4495612499777,92.11379818203244,54.27112363426619
test_00009,test,0,C2,871.0257268492,-444.12457803949786,63.11865356693942
test_00009,test,0,C3,887.9486100072425,-240.39742202854617,-437.5664940848329
test_00009,test,1,A1,-999.971078210355,272.98903849931736,99.38185024802078
test_00009,test,1,A2,-1150.0138468187968,-199.00378179377125,166.89872358699304
test_00009,test,1,A3,-1299.9841654833942,-34.41604652690147,-195.38417772052742
test_00009,test,1,B1,-299.94809336252655,281.9139378518791,102.64708624419536
test_00009,test,1,B2,-0.035720992221331516,-229.80817796327472,192.89676561899657
test_00009,test,1,B3,300.0065469897451,-52.13275140011757,-295.4049075438276
test_00009,test,1,C1,1000.0284504149188,281.9207967961274,102.57308750323315
test_00009,test,1,C2,1150.0459352770795,-229.80262878531352,192.8923508484952
test_00009,test,1,C3,1299.9859507890071,-52.0459567367354,-295.47107498721715
test_00009,test,2,A1,-749.9412457208595,273.01978130593005,99.39030863471991
test_00009,test,2,A2,-900.0318808748077,-198.94566030178154,167.1072219683801
test_00009,test,2,A3,-1049.9544126790256,-34.40138320989685,-195.32701574683847
test_00009,test,2,B1,-299.94803440576993,281.92207410888886,102.61973367965022
test_00009,test,2,B2,0.0029648831429058657,-229.79200935316055,192.83153296812807
test_00009,test,2,B3,299.97756755741005,-52.1147431139736,-295.454109257188
test_00009,test,2,C1,1000.0134707183691,281.9139516403544,102.56055670377353
test_00009,test,2,C2,1150.0269998146475,-229.76830906755083,192.8500101594554
test_00009,test,2,C3,1299.9233875010475,-51.9878013776984,-295.48195903443553
test_00009,test,3,A1,-749.950631436647,273.05648202052066,99.42436016189023
test_00009,test,3,A2,-900.0553291710838,-198.9074170705221,167.05960126301665
test_00009,test,3,A3,-1049.978080129623,-34.37433018683639,-195.35498538972976
test_00009,test,3,B1,-299.93973578001453,281.9033150559806,102.59992145910923
test_00009,test,3,B2,0.011425790132615812,-229.8079297589184,192.88530805568521
test_00009,test,3,B3,299.9374499871436,-52.08629256417594,-295.38477255435197
test_00009,test,3,C1,750.4987152664347,283.4596326414938,101.26015769603877
test_00009,test,3,C2,900.448606855485,-228.37453316382934,191.52419331801073
test_00009,test,3,C3,1050.435971849236,-50.60096071336974,-296.813989817721
test_00009,test,4,A1,-749.9409822376235,272.97888737199327,99.41499975702665
test_00009,test,4,A2,-900.3963799565253,-198.9608009605965,166.8723433359674
test_00009,test,4,A3,-1050.008115006996,-34.093522287435945,-195.65568006664225
test_00009,test,4,B1,-299.9984972075074,281.5571335410518,102.95601900758362
test_00009,test,4,B2,-0.48385798480229,-230.49722313358419,193.2010774608759
test_00009,test,4,B3,300.0322836436544,-52.81161494595535,-294.77177499795715
test_00009,test,4,C1,750.524349955227,282.25333565144985,102.30158346004217
test_00009,test,4,C2,900.015666951137,-229.59612293826154,192.4543683823739
test_00009,test,4,C3,1050.425947263335,-51.82864350157542,-295.65369729196476
test_00010,test,0,A1,-709.8601382111789,450.2833592775399,355.67993243175533
test_00010,test,0,A2,-831.9014746519182,-33.63239513751909,383.8356532412778
test_00010,test,0,A3,-989.3640587997478,150.42190438032063,34.1916130003094
test_00010,test,0,B1,-46.30710670263421,-3.5444282922304007,27.8943455535861
test_00010,test,0,B2,237.4905609543601,-524.4957527394449,117.652873738885
test_00010,test,0,B3,534.3844640224137,-361.8040880456958,-377.66949490272793
test_00010,test,0,C1,1085.6605657263713,31.944941987336893,-16.34853314587159
test_00010,test,0,C2,1196.4998797117078,-487.21707499289255,86.99050368549449
test_00010,test,0,C3,1356.6296258448883,-334.4935910869779,-406.5864428082845
test_00010,test,1,A1,-1000.0362837797167,272.9271927653926,99.33987764199766
test_00010,test,1,A2,-1149.9711898516705,-199.05322902291306,167.0353563845189
test_00010,test,1,A3,-1300.050401309575,-34.52583762282228,-195.38621802903708
test_00010,test,1,B1,-299.944054467124,281.99921986027954,102.64742614105455
test_00010,test,1,B2,0.015513709823128823,-229.75829424884918,192.93133345922922
test_00010,test,1,B3,299.9702018699811,-52.08143253760284,-295.47836218256134
test_00010,test,1,C1,1000.0074134290143,281.9357325286369,102.62801412752547
test_00010,test,1,C2,1149.9638435977802,-229.76332350338035,192.84462429020098
test_00010,test,1,C3,1299.9060963283814,-52.09369390583244,-295.4628937951028
test_00010,test,2,A1,-749.9137636112205,273.01390523310397,99.58190370766782
test_00010,test,2,A2,-899.9800731710337,-198.9716206153132,167.30534358635316
test_00010,test,2,A3,-1049.9851172169465,-34.40390341345405,-195.11197037544758
test_00010,test,2,B1,-299.9564285295076,281.9968335584889,102.62089864411472
test_00010,test,2,B2,0.08296493938102709,-229.69513475547367,192.86245926889725
test_00010,test,2,B3,300.00787422188444,-52.059495833614854,-295.4204130775564
test_00010,test,2,C1,999.9955258001586,281.93500937785853,102.61253891675089
test_00010,test,2,C2,1149.9640733919184,-229.75050205277765,192.88316736628602
test_00010,test,2,C3,1299.9603088043127,-52.046365005110054,-295.4689569245998
test_00010,test,3,A1,-749.9186904567496,273.03374686267955,99.63354079514352
test_00010,test,3,A2,-899.9402152706629,-198.91921521224924,167.32162406999083
test_00010,test,3,A3,-1049.9894455652852,-34.42955988690322,-195.10356401960902
test_00010,test,3,B1,-299.98581087951544,281.9708768388784,102.60225150878617
test_00010,test,3,B2,0.07346912127591121,-229.7064062076034,192.8751837345375
test_00010,test,3,B3,300.0707891704805,-52.108856035309266,-295.4158248333067
test_00010,test,3,C1,750.0222644925086,281.9388184810739,102.6111313724657
test_00010,test,3,C2,900.003077570597,-229.8005120757852,192.80120457197967
test_00010,test,3,C3,1050.0082439951418,-52.15164352384687,-295.39980979488104
test_00010,test,4,A1,-749.9014135423835,272.95635502919174,99.29228383329556
test_00010,test,4,A2,-900.0397575536283,-198.97139386689176,166.9587618145368
test_00010,test,4,A3,-1049.9804853768494,-34.378637857131544,-195.38435984335672
test_00010,test,4,B1,-300.0216116006405,281.9453692448844,102.4781053136404
test_00010,test,4,B2,0.0021206726228695065,-229.7335124721707,192.70989262820686
test_00010,test,4,B3,300.05306849972925,-52.07215769421657,-295.4747596395986
test_00010,test,4,C1,749.9535448272641,281.86648493136306,102.67539207749137
test_00010,test,4,C2,899.939039414228,-229.85733682790402,192.88555611029653
test_00010,test,4,C3,1050.0510897037761,-52.10427263197937,-295.36858041370954
test_00011,test,0,A1,-1048.8435204404,117.59204083698091,73.62026518621333
test_00011,test,0,A2,-1289.2434153368063,-297.4169249795055,214.2558965605643
test_00011,test,0,A3,-1339.7432013866644,-216.64269543061897,-200.31445269180543
test_00011,test,0,B1,-628.3538722152796,198.18583647532785,-148.63261417728373
test_00011,test,0,B2,-348.4745574690277,-329.27270242975305,-90.13812275331487
test_00011,test,0,B3,-3.351309123360584,-109.58762802814131,-528.9714987805235
test_00011,test,0,C1,1287.6494566411293,52.41424461056289,250.45065623971752
test_00011,test,0,C2,1435.8554122048731,-458.6873681583143,347.1517595755035
test_00011,test,0,C3,1596.181072961308,-284.1297239545342,-138.92186644146744
test_00011,test,1,A1,-999.5598421497771,274.3334472176965,100.77786721117322
test_00011,test,1,A2,-1149.5436350107213,-197.65656664555073,168.40520421419305
test_00011,test,1,A3,-1299.4808209291043,-33.10208341056102,-194.03819137251946
test_00011,test,1,B1,-300.06377930412145,281.89215079983916,102.61183583484004
test_00011,test,1,B2,-0.0688130574725702,-229.81151072223327,192.8483922298724
test_00011,test,1,B3,299.97922810279096,-52.15494487478906,-295.4164974301845
test_00011,test,1,C1,999.9979699480112,282.01422125729994,102.62742595314036
test_00011,test,1,C2,1150.021484819028,-229.72409741301524,192.94587492810726
test_00011,test,1,C3,1299.9682711271994,-52.0635395571473,-295.3907822198746
test_00011,test,2,A1,-750.0075259540929,272.9961984519967,99.30086711903344
test_00011,test,2,A2,-899.959184996493,-198.97915001371766,166.96883804859812
test_00011,test,2,A3,-1050.023707800024,-34.420599602658115,-195.47191986669924
test_00011,test,2,B1,-300.01537255552586,281.8413857174872,102.58904055195862
test_00011,test,2,B2,-0.033355660161938326,-229.89891980424972,192.7533120424415
test_00011,test,2,B3,299.96319067164393,-52.05083426775618,-295.4976989482248
test_00011,test,2,C1,999.863328146547,282.0073276020747,102.58317177521258
test_00011,test,2,C2,1149.9939037228194,-229.69014789812084,192.91044688858955
test_00011,test,2,C3,1300.0026379419778,-52.032263467386755,-295.42549972651364
test_00011,test,3,A1,-750.0573830776573,272.9893087571961,99.2902354813076
test_00011,test,3,A2,-900.0415381913709,-199.0133414376525,166.99979565461678
test_00011,test,3,A3,-1050.1019951133187,-34.42439158189519,-195.44391524035478
test_00011,test,3,B1,-300.02186725666894,281.87737559132967,102.60953591968871
test_00011,test,3,B2,0.0074987262394614305,-229.85085345526815,192.86887045018312
test_00011,test,3,B3,299.94660219909764,-52.07512048469738,-295.5357980345763
test_00011,test,3,C1,749.9858998641512,281.84570302928574,102.71533839733141
test_00011,test,3,C2,900.0157378598651,-229.9121105384338,192.78825246913388
test_00011,test,3,C3,1049.9909418170619,-52.11265589421468,-295.42404709069865
test_00011,test,4,A1,-749.9771818845275,272.9460109094393,99.27257559215306
test_00011,test,4,A2,-899.9858658780594,-198.95287151349584,167.02953491284651
test_00011,test,4,A3,-1049.9842904537302,-34.495028295468465,-195.3924263400409
test_00011,test,4,B1,-299.94954688754297,281.9028161220939,102.64565676773125
test_00011,test,4,B2,0.03377599077703182,-229.79192388338979,192.7744587364849
test_00011,test,4,B3,300.0087159199795,-52.11136969954494,-295.4868376685387
test_00011,test,4,C1,750.0332405271884,281.84710898797863,102.66744224474573
test_00011,test,4,C2,900.0566514560752,-229.84192468006142,192.8137816820062
test_00011,test,4,C3,1050.0102353618443,-52.14796395630742,-295.44934736722007
test_00012,test,0,A1,-906.674249121568,497.8355529380172,-89.22529871029256
test_00012,test,0,A2,-1055.1249506470588,26.29027845413286,-15.542039915486557
test_00012,test,0,A3,-1205.344069843467,185.55489599839532,-380.2472570892043
test_00012,test,0,B1,-415.6736491743377,137.546207227424,431.2566433040202
test_00012,test,0,B2,-65.02026778095791,-349.01812254895555,448.6637755581546
test_00012,test,0,B3,139.18053803795544,-127.86932172605826,-70.33727932166666
test_00012,test,0,C1,837.3799462487677,570.9444582668197,-60.681453401196606
test_00012,test,0,C2,783.2285056736661,34.86656935031733,-13.96766505808738
test_00012,test,0,C3,1053.7499595784077,178.53900876194007,-459.6676312130057
test_00012,test,1,A1,-999.9539002704034,272.91229631449426,99.38176398595625
test_00012,test,1,A2,-1150.0144388713406,-198.9626711254105,167.04845874005258
test_00012,test,1,A3,-1299.922720380599,-34.51768085821823,-195.37914819704145
test_00012,test,1,B1,-300.01029440589963,281.8820069653851,102.61056321417156
test_00012,test,1,B2,-0.07579066108841695,-229.86265748301133,192.8371848726257
test_00012,test,1,B3,299.9573173063138,-52.173064909240956,-295.42160416193155
test_00012,test,1,C1,999.9911747967394,281.8482816785833,102.68722109467495
test_00012,test,1,C2,1149.9998039021655,-229.90637331252012,192.8764614674
test_00012,test,1,C3,1299.8632801180388,-52.1656869514847,-295.46214103713623
test_00012,test,2,A1,-752.0448693236501,272.72574036583586,99.64679229267406
test_00012,test,2,A2,-902.0525640608221,-199.31159031422897,167.2122520744294
test_00012,test,2,A3,-1052.0181487567752,-34.64889463612921,-195.14975251293956
test_00012,test,2,B1,-300.035021034066,281.85241833659273,102.5956484842482
test_00012,test,2,B2,-0.06353594920268464,-229.80143879986665,192.89213455844433
test_00012,test,2,B3,300.0253699850974,-52.19509655089039,-295.42358692626897
test_00012,test,2,C1,999.9452994864655,281.82006315105787,102.66205297672344
test_00012,test,2,C2,1150.0382807515723,-229.90320539749555,192.88003931096483
test_00012,test,2,C3,1299.899257784434,-52.1161830048366,-295.4249992059517
test_00012,test,3,A1,-751.971019267267,272.68785358691633,99.67318286205449
test_00012,test,3,A2,-902.0123472980094,-199.2666134562887,167.201894850262
test_00012,test,3,A3,-1052.0069697794104,-34.6909820986369,-195.1699002674095
test_00012,test,3,B1,-300.01293575166704,281.85467078337524,102.5780180214439
test_00012,test,3,B2,-0.02343971918741624,-229.87480243216606,192.8815974038795
test_00012,test,3,B3,299.92852997643865,-52.17620296308347,-295.41634132281604
test_00012,test,3,C1,750.0811632081079,281.8557766269851,102.60522224174271
test_00012,test,3,C2,899.9479382768611,-229.85368177365356,192.87137696338934
test_00012,test,3,C3,1049.9620386323772,-52.280194361975305,-295.3283798752319
test_00012,test,4,A1,-751.350596838482,272.95701863201293,99.55101990471518
test_00012,test,4,A2,-901.3988339792222,-199.0540413363321,167.09235370595724
test_00012,test,4,A3,-1051.3609864152625,-34.32034032712195,-195.34218920255122
test_00012,test,4,B1,-299.31314338275536,282.0666128786396,102.55461319377521
test_00012,test,4,B2,0.5745649775788808,-229.71195616733505,192.76257945843523
test_00012,test,4,B3,300.67869261652504,-51.97413640069714,-295.4369199906988
test_00012,test,4,C1,750.7064951363674,282.01270309923393,102.66371546828806
test_00012,test,4,C2,900.474494785686,-229.8263491295588,192.8912534869672
test_00012,test,4,C3,1050.743394221882,-52.11799248902101,-295.3544521942712
test_00013,test,0,A1,-830.9649383397036,-114.13273510425823,-196.71842616997455
test_00013,test,0,A2,-1008.499041027111,-580.9730499408594,-175.6906316822706
test_00013,test,0,A3,-1249.062881296625,-329.8827743198802,-420.57036885174347
test_00013,test,0,B1,-279.70744957453434,390.55464989613125,211.30324288917964
test_00013,test,0,B2,21.999084889192606,-120.15169369347223,300.97762824901673
test_00013,test,0,B3,320.66822468390575,58.504943898693526,-187.80004726000365
test_00013,test,0,C1,713.6885722553958,258.4321863339341,-41.73198033616072
test_00013,test,0,C2,823.3746684919669,-267.0093789663262,24.019800995570993
test_00013,test,0,C3,901.061344358024,-100.38305656293086,-484.5762573544374
test_00013,test,1,A1,-1000.0431691365058,273.0122338268193,99.43914970326703
test_00013,test,1,A2,-1150.0161139148738,-198.99029340071314,167.01775043015738
test_00013,test,1,A3,-1300.0538598474348,-34.35130001453056,-195.39638064589602
test_00013,test,1,B1,-300.0818375591572,281.86470061214555,102.60098807458324
test_00013,test,1,B2,-0.007183332085631287,-229.83088965662043,192.86577702043454
test_00013,test,1,B3,299.936848455599,-52.09597061434146,-295.48674497194344
test_00013,test,1,C1,1000.0398694713683,281.85707372690416,102.64819714617627
test_00013,test,1,C2,1150.0830994847995,-229.8909772274517,192.881846770908
test_00013,test,1,C3,1300.0040038270977,-52.13577743366321,-295.406195731032
test_00013,test,2,A1,-750.0770206240177,272.7954565013819,99.36687911186203
test_00013,test,2,A2,-899.988705862694,-199.19466889834527,167.12018796659333
test_00013,test,2,A3,-1050.0941529399192,-34.66708947559061,-195.29541479361092
test_00013,test,2,B1,-300.0222579116565,281.8379426492764,102.63633683357384
test_00013,test,2,B2,0.0662429442882767,-229.8064117148581,192.8219932253747
test_00013,test,2,B3,299.94031511168737,-52.17884197242688,-295.4728234708711
test_00013,test,2,C1,1000.0291935761389,281.7981600645051,102.59197379233447
test_00013,test,2,C2,1150.0574291581036,-229.86353597928212,192.84097414423607
test_00013,test,2,C3,1300.0173386976746,-52.191816525593914,-295.5264318283409
test_00013,test,3,A1,-750.0237447487933,272.8434889088565,99.37506617774353
test_00013,test,3,A2,-899.9907478555294,-199.18818904616322,167.08397729709694
test_00013,test,3,A3,-1050.0904304747492,-34.71085532668587,-195.33199296426105
test_00013,test,3,B1,-299.9895872526228,281.79386354957177,102.59220535805201
test_00013,test,3,B2,0.05070614396215338,-229.85796455414487,192.78443262153155
test_00013,test,3,B3,299.9589114626936,-52.15172045202563,-295.51941662144316
test_00013,test,3,C1,749.9754554406961,282.02173322396925,102.47129430443695
test_00013,test,3,C2,900.0420055269732,-229.726283919621,192.68047651713698
test_00013,test,3,C3,1049.908348535745,-51.99743515418375,-295.6127068261603
test_00013,test,4,A1,-749.2095256957314,273.56427655467496,97.64122970152684
test_00013,test,4,A2,-899.1956859589844,-198.40431466921,165.37034737411244
test_00013,test,4,A3,-1049.2627371404376,-33.88499972322077,-197.0388885401427
test_00013,test,4,B1,-299.1254412512182,282.5314771068006,100.88030152018847
test_00013,test,4,B2,0.7892526022984214,-229.28631865100414,191.09466037015866
test_00013,test,4,B3,300.746383365689,-51.5351371714785,-297.2205232665821
test_00013,test,4,C1,750.7845489270966,282.49872822928353,100.7787517388225
test_00013,test,4,C2,900.7729848471351,-229.2854398485514,190.99933142558925
test_00013,test,4,C3,1050.7944053289914,-51.59384359266463,-297.23020029285067
test_00014,test,0,A1,-693.153001608888,112.16994640281918,393.7766204734672
test_00014,test,0,A2,-925.2337147482294,-328.28348532201034,349.52487555070394
test_00014,test,0,A3,-1052.0122343141368,-50.77745872923649,53.09310093160629
test_00014,test,0,B1,-214.02763096850506,79.55524463738561,398.131847000814
test_00014,test,0,B2,39.38014676442262,-464.13248781400375,389.03079627306784
test_00014,test,0,B3,456.8887873780404,-181.3808378870122,63.9700801293045
test_00014,test,0,C1,1160.154373170956,-31.91305995712819,-104.91162722364803
test_00014,test,0,C2,1322.122739801797,-535.7055519464695,6.94604054123704
test_00014,test,0,C3,1468.0513863230099,-375.52636290724627,-488.5424395331463
test_00014,test,1,A1,-1000.0514150964972,272.93964869941163,99.34445263783583
test_00014,test,1,A2,-1149.98723937093,-199.04555282501212,167.0199909158881
test_00014,test,1,A3,-1300.108398069136,-34.44961114855627,-195.3955826669068
test_00014,test,1,B1,-300.0959585019399,281.9318921251301,102.58946397400625
test_00014,test,1,B2,-0.020234924358175286,-229.78387157405348,192.8016037217386
test_00014,test,1,B3,299.9777939590718,-52.10636336081093,-295.4718516614455
test_00014,test,1,C1,999.9422660418209,281.9595324824849,102.53305099726673
test_00014,test,1,C2,1150.001634673373,-229.72279399148513,192.75146280028054
test_00014,test,1,C3,1299.9152366753676,-51.996586763333596,-295.50968176325375
test_00014,test,2,A1,-750.0744381908589,272.9645484258795,99.29533522870678
test_00014,test,2,A2,-900.0789247115495,-199.16733969612287,166.94319034678796
test_00014,test,2,A3,-1050.0232447130918,-34.514792275517934,-195.49781656898068
test_00014,test,2,B1,-300.0334854294817,281.9196917818632,102.52212549415889
test_00014,test,2,B2,-0.003825194916600794,-229.80003866901862,192.79724959215025
test_00014,test,2,B3,300.1054026762391,-52.05902537299706,-295.4435351365839
test_00014,test,2,C1,999.9971111162013,281.89882490905865,102.53996274651195
test_00014,test,2,C2,1150.0305785618416,-229.77093764409932,192.7332631209139
test_00014,test,2,C3,1299.944486338252,-52.029544566236815,-295.5199718057478
test_00014,test,3,A1,-750.0642396154836,272.87547217441573,99.3262118108067
test_00014,test,3,A2,-900.1035152627492,-199.09454952708813,166.94845536824437
test_00014,test,3,A3,-1050.0355006420432,-34.52751760651219,-195.50760835521464
test_00014,test,3,B1,-300.0122258021395,281.8802042180218,102.56577811187258
test_00014,test,3,B2,-0.05557674541953937,-229.82040711177407,192.8115882223996
test_00014,test,3,B3,299.9709662148597,-52.0692115011376,-295.42692614959685
test_00014,test,3,C1,750.0067967810699,281.96309216771834,102.73012754900365
test_00014,test,3,C2,899.98572476482,-229.6505031833454,193.0540887099978
test_00014,test,3,C3,1050.1009405833968,-51.95589048122333,-295.20429540912704
test_00014,test,4,A1,-749.306051814007,274.07059487520996,97.86112726264851
test_00014,test,4,A2,-899.3286587774819,-197.9561989167427,165.5144960422522
test_00014,test,4,A3,-1049.3182104971274,-33.36751874433047,-196.91719264474773
test_00014,test,4,B1,-299.2306650242578,283.01842528352546,101.05961698792098
test_00014,test,4,B2,0.7703319100587076,-228.69615400851487,191.30542570102148
test_00014,test,4,B3,300.77705029315723,-50.96569195000574,-297.0150286523485
test_00014,test,4,C1,750.6945427444969,283.1381288202478,101.17421158423548
test_00014,test,4,C2,900.6612206329933,-228.57440309064805,191.4810575190851
test_00014,test,4,C3,1050.8755294204416,-50.84882115607788,-296.7871538747337
test_00015,test,0,A1,-1001.7834135597606,-8.719984745731553,247.64985121096217
test_00015,test,0,A2,-1116.2614900728609,-489.01244893661584,325.8457236953467
test_00015,test,0,A3,-1278.4675502745783,-343.895794600485,-39.56799853384849
test_00015,test,0,B1,-194.41240828035615,254.49342307697697,330.61928971166645
test_00015,test,0,B2,224.45029385480905,-132.148365995329,517.9528101552215
test_00015,test,0,B3,527.4923562204779,84.77566794363138,47.751923367977554
test_00015,test,0,C1,1363.7058513379172,128.96463339910585,-119.69503523892102
test_00015,test,0,C2,1455.8118404176503,-385.7643969362767,18.472213380961037
test_00015,test,0,C3,1652.3230870054604,-263.18320962497256,-470.3343737877993
test_00015,test,1,A1,-999.9493925406858,272.9282134383603,99.33021605495527
test_00015,test,1,A2,-1149.9419502014032,-199.0034072340676,166.9995687137087
test_00015,test,1,A3,-1300.0614891058615,-34.458019886459844,-195.427834656106
test_00015,test,1,B1,-300.02466239269734,282.00879581245937,102.51767945926152
test_00015,test,1,B2,0.022647020619281484,-229.77729290698602,192.82507505621712
test_00015,test,1,B3,300.00406202795597,-52.08116294773875,-295.41658336745826
test_00015,test,1,C1,999.9943296885044,282.0166856409294,102.60674964033069
test_00015,test,1,C2,1149.979666141891,-229.63587204103618,192.81265199714062
test_00015,test,1,C3,1300.0177187207105,-51.959459632571736,-295.4431233408807
test_00015,test,2,A1,-749.9502317589261,273.0192114195277,99.26882208088753
test_00015,test,2,A2,-900.000004830552,-198.89072684913776,166.9101429912371
test_00015,test,2,A3,-1049.9720042826348,-34.32378748529318,-195.49994283998538
test_00015,test,2,B1,-300.04317208348425,281.98541603637494,102.5519964696272
test_00015,test,2,B2,0.0029607041604793258,-229.7622246388571,192.86479470807606
test_00015,test,2,B3,299.9990920185795,-52.06496977261926,-295.40500108998305
test_00015,test,2,C1,999.9927566353342,281.9803998932099,102.55301008024259
test_00015,test,2,C2,1150.053982370175,-229.70907284572579,192.7871470983602
test_00015,test,2,C3,1300.00327175893,-51.99276087800463,-295.4842401630172
test_00015,test,3,A1,-749.9730595725488,273.06388326804694,99.28641325954608
test_00015,test,3,A2,-900.01813909277,-198.9494007109725,166.9182787922461
test_00015,test,3,A3,-1049.9581557441836,-34.30636798799173,-195.50970476180214
test_00015,test,3,B1,-299.97853060957306,281.92108753899504,102.55467930603685
test_00015,test,3,B2,-0.059151273911534324,-229.73144305240712,192.83978268087867
test_00015,test,3,B3,300.03972710600675,-52.03789399564482,-295.43169515283256
test_00015,test,3,C1,749.9075387696199,282.1071293861379,102.67180821151986
test_00015,test,3,C2,899.8950824351672,-229.600507677212,192.9781762980825
test_00015,test,3,C3,1049.9811323367915,-51.93076543572503,-295.2855361434525
test_00015,test,4,A1,-749.9177060267357,272.93918490508054,99.32755232657806
test_00015,test,4,A2,-899.9409381219627,-199.02035036702176,166.9738996455797
test_00015,test,4,A3,-1050.0604767147868,-34.42149807706175,-195.48214022488744
test_00015,test,4,B1,-299.97233759704386,281.8871427791654,102.58911958193657
test_00015,test,4,B2,-0.030555418051355712,-229.8551886890496,192.81804313769197
test_00015,test,4,B3,300.0135531327581,-52.181141309311556,-295.4779280818072
test_00015,test,4,C1,749.9390989237903,281.92850596249366,102.6834089468792
test_00015,test,4,C2,899.9618593707803,-229.76079770691456,192.91712144956855
test_00015,test,4,C3,1049.9635665293715,-52.055109143613876,-295.44219246256887
test_00016,test,0,A1,-698.3641619025682,-48.068070343442244,145.18653862079609
test_00016,test,0,A2,-896.4383293176426,-498.6935030413476,58.30223620138199
test_00016,test,0,A3,-954.2283987950076,-233.3697316389395,-269.09678917278114
test_00016,test,0,B1,-501.4690683350151,605.5313535797328,326.0269326127796
test_00016,test,0,B2,-200.08704928020808,94.61357715607059,416.38650969227774
test_00016,test,0,B3,98.05518054600526,271.8757403430962,-73.21747875679546
test_00016,test,0,C1,843.5192962205548,171.67083012410305,71.21875016788654
test_00016,test,0,C2,986.8053356147633,-340.41238622641583,170.09234938022487
test_00016,test,0,C3,1138.3760411170765,-173.27494544995866,-321.44502706304814
test_00016,test,1,A1,-999.9586106038383,273.0015771308872,99.41066147770343
test_00016,test,1,A2,-1149.9948170067155,-198.9875781361917,166.98472045778308
test_00016,test,1,A3,-1300.0354941147154,-34.38543700268717,-195.3056142891123
test_00016,test,1,B1,-300.0121685378794,281.94440678033845,102.54065968198461
test_00016,test,1,B2,-0.023004169656287085,-229.84952423741655,192.79523161835243
test_00016,test,1,B3,299.9607671608824,-52.02985421324781,-295.4802820929526
test_00016,test,1,C1,999.9381037468902,281.86065534950717,102.62679751382399
test_00016,test,1,C2,1149.9892769380515,-229.82096025257812,192.93013643497554
test_00016,test,1,C3,1300.0361140618922,-52.16988532608935,-295.42337275025096
test_00016,test,2,A1,-750.0546439370385,272.99242252348705,99.25584438403301
test_00016,test,2,A2,-900.0345879853011,-198.96719632766795,166.76876372675022
test_00016,test,2,A3,-1050.027442598223,-34.3835359521919,-195.56281253822678
test_00016,test,2,B1,-300.01524002875846,281.8920295174916,102.5646965033769
test_00016,test,2,B2,-0.016884057719407593,-229.8121010966376,192.75340422930003
test_00016,test,2,B3,299.9550732021903,-52.11457844634758,-295.51397281262865
test_00016,test,2,C1,1000.0023726009354,281.90646426688596,102.64379046343453
test_00016,test,2,C2,1150.044639580196,-229.86407017099984,192.86842312635446
test_00016,test,2,C3,1300.0253545320597,-52.12338871262623,-295.3217546367089
test_00016,test,3,A1,-750.1088888474808,273.0724127963272,99.25347818871298
test_00016,test,3,A2,-900.09091292232,-199.0402682692566,166.79262475792925
test_00016,test,3,A3,-1050.030009278191,-34.401989026907806,-195.62016169157806
test_00016,test,3,B1,-300.01611430489254,281.9422125395705,102.56755000324154
test_00016,test,3,B2,-0.017441264193330676,-229.8156841021487,192.80816479318602
test_00016,test,3,B3,300.03683814565,-52.070344772001526,-295.47522412564666
test_00016,test,3,C1,749.990896621025,281.8706148250005,102.55799192059368
test_00016,test,3,C2,899.8958702980807,-229.89061474520068,192.83708131823153
test_00016,test,3,C3,1049.9168731475454,-52.22503041072329,-295.4964803407843
test_00016,test,4,A1,-749.5906887789399,274.92711915194013,99.29465055727668
test_00016,test,4,A2,-899.5662622260124,-197.09942433801493,166.82322507254477
test_00016,test,4,A3,-1049.6066204901424,-32.584987570728536,-195.5170966283079
test_00016,test,4,B1,-299.6157790734446,283.8499763021704,102.55814862056663
test_00016,test,4,B2,0.5440986511702536,-227.8208120773684,192.7667745162174
test_00016,test,4,B3,300.4138969368196,-50.03824083124992,-295.48779072880944
test_00016,test,4,C1,750.3987350521016,283.9220324072505,102.52751385736073
test_00016,test,4,C2,900.3915560234103,-227.80762826938212,192.7684343346812
test_00016,test,4,C3,1050.4315463252715,-50.11806076921071,-295.5801236804348
test_00017,test,0,A1,-979.766393905249,499.7048147740832,-273.6296849605956
test_00017,test,0,A2,-953.6856942092268,14.930161619656143,-154.1746433718787
test_00017,test,0,A3,-1214.7147012343328,84.36022396250739,-482.71457971945443
test_00017,test,0,B1,-132.35493800792833,329.6837807979775,78.29331376010747
test_00017,test,0,B2,216.12183964766498,-158.77968520309116,82.95450629132726
test_00017,test,0,B3,463.11752678001744,105.00049386731705,-396.06128799181863
test_00017,test,0,C1,620.8360946813632,545.2962279174808,402.92408701794255
test_00017,test,0,C2,847.1744146346879,65.12872671001193,506.32910187504694
test_00017,test,0,C3,961.465077533428,246.44772053229713,9.786021107282435
test_00017,test,1,A1,-1000.0695549202928,272.97685562662394,99.33887471456075
test_00017,test,1,A2,-1150.027445505277,-199.00178935278407,166.94680863265918
test_00017,test,1,A3,-1300.0686209942644,-34.480010727905494,-195.44709874133898
test_00017,test,1,B1,-300.0845781239385,281.9498724554261,102.62616035147838
test_00017,test,1,B2,-0.15947939570637099,-229.78602307643013,192.89028640572647
test_00017,test,1,B3,299.9103921260264,-52.08916524440842,-295.4098868433847
test_00017,test,1,C1,1000.046367240154,281.9513471219815,102.60496471190548
test_00017,test,1,C2,1150.0232318479918,-229.79801599994462,192.88971426852956
test_00017,test,1,C3,1299.9952028701832,-52.06991801211308,-295.39343241128745
test_00017,test,2,A1,-751.8896171861617,273.22070955250433,98.56446176902847
test_00017,test,2,A2,-902.0186722336598,-198.71173262701538,166.1907263637662
test_00017,test,2,A3,-1051.9410911094892,-34.17621780737571,-196.2363284840413
test_00017,test,2,B1,-300.0905021524066,282.001208669974,102.63201876511529
test_00017,test,2,B2,-0.060852316118335505,-229.70593815891462,192.91841648491393
test_00017,test,2,B3,299.9471899612434,-52.09217919709173,-295.3846985114227
test_00017,test,2,C1,1000.0522894725995,281.9533812387393,102.54848914923785
test_00017,test,2,C2,1149.9993361567679,-229.7915509183063,192.837904811071
test_00017,test,2,C3,1299.9932936656792,-52.087532029220654,-295.42656844902194
test_00017,test,3,A1,-751.9254297978981,273.2258105913022,98.55897370616687
test_00017,test,3,A2,-901.9818016272086,-198.7475381417026,166.24318180805554
test_00017,test,3,A3,-1051.90922032272,-34.16401041230681,-196.18741572011157
test_00017,test,3,B1,-300.0688184685822,281.9177156342872,102.58915644543386
test_00017,test,3,B2,-0.06190782639687122,-229.7320760539359,192.87863916754358
test_00017,test,3,B3,299.9127111805141,-52.0962865855025,-295.4347919681295
test_00017,test,3,C1,749.899767247955,281.9527520300539,102.5985370576548
test_00017,test,3,C2,900.0065866752111,-229.7508023957719,192.87820317070174
test_00017,test,3,C3,1049.9270973628336,-52.06020194365964,-295.4373964131455
test_00017,test,4,A1,-751.1910675808628,273.05569280060513,99.10691445747258
test_00017,test,4,A2,-901.2863327275104,-198.89016348721748,166.83874025727846
test_00017,test,4,A3,-1051.328213712968,-34.3052363842305,-195.56118049732308
test_00017,test,4,B1,-299.3569729980305,281.86909577039415,102.89020800771895
test_00017,test,4,B2,0.723682166266375,-229.84453569780916,193.11900117237846
test_00017,test,4,B3,300.53554550150966,-52.192966446572086,-295.3513869771386
test_00017,test,4,C1,750.6045571985578,281.83683923028235,102.48223302576636
test_00017,test,4,C2,900.7642546775554,-229.83301303360486,192.79083682720884
test_00017,test,4,C3,1050.481764752303,-52.131982967499454,-295.6093572914888
test_00018,test,0,A1,-941.3285634344232,335.3771774648099,249.6550142880419
test_00018,test,0,A2,-1128.945788327367,-114.46770399524176,138.81515621765834
test_00018,test,0,A3,-1186.7533003893102,164.63630090821727,-176.90260294754725
test_00018,test,0,B1,-531.1806725352085,-16.483834551004012,127.86461661685172
test_00018,test,0,B2,-336.6864707544054,-582.3773937465508,171.37250940582825
test_00018,test,0,B3,-25.917744320606,-433.8019337619206,-319.9423295390059
test_00018,test,0,C1,750.3670246639833,430.35989528339604,133.67570527949022
test_00018,test,0,C2,804.4603377478795,-76.23163286585827,315.23538408264346
test_00018,test,0,C3,942.5366950999954,-26.032277151976615,-205.25553046390272
test_00018,test,1,A1,-999.9835138323756,272.9291168382513,99.29208035573583
test_00018,test,1,A2,-1150.0014205214704,-198.99929930405506,166.97509480754766
test_00018,test,1,A3,-1300.0907565395796,-34.427927166795634,-195.39325735785494
test_00018,test,1,B1,-300.057693992033,281.9275720036512,102.56791725691451
test_00018,test,1,B2,0.01700820927738788,-229.7765186173667,192.85691575889567
test_00018,test,1,B3,300.04349864932834,-52.02661985904851,-295.45335522946164
test_00018,test,1,C1,999.990382942849,281.88557418413916,102.61728130703383
test_00018,test,1,C2,1149.9949130689047,-229.8311585942973,192.81825893093736
test_00018,test,1,C3,1300.0416610380616,-52.01580522136387,-295.394443509471
test_00018,test,2,A1,-749.497920298958,273.6422803237873,97.51106097676505
test_00018,test,2,A2,-899.4123467563501,-198.3108551477501,165.16907904931085
test_00018,test,2,A3,-1049.353611656595,-33.8330847072292,-197.34038612665827
test_00018,test,2,B1,-299.98677929716416,281.8534373047144,102.59134280916805
test_00018,test,2,B2,0.028494837960762572,-229.7817887015485,192.81626815358442
test_00018,test,2,B3,299.97901706299456,-52.141077820972875,-295.47668745093983
test_00018,test,2,C1,999.9563891199354,281.8262855157376,102.64446695044876
test_00018,test,2,C2,1149.968530519243,-229.85619018032776,192.91407968614115
test_00018,test,2,C3,1300.0105666262054,-52.02942323818343,-295.3795872646325
test_00018,test,3,A1,-749.5468640104142,273.66913315610327,97.49038777996594
test_00018,test,3,A2,-899.4799123219925,-198.35204791772685,165.21035758002728
test_00018,test,3,A3,-1049.3892446501534,-33.79070052634298,-197.28846535286073
test_00018,test,3,B1,-300.03017450626,281.8907738291399,102.5821376325497
test_00018,test,3,B2,0.03454661745208423,-229.77778354051966,192.85060364847683
test_00018,test,3,B3,299.9947777822474,-52.07780294904382,-295.4636738310508
test_00018,test,3,C1,750.1150366103676,281.8902192883302,102.49054856511657
test_00018,test,3,C2,899.9940746768386,-229.79543242567433,192.70152397587862
test_00018,test,3,C3,1049.9812408551234,-52.19971045125787,-295.5638934563404
test_00018,test,4,A1,-749.7030630947376,273.2376900316244,98.83811752906671
test_00018,test,4,A2,-899.393890513562,-198.80913036433398,166.5806192993482
test_00018,test,4,A3,-1049.644453185196,-34.41255523460502,-195.73653444641937
test_00018,test,4,B1,-300.2771484148384,281.63045809570826,103.4535808940195
test_00018,test,4,B2,0.0997676983235263,-229.9766717064844,193.5326154598139
test_00018,test,4,B3,299.5788626855106,-52.188382298919,-295.04447047276136
test_00018,test,4,C1,749.898823435394,282.0659398983467,102.47802636854261
test_00018,test,4,C2,900.0717098833813,-229.59868255248716,192.6165474585853
test_00018,test,4,C3,1049.6059635300799,-52.031108311289564,-295.7888587734482
test_00019,test,0,A1,-996.5893127023706,417.40809082351507,-36.63886582688491
test_00019,test,0,A2,-1022.6008924828407,-78.84175641341301,16.85045916193045
test_00019,test,0,A3,-1258.5954735622167,58.922574085462514,-308.98889835474847
test_00019,test,0,B1,-376.4564012649769,158.21702893343982,11.316178638288964
test_00019,test,0,B2,45.88871435605263,-267.77498878448614,23.793273548516304
test_00019,test,0,B3,241.87899593518367,17.86890637255591,-466.07317663716276
test_00019,test,0,C1,775.1089576514411,98.31870862028782,205.11961271123636
test_00019,test,0,C2,1012.2916784305498,-386.2394906532765,168.13161318746498
test_00019,test,0,C3,1013.1907915369858,-117.83971671565403,-301.3735356083566
test_00019,test,1,A1,-1000.0154001737827,272.95184220029097,99.35327717439476
test_00019,test,1,A2,-1149.95983001231,-199.1311906249646,166.9804445540769
test_00019,test,1,A3,-1299.9816389698915,-34.47913138951135,-195.39144384581294
test_00019,test,1,B1,-299.9657116001088,281.91654091682983,102.52971165591809
test_00019,test,1,B2,0.03327617215787447,-229.77814195452615,192.82813445852304
test_00019,test,1,B3,299.9717180135969,-52.05027767025774,-295.47542833283586
test_00019,test,1,C1,1000.0184329108681,281.86982539963265,102.63777094649971
test_00019,test,1,C2,1150.016535480004,-229.85853951769107,192.77337725012396
test_00019,test,1,C3,1300.0566735896773,-52.12834253562091,-295.4537242470517
test_00019,test,2,A1,-751.6426556361758,274.0170779680831,98.65831274319372
test_00019,test,2,A2,-901.5754245674973,-197.98654052261352,166.45526968728595
test_00019,test,2,A3,-1051.6353937788363,-33.559901497939194,-196.01889490914903
test_00019,test,2,B1,-299.96447505782874,281.92114904000533,102.58771702237632
test_00019,test,2,B2,-0.03653393655004654,-229.8045960289039,192.86808564886525
test_00019,test,2,B3,300.04449336063226,-52.0204145391666,-295.4442285760603
test_00019,test,2,C1,999.994430412844,281.8525873058314,102.60481404975857
test_00019,test,2,C2,1150.014496428593,-229.91445260918618,192.8463677151169
test_00019,test,2,C3,1300.0334460187773,-52.07999889048078,-295.5055866450633
test_00019,test,3,A1,-751.6013312603683,273.9382378887717,98.60503419741771
test_00019,test,3,A2,-901.5492542845774,-197.98712134537524,166.4400322343547
test_00019,test,3,A3,-1051.5665809972559,-33.534885910706855,-196.0410806635207
test_00019,test,3,B1,-299.97109357205755,281.92630901702614,102.63932815319528
test_00019,test,3,B2,0.02652404855022575,-229.78110552543578,192.84262336843292
test_00019,test,3,B3,299.970790254511,-52.04881310452661,-295.4492113133893
test_00019,test,3,C1,750.0562394422737,281.9244529205175,102.7248805014566
test_00019,test,3,C2,900.0255267701885,-229.75297458116154,192.92910312878482
test_00019,test,3,C3,1050.1136824088824,-52.05633159608292,-295.23053107969565
test_00019,test,4,A1,-751.1750535608329,273.27350040015983,99.03395933083767
test_00019,test,4,A2,-900.8983694467825,-198.72263935568762,166.92162956654664
test_00019,test,4,A3,-1051.1286071492907,-34.38601107546381,-195.49365531314402
test_00019,test,4,B1,-299.5863691262562,281.5283793878397,102.85989015161718
test_00019,test,4,B2,0.6720962897861819,-230.1149058558368,193.0628038401864
test_00019,test,4,B3,300.39374699700704,-52.21386869814593,-295.4120663874174
test_00019,test,4,C1,750.4811092589403,281.95966358609513,102.60344229369464
test_00019,test,4,C2,900.7118320278786,-229.69828942653749,192.74712015713945
test_00019,test,4,C3,1050.5519937414022,-51.94922053892805,-295.49897627719304
test_00020,test,0,A1,-993.9470864657179,569.5604006544414,-233.07534727731746
test_00020,test,0,A2,-1129.784813298768,95.38868668449457,-151.74938024159223
test_00020,test,0,A3,-1297.1433218143882,249.7504024027306,-511.01037026547635
test_00020,test,0,B1,-598.4507458665971,390.25930410961047,69.15181119861678
test_00020,test,0,B2,-268.3655595211327,-97.0809394312493,185.794239631734
test_00020,test,0,B3,46.8604353861812,95.71207952083081,-286.86107018357677
test_00020,test,0,C1,1093.8780772689436,47.20483410842727,-142.45716429163292
test_00020,test,0,C2,1252.0872850012934,-465.83928374808295,-77.03161613820221
test_00020,test,0,C3,1385.9089964468537,-267.1130020604564,-561.8595180872843
test_00020,test,1,A1,-1000.0008739378563,272.9845533690926,99.41301818098218
test_00020,test,1,A2,-1150.0207571853773,-198.98737844313052,167.0045771870069
test_00020,test,1,A3,-1299.9919661568224,-34.5335018834394,-195.45217321311165
test_00020,test,1,B1,-299.9849593084067,281.95342431165386,102.66445975016224
test_00020,test,1,B2,-0.052572511915507575,-229.80496661204606,192.7709520658139
test_00020,test,1,B3,299.9389590285298,-52.05182988061806,-295.465079205292
test_00020,test,1,C1,1000.056909361549,281.91637852380677,102.60279167656043
test_00020,test,1,C2,1150.095356847122,-229.73911021562958,192.84342708457643
test_00020,test,1,C3,1300.0298973470533,-52.15435255028476,-295.44023910351893
test_00020,test,2,A1,-750.8796822584094,272.0923559891386,100.96014393916226
test_00020,test,2,A2,-900.8928070086449,-199.78130672424513,168.53252279994635
test_00020,test,2,A3,-1050.982573178532,-35.18196307071121,-193.8509115881058
test_00020,test,2,B1,-300.010095557007,281.93849119009514,102.62949161080476
test_00020,test,2,B2,0.04030503796267707,-229.80867179737055,192.80376440863796
test_00020,test,2,B3,299.9549506064719,-52.06863059097753,-295.50037748468236
test_00020,test,2,C1,1000.0452009287499,281.92782229262247,102.56819269037273
test_00020,test,2,C2,1150.0543598330498,-229.78567851223318,192.77394689927286
test_00020,test,2,C3,1300.0483149786662,-52.100634749857925,-295.4783629181293
test_00020,test,3,A1,-750.8392409806028,272.1266137029548,100.96309925863952
test_00020,test,3,A2,-900.8870033450911,-199.8533393233284,168.5521285487324
test_00020,test,3,A3,-1050.926793507794,-35.19181355446761,-193.819728231674
test_00020,test,3,B1,-300.0671895539469,281.8792371271379,102.64052065532104
test_00020,test,3,B2,-0.02496393439709707,-229.77351960889615,192.78412523749617
test_00020,test,3,B3,299.94921207312495,-52.11978451709667,-295.4897286064002
test_00020,test,3,C1,749.951939215683,281.9074632987683,102.51975714275697
test_00020,test,3,C2,899.9469371794183,-229.74251740704037,192.6959885956146
test_00020,test,3,C3,1049.915362325498,-52.13413752218891,-295.632577768419
test_00020,test,4,A1,-750.5122416989254,272.695274421752,99.95527113809449
test_00020,test,4,A2,-900.7627965152421,-199.3138322101578,167.30613782536864
test_00020,test,4,A3,-1050.4187457943005,-34.581460369361324,-195.17592535396724
test_00020,test,4,B1,-299.7112127370854,282.26650459130144,101.92027383231269
test_00020,test,4,B2,0.06312531746501689,-229.62322330766915,192.2503901895842
test_00020,test,4,B3,300.4626824019385,-51.87352421117059,-295.7114588812914
test_00020,test,4,C1,750.2879643594705,281.88787579036403,102.6701398487668
test_00020,test,4,C2,900.0636721664823,-229.91432363985768,192.97935536245257
test_00020,test,4,C3,1050.4359515642805,-52.178743191893886,-295.18020918150364
test_00021,test,0,A1,-905.398949266138,294.914579949739,403.0211064472826
test_00021,test,0,A2,-1060.5040409851104,-175.20120290785647,472.07739216170756
test_00021,test,0,A3,-1246.535172914983,6.176617935639639,135.23419655626506
test_00021,test,0,B1,-48.21254451187872,6.1356806379783375,143.26951448265507
test_00021,test,0,B2,120.2447013573022,-563.4594466526673,227.82042362332916
test_00021,test,0,B3,530.7575518830878,-424.61304461623234,-187.25920054836183
test_00021,test,0,C1,1058.7744041684844,80.70045728590212,77.38484879225467
test_00021,test,0,C2,1204.9569829437805,-432.2077148893083,166.85276072866344
test_00021,test,0,C3,1358.1879172681488,-254.1426403240539,-320.3152988202663
test_00021,test,1,A1,-1000.0704764929336,272.97128160558395,99.4146777336586
test_00021,test,1,A2,-1150.0987664750094,-198.97912352485457,166.97187900412897
test_00021,test,1,A3,-1300.0693022859434,-34.42145290079545,-195.40670303301772
test_00021,test,1,B1,-300.0493925850766,281.8887115958956,102.63838946213005
test_00021,test,1,B2,-0.012928791904531778,-229.8286355905944,192.86371134368986
test_00021,test,1,B3,299.97590808602894,-52.03584674000416,-295.4601625319433
test_00021,test,1,C1,1000.0196599565368,281.9390563389619,102.63047901657775
test_00021,test,1,C2,1150.0355038135885,-229.8092418856737,192.8355645414561
test_00021,test,1,C3,1300.0433851001296,-51.99890635688225,-295.4016028293876
test_00021,test,2,A1,-749.9728935115787,272.84691700591253,99.40327787801847
test_00021,test,2,A2,-899.944671835139,-199.14792034643114,167.08504989129713
test_00021,test,2,A3,-1050.053892222609,-34.53553637206285,-195.3309975876943
test_00021,test,2,B1,-300.05383308128603,281.8799834793914,102.60884832870127
test_00021,test,2,B2,0.07904387674123103,-229.81793425243887,192.85935988722804
test_00021,test,2,B3,300.02121049370635,-52.10326805574688,-295.4090664092914
test_00021,test,2,C1,1000.0581047072744,281.91770176367726,102.62929618423289
test_00021,test,2,C2,1150.03823564728,-229.78349754942366,192.87517759507332
test_00021,test,2,C3,1300.0734347333037,-52.074944669507765,-295.4337051766982
test_00021,test,3,A1,-749.9952332024852,272.8458078200418,99.35816577788046
test_00021,test,3,A2,-899.9281646658395,-199.14713108746,167.06455338561435
test_00021,test,3,A3,-1050.0683201261365,-34.573456074340505,-195.29058694366978
test_00021,test,3,B1,-300.09847088797363,281.8604915436978,102.6711326642435
test_00021,test,3,B2,0.06635709682403536,-229.82859963719488,192.89664827403095
test_00021,test,3,B3,299.9951354468808,-52.08561285237414,-295.43778899568434
test_00021,test,3,C1,749.9200801817893,282.01206898638264,102.64639134613714
test_00021,test,3,C2,900.0106507695414,-229.7120768589841,192.95824816073542
test_00021,test,3,C3,1050.0019761782937,-52.00332658443376,-295.41317136988
test_00021,test,4,A1,-749.9791769757819,272.98661720905653,99.28059173111534
test_00021,test,4,A2,-899.9634664105673,-199.06503746221614,166.91245970555497
test_00021,test,4,A3,-1050.0226438460172,-34.45317302419681,-195.40828512349285
test_00021,test,4,B1,-300.02541901952617,281.923363648579,102.59302426682737
test_00021,test,4,B2,0.01217981497839991,-229.77240191345714,192.85602897997092
test_00021,test,4,B3,300.07631526701977,-52.07577235510178,-295.4915575774016
test_00021,test,4,C1,749.9676901601022,281.982530051097,102.53472006793459
test_00021,test,4,C2,900.0763891916777,-229.73515244306435,192.87128549839946
test_00021,test,4,C3,1050.0034195678945,-52.084308989033275,-295.4441646160094
test_00022,test,0,A1,-1074.8257672443883,96.71047385481494,175.8576715815902
test_00022,test,0,A2,-1363.1555416463145,-278.82370515415073,336.1546056944263
test_00022,test,0,A3,-1467.281993710373,-154.3254851678345,-57.000820718624155
test_00022,test,0,B1,-572.8182019608861,120.16843729462735,145.02778405743956
test_00022,test,0,B2,-308.21718051326195,-416.8083318583455,186.05483151429192
test_00022,test,0,B3,-37.106433092866126,-238.01224787149158,-318.4414822054946
test_00022,test,0,C1,846.8832429051414,382.64605431982255,98.61559436236266
test_00022,test,0,C2,985.1114510988523,-133.18162514510223,183.86821975475755
test_00022,test,0,C3,1141.9028773692344,46.60540537555688,-301.4920701481209
test_00022,test,1,A1,-999.9738880508713,272.9514707893566,99.35795511200585
test_00022,test,1,A2,-1150.0407233598355,-199.04241588684698,167.05867758298402
test_00022,test,1,A3,-1299.993522645996,-34.44022787894121,-195.36614171941088
test_00022,test,1,B1,-300.00135081089144,281.89895965105245,102.58878075129428
test_00022,test,1,B2,-0.07635722812461829,-229.78459356214537,192.74798637688792
test_00022,test,1,B3,299.9710098577344,-52.063488999998,-295.4019850718853
test_00022,test,1,C1,1000.0576392994218,281.9306176864679,102.59438421716142
test_00022,test,1,C2,1149.9321162608903,-229.8032940416854,192.82200446823225
test_00022,test,1,C3,1299.9499222607403,-52.11479766143534,-295.4504588378261
test_00022,test,2,A1,-750.0127782378651,273.0022720804415,99.25135605280514
test_00022,test,2,A2,-900.0469072371797,-198.92757596869674,166.79004143739664
test_00022,test,2,A3,-1049.9130626330575,-34.3261693290897,-195.62353197099222
test_00022,test,2,B1,-299.9781374573564,281.91785484925515,102.64961889657579
test_00022,test,2,B2,-0.011534123494100752,-229.82561905835234,192.81140435119354
test_00022,test,2,B3,300.05112579267825,-52.09014180507016,-295.45214206991096
test_00022,test,2,C1,1000.0425079658341,281.94489379153055,102.56312521085893
test_00022,test,2,C2,1149.947901131865,-229.7799978611559,192.81640454774586
test_00022,test,2,C3,1299.9397874687434,-52.03330987131288,-295.48871926991336
test_00022,test,3,A1,-750.0624275173798,273.0180193695733,99.24067209384931
test_00022,test,3,A2,-900.0413282387904,-199.00499120798563,166.80347120752606
test_00022,test,3,A3,-1049.9669003721233,-34.29747387469437,-195.63792842744587
test_00022,test,3,B1,-299.98121599307547,281.87189908374927,102.64098418995962
test_00022,test,3,B2,-0.05585964620332172,-229.80046177130728,192.7562777797312
test_00022,test,3,B3,300.0114790801434,-52.11872548754687,-295.4760879244707
test_00022,test,3,C1,750.067411412973,281.770186788312,102.60538577997394
test_00022,test,3,C2,900.0148736494729,-229.97585412388926,192.81608416266369
test_00022,test,3,C3,1049.9671016092404,-52.171028416953106,-295.4163788023593
test_00022,test,4,A1,-750.0520169433594,272.98868379778776,99.3613350989809
test_00022,test,4,A2,-900.0424840891651,-198.9710359141403,167.0522905581466
test_00022,test,4,A3,-1050.1133591172313,-34.45393782469768,-195.4211434421749
test_00022,test,4,B1,-299.99586220074,281.9340693896705,102.63773194010888
test_00022,test,4,B2,-0.03237890204161617,-229.7477652285282,192.85215189896084
test_00022,test,4,B3,299.93482879201866,-52.08646918823499,-295.4325728338803
test_00022,test,4,C1,749.9697417062639,281.8276995506824,102.53196091290475
test_00022,test,4,C2,900.0509515834378,-229.80690094082746,192.80135696479408
test_00022,test,4,C3,1049.907624160738,-52.098400121289636,-295.5184384483547
test_00023,test,0,A1,-874.0253933165629,133.99037057694775,-213.98252636269575
test_00023,test,0,A2,-1036.1061424287286,-334.77457989168573,-151.31552066831978
test_00023,test,0,A3,-1189.1846106713908,-159.21010102584265,-507.26550025887497
test_00023,test,0,B1,-541.327079839932,-51.74773512406381,334.25177893748565
test_00023,test,0,B2,-113.70012071418373,-472.3650622823161,318.1418171462836
test_00023,test,0,B3,-48.43534501087977,-277.40036716884936,-245.59931729394998
test_00023,test,0,C1,836.0885038965296,184.8590168288613,76.7942393798699
test_00023,test,0,C2,1010.0152588644643,-324.7503893545942,128.16203195302387
test_00023,test,0,C3,1118.3132531906622,-116.03780964779035,-358.92441727982657
test_00023,test,1,A1,-1000.0081832485674,272.86092138709773,99.34608015385243
test_00023,test,1,A2,-1149.998235966655,-199.0368560308905,166.95488292373244
test_00023,test,1,A3,-1299.9873276896587,-34.50692359831736,-195.38685928540954
test_00023,test,1,B1,-299.96214162260713,281.9179005458681,102.58176620701221
test_00023,test,1,B2,-0.0006258916536466584,-229.75388231243372,192.8193304671479
test_00023,test,1,B3,300.008523216074,-52.16827864882306,-295.44909354582495
test_00023,test,1,C1,1000.016858162683,281.90580472757824,102.55022864253627
test_00023,test,1,C2,1150.0176063992822,-229.76645913598983,192.82444128080957
test_00023,test,1,C3,1299.957055729198,-52.124900721765435,-295.4540316173727
test_00023,test,2,A1,-750.0007447086574,273.09082289246106,99.25792218020473
test_00023,test,2,A2,-899.9617761045575,-198.9055209950355,166.8777663172914
test_00023,test,2,A3,-1049.9999909091628,-34.3526182543125,-195.47268377321362
test_00023,test,2,B1,-299.9262120066889,281.9444328966551,102.53204464816903
test_00023,test,2,B2,0.012884286566504654,-229.7398212326647,192.86744454945168
test_00023,test,2,B3,300.03544190125365,-52.11686300858755,-295.4393990865083
test_00023,test,2,C1,999.9878701018466,281.939241094813,102.59777214336115
test_00023,test,2,C2,1150.0211718543762,-229.77463141968153,192.86264316725837
test_00023,test,2,C3,1300.006993060365,-51.997786670902045,-295.4790845820743
test_00023,test,3,A1,-749.9742824343256,273.04718236685545,99.28436938688785
test_00023,test,3,A2,-899.9722717392324,-198.86536832604068,166.95379489311642
test_00023,test,3,A3,-1049.9708450247751,-34.33433897171768,-195.44443785535984
test_00023,test,3,B1,-299.9713565120819,281.9153266186622,102.52967856604404
test_00023,test,3,B2,0.00940266019218522,-229.78906337757024,192.8194434348582
test_00023,test,3,B3,299.99390735502635,-52.11945108629271,-295.4771878523791
test_00023,test,3,C1,750.0833391399372,281.94734530124646,102.51639684367814
test_00023,test,3,C2,899.9786815564855,-229.84025110885182,192.83968560465766
test_00023,test,3,C3,1050.030417267449,-52.25839484437206,-295.47458474325657
test_00023,test,4,A1,-750.1567261910898,270.9920785187015,99.46181488080406
test_00023,test,4,A2,-900.2042691591151,-201.0236532753995,167.05249554037934
test_00023,test,4,A3,-1050.1813602023221,-36.37243892357883,-195.30355473143106
test_00023,test,4,B1,-300.2002724175598,279.94792113794205,102.7184234523267
test_00023,test,4,B2,-0.1596900500098765,-231.85344567923383,192.96586301818624
test_00023,test,4,B3,299.8240326925543,-54.06119680709433,-295.29083070485234
test_00023,test,4,C1,749.8518605303154,279.8859855863253,102.68054733430876
test_00023,test,4,C2,899.8299887710605,-231.80394520124267,192.93548547587804
test_00023,test,4,C3,1049.772193109727,-54.159041403270166,-295.32091575792884
test_00024,test,0,A1,-777.8632060246789,442.7103050639448,-177.5807781210159
test_00024,test,0,A2,-988.418998721861,16.551253953522057,-22.78605095390113
test_00024,test,0,A3,-1085.1435369555056,104.404097830913,-427.60045027338396
test_00024,test,0,B1,-397.78146406539656,474.62608091486095,415.33040677760783
test_00024,test,0,B2,-105.05539098974727,-44.67676151862458,483.22177653121275
test_00024,test,0,B3,231.5559052428092,173.3835808459348,36.990161206085006
test_00024,test,0,C1,654.1140516859758,157.5189323243072,436.5854962577771
test_00024,test,0,C2,819.5609190907979,-349.2145567320296,345.43648393639614
test_00024,test,0,C3,989.7733975221952,-3.4287248177410583,-33.93856508600122
test_00024,test,1,A1,-999.9904214695458,273.0086903044373,99.32899779969848
test_00024,test,1,A2,-1150.0045784419947,-198.99156931873637,166.9338647854538
test_00024,test,1,A3,-1299.9859518776575,-34.39604928420749,-195.48427396641637
test_00024,test,1,B1,-299.96548754609825,281.84363876808766,102.71220251396045
test_00024,test,1,B2,0.02305192559722395,-229.7782672428611,192.89948853949687
test_00024,test,1,B3,299.9791318967169,-52.13538332792773,-295.4313683738917
test_00024,test,1,C1,999.95314858007,281.940687228177,102.63799114186848
test_00024,test,1,C2,1149.911445822848,-229.86061885182897,192.85592443354594
test_00024,test,1,C3,1299.9900021565868,-52.11680911357436,-295.34896764804785
test_00024,test,2,A1,-750.0021549431217,272.86258210915213,99.48996209161066
test_00024,test,2,A2,-900.0150227561551,-199.17613492663955,167.1731776440881
test_00024,test,2,A3,-1050.0443015440599,-34.578941959426224,-195.23229968339257
test_00024,test,2,B1,-299.98474910136156,281.9357960691541,102.67840956055855
test_00024,test,2,B2,0.04522636224492545,-229.876924760506,192.88850330390167
test_00024,test,2,B3,299.97249185751605,-52.09485229757719,-295.3674819340846
test_00024,test,2,C1,999.9628512808806,281.8875926631943,102.73277755655981
test_00024,test,2,C2,1149.8680001145792,-229.85854119777622,192.89289199582367
test_00024,test,2,C3,1299.9838536317354,-52.0960557816852,-295.44445961148614
test_00024,test,3,A1,-749.9735008198948,272.8817264200646,99.4936446505081
test_00024,test,3,A2,-899.9716957796501,-199.1494801681783,167.1514762319912
test_00024,test,3,A3,-1050.0054333611379,-34.63730658783593,-195.1937837293742
test_00024,test,3,B1,-299.9442550755326,281.946312222507,102.69687813091352
test_00024,test,3,B2,0.017615931685639928,-229.79362011640603,192.87933018905494
test_00024,test,3,B3,299.9937357420533,-52.16598082638943,-295.4540992827677
test_00024,test,3,C1,750.0079988354307,281.9383294190347,102.60056584592135
test_00024,test,3,C2,900.0842535807546,-229.81191336118746,192.93109413613374
test_00024,test,3,C3,1050.0415336529777,-52.11604879795364,-295.406345007389
test_00024,test,4,A1,-750.0570941557673,272.82890371549644,99.40020404168781
test_00024,test,4,A2,-900.0401389026266,-199.14865026791884,166.96468763320215
test_00024,test,4,A3,-1050.0641221626342,-34.4816665951012,-195.4452757572453
test_00024,test,4,B1,-299.9796292124554,281.914700428587,102.60542270287222
test_00024,test,4,B2,-0.022540490766426263,-229.85142893315492,192.7794944951159
test_00024,test,4,B3,300.0450194474261,-52.080100915444476,-295.46429233959066
test_00024,test,4,C1,750.0069644697988,281.89364235243653,102.66846332400429
test_00024,test,4,C2,899.9447656950908,-229.85965535686182,192.8833877418617
test_00024,test,4,C3,1049.9985492192898,-52.133591503606304,-295.32489494056864
test_00025,test,0,A1,-691.2083630149323,43.04601788212554,187.1333275440444
test_00025,test,0,A2,-845.3055824837465,-423.68598566459815,278.0218343134121
test_00025,test,0,A3,-1017.4133348360383,-265.2742837295099,-77.18078441035235
test_00025,test,0,B1,-77.06179095642548,71.04486830225247,106.84217425532047
test_00025,test,0,B2,60.57231464782505,-509.4305074734396,171.11749734755614
test_00025,test,0,B3,419.4612893824133,-398.64872260043404,-296.7571312582513
test_00025,test,0,C1,834.7801795728219,391.2856999773316,434.60747208573395
test_00025,test,0,C2,1106.383539698456,-67.73659795429819,524.3948436732921
test_00025,test,0,C3,1120.1066958033407,83.941814486439,5.500440999400404
test_00025,test,1,A1,-1000.0634940641733,272.89310255699303,99.31831251353488
test_00025,test,1,A2,-1149.9992171769704,-199.0598068169187,167.0835646222558
test_00025,test,1,A3,-1300.0532444346902,-34.47714956716513,-195.36491911352104
test_00025,test,1,B1,-300.01886403173876,281.91124779213374,102.64091509892664
test_00025,test,1,B2,0.027648108051655074,-229.8257114047357,192.84067468149445
test_00025,test,1,B3,300.033318273462,-52.145920142049825,-295.38444312981215
test_00025,test,1,C1,1000.0497338083087,281.96056428077867,102.55067690780913
test_00025,test,1,C2,1149.9794420750466,-229.7887865862845,192.83431653917222
test_00025,test,1,C3,1300.02927168416,-52.06750777909323,-295.4865245061383
test_00025,test,2,A1,-749.9641148562073,272.9451548843878,99.36471007538951
test_00025,test,2,A2,-899.9903204952558,-199.0841078159362,167.05156017946862
test_00025,test,2,A3,-1049.9641497092468,-34.53805412076819,-195.38334885570225
test_00025,test,2,B1,-300.0032381243238,281.90378311365515,102.57360356166163
test_00025,test,2,B2,-0.016833144831946416,-229.8005206372353,192.85973670309642
test_00025,test,2,B3,300.0059863149297,-52.17997030541607,-295.3610928093681
test_00025,test,2,C1,1000.0025291903141,281.89889181740216,102.54098969267288
test_00025,test,2,C2,1149.9624601743494,-229.81511406262152,192.80325380794713
test_00025,test,2,C3,1300.0324391383822,-52.09354335623182,-295.4586896539925
test_00025,test,3,A1,-750.006324610355,272.87438052339866,99.38312322667376
test_00025,test,3,A2,-899.9090601632221,-199.06535032220893,167.06442992164224
test_00025,test,3,A3,-1049.9769543726036,-34.50287602803113,-195.3666011105136
test_00025,test,3,B1,-299.9885751770894,281.9334111064272,102.58315489516252
test_00025,test,3,B2,-0.06355580430007222,-229.82098176765558,192.89068417941402
test_00025,test,3,B3,299.98841968880834,-52.137337665892545,-295.424776055338
test_00025,test,3,C1,749.9762300288736,281.80270031094136,102.67107220198562
test_00025,test,3,C2,900.0017297995905,-229.8638310823212,192.88966509026503
test_00025,test,3,C3,1050.0072197262893,-52.174349285909926,-295.30136686914364
test_00025,test,4,A1,-751.6312868686632,271.78511853558985,99.22440192221816
test_00025,test,4,A2,-901.5422217524182,-200.24281488474745,166.8831152251347
test_00025,test,4,A3,-1051.6320595658863,-35.58769294768353,-195.57042965968284
test_00025,test,4,B1,-301.6607426988754,280.7600425426311,102.43027356130281
test_00025,test,4,B2,-1.6873148880208364,-230.940088680984,192.6157713172604
test_00025,test,4,B3,298.29620626510354,-53.2394122696152,-295.57659983203496
test_00025,test,4,C1,748.3366380191452,280.73362095261217,102.41739714725394
test_00025,test,4,C2,898.3278589539459,-230.9312924715063,192.71291030140475
test_00025,test,4,C3,1048.327687237795,-53.274692034375825,-295.5742952780832
test_00026,test,0,A1,-702.8353806801497,466.2728237109978,-190.6898438354569
test_00026,test,0,A2,-852.7027119279223,-8.384614968428396,-237.41477018289476
test_00026,test,0,A3,-1066.2571436831697,252.52196370936224,-496.70346248013794
test_00026,test,0,B1,-162.64391953740991,228.7844062412143,356.4615285703829
test_00026,test,0,B2,156.84513197456067,-276.9839119424446,401.30435749917706
test_00026,test,0,B3,394.2948373359897,-83.88359677342189,-114.6859735488469
test_00026,test,0,C1,1287.4287607991937,-81.59980149594513,205.71755695007732
test_00026,test,0,C2,1487.737413159944,-579.947132736124,269.4874125253081
test_00026,test,0,C3,1682.5343566042116,-332.2067411919152,-169.96076257753373
test_00026,test,1,A1,-1000.0176202203703,272.89075461712804,99.34396708083125
test_00026,test,1,A2,-1149.9911067274065,-199.08728824326616,167.01225711989287
test_00026,test,1,A3,-1299.967810677716,-34.50616122985597,-195.4897594464043
test_00026,test,1,B1,-300.0210589048204,281.81204690929815,102.58342461777976
test_00026,test,1,B2,-0.028446034024327393,-229.84912587850658,192.8175285660399
test_00026,test,1,B3,299.9813081524317,-52.17365574049455,-295.405989920818
test_00026,test,1,C1,1000.0923556610751,281.89228976160166,102.48096952699295
test_00026,test,1,C2,1150.0547331794448,-229.7965732812539,192.76732417670223
test_00026,test,1,C3,1300.0089287295457,-52.14395374391197,-295.5675081040788
test_00026,test,2,A1,-750.0167959481249,272.9073284256839,99.22618292489358
test_00026,test,2,A2,-899.9831977294348,-199.1487068220488,166.96836265507739
test_00026,test,2,A3,-1050.0895867054467,-34.516256150060045,-195.41163702929427
test_00026,test,2,B1,-300.0197079451112,281.8534235874072,102.610768671529
test_00026,test,2,B2,-0.04815411640583237,-229.83848319503525,192.84338456073627
test_00026,test,2,B3,299.9396207852986,-52.21002892021623,-295.4009602227925
test_00026,test,2,C1,1000.0161594450399,281.9402149082859,102.48713931468585
test_00026,test,2,C2,1149.9883341051927,-229.76115488045622,192.7458209083165
test_00026,test,2,C3,1300.0339198220315,-52.116548050255076,-295.5501768106636
test_00026,test,3,A1,-750.0395553162173,272.8819974717492,99.22514078371734
test_00026,test,3,A2,-899.9983765171456,-199.10175642897246,166.95282848926468
test_00026,test,3,A3,-1050.0537787194144,-34.52017965500166,-195.4491612172435
test_00026,test,3,B1,-299.9427942044082,281.84756126973883,102.61805219851031
test_00026,test,3,B2,-0.05786409390170105,-229.84239778099794,192.88631130815918
test_00026,test,3,B3,299.9563977009819,-52.173897881383326,-295.44251224171154
test_00026,test,3,C1,749.9313903948606,281.7437589529536,102.59631814124823
test_00026,test,3,C2,900.0027128164922,-229.9693489971487,192.84941559856406
test_00026,test,3,C3,1049.9910599102743,-52.24077208808298,-295.4134755435106
test_00026,test,4,A1,-750.0376378283794,272.85750211038055,99.30209452794132
test_00026,test,4,A2,-900.0140106702361,-199.13888625071658,167.02035431136258
test_00026,test,4,A3,-1050.088134542354,-34.5718061701709,-195.39535447223565
test_00026,test,4,B1,-300.046100314512,281.8266474433679,102.64362358026654
test_00026,test,4,B2,0.024153614137181017,-229.77425182506923,192.88541447603333
test_00026,test,4,B3,300.03002812687026,-52.07511294159575,-295.4141310975271
test_00026,test,4,C1,749.9661547291643,281.8305703458217,102.60999124814415
test_00026,test,4,C2,899.9352891288372,-229.78775870281967,192.7563868079422
test_00026,test,4,C3,1049.9153418444894,-52.11772626033727,-295.47506397775965
test_00027,test,0,A1,-1256.2563945472646,239.1254571893821,173.14451009479905
test_00027,test,0,A2,-1385.8941011494312,-243.27053769294434,153.36186019252764
test_00027,test,0,A3,-1524.6771238909687,-26.872685349243078,-185.49895426764076
test_00027,test,0,B1,-441.64037201777387,-26.521537082070758,-192.627876806395
test_00027,test,0,B2,-103.38751241332598,-512.2070257126892,-94.00554184975718
test_00027,test,0,B3,173.41946044203291,-328.10526767705903,-593.517335843265
test_00027,test,0,C1,1128.7363065003624,412.1416646094636,-202.0900924467234
test_00027,test,0,C2,1243.4109797024619,-114.58433148278927,-158.12624563908935
test_00027,test,0,C3,1375.6163121611653,87.39438156810891,-642.1282819921183
test_00027,test,1,A1,-999.9677856581214,272.9131104037521,99.38327202746459
test_00027,test,1,A2,-1150.0759026269363,-199.0384037085475,167.02211852002387
test_00027,test,1,A3,-1300.0299568660537,-34.40770781956278,-195.39350334164712
test_00027,test,1,B1,-300.01282304645224,281.8576648425319,102.62486829002341
test_00027,test,1,B2,-0.010877477793755128,-229.7957206247971,192.81444466048305
test_00027,test,1,B3,299.94430515316054,-52.07928482213061,-295.4352617286789
test_00027,test,1,C1,1000.0207268664251,281.8793328560883,102.59379961849754
test_00027,test,1,C2,1150.0484922240257,-229.8599734892309,192.80901922022264
test_00027,test,1,C3,1299.98900501016,-52.09968283853778,-295.45292811025115
test_00027,test,2,A1,-750.042408857525,272.92529489206004,99.2829205924285
test_00027,test,2,A2,-900.0170318980375,-199.07247226601197,166.99796252536376
test_00027,test,2,A3,-1050.0191229152992,-34.4883108665469,-195.47961379097717
test_00027,test,2,B1,-299.9924433192022,281.87063560618776,102.65454183165268
test_00027,test,2,B2,0.01419699995605208,-229.83926953476535,192.824283090025
test_00027,test,2,B3,299.9651341070235,-52.10239812224387,-295.4427069905362
test_00027,test,2,C1,1000.0272025406442,281.8659441250145,102.66489924674488
test_00027,test,2,C2,1150.0014149856754,-229.87056240223393,192.84583419248986
test_00027,test,2,C3,1299.9418500981049,-52.061365290520385,-295.4945993245446
test_00027,test,3,A1,-750.1154711746659,272.954219993646,99.34565998623691
test_00027,test,3,A2,-899.9609484937419,-199.06113664371728,166.95750581192272
test_00027,test,3,A3,-1049.9984019231715,-34.53675257437162,-195.4901184711261
test_00027,test,3,B1,-299.9906775467558,281.84929274790744,102.65016316842161
test_00027,test,3,B2,0.04750978763285266,-229.8381814315005,192.8725273656941
test_00027,test,3,B3,299.9663793610584,-52.11879032689267,-295.5075093172907
test_00027,test,3,C1,750.0487200098444,281.9015928871803,102.5820697725486
test_00027,test,3,C2,900.0327921689543,-229.87959415903936,192.81650967735894
test_00027,test,3,C3,1049.9436478251248,-52.201184924863504,-295.44044371984586
test_00027,test,4,A1,-750.0860566628342,273.0269490427779,99.33298529793086
test_00027,test,4,A2,-899.990019004532,-198.95720624412922,166.97318715181777
test_00027,test,4,A3,-1050.0578753110865,-34.40221969271085,-195.49554141064448
test_00027,test,4,B1,-300.0225152738597,281.94597822206356,102.64555673914914
test_00027,test,4,B2,-0.034989775004233815,-229.7464327660132,192.87593896048884
test_00027,test,4,B3,300.01028187178844,-52.00451451296168,-295.5163538453215
test_00027,test,4,C1,750.0083155806387,281.9501782337837,102.62530480571198
test_00027,test,4,C2,900.0140247789624,-229.78802727978712,192.87740056404795
test_00027,test,4,C3,1049.9791995586686,-52.08944294432768,-295.4574096553959
test_00028,test,0,A1,-878.4576114450548,245.36169813928214,152.75742460152483
test_00028,test,0,A2,-1008.2294866065693,-182.5016964017885,376.1627102037331
test_00028,test,0,A3,-1251.5507201075993,-99.48641784524406,37.28127624481307
test_00028,test,0,B1,-43.886622133706894,430.42905960706764,219.1038606461812
test_00028,test,0,B2,29.48219211390987,-144.7010996933221,373.60115805253446
test_00028,test,0,B3,419.6960931354599,-139.16183868623878,-82.11040694530102
test_00028,test,0,C1,909.5320398512685,334.44738242924115,264.177087256144
test_00028,test,0,C2,948.1395984966289,-202.15730273461367,319.843761412361
test_00028,test,0,C3,1146.601508241196,-27.19105395135886,-151.87590312158483
test_00028,test,1,A1,-999.9766547499661,272.8991916082003,99.35388183167764
test_00028,test,1,A2,-1149.9599034264952,-199.0604150860089,167.06076671210752
test_00028,test,1,A3,-1299.9315654283412,-34.50487800452895,-195.42060545579147
test_00028,test,1,B1,-299.9756261600236,281.89033126093403,102.59892984708553
test_00028,test,1,B2,0.07331927239482068,-229.8075314519913,192.80199249250296
test_00028,test,1,B3,300.09418893052776,-52.131385579447254,-295.3772888288504
test_00028,test,1,C1,1000.0152314821488,281.86641397508606,102.64342383036482
test_00028,test,1,C2,1149.9810898151868,-229.8591387779053,192.86883537034274
test_00028,test,1,C3,1299.9638302999222,-52.187019863937905,-295.4114526961882
test_00028,test,2,A1,-749.9882934484201,272.99892439481675,99.32786206874565
test_00028,test,2,A2,-899.9620519609942,-199.04282935864111,166.87234838838071
test_00028,test,2,A3,-1049.9589266681342,-34.365771149706795,-195.45223257994138
test_00028,test,2,B1,-300.0291289031677,281.83551629159723,102.65555535736254
test_00028,test,2,B2,0.002024151578235437,-229.862344708788,192.78894245765068
test_00028,test,2,B3,300.0364630841619,-52.095099026697504,-295.3326263991134
test_00028,test,2,C1,1000.03567599521,281.86445077140985,102.63679181227546
test_00028,test,2,C2,1149.9968425899326,-229.84649191692003,192.87959505981547
test_00028,test,2,C3,1299.9590849066772,-52.177141184934825,-295.3691929007561
test_00028,test,3,A1,-750.0115773953538,272.9613308005091,99.29616160108559
test_00028,test,3,A2,-899.9450100259611,-198.99752946824404,166.93360582429315
test_00028,test,3,A3,-1049.9984129159438,-34.3798320788501,-195.5394844669871
test_00028,test,3,B1,-299.9874829099979,281.8060962568622,102.59512835856991
test_00028,test,3,B2,0.03135959457729531,-229.83403126214654,192.80955840905634
test_00028,test,3,B3,300.01032172318725,-52.0848973622728,-295.38822174389554
test_00028,test,3,C1,749.9325764560298,281.8412947946688,102.83603868636523
test_00028,test,3,C2,899.9605627053113,-229.8282749016013,192.98413149420145
test_00028,test,3,C3,1050.0173424957359,-51.951933477356434,-295.25963335511824
test_00028,test,4,A1,-749.9270117836468,272.9617802752259,99.33874916664497
test_00028,test,4,A2,-899.989074745544,-198.93987466382208,167.09489087666543
test_00028,test,4,A3,-1049.9615956569853,-34.39472150242069,-195.38638985324164
test_00028,test,4,B1,-300.002333820824,281.9101156637155,102.57316508996806
test_00028,test,4,B2,0.04459383612195287,-229.81577718422616,192.71803996231273
test_00028,test,4,B3,299.98898609072273,-52.09626128812767,-295.4828570762028
test_00028,test,4,C1,749.925514263865,281.890222403989,102.60169462846409
test_00028,test,4,C2,900.0393616045196,-229.8600528984924,192.82442695552783
test_00028,test,4,C3,1050.0153550278137,-51.97122345370675,-295.50263950480763
test_00029,test,0,A1,-801.6474990794007,602.3384812423197,83.96519854083846
test_00029,test,0,A2,-1020.6241311771337,164.072853758941,183.1805544966639
test_00029,test,0,A3,-1053.1951880755878,269.2159521826944,-227.67440094903907
test_00029,test,0,B1,-108.09420077679475,84.51130928403362,266.79357342036326
test_00029,test,0,B2,232.71065342526825,-407.27476366403846,311.7269244909903
test_00029,test,0,B3,544.1630074100464,-139.94464842240524,-125.81144448878688
test_00029,test,0,C1,1257.7999694913851,518.7257901747552,311.1987149127879
test_00029,test,0,C2,1367.8296082965755,2.4067425859716196,428.3691300122429
test_00029,test,0,C3,1515.926263831898,137.8279846063278,-73.88077623188137
test_00029,test,1,A1,-999.9770924680976,272.9377093514317,99.42791149403483
test_00029,test,1,A2,-1149.9720185968465,-199.02856311116614,167.0267093819668
test_00029,test,1,A3,-1299.9765533443142,-34.42615543487808,-195.3727655790377
test_00029,test,1,B1,-300.02018668042814,281.8898351441136,102.60019841189919
test_00029,test,1,B2,-0.006408873550261436,-229.8342866909894,192.84221692135003
test_00029,test,1,B3,300.0500297172513,-52.06263788318312,-295.46807831848224
test_00029,test,1,C1,1000.050631382042,281.9001589330051,102.56078849208306
test_00029,test,1,C2,1150.0168034106894,-229.78028382851943,192.76626137810194
test_00029,test,1,C3,1300.0086509877074,-52.060952976072194,-295.5382226749355
test_00029,test,2,A1,-750.0425997716138,272.9545629066596,99.25908718605884
test_00029,test,2,A2,-900.0803826405077,-199.04491950630916,166.94522624465316
test_00029,test,2,A3,-1050.031001695682,-34.45545482532013,-195.51607815991972
test_00029,test,2,B1,-299.99560186688296,281.92017516010503,102.6561348558528
test_00029,test,2,B2,0.015914665239845464,-229.89259681825425,192.7996189030228
test_00029,test,2,B3,299.98779476239946,-52.05149856317635,-295.42104943646115
test_00029,test,2,C1,999.978256640404,281.9234322698517,102.56074947205877
test_00029,test,2,C2,1150.0106697613096,-229.7643037362346,192.77413192250378
test_00029,test,2,C3,1299.9844959830257,-52.105783891007796,-295.53674704515856
test_00029,test,3,A1,-750.0653587236885,272.9658574640517,99.39557102068156
test_00029,test,3,A2,-900.0025242665184,-199.04485159608546,166.94844423304073
test_00029,test,3,A3,-1050.0507377888994,-34.44521336418129,-195.5215539545493
test_00029,test,3,B1,-299.935600195148,281.8889914906282,102.62888530637358
test_00029,test,3,B2,0.001320643504301592,-229.8202921917482,192.7719025884666
test_00029,test,3,B3,299.99386122531104,-52.08424852064735,-295.4725145008081
test_00029,test,3,C1,750.0285915566669,281.79691697526266,102.69910565027476
test_00029,test,3,C2,900.0409412169714,-229.92133501965932,192.86408494454753
test_00029,test,3,C3,1050.0181676985294,-52.05184207803703,-295.3789472868057
test_00029,test,4,A1,-750.0279889996832,273.04692784439766,99.31165978437073
test_00029,test,4,A2,-900.0547176226738,-198.95454768089746,167.0049959059063
test_00029,test,4,A3,-1050.0238702529823,-34.42568349786859,-195.49902204459013
test_00029,test,4,B1,-300.11027052952306,281.9354039834504,102.57461509128335
test_00029,test,4,B2,0.027353685893221777,-229.8332051608938,192.81357825789743
test_00029,test,4,B3,299.9398007999617,-52.05792068354333,-295.40193545938297
test_00029,test,4,C1,750.023080356431,281.8584304086651,102.69692425156242
test_00029,test,4,C2,900.0180177912387,-229.84095345077952,192.841006940291
test_00029,test,4,C3,1049.992528577523,-52.170110050856046,-295.43147808831884
test_00030,test,0,A1,-730.1768148520013,143.73688748991094,167.08519594804028
test_00030,test,0,A2,-960.5490594503893,-285.35035363987924,279.5321575483367
test_00030,test,0,A3,-1170.8774309941948,-64.34872631435539,-16.875490178914323
test_00030,test,0,B1,-39.45919797255752,592.3294623500213,209.7439705012578
test_00030,test,0,B2,195.19263018377612,43.17044844794093,152.12107507029907
test_00030,test,0,B3,381.59179549052806,260.07310945011443,-375.34400283801523
test_00030,test,0,C1,756.8015958256008,69.37052307408155,-239.78092779340898
test_00030,test,0,C2,775.1436321961046,-416.933114481625,-3.696138024541666
test_00030,test,0,C3,1053.8951499517198,-399.81974785310445,-466.95068997253003
test_00030,test,1,A1,-1000.022359489299,272.9821592999398,99.30718758722634
test_00030,test,1,A2,-1149.9448556448428,-199.02502051978436,166.93031989308005
test_00030,test,1,A3,-1300.0574783581199,-34.42774483452174,-195.39645180670288
test_00030,test,1,B1,-300.0022619902043,281.9058930172865,102.68965388921796
test_00030,test,1,B2,-0.07526342784371823,-229.80991375856468,192.83045578676462
test_00030,test,1,B3,300.0373989331808,-52.109170428567104,-295.45519909947024
test_00030,test,1,C1,999.930186101783,280.54582934539087,101.08152720660115
test_00030,test,1,C2,1149.9941299702546,-231.16294405909824,191.34986098979934
test_00030,test,1,C3,1299.9307689929703,-53.451562919307015,-296.920534553689
test_00030,test,2,A1,-750.0015783777263,272.9547518911182,99.39007022145275
test_00030,test,2,A2,-900.1016856069391,-199.0053202798348,166.9214687665357
test_00030,test,2,A3,-1049.9562961337365,-34.338868035052144,-195.59789536790493
test_00030,test,2,B1,-299.9832931516657,281.89713158327453,102.62970371972654
test_00030,test,2,B2,0.027838641389071085,-229.77749657052476,192.81372946117577
test_00030,test,2,B3,299.96429708923455,-52.114824450271115,-295.4714676994204
test_00030,test,2,C1,999.9741113528348,280.47760742544466,101.11762597882765
test_00030,test,2,C2,1149.9777727875014,-231.17241021412644,191.35344673786958
test_00030,test,2,C3,1299.9510809228052,-53.42834475923831,-296.87947458332184
test_00030,test,3,A1,-749.9966937516247,273.02267649901984,99.3203346658503
test_00030,test,3,A2,-900.0536721614368,-198.99568537904054,166.9466102128439
test_00030,test,3,A3,-1049.9340129851403,-34.35522486239662,-195.5121101990559
test_00030,test,3,B1,-300.00186146235023,281.93178269254366,102.58137973036018
test_00030,test,3,B2,-0.004973496836033514,-229.8128209024223,192.82821541288328
test_00030,test,3,B3,299.98338851562505,-52.120891559608,-295.4599615196908
test_00030,test,3,C1,750.0145430460935,281.94343231990786,102.50206682214235
test_00030,test,3,C2,900.0053515333827,-229.85861569730343,192.72610082946667
test_00030,test,3,C3,1049.9024996491412,-52.05026612203703,-295.5490175159099
test_00030,test,4,A1,-749.9448691046061,272.8692110320988,99.33643582869429
test_00030,test,4,A2,-900.1335787239636,-199.0694488596026,166.8550420736885
test_00030,test,4,A3,-1049.925710881265,-34.477479173018295,-195.5303371642179
test_00030,test,4,B1,-299.9615778577157,281.9164449178857,102.64917650842384
test_00030,test,4,B2,0.027722085489432564,-229.82164628290198,192.87584662692714
test_00030,test,4,B3,300.01689697269654,-52.132179447677736,-295.3103162578331
test_00030,test,4,C1,749.9763486377514,281.9705736654932,102.63920355429825
test_00030,test,4,C2,899.9982191630253,-229.64709189950415,192.86863600989483
test_00030,test,4,C3,1050.0049095503707,-52.04488368970237,-295.39523895561047
test_00031,test,0,A1,-897.9843133670315,607.3629035260591,-37.905281292466995
test_00031,test,0,A2,-1009.6666173208492,122.24437686930888,7.127865997177698
test_00031,test,0,A3,-1177.3787336825387,292.4521697884163,-344.74657550318733
test_00031,test,0,B1,-0.25318815776426823,356.71626899050386,103.43556569201864
test_00031,test,0,B2,303.2880528635699,-153.27285836749402,191.43964802422383
test_00031,test,0,B3,601.7324068566356,28.37153513572639,-296.2689571886495
test_00031,test,0,C1,1088.8485237219963,47.87959290974081,16.431086429528023
test_00031,test,0,C2,1190.5759562562405,-479.55700768863034,78.69229292833798
test_00031,test,0,C3,1249.2706392199125,-315.47286605892975,-433.2816696999644
test_00031,test,1,A1,-1000.0004663111564,272.9047708126175,99.3364233680314
test_00031,test,1,A2,-1149.9620772549288,-199.08397424258527,166.93048821585882
test_00031,test,1,A3,-1300.036047443582,-34.46587914237314,-195.49481865348767
test_00031,test,1,B1,-299.9713751911775,281.96009298808775,102.6845830399077
test_00031,test,1,B2,0.04112227390243289,-229.770229785458,192.8951600548219
test_00031,test,1,B3,299.9365386724934,-52.108657772756246,-295.45027488755784
test_00031,test,1,C1,999.9638821493418,281.9210336226081,102.56746319764498
test_00031,test,1,C2,1150.0286361138694,-229.71983949815618,192.8464960248406
test_00031,test,1,C3,1300.06393095241,-52.04797758128165,-295.3681867325674
test_00031,test,2,A1,-750.0097991672735,273.0321763485501,99.56939867364636
test_00031,test,2,A2,-899.9723561563443,-198.9305872322325,167.2932099360853
test_00031,test,2,A3,-1049.9319786570352,-34.42992983169409,-195.15381380608545
test_00031,test,2,B1,-299.97253671726463,281.9333137022035,102.6692038481337
test_00031,test,2,B2,-0.007703483467330116,-229.7603840723079,192.89213828461558
test_00031,test,2,B3,299.9692337932076,-52.0740748771514,-295.4624738166613
test_00031,test,2,C1,999.9303331165228,281.9765075248221,102.62933033038985
test_00031,test,2,C2,1150.043804271194,-229.7820556326331,192.88777150666417
test_00031,test,2,C3,1300.0158011049666,-52.044801438213284,-295.40085696822086
test_00031,test,3,A1,-749.9610449532196,273.00150808632895,99.49476582478454
test_00031,test,3,A2,-900.005006925621,-198.91158773395932,167.27011391498408
test_00031,test,3,A3,-1050.0062644863265,-34.421876175079575,-195.14399071183712
test_00031,test,3,B1,-300.0060448777556,281.96002629812654,102.66545645216058
test_00031,test,3,B2,-0.02483762181566781,-229.78963503888008,192.8757783709881
test_00031,test,3,B3,299.9898601117311,-52.04807829320801,-295.40640748705556
test_00031,test,3,C1,750.0525162065607,281.95347353131103,102.57800167104874
test_00031,test,3,C2,900.0218885134476,-229.79550619917123,192.7064173627898
test_00031,test,3,C3,1049.9817086871078,-52.09559231591818,-295.48582126847674
test_00031,test,4,A1,-749.981167237793,272.99855473110676,99.4274744165312
test_00031,test,4,A2,-900.0407709608129,-199.04353487758326,167.11559282081924
test_00031,test,4,A3,-1049.9678961666002,-34.49791220624389,-195.36837439713221
test_00031,test,4,B1,-299.9798213560336,281.8934782256805,102.54621413805637
test_00031,test,4,B2,0.025764540452218685,-229.8235300336621,192.84610151782957
test_00031,test,4,B3,300.01206607129257,-52.03547328417878,-295.507267064819
test_00031,test,4,C1,750.0642647109366,281.93715277623,102.5775880376769
test_00031,test,4,C2,899.986093805923,-229.84629741068267,192.84738893028356
test_00031,test,4,C3,1050.051611948447,-52.09864221429537,-295.4771072452625
test_00032,test,0,A1,-871.4974127782057,303.6265386822711,146.90574055908635
test_00032,test,0,A2,-897.2324014218146,-193.80241607495958,188.87850724925278
test_00032,test,0,A3,-1195.1775868350373,-40.25856529922725,-73.04549317466434
test_00032,test,0,B1,-73.33534234708033,-12.59652113677147,-252.66984894846797
test_00032,test,0,B2,190.16647606178142,-522.867963070383,-78.86110546733387
test_00032,test,0,B3,559.2433369802993,-399.5264570087394,-535.620977881556
test_00032,test,0,C1,1312.5016874403684,211.178849433871,1.0567010299695314
test_00032,test,0,C2,1474.3339728849392,-295.42682489929524,99.71194175427897
test_00032,test,0,C3,1649.713813215508,-110.12192565694039,-377.1271150498011
test_00032,test,1,A1,-999.9982580576382,273.00985717486117,99.33899936463321
test_00032,test,1,A2,-1149.9790656719556,-199.07634815451624,166.98119797847062
test_00032,test,1,A3,-1299.991046007226,-34.48864660496051,-195.34013117664773
test_00032,test,1,B1,-300.0085294001594,282.0111078899152,102.52755456810361
test_00032,test,1,B2,0.02050950014369712,-229.7651132901202,192.95454249525704
test_00032,test,1,B3,300.0375280714552,-52.090895773600955,-295.4452444704843
test_00032,test,1,C1,1000.0649936859232,281.9096935785032,102.665117218642
test_00032,test,1,C2,1149.9678661101557,-229.7618231621804,192.81078594191146
test_00032,test,1,C3,1299.918032747549,-52.038241410317255,-295.5185311174747
test_00032,test,2,A1,-750.039401557149,273.085576306298,99.1884445417154
test_00032,test,2,A2,-900.040955962536,-198.92176606046485,167.0242401676647
test_00032,test,2,A3,-1049.914083612508,-34.439076051035144,-195.53955295325966
test_00032,test,2,B1,-299.92586384801535,281.96294233623604,102.59974551477308
test_00032,test,2,B2,0.06687372286015988,-229.7169418599515,192.91460746758187
test_00032,test,2,B3,300.04231812192205,-52.09181134628143,-295.3627998550265
test_00032,test,2,C1,1000.0397290112038,281.94663247833694,102.62505048331161
test_00032,test,2,C2,1149.9382320548418,-229.75848406182186,192.77091672500586
test_00032,test,2,C3,1299.9784163847041,-52.033590124518746,-295.4911217540578
test_00032,test,3,A1,-749.9877830899588,273.0368034498264,99.20415148160525
test_00032,test,3,A2,-900.0247766124324,-198.90449302764105,166.98549675759136
test_00032,test,3,A3,-1049.8866864419458,-34.50230926632773,-195.46617229146352
test_00032,test,3,B1,-299.9613472030329,282.00948216823963,102.52525423449433
test_00032,test,3,B2,0.03043463798796154,-229.736082302628,192.8637175537821
test_00032,test,3,B3,300.1002411035132,-52.125375938543534,-295.3687918029432
test_00032,test,3,C1,748.9890531830526,281.2194270997029,104.07809284207447
test_00032,test,3,C2,899.036726401675,-230.50061820288164,194.4188002366882
test_00032,test,3,C3,1048.9812573761901,-52.830714913788235,-293.8929037615255
test_00032,test,4,A1,-749.765646397113,272.99106110886333,99.2938715595659
test_00032,test,4,A2,-899.5415999816928,-199.08454597282878,167.18438447537852
test_00032,test,4,A3,-1049.811926906046,-34.62742362455625,-195.2147972183476
test_00032,test,4,B1,-299.6859021402826,282.08770952636513,102.32701402476829
test_00032,test,4,B2,0.5195642492364816,-229.51215093768306,192.39414852933552
test_00032,test,4,B3,300.1153346850564,-51.79875794704756,-296.11112993011255
test_00032,test,4,C1,749.2488050060049,281.6801180605919,102.94801362665736
test_00032,test,4,C2,899.5667200682951,-229.93025030261518,193.20546589013705
test_00032,test,4,C3,1049.0422073627326,-52.18545354947201,-295.2485787857981
test_00033,test,0,A1,-888.1143141237955,493.554309964083,-124.82909231470727
test_00033,test,0,A2,-1070.0901869308416,28.117703518107074,-136.64376928210012
test_00033,test,0,A3,-1112.6373670585565,225.53936183032772,-511.0033645026304
test_00033,test,0,B1,-163.17535636929347,568.8820632321033,-65.32871643473166
test_00033,test,0,B2,90.01082903420662,36.56745641503039,-177.2504887945438
test_00033,test,0,B3,343.61412629787856,336.991335079018,-630.5118872659594
test_00033,test,0,C1,865.588996729588,570.5787837871547,233.7497190821263
test_00033,test,0,C2,969.1267825858585,42.82942391784527,290.9635465606772
test_00033,test,0,C3,1139.6887826416817,237.97277411726088,-183.66243270119867
test_00033,test,1,A1,-999.8878361741612,272.9567075990229,99.31019365422658
test_00033,test,1,A2,-1149.9632201588781,-198.97105856227677,166.96508251850048
test_00033,test,1,A3,-1299.9801923803416,-34.383998614275015,-195.42827798397389
test_00033,test,1,B1,-300.05180248532446,281.8853807682683,102.6578078306505
test_00033,test,1,B2,0.03796478972533753,-229.79758680110825,192.86324716996265
test_00033,test,1,B3,299.97908023693583,-52.080524400878346,-295.43139276352684
test_00033,test,1,C1,999.9094746314014,281.8732523095297,102.56670232238591
test_00033,test,1,C2,1149.8968822612067,-229.85606498638626,192.81837515460458
test_00033,test,1,C3,1299.9307143407677,-52.090283751866934,-295.40703982092015
test_00033,test,2,A1,-750.0749991421067,272.898399073398,99.354948677136
test_00033,test,2,A2,-900.0285060892317,-199.13165672728857,167.01503164955872
test_00033,test,2,A3,-1049.992706193627,-34.56997227874038,-195.42919389062735
test_00033,test,2,B1,-300.0878093434535,281.8952529703592,102.57709475297094
test_00033,test,2,B2,-0.029545024259670344,-229.79287513027117,192.86968765128563
test_00033,test,2,B3,299.9631303588213,-52.09933014659806,-295.45427513558275
test_00033,test,2,C1,999.8963568901249,281.8848273555714,102.6220987719832
test_00033,test,2,C2,1149.9846384445614,-229.81514139310838,192.80849081269326
test_00033,test,2,C3,1299.9757584358595,-52.08549129247376,-295.4316029394427
test_00033,test,3,A1,-750.0503694875595,272.909828821685,99.36542702282745
test_00033,test,3,A2,-900.0414549497351,-199.04077772329146,166.97566865587967
test_00033,test,3,A3,-1049.963087365264,-34.56690435220197,-195.46847360380272
test_00033,test,3,B1,-300.0344513368972,281.8544546571732,102.59905129124051
test_00033,test,3,B2,-0.03751432873276766,-229.77627578271733,192.83375288937665
test_00033,test,3,B3,299.8866664327919,-52.06906955497757,-295.43509995130967
test_00033,test,3,C1,749.8820458392578,282.10882242342956,102.486472276279
test_00033,test,3,C2,899.9738256812254,-229.6021479555721,192.81103503155322
test_00033,test,3,C3,1049.9505253843338,-51.93940296630223,-295.4832570488278
test_00033,test,4,A1,-750.0053364404677,272.95183502920605,99.38915323706334
test_00033,test,4,A2,-899.9766618083172,-198.94584755712057,167.04218781481336
test_00033,test,4,A3,-1049.9332285985804,-34.369391737225996,-195.40700691970025
test_00033,test,4,B1,-299.9369088531301,281.91585557744736,102.57754872260463
test_00033,test,4,B2,-0.02436449619769157,-229.81298516087588,192.87106062304133
test_00033,test,4,B3,300.04117942225184,-52.180083424358365,-295.37326702973553
test_00033,test,4,C1,750.0507003116162,281.9055756583128,102.56435730659285
test_00033,test,4,C2,899.9290402862443,-229.80014991287337,192.87465556639938
test_00033,test,4,C3,1049.997057752394,-52.15917635870955,-295.42077178801725
test_00034,test,0,A1,-817.2825455634613,303.35333273787154,163.45201205211328
test_00034,test,0,A2,-956.1147237424002,-173.08496730583315,223.54098629989977
test_00034,test,0,A3,-1104.5786716324333,-8.289955254387342,-139.40058484973468
test_00034,test,0,B1,-545.5653978283544,553.045991090787,18.940556287290104
test_00034,test,0,B2,-420.10813700832057,-32.56845099935048,55.09878618773194
test_00034,test,0,B3,6.732035519036429,111.37377344016382,-341.3319998917144
test_00034,test,0,C1,1052.1397551183152,166.9958672984578,411.7462561887498
test_00034,test,0,C2,1350.154944038675,-282.2275810779255,455.2300778314294
test_00034,test,0,C3,1357.4901557937585,-75.38157126119896,-44.445489912440465
test_00034,test,1,A1,-999.9416468691643,272.88679099677057,99.3897404666456
test_00034,test,1,A2,-1149.9361864257032,-199.07372607149333,167.0487025649859
test_00034,test,1,A3,-1300.0180475404843,-34.59778594838259,-195.33298010011407
test_00034,test,1,B1,-299.98748512934947,281.9566497313582,102.55321258866087
test_00034,test,1,B2,-0.022975093899661205,-229.81244388515938,192.79804284317828
test_00034,test,1,B3,299.99086381344773,-52.09041692603698,-295.51805030294383
test_00034,test,1,C1,1000.0526969488873,281.8941988259734,102.61566906930341
test_00034,test,1,C2,1150.011443105779,-229.79950666445626,192.84702127248144
test_00034,test,1,C3,1300.0046919304377,-52.16160014786172,-295.4189751448626
test_00034,test,2,A1,-750.0338110623497,273.03649194642554,99.25636574378724
test_00034,test,2,A2,-900.0560028616733,-198.98617302784754,166.960966192655
test_00034,test,2,A3,-1050.0090182694562,-34.42427191410469,-195.47242240447602
test_00034,test,2,B1,-300.002035619264,281.9256113979583,102.48333333431773
test_00034,test,2,B2,0.012692914016807583,-229.82589319487653,192.80662386973043
test_00034,test,2,B3,300.01254504454363,-52.13493972794597,-295.4935780564343
test_00034,test,2,C1,999.9678261874592,281.93247194533154,102.56915587765349
test_00034,test,2,C2,1150.0993405026231,-229.7928939315655,192.89535615423884
test_00034,test,2,C3,1300.0091113976414,-52.133178039917325,-295.461192698777
test_00034,test,3,A1,-750.0424686518311,272.98731093541346,99.27606859399226
test_00034,test,3,A2,-900.0163753813335,-198.97139133470296,166.96493468086385
test_00034,test,3,A3,-1050.061609587669,-34.2980387536688,-195.44080464875023
test_00034,test,3,B1,-300.0079648566524,281.8904920150723,102.58636127977826
test_00034,test,3,B2,-0.0037889277823320716,-229.76409248093424,192.78382860987634
test_00034,test,3,B3,300.02295684126483,-52.065938284538674,-295.4918352422865
test_00034,test,3,C1,750.061502012332,281.910724351134,102.55811432629835
test_00034,test,3,C2,899.8556413942547,-229.88518692772556,192.85600461729464
test_00034,test,3,C3,1049.9926436684352,-52.21739945769026,-295.3760470467637
test_00034,test,4,A1,-749.9882915655334,272.9012166884522,99.29092482645038
test_00034,test,4,A2,-899.9088274153379,-199.12204656610115,166.93179131373924
test_00034,test,4,A3,-1049.9787941027757,-34.62633726599114,-195.44013500700936
test_00034,test,4,B1,-299.9926799845734,281.9348988008039,102.54084451385789
test_00034,test,4,B2,0.07871740138107897,-229.79063560558265,192.84900963288482
test_00034,test,4,B3,300.0676001131541,-52.064862953967825,-295.4782076044037
test_00034,test,4,C1,750.0902242994897,281.96464504116057,102.54950065025226
test_00034,test,4,C2,899.9474474819558,-229.71153132253605,192.94066747612683
test_00034,test,4,C3,1050.0425418908792,-52.114124628585145,-295.4069627190615
test_00035,test,0,A1,-926.7026325113864,156.62008638756646,-61.01078201094926
test_00035,test,0,A2,-1079.8020178050924,-313.25662275997416,13.968342379043417
test_00035,test,0,A3,-1097.7555020329576,-203.21860581006496,-396.52085762138717
test_00035,test,0,B1,-329.67830799793785,20.217132359948216,-307.87113227975425
test_00035,test,0,B2,-236.1773051074447,-540.2129418515004,-114.90301079128436
test_00035,test,0,B3,208.5709865448407,-524.2865955523196,-517.2849938323891
test_00035,test,0,C1,1388.284727029796,351.6209342839634,-37.99693375554555
test_00035,test,0,C2,1391.295982048615,-188.55761814216208,-11.873519945030102
test_00035,test,0,C3,1632.862398919113,-0.5161239027624849,-457.71166371543944
test_00035,test,1,A1,-999.9457642062259,272.99356173849947,99.31749588064712
test_00035,test,1,A2,-1149.9748100318493,-199.01974614804016,166.97956893222627
test_00035,test,1,A3,-1299.8893854347352,-34.45608860325859,-195.46132983546772
test_00035,test,1,B1,-300.0507275466561,281.84079760214684,102.65558293036227
test_00035,test,1,B2,0.011744515039231775,-229.80277803823986,192.88518513559143
test_00035,test,1,B3,299.99256129225114,-52.113185564174806,-295.40593408981044
test_00035,test,1,C1,999.7218701557476,279.9671674115173,102.41368693247472
test_00035,test,1,C2,1149.7333593968158,-231.68986351655053,192.69742359683636
test_00035,test,1,C3,1299.6701248046652,-54.111907457696645,-295.63373091213674
test_00035,test,2,A1,-750.0644509890099,272.8360221593706,99.40118301551851
test_00035,test,2,A2,-900.0391754492873,-199.1024118614508,167.09302265029336
test_00035,test,2,A3,-1050.0801820707754,-34.563040636163095,-195.33863348275256
test_00035,test,2,B1,-300.02417922351685,281.8240687203837,102.64253623148831
test_00035,test,2,B2,0.005814225416897408,-229.82381362176582,192.9193056034626
test_00035,test,2,B3,299.96603517358386,-52.08128160826676,-295.3626711262349
test_00035,test,2,C1,999.7019759378219,280.05171195457757,102.38012550106815
test_00035,test,2,C2,1149.7452129003555,-231.76571151959507,192.6808034408955
test_00035,test,2,C3,1299.683789314887,-54.078901079848556,-295.5762396186074
test_00035,test,3,A1,-750.1162159226959,272.8886438074999,99.41361692800174
test_00035,test,3,A2,-900.0631091853292,-199.11282957948677,167.03781648098214
test_00035,test,3,A3,-1050.0809149737129,-34.57844779992654,-195.37615378446816
test_00035,test,3,B1,-300.0586517481474,281.8506008271048,102.698628442262
test_00035,test,3,B2,0.06146282157968032,-229.7947076071125,192.90449664473323
test_00035,test,3,B3,299.9592062522088,-52.13518236918438,-295.41402538305573
test_00035,test,3,C1,749.8982722986457,281.96106759945974,102.69063232817275
test_00035,test,3,C2,900.0763284239404,-229.70746825960873,192.91030596872562
test_00035,test,3,C3,1049.9840096630176,-52.065333894033394,-295.4443582292982
test_00035,test,4,A1,-750.0073629851626,272.94280326087414,99.38821187970012
test_00035,test,4,A2,-900.0557661786276,-199.06679893079607,167.00612675558028
test_00035,test,4,A3,-1050.039500889007,-34.440047271221545,-195.4064529865497
test_00035,test,4,B1,-299.9804683330249,281.8838530310877,102.64899643477483
test_00035,test,4,B2,0.06324729537065187,-229.7398613132471,192.85851518656625
test_00035,test,4,B3,300.0361548768492,-52.10143354580496,-295.3958732181647
test_00035,test,4,C1,749.9984445901378,281.93171478689294,102.6688208423095
test_00035,test,4,C2,900.0362560910688,-229.7580160866175,192.8658323677943
test_00035,test,4,C3,1050.081812850193,-52.001042273234624,-295.35053874278697
test_00036,test,0,A1,-1296.0884844749949,568.6828857542968,419.69991615559445
test_00036,test,0,A2,-1517.6783504625405,120.71505312041688,423.69945017143704
test_00036,test,0,A3,-1606.3041187936979,339.29768606521816,69.69154863308991
test_00036,test,0,B1,-224.9310675343232,112.26228804632869,-150.82584548868877
test_00036,test,0,B2,100.56145234640812,-375.26727257212866,-22.76193223312346
test_00036,test,0,B3,367.322365455427,-241.54740822363442,-543.3428218216532
test_00036,test,0,C1,788.9221031444993,24.36756296748579,-15.645668378263307
test_00036,test,0,C2,1080.6995536090105,-415.7130828411657,101.3637336061223
test_00036,test,0,C3,1097.7905157658363,-288.4626822727495,-423.9784082498433
test_00036,test,1,A1,-999.9103924289993,273.0474799029847,99.30749905940303
test_00036,test,1,A2,-1149.9489742624085,-199.0023287670234,166.9755689593295
test_00036,test,1,A3,-1299.9328845547946,-34.461333141914714,-195.53399195503866
test_00036,test,1,B1,-300.01125879825275,281.885129928149,102.57669153862894
test_00036,test,1,B2,0.026575967067348327,-229.78759575352962,192.818255728944
test_00036,test,1,B3,300.01581632272155,-52.094230975432964,-295.51240348162963
test_00036,test,1,C1,1000.0179559505838,281.8996396497051,102.57587229938173
test_00036,test,1,C2,1149.9822908584476,-229.8150159201283,192.7930322220358
test_00036,test,1,C3,1300.0144800630628,-52.136640139263804,-295.4564389387178
test_00036,test,2,A1,-750.035968017879,272.920509601696,99.33548524730692
test_00036,test,2,A2,-900.0617370995434,-199.1006003912825,166.96332626570313
test_00036,test,2,A3,-1050.0187270441781,-34.53256474974566,-195.4522046649529
test_00036,test,2,B1,-300.0477294471935,281.9762933281952,102.56349312820045
test_00036,test,2,B2,0.007631694900028782,-229.70726546379217,192.8067808914421
test_00036,test,2,B3,299.99970233068666,-52.13318329161363,-295.4903664620575
test_00036,test,2,C1,999.992315702239,281.94008462457936,102.56766847853845
test_00036,test,2,C2,1150.0546828350728,-229.87886120273683,192.75579152599244
test_00036,test,2,C3,1300.0150028128141,-52.1083309513386,-295.53906127600936
test_00036,test,3,A1,-750.0223679589604,272.9107746842488,99.37709984118709
test_00036,test,3,A2,-900.0064787985989,-199.12010192273496,166.93999474103362
test_00036,test,3,A3,-1050.0670984592703,-34.50840850709292,-195.37611943143375
test_00036,test,3,B1,-300.01355567936105,281.89594479997,102.55864215351329
test_00036,test,3,B2,-0.0015069032178124143,-229.73721933886077,192.76334948680446
test_00036,test,3,B3,300.05888863402924,-52.07814738576891,-295.4744365876735
test_00036,test,3,C1,749.2650170620379,280.2035865280844,102.84045128362123
test_00036,test,3,C2,899.2512640302338,-231.58381261952044,193.15821458602431
test_00036,test,3,C3,1049.246135977582,-53.945139040337345,-295.1498127993119
test_00036,test,4,A1,-749.9879202246689,272.8644885846247,99.29603186124818
test_00036,test,4,A2,-899.6064963453913,-199.2794342875054,167.05200110590863
test_00036,test,4,A3,-1049.795320430684,-34.852617001810145,-195.33729446222856
test_00036,test,4,B1,-300.0157534486586,282.2950071852756,102.43535717646135
test_00036,test,4,B2,0.5097817155944632,-229.13080555704653,192.72138903405397
test_00036,test,4,B3,300.189514978724,-51.27792648531267,-295.6135940533551
test_00036,test,4,C1,749.308218581805,281.3767565129932,102.60117389690915
test_00036,test,4,C2,899.7319026646995,-230.1629433918564,192.89098009233336
test_00036,test,4,C3,1049.521647601554,-52.422507477904254,-295.41205018653267
test_00037,test,0,A1,-1206.1462354414516,179.12653029003337,-44.20501687250341
test_00037,test,0,A2,-1370.1076815324168,-283.5717259992346,49.929611539076895
test_00037,test,0,A3,-1536.5082931001002,-125.15825826705426,-308.1394016353835
test_00037,test,0,B1,-267.92548221221597,497.98826041571846,41.306126934514204
test_00037,test,0,B2,-24.79099961611331,-17.313803003132534,229.3726267321429
test_00037,test,0,B3,313.9903097693614,50.91030826300681,-261.1758832003259
test_00037,test,0,C1,648.9346874527961,612.9669259300343,-252.52609812053382
test_00037,test,0,C2,827.4051357549163,127.25459416463536,-95.29049025855672
test_00037,test,0,C3,1002.0062121876416,263.3251107167434,-588.7074407908276
test_00037,test,1,A1,-1000.0394203380765,272.8595075064782,99.25685813384337
test_00037,test,1,A2,-1150.0194113350008,-199.04536844028536,166.99641031974454
test_00037,test,1,A3,-1300.0686520787635,-34.507771427989695,-195.43862211450957
test_00037,test,1,B1,-300.02244743766533,281.9004913997858,102.58481366790144
test_00037,test,1,B2,-0.04873039166824264,-229.81463172150333,192.82172616011005
test_00037,test,1,B3,299.92484193681526,-52.123186858757,-295.40762542792623
test_00037,test,1,C1,999.9693890351006,281.8763479417181,102.54233695128511
test_00037,test,1,C2,1150.0160423759337,-229.76457324826777,192.797373030043
test_00037,test,1,C3,1299.9611613292857,-52.11892540517786,-295.4857483597068
test_00037,test,2,A1,-751.9952121392535,273.2416259810647,99.38318573883105
test_00037,test,2,A2,-901.9895512607047,-198.66097377715772,167.04080525151383
test_00037,test,2,A3,-1051.9829194746073,-34.131941042790466,-195.36810020905344
test_00037,test,2,B1,-300.0475444828848,281.9110707846298,102.62922000260879
test_00037,test,2,B2,-0.14536838686911085,-229.78003287277014,192.89490418047575
test_00037,test,2,B3,299.94972015989987,-52.14839458451153,-295.4081528547945
test_00037,test,2,C1,999.9808234509082,281.9095199591238,102.57920631585074
test_00037,test,2,C2,1150.0290264348237,-229.83771995544404,192.81650679972932
test_00037,test,2,C3,1299.9244387162848,-52.06534616813707,-295.52063540081275
test_00037,test,3,A1,-752.0237189126598,273.26614066196055,99.34271431260207
test_00037,test,3,A2,-901.9421386593543,-198.66461744995195,167.01014727792827
test_00037,test,3,A3,-1051.9955887796314,-34.16643240781961,-195.39111842040387
test_00037,test,3,B1,-300.0331564165831,281.89058097246505,102.60529462928936
test_00037,test,3,B2,-0.02502260743052473,-229.7986987123118,192.8244662052067
test_00037,test,3,B3,299.970456826964,-52.078823079763595,-295.45684855758896
test_00037,test,3,C1,749.94121094304,281.8632353087031,102.63810048221384
test_00037,test,3,C2,899.860913854567,-229.97681024368174,192.92349076945666
test_00037,test,3,C3,1049.9839327693794,-52.27924683236952,-295.3404885948736
test_00037,test,4,A1,-751.4401709650625,272.98892838835724,99.37420045452329
test_00037,test,4,A2,-901.3124578824899,-199.02737452104782,167.03498975392768
test_00037,test,4,A3,-1051.2706127549116,-34.46290308493055,-195.36631327342133
test_00037,test,4,B1,-299.4462626923463,281.76704898151775,102.59088557964236
test_00037,test,4,B2,0.7417120331393512,-229.86103805227057,192.88452447218862
test_00037,test,4,B3,300.6430052905602,-52.08467790888417,-295.44280054126097
test_00037,test,4,C1,750.482551669371,281.9178839754552,102.57568502257264
test_00037,test,4,C2,900.625990504735,-229.76688850154815,192.89108968852287
test_00037,test,4,C3,1050.6426385991128,-52.02521963193579,-295.44166673044646
test_00038,test,0,A1,-955.448814579254,460.10560705159173,78.40546799782555
test_00038,test,0,A2,-1228.0002041358564,43.563264128610996,32.96229225894007
test_00038,test,0,A3,-1316.7564177860775,326.2273999255183,-272.20398768499484
test_00038,test,0,B1,-539.6859149618124,264.31499507917806,443.6163135460216
test_00038,test,0,B2,-285.0358242610087,-276.7525159235101,491.85092064578964
test_00038,test,0,B3,-95.19481669686986,-153.7688523534239,-63.94106801165021
test_00038,test,0,C1,1337.9604431162488,296.22810118134925,-190.95770115191237
test_00038,test,0,C2,1484.7551995929982,-210.0527352380619,-69.94467121688423
test_00038,test,0,C3,1675.9525534406253,-46.806078574434174,-548.7812485421678
test_00038,test,1,A1,-999.9537146883084,272.94810471636663,99.38875118918274
test_00038,test,1,A2,-1150.0064527534482,-198.95307588575156,167.00910303242114
test_00038,test,1,A3,-1300.0847274638088,-34.41284031069491,-195.31639275372018
test_00038,test,1,B1,-300.0283531259043,281.8876246240976,102.58003340486366
test_00038,test,1,B2,-0.008126958421361942,-229.82014208338285,192.7803248218331
test_00038,test,1,B3,300.0799803985671,-52.067852340147304,-295.4208122944022
test_00038,test,1,C1,999.9954304320462,281.8891159072367,102.54144306111515
test_00038,test,1,C2,1149.9884072153486,-229.77740246048697,192.83528806332208
test_00038,test,1,C3,1300.0189544695188,-52.06565872573196,-295.45470551453934
test_00038,test,2,A1,-750.0370705379385,273.0130926502347,99.31619011117895
test_00038,test,2,A2,-899.9607060311995,-199.01514933522645,166.79349836806185
test_00038,test,2,A3,-1049.8776343363038,-34.51297779411409,-195.599093375867
test_00038,test,2,B1,-300.0403187405552,281.89669028234067,102.64452850183488
test_00038,test,2,B2,-0.013141447508896287,-229.7702033245917,192.83698360887882
test_00038,test,2,B3,299.9985306625514,-52.08741728263861,-295.43857055285804
test_00038,test,2,C1,1000.0174212856843,281.86160754081885,102.5741576357879
test_00038,test,2,C2,1150.040855548157,-229.8528049644036,192.84595662737843
test_00038,test,2,C3,1299.9984069277634,-52.1663707321918,-295.48842811900334
test_00038,test,3,A1,-750.0618190811854,272.9487739264322,99.32853775280343
test_00038,test,3,A2,-899.9408715210166,-199.05397529530316,166.8394225410098
test_00038,test,3,A3,-1049.93106386143,-34.49711449222989,-195.6070106260882
test_00038,test,3,B1,-300.031575243987,281.9149470328981,102.64546602808545
test_00038,test,3,B2,0.012842197305671514,-229.86406521597837,192.7903739940033
test_00038,test,3,B3,300.0114539176757,-52.03633695712922,-295.44269966607817
test_00038,test,3,C1,749.9911253484521,281.9743609449829,102.70405245300613
test_00038,test,3,C2,899.9424938303483,-229.72631504311195,192.8565355061327
test_00038,test,3,C3,1050.0349251305117,-51.94300068357099,-295.4150943504043
test_00038,test,4,A1,-751.5752419920905,273.4372710678198,98.07609864709507
test_00038,test,4,A2,-901.510674689276,-198.57465812426446,165.71250704452967
test_00038,test,4,A3,-1051.5687277901875,-34.02679478624264,-196.68968939528128
test_00038,test,4,B1,-301.55010835856206,282.3004893824262,101.36634849525659
test_00038,test,4,B2,-1.576968731605182,-229.4405661952024,191.60751280182993
test_00038,test,4,B3,298.46548645397075,-51.822626879350416,-296.69216081429323
test_00038,test,4,C1,748.427619827942,282.2926136229239,101.31892226996423
test_00038,test,4,C2,898.4056129952497,-229.44256902373,191.59011224215436
test_00038,test,4,C3,1048.379169360785,-51.75866178658949,-296.71975699647436
test_00039,test,0,A1,-906.9758225869233,112.3491107317449,136.44148012603253
test_00039,test,0,A2,-965.4127946509884,-377.0553452109071,219.62083214496676
test_00039,test,0,A3,-1105.1225207313503,-262.9974080165999,-165.64301300920548
test_00039,test,0,B1,47.628176940202174,83.27396325644878,90.28880829828977
test_00039,test,0,B2,345.63505042561417,-419.3676670422624,226.39620721278882
test_00039,test,0,B3,649.636869096816,-284.7426695179216,-273.1580664091687
test_00039,test,0,C1,825.0974423592686,531.0593792256306,190.08968150380227
test_00039,test,0,C2,970.6115164877269,21.334230742998205,297.4851031734609
test_00039,test,0,C3,1106.4327836040181,175.4050034028415,-202.84309420366057
test_00039,test,1,A1,-1000.0060294326051,273.0195122004582,99.30224330529606
test_00039,test,1,A2,-1150.0428625955772,-198.90864611001638,166.9984218128746
test_00039,test,1,A3,-1300.110949508357,-34.30757837829603,-195.383683886738
test_00039,test,1,B1,-299.9997773668131,281.9651648628749,102.58359077711954
test_00039,test,1,B2,-0.09512936765820251,-229.8036770348938,192.82224010427734
test_00039,test,1,B3,299.9469103587563,-52.05450591965611,-295.4239584211768
test_00039,test,1,C1,1000.0435334450536,281.88093864172606,102.62646291905405
test_00039,test,1,C2,1150.017726577756,-229.88075726208228,192.85310325597686
test_00039,test,1,C3,1299.9701887186566,-52.12323041871982,-295.4154600891234
test_00039,test,2,A1,-750.056272757347,272.9442368515196,99.32932153357928
test_00039,test,2,A2,-900.1269591881805,-198.96667937640476,166.8830160574527
test_00039,test,2,A3,-1049.9737910399779,-34.35528986119274,-195.54533157226223
test_00039,test,2,B1,-299.9711445385152,281.9983425889391,102.67483325687154
test_00039,test,2,B2,-0.02941910941353874,-229.81481328704115,192.83169410514117
test_00039,test,2,B3,299.9822470180544,-52.0647700403357,-295.4536186504806
test_00039,test,2,C1,1000.0513755054777,281.8393440041462,102.5695905008155
test_00039,test,2,C2,1150.0057100824274,-229.89524277582802,192.82512527933022
test_00039,test,2,C3,1300.042648925984,-52.1568698041098,-295.374532074819
test_00039,test,3,A1,-750.0512285480664,272.9972491984749,99.27376839482044
test_00039,test,3,A2,-900.0371186857852,-198.9742901578054,166.83903575876343
test_00039,test,3,A3,-1049.9804741950636,-34.35387826804972,-195.55954034466868
test_00039,test,3,B1,-300.0259580649833,281.8646686361605,102.60443733336427
test_00039,test,3,B2,-0.023133320786702154,-229.79446526133563,192.82196277162106
test_00039,test,3,B3,300.040522519109,-52.09510395050952,-295.41693015190793
test_00039,test,3,C1,750.9196697826835,280.44459773993304,101.37299173744738
test_00039,test,3,C2,900.8935061498412,-231.24455336921528,191.4782190126659
test_00039,test,3,C3,1050.8505107666617,-53.510879835754935,-296.77311520717024
test_00039,test,4,A1,-750.6153100719329,272.9715333139872,99.26014879750016
test_00039,test,4,A2,-900.3661746818808,-199.1836117137424,166.85474610989297
test_00039,test,4,A3,-1050.1639238951132,-34.72382367556605,-195.66793835108737
test_00039,test,4,B1,-300.5234413548387,282.1712405169233,102.83569345590831
test_00039,test,4,B2,-0.2765026598013091,-229.35213168409373,193.36004656393675
test_00039,test,4,B3,299.9472804333223,-51.53737469061479,-294.785885455058
test_00039,test,4,C1,750.4153136602341,281.44963350419545,102.25567729996357
test_00039,test,4,C2,900.6646803271211,-230.22585379875318,192.54884055862124
test_00039,test,4,C3,1050.695952393373,-52.42890023553969,-295.6668732259422
