sample_id,split,stage,point,x,y,z
train_00000,train,0,A2,-963.4711672300595,404.6898399367569,-330.7364327403274
train_00000,train,0,A3,-938.1749032460211,272.81753240056895,-438.67696412597985
train_00000,train,0,A4,-910.6700846673424,60.61258522430962,-436.7536022786815
train_00000,train,0,A5,-796.2026266827779,226.30743384205616,123.89103103276335
train_00000,train,0,B2,-564.4971313746745,-410.6528419186408,-282.7342244372224
train_00000,train,0,B3,-589.5571127155675,-336.142828828802,-351.1263933617911
train_00000,train,0,B4,568.3918176061036,-36.18872990739949,-447.7870449598774
train_00000,train,0,B5,545.9230492605874,223.3914523871608,89.44371659878048
train_00000,train,0,B6,-631.2990123551853,-12.926788732142136,152.3794885108271
train_00000,train,0,C2,1229.676939485604,-228.58112603991324,-124.72474317794065
train_00000,train,0,C3,1439.4642996903951,-205.76961552761986,-53.260264324541744
train_00000,train,0,C4,1388.0395979217428,18.591170487450768,-98.03639722809484
train_00000,train,0,C5,1238.8124365297654,-151.30915465408685,-21.268740261650464
train_00000,train,0,C6,1391.6833577933917,117.62585265690848,-1.0229910073052269
train_00000,train,0,C7,1448.742937452387,-224.42227796367632,-27.33004510228207
train_00000,train,1,A2,-931.0625560577636,231.97573146027239,-185.81446505890287
train_00000,train,1,A3,-923.2769798807873,90.3868068283906,-283.7213864297743
train_00000,train,1,A4,-947.5519761404861,-121.81766484658176,-269.80937540888976
train_00000,train,1,A5,-874.5372418384158,53.024989209803365,295.0851697423791
train_00000,train,1,B2,-600.0029222394601,-251.96752013706748,-162.7565219351098
train_00000,train,1,B3,-600.048306949222,-181.0978487491081,-239.12732313204057
train_00000,train,1,B4,600.03978979684,-181.11397812474482,-239.14816781907075
train_00000,train,1,B5,599.9675646780837,130.17066219225796,270.37129331514933
train_00000,train,1,B6,-599.9768716368585,192.86197914443594,229.81403603248444
train_00000,train,1,C2,1450.0102193786895,-158.78576299353125,-57.84363119947147
train_00000,train,1,C3,1640.0156629204357,-152.99691626161663,58.487047601107804
train_00000,train,1,C4,1639.9808676205218,64.65573825938503,-28.737828846652558
train_00000,train,1,C5,1450.0340390484453,-66.29617577166178,32.868880605125966
train_00000,train,1,C6,1640.034353959312,177.960028432203,51.35659421469905
train_00000,train,1,C7,1640.0534459746414,-167.82215421974914,88.23350225145244
train_00000,train,2,A2,-681.034695462328,232.01012853162837,-185.8110309747322
train_00000,train,2,A3,-673.2111040492206,90.46724658570663,-283.68813338143156
train_00000,train,2,A4,-697.5313541669098,-121.70943304047991,-269.86054628352133
train_00000,train,2,A5,-624.4555282873177,52.967111693336264,295.0160802495996
train_00000,train,2,B2,-600.0059304415782,-251.94230858064392,-162.82195787450559
train_00000,train,2,B3,-600.023815587061,-181.09878906574417,-239.10915926801405
train_00000,train,2,B4,599.9903623952996,-181.1112577823969,-239.1188163730768
train_00000,train,2,B5,599.9695448423842,130.2019186176374,270.31822485637815
train_00000,train,2,B6,-600.0344171516552,192.84717586320156,229.82991834070052
train_00000,train,2,C2,1450.0186335238875,-158.74164734429505,-57.8398694059595
train_00000,train,2,C3,1640.0151360094312,-152.96404509190197,58.52333152504808
train_00000,train,2,C4,1639.9666649695505,64.66953927406219,-28.694695754290464
train_00000,train,2,C5,1450.0047471334153,-66.27895678451098,32.90161255970395
train_00000,train,2,C6,1639.9796609081707,177.9310888025737,51.300593484862766
train_00000,train,2,C7,1640.001186346639,-167.8972722389123,88.24609996568215
train_00000,train,3,A2,-681.0283619918049,231.9854989464132,-185.81087750117467
train_00000,train,3,A3,-673.2560170574462,90.46081707288796,-283.72875887522395
train_00000,train,3,A4,-697.5493280404733,-121.65462805260137,-269.83371763072836
train_00000,train,3,A5,-624.4597604305877,52.97461291590486,294.97221908688834
train_00000,train,3,B2,-600.0399303685275,-251.9526586755382,-162.7431235945849
train_00000,train,3,B3,-599.9941036254136,-181.07064570080087,-239.17470886361463
train_00000,train,3,B4,600.0103844541119,-181.08184829544047,-239.13306356134365
train_00000,train,3,B5,599.9623919120542,130.20782856852384,270.34711397647294
train_00000,train,3,B6,-600.0116078551996,192.80745974342665,229.88618770897895
train_00000,train,3,C2,1199.9952147793535,-158.65813449776056,-57.77403699668076
train_00000,train,3,C3,1390.0199259064984,-152.88503255942575,58.479296704386435
train_00000,train,3,C4,1390.02082799938,64.73353074691326,-28.531283577369297
train_00000,train,3,C5,1200.037854199216,-66.19638849328152,32.945103289250355
train_00000,train,3,C6,1390.0368813544771,178.04316821995505,51.48024417668258
train_00000,train,3,C7,1390.0259010273583,-167.78673311770626,88.29583143594078
train_00000,train,4,A2,-681.0761741585064,232.00107675542415,-185.86193588000955
train_00000,train,4,A3,-673.1981724575744,90.41832923937794,-283.70109410964653
train_00000,train,4,A4,-697.4229461828319,-121.71829518326652,-269.8960092314791
train_00000,train,4,A5,-624.4126986351887,53.02307266414336,294.9933068014135
train_00000,train,4,B2,-600.0091390982869,-252.02308165972144,-162.7966530194222
train_00000,train,4,B3,-599.95766716261,-181.1270635951395,-239.15484096846697
train_00000,train,4,B4,600.0413751158478,-181.14386458144534,-239.15280599545096
train_00000,train,4,B5,600.0182862996983,130.20007218614313,270.21956748444717
train_00000,train,4,B6,-600.0156439607,192.82879953752533,229.81848723434084
train_00000,train,4,C2,1200.0443303460643,-158.629038458396,-57.78145805989079
train_00000,train,4,C3,1390.0734334322417,-152.8842544251465,58.47565815999543
train_00000,train,4,C4,1390.058903402311,64.72975829272309,-28.56998506447895
train_00000,train,4,C5,1200.0897301814794,-66.18062608352157,32.92635863136722
train_00000,train,4,C6,1390.0665033143603,178.00606580294516,51.3843568957595
train_00000,train,4,C7,1390.0741712639126,-167.81172116428257,88.26973112744493
train_00001,train,0,A2,-1084.0911117582277,63.03834324423976,-111.33618576500932
train_00001,train,0,A3,-1079.2793487526424,-80.55906054522923,-206.47226364550292
train_00001,train,0,A4,-1104.6204281175833,-292.25785395703673,-187.69261720227158
train_00001,train,0,A5,-1018.8945616779134,-106.54186164005256,371.8069778378762
train_00001,train,0,B2,-598.9519947824682,-390.94734170180004,-195.2091844566279
train_00001,train,0,B3,-606.5802564433457,-310.91312778864244,-261.40039851705393
train_00001,train,0,B4,589.3776723080382,-215.59274697949522,-284.98344026509415
train_00001,train,0,B5,580.882697767821,25.162186240198526,261.2620005243463
train_00001,train,0,B6,-621.0396923737474,-2.8800930961245266,253.02144496395306
train_00001,train,0,C2,1315.7658322967031,165.84203749314605,30.46929225087679
train_00001,train,0,C3,1482.3250977167777,200.9621274033771,174.29736259937994
train_00001,train,0,C4,1466.8876308716524,414.3064095851909,78.5074028048443
train_00001,train,0,C5,1288.889856988383,259.51876822901556,115.82276941672063
train_00001,train,0,C6,1438.789632233555,528.3805371527591,152.36732248209802
train_00001,train,0,C7,1479.5763191085111,186.95675089674478,204.40166250590283
train_00001,train,1,A2,-931.0981531355221,232.14004907465738,-185.80700432827842
train_00001,train,1,A3,-923.3095668435612,90.57627707229285,-283.68117668905586
train_00001,train,1,A4,-947.55226890852,-121.60208507485054,-269.8111957255164
train_00001,train,1,A5,-874.5348447833125,53.01664250059729,295.0116681815141
train_00001,train,1,B2,-599.9805908586849,-252.08279121267185,-162.7890358596518
train_00001,train,1,B3,-599.9623148686243,-181.18028218393167,-239.16808403980326
train_00001,train,1,B4,600.0249549017618,-181.11705050991515,-239.17655481116702
train_00001,train,1,B5,599.9382805457388,130.16069574776463,270.27599475943083
train_00001,train,1,B6,-599.935562759416,192.84607880569047,229.80919617342553
train_00001,train,1,C2,1449.9914307593585,-158.7938534604853,-57.77319109500129
train_00001,train,1,C3,1639.9882259131073,-152.98169343654433,58.490789505844575
train_00001,train,1,C4,1640.0591353825275,64.6778575994532,-28.6328691887536
train_00001,train,1,C5,1450.0057075740554,-66.27976474051077,32.94674583168329
train_00001,train,1,C6,1639.9934709555625,177.8823654114249,51.326695041142365
train_00001,train,1,C7,1640.0153136989352,-167.8896800518397,88.29650325527767
train_00001,train,2,A2,-681.0355069344719,232.03301414607796,-185.87437257182063
train_00001,train,2,A3,-673.2980081311629,90.3708981816834,-283.6938324808841
train_00001,train,2,A4,-697.5237789933485,-121.78123868514334,-269.8835087299948
train_00001,train,2,A5,-624.447843753542,53.018054859991246,294.9818870065519
train_00001,train,2,B2,-599.9681030696128,-252.04710549222884,-162.7987864982136
train_00001,train,2,B3,-599.948863125617,-181.20359769683455,-239.1715760244303
train_00001,train,2,B4,600.1043442667291,-181.1176958901258,-239.2021050015342
train_00001,train,2,B5,600.043488271716,130.155372815009,270.25081035078017
train_00001,train,2,B6,-599.9936439994998,192.75170631296777,229.79669088794392
train_00001,train,2,C2,1450.0062446140282,-158.7448392660136,-57.86061223875534
train_00001,train,2,C3,1640.031334292744,-152.954392788529,58.47852729934242
train_00001,train,2,C4,1640.0194378724866,64.58839868496317,-28.623186457857244
train_00001,train,2,C5,1450.0237906262073,-66.24970806805665,32.90686442279219
train_00001,train,2,C6,1640.036136836035,177.89368880430624,51.40870714162242
train_00001,train,2,C7,1640.0362326947752,-167.8898758112317,88.3447933562488
train_00001,train,3,A2,-681.0281267602171,231.94073286683587,-185.89489312671054
train_00001,train,3,A3,-673.3092296180477,90.38379831108368,-283.72062116191273
train_00001,train,3,A4,-697.5798851702542,-121.81644032629514,-269.837184900787
train_00001,train,3,A5,-624.45882826085,52.94708771997547,295.05139752673574
train_00001,train,3,B2,-599.9469620220236,-252.05179902457357,-162.72711114543824
train_00001,train,3,B3,-599.9525003314997,-181.1872007964126,-239.15960544988448
train_00001,train,3,B4,600.0355498326576,-181.14833868724753,-239.15529039870484
train_00001,train,3,B5,600.0251180464178,130.18892544000457,270.249578970666
train_00001,train,3,B6,-599.9886662298583,192.78420686708,229.7868121844264
train_00001,train,3,C2,1200.056991002071,-158.70283038363544,-57.82904907426312
train_00001,train,3,C3,1390.071973733852,-152.83596556083407,58.37618609471309
train_00001,train,3,C4,1390.0579838912486,64.71751595582333,-28.741846626152135
train_00001,train,3,C5,1200.0500687883086,-66.24168979880801,32.81358695810162
train_00001,train,3,C6,1390.031562997278,178.02750588639898,51.30375078246985
train_00001,train,3,C7,1390.0934913159742,-167.78953000162315,88.17991659960634
train_00001,train,4,A2,-681.1013442406161,231.93052456285622,-185.81312666316148
train_00001,train,4,A3,-673.2803638639166,90.4745347142515,-283.7021036059156
train_00001,train,4,A4,-697.5460372025022,-121.71965757727754,-269.8749928204815
train_00001,train,4,A5,-624.4330595027966,52.9993242120044,294.9893511952058
train_00001,train,4,B2,-599.9745310884462,-251.96485390079866,-162.8052965193713
train_00001,train,4,B3,-599.9533031713706,-181.09688294517187,-239.18766564820336
train_00001,train,4,B4,600.0047141235025,-181.0729723846797,-239.11727909660956
train_00001,train,4,B5,599.9455073006035,130.21654656610485,270.34117419699373
train_00001,train,4,B6,-600.0255886617248,192.76970133840047,229.78379877531228
train_00001,train,4,C2,1200.063965543859,-158.71430432951647,-57.81086635322292
train_00001,train,4,C3,1390.0519256447503,-152.9034029114434,58.41408914182666
train_00001,train,4,C4,1389.9900456389873,64.74301101753016,-28.620152926917847
train_00001,train,4,C5,1200.0709811945735,-66.16125667922944,32.882714951448065
train_00001,train,4,C6,1390.0449000106244,178.04258541379681,51.43875214792306
train_00001,train,4,C7,1390.0753425048185,-167.7961176191414,88.27022338598817
train_00002,train,0,A2,-1195.4406229480596,401.49628818679037,9.393937526486317
train_00002,train,0,A3,-1233.1438150412139,240.76527110116965,-39.71191526218928
train_00002,train,0,A4,-1308.820839016449,57.013957897562385,39.610938807962015
train_00002,train,0,A5,-1140.0948266855887,364.23597397507405,521.3252116369332
train_00002,train,0,B2,-749.7742076609636,-362.3757561910907,-142.17078104697566
train_00002,train,0,B3,-754.3243921739846,-292.1246938747949,-218.97504326197992
train_00002,train,0,B4,444.5052973215359,-248.55043697762434,-250.40991269129495
train_00002,train,0,B5,446.3428171616215,66.20117252781631,256.85138164822166
train_00002,train,0,B6,-755.8013397508021,84.94412788080253,247.45120139766527
train_00002,train,0,C2,1556.2159883863087,-393.02433381972065,2.153656789549524
train_00002,train,0,C3,1747.6279993514124,-381.41466472269354,115.67628169999276
train_00002,train,0,C4,1738.1898725419844,-163.06419971266033,30.914845893293876
train_00002,train,0,C5,1554.1333441709282,-301.51289356743683,93.83981047168592
train_00002,train,0,C6,1735.2331514899738,-50.63384323112238,112.20082222920196
train_00002,train,0,C7,1748.5598834163113,-396.5794543987448,145.27466200960066
train_00002,train,1,A2,-931.0735375216766,232.01894115421015,-185.83392318084017
train_00002,train,1,A3,-923.3133646133339,90.38937058033261,-283.6669549575999
train_00002,train,1,A4,-947.5743427145227,-121.66450176563625,-269.8103995027227
train_00002,train,1,A5,-874.5107388270218,52.991881339431885,295.05995487506914
train_00002,train,1,B2,-599.9635503268653,-252.0259302419929,-162.71939652100406
train_00002,train,1,B3,-599.9827887833493,-181.13515946205376,-239.1026015869825
train_00002,train,1,B4,599.9704063202296,-181.1799269558762,-239.14817907513194
train_00002,train,1,B5,600.0589466265616,130.11104678321726,270.2163466814029
train_00002,train,1,B6,-599.9848629797492,192.84666331942,229.8449020344832
train_00002,train,1,C2,1450.0056369014123,-158.67712324530976,-57.79621665653126
train_00002,train,1,C3,1639.9515568589027,-152.85574784335256,58.515942323364456
train_00002,train,1,C4,1640.040106356111,64.7159227711998,-28.64618411793763
train_00002,train,1,C5,1449.991724158561,-66.22007529868718,32.88260869470632
train_00002,train,1,C6,1639.9885149498436,178.01807590881268,51.4369437665229
train_00002,train,1,C7,1640.069002345142,-167.78937898901188,88.22565067147107
train_00002,train,2,A2,-681.045918549673,232.03549450345764,-185.74409857014763
train_00002,train,2,A3,-673.288040802035,90.46125991253196,-283.687793279522
train_00002,train,2,A4,-697.4966067754721,-121.73348097697395,-269.79061666484387
train_00002,train,2,A5,-624.4121783348155,52.98733027722452,295.02539680593696
train_00002,train,2,B2,-599.9956910593673,-252.02998956023274,-162.68094346177728
train_00002,train,2,B3,-599.9730160041859,-181.1770193105635,-239.14051531505186
train_00002,train,2,B4,599.94743373514,-181.16438720853472,-239.11966760093887
train_00002,train,2,B5,600.0145213668623,130.15831250424336,270.24469733230745
train_00002,train,2,B6,-600.0256196533337,192.8885762832527,229.83815645324265
train_00002,train,2,C2,1449.9649809571708,-158.63502517741603,-57.85542965652486
train_00002,train,2,C3,1640.037202238119,-152.90376284085937,58.476024985904495
train_00002,train,2,C4,1639.9456209564948,64.7853828970425,-28.621498245867105
train_00002,train,2,C5,1450.0375636550066,-66.11147644403154,32.88577660225326
train_00002,train,2,C6,1639.9846558232807,178.0864576875921,51.468219665143884
train_00002,train,2,C7,1640.0236819471354,-167.81522306413754,88.32332319906027
train_00002,train,3,A2,-681.0875740032184,232.02688674081284,-185.74733652423183
train_00002,train,3,A3,-673.2570510615778,90.40415875114823,-283.65139826335184
train_00002,train,3,A4,-697.5674534883132,-121.74922836700664,-269.8040914595833
train_00002,train,3,A5,-624.3621604202003,53.03877547979288,295.05400794575763
train_00002,train,3,B2,-599.9929023528795,-251.990250730941,-162.69832372899688
train_00002,train,3,B3,-600.0238618271716,-181.14663003770406,-239.0902153605896
train_00002,train,3,B4,599.988275436036,-181.1185433105312,-239.1730465152582
train_00002,train,3,B5,600.0806981281793,130.10972247752605,270.27941881937966
train_00002,train,3,B6,-599.9441611763415,192.85791599340092,229.7944554990614
train_00002,train,3,C2,1199.994935044287,-158.7584645626016,-57.782576682886706
train_00002,train,3,C3,1389.9787329337314,-152.9474299668241,58.54416015150155
train_00002,train,3,C4,1389.9744624069003,64.65480922978827,-28.614732002928065
train_00002,train,3,C5,1199.9730838848527,-66.23910411707952,32.94883983262473
train_00002,train,3,C6,1389.97064452082,177.91397737091515,51.417129431616765
train_00002,train,3,C7,1390.007677152967,-167.8411379106944,88.35254828548791
train_00002,train,4,A2,-681.1734454143162,232.01141704134972,-185.91958973069106
train_00002,train,4,A3,-673.2370406456896,90.43332032702247,-283.6876374273623
train_00002,train,4,A4,-697.5283391389617,-121.81626086918469,-269.9209954232178
train_00002,train,4,A5,-624.4307749793537,52.96551731062973,295.058736331918
train_00002,train,4,B2,-600.0305438211468,-252.0201407852972,-162.79622821457124
train_00002,train,4,B3,-600.0378815868725,-181.17514538788,-239.2092379084862
train_00002,train,4,B4,600.0081975565415,-181.15648731581012,-239.19921485738166
train_00002,train,4,B5,599.9838474253572,130.11953661601893,270.29321044847774
train_00002,train,4,B6,-600.0382280623737,192.7477958532374,229.72661148686439
train_00002,train,4,C2,1200.015473323551,-158.75435732132925,-57.70849233965808
train_00002,train,4,C3,1389.9740603756266,-152.92682799364098,58.588441261258886
train_00002,train,4,C4,1389.9299759730063,64.63451719886635,-28.53648717436302
train_00002,train,4,C5,1199.937756921395,-66.33584840009414,33.098654314202285
train_00002,train,4,C6,1389.9045494309237,178.00270245835424,51.45183495160797
train_00002,train,4,C7,1389.9897577507595,-167.8963114026916,88.39117250968499
train_00003,train,0,A2,-800.6672754123533,74.15935218248782,-137.40515481610456
train_00003,train,0,A3,-753.9504237626136,-66.86953904929254,-224.63772746782314
train_00003,train,0,A4,-736.3595527245561,-278.66096810767885,-199.5145092289262
train_00003,train,0,A5,-761.7789515489678,-68.22511778018023,357.25047462364137
train_00003,train,0,B2,-251.8206976588529,-470.89421541872696,-130.44509154518147
train_00003,train,0,B3,-251.0661933749137,-406.8115837030253,-212.6911510119634
train_00003,train,0,B4,948.8276421745296,-409.01611262539313,-203.72654537273849
train_00003,train,0,B5,945.891711985643,-55.15347628623176,277.11398833350904
train_00003,train,0,B6,-253.58542625383893,6.016793339236863,222.46292084957184
train_00003,train,0,C2,1262.9379650512708,76.70426258948915,33.966259843749654
train_00003,train,0,C3,1456.8603984639174,84.50180250913508,143.45848704327494
train_00003,train,0,C4,1457.012405380621,298.1491774941314,47.032871212586485
train_00003,train,0,C5,1267.3927713174244,173.09612999219348,120.51910604582977
train_00003,train,0,C6,1461.3637879183016,414.7433730217192,121.98391382146028
train_00003,train,0,C7,1457.610758710365,70.90018964282217,173.86197184289378
train_00003,train,1,A2,-931.1219693887405,232.10332669782264,-185.84475630421622
train_00003,train,1,A3,-923.3624709626332,90.47352411730108,-283.69733253050003
train_00003,train,1,A4,-947.6830168913817,-121.63872679735354,-269.7789157935809
train_00003,train,1,A5,-874.5276545506157,53.036528595781625,295.0326870941823
train_00003,train,1,B2,-600.0308653526405,-251.97079369668253,-162.77720648705912
train_00003,train,1,B3,-599.9626203584079,-181.10863930100828,-239.14874499277153
train_00003,train,1,B4,600.0738571720476,-181.0924877661077,-239.07838921646945
train_00003,train,1,B5,600.0292816519557,130.12705372882178,270.28794213042494
train_00003,train,1,B6,-599.9711175264932,192.8706830760634,229.77199125992186
train_00003,train,1,C2,1449.9878980338929,-158.7972399970675,-57.81956025360156
train_00003,train,1,C3,1639.9640460824985,-153.03885715906588,58.44661200617881
train_00003,train,1,C4,1640.0339581962576,64.59081483570421,-28.562409588444517
train_00003,train,1,C5,1450.0281588375865,-66.2915308568055,32.900724236976984
train_00003,train,1,C6,1640.0929254218286,177.8973156181846,51.383420084322125
train_00003,train,1,C7,1640.0061187772385,-167.90853361766548,88.26134764525288
train_00003,train,2,A2,-681.0715144431455,231.9414821057961,-185.8731214261244
train_00003,train,2,A3,-673.2123896093653,90.43522155499599,-283.7388186915737
train_00003,train,2,A4,-697.3686184884658,-121.76992960352462,-269.8434941182655
train_00003,train,2,A5,-624.5249164755566,52.92344520339613,294.9922813983326
train_00003,train,2,B2,-599.9880148104264,-251.96161971461393,-162.7821386168053
train_00003,train,2,B3,-599.943338240802,-181.15881302433488,-239.1337080604989
train_00003,train,2,B4,600.013794738179,-181.14642443288935,-239.1851337292484
train_00003,train,2,B5,599.9891894913675,130.08807056631838,270.2833549846469
train_00003,train,2,B6,-599.9951980543443,192.83965769619456,229.82251051148748
train_00003,train,2,C2,1450.019253627138,-158.7620349621356,-57.7808671119299
train_00003,train,2,C3,1639.9900591883618,-153.0142575220404,58.482374329856796
train_00003,train,2,C4,1640.0565870892558,64.56265276693809,-28.63425846758072
train_00003,train,2,C5,1450.0138046460268,-66.28887868954546,32.96952543968902
train_00003,train,2,C6,1640.0574778723744,177.83938867288188,51.43659129445805
train_00003,train,2,C7,1639.9517452838393,-167.97288919856766,88.28880530127144
train_00003,train,3,A2,-681.0581698039449,232.02104585377984,-185.8438999073312
train_00003,train,3,A3,-673.1771613903824,90.4034477173503,-283.728138621538
train_00003,train,3,A4,-697.4542273905151,-121.79481292099739,-269.83126279340416
train_00003,train,3,A5,-624.4897369550391,52.93291160205176,295.034820544828
train_00003,train,3,B2,-599.9893301101849,-251.99616603303454,-162.78580540900958
train_00003,train,3,B3,-599.9981800647951,-181.11872379203712,-239.15033748676214
train_00003,train,3,B4,600.0213982622524,-181.1791120193617,-239.17238212687766
train_00003,train,3,B5,600.0109520261284,130.13611747451048,270.30774072628645
train_00003,train,3,B6,-599.9355806942388,192.78370928153123,229.7537856296809
train_00003,train,3,C2,1199.9968030381447,-158.78116791516894,-57.96671622660896
train_00003,train,3,C3,1390.0385420353082,-153.02200081917624,58.21982804855824
train_00003,train,3,C4,1390.0560157843736,64.58680365167713,-28.759124929998315
train_00003,train,3,C5,1200.0363862187855,-66.33693123157376,32.719839706969395
train_00003,train,3,C6,1390.013891980988,177.8738967053819,51.320480524742074
train_00003,train,3,C7,1390.013133633617,-167.92436935229213,88.05424084337335
train_00003,train,4,A2,-681.1266756119511,232.01488326853857,-185.90390460320918
train_00003,train,4,A3,-673.2472534002867,90.35250096227703,-283.76639853068616
train_00003,train,4,A4,-697.46139104878,-121.80347385206207,-269.8379606440813
train_00003,train,4,A5,-624.5599037994725,52.95079202196103,294.98654256713735
train_00003,train,4,B2,-599.9518775490601,-251.97473991720506,-162.77639704117064
train_00003,train,4,B3,-599.9691645507671,-181.08551301617487,-239.13556600348377
train_00003,train,4,B4,600.0394545339684,-181.19230845466495,-239.0532439933401
train_00003,train,4,B5,599.9526374154201,130.11016439468673,270.3786356679044
train_00003,train,4,B6,-600.0001896503229,192.91310575726516,229.79038494504545
train_00003,train,4,C2,1199.9942612950001,-158.79363346926536,-57.798093790126664
train_00003,train,4,C3,1390.0170598608165,-153.01874068634834,58.446492882170304
train_00003,train,4,C4,1389.9601095799442,64.59542259116937,-28.625683764984185
train_00003,train,4,C5,1200.009275570907,-66.31119142034557,32.937064099660475
train_00003,train,4,C6,1389.9527995120147,177.89242123218807,51.42455976375329
train_00003,train,4,C7,1389.9402710118156,-167.97271742883035,88.19997487280949
train_00004,train,0,A2,-693.840972799067,513.8844827364245,-482.92977074700275
train_00004,train,0,A3,-710.7539886231073,408.0089937173242,-617.8936250919204
train_00004,train,0,A4,-739.0745368436665,200.77966535745279,-662.9954595426491
train_00004,train,0,A5,-548.4264403336584,201.35139089286486,-98.61160533116944
train_00004,train,0,B2,-479.6928241070996,-307.4752860465079,116.99154530340998
train_00004,train,0,B3,-490.0874042461356,-235.3803995050334,42.60307231961155
train_00004,train,0,B4,701.5022893594853,-206.66297577877506,-95.88577020329178
train_00004,train,0,B5,753.7902185840145,95.80049474289878,416.1127510352184
train_00004,train,0,B6,-443.94619032739246,130.3687601962178,515.7312602506631
train_00004,train,0,C2,1809.0748760619226,-447.3063398027808,77.10235870693504
train_00004,train,0,C3,1977.8954721442735,-433.2028094037003,221.91747532962668
train_00004,train,0,C4,1962.411922544154,-208.5551089191299,156.82758230649168
train_00004,train,0,C5,1783.996946499194,-366.3503937125295,175.00478617609653
train_00004,train,0,C6,1936.1263812524899,-105.79574359996317,246.2563866511002
train_00004,train,0,C7,1975.5233984169752,-451.3340028967172,249.7521329238595
train_00004,train,1,A2,-931.0275846983582,231.95620875750276,-185.8677996147265
train_00004,train,1,A3,-923.2495605130231,90.41067881502903,-283.6793727009959
train_00004,train,1,A4,-947.5751319346749,-121.81239476220121,-269.86046667516604
train_00004,train,1,A5,-874.5564507910938,52.97505784170054,294.98307184036764
train_00004,train,1,B2,-599.9828504727847,-252.0900742335696,-162.73849136820368
train_00004,train,1,B3,-600.0150406908906,-181.1594223887547,-239.11204306782437
train_00004,train,1,B4,599.9973928962504,-181.21786270179936,-239.16919679192887
train_00004,train,1,B5,599.9973091459132,130.1751030816419,270.21961423955264
train_00004,train,1,B6,-600.0188345243026,192.78454493969056,229.8057638946141
train_00004,train,1,C2,1449.99887273816,-158.6987286205502,-57.95553276516951
train_00004,train,1,C3,1639.993281976668,-152.9044732176429,58.31648163811276
train_00004,train,1,C4,1640.0183658002154,64.64830079349186,-28.749684198936794
train_00004,train,1,C5,1449.9969818000445,-66.25093610248366,32.761500233735774
train_00004,train,1,C6,1640.0314741471525,177.93503380328423,51.32078577837373
train_00004,train,1,C7,1640.046013241424,-167.86233150232988,88.07655130019921
train_00004,train,2,A2,-681.1112403832888,231.9078042122182,-185.83224125004136
train_00004,train,2,A3,-673.3867197457777,90.35944893936883,-283.6547252341058
train_00004,train,2,A4,-697.567267744723,-121.84325204219218,-269.799879826042
train_00004,train,2,A5,-624.5070378808464,52.950213138309195,295.03518360493547
train_00004,train,2,B2,-599.9382617111501,-252.04422947133622,-162.74312948550923
train_00004,train,2,B3,-599.945120037495,-181.14960152918272,-239.09921714421165
train_00004,train,2,B4,599.997931441778,-181.2072879038991,-239.1812122365096
train_00004,train,2,B5,599.9851884176927,130.14975625064153,270.2597499754347
train_00004,train,2,B6,-599.9893838460121,192.8333639466463,229.76884115018555
train_00004,train,2,C2,1450.0008073107,-158.7999220577575,-57.95618366472718
train_00004,train,2,C3,1640.0539835819156,-152.92021868276603,58.330201709188245
train_00004,train,2,C4,1640.0818609972357,64.65313544405389,-28.730812026659073
train_00004,train,2,C5,1450.0388942636057,-66.2840521263135,32.80736104893542
train_00004,train,2,C6,1640.003280895858,178.00755727503443,51.26274044149842
train_00004,train,2,C7,1640.0135628966316,-167.86730412810323,88.08621854006056
train_00004,train,3,A2,-681.1769426260462,231.9440698490899,-185.8763176236541
train_00004,train,3,A3,-673.3127449758148,90.4004899727633,-283.6873305896469
train_00004,train,3,A4,-697.5578063199576,-121.81945438472667,-269.7921637601877
train_00004,train,3,A5,-624.4575145383018,52.93704848868193,294.9984983531866
train_00004,train,3,B2,-600.0381882170424,-252.095555241412,-162.7724018247393
train_00004,train,3,B3,-600.0103796280091,-181.14586578442615,-239.09614511569995
train_00004,train,3,B4,599.9453656168449,-181.1669075464784,-239.17271178665882
train_00004,train,3,B5,600.0237568538324,130.17797724600553,270.22318401813203
train_00004,train,3,B6,-600.0059652246713,192.8279204361088,229.83703474172776
train_00004,train,3,C2,1200.0121651752197,-158.79556044875395,-57.91332617229986
train_00004,train,3,C3,1389.9549176702249,-152.98571816273008,58.36284936390144
train_00004,train,3,C4,1390.0330368229374,64.64634844055966,-28.70596992333687
train_00004,train,3,C5,1200.0040855539855,-66.31500674956877,32.851487360382286
train_00004,train,3,C6,1390.0319767206008,177.8511699632077,51.36549008316943
train_00004,train,3,C7,1389.90287024393,-167.93854399552583,88.14190204447695
train_00004,train,4,A2,-681.3028035616973,231.9104283898959,-185.8337631468602
train_00004,train,4,A3,-673.3710178894698,90.32345102384946,-283.7206236238751
train_00004,train,4,A4,-697.571878826407,-121.83675451457131,-269.76949256311644
train_00004,train,4,A5,-624.4476408773303,52.929724478722804,295.03551229141016
train_00004,train,4,B2,-599.9915279591853,-252.06038841771294,-162.72327002298115
train_00004,train,4,B3,-599.9987877743339,-181.16189860035902,-239.12998129094404
train_00004,train,4,B4,600.0212460597044,-181.14541658847773,-239.18062531057348
train_00004,train,4,B5,600.0029953435005,130.15176162579328,270.307162711074
train_00004,train,4,B6,-600.0081198099202,192.77076548207185,229.75162309834815
train_00004,train,4,C2,1199.981560848243,-158.68997263949774,-57.84724007694738
train_00004,train,4,C3,1389.9463823663223,-152.94147279596612,58.46134595397736
train_00004,train,4,C4,1389.9673260197378,64.6141252816652,-28.662768154022306
train_00004,train,4,C5,1199.971331425708,-66.21787763901848,32.91926193861595
train_00004,train,4,C6,1390.01079233134,177.96323704971303,51.41272013945598
train_00004,train,4,C7,1389.9789075455135,-167.8135736148843,88.19672376317055
train_00005,train,0,A2,-727.7546932327825,456.73760783407556,-509.1915159189246
train_00005,train,0,A3,-715.4267127244675,344.8035801919515,-639.5724780781933
train_00005,train,0,A4,-690.4346036935069,135.40272325296058,-675.8969184172366
train_00005,train,0,A5,-516.1099488056569,206.0646429949679,-110.66497589565633
train_00005,train,0,B2,-736.2733981842975,-658.5974073840579,-431.9915051249823
train_00005,train,0,B3,-755.6653105982225,-591.8332580588354,-509.60175328786056
train_00005,train,0,B4,416.98452892910893,-352.55782652834785,-596.7330033204291
train_00005,train,0,B5,388.3116467932183,-29.83775105678046,-95.23684121509855
train_00005,train,0,B6,-799.5578417934366,-209.19749199969354,-49.82950738352482
train_00005,train,0,C2,1619.6652349699525,-396.48615838188675,-23.734864329083
train_00005,train,0,C3,1813.1555361494784,-406.6379947506246,86.37622789736199
train_00005,train,0,C4,1842.7504539432314,-203.86410793402138,-27.43865504387355
train_00005,train,0,C5,1637.690492510615,-294.9133844988829,54.579543205277815
train_00005,train,0,C6,1863.5761958108876,-83.1959970077407,37.559993424415616
train_00005,train,0,C7,1812.1448782232908,-417.6981999776003,117.80023115799715
train_00005,train,1,A2,-931.0730720398182,231.94427880447495,-185.84559953943622
train_00005,train,1,A3,-923.273299090969,90.37122083622562,-283.67693057628776
train_00005,train,1,A4,-947.5333234409305,-121.78244537344354,-269.8927900599574
train_00005,train,1,A5,-874.5046744017862,52.82267089626853,295.0174357468145
train_00005,train,1,B2,-599.9847198270294,-251.969617279576,-162.75093693564952
train_00005,train,1,B3,-600.0435987822357,-181.1668890556582,-239.15895992719211
train_00005,train,1,B4,599.9218639880831,-181.22312865628626,-239.00056529007182
train_00005,train,1,B5,599.9699454667233,130.09077255012687,270.3096685666437
train_00005,train,1,B6,-599.9968698236081,192.91949192745625,229.85601601045263
train_00005,train,1,C2,1449.9664974227333,-158.5805526575192,-57.84119725123582
train_00005,train,1,C3,1639.9280737631282,-152.75888151990904,58.45527316412643
train_00005,train,1,C4,1639.9409319602785,64.76702687599061,-28.657967498506775
train_00005,train,1,C5,1449.9345861110075,-66.1125139220606,32.87728594516463
train_00005,train,1,C6,1639.9188080127121,178.06944587996202,51.339723855607154
train_00005,train,1,C7,1639.9116518429148,-167.73034368159665,88.23923222257244
train_00005,train,2,A2,-681.2347126858123,232.06428546598312,-185.9128907660849
train_00005,train,2,A3,-673.3689015487254,90.39134676482794,-283.73575560061767
train_00005,train,2,A4,-697.5592936747522,-121.74510859172352,-269.8221372926824
train_00005,train,2,A5,-624.5856603394099,53.04083459243329,294.9611565429811
train_00005,train,2,B2,-600.0190591023411,-251.98398066658035,-162.70798828029845
train_00005,train,2,B3,-600.0856993672037,-181.09182993352312,-239.13572382897578
train_00005,train,2,B4,599.9769722352385,-181.18362894009064,-239.0429767592061
train_00005,train,2,B5,600.07184915407,130.0794394435309,270.32590697659646
train_00005,train,2,B6,-600.007222202455,192.84937055397037,229.78022940485806
train_00005,train,2,C2,1449.9706287003883,-158.63624649245918,-57.80576288198518
train_00005,train,2,C3,1639.9357088692325,-152.78071916319513,58.45640236138004
train_00005,train,2,C4,1639.9175627597706,64.79500482885416,-28.586418594864817
train_00005,train,2,C5,1449.9263198309359,-66.10267062936099,32.881169681718724
train_00005,train,2,C6,1639.9607553634667,178.11198864795455,51.33511232137204
train_00005,train,2,C7,1639.9386747503117,-167.7390438192996,88.23817357446299
train_00005,train,3,A2,-681.1767287778549,232.04567182318766,-185.85949054531864
train_00005,train,3,A3,-673.3445185481411,90.40679366964679,-283.79495628297974
train_00005,train,3,A4,-697.6286614655389,-121.69300615992076,-269.8149611945639
train_00005,train,3,A5,-624.6035042681672,53.09937660247338,294.9745040241746
train_00005,train,3,B2,-600.0527345919808,-251.9606334770903,-162.7340971253747
train_00005,train,3,B3,-599.993611017575,-181.10334813331687,-239.08136678780824
train_00005,train,3,B4,599.944611670565,-181.19929366887655,-239.0708560377785
train_00005,train,3,B5,600.0212206226206,130.08577065939562,270.3144892102176
train_00005,train,3,B6,-600.0314482485645,192.92377324548656,229.77167492154717
train_00005,train,3,C2,1199.9878248213056,-158.85594810588603,-57.74101593319805
train_00005,train,3,C3,1389.9313247882096,-153.06881248047816,58.483844778765686
train_00005,train,3,C4,1390.0673683910743,64.530487987195,-28.597155990312366
train_00005,train,3,C5,1200.0025270335032,-66.36042339887011,32.86384193020916
train_00005,train,3,C6,1390.1163771764654,177.82530621832737,51.413675580580524
train_00005,train,3,C7,1389.912405065772,-167.98954644814137,88.26501487272402
train_00005,train,4,A2,-681.2135570033089,231.991810939021,-185.8508851270187
train_00005,train,4,A3,-673.2906982087682,90.37777240994401,-283.648646435287
train_00005,train,4,A4,-697.5805904089118,-121.77452874851288,-269.8037962153847
train_00005,train,4,A5,-624.5040331598456,52.964340309694784,295.0584670333792
train_00005,train,4,B2,-599.9703877838585,-251.97249163991071,-162.78267616326966
train_00005,train,4,B3,-600.0409495492636,-181.13197301856002,-239.10956428417018
train_00005,train,4,B4,599.9875461824388,-181.17346027230704,-239.14315241366074
train_00005,train,4,B5,600.0188281992837,130.15994742470343,270.3409030612202
train_00005,train,4,B6,-600.0548629160706,192.7559242605378,229.8999729638262
train_00005,train,4,C2,1200.0259023329677,-158.69015994463743,-57.953844813620776
train_00005,train,4,C3,1390.0133056716413,-152.94400271346484,58.394393851909335
train_00005,train,4,C4,1390.0437682312627,64.64163849672542,-28.736934325412452
train_00005,train,4,C5,1200.0178741418272,-66.21404148575485,32.82842260572458
train_00005,train,4,C6,1390.1065591877482,177.96525811267557,51.37759805364904
train_00005,train,4,C7,1390.072840261451,-167.8387179667627,88.20263006483134
train_00006,train,0,A2,-1117.7572344262776,353.8081953781511,-10.883629287462728
train_00006,train,0,A3,-1109.39707023748,211.12971321853047,-107.13568923793132
train_00006,train,0,A4,-1131.9177614396153,-1.0592089748932383,-90.59078849059728
train_00006,train,0,A5,-1056.715345733625,180.94353113729244,471.746116355086
train_00006,train,0,B2,-741.1731548209864,-46.54058381653397,-429.77674793527535
train_00006,train,0,B3,-725.3319960410051,35.769067978834606,-491.79557293232546
train_00006,train,0,B4,459.36717788345527,-75.60380099090949,-336.6860195814731
train_00006,train,0,B5,407.81942320889414,145.52744999528193,215.44439767041476
train_00006,train,0,B6,-766.7277565884931,325.0323641378153,32.0569945787001
train_00006,train,0,C2,1217.6771322486159,141.31864046626322,172.33849339454696
train_00006,train,0,C3,1406.834180022668,180.09488927386798,283.44548419455356
train_00006,train,0,C4,1389.3170476039556,380.6721202861378,163.41570687495587
train_00006,train,0,C5,1210.5529876357095,246.56677332135806,247.57281049911438
train_00006,train,0,C6,1380.5731157909738,504.7592209856582,224.8120324946387
train_00006,train,0,C7,1408.1932918955756,170.0357017766111,315.1837849058173
train_00006,train,1,A2,-931.101283849019,232.09621678803796,-185.79027885905188
train_00006,train,1,A3,-923.3783449685785,90.48466662469278,-283.68311143587266
train_00006,train,1,A4,-947.5548061669822,-121.71893765189238,-269.76047522928974
train_00006,train,1,A5,-874.4779508364104,53.01949509796868,295.0498087377713
train_00006,train,1,B2,-600.0126622943354,-252.01859766743024,-162.82569841324434
train_00006,train,1,B3,-600.04930305019,-181.18394812995749,-239.11793626912728
train_00006,train,1,B4,600.0068252821407,-181.13767888775342,-239.145148901669
train_00006,train,1,B5,600.00531248967,130.09605402223536,270.32287536257724
train_00006,train,1,B6,-600.049191692369,192.82312159043502,229.7847279005039
train_00006,train,1,C2,1450.0158099137639,-158.7417700810375,-57.81771162284278
train_00006,train,1,C3,1640.0011416141458,-152.92649252901774,58.472399382865596
train_00006,train,1,C4,1639.9428461142836,64.71149248549362,-28.672169662472196
train_00006,train,1,C5,1450.0164871938928,-66.2813477581122,32.895257880950545
train_00006,train,1,C6,1639.9256603647138,177.99221628356963,51.344204455829434
train_00006,train,1,C7,1640.0624223965722,-167.81150658087594,88.22912906338478
train_00006,train,2,A2,-681.073697336467,231.95679791784792,-185.80692373701697
train_00006,train,2,A3,-673.277914581665,90.33995351602925,-283.6958657468745
train_00006,train,2,A4,-697.6046374850959,-121.74872078903611,-269.86464064840976
train_00006,train,2,A5,-624.5139882740901,52.951663852693024,295.0559726886629
train_00006,train,2,B2,-600.025977522836,-252.0268450172093,-162.79758567712608
train_00006,train,2,B3,-599.9903535657559,-181.07667339178764,-239.17427712474503
train_00006,train,2,B4,599.9817976257118,-181.13778204441405,-239.13323551084738
train_00006,train,2,B5,600.00447350598,130.2017907995735,270.33208576370123
train_00006,train,2,B6,-599.9851660272357,192.77014621830756,229.80288915771433
train_00006,train,2,C2,1449.9837812307248,-158.7923824113978,-57.77988241791582
train_00006,train,2,C3,1639.9523538293395,-152.91348164428618,58.46027431506553
train_00006,train,2,C4,1639.988352394991,64.68291749442757,-28.65178219443114
train_00006,train,2,C5,1450.0195522778918,-66.28850940354577,32.92639484480719
train_00006,train,2,C6,1639.950895022368,177.93014419256383,51.33709621546271
train_00006,train,2,C7,1639.9838464051575,-167.85583463147267,88.23877539525782
train_00006,train,3,A2,-681.0330910455411,231.9355420256515,-185.8523611478831
train_00006,train,3,A3,-673.2741519190256,90.41127133730448,-283.6837853488655
train_00006,train,3,A4,-697.5909810496499,-121.8048710558251,-269.8411252070244
train_00006,train,3,A5,-624.4997793110028,52.926240281290504,295.04830049567533
train_00006,train,3,B2,-600.0613974614562,-251.98386831853912,-162.806027029075
train_00006,train,3,B3,-600.0480321057256,-181.0743531987978,-239.1603831379594
train_00006,train,3,B4,599.9810249249692,-181.16579014016645,-239.0585642450364
train_00006,train,3,B5,599.9263247495508,130.12851043482837,270.3552261082787
train_00006,train,3,B6,-600.0225573596654,192.8361888827627,229.8296592639361
train_00006,train,3,C2,1200.0997345097983,-158.63298448717407,-57.7822600495581
train_00006,train,3,C3,1389.9892061477772,-152.92907878867706,58.47344229376476
train_00006,train,3,C4,1390.0308538704735,64.76111447048059,-28.556656916291193
train_00006,train,3,C5,1200.0669494500764,-66.12893367577146,32.98074796873689
train_00006,train,3,C6,1389.9914253530083,178.0103287028295,51.46881342879633
train_00006,train,3,C7,1389.9888440982925,-167.83557535266038,88.30691384770489
train_00006,train,4,A2,-681.0631220731785,231.9159179617094,-185.85841838689726
train_00006,train,4,A3,-673.3150443214581,90.37624516376871,-283.69088937539203
train_00006,train,4,A4,-697.6034824276456,-121.81684270843718,-269.82104706526206
train_00006,train,4,A5,-624.430616427047,52.963789326278366,295.0206858777687
train_00006,train,4,B2,-600.0413588114408,-252.01273275914988,-162.84274485331818
train_00006,train,4,B3,-600.0347894346445,-181.10983453675175,-239.19139280298012
train_00006,train,4,B4,600.0137377697708,-181.1419990336052,-239.1723916411347
train_00006,train,4,B5,599.9861411163909,130.14087267815233,270.284854793698
train_00006,train,4,B6,-600.004465725796,192.76520915217108,229.81978106881698
train_00006,train,4,C2,1199.9869939384103,-158.70937937188808,-57.942313143093564
train_00006,train,4,C3,1390.0579531269775,-152.91438113649582,58.3739610829757
train_00006,train,4,C4,1390.069559469745,64.66266789076631,-28.7230363629637
train_00006,train,4,C5,1200.0328142907588,-66.26877324178923,32.796148299398666
train_00006,train,4,C6,1390.0048493302806,177.97121793764177,51.35511630212699
train_00006,train,4,C7,1390.0491041797632,-167.81666046164818,88.13741003880854
train_00007,train,0,A2,-835.9620658257777,122.6080256272013,-27.963440475320386
train_00007,train,0,A3,-777.1700944226396,-15.825742000784427,-111.95734500779774
train_00007,train,0,A4,-788.3100621331448,-229.49573120568056,-106.55190784880857
train_00007,train,0,A5,-969.8986923664688,-61.313736390758585,435.32399651846424
train_00007,train,0,B2,-918.7671460826098,-72.91649827373642,72.81400953448745
train_00007,train,0,B3,-917.0351275862413,-1.994001045648662,-3.4469411068778264
train_00007,train,0,B4,282.8074869900466,-18.94197494181673,7.5830174544065665
train_00007,train,0,B5,282.44959041610275,291.7344179638543,517.3642693703339
train_00007,train,0,B6,-916.0612597435008,371.4784824868766,466.0087949429173
train_00007,train,0,C2,1492.1091167527213,-22.45966849121606,-272.3260076235908
train_00007,train,0,C3,1677.1761678711316,-25.7566957958295,-148.26872482730414
train_00007,train,0,C4,1685.3139612875104,195.26441898214668,-225.97723157164847
train_00007,train,0,C5,1490.2570110286063,66.1098316677081,-177.81599073877166
train_00007,train,0,C6,1684.2645676646907,305.0423392355405,-141.2548439629358
train_00007,train,0,C7,1675.6811911379118,-41.886395448605654,-119.23758175288766
train_00007,train,1,A2,-931.0871645842964,232.0309455181111,-185.78529862677703
train_00007,train,1,A3,-923.285036059292,90.4165764991037,-283.6997591054267
train_00007,train,1,A4,-947.474855734004,-121.66289484800689,-269.7937047158249
train_00007,train,1,A5,-874.4340335423636,53.0068511817886,295.02891667731785
train_00007,train,1,B2,-599.9834860696297,-252.06148671976314,-162.78661503419522
train_00007,train,1,B3,-600.0103545620705,-181.17575274755643,-239.16069352056851
train_00007,train,1,B4,600.0488186237362,-181.10821602597176,-239.16930145512458
train_00007,train,1,B5,599.9889595152607,130.1414321821973,270.30199085775257
train_00007,train,1,B6,-600.0003445911358,192.83182381084342,229.77337352501098
train_00007,train,1,C2,1450.0613674489985,-158.4991012775967,-57.772082810915364
train_00007,train,1,C3,1639.9545197477078,-152.71283217398468,58.524825426544986
train_00007,train,1,C4,1639.9630913838319,64.90566314491656,-28.618594324099757
train_00007,train,1,C5,1449.9722757618008,-66.10283517865258,32.92273373627937
train_00007,train,1,C6,1639.893866263349,178.16499078892724,51.522643936733324
train_00007,train,1,C7,1640.0314407907956,-167.6172366681968,88.32319878890985
train_00007,train,2,A2,-681.1284110845684,231.87635593974466,-185.89811714448325
train_00007,train,2,A3,-673.2556881369555,90.3147914968237,-283.74477968834657
train_00007,train,2,A4,-697.5580245432553,-121.82119745191875,-269.8409981185874
train_00007,train,2,A5,-624.4809252472138,52.91079286205174,294.9872472625803
train_00007,train,2,B2,-599.9692664768623,-252.00814105849867,-162.7964656369298
train_00007,train,2,B3,-600.0035014292008,-181.16956135071558,-239.13339000285708
train_00007,train,2,B4,600.0251275492402,-181.1368766309559,-239.18812252090035
train_00007,train,2,B5,600.0086978583668,130.21022556678219,270.27122532036685
train_00007,train,2,B6,-600.0197428610256,192.84237757709258,229.7845575643075
train_00007,train,2,C2,1450.0473089308684,-158.56127526894124,-57.78331764865023
train_00007,train,2,C3,1640.0532235375313,-152.7170032903474,58.4658405926759
train_00007,train,2,C4,1639.9520250547196,64.90856490729078,-28.52257865098189
train_00007,train,2,C5,1449.9575452099232,-66.08365309180161,33.00721044373108
train_00007,train,2,C6,1639.9327864011632,178.16787655625473,51.50682125259914
train_00007,train,2,C7,1639.9526160761297,-167.69458813464263,88.24902489114382
train_00007,train,3,A2,-681.1060360253844,231.89404028609096,-185.9069356404012
train_00007,train,3,A3,-673.2790435089561,90.36076620073143,-283.7246034792326
train_00007,train,3,A4,-697.5129880051873,-121.8275579901858,-269.8728645460069
train_00007,train,3,A5,-624.468555292955,52.91888492752323,294.9968984885561
train_00007,train,3,B2,-600.0140622602285,-251.98246491908566,-162.78541891655348
train_00007,train,3,B3,-599.9999027703227,-181.1695838276592,-239.18525326059168
train_00007,train,3,B4,600.0077728203831,-181.1312754569444,-239.12887493035353
train_00007,train,3,B5,600.0169781719171,130.1180378328282,270.2373223929698
train_00007,train,3,B6,-600.0759040769099,192.78326229052544,229.7781946625621
train_00007,train,3,C2,1200.0183770030428,-158.80436258192034,-57.88174993028791
train_00007,train,3,C3,1389.9894677469058,-152.92523963915377,58.39187628912336
train_00007,train,3,C4,1390.0322701752912,64.66744374191288,-28.765449340763194
train_00007,train,3,C5,1199.9849704557648,-66.2311335524461,32.808273135693845
train_00007,train,3,C6,1390.0507266570019,177.9627631619188,51.26591949506123
train_00007,train,3,C7,1390.024031854963,-167.87745280570607,88.19515159393676
train_00007,train,4,A2,-681.1728125247054,232.02855254704536,-185.88254518699773
train_00007,train,4,A3,-673.3764220636549,90.47138635085918,-283.7145784213806
train_00007,train,4,A4,-697.5125869548626,-121.75811180425492,-269.82253129184346
train_00007,train,4,A5,-624.5243749563375,53.006711464552204,294.9215252116897
train_00007,train,4,B2,-600.0519331010154,-251.91931062821095,-162.81029407959784
train_00007,train,4,B3,-599.939354193417,-181.12360325850733,-239.1360085684204
train_00007,train,4,B4,600.0576079017017,-181.13106330822484,-239.18528539217317
train_00007,train,4,B5,600.0310626567461,130.16803737620538,270.2575452091077
train_00007,train,4,B6,-600.0141618139158,193.0092846888975,229.79637149117383
train_00007,train,4,C2,1199.9786799863832,-158.80830012962505,-57.914125409815504
train_00007,train,4,C3,1390.0369188561726,-152.97616848678447,58.46051444486907
train_00007,train,4,C4,1390.0076811701779,64.57590125063678,-28.742827102513605
train_00007,train,4,C5,1200.0233975272315,-66.2442549990414,32.839988777998244
train_00007,train,4,C6,1390.03977652836,177.96049617235124,51.196119897631284
train_00007,train,4,C7,1389.99194814498,-167.88121702518526,88.25699468348527
train_00008,train,0,A2,-781.4867179318558,353.3497860362678,63.34254698826882
train_00008,train,0,A3,-774.3462820331283,201.34508818062275,-17.42900634458271
train_00008,train,0,A4,-827.9656121991866,-3.8823513174470015,11.229077510269414
train_00008,train,0,A5,-837.3531167368415,226.36767087799637,560.6289752840429
train_00008,train,0,B2,-512.2397617117387,-297.4235449179169,340.6311545076321
train_00008,train,0,B3,-544.8576917619085,-233.92661008784268,264.796537961251
train_00008,train,0,B4,592.2143350158915,-52.96922641504687,-73.02851309063149
train_00008,train,0,B5,678.4893559845565,295.77136618667606,403.77344293004757
train_00008,train,0,B6,-480.2569022486998,173.2109267513136,700.4246626648206
train_00008,train,0,C2,1201.5601386700528,-113.11012161451015,31.01053505563184
train_00008,train,0,C3,1410.378886911513,-86.866191572984,104.28839052380884
train_00008,train,0,C4,1363.5770427281586,133.01295361095043,38.060004087513505
train_00008,train,0,C5,1210.0651179628044,-26.607920679301813,127.17334790989032
train_00008,train,0,C6,1367.0456762684148,240.62832246547921,125.53129246878804
train_00008,train,0,C7,1418.8657639090488,-103.26122747579143,132.02148126749094
train_00008,train,1,A2,-931.0498649406558,232.03698769149645,-185.84669219083068
train_00008,train,1,A3,-923.3223172297141,90.41202731283003,-283.6921276335831
train_00008,train,1,A4,-947.5524056834807,-121.77763209533141,-269.7933733655668
train_00008,train,1,A5,-874.5173643583493,53.0466671106756,295.0661879994044
train_00008,train,1,B2,-600.0731963619737,-251.96343220664033,-162.77571861289007
train_00008,train,1,B3,-600.0779759936268,-181.1574895026408,-239.16571613156742
train_00008,train,1,B4,599.9612326493453,-181.08587980719517,-239.11861977138338
train_00008,train,1,B5,599.8956267344108,130.17644288995822,270.21386303774204
train_00008,train,1,B6,-600.0693022562975,192.9238488222262,229.80461519174744
train_00008,train,1,C2,1450.0330564903893,-158.65934994776637,-57.87577711975295
train_00008,train,1,C3,1640.0390950709889,-152.86709025787334,58.35976027075612
train_00008,train,1,C4,1640.0240885855371,64.81793646267906,-28.79002285716527
train_00008,train,1,C5,1450.0192289212698,-66.15479342258087,32.80558844736635
train_00008,train,1,C6,1640.0326351247184,178.05646336650372,51.265878446707255
train_00008,train,1,C7,1640.0528776900499,-167.74045624264025,88.1170089568046
train_00008,train,2,A2,-681.1821723796188,231.99981467904797,-185.76690047444262
train_00008,train,2,A3,-673.3845410927017,90.3986282518611,-283.69696193514335
train_00008,train,2,A4,-697.6237601180686,-121.74793008484858,-269.80190550817946
train_00008,train,2,A5,-624.5272054366907,52.99364520711699,295.0397578135009
train_00008,train,2,B2,-600.1071056105909,-251.98517765937467,-162.82000419924546
train_00008,train,2,B3,-600.0689188219399,-181.113057507468,-239.11592181350343
train_00008,train,2,B4,599.9009301707433,-181.15483267393418,-239.14704622165073
train_00008,train,2,B5,599.8364476656656,130.16689829059902,270.2684621341943
train_00008,train,2,B6,-600.0548343657786,192.91753339080674,229.74175166865655
train_00008,train,2,C2,1450.0084712138364,-158.64453920440278,-57.84848714712731
train_00008,train,2,C3,1639.9986694430916,-152.84138675139985,58.3511678062392
train_00008,train,2,C4,1640.0625153475103,64.77035139875736,-28.753946478457017
train_00008,train,2,C5,1450.025019147376,-66.12832229065063,32.837588990271975
train_00008,train,2,C6,1640.0272772076833,178.08108760731608,51.24772365291765
train_00008,train,2,C7,1639.9796320761536,-167.7730868308219,88.18283894800022
train_00008,train,3,A2,-681.1912117019331,231.9697169884284,-185.85073640902147
train_00008,train,3,A3,-673.3621697932766,90.34767013658629,-283.6659514795151
train_00008,train,3,A4,-697.5848077671347,-121.74812568959923,-269.76634043456124
train_00008,train,3,A5,-624.5860413125978,52.99291789333612,294.98961879377094
train_00008,train,3,B2,-600.1361825236648,-251.95155096255215,-162.81454880185905
train_00008,train,3,B3,-600.0813553160231,-181.1620107997236,-239.1015350563102
train_00008,train,3,B4,599.9422100661058,-181.18050063545934,-239.12972249792142
train_00008,train,3,B5,599.9220284098877,130.29138398798207,270.2500359218316
train_00008,train,3,B6,-600.061321734844,192.91882151231798,229.74663462644887
train_00008,train,3,C2,1199.8757390865233,-158.72851984952118,-57.86553585816926
train_00008,train,3,C3,1389.904357902912,-152.9540329418841,58.37999888197093
train_00008,train,3,C4,1389.8246041907792,64.6593298948399,-28.657389937140323
train_00008,train,3,C5,1199.9223847954638,-66.27955688771964,32.83471757340028
train_00008,train,3,C6,1389.888318988141,177.88997649079022,51.387228962528866
train_00008,train,3,C7,1389.8704534156177,-167.91663093509433,88.16736049797932
train_00008,train,4,A2,-681.0680345620009,231.98924412910185,-185.8925536353688
train_00008,train,4,A3,-673.2769881284879,90.35931449387337,-283.6753466604444
train_00008,train,4,A4,-697.5142778154662,-121.73885027544814,-269.9091951122601
train_00008,train,4,A5,-624.4549983106212,52.91026522328416,295.03345121241534
train_00008,train,4,B2,-599.9883132168469,-251.95877223475787,-162.78799956123277
train_00008,train,4,B3,-599.9547459348876,-181.1175668213311,-239.22754138378005
train_00008,train,4,B4,600.0622609390517,-181.1210726247053,-239.19033896027574
train_00008,train,4,B5,600.0190319533416,130.16193207085053,270.23722962805846
train_00008,train,4,B6,-599.952836432001,192.90777847786094,229.7465612627595
train_00008,train,4,C2,1200.026819376308,-158.6579489229439,-57.94762248212241
train_00008,train,4,C3,1389.951557526921,-152.90274153700304,58.37000611689069
train_00008,train,4,C4,1389.9719518771064,64.73974982409322,-28.71866935615235
train_00008,train,4,C5,1199.9954240733177,-66.11158443365363,32.840275822872684
train_00008,train,4,C6,1389.997115342198,178.03741862559184,51.39880067613418
train_00008,train,4,C7,1389.9678806564082,-167.786898532437,88.15971538937634
train_00009,train,0,A2,-1033.2121152985367,-22.2204164619395,-92.2387506805207
train_00009,train,0,A3,-1074.0925554862922,-176.101842332186,-157.99926241320105
train_00009,train,0,A4,-1163.3607449432966,-361.9137231694672,-100.79294255928805
train_00009,train,0,A5,-1017.6274963078471,-105.94788636255032,416.94891818220157
train_00009,train,0,B2,-935.8524644017122,-375.30651329473,-116.09681597453846
train_00009,train,0,B3,-936.6133111496212,-300.92034276278525,-189.00801535988452
train_00009,train,0,B4,255.2472038285868,-392.14275775809216,-294.37649080431726
train_00009,train,0,B5,323.06649327401493,-107.84728298019286,226.16567588915504
train_00009,train,0,B6,-867.1493343836441,47.85358475902301,294.0629445452505
train_00009,train,0,C2,1288.078263590141,-65.92400200394258,-64.27415235404017
train_00009,train,0,C3,1477.4121595812576,-65.60747354962602,53.19222360630714
train_00009,train,0,C4,1482.7241089088488,152.92847784337502,-31.44444098570104
train_00009,train,0,C5,1289.5551064422675,25.50636199253299,27.49411715894919
train_00009,train,0,C6,1484.6837952663204,265.3018909904472,49.77967090095505
train_00009,train,0,C7,1476.9195867683025,-80.84722995922246,82.82980989016345
train_00009,train,1,A2,-931.0278185096575,232.01247486387797,-185.8014873600034
train_00009,train,1,A3,-923.3538276594659,90.42785647765122,-283.6769143670895
train_00009,train,1,A4,-947.578785440062,-121.74192703924612,-269.78169797587026
train_00009,train,1,A5,-874.4575482584654,52.90331179931741,295.06165418910746
train_00009,train,1,B2,-600.0255959163296,-251.9571034978819,-162.80241037994193
train_00009,train,1,B3,-599.9501688987515,-181.11387254581203,-239.17146405063906
train_00009,train,1,B4,600.005518315123,-181.12990432142186,-239.11618196619844
train_00009,train,1,B5,599.9848101364593,130.11748498829303,270.3110740431518
train_00009,train,1,B6,-599.9679190151929,192.79914104134028,229.81664349231184
train_00009,train,1,C2,1450.033287844306,-158.67047520071486,-57.8931361148797
train_00009,train,1,C3,1639.9879710692137,-152.90841155193874,58.34030434189509
train_00009,train,1,C4,1640.0027434617452,64.76218412541678,-28.717396186824907
train_00009,train,1,C5,1450.0068850721582,-66.24993869239141,32.878987456650094
train_00009,train,1,C6,1640.0639286786065,177.89908552913042,51.38571273410253
train_00009,train,1,C7,1640.0572387816,-167.84371033124725,88.13001922164948
train_00009,train,2,A2,-681.0578541292745,231.99702917549172,-185.83372094912212
train_00009,train,2,A3,-673.2912671331301,90.48605138820514,-283.77842793337936
train_00009,train,2,A4,-697.4725587239195,-121.75403516142197,-269.88724093882246
train_00009,train,2,A5,-624.4906211264454,53.0057537425553,294.96498198316067
train_00009,train,2,B2,-600.0645490507328,-251.99939606994894,-162.80216478104225
train_00009,train,2,B3,-600.0787484252864,-181.0864505603011,-239.13245394146205
train_00009,train,2,B4,600.0101651347093,-181.14335718674909,-239.14130442446316
train_00009,train,2,B5,599.9797334954392,130.14593916097087,270.3552882882711
train_00009,train,2,B6,-600.0888191555813,192.81637382078551,229.82246990237292
train_00009,train,2,C2,1450.0524758681493,-158.68294844189984,-57.86633891580572
train_00009,train,2,C3,1640.009554959058,-152.91028577398558,58.306887325015765
train_00009,train,2,C4,1640.0319076824064,64.6888969121383,-28.69644515451027
train_00009,train,2,C5,1450.0079675295515,-66.25074045768635,32.87996390180006
train_00009,train,2,C6,1640.0477227793056,177.98892165843586,51.37643554350146
train_00009,train,2,C7,1639.9942547586995,-167.8014006866481,88.15526057030709
train_00009,train,3,A2,-681.0897812405998,232.03941351464053,-185.8605085155304
train_00009,train,3,A3,-673.3149154022292,90.47668902431465,-283.7563844602869
train_00009,train,3,A4,-697.5158676561949,-121.73982529345955,-269.884425468287
train_00009,train,3,A5,-624.4771505351304,53.00144303900642,294.9757678037841
train_00009,train,3,B2,-599.9953391159622,-251.9270452503806,-162.78992427700695
train_00009,train,3,B3,-600.028274918742,-181.0950741848479,-239.16381512867096
train_00009,train,3,B4,600.0248040858572,-181.09246116175757,-239.14251533863833
train_00009,train,3,B5,599.9933294859106,130.14382775739048,270.27971411417064
train_00009,train,3,B6,-600.0880559152339,192.8094623018542,229.80104166835275
train_00009,train,3,C2,1200.6265493095489,-157.08651607612714,-58.80015049903968
train_00009,train,3,C3,1390.6901079766271,-151.3067720360384,57.46531652799688
train_00009,train,3,C4,1390.64944113702,66.25500027013423,-29.579544815890017
train_00009,train,3,C5,1200.6445303576866,-64.60717012872911,31.955437920444194
train_00009,train,3,C6,1390.7136051251553,179.58597251511426,50.46864600115646
train_00009,train,3,C7,1390.673082027251,-166.3140771184865,87.25522100473466
train_00009,train,4,A2,-681.1494589669597,232.14199295125826,-185.90162406649588
train_00009,train,4,A3,-673.3852935947118,90.52241075696173,-283.78506458422544
train_00009,train,4,A4,-697.8122200668311,-121.63767577644987,-269.92601217454387
train_00009,train,4,A5,-624.9468236455073,53.102766046879644,294.9963533156904
train_00009,train,4,B2,-600.5043554589649,-251.9517253779303,-162.79844048210992
train_00009,train,4,B3,-600.3799528832106,-181.13014355182844,-239.05252686344508
train_00009,train,4,B4,599.6618906604007,-182.11959362597648,-238.64493634862077
train_00009,train,4,B5,599.6505740779592,129.30139808113364,270.75179391673964
train_00009,train,4,B6,-600.2964340120168,192.87791149350417,229.82501927642087
train_00009,train,4,C2,1200.3587030521132,-158.485825151019,-57.99630787542778
train_00009,train,4,C3,1390.232905500194,-152.85705021703959,58.25675216192598
train_00009,train,4,C4,1390.4378936863632,64.7403658554233,-28.79588381489977
train_00009,train,4,C5,1200.2473889900816,-65.99232568736605,32.707618767499376
train_00009,train,4,C6,1390.5005470937263,178.02502046278963,51.15900000266281
train_00009,train,4,C7,1390.2429040079644,-167.77222034601658,88.07394358013623
train_00010,train,0,A2,-1162.2175570537584,376.81756398948653,-13.098203319302737
train_00010,train,0,A3,-1150.3519078098552,239.48867687252496,-116.44646809588187
train_00010,train,0,A4,-1168.0856787582084,26.35669794867591,-110.83526438531113
train_00010,train,0,A5,-1099.3684088150385,180.81811719152765,460.3544483021241
train_00010,train,0,B2,-429.72622863775746,-9.505961440047468,-298.75176505638217
train_00010,train,0,B3,-426.9920049778784,72.82844109835179,-362.6451018509617
train_00010,train,0,B4,766.3935345791319,-26.14174568939691,-439.9079550911158
train_00010,train,0,B5,820.4407285464371,195.2135154136874,111.95162676318274
train_00010,train,0,B6,-369.22759639062366,362.4567937013133,159.40236455896112
train_00010,train,0,C2,1328.7019508570727,-269.46427361021307,-48.437077500420905
train_00010,train,0,C3,1515.6751186618933,-262.1129169303585,72.65053450263572
train_00010,train,0,C4,1513.1026928291265,-42.81395843577727,-10.031163701904205
train_00010,train,0,C5,1324.4883855556532,-178.8682160624904,44.10923205796542
train_00010,train,0,C6,1508.794034512835,68.80944707665253,72.31244927280527
train_00010,train,0,C7,1515.227724575532,-277.5557509761511,102.09702040575962
train_00010,train,1,A2,-931.0747058847134,232.05377997004044,-185.84239856093353
train_00010,train,1,A3,-923.2777927231872,90.4950289100495,-283.7535367640639
train_00010,train,1,A4,-947.6011960895164,-121.71169675245054,-269.9082302000581
train_00010,train,1,A5,-874.5192277461948,53.04260289713387,294.961161808239
train_00010,train,1,B2,-599.9703369304277,-252.04594449378672,-162.77798771854413
train_00010,train,1,B3,-600.0155154070397,-181.19221162889644,-239.15640253105562
train_00010,train,1,B4,599.9802090454841,-181.14885466365922,-239.1622876902814
train_00010,train,1,B5,599.9753768064672,130.05742631160254,270.2381391315789
train_00010,train,1,B6,-600.0204106428608,192.7804174794489,229.83851489278024
train_00010,train,1,C2,1450.0467869520473,-158.7009123771464,-57.805849436304875
train_00010,train,1,C3,1640.0685908935268,-152.8257635320712,58.49373850346732
train_00010,train,1,C4,1640.0543437298452,64.73355352219549,-28.537632983128848
train_00010,train,1,C5,1450.0352198943547,-66.19819752703098,32.97791145823149
train_00010,train,1,C6,1639.9620149679738,178.03929379611716,51.54576990880199
train_00010,train,1,C7,1640.0738339020556,-167.76948729634736,88.24465616736923
train_00010,train,2,A2,-681.7871016510144,233.78007040214118,-186.54016808011758
train_00010,train,2,A3,-674.0199729658531,92.13537383331004,-284.36336894041904
train_00010,train,2,A4,-698.2426666927989,-120.0444428492177,-270.552527753727
train_00010,train,2,A5,-625.2092603014374,54.59948489638392,294.3666775757348
train_00010,train,2,B2,-600.0112731178549,-252.03383812220042,-162.80952889690647
train_00010,train,2,B3,-600.0023786833647,-181.20048060493644,-239.1653366398167
train_00010,train,2,B4,599.9514670882998,-181.15263782463532,-239.18497951830483
train_00010,train,2,B5,599.9592657075433,130.0905893453641,270.27733471180807
train_00010,train,2,B6,-600.0304708621384,192.810442717099,229.8367901390427
train_00010,train,2,C2,1450.0325290813114,-158.74385315009508,-57.73414064417461
train_00010,train,2,C3,1640.008300533862,-152.85651528725228,58.492221864884264
train_00010,train,2,C4,1640.0219286670713,64.84366730390416,-28.585425339506074
train_00010,train,2,C5,1450.0137193676521,-66.2017434217578,33.00602886029568
train_00010,train,2,C6,1640.0255254648102,178.0471996260665,51.479013899562865
train_00010,train,2,C7,1640.0636060215547,-167.81194519809512,88.24690378636326
train_00010,train,3,A2,-681.7819711349654,233.73398286791058,-186.48794721510734
train_00010,train,3,A3,-674.011217488152,92.11987192486862,-284.39715320081314
train_00010,train,3,A4,-698.3066980441095,-119.987901428815,-270.45324640913054
train_00010,train,3,A5,-625.1769716051193,54.73050337137636,294.3785520116051
train_00010,train,3,B2,-600.0155847693992,-252.04856013020432,-162.78416328621697
train_00010,train,3,B3,-600.0243017878533,-181.14749816300153,-239.19812276675322
train_00010,train,3,B4,599.997961771822,-181.12603119349367,-239.2025145183598
train_00010,train,3,B5,599.9459457342564,130.14743026898822,270.28544774611436
train_00010,train,3,B6,-599.9686505180663,192.83122152106498,229.8539074735176
train_00010,train,3,C2,1200.0187576116111,-158.73734463554905,-57.80025105135132
train_00010,train,3,C3,1389.9440529470303,-153.01800540375604,58.444223204274664
train_00010,train,3,C4,1390.003830620923,64.65949340232244,-28.662666307943045
train_00010,train,3,C5,1199.9385959111721,-66.26900606025758,32.83944181438184
train_00010,train,3,C6,1389.9806194036523,177.919042894476,51.38967555906823
train_00010,train,3,C7,1389.976199756605,-167.8453065403514,88.23443600225247
train_00010,train,4,A2,-681.7365999457741,232.80440628191892,-186.0954631015326
train_00010,train,4,A3,-673.889473267959,91.17556663751674,-283.97494864049935
train_00010,train,4,A4,-698.0278256529684,-120.9852581878452,-270.0656187925437
train_00010,train,4,A5,-624.937977312329,53.75023134624365,294.6863884942364
train_00010,train,4,B2,-599.6934442665013,-252.94019467895401,-162.40076340766876
train_00010,train,4,B3,-599.7881768493139,-182.0971083300682,-238.76168506612063
train_00010,train,4,B4,600.2511263369278,-181.49995568687493,-238.99701026265916
train_00010,train,4,B5,600.1884796511463,129.79746490259168,270.4441301101385
train_00010,train,4,B6,-599.8541364884817,191.90621605015022,230.20129383301577
train_00010,train,4,C2,1200.2689131530963,-158.76834134817815,-57.827609172815016
train_00010,train,4,C3,1390.26965403702,-152.8908794260996,58.41977645326174
train_00010,train,4,C4,1390.124355745766,64.6626914671277,-28.66120748304775
train_00010,train,4,C5,1200.2428517750284,-66.26450411998026,32.897056408184106
train_00010,train,4,C6,1390.130946956176,177.9539066991035,51.34348478786699
train_00010,train,4,C7,1390.2883900750674,-167.8337835068307,88.18577059838888
train_00011,train,0,A2,-768.6122399287094,4.648119674568742,63.98373385912806
train_00011,train,0,A3,-720.926774429183,-130.2106236898308,-32.055455804851746
train_00011,train,0,A4,-710.0089610764596,-343.82325223825427,-23.305487287597654
train_00011,train,0,A5,-759.5032614590975,-178.05731825076163,546.7879821592727
train_00011,train,0,B2,-311.7766800374023,-317.80284650474374,-505.7466335407518
train_00011,train,0,B3,-333.0069387466766,-234.95201540608326,-565.1945949724258
train_00011,train,0,B4,819.3479002764601,96.11018833733789,-515.9698344274173
train_00011,train,0,B5,743.2782336280551,277.40205261807273,47.66798725954943
train_00011,train,0,B6,-427.453047134815,13.86559137869516,-27.557890613017697
train_00011,train,0,C2,1453.362190187693,-356.06532778861265,-364.01656215537264
train_00011,train,0,C3,1606.7796082797308,-411.80291458087606,-212.32476237075167
train_00011,train,0,C4,1651.3884437450747,-182.51583578070782,-231.61398733104747
train_00011,train,0,C5,1439.5715637072458,-290.7227267973994,-253.02661431228697
train_00011,train,0,C6,1642.451792991774,-94.64910894986451,-124.6345550692572
train_00011,train,0,C7,1597.590133371048,-433.477300560108,-188.74443483373267
train_00011,train,1,A2,-931.0800404025757,232.03186033048408,-185.8435877153151
train_00011,train,1,A3,-923.2953766480146,90.46186513468164,-283.6653028806842
train_00011,train,1,A4,-947.525576342671,-121.72056101595071,-269.7936015718308
train_00011,train,1,A5,-874.4003817186275,53.06577450123778,295.01000724152215
train_00011,train,1,B2,-600.0204600015959,-251.91071580528754,-162.772159193006
train_00011,train,1,B3,-600.0339688272686,-181.08747065931436,-239.16255357939687
train_00011,train,1,B4,599.9773184071237,-181.0865852944966,-239.14446892584428
train_00011,train,1,B5,600.0209760177089,130.17602491495924,270.29528312966323
train_00011,train,1,B6,-600.0115670534342,192.8696382909008,229.8736448747717
train_00011,train,1,C2,1450.0546839753272,-158.69910065242416,-57.92855737063471
train_00011,train,1,C3,1640.0432316149902,-152.8647048935165,58.36443967650917
train_00011,train,1,C4,1639.9715902819664,64.7403389661794,-28.73818837414464
train_00011,train,1,C5,1450.0293546372307,-66.24378983988478,32.88956139769923
train_00011,train,1,C6,1639.9866583428861,177.9702488625297,51.314938026329926
train_00011,train,1,C7,1640.0450642580736,-167.81338584270614,88.2000192918079
train_00011,train,2,A2,-681.1110661370606,232.05027168155829,-185.79521685817562
train_00011,train,2,A3,-673.3124718380416,90.52610239102694,-283.70757761570064
train_00011,train,2,A4,-697.5568680590607,-121.60145900047227,-269.9000247225661
train_00011,train,2,A5,-624.5037583573937,52.98130843614596,295.02937357156736
train_00011,train,2,B2,-600.0045441108692,-251.90395819918857,-162.76977046932956
train_00011,train,2,B3,-599.9679339935307,-181.06964167370094,-239.11599882706182
train_00011,train,2,B4,599.9750046117141,-181.12940775667454,-239.08963315520276
train_00011,train,2,B5,599.9850456043421,130.15917166166878,270.3518262053881
train_00011,train,2,B6,-600.0663594506658,192.8443109725999,229.823368925621
train_00011,train,2,C2,1450.0496084675788,-158.76089936383534,-57.91262918104713
train_00011,train,2,C3,1640.040051319596,-152.91945026327366,58.44534193049393
train_00011,train,2,C4,1639.9949056390185,64.75028099069932,-28.632537187359283
train_00011,train,2,C5,1449.9986365016468,-66.19541667862184,32.91005564783013
train_00011,train,2,C6,1639.9155835279958,177.97334958140252,51.37019430630489
train_00011,train,2,C7,1640.0275682315526,-167.80365357229968,88.23450963737952
train_00011,train,3,A2,-681.093269172989,232.07440589142345,-185.85836360026454
train_00011,train,3,A3,-673.3000567488225,90.48544304179534,-283.680444178234
train_00011,train,3,A4,-697.5913978221267,-121.67156545247323,-269.8145161896766
train_00011,train,3,A5,-624.6109216727577,52.995816588414456,295.0110238508886
train_00011,train,3,B2,-599.9479586953008,-251.93724267306507,-162.73364396960508
train_00011,train,3,B3,-599.9698028116898,-181.04971928031708,-239.1043898812256
train_00011,train,3,B4,600.0175194770667,-181.08394859488195,-239.11267858947707
train_00011,train,3,B5,599.9910414456507,130.18159869965388,270.36826149624636
train_00011,train,3,B6,-599.9964573354125,192.79998047250552,229.7897253423134
train_00011,train,3,C2,1200.0043092680323,-158.72807654951626,-57.76312470586257
train_00011,train,3,C3,1390.0275669047403,-152.86506790952052,58.57980205601039
train_00011,train,3,C4,1390.0076825237845,64.68540705128578,-28.585316299215524
train_00011,train,3,C5,1199.9777709188006,-66.23343381432954,33.01509602767877
train_00011,train,3,C6,1390.0526244300484,177.98682988163546,51.49406243800743
train_00011,train,3,C7,1389.9496007111482,-167.8512582066372,88.36858221217301
train_00011,train,4,A2,-681.1181409920763,231.99717542416468,-185.74143813087565
train_00011,train,4,A3,-673.3593392121683,90.50897621898935,-283.6600808071771
train_00011,train,4,A4,-697.5968911796815,-121.74023644312669,-269.7865459249402
train_00011,train,4,A5,-624.5572094525878,53.06614655898185,295.1300179112829
train_00011,train,4,B2,-599.9959775892426,-252.02311748458504,-162.72115639365808
train_00011,train,4,B3,-599.9997368145038,-181.08437191823754,-239.07712841929285
train_00011,train,4,B4,599.9415888996446,-181.14272197344073,-239.19377601771777
train_00011,train,4,B5,600.0205652866777,130.11087448881764,270.23005998349623
train_00011,train,4,B6,-599.9386236855258,192.90188310949932,229.86492671824342
train_00011,train,4,C2,1200.009464802825,-158.72091452034647,-57.89637967068879
train_00011,train,4,C3,1390.0036588486362,-152.9672950810854,58.363873370929106
train_00011,train,4,C4,1390.0033663784664,64.64700312095499,-28.64988834874523
train_00011,train,4,C5,1199.966429062657,-66.16442067430853,32.90755185333531
train_00011,train,4,C6,1390.041734851016,178.0060968755738,51.33476022826566
train_00011,train,4,C7,1390.0405178543047,-167.8321756962248,88.12654344843772
train_00012,train,0,A2,-992.5194183056531,411.55421539847094,-112.76519802679755
train_00012,train,0,A3,-980.0960929473221,268.28976674766835,-207.6428210926105
train_00012,train,0,A4,-1007.8626970472332,56.6556644262703,-192.02547694523255
train_00012,train,0,A5,-970.1469810782116,239.9667689040562,373.58403740569344
train_00012,train,0,B2,-430.5502308776491,-345.8141520247215,-41.230692044087895
train_00012,train,0,B3,-430.50747943382976,-274.9945326394363,-117.66448676575921
train_00012,train,0,B4,769.4502681341738,-274.3179853649277,-117.10442845486365
train_00012,train,0,B5,769.1111908071897,37.3310215981727,392.10356956111553
train_00012,train,0,B6,-430.92028292666623,99.30195993593793,351.00742973685715
train_00012,train,0,C2,1505.5236804425056,9.65339971334399,87.64592051103553
train_00012,train,0,C3,1694.4371735677223,-21.512990406545214,201.62287748368223
train_00012,train,0,C4,1681.154812112648,212.36982787756602,209.76054512678803
train_00012,train,0,C5,1499.4813432221877,57.379105914090424,207.88185083956478
train_00012,train,0,C6,1673.8173603713267,283.4095551622045,328.6219407150164
train_00012,train,0,C7,1695.2806654702508,-47.16333345975896,222.8144163211603
train_00012,train,1,A2,-931.1398114696664,232.05846082920934,-185.72419040135634
train_00012,train,1,A3,-923.3048478121725,90.46684785067679,-283.6679291590858
train_00012,train,1,A4,-947.5492301044877,-121.74579940944298,-269.82259059011005
train_00012,train,1,A5,-874.4896054220982,52.943498789241424,295.07010000688814
train_00012,train,1,B2,-599.9916065755483,-252.0519320526183,-162.67666413065098
train_00012,train,1,B3,-599.9853771590994,-181.2413027612919,-239.0542962171625
train_00012,train,1,B4,600.0198535087163,-181.11707815301324,-239.08218322993474
train_00012,train,1,B5,600.0137118796209,130.168066765705,270.33901508308037
train_00012,train,1,B6,-599.9791400752277,192.80863880045615,229.8595238194498
train_00012,train,1,C2,1450.4960189470942,-160.0569264152454,-59.17877599164125
train_00012,train,1,C3,1640.514716344988,-154.28165262956568,57.11437366942668
train_00012,train,1,C4,1640.4771361305218,63.310475601617874,-30.027231693501694
train_00012,train,1,C5,1450.4722026864686,-67.50498342612079,31.542843539240234
train_00012,train,1,C6,1640.5001193338826,176.6477726462511,49.988694452025236
train_00012,train,1,C7,1640.4903119999087,-169.18334483081452,86.88551931752122
train_00012,train,2,A2,-681.1248183541526,231.96591622201902,-185.78273228462726
train_00012,train,2,A3,-673.3312958743154,90.3862754791015,-283.63389651712197
train_00012,train,2,A4,-697.6208346333283,-121.75279327066384,-269.71776912747407
train_00012,train,2,A5,-624.4914335022064,53.059359346246204,295.09379654860487
train_00012,train,2,B2,-599.9298903397888,-251.98593336813192,-162.70007377813928
train_00012,train,2,B3,-599.9770625739435,-181.19592239651712,-239.09216678438088
train_00012,train,2,B4,599.9695823994301,-181.1465314284111,-239.07100159597513
train_00012,train,2,B5,600.023530718681,130.21441670249322,270.31686349845523
train_00012,train,2,B6,-599.9827190455185,192.80684796303166,229.89496953915798
train_00012,train,2,C2,1450.4843311725497,-160.08204083312557,-59.18936687464732
train_00012,train,2,C3,1640.4945356651951,-154.28105500343057,57.088834391617425
train_00012,train,2,C4,1640.5173553729971,63.33896460544147,-30.01262920523716
train_00012,train,2,C5,1450.4839765888792,-67.56174850816096,31.534658620713664
train_00012,train,2,C6,1640.5161459721505,176.59282389502718,49.973588000259625
train_00012,train,2,C7,1640.4652884635923,-169.17789103852192,86.89832915202652
train_00012,train,3,A2,-681.125645869455,231.91079225014516,-185.77319089430094
train_00012,train,3,A3,-673.3684729035015,90.32681786323717,-283.6285387519594
train_00012,train,3,A4,-697.6096443106053,-121.8575852101148,-269.7056776064989
train_00012,train,3,A5,-624.4909578412758,53.067273999121966,295.07478133040405
train_00012,train,3,B2,-600.0144322139062,-252.05970506720334,-162.72656523475482
train_00012,train,3,B3,-599.9733569980189,-181.16468210001216,-239.07578402385874
train_00012,train,3,B4,600.0150821339539,-181.1395160569702,-239.111587044591
train_00012,train,3,B5,599.9518208296934,130.20542583986986,270.27446739244095
train_00012,train,3,B6,-600.0523762389706,192.84853616217205,229.89817928990962
train_00012,train,3,C2,1200.0618946244297,-158.61849671195046,-57.80025553952378
train_00012,train,3,C3,1390.0560246737973,-152.83037539236864,58.41679133999092
train_00012,train,3,C4,1390.0310284694724,64.75742486942974,-28.67744643363986
train_00012,train,3,C5,1200.0085496314225,-66.17433774596755,32.967469016017084
train_00012,train,3,C6,1390.082471136883,178.0464369235571,51.393824808214426
train_00012,train,3,C7,1390.0880764121246,-167.75392500310232,88.23610977633463
train_00012,train,4,A2,-681.0896643166749,231.995378720697,-185.85661276733947
train_00012,train,4,A3,-673.2756802034583,90.3625626308886,-283.64534598210963
train_00012,train,4,A4,-697.530963717663,-121.78090613167247,-269.7454069936247
train_00012,train,4,A5,-624.4136419470187,53.049857621859125,295.0435975264907
train_00012,train,4,B2,-599.9736967280863,-252.0503166154899,-162.73373019290244
train_00012,train,4,B3,-599.9173555553218,-181.13023913302888,-239.08784733740512
train_00012,train,4,B4,600.0438226139175,-181.1437489397624,-239.12202700083395
train_00012,train,4,B5,599.9901816478701,130.10598690345844,270.3101333841791
train_00012,train,4,B6,-599.9563261089737,192.81417862788828,229.846668207757
train_00012,train,4,C2,1200.066946679228,-158.70519725243315,-57.86441849864983
train_00012,train,4,C3,1390.1150774561463,-152.91356463863374,58.421498360921
train_00012,train,4,C4,1390.124750130499,64.61260453524345,-28.61583914431402
train_00012,train,4,C5,1200.1442282323749,-66.21263901773978,32.88166152153233
train_00012,train,4,C6,1390.1611373915741,177.93232988514825,51.45669838824398
train_00012,train,4,C7,1390.1964306051348,-167.88977599192222,88.19697025746525
train_00013,train,0,A2,-930.4296209363551,-50.592929427323384,-36.79212373559675
train_00013,train,0,A3,-912.3008703593748,-193.33042641402795,-131.61404896027884
train_00013,train,0,A4,-920.6090111974505,-406.3768326084204,-113.13523202202552
train_00013,train,0,A5,-859.9456131906238,-214.63088593584303,447.6694625650995
train_00013,train,0,B2,-285.4504279967493,-366.3836671323211,103.12857489098376
train_00013,train,0,B3,-294.9671769874644,-305.79933167016213,18.863165589311595
train_00013,train,0,B4,840.5735420212707,58.29132791024017,153.1948653778968
train_00013,train,0,B5,676.8205727186655,398.24991502811037,615.8307957495095
train_00013,train,0,B6,-470.9211415446105,90.13968496970854,433.6341518782177
train_00013,train,0,C2,1776.1216977813351,-364.0770754435664,-215.7340336490128
train_00013,train,0,C3,1958.3351546782405,-366.97139404580776,-87.45201157693656
train_00013,train,0,C4,1985.421708650769,-158.19365495918677,-190.38150896610128
train_00013,train,0,C5,1779.8644184537088,-264.9186557786772,-132.38851783221713
train_00013,train,0,C6,1992.0035657284711,-39.31276896941826,-119.17864493322136
train_00013,train,0,C7,1954.9934238160406,-379.41670582052467,-56.73012151193236
train_00013,train,1,A2,-931.023502311444,231.99945312319315,-185.8360124359445
train_00013,train,1,A3,-923.3160327810019,90.46409909757625,-283.71390367766753
train_00013,train,1,A4,-947.5276362287511,-121.73469485395091,-269.77924936088544
train_00013,train,1,A5,-874.4881634860673,53.0015367077934,294.9879681491258
train_00013,train,1,B2,-600.0218919682277,-251.8987983519991,-162.78918610131367
train_00013,train,1,B3,-600.0136421671284,-181.0468160923569,-239.15348659871526
train_00013,train,1,B4,599.9650563829201,-181.09408073148785,-239.13791247320404
train_00013,train,1,B5,600.0308591018703,130.1673557184917,270.3282149770987
train_00013,train,1,B6,-600.0199901948487,192.8750344853898,229.83349977478053
train_00013,train,1,C2,1450.0390350521805,-158.61980384966398,-57.91110506367974
train_00013,train,1,C3,1640.062051446729,-152.79041171715843,58.336909352833786
train_00013,train,1,C4,1640.0114256834404,64.82793250636679,-28.68914509115963
train_00013,train,1,C5,1450.0052391542533,-66.06002319892934,32.846743258485624
train_00013,train,1,C6,1639.927087352011,178.13793980537778,51.3718216677774
train_00013,train,1,C7,1640.0312918934103,-167.6214719777792,88.13586517487579
train_00013,train,2,A2,-681.0317010745949,232.07301399819664,-185.79300770593417
train_00013,train,2,A3,-673.3091791114559,90.57598530208962,-283.67421367326483
train_00013,train,2,A4,-697.5412922532489,-121.57510476580441,-269.83027782101436
train_00013,train,2,A5,-624.5051508607436,53.04563611424541,295.01963987126874
train_00013,train,2,B2,-600.0529453244102,-251.95015445177236,-162.7954237334087
train_00013,train,2,B3,-600.0023953849359,-181.09137085675758,-239.15114529640462
train_00013,train,2,B4,600.0394615267386,-181.1134907290102,-239.1610909925383
train_00013,train,2,B5,600.0381510744243,130.19378143539066,270.3224713288769
train_00013,train,2,B6,-600.0837765315194,192.87257148680123,229.77799413314463
train_00013,train,2,C2,1450.0299835516994,-158.5500740113598,-57.87133718319227
train_00013,train,2,C3,1640.0206717668077,-152.73827196642878,58.36940408194839
train_00013,train,2,C4,1639.9922184730995,64.85573050783162,-28.703958931511046
train_00013,train,2,C5,1450.0066051084198,-66.10896410295696,32.89025282033189
train_00013,train,2,C6,1639.9796193685122,178.14507146718873,51.38630289929591
train_00013,train,2,C7,1640.035651991706,-167.67116496658912,88.08062077681306
train_00013,train,3,A2,-681.0788040117458,232.0927612782115,-185.85132818809026
train_00013,train,3,A3,-673.3159365222622,90.56638704260635,-283.66716315925976
train_00013,train,3,A4,-697.5011778431912,-121.58650616496283,-269.8349513941439
train_00013,train,3,A5,-624.4858898854887,53.03888105537511,294.99385826586945
train_00013,train,3,B2,-600.0031769076215,-251.95854317921342,-162.82187782593914
train_00013,train,3,B3,-600.0106714188677,-181.09602685066014,-239.1413352740205
train_00013,train,3,B4,599.9461214430527,-181.07736340248812,-239.14614770200853
train_00013,train,3,B5,600.0211970068248,130.14433172323024,270.30763788083675
train_00013,train,3,B6,-599.9611100463114,192.89517263815054,229.8539480892428
train_00013,train,3,C2,1200.0461354292352,-158.69958568134018,-57.763194580554774
train_00013,train,3,C3,1390.0163541308964,-152.78079727241035,58.619426527140796
train_00013,train,3,C4,1390.0287285678376,64.78667428910626,-28.527749675616537
train_00013,train,3,C5,1199.972522705645,-66.07970301290159,32.95652933380828
train_00013,train,3,C6,1389.9558537673363,178.0757113008639,51.46646465190601
train_00013,train,3,C7,1389.9554668426304,-167.70393019884455,88.30944925578285
train_00013,train,4,A2,-681.1249128413111,232.0212929844845,-185.84244780425462
train_00013,train,4,A3,-673.2779085675552,90.488191173979,-283.68075923815115
train_00013,train,4,A4,-697.5325856635053,-121.7203655564857,-269.8815555173134
train_00013,train,4,A5,-624.5082070548674,53.02164494632096,295.0244865798269
train_00013,train,4,B2,-599.9793335604375,-251.9673355327747,-162.8244821834419
train_00013,train,4,B3,-600.00608608563,-181.15077111324325,-239.19221707864187
train_00013,train,4,B4,599.9336344779724,-181.18112606626738,-239.1660488994454
train_00013,train,4,B5,599.975704911165,130.09161077328883,270.2889133900355
train_00013,train,4,B6,-600.0122652784271,192.8674082933948,229.76745186444896
train_00013,train,4,C2,1200.016465902209,-158.7146299682208,-57.763837376712864
train_00013,train,4,C3,1389.9952581249872,-152.90489336680903,58.44989652324093
train_00013,train,4,C4,1389.9575612935212,64.71558130061499,-28.608583576476494
train_00013,train,4,C5,1199.9454923626322,-66.20420691240275,32.904046062277004
train_00013,train,4,C6,1389.9463364991634,177.9645204179501,51.42434907177127
train_00013,train,4,C7,1389.933665813736,-167.81732379791282,88.3159487079981
train_00014,train,0,A2,-721.1602278123638,111.96192033498777,117.74320491504848
train_00014,train,0,A3,-759.5471558459216,-17.575227571178207,10.888865851871481
train_00014,train,0,A4,-831.4967363184213,-219.03844532546165,14.390108446797504
train_00014,train,0,A5,-648.892197007024,-120.91742430362311,572.8515770066498
train_00014,train,0,B2,-472.40206064722236,-443.72255129254194,-58.50440546588561
train_00014,train,0,B3,-500.59631273334406,-370.6708480288246,-127.24955340379476
train_00014,train,0,B4,615.9336992243935,68.81031964184965,-118.51226424189113
train_00014,train,0,B5,517.9472443644514,307.04749200192833,420.08574645086287
train_00014,train,0,B6,-622.7582151208799,-70.45063319723259,377.50186358712216
train_00014,train,0,C2,1668.1453398240426,-160.32885414006418,-18.013199801334547
train_00014,train,0,C3,1858.0959094496027,-154.906339325571,98.27579941640742
train_00014,train,0,C4,1858.2437186249454,62.87453373766742,11.647902214117302
train_00014,train,0,C5,1668.085712159184,-68.06775256480388,72.87454802632475
train_00014,train,0,C6,1858.252861867021,175.97198711352175,91.91041459497504
train_00014,train,0,C7,1858.0855746751627,-169.99622542840723,128.0814547402086
train_00014,train,1,A2,-931.1472394044607,231.94554998481732,-185.85657030370547
train_00014,train,1,A3,-923.3001830479373,90.41171608513666,-283.7645466005038
train_00014,train,1,A4,-947.5635734721449,-121.81192409074609,-269.78577547968433
train_00014,train,1,A5,-874.4875049747341,52.997820167803305,295.03522903742385
train_00014,train,1,B2,-599.9361041942648,-252.0971992231016,-162.8807026878993
train_00014,train,1,B3,-599.9588206970986,-181.21140233802066,-239.16191042256864
train_00014,train,1,B4,599.9946277910973,-181.18213253806087,-239.1503282648795
train_00014,train,1,B5,599.9114695576726,130.1752630090206,270.3197293955647
train_00014,train,1,B6,-600.0027617068796,192.82117998650983,229.78877906017848
train_00014,train,1,C2,1449.8926608517238,-158.65470076021978,-57.86909023732888
train_00014,train,1,C3,1639.931305960205,-152.81731630358422,58.38778346657405
train_00014,train,1,C4,1639.9494130426747,64.68679923317985,-28.713179337182662
train_00014,train,1,C5,1449.9368299034986,-66.16121537167874,32.88212709611424
train_00014,train,1,C6,1640.0138287126003,178.04170343902803,51.29865198778032
train_00014,train,1,C7,1639.9512587437123,-167.79428982607436,88.17865259897744
train_00014,train,2,A2,-681.0622745730597,231.9098502582713,-185.87850701163094
train_00014,train,2,A3,-673.2363529053466,90.34119868596329,-283.7853329659259
train_00014,train,2,A4,-697.5483400156459,-121.80887400728123,-269.87233669496237
train_00014,train,2,A5,-624.5551464451346,52.871503342471506,295.0071324801263
train_00014,train,2,B2,-600.0110588532228,-252.04893188157686,-162.8703158520069
train_00014,train,2,B3,-600.0803731967063,-181.17224525727414,-239.21204682028718
train_00014,train,2,B4,599.9250249308602,-181.14084170316607,-239.10738298746014
train_00014,train,2,B5,599.9199561921431,130.1731911725811,270.30958072235245
train_00014,train,2,B6,-600.096376787033,192.8065700442217,229.7228647475882
train_00014,train,2,C2,1449.9938128652054,-158.66542722164004,-57.859960525624366
train_00014,train,2,C3,1639.9385533592683,-152.82571875697417,58.4144876816598
train_00014,train,2,C4,1639.9700166421535,64.70633040452799,-28.760046323501744
train_00014,train,2,C5,1449.9547020941752,-66.17792657609958,32.82997419653599
train_00014,train,2,C6,1640.0084889728328,178.04599450691674,51.33524947166865
train_00014,train,2,C7,1639.9551966219935,-167.76694019614223,88.18179277696346
train_00014,train,3,A2,-681.0590485983018,231.98574762016108,-185.94359553229165
train_00014,train,3,A3,-673.2461215692928,90.36741921126999,-283.7610506092945
train_00014,train,3,A4,-697.4837082852574,-121.80860954594424,-269.8767664822154
train_00014,train,3,A5,-624.4849178889242,52.833144451223234,294.9833686635348
train_00014,train,3,B2,-599.9836718785139,-252.07620141448936,-162.82973601943024
train_00014,train,3,B3,-599.9932487346925,-181.1380631891906,-239.246701728411
train_00014,train,3,B4,599.9972014384724,-181.12512894906064,-239.1530720504395
train_00014,train,3,B5,600.0062790948896,130.19900967776235,270.30315883033165
train_00014,train,3,B6,-600.0722522706272,192.76254344288375,229.72800878270303
train_00014,train,3,C2,1198.621107200654,-158.32879300024126,-59.26501919906315
train_00014,train,3,C3,1388.5645414005053,-152.58497397307087,57.05027967920908
train_00014,train,3,C4,1388.5506435394411,65.02953544395083,-30.02488157928793
train_00014,train,3,C5,1198.5998269580627,-65.8682210463044,31.521519900169814
train_00014,train,3,C6,1388.5724220535253,178.30540526517353,50.02857870847439
train_00014,train,3,C7,1388.5936650474,-167.51348828307127,86.8477280116557
train_00014,train,4,A2,-680.4157208677177,231.95932059348388,-185.88383755338936
train_00014,train,4,A3,-672.5630647106838,90.41053096379864,-283.7463619119622
train_00014,train,4,A4,-696.8073147556128,-121.78163150717687,-269.7633557012836
train_00014,train,4,A5,-624.0887056489503,52.96852118312539,295.05269939197916
train_00014,train,4,B2,-599.4655147143221,-252.03438688545324,-162.75421001833357
train_00014,train,4,B3,-599.3725514675684,-181.16289142374757,-239.06839952041264
train_00014,train,4,B4,600.638948034473,-181.32769874548276,-238.37154980521288
train_00014,train,4,B5,600.3366100322761,130.09648501262777,271.0237386579901
train_00014,train,4,B6,-599.6116089367517,192.88593019862475,229.82793211087994
train_00014,train,4,C2,1199.1064177174396,-158.58518054181056,-58.142595819766036
train_00014,train,4,C3,1389.0751039155728,-152.87613183334503,58.20776747472606
train_00014,train,4,C4,1389.1511888865527,64.75497306219705,-28.84304276218052
train_00014,train,4,C5,1199.0512360006896,-66.12250318493501,32.58357365358773
train_00014,train,4,C6,1389.1215836178555,178.06884864883367,51.126767726812965
train_00014,train,4,C7,1389.0452362042502,-167.73106384385372,87.98710440638155
train_00015,train,0,A2,-786.5694634291477,501.65346535402665,-29.589410584549448
train_00015,train,0,A3,-788.785190790568,357.5509309167448,-124.04399228319667
train_00015,train,0,A4,-835.137977606101,149.3450399588088,-107.00687254742981
train_00015,train,0,A5,-770.1412103647122,329.9495552395777,456.9372980256409
train_00015,train,0,B2,-581.8578414018424,-193.08451053967156,-455.8811982246567
train_00015,train,0,B3,-592.1885468861183,-119.76425682239335,-529.1174325310044
train_00015,train,0,B4,601.8612436853722,-44.90481140237344,-622.2170029397486
train_00015,train,0,B5,624.043041159537,248.00427561882486,-102.45786309157134
train_00015,train,0,B6,-576.9705368676521,237.12882995755808,-47.285663666075955
train_00015,train,0,C2,1258.9799677846972,-168.93450525620986,26.119481065539652
train_00015,train,0,C3,1435.9959511466227,-139.02387976910396,158.17596183690353
train_00015,train,0,C4,1453.5337959385045,52.586764610311356,24.201994778648483
train_00015,train,0,C5,1253.1973039987984,-57.869519762071654,92.73097979915757
train_00015,train,0,C6,1449.6468277466379,181.2279026466637,75.75237459666364
train_00015,train,0,C7,1432.3515493574453,-146.63858255815538,190.36797599908343
train_00015,train,1,A2,-931.1458992354179,231.9510559106389,-185.74372957076454
train_00015,train,1,A3,-923.3416207334272,90.3645643437743,-283.66035759348733
train_00015,train,1,A4,-947.5367342412218,-121.74610614101833,-269.7577558227677
train_00015,train,1,A5,-874.4578953652193,52.89740246059134,295.03930088048116
train_00015,train,1,B2,-600.0222549515038,-252.0191077761755,-162.68077429182762
train_00015,train,1,B3,-599.9889848395615,-181.18396528289819,-239.02898152607895
train_00015,train,1,B4,600.0281691936648,-181.18296459538863,-239.06349759450046
train_00015,train,1,B5,599.9719094249575,130.18750261152687,270.3277774637891
train_00015,train,1,B6,-599.959984009725,192.83276784674092,229.88180993379046
train_00015,train,1,C2,1449.9947988824686,-158.7134213616971,-57.90840545265437
train_00015,train,1,C3,1639.972825830625,-152.8768719215919,58.29788609534764
train_00015,train,1,C4,1639.976039340826,64.70275289612759,-28.777981134279525
train_00015,train,1,C5,1450.0143778382242,-66.17653419735763,32.806455585873614
train_00015,train,1,C6,1640.0047173169169,177.9987114659056,51.28231929636921
train_00015,train,1,C7,1640.0383936961045,-167.73849837745377,88.10348267196092
train_00015,train,2,A2,-681.0616850436397,231.996993331072,-185.69441072166092
train_00015,train,2,A3,-673.2991038478401,90.46580132665393,-283.6366334447295
train_00015,train,2,A4,-697.5134044944656,-121.7924242101315,-269.6677355762978
train_00015,train,2,A5,-624.4363989792672,52.92449219866939,295.1568540259863
train_00015,train,2,B2,-600.036296239836,-252.05833530209642,-162.7248956181393
train_00015,train,2,B3,-600.0465538774579,-181.25084783600974,-239.13071917319033
train_00015,train,2,B4,599.9835168583554,-181.20541360168033,-239.02136703889556
train_00015,train,2,B5,599.9866983198023,130.21082341543337,270.3709339679065
train_00015,train,2,B6,-599.986111689854,192.88945810894566,229.85829423742567
train_00015,train,2,C2,1449.9872128148345,-158.7328186988003,-57.896275746901516
train_00015,train,2,C3,1639.9713481997242,-152.89106967955544,58.375905713196325
train_00015,train,2,C4,1639.9809820806677,64.6822007485556,-28.747309957769588
train_00015,train,2,C5,1450.0311202120074,-66.22709382785098,32.86416005705957
train_00015,train,2,C6,1639.936759772406,178.01354357976177,51.24544386824126
train_00015,train,2,C7,1640.0756480739847,-167.7862919290916,88.1013250979052
train_00015,train,3,A2,-681.066525433229,231.94540864004455,-185.72106109939912
train_00015,train,3,A3,-673.2320363304027,90.39612179754842,-283.56492893611534
train_00015,train,3,A4,-697.539386408073,-121.76479403913955,-269.6577817314253
train_00015,train,3,A5,-624.4523456613086,52.970582572036754,295.1079635124456
train_00015,train,3,B2,-599.9862579513502,-251.98141789641494,-162.73399250068252
train_00015,train,3,B3,-600.0334031129335,-181.1423381343498,-239.05854370145985
train_00015,train,3,B4,599.9782147692167,-181.19018613860808,-239.01891504179895
train_00015,train,3,B5,599.9538833310941,130.2202865912998,270.286413018724
train_00015,train,3,B6,-600.0199855768589,192.83519949254077,229.75597860196032
train_00015,train,3,C2,1199.9838247874322,-158.83599920660163,-57.7914433124433
train_00015,train,3,C3,1389.8983530001624,-153.06672154615376,58.55225697444428
train_00015,train,3,C4,1389.973616949412,64.47978229866979,-28.53928804404794
train_00015,train,3,C5,1199.9571197144323,-66.38377754487503,33.007688098135155
train_00015,train,3,C6,1389.9723178929455,177.78216892345242,51.50688268805991
train_00015,train,3,C7,1389.891252809083,-168.00800321001591,88.2946502199632
train_00015,train,4,A2,-681.0375542478508,232.07239332154802,-185.73187242807296
train_00015,train,4,A3,-673.2999842123137,90.45344447671457,-283.59980356839884
train_00015,train,4,A4,-697.4640134008678,-121.69680262137008,-269.7794417441792
train_00015,train,4,A5,-624.3920892890446,53.0362219392528,295.1375084026074
train_00015,train,4,B2,-599.992812543332,-252.03373509568547,-162.71130972471454
train_00015,train,4,B3,-599.9821184662942,-181.14725979749164,-239.12363509802424
train_00015,train,4,B4,599.9945606485085,-181.09278068497116,-239.21431883581505
train_00015,train,4,B5,600.0603256451078,130.3018435045608,270.2453644119625
train_00015,train,4,B6,-599.9048956191076,192.8770116977446,229.77842353508706
train_00015,train,4,C2,1199.9978692878358,-158.72544333806871,-57.90080936411938
train_00015,train,4,C3,1390.0233357024804,-152.94546260527298,58.36287887993456
train_00015,train,4,C4,1390.0772383803492,64.58398189332445,-28.66003416093282
train_00015,train,4,C5,1200.004258117278,-66.25980845831702,32.85474962919127
train_00015,train,4,C6,1390.033096238246,177.94286718859348,51.30332096473744
train_00015,train,4,C7,1389.9371163104993,-167.90307275628393,88.15836926615816
train_00016,train,0,A2,-1016.6299770877037,546.8869807247659,-425.1865286811511
train_00016,train,0,A3,-1012.9865092895596,407.549775945899,-526.3960228970236
train_00016,train,0,A4,-1033.9035026245278,194.841075384828,-515.7980022557977
train_00016,train,0,A5,-929.6601783272838,358.3713368287747,47.481846095084755
train_00016,train,0,B2,-645.1656382740935,-340.9319201089699,-330.6611940158383
train_00016,train,0,B3,-635.1476446536612,-289.3194840841289,-420.5808360340808
train_00016,train,0,B4,559.1637373169228,-328.9609770540429,-310.4921291188273
train_00016,train,0,B5,533.8361375040067,89.75241353926916,114.32675133971509
train_00016,train,0,B6,-653.792365758816,181.23889178447803,-49.06371334864702
train_00016,train,0,C2,1446.0787188896354,-324.4157933527132,24.73737002432306
train_00016,train,0,C3,1634.8407325592802,-320.09004455962673,143.16146822696143
train_00016,train,0,C4,1638.8952800031311,-103.39076268727838,53.75110397344242
train_00016,train,0,C5,1446.3371307991795,-230.95991394448757,114.4490565414291
train_00016,train,0,C6,1639.6461788915515,10.694418817077818,132.52850477507047
train_00016,train,0,C7,1634.281455491834,-334.6543822374152,173.09840393248615
train_00016,train,1,A2,-931.1179416121095,232.05211832747062,-185.91290915344962
train_00016,train,1,A3,-923.3003093504292,90.49493708786264,-283.71641544105216
train_00016,train,1,A4,-947.523874206895,-121.71185666940887,-269.8447474413483
train_00016,train,1,A5,-874.5039981163255,53.063877934214226,294.9787742052213
train_00016,train,1,B2,-599.9731487631606,-252.04747506354022,-162.7532961163328
train_00016,train,1,B3,-599.9844604496385,-181.21531324182357,-239.1606219138287
train_00016,train,1,B4,600.1208403483629,-181.07049518155847,-239.12245852684566
train_00016,train,1,B5,600.0688323661764,130.2095730680902,270.2751820924324
train_00016,train,1,B6,-599.9607528398768,192.76657844854907,229.80695432521833
train_00016,train,1,C2,1449.9523969260233,-158.75260097470436,-57.900589276111596
train_00016,train,1,C3,1640.0029350919403,-152.91361941157533,58.350962405970975
train_00016,train,1,C4,1639.972655629891,64.62696745111249,-28.768406208669475
train_00016,train,1,C5,1449.9256997312925,-66.2516931731208,32.848618480035704
train_00016,train,1,C6,1639.9425301354524,177.96431431501253,51.29548237145487
train_00016,train,1,C7,1639.8545413823292,-167.84391081273156,88.09575415791828
train_00016,train,2,A2,-680.557623169836,232.625141461742,-187.5513965214869
train_00016,train,2,A3,-672.6988611021275,91.15316526673512,-285.42428301354926
train_00016,train,2,A4,-696.9455082541037,-121.06179759157237,-271.5694904637429
train_00016,train,2,A5,-623.9584349332173,53.67814165994508,293.34509172068937
train_00016,train,2,B2,-599.9419033602584,-251.98936873730838,-162.79342169345236
train_00016,train,2,B3,-599.9232614297724,-181.19376625724675,-239.1446681346638
train_00016,train,2,B4,600.0459594021194,-181.0624055197068,-239.0532969826541
train_00016,train,2,B5,599.9974393710087,130.19719007774736,270.3200913709284
train_00016,train,2,B6,-599.9645372419777,192.71806338810813,229.83998591307272
train_00016,train,2,C2,1449.9698468004974,-158.78970536392873,-57.94411258515083
train_00016,train,2,C3,1639.9667755628761,-152.9952273596694,58.33342657976591
train_00016,train,2,C4,1639.9524691313923,64.63445734130562,-28.701410996080988
train_00016,train,2,C5,1449.9828918285252,-66.24824680058532,32.82041700701175
train_00016,train,2,C6,1639.9599442178003,177.92197667474426,51.29388376957793
train_00016,train,2,C7,1639.981728453479,-167.88693637941063,88.1334333390096
train_00016,train,3,A2,-680.5438659381044,232.68986205098312,-187.57725137158283
train_00016,train,3,A3,-672.7469457374754,91.10393790339546,-285.39653774418895
train_00016,train,3,A4,-696.9837708705342,-121.03609013875581,-271.5232501670685
train_00016,train,3,A5,-623.9577714753873,53.62681365969321,293.26984854576654
train_00016,train,3,B2,-599.9130841120326,-252.06304445992362,-162.80548111451944
train_00016,train,3,B3,-599.9486532572527,-181.2093528103256,-239.13840619280643
train_00016,train,3,B4,600.0183766841357,-181.0808393039123,-239.14095656033254
train_00016,train,3,B5,600.0164736377579,130.23750036835008,270.2212782141677
train_00016,train,3,B6,-599.9738217705808,192.74907382511364,229.82343879046635
train_00016,train,3,C2,1200.0316181408152,-158.58402046449638,-57.71241592404416
train_00016,train,3,C3,1390.069962777955,-152.78578534374455,58.5569934441397
train_00016,train,3,C4,1390.077212061189,64.82206005792888,-28.54785122507423
train_00016,train,3,C5,1200.0586094790278,-66.06474319776406,32.93247023631838
train_00016,train,3,C6,1390.0307267531134,178.1166380189617,51.475169520665794
train_00016,train,3,C7,1390.0267627353653,-167.66467890748115,88.3640050274711
train_00016,train,4,A2,-680.8808443322541,232.34542238614503,-186.40853821031527
train_00016,train,4,A3,-673.0544287029778,90.80027345125593,-284.34162909207964
train_00016,train,4,A4,-697.294514905525,-121.31480659036423,-270.573172808829
train_00016,train,4,A5,-623.9409862181458,53.123585023690005,294.29423046267044
train_00016,train,4,B2,-600.1483353403129,-252.4242812008691,-161.89804712982104
train_00016,train,4,B3,-600.2163965570285,-181.49475185459085,-238.24940243394025
train_00016,train,4,B4,599.7871905308436,-181.19630431214125,-238.93636122384416
train_00016,train,4,B5,600.017843145328,129.88513257646622,270.6224728714309
train_00016,train,4,B6,-599.9725361499347,192.27026761354196,230.89408934624385
train_00016,train,4,C2,1199.9150201153136,-158.69865275863717,-57.94012039987113
train_00016,train,4,C3,1390.0229416066304,-152.8981847508673,58.2892685194415
train_00016,train,4,C4,1389.9048040093342,64.73447825591217,-28.74000712935188
train_00016,train,4,C5,1199.939283361605,-66.18246542275105,32.787114905776534
train_00016,train,4,C6,1389.8964630027688,178.02627264768077,51.35240597049854
train_00016,train,4,C7,1389.9853359752694,-167.80644618976183,88.03900351314768
train_00017,train,0,A2,-917.5812833407368,45.54260151834993,38.806529526182985
train_00017,train,0,A3,-920.6798607576048,-95.61686211193957,-59.97854542855564
train_00017,train,0,A4,-962.2914895912787,-305.10029519894044,-47.6863566640226
train_00017,train,0,A5,-879.2261541404727,-140.47950053502902,518.7752183383966
train_00017,train,0,B2,-437.0324554949938,-222.24243466329384,-30.787893855392014
train_00017,train,0,B3,-437.03154796952384,-138.90209019177414,-93.28503397694637
train_00017,train,0,B4,744.630301794353,-13.816882267980139,74.13302339522522
train_00017,train,0,B5,644.5297492480635,196.31917310860214,623.9777816562914
train_00017,train,0,B6,-540.3518077381325,139.87537183088259,427.70382934944234
train_00017,train,0,C2,1338.3263206251754,-76.52658407775694,-331.6245975431006
train_00017,train,0,C3,1546.0530619798242,-130.5616988917089,-271.61140778138713
train_00017,train,0,C4,1583.2628549421747,85.78459688575211,-353.8692787545803
train_00017,train,0,C5,1387.520967527034,4.908346939435323,-243.612594095793
train_00017,train,0,C6,1635.3671483930398,188.18168331646123,-276.02527811534685
train_00017,train,0,C7,1549.7267934241406,-147.28865223836254,-243.09922944420862
train_00017,train,1,A2,-931.1017203518383,232.007101964321,-185.85746757045908
train_00017,train,1,A3,-923.2853341085826,90.36988560031561,-283.73237893725076
train_00017,train,1,A4,-947.5552796504602,-121.78014500536054,-269.77445869362066
train_00017,train,1,A5,-874.5241867705016,52.996104020063164,295.0067770406834
train_00017,train,1,B2,-599.9625337882451,-252.06368546859844,-162.7790787569641
train_00017,train,1,B3,-599.9910922613391,-181.26186898254792,-239.17817985365562
train_00017,train,1,B4,599.9525394401293,-181.18515089758375,-239.15853484857294
train_00017,train,1,B5,600.0045111317313,130.07258220288975,270.26373250782245
train_00017,train,1,B6,-599.9909792624541,192.80896905779642,229.80747152341817
train_00017,train,1,C2,1450.008146154374,-158.69279647778455,-57.8701557398596
train_00017,train,1,C3,1639.9884168797819,-152.84128342981919,58.445458385965004
train_00017,train,1,C4,1640.0116863345177,64.6910054187086,-28.67319755991625
train_00017,train,1,C5,1449.9754712967194,-66.21745757400717,32.88467821462412
train_00017,train,1,C6,1639.9725619343935,178.01617874687392,51.45952082855977
train_00017,train,1,C7,1640.050914864231,-167.8105506771011,88.21364098312823
train_00017,train,2,A2,-681.6421812370608,233.63615210719874,-185.04944486691096
train_00017,train,2,A3,-673.8175211273917,92.07111510469196,-282.90460986937745
train_00017,train,2,A4,-698.1083278291702,-120.09844392769597,-269.06007821725075
train_00017,train,2,A5,-625.0421028480871,54.585806802942535,295.7367734289485
train_00017,train,2,B2,-599.9311373483531,-252.0743365319532,-162.7869075637601
train_00017,train,2,B3,-599.9668139010282,-181.16542509207702,-239.15818707191838
train_00017,train,2,B4,600.0506147114812,-181.15979556886703,-239.1332982446614
train_00017,train,2,B5,600.0554821502826,130.13646936450803,270.26486704714375
train_00017,train,2,B6,-599.9836489576796,192.79151936239433,229.77891939354603
train_00017,train,2,C2,1449.9778174749115,-158.6876297309456,-57.83386821153196
train_00017,train,2,C3,1639.9615024378943,-152.92981946364415,58.44257656199235
train_00017,train,2,C4,1639.9879376204465,64.7069481166288,-28.632811199998745
train_00017,train,2,C5,1449.9636169101223,-66.20202137967492,32.93913161189238
train_00017,train,2,C6,1639.9414704685814,178.02730796269316,51.36001295522133
train_00017,train,2,C7,1640.0248553289464,-167.83146646955518,88.18189331821975
train_00017,train,3,A2,-681.668574537778,233.65978759518615,-185.04243475268393
train_00017,train,3,A3,-673.8541944016241,92.0830882755896,-282.911198438845
train_00017,train,3,A4,-698.048115068387,-120.10738071119933,-269.1075720667729
train_00017,train,3,A5,-625.0225189111643,54.5441297040189,295.79797934891457
train_00017,train,3,B2,-600.0120942937558,-252.05553511208,-162.77755770661759
train_00017,train,3,B3,-600.0324453836555,-181.19360777236514,-239.10672489454134
train_00017,train,3,B4,600.0312606513511,-181.18882072227927,-239.13451857004165
train_00017,train,3,B5,599.9707118725627,130.08371174298853,270.2263180977839
train_00017,train,3,B6,-599.9503220774986,192.84200618834927,229.8745646311146
train_00017,train,3,C2,1200.0441922995763,-158.69197173020888,-57.87450494314855
train_00017,train,3,C3,1390.04091882709,-152.8920117462305,58.446781823138174
train_00017,train,3,C4,1390.0255984721805,64.69998726866609,-28.602070740510587
train_00017,train,3,C5,1200.0213889005402,-66.20860574329559,32.86935619302319
train_00017,train,3,C6,1389.9973701666493,178.04442608061896,51.4190573642469
train_00017,train,3,C7,1390.0036434973338,-167.7866447793544,88.23880303146235
train_00017,train,4,A2,-681.6303913962762,232.68431281952934,-185.60145992832122
train_00017,train,4,A3,-673.7167585573869,91.09083324184162,-283.4497860295633
train_00017,train,4,A4,-697.8865810108441,-121.09789436850737,-269.4643730216846
train_00017,train,4,A5,-625.0687982134287,53.90614280211435,295.2819913658845
train_00017,train,4,B2,-599.7305712796932,-253.00728824543194,-163.10666307192437
train_00017,train,4,B3,-599.7588823277727,-182.16224260935144,-239.50181639225727
train_00017,train,4,B4,600.2183924754571,-181.5974391182124,-239.23539907583978
train_00017,train,4,B5,599.948580140436,130.0356413338538,269.9991554135412
train_00017,train,4,B6,-600.0563802535831,192.0484456539194,229.28615248291624
train_00017,train,4,C2,1200.2144116018023,-158.7800597855188,-57.81145670463126
train_00017,train,4,C3,1390.1571921928678,-152.74934665954993,58.61141768862225
train_00017,train,4,C4,1390.1120252803698,64.80689292478175,-28.61561682029976
train_00017,train,4,C5,1200.1642214334533,-66.19384179012081,32.88691769623338
train_00017,train,4,C6,1390.0125138577453,178.10641447319063,51.37281681237451
train_00017,train,4,C7,1390.1436163574942,-167.6825896198518,88.3561478942442
train_00018,train,0,A2,-791.2391482886171,-76.28633213185077,-364.22341642168425
train_00018,train,0,A3,-779.744849153462,-221.62029920218515,-456.06603681516617
train_00018,train,0,A4,-792.3081022411519,-433.91774554787844,-431.91927931711973
train_00018,train,0,A5,-706.9521960015342,-230.0148729868547,121.24387770334704
train_00018,train,0,B2,-477.79487853300924,52.79722053023479,-409.2787254153063
train_00018,train,0,B3,-462.3218447103109,110.95488127883839,-494.32652295576474
train_00018,train,0,B4,712.1665806320789,-130.38042661468876,-445.73570317295173
train_00018,train,0,B5,769.5459311380052,242.18583675304387,17.18781781591918
train_00018,train,0,B6,-391.6131133934303,538.5994052730404,-79.81263506054836
train_00018,train,0,C2,1638.0141453013034,-35.039017143679,41.47043358467753
train_00018,train,0,C3,1851.004784482961,-54.709147686667144,103.8918955544928
train_00018,train,0,C4,1845.7274572581919,173.88164305060639,51.96272669451135
train_00018,train,0,C5,1667.8996578028296,41.84729637064001,141.39776454145257
train_00018,train,0,C6,1874.4778319656991,272.9327179909567,144.65502695580955
train_00018,train,0,C7,1857.372310978323,-74.12253205433615,130.26561571423608
train_00018,train,1,A2,-931.0517915042772,231.99344148046424,-185.79477469421465
train_00018,train,1,A3,-923.294166301121,90.44254977487925,-283.69892708918246
train_00018,train,1,A4,-947.5048838759947,-121.84467603142878,-269.8017047829476
train_00018,train,1,A5,-874.3690604323617,52.942304175781764,295.0674566488419
train_00018,train,1,B2,-600.0343352779869,-252.03851070090548,-162.80895833749366
train_00018,train,1,B3,-600.0442027918965,-181.137998260951,-239.17362395114228
train_00018,train,1,B4,599.9975821872623,-181.18823787994424,-239.1278910068097
train_00018,train,1,B5,600.0328446221171,130.2247529957588,270.32352920436557
train_00018,train,1,B6,-600.0342587173774,192.8102185665793,229.8364405142648
train_00018,train,1,C2,1449.943893570772,-158.83089850233745,-57.99737873133037
train_00018,train,1,C3,1640.0017764422323,-153.1200865623449,58.30636063530944
train_00018,train,1,C4,1640.008997443377,64.51919724544565,-28.837469148517716
train_00018,train,1,C5,1449.973982093724,-66.34753260180572,32.804469810113346
train_00018,train,1,C6,1640.027641799253,177.83761370858693,51.237453180376995
train_00018,train,1,C7,1640.0227476527061,-168.0271972675147,88.09364901617555
train_00018,train,2,A2,-681.1293998999719,232.03252449518644,-185.8468647836939
train_00018,train,2,A3,-673.342065582924,90.43615846689596,-283.71220870783236
train_00018,train,2,A4,-697.5679163189458,-121.71868574305081,-269.84597730131975
train_00018,train,2,A5,-624.5421221009169,53.05753974526208,295.00777839135117
train_00018,train,2,B2,-600.029340532862,-252.01107164592986,-162.753836524741
train_00018,train,2,B3,-600.0056683968944,-181.14247940220298,-239.16088460895497
train_00018,train,2,B4,599.9979457103203,-181.15824200765496,-239.14396780594396
train_00018,train,2,B5,599.8918036810896,130.11000615516897,270.28436816804714
train_00018,train,2,B6,-599.9596820760726,192.8089133824453,229.7541864049412
train_00018,train,2,C2,1450.0001473233767,-158.83736685580982,-57.98472733715458
train_00018,train,2,C3,1639.988950396346,-153.04970793407892,58.35884711768583
train_00018,train,2,C4,1640.0479527140765,64.51425756282514,-28.8353942633435
train_00018,train,2,C5,1449.967260041906,-66.38653937689743,32.745378692928824
train_00018,train,2,C6,1640.0247457296248,177.8610092067571,51.2429575438886
train_00018,train,2,C7,1640.0028319956293,-167.9655300025048,88.11577756041936
train_00018,train,3,A2,-681.1466068730037,232.03641182985658,-185.87322489659198
train_00018,train,3,A3,-673.2657976386503,90.399138341301,-283.68049157762044
train_00018,train,3,A4,-697.6317470742885,-121.68246650637506,-269.90054132172946
train_00018,train,3,A5,-624.5121121099608,53.03146961651976,295.026566731672
train_00018,train,3,B2,-600.0628540352608,-252.00853251273966,-162.8397621590519
train_00018,train,3,B3,-600.0021572324449,-181.14001440843776,-239.17948856063074
train_00018,train,3,B4,600.0187097147552,-181.23463156390463,-239.16142650490147
train_00018,train,3,B5,599.9383590978354,130.10336787354368,270.2405252496775
train_00018,train,3,B6,-599.9851075919642,192.8391501290644,229.83545159519514
train_00018,train,3,C2,1199.650543291689,-157.1207449208229,-58.942053840859586
train_00018,train,3,C3,1389.700531201108,-151.3030701065318,57.296393358187416
train_00018,train,3,C4,1389.6515516449635,66.32273069462259,-29.748741942757952
train_00018,train,3,C5,1199.6873707369912,-64.62988215631869,31.809385423141258
train_00018,train,3,C6,1389.6907850343273,179.5850015093162,50.30809226383296
train_00018,train,3,C7,1389.671290251844,-166.2626331048273,87.09530591883697
train_00018,train,4,A2,-680.6646070597013,232.0965313955846,-185.93783241087755
train_00018,train,4,A3,-673.0058520740725,90.50991097175671,-283.75382696050826
train_00018,train,4,A4,-697.3994671936993,-121.63476888086866,-269.84190105422783
train_00018,train,4,A5,-624.4856547781076,53.13325650238694,294.96552018795995
train_00018,train,4,B2,-600.003310835358,-251.9905170834652,-162.7394694011272
train_00018,train,4,B3,-599.902485559399,-181.16845485966093,-239.10474673800647
train_00018,train,4,B4,600.0490161906399,-182.1773420369938,-238.47428538035413
train_00018,train,4,B5,600.0884118407317,129.2119818445145,270.89059773438294
train_00018,train,4,B6,-599.8116159387404,192.90629050855333,229.75393323140796
train_00018,train,4,C2,1199.7734569483994,-158.47466832739653,-57.9787869570668
train_00018,train,4,C3,1389.6541344941425,-152.8679418048856,58.25588263948456
train_00018,train,4,C4,1389.8440302784068,64.72530191603255,-28.753767792368404
train_00018,train,4,C5,1199.7473189465675,-66.06689377669436,32.77173957449948
train_00018,train,4,C6,1389.9852535596244,177.99596966365706,51.23715812980412
train_00018,train,4,C7,1389.6516608889367,-167.7572280710288,88.08998652858077
train_00019,train,0,A2,-643.6435339860337,-6.718716870715894,-100.98644363450805
train_00019,train,0,A3,-645.6924020505153,-150.89249288900282,-195.30207690565527
train_00019,train,0,A4,-672.9448413905995,-362.0121525066531,-173.9381805718608
train_00019,train,0,A5,-556.4519447026144,-174.44708503477793,379.3367211396284
train_00019,train,0,B2,-505.01734784752654,-338.82999942213104,-200.29584239277517
train_00019,train,0,B3,-481.55174985276,-266.8220686797218,-271.85109066163267
train_00019,train,0,B4,667.5589663078201,-611.2606007550353,-241.34741554310799
train_00019,train,0,B5,734.3861789072022,-341.6555449067582,287.0799792687355
train_00019,train,0,B6,-395.1792147437034,64.92467314891681,220.34568277642867
train_00019,train,0,C2,1331.4338019468705,35.09059989117095,213.46135966109577
train_00019,train,0,C3,1533.9529360146819,91.02128136136821,287.734618179412
train_00019,train,0,C4,1470.4911158483674,293.8904791783584,188.82706953110358
train_00019,train,0,C5,1328.3444301467457,134.77491746120674,296.29309298858885
train_00019,train,0,C6,1460.9587005992382,412.59367430170624,259.81853939390555
train_00019,train,0,C7,1542.8215657152,79.60643192328105,317.77690930990497
train_00019,train,1,A2,-931.0576310851992,231.98729964119246,-185.7743475878058
train_00019,train,1,A3,-923.3416815362397,90.37551555070587,-283.60656733722874
train_00019,train,1,A4,-947.6124722587332,-121.77901466190724,-269.77851551438675
train_00019,train,1,A5,-874.4352249630213,52.93552224107325,295.0500170337941
train_00019,train,1,B2,-600.0787369780057,-252.0334966403337,-162.7501479220197
train_00019,train,1,B3,-600.0162485813966,-181.1888214020494,-239.15867227224786
train_00019,train,1,B4,599.9829166550902,-181.21553959494372,-239.10206756689888
train_00019,train,1,B5,599.9838735970399,130.16586611007025,270.3132965287729
train_00019,train,1,B6,-600.0288713690513,192.82107217405826,229.80329706589373
train_00019,train,1,C2,1450.0145652892252,-158.75964787233312,-57.858570013975765
train_00019,train,1,C3,1639.9775901608198,-152.93944913330944,58.42055526623331
train_00019,train,1,C4,1639.9769804015098,64.66972163747224,-28.674570377303635
train_00019,train,1,C5,1449.9859401403962,-66.30241201189978,32.85721550885236
train_00019,train,1,C6,1640.0075434536466,177.9702851959276,51.38915686335581
train_00019,train,1,C7,1639.988604118468,-167.83838025393362,88.21428838241287
train_00019,train,2,A2,-681.1474584197954,231.95662096486802,-185.85709947728407
train_00019,train,2,A3,-673.3559109531857,90.35377922379358,-283.67414963761235
train_00019,train,2,A4,-697.5583166017466,-121.80975991612587,-269.8306286430817
train_00019,train,2,A5,-624.5493162278738,52.91689848183631,295.0452845008182
train_00019,train,2,B2,-599.9930233918963,-252.00651908910308,-162.82620053396835
train_00019,train,2,B3,-600.01714709977,-181.1353086105634,-239.1173219860317
train_00019,train,2,B4,600.0034345215582,-181.20930445446763,-239.09938203786805
train_00019,train,2,B5,599.9945002681237,130.12506282971208,270.34368680467225
train_00019,train,2,B6,-600.0428651672888,192.91673839325605,229.72627867869284
train_00019,train,2,C2,1449.9974561129332,-158.76856290103933,-57.86393121703808
train_00019,train,2,C3,1639.9852739194691,-152.9223876473553,58.363235707952455
train_00019,train,2,C4,1639.9396741150395,64.66255164422172,-28.655906586752124
train_00019,train,2,C5,1450.0075357864775,-66.25148626455012,32.82391515327829
train_00019,train,2,C6,1639.9735064713188,178.0089522540944,51.36056956069239
train_00019,train,2,C7,1639.9801933637905,-167.8550771284416,88.1985129737314
train_00019,train,3,A2,-681.1765596188397,231.92615595709236,-185.7887110902315
train_00019,train,3,A3,-673.3693646093394,90.33953773337163,-283.72238367437797
train_00019,train,3,A4,-697.5401633549782,-121.79736663212996,-269.7803194881728
train_00019,train,3,A5,-624.5417245068951,53.00924507195518,295.01541056774147
train_00019,train,3,B2,-600.0321920353484,-252.06017893742077,-162.7374695074165
train_00019,train,3,B3,-600.0413885921979,-181.1332655127085,-239.10393516129713
train_00019,train,3,B4,600.006794031742,-181.2049748069465,-239.01117913808164
train_00019,train,3,B5,600.0432690403075,130.11510817989205,270.3568574493891
train_00019,train,3,B6,-600.0165039543793,192.84804130032418,229.7921284789465
train_00019,train,3,C2,1199.9845489613929,-158.853428317156,-57.74954299385703
train_00019,train,3,C3,1389.9624821771654,-153.037745124849,58.525589662516744
train_00019,train,3,C4,1389.9655497526685,64.54305232406729,-28.58061147343496
train_00019,train,3,C5,1199.9821559748598,-66.35797016107732,33.019292881848166
train_00019,train,3,C6,1390.0166359459847,177.80102841984237,51.48288522027879
train_00019,train,3,C7,1389.9923934608832,-167.99910098848136,88.32601744696716
train_00019,train,4,A2,-679.831643936255,232.24311957909407,-187.2105012202455
train_00019,train,4,A3,-671.9989420053003,90.65698257387858,-285.1328516227141
train_00019,train,4,A4,-696.1728225485527,-121.44398901865883,-271.2357400280794
train_00019,train,4,A5,-623.1196647974223,53.25950250516167,293.57879576896187
train_00019,train,4,B2,-598.5937808233965,-251.68233033443374,-164.22604897274846
train_00019,train,4,B3,-598.6317816891051,-180.8417386978618,-240.54920190216737
train_00019,train,4,B4,601.3992081502265,-180.73533718948752,-240.60471479339157
train_00019,train,4,B5,601.3403181879104,130.5411287262727,268.8750375475545
train_00019,train,4,B6,-598.6640973090315,193.1212387537205,228.3957448855245
train_00019,train,4,C2,1201.3058357876544,-158.40276592105204,-59.24750725896989
train_00019,train,4,C3,1391.3649013264242,-152.5424617625593,56.96560387030532
train_00019,train,4,C4,1391.3802319828292,65.01358398575658,-30.138207783683484
train_00019,train,4,C5,1201.3924917879863,-65.84064531929424,31.453410868206596
train_00019,train,4,C6,1391.407437746865,178.28974476133766,49.95277156413914
train_00019,train,4,C7,1391.3690951269446,-167.4458512663491,86.77712051800177
train_00020,train,0,A2,-716.9979072550899,266.95031065699067,-37.011417321353704
train_00020,train,0,A3,-700.5657452043283,124.454800357764,-132.4110891337502
train_00020,train,0,A4,-710.0540681501059,-88.59893780697841,-114.36736006004536
train_00020,train,0,A5,-642.9135321002425,101.3742179801317,446.28119232491275
train_00020,train,0,B2,-591.6485520466896,76.4654418253038,-411.7483536304243
train_00020,train,0,B3,-580.5038331060553,141.05500950854125,-492.80312944740604
train_00020,train,0,B4,611.856679147351,30.106902487663888,-416.0787628591864
train_00020,train,0,B5,613.0689851186135,377.6908747646282,69.32651782579116
train_00020,train,0,B6,-571.0198010369568,547.8043003146895,-52.070087106406845
train_00020,train,0,C2,1293.2926506414747,54.617749214307324,257.88801685594007
train_00020,train,0,C3,1482.4984824111643,62.658834199064266,375.3418237210571
train_00020,train,0,C4,1483.2399741278148,278.4555751511053,283.79355640187254
train_00020,train,0,C5,1292.6937655809552,148.92464223141917,346.69112574803825
train_00020,train,0,C6,1482.7900447764969,393.3596294177294,361.5414324748461
train_00020,train,0,C7,1482.3363205272988,48.39709965213767,405.3877405335249
train_00020,train,1,A2,-931.1301429672102,231.988290303207,-185.85015230735897
train_00020,train,1,A3,-923.3524145163422,90.43284942818534,-283.61914982810316
train_00020,train,1,A4,-947.596710442668,-121.79393959791618,-269.7227796372259
train_00020,train,1,A5,-874.5395699554788,52.92496222556961,295.06183728852693
train_00020,train,1,B2,-600.0161241385216,-252.01330748073076,-162.81934669574366
train_00020,train,1,B3,-600.0146837031608,-181.1308082536055,-239.1775776119786
train_00020,train,1,B4,599.9899267026293,-181.2206936241686,-239.16428991771227
train_00020,train,1,B5,600.0031305890566,130.0026499474078,270.34992358717375
train_00020,train,1,B6,-599.9510742468495,192.8153615074023,229.79671952176972
train_00020,train,1,C2,1449.9781294647655,-158.72398280857092,-57.77445241857999
train_00020,train,1,C3,1640.0023782536512,-152.90690933547828,58.48447219086019
train_00020,train,1,C4,1639.9859973613927,64.67167701837829,-28.638500807576072
train_00020,train,1,C5,1450.0111329728286,-66.21670862305521,32.91483306461633
train_00020,train,1,C6,1640.0085274719556,177.93803526564776,51.39180322234338
train_00020,train,1,C7,1639.9799669960257,-167.87201658615376,88.30778584631048
train_00020,train,2,A2,-681.0203870751038,231.98331146545553,-185.82882561417296
train_00020,train,2,A3,-673.245323521936,90.40480992840772,-283.73439817812994
train_00020,train,2,A4,-697.4779704759014,-121.7706731648055,-269.86460736645375
train_00020,train,2,A5,-624.4287049996708,52.92645658062873,295.02051743814195
train_00020,train,2,B2,-600.0458561306867,-252.01526944617981,-162.83146539667388
train_00020,train,2,B3,-600.0823280298696,-181.09797344556316,-239.2295962614608
train_00020,train,2,B4,599.9104384752618,-181.2362702211329,-239.13021122970835
train_00020,train,2,B5,599.9626421201775,130.0321776688832,270.2682005757835
train_00020,train,2,B6,-599.9073145593943,192.8431471690289,229.80481427946486
train_00020,train,2,C2,1449.9955247691064,-158.66946155330592,-57.796122118537546
train_00020,train,2,C3,1640.0148181420418,-152.92604928764774,58.44010009552681
train_00020,train,2,C4,1640.0314082620962,64.68046103373143,-28.640335112180157
train_00020,train,2,C5,1449.995555046407,-66.17833955486992,32.93739678676478
train_00020,train,2,C6,1639.9403717191487,178.00858415010796,51.4099893276198
train_00020,train,2,C7,1639.9628780925643,-167.82109510958782,88.25797708220948
train_00020,train,3,A2,-681.0030006542601,232.04715472721142,-185.766149757989
train_00020,train,3,A3,-673.2391923689921,90.42827880175525,-283.6774619914426
train_00020,train,3,A4,-697.450983923602,-121.69524781421117,-269.8689913748259
train_00020,train,3,A5,-624.4394547429481,52.96049287088123,295.11556658841795
train_00020,train,3,B2,-600.0426993003701,-251.99168041713287,-162.77856162091624
train_00020,train,3,B3,-600.0135545250926,-181.0675735640195,-239.16818407312178
train_00020,train,3,B4,599.9617123523525,-181.201418500134,-239.20743317234454
train_00020,train,3,B5,600.0001454571463,130.02085288636923,270.2499548021285
train_00020,train,3,B6,-600.0103095572384,192.80032762425427,229.83717433415933
train_00020,train,3,C2,1199.8742674822956,-158.79370492138614,-57.861689957020054
train_00020,train,3,C3,1389.9911018265202,-153.01801227809608,58.45468851506543
train_00020,train,3,C4,1389.9346861947292,64.57837926611974,-28.63378029256204
train_00020,train,3,C5,1199.9678355555247,-66.29237901756362,32.88829086613724
train_00020,train,3,C6,1389.9728028155387,177.91141185558766,51.37504706789952
train_00020,train,3,C7,1389.9558527861893,-167.8540065383684,88.1966236446421
train_00020,train,4,A2,-681.1422323596025,229.90941786551053,-185.75577080856405
train_00020,train,4,A3,-673.3054883779193,88.38255649032382,-283.60689824711204
train_00020,train,4,A4,-697.5702302262556,-123.74873419305091,-269.7102674422764
train_00020,train,4,A5,-624.5754730686242,50.937750185962074,295.1151011525374
train_00020,train,4,B2,-600.1540557014022,-254.01473108402666,-162.72354956378686
train_00020,train,4,B3,-600.1057815274223,-183.15765366332414,-239.12178108071663
train_00020,train,4,B4,599.8624668661249,-183.15245978500815,-239.02450211500846
train_00020,train,4,B5,599.9112201439814,128.16341015475928,270.32681179123017
train_00020,train,4,B6,-600.1129773641227,190.82249119410145,229.86961100334145
train_00020,train,4,C2,1199.8578997442635,-160.65509859041956,-57.778925988076104
train_00020,train,4,C3,1389.887706780187,-154.86190492180515,58.508888116294465
train_00020,train,4,C4,1389.8660166890572,62.75338875898383,-28.65551463594585
train_00020,train,4,C5,1199.83811578418,-68.15872803376742,32.91458418076152
train_00020,train,4,C6,1389.8557405613,176.10333840013362,51.44943781856199
train_00020,train,4,C7,1389.9000165283715,-169.78458497810394,88.26001725800235
train_00021,train,0,A2,-784.2568703284376,445.27328325490674,-447.7422862265602
train_00021,train,0,A3,-826.7904647885072,289.5746976626431,-507.7854856734703
train_00021,train,0,A4,-871.3104398353415,92.04119725181918,-438.4768786629316
train_00021,train,0,A5,-595.5069200477857,348.7370844095302,23.02058746436429
train_00021,train,0,B2,-674.6124730036871,-667.9218068098965,107.10739333827746
train_00021,train,0,B3,-704.8373019313317,-604.3461769074484,30.254936758771514
train_00021,train,0,B4,437.2323233649851,-286.1197960909648,-155.56322891422954
train_00021,train,0,B5,425.82309388910164,44.6247345181325,341.35127132875755
train_00021,train,0,B6,-738.9618272708864,-215.81040425016636,485.81940747217845
train_00021,train,0,C2,1303.4164227754118,95.53459826829778,-78.59385435742918
train_00021,train,0,C3,1503.5763858623075,57.08069846978365,11.418316691933947
train_00021,train,0,C4,1530.3417008418717,281.4562702442827,-50.434114412407034
train_00021,train,0,C5,1329.1937584030961,174.3007183423825,20.85004595153075
train_00021,train,0,C6,1558.405221779574,382.1211810614175,40.80682825855813
train_00021,train,0,C7,1504.460898012308,38.60382359545156,39.09126011495297
train_00021,train,1,A2,-931.1736181425366,231.98173531177218,-185.88924564104235
train_00021,train,1,A3,-923.3543242065482,90.37609038791646,-283.71159131379704
train_00021,train,1,A4,-947.5409833117501,-121.7570022400979,-269.77734461185906
train_00021,train,1,A5,-874.4961095198191,52.99480996395658,294.9980620339147
train_00021,train,1,B2,-599.9882635137585,-251.9744223477975,-162.7325957321463
train_00021,train,1,B3,-599.9676950522163,-181.14962014395707,-239.1429486899333
train_00021,train,1,B4,600.0063592425906,-181.07155606925488,-239.07920789126842
train_00021,train,1,B5,599.9600897917869,130.19777909964878,270.26293381792794
train_00021,train,1,B6,-600.0136294186015,192.8373206364731,229.79123088016766
train_00021,train,1,C2,1449.9857368511543,-158.766515610853,-57.924068410423864
train_00021,train,1,C3,1639.9696802042633,-152.9345269109893,58.38076639715741
train_00021,train,1,C4,1639.9772706515573,64.66508518716121,-28.706210304152908
train_00021,train,1,C5,1449.9641633940578,-66.23113118040878,32.84553242936137
train_00021,train,1,C6,1639.984518088392,177.95552256497413,51.313805215533975
train_00021,train,1,C7,1639.984902914128,-167.94065319669758,88.09754712469336
train_00021,train,2,A2,-681.0237477341392,232.02884880262525,-185.77156395560235
train_00021,train,2,A3,-673.2384753851544,90.48396245826488,-283.68165642053316
train_00021,train,2,A4,-697.5079495781007,-121.72701924437528,-269.8483406014921
train_00021,train,2,A5,-624.4731611107846,52.95143406479443,295.01541274789605
train_00021,train,2,B2,-600.0584067142786,-252.00538076405968,-162.76832168184788
train_00021,train,2,B3,-600.0215460574954,-181.07325461960488,-239.1738003367309
train_00021,train,2,B4,599.9553765985496,-181.14399503616664,-239.03265804145695
train_00021,train,2,B5,600.0264021022871,130.2093915762406,270.3337458841222
train_00021,train,2,B6,-600.0668823008039,192.90187370027317,229.76991456452805
train_00021,train,2,C2,1450.0435153171345,-158.72615456718574,-57.917502741389036
train_00021,train,2,C3,1639.9689260055916,-152.94118966770716,58.33636735816664
train_00021,train,2,C4,1639.9759396898905,64.71399662865682,-28.735163522282626
train_00021,train,2,C5,1449.9564447194668,-66.28246525709184,32.82484575470396
train_00021,train,2,C6,1639.9945956918912,177.93616777754787,51.34052669531944
train_00021,train,2,C7,1639.9192171323737,-167.82178235154538,88.17391067151551
train_00021,train,3,A2,-681.0571757744016,232.02645658921628,-185.82935556133887
train_00021,train,3,A3,-673.3046896146068,90.41226156154002,-283.6417542879278
train_00021,train,3,A4,-697.5245424053144,-121.73030336038606,-269.77066503605226
train_00021,train,3,A5,-624.5040296835977,52.962859355357615,295.09051537855277
train_00021,train,3,B2,-600.004256103458,-251.98540699377583,-162.73597350414977
train_00021,train,3,B3,-600.0118758621271,-181.16813051600582,-239.16028439527437
train_00021,train,3,B4,599.9988093169247,-181.13820880258885,-239.0970740126713
train_00021,train,3,B5,600.0095886691604,130.18448276665055,270.3520635832771
train_00021,train,3,B6,-599.9957241923172,192.87427715607637,229.77488224046735
train_00021,train,3,C2,1198.4347281233386,-157.5609879402395,-58.51667573980677
train_00021,train,3,C3,1388.4238872209949,-151.80493700292593,57.80198355572734
train_00021,train,3,C4,1388.5247616952342,65.76579228369533,-29.275522549660447
train_00021,train,3,C5,1198.5592549681687,-65.09816316161339,32.26145220952669
train_00021,train,3,C6,1388.5052016231111,179.0830863540564,50.71665941207114
train_00021,train,3,C7,1388.4407206288104,-166.71688198673644,87.60927443042038
train_00021,train,4,A2,-680.2513876127173,232.04525978565113,-185.81748670441277
train_00021,train,4,A3,-672.4659603566397,90.39973467601413,-283.62721486571917
train_00021,train,4,A4,-696.925637188876,-121.64234104263755,-269.8045950307948
train_00021,train,4,A5,-623.8640561838414,52.996357858713964,295.0946511749181
train_00021,train,4,B2,-599.4858390159917,-252.00363917040855,-162.66614451442277
train_00021,train,4,B3,-599.3911712819818,-181.16393593039655,-239.06444975863926
train_00021,train,4,B4,600.6423286101331,-181.70644292102654,-238.80207413786496
train_00021,train,4,B5,600.628754317444,129.62346595965226,270.66417569063447
train_00021,train,4,B6,-599.3363473860103,192.8860013858424,229.87748240787246
train_00021,train,4,C2,1199.1090760903517,-158.50183485228513,-58.035539823398956
train_00021,train,4,C3,1389.0368044678646,-152.77746766852474,58.30994400829885
train_00021,train,4,C4,1389.2666415022486,64.80889629254692,-28.774248558603613
train_00021,train,4,C5,1199.1008301881338,-66.03259080078838,32.65475645304281
train_00021,train,4,C6,1389.2830578337778,178.07815415952228,51.284256461205025
train_00021,train,4,C7,1389.0743479457035,-167.73139582705346,88.11310643258574
train_00022,train,0,A2,-689.6722877211158,258.2797921458578,-153.82507962631337
train_00022,train,0,A3,-684.3555328141441,119.12061973141037,-255.22553670888422
train_00022,train,0,A4,-710.9671687194924,-93.07504832959968,-246.32653553085916
train_00022,train,0,A5,-631.2000309501002,66.739272051426,322.0202613350117
train_00022,train,0,B2,-334.87227124105857,-520.69474137978,-332.4199209134741
train_00022,train,0,B3,-343.6655691543139,-464.81462585340716,-419.85936649864624
train_00022,train,0,B4,812.304480826368,-153.50127245495344,-336.85111524301516
train_00022,train,0,B5,679.4262786843223,221.06746945256995,108.60467729985531
train_00022,train,0,B6,-487.29002195470963,-36.59462702685084,-25.243994322558557
train_00022,train,0,C2,1345.1148903131952,-534.145056220087,-236.36887005041186
train_00022,train,0,C3,1522.799965377683,-598.4645245810221,-118.37034655805407
train_00022,train,0,C4,1581.4394867967526,-375.52472723805676,-160.22899162923716
train_00022,train,0,C5,1361.7202925924018,-463.6049670912652,-129.0194735221164
train_00022,train,0,C6,1603.8703246580794,-283.08209320588054,-59.172518267462955
train_00022,train,0,C7,1517.29737423552,-618.2687157516995,-92.1196314447786
train_00022,train,1,A2,-931.1499063707149,231.9752834440586,-185.84882721828566
train_00022,train,1,A3,-923.3669942637566,90.45915426869742,-283.6445389064694
train_00022,train,1,A4,-947.5476676475498,-121.80241876255516,-269.77779004371195
train_00022,train,1,A5,-874.5296888349225,53.03286164980467,295.07487971739107
train_00022,train,1,B2,-600.0148780552286,-251.93420994303457,-162.87365806566496
train_00022,train,1,B3,-600.0264685134147,-181.05986820331685,-239.200054054331
train_00022,train,1,B4,599.9463682650593,-181.03812880833553,-239.10039664522293
train_00022,train,1,B5,599.9898995251008,130.15079559360046,270.28103737774825
train_00022,train,1,B6,-600.0780726423509,192.9071301666772,229.76204278834498
train_00022,train,1,C2,1450.0073960817458,-158.60234982868303,-57.83579065968221
train_00022,train,1,C3,1639.986725684463,-152.81376581122288,58.38885073134073
train_00022,train,1,C4,1639.951733790587,64.81881476174229,-28.719762132245357
train_00022,train,1,C5,1449.9727645261967,-66.1329011949465,32.87950734288029
train_00022,train,1,C6,1639.9672536869512,178.04164412022794,51.386286543575636
train_00022,train,1,C7,1640.0171919780762,-167.7606006654005,88.19072329870379
train_00022,train,2,A2,-681.0439368669214,232.1472167739177,-185.76669168845874
train_00022,train,2,A3,-673.2496881568813,90.58457618222509,-283.71719685755346
train_00022,train,2,A4,-697.5521805183657,-121.66963150330947,-269.9374453147995
train_00022,train,2,A5,-624.5113454981436,53.009948718982386,294.9747190032159
train_00022,train,2,B2,-599.9968531406921,-251.97668927383032,-162.81966435262578
train_00022,train,2,B3,-599.9507968731776,-181.05570578497222,-239.22199408282805
train_00022,train,2,B4,599.9441211475975,-181.098468733419,-239.13374371453546
train_00022,train,2,B5,599.9943381173788,130.14262631063926,270.319422341874
train_00022,train,2,B6,-599.9489578384633,192.8733164706079,229.74998277530293
train_00022,train,2,C2,1450.0283240904548,-158.6286965376921,-57.90662499790587
train_00022,train,2,C3,1639.9797141541242,-152.86918230156226,58.381153828415094
train_00022,train,2,C4,1639.9829881761216,64.79394834027012,-28.72800826862463
train_00022,train,2,C5,1450.0034974720588,-66.15417443275048,32.873249672712106
train_00022,train,2,C6,1639.9066202268154,178.08363899416673,51.35957264043041
train_00022,train,2,C7,1639.9909419043859,-167.7110036986367,88.1895864399723
train_00022,train,3,A2,-680.9803402445345,232.11045507950186,-185.84339228887117
train_00022,train,3,A3,-673.2531001347156,90.5205654997567,-283.69417335210767
train_00022,train,3,A4,-697.519811273981,-121.60712277954701,-269.87339977649765
train_00022,train,3,A5,-624.5345698332694,52.98729709025944,294.9645984539311
train_00022,train,3,B2,-600.0674197418931,-251.93153562689713,-162.8898744527535
train_00022,train,3,B3,-600.0226036966499,-181.0880235789146,-239.1537405898004
train_00022,train,3,B4,599.9462339376764,-181.0648833699568,-239.16295829648382
train_00022,train,3,B5,599.9346258896812,130.15215403432322,270.29930184616853
train_00022,train,3,B6,-600.0547043131038,192.87705557409222,229.73817383511317
train_00022,train,3,C2,1199.9627072617725,-158.71539456028702,-57.80849328258705
train_00022,train,3,C3,1390.0376176024524,-152.94628940753896,58.4973051529227
train_00022,train,3,C4,1389.9864216569051,64.68904631148226,-28.54734149850685
train_00022,train,3,C5,1199.9723151000144,-66.2264629565655,33.010919493058054
train_00022,train,3,C6,1390.0368589781503,177.95964127244545,51.532061373084936
train_00022,train,3,C7,1389.9900947464596,-167.84884730832007,88.24436182628716
train_00022,train,4,A2,-681.0274273388876,232.08724664467252,-185.88587057765392
train_00022,train,4,A3,-673.2860994687671,90.41555281664937,-283.70380382200705
train_00022,train,4,A4,-697.5926311219092,-121.69377106631491,-269.866366535485
train_00022,train,4,A5,-624.4748709839448,52.95158297094118,295.0110444802304
train_00022,train,4,B2,-600.0166353430468,-251.9917493531241,-162.74336545321756
train_00022,train,4,B3,-600.0295135103341,-181.15297781576555,-239.15568272418292
train_00022,train,4,B4,599.9763026027773,-181.18045652190162,-239.12319311772143
train_00022,train,4,B5,599.9884634291988,130.14905475644616,270.2634308089399
train_00022,train,4,B6,-600.0181774053177,192.87754761584316,229.7356795831195
train_00022,train,4,C2,1199.9458609445094,-158.6745153321894,-57.74310731045737
train_00022,train,4,C3,1390.0053225558204,-152.91026024444255,58.433739254348446
train_00022,train,4,C4,1390.0341453672477,64.66382283215616,-28.60265910692063
train_00022,train,4,C5,1200.038719308962,-66.24505768313793,32.94762687946484
train_00022,train,4,C6,1390.0473796477586,177.96806688446776,51.419253872907674
train_00022,train,4,C7,1390.045200839368,-167.89066701274578,88.25474305874563
train_00023,train,0,A2,-733.6897498885996,171.8133150725603,-359.199600947325
train_00023,train,0,A3,-719.5487639973016,32.37798927967878,-459.47658028280404
train_00023,train,0,A4,-742.9367906533057,-180.1541033336194,-451.3264026469957
train_00023,train,0,A5,-701.4244942507962,-17.14458238340527,120.10983249029346
train_00023,train,0,B2,-825.0277453077749,-473.0356540189537,-526.3239779926432
train_00023,train,0,B3,-810.3880599070474,-399.7580520984901,-598.9554526535901
train_00023,train,0,B4,376.60794897933863,-482.65701908121434,-443.1349300806252
train_00023,train,0,B5,328.97681080241455,-189.77823324156483,74.95777129737888
train_00023,train,0,B6,-848.5936377955464,-43.1415983947616,-118.26889652235883
train_00023,train,0,C2,1192.9100162575978,126.3907284677437,-224.67300560433364
train_00023,train,0,C3,1388.582542363343,154.7643452277117,-121.92623104426343
train_00023,train,0,C4,1377.2102428797493,355.69326193258627,-242.0329253694977
train_00023,train,0,C5,1194.92217412954,232.05139220165324,-149.81539874784133
train_00023,train,0,C6,1378.0246235157153,480.27369957522285,-180.96487744063785
train_00023,train,0,C7,1390.6332109222335,144.8294859627161,-90.13244460880254
train_00023,train,1,A2,-931.1191022196901,232.02328522807198,-185.75998252551656
train_00023,train,1,A3,-923.2711084026167,90.39741449713587,-283.7097825787958
train_00023,train,1,A4,-947.4865539984246,-121.80526609863026,-269.82333229185855
train_00023,train,1,A5,-874.5012859884105,52.988540699957774,295.0603581090254
train_00023,train,1,B2,-599.9882317128707,-251.94123880561946,-162.7675853354967
train_00023,train,1,B3,-599.9743836305063,-181.13899092804704,-239.18161589365263
train_00023,train,1,B4,600.0175844555221,-181.11038568175422,-239.11669575841407
train_00023,train,1,B5,599.9902270142352,130.21895212610082,270.29594911494576
train_00023,train,1,B6,-599.9873155045159,192.87144942989033,229.7958343618039
train_00023,train,1,C2,1450.0177949464542,-158.71717782008395,-57.874915616370906
train_00023,train,1,C3,1639.9688851228555,-152.85545199939804,58.3815791405453
train_00023,train,1,C4,1639.9065427572014,64.68564996571747,-28.614217511777273
train_00023,train,1,C5,1450.0103686050493,-66.18669182088244,32.85600296337104
train_00023,train,1,C6,1639.9744178150795,178.03488914378454,51.36235245893372
train_00023,train,1,C7,1640.0434393945718,-167.84469054792694,88.18458635771674
train_00023,train,2,A2,-680.9970736246509,232.10874423420887,-185.8063058674671
train_00023,train,2,A3,-673.2463108141716,90.44224398808254,-283.6590289162604
train_00023,train,2,A4,-697.5798320002557,-121.66449088921847,-269.82313803285825
train_00023,train,2,A5,-624.399797839203,53.091165364263034,295.0071718869691
train_00023,train,2,B2,-599.9777339738398,-251.96794666185764,-162.74582503395257
train_00023,train,2,B3,-599.9582573048758,-181.115483209162,-239.17848505545294
train_00023,train,2,B4,600.0337539903554,-181.11039590445964,-239.10461101856222
train_00023,train,2,B5,600.0034360850569,130.2224807499566,270.28773428209087
train_00023,train,2,B6,-600.0410727373168,192.85108283140158,229.8666203918975
train_00023,train,2,C2,1450.0228471911319,-158.74042018836633,-57.876974357425546
train_00023,train,2,C3,1640.0223525686008,-152.85399354972245,58.44614153901718
train_00023,train,2,C4,1640.062067708546,64.67300755472526,-28.690416254235974
train_00023,train,2,C5,1450.0423233073923,-66.21940967696284,32.78839729644399
train_00023,train,2,C6,1639.9833385652603,177.955965432731,51.37495092454631
train_00023,train,2,C7,1640.0293149345644,-167.78873120203062,88.25044196635217
train_00023,train,3,A2,-681.066162119039,232.0804881988149,-185.8145310342178
train_00023,train,3,A3,-673.2416676384514,90.43978982643362,-283.62311957246766
train_00023,train,3,A4,-697.5243838818917,-121.66257203860368,-269.8187493719894
train_00023,train,3,A5,-624.4112688195472,53.04034170529456,295.0813888424263
train_00023,train,3,B2,-599.9960336470592,-251.9471160066755,-162.81300612514127
train_00023,train,3,B3,-599.9565837591367,-181.1622721423692,-239.13497994926033
train_00023,train,3,B4,600.0583533135525,-181.05674444684976,-239.1348588913561
train_00023,train,3,B5,600.005979354518,130.24882256427946,270.3246299542827
train_00023,train,3,B6,-600.0191024495124,192.865001106611,229.76237082174308
train_00023,train,3,C2,1200.2304470461233,-158.90623278199615,-55.830073543180696
train_00023,train,3,C3,1390.1698420913879,-153.07015144835722,60.4315793618117
train_00023,train,3,C4,1390.1429867892673,64.523818256873,-26.609182133594064
train_00023,train,3,C5,1200.1818082278296,-66.46354304839143,34.88549718257488
train_00023,train,3,C6,1390.1783640502001,177.7786175221996,53.38035278255299
train_00023,train,3,C7,1390.244866254261,-168.069467712327,90.19107228616308
train_00023,train,4,A2,-681.324325993973,232.07349275733765,-185.74548182388452
train_00023,train,4,A3,-673.5774631275133,90.44343249754364,-283.64045193974414
train_00023,train,4,A4,-697.8146265907992,-121.76116973188175,-269.6996893230586
train_00023,train,4,A5,-624.2076769802537,52.93905130354934,295.0494688775
train_00023,train,4,B2,-600.1778904037484,-251.98800274800956,-162.78181349814986
train_00023,train,4,B3,-600.2489279512229,-181.1156771342339,-239.20775249856638
train_00023,train,4,B4,599.796573323523,-180.9904437272369,-240.14091646158076
train_00023,train,4,B5,600.1680481058254,130.3594330253196,269.2102071654398
train_00023,train,4,B6,-599.87887083965,192.81287921939577,229.79846851278364
train_00023,train,4,C2,1200.0903193105964,-158.70201824842755,-57.42883603407564
train_00023,train,4,C3,1390.2402954491408,-152.85055308663482,58.60107488150824
train_00023,train,4,C4,1389.995333552008,64.74241842531202,-28.4591604275673
train_00023,train,4,C5,1200.1559722308834,-66.16857418361784,33.34082905562694
train_00023,train,4,C6,1390.1216499034404,178.07625331437245,51.667788613412775
train_00023,train,4,C7,1390.286974422204,-167.75761663087138,88.36784147487796
train_00024,train,0,A2,-1152.8462490904342,-9.208218369248375,-124.43894226670524
train_00024,train,0,A3,-1119.9387520853386,-165.74382302337236,-188.47089722135462
train_00024,train,0,A4,-1141.8265928488063,-372.70017454874346,-138.6375654650788
train_00024,train,0,A5,-1201.3328055120603,-91.0737147532907,382.95827159539846
train_00024,train,0,B2,-975.799972335339,140.4061015968686,-284.23349823938304
train_00024,train,0,B3,-976.7830836634257,224.29018026283018,-345.94492650075756
train_00024,train,0,B4,215.5946867333911,153.20661028903473,-460.7543314134289
train_00024,train,0,B5,281.61144337961855,361.8494911149851,94.68267147936851
train_00024,train,0,B6,-909.3604730929188,502.0202541846162,181.40058954200092
train_00024,train,0,C2,1779.3452769923394,-63.620399089237274,-19.859467709429815
train_00024,train,0,C3,1980.3873340023506,-56.40824905955293,75.79096105375548
train_00024,train,0,C4,1971.6160768877119,159.70625356818078,-14.560008889322788
train_00024,train,0,C5,1788.861160907583,30.411318826917007,68.72426322257353
train_00024,train,0,C6,1980.128414201817,274.3144193782369,63.05135598449814
train_00024,train,0,C7,1983.5547446904457,-70.84903053980145,105.62983217972537
train_00024,train,1,A2,-931.0540155479957,232.06507127094167,-185.79897699129887
train_00024,train,1,A3,-923.3297211559741,90.48583868033978,-283.662097478681
train_00024,train,1,A4,-947.5759242538826,-121.71253066433829,-269.80346556923644
train_00024,train,1,A5,-874.5046159572817,53.018668872945625,295.00155899187183
train_00024,train,1,B2,-599.9665436131761,-251.92629609455918,-162.84029352272043
train_00024,train,1,B3,-600.0128143315807,-181.14680888871206,-239.22318129180115
train_00024,train,1,B4,600.0022615095869,-181.22961085789132,-239.12255932530692
train_00024,train,1,B5,599.9874099371309,130.12824811910158,270.35485398132613
train_00024,train,1,B6,-599.9924256996507,192.8884217445117,229.77961027293904
train_00024,train,1,C2,1450.011937604096,-158.69799424270664,-57.73443157793112
train_00024,train,1,C3,1639.9961489119537,-152.91141762726033,58.469190651849026
train_00024,train,1,C4,1639.99048908861,64.70009743644917,-28.63649842420166
train_00024,train,1,C5,1450.022754366161,-66.21246462936593,32.86758699572735
train_00024,train,1,C6,1640.0252762600437,178.0364385199628,51.31194959240744
train_00024,train,1,C7,1640.0315405827862,-167.77229249996145,88.20903253962011
train_00024,train,2,A2,-681.002278738796,232.07645353167365,-185.81988671352624
train_00024,train,2,A3,-673.2439679707859,90.5385549889319,-283.800097364484
train_00024,train,2,A4,-697.4671054271911,-121.64401679274991,-269.8743902272449
train_00024,train,2,A5,-624.5205735022247,53.05583602092492,294.90370070822166
train_00024,train,2,B2,-600.0571689001823,-251.9662690057798,-162.81805344116657
train_00024,train,2,B3,-600.0147887467627,-181.1072175498217,-239.14989692109515
train_00024,train,2,B4,600.0364767851011,-181.2111579515408,-239.05112744114646
train_00024,train,2,B5,600.0148531917184,130.15243968978305,270.2873771424757
train_00024,train,2,B6,-599.9490065187344,192.93990783470238,229.7607462815677
train_00024,train,2,C2,1450.0100365885166,-158.69794267299167,-57.79590681012986
train_00024,train,2,C3,1640.0389821366136,-152.93081249980585,58.46357157638273
train_00024,train,2,C4,1640.0155415869147,64.70123332962507,-28.64686494294487
train_00024,train,2,C5,1450.047295509018,-66.21305384851169,32.91298452017104
train_00024,train,2,C6,1640.0166741351422,177.9757236606695,51.3817971317682
train_00024,train,2,C7,1640.0126148756087,-167.83810499192535,88.26413551594554
train_00024,train,3,A2,-681.0396585960751,232.05049411155892,-185.88728887007747
train_00024,train,3,A3,-673.2511089073288,90.5261241978778,-283.7732774556783
train_00024,train,3,A4,-697.4409824089815,-121.6201411703318,-269.9414848443812
train_00024,train,3,A5,-624.4824006386925,53.03176332710149,294.93228137997727
train_00024,train,3,B2,-600.0627682245805,-251.91644207576587,-162.80209670867077
train_00024,train,3,B3,-600.0065641245045,-181.04107219117347,-239.14371359370622
train_00024,train,3,B4,600.0287747153501,-181.18909800280375,-239.10125863779766
train_00024,train,3,B5,599.9734117078182,130.1329207548632,270.34433092482135
train_00024,train,3,B6,-599.9880981712125,192.94941507287837,229.7770334888884
train_00024,train,3,C2,1199.9849446219441,-158.79093230336832,-57.785717338268846
train_00024,train,3,C3,1390.0136946830714,-152.99541935924185,58.41035479772184
train_00024,train,3,C4,1390.033573614318,64.63308109008187,-28.672001030533004
train_00024,train,3,C5,1200.0186176251168,-66.2841548332899,32.92954023480607
train_00024,train,3,C6,1390.0580873156503,177.96305202648156,51.363814717549126
train_00024,train,3,C7,1390.0013478894377,-167.88676896590334,88.24539223288873
train_00024,train,4,A2,-681.972195869522,230.32686167741494,-185.32129547743278
train_00024,train,4,A3,-674.130055437365,88.71908206544825,-283.18087975496167
train_00024,train,4,A4,-698.4325121663162,-123.39030479436833,-269.31696603690756
train_00024,train,4,A5,-625.3477526408899,51.260901563945595,295.54923990208215
train_00024,train,4,B2,-600.9541494735008,-253.76763457080204,-162.22159301284242
train_00024,train,4,B3,-600.9801633873393,-182.90462658668284,-238.57519222853904
train_00024,train,4,B4,599.0288735732192,-182.9293549366793,-238.58716217338235
train_00024,train,4,B5,599.0205566294056,128.40789513983088,270.87198686548385
train_00024,train,4,B6,-600.9684289145931,191.14217718499472,230.32184061558257
train_00024,train,4,C2,1199.126101907914,-160.44960486233578,-57.296325345979994
train_00024,train,4,C3,1389.108840355038,-154.66537870033838,58.96520625221407
train_00024,train,4,C4,1389.1092483062055,62.90694034416656,-28.181074340755632
train_00024,train,4,C5,1199.105674073729,-67.96037764591028,33.35795257520191
train_00024,train,4,C6,1389.1281111855128,176.2311120449708,51.869681001562725
train_00024,train,4,C7,1389.0901950302082,-169.60013889568668,88.7663737260823
train_00025,train,0,A2,-581.5200111342892,439.161706408197,-387.269774796293
train_00025,train,0,A3,-580.9679780384516,305.1326313776773,-495.5257934510541
train_00025,train,0,A4,-617.2068776865374,94.26632260571161,-497.9079965924425
train_00025,train,0,A5,-538.477116008728,221.48257041304998,78.7526286701425
train_00025,train,0,B2,-848.2519456605824,199.4062302354438,-350.46812528362506
train_00025,train,0,B3,-823.5703883875618,253.05913896534372,-436.30313876708635
train_00025,train,0,B4,327.073992050979,-59.2573830712613,-300.51422631930353
train_00025,train,0,B5,378.57876882168955,326.96798280140354,151.78761929379434
train_00025,train,0,B6,-752.0523019647892,691.5583677043938,-33.32799423625922
train_00025,train,0,C2,1252.5106628516724,-218.5559004680004,-145.2743073035074
train_00025,train,0,C3,1454.051862880514,-252.78030100929266,-56.44613456463752
train_00025,train,0,C4,1496.0014042676326,-55.19939714333507,-175.1885132681359
train_00025,train,0,C5,1291.3895722694892,-120.11988583981793,-70.60061662445239
train_00025,train,0,C6,1538.4612783048008,61.97852650078318,-114.22569876717564
train_00025,train,0,C7,1455.0856614750658,-263.6289815188709,-24.908613377556545
train_00025,train,1,A2,-931.0623130234625,232.00242868335593,-185.90178908328716
train_00025,train,1,A3,-923.269849975946,90.41672493749249,-283.74941627512874
train_00025,train,1,A4,-947.5645394864156,-121.80438405111113,-269.89069736071406
train_00025,train,1,A5,-874.4511483049268,52.9425013386482,295.011633957995
train_00025,train,1,B2,-599.9404608126922,-251.99244396591422,-162.75668997372824
train_00025,train,1,B3,-599.9352986176611,-181.1135769188066,-239.08345628483568
train_00025,train,1,B4,600.0147037885517,-181.10807650447128,-239.19589938047616
train_00025,train,1,B5,599.9545176119498,130.17233939491283,270.28032245600696
train_00025,train,1,B6,-599.9395358698636,192.84508235006592,229.86559774204545
train_00025,train,1,C2,1449.9878050496418,-158.74028237684067,-57.77153128857631
train_00025,train,1,C3,1639.988964960463,-152.99468847240095,58.5725982947105
train_00025,train,1,C4,1640.0177982085918,64.71593808200784,-28.531321429283814
train_00025,train,1,C5,1449.9496959105993,-66.18100072099172,32.9953183496931
train_00025,train,1,C6,1639.9931514646455,178.01837707681767,51.44216175752143
train_00025,train,1,C7,1639.9804689032596,-167.79975946686062,88.29417339257817
train_00025,train,2,A2,-681.064181213966,232.11013531749126,-185.73969154144237
train_00025,train,2,A3,-673.3044866850481,90.54318358409422,-283.6389461316401
train_00025,train,2,A4,-697.5011347265546,-121.61995259113127,-269.78097430913135
train_00025,train,2,A5,-624.5069215107777,53.07409222029019,295.0861586495626
train_00025,train,2,B2,-600.0295575597341,-251.92665822585496,-162.77287422945523
train_00025,train,2,B3,-599.9741782747703,-181.1135685262049,-239.17643282912658
train_00025,train,2,B4,600.0569109652532,-181.10674954774575,-239.1466514502609
train_00025,train,2,B5,600.0471731775443,130.19207259168834,270.3059871434049
train_00025,train,2,B6,-599.9422690005603,192.85701165476507,229.8706849652034
train_00025,train,2,C2,1449.9656242234269,-158.7161883870149,-57.77846679712617
train_00025,train,2,C3,1639.9445871928858,-152.93239384262677,58.52682093015913
train_00025,train,2,C4,1639.9976629079406,64.6490747060253,-28.5777957906909
train_00025,train,2,C5,1449.9787600729767,-66.21975238207872,32.930512588815304
train_00025,train,2,C6,1639.988784797934,177.98142314150329,51.450543050590085
train_00025,train,2,C7,1639.9531505783573,-167.79411250606088,88.286186677147
train_00025,train,3,A2,-681.0975065337738,232.08373010595184,-185.7840623854983
train_00025,train,3,A3,-673.2706298488432,90.55448962119155,-283.67256072391666
train_00025,train,3,A4,-697.4797657586461,-121.6943223821727,-269.82986666564295
train_00025,train,3,A5,-624.4723350760254,53.07505459149793,295.0548783483849
train_00025,train,3,B2,-599.9750057108749,-252.02670262352132,-162.77979223748633
train_00025,train,3,B3,-599.9972568924312,-181.07684254814185,-239.08109160921578
train_00025,train,3,B4,600.0699849527176,-181.05896516042796,-239.144875782083
train_00025,train,3,B5,600.0139024989745,130.201553769592,270.2726427357638
train_00025,train,3,B6,-599.9533888138735,192.82882172430945,229.82804338383943
train_00025,train,3,C2,1200.0449499897275,-158.6363886805801,-57.86734218862908
train_00025,train,3,C3,1390.076195821414,-152.80571484707784,58.385462028048664
train_00025,train,3,C4,1390.0441386060052,64.7741055544962,-28.681703911445755
train_00025,train,3,C5,1200.040338599119,-66.14829051549447,32.82241613874867
train_00025,train,3,C6,1389.9873449616136,178.02926718788444,51.341356350265464
train_00025,train,3,C7,1389.9759663664688,-167.77832404735616,88.17465375321645
train_00025,train,4,A2,-681.1148118319901,231.9910772725977,-185.82918460916736
train_00025,train,4,A3,-673.265286585435,90.47385390169235,-283.6895923517892
train_00025,train,4,A4,-697.48631901437,-121.71029636104907,-269.832917806781
train_00025,train,4,A5,-624.4962551255605,53.03151120725673,295.0660443492566
train_00025,train,4,B2,-599.9484351289984,-251.97677817215202,-162.7827423424473
train_00025,train,4,B3,-599.9638177470805,-181.09849162738868,-239.14930546840787
train_00025,train,4,B4,600.0114602853048,-181.16128014392885,-239.1261548896487
train_00025,train,4,B5,600.0171320097221,130.16178586537262,270.3691481277298
train_00025,train,4,B6,-599.966048914229,192.84744765708626,229.82539327997225
train_00025,train,4,C2,1200.0029550453373,-158.67759653920652,-57.814241597920144
train_00025,train,4,C3,1390.0088172781623,-152.96311671228273,58.43298803006928
train_00025,train,4,C4,1390.0138300754684,64.73355334447669,-28.634277239758646
train_00025,train,4,C5,1199.9965799429026,-66.22552585476188,32.98622985317515
train_00025,train,4,C6,1390.0163564697443,177.9509934829652,51.4698400970445
train_00025,train,4,C7,1390.0214438879684,-167.80437563984017,88.2243353941996
train_00026,train,0,A2,-637.0266600049625,436.5190349224311,68.87377462306668
train_00026,train,0,A3,-620.2612358440915,303.95865084817757,-39.88351250738584
train_00026,train,0,A4,-631.9241940156667,90.28959211645927,-43.26547207916191
train_00026,train,0,A5,-572.6358010135999,223.0367601602695,534.4498458854292
train_00026,train,0,B2,-369.4170789663314,-529.1767532527944,-226.70925171356276
train_00026,train,0,B3,-368.3289189015412,-459.05917505912885,-303.6892897534167
train_00026,train,0,B4,830.7250297324593,-500.6808602671354,-325.62456422687484
train_00026,train,0,B5,850.9251116820469,-184.83805056898873,180.6753519543316
train_00026,train,0,B6,-346.7472497779174,-80.97570250488225,161.39155494929383
train_00026,train,0,C2,1499.451849034138,-445.99254360790377,-166.8670402492297
train_00026,train,0,C3,1690.0997730881475,-451.7443123549335,-51.54961703165351
train_00026,train,0,C4,1706.1962145524483,-237.19789947558567,-144.45026027283407
train_00026,train,0,C5,1507.1607072709478,-351.42490087601277,-78.59467501246439
train_00026,train,0,C6,1715.4189961713962,-122.2029196003005,-67.42480179564639
train_00026,train,0,C7,1689.0914215168418,-465.8916343820934,-21.41965131724857
train_00026,train,1,A2,-931.0741534022615,231.9162917879356,-185.78520722051087
train_00026,train,1,A3,-923.2907444224286,90.37125533196243,-283.6480935594643
train_00026,train,1,A4,-947.5953381887097,-121.85593394837922,-269.80728814959815
train_00026,train,1,A5,-874.4580335611988,52.907422060201576,295.0720902821825
train_00026,train,1,B2,-600.021419464418,-251.95910359133958,-162.73722780886516
train_00026,train,1,B3,-599.9893620947163,-181.07124460262898,-239.11751400442046
train_00026,train,1,B4,600.0197084361927,-181.0526855888206,-239.11762250910647
train_00026,train,1,B5,600.04856384577,130.2722439965615,270.30610762950647
train_00026,train,1,B6,-599.9877163027332,192.91097302210343,229.8440932863891
train_00026,train,1,C2,1450.0280979015,-158.7340531656858,-57.826488296730055
train_00026,train,1,C3,1640.0111840560019,-152.86296506814622,58.51043956121158
train_00026,train,1,C4,1639.9937996383724,64.69627481616968,-28.708096004878335
train_00026,train,1,C5,1449.9719211175252,-66.18203377670669,32.94942787232805
train_00026,train,1,C6,1639.9920161821601,178.02475553014102,51.36991124828303
train_00026,train,1,C7,1639.9766961840883,-167.83618066150987,88.26710666753222
train_00026,train,2,A2,-681.166599346266,232.02830649850802,-185.7973147241424
train_00026,train,2,A3,-673.2803914471571,90.4881793709213,-283.6323052988597
train_00026,train,2,A4,-697.4305787761311,-121.75836430754907,-269.7141604087745
train_00026,train,2,A5,-624.3958156163834,53.05463502810131,295.1438980425756
train_00026,train,2,B2,-599.9720443301552,-251.9447020913345,-162.7868731585799
train_00026,train,2,B3,-599.9797784959023,-181.10234075243943,-239.0724404356017
train_00026,train,2,B4,600.0846441268966,-181.08214544095895,-239.14911060765735
train_00026,train,2,B5,599.9867013156809,130.25807952373316,270.3119209473474
train_00026,train,2,B6,-599.989303120424,192.94130113655078,229.89546216627815
train_00026,train,2,C2,1450.002430848149,-158.7205307282626,-57.841722148318276
train_00026,train,2,C3,1640.0264590761524,-152.85187598490322,58.41756704383568
train_00026,train,2,C4,1640.0223625935675,64.66092828455835,-28.665849071677517
train_00026,train,2,C5,1450.000711368954,-66.25395464180271,32.91736468163399
train_00026,train,2,C6,1640.0163474572769,177.95291966883966,51.3367870179031
train_00026,train,2,C7,1640.0148865894007,-167.82911495243005,88.2324551048102
train_00026,train,3,A2,-681.1272201166868,232.02253558760864,-185.7354538613953
train_00026,train,3,A3,-673.329222609981,90.47784095504902,-283.6387566179569
train_00026,train,3,A4,-697.5089305121616,-121.74308344076414,-269.7706339907187
train_00026,train,3,A5,-624.3951360934021,53.033318168970276,295.06602772480005
train_00026,train,3,B2,-600.0331063498044,-251.89902061509844,-162.76042950693244
train_00026,train,3,B3,-599.9203462615923,-181.06514600434312,-239.1634623355248
train_00026,train,3,B4,600.0074885897589,-181.10089146983927,-239.05786375670095
train_00026,train,3,B5,600.0404463499415,130.2520739216365,270.3375410589968
train_00026,train,3,B6,-599.9463589330577,192.85669870453026,229.81723402468316
train_00026,train,3,C2,1200.8246948844085,-160.22990094781383,-56.81116332898204
train_00026,train,3,C3,1390.8525050013566,-154.4517308827687,59.47184575001007
train_00026,train,3,C4,1390.8811250448439,63.123490709165296,-27.62001915435618
train_00026,train,3,C5,1200.847658424454,-67.75932147177016,33.87229602894479
train_00026,train,3,C6,1390.9162847180178,176.40833510125003,52.35133192996197
train_00026,train,3,C7,1390.8138416876636,-169.41028254760172,89.26682250782804
train_00026,train,4,A2,-681.8094201092194,231.92471762196448,-185.70084259686283
train_00026,train,4,A3,-673.8168721986326,90.38338242834928,-283.59395022379107
train_00026,train,4,A4,-697.87903726353,-121.85179511907677,-269.78490395978963
train_00026,train,4,A5,-624.7124976559728,52.96305748308605,295.0853507865171
train_00026,train,4,B2,-600.2076559446122,-251.99159671961675,-162.82999732946564
train_00026,train,4,B3,-600.3463004347582,-181.11852987458033,-239.24152736356046
train_00026,train,4,B4,599.6921454079923,-180.19545002791637,-239.63144402358253
train_00026,train,4,B5,599.6668742821003,131.03586976031005,269.79012076321044
train_00026,train,4,B6,-600.4000201322134,192.79715295103534,229.8551087889551
train_00026,train,4,C2,1200.610883099745,-158.96740779222904,-57.595943740236976
train_00026,train,4,C3,1390.6168198089933,-153.10057863061954,58.583787319165225
train_00026,train,4,C4,1390.441900900182,64.54423622593528,-28.45377339093235
train_00026,train,4,C5,1200.6298741874864,-66.49722141158873,33.124411153447944
train_00026,train,4,C6,1390.4186071103227,177.7948245149967,51.547994083114254
train_00026,train,4,C7,1390.6574712718516,-167.97731741260017,88.42261072538183
train_00027,train,0,A2,-1058.4040333509813,481.87290299177994,17.811730066140377
train_00027,train,0,A3,-1066.0287581657715,330.82446609764133,-64.70128283766401
train_00027,train,0,A4,-1095.2068869311483,122.42807101441672,-25.778492465193445
train_00027,train,0,A5,-953.9924548084113,350.75211514986205,506.0059008748789
train_00027,train,0,B2,-369.08389925853146,-593.5209765776356,-200.1980209648661
train_00027,train,0,B3,-375.63064653940097,-526.6540133149621,-279.81970000116485
train_00027,train,0,B4,820.1752737035081,-527.1901855869447,-379.4954429611541
train_00027,train,0,B5,861.2416367964782,-190.0308146477132,111.45121118010725
train_00027,train,0,B6,-338.2066266328199,-128.93739448392532,167.50500072342834
train_00027,train,0,C2,1618.803430257496,-468.3390527184083,150.62042469254237
train_00027,train,0,C3,1784.4810351989388,-498.522035949432,296.48817123740434
train_00027,train,0,C4,1801.202488259778,-266.85159094947636,264.66126671892744
train_00027,train,0,C5,1602.713627259432,-399.40092045545424,259.21317800656163
train_00027,train,0,C6,1787.0822153697366,-175.34551773276948,367.94985093408
train_00027,train,0,C7,1779.0120004409534,-519.8631513534111,321.42039342394156
train_00027,train,1,A2,-931.1453904924894,232.0628517900552,-185.74993999607028
train_00027,train,1,A3,-923.2875940109781,90.38670892413354,-283.6416008978063
train_00027,train,1,A4,-947.5674039668472,-121.7176992448491,-269.7357577389945
train_00027,train,1,A5,-874.4512217152471,52.978678585610545,295.1122087126712
train_00027,train,1,B2,-599.9409291523449,-252.05707902732942,-162.6728175572084
train_00027,train,1,B3,-600.0235185878482,-181.13619583325575,-239.06820729957798
train_00027,train,1,B4,600.0622126859142,-181.09363401109047,-239.1608406015177
train_00027,train,1,B5,600.0579450192073,130.2415267756786,270.29392666382427
train_00027,train,1,B6,-599.92282532159,192.83519273268865,229.82594040918974
train_00027,train,1,C2,1450.0155722309612,-158.82788726174854,-57.79655650246098
train_00027,train,1,C3,1639.9729210738035,-153.04587203594565,58.50613139937022
train_00027,train,1,C4,1640.0113037610934,64.57882320863258,-28.619446529397845
train_00027,train,1,C5,1449.995758354335,-66.35568727864451,32.96817460622856
train_00027,train,1,C6,1639.9688206554345,177.8998437268177,51.43661750578555
train_00027,train,1,C7,1639.9796986905142,-167.9715189600236,88.28837870743126
train_00027,train,2,A2,-681.0642147161701,232.00693630022056,-185.81960198649563
train_00027,train,2,A3,-673.2625662822326,90.40524048198833,-283.68521842124136
train_00027,train,2,A4,-697.5161259895272,-121.74804280231653,-269.7805069944486
train_00027,train,2,A5,-624.4308668328623,52.96274400643066,295.03249784459587
train_00027,train,2,B2,-599.903941583511,-252.05891763589167,-162.72200016195532
train_00027,train,2,B3,-600.0025109672979,-181.16107873235808,-239.14608116388533
train_00027,train,2,B4,600.0426572373945,-181.14700322020298,-239.16903137328086
train_00027,train,2,B5,600.0227811305947,130.23952913786846,270.29012463798676
train_00027,train,2,B6,-600.0381279297225,192.8198089800327,229.8198405597838
train_00027,train,2,C2,1450.0538907077264,-158.8290352324297,-57.759860638104264
train_00027,train,2,C3,1640.0349107866625,-152.9996651318649,58.49766676721979
train_00027,train,2,C4,1640.003570371925,64.61729918950859,-28.604971919035115
train_00027,train,2,C5,1450.033908755968,-66.38269450503779,32.90436640394272
train_00027,train,2,C6,1639.9712145936164,177.8550110995479,51.45413805158673
train_00027,train,2,C7,1640.0051787182865,-167.91666656183426,88.28041294552582
train_00027,train,3,A2,-681.0213375283714,231.99673811411455,-185.83783715093966
train_00027,train,3,A3,-673.2317827101423,90.40154457876395,-283.67837265818844
train_00027,train,3,A4,-697.4977729280058,-121.7125360199296,-269.78874056838004
train_00027,train,3,A5,-624.4378207557186,52.99601472696282,295.04006066333113
train_00027,train,3,B2,-599.9484309652111,-252.04128364643896,-162.74968770234565
train_00027,train,3,B3,-599.9818234144443,-181.24455996805244,-239.05642236214416
train_00027,train,3,B4,600.0292441786808,-181.14149986817802,-239.13649784979594
train_00027,train,3,B5,600.0134774643514,130.21601266721618,270.29710181674176
train_00027,train,3,B6,-600.0173321676524,192.83262856083846,229.8475537954331
train_00027,train,3,C2,1200.000404917013,-158.6728779240621,-57.84889558044882
train_00027,train,3,C3,1389.9997695185132,-152.9052542256889,58.471812223001415
train_00027,train,3,C4,1389.994183136355,64.7383981618614,-28.70824759337428
train_00027,train,3,C5,1200.0669879753573,-66.13536330256623,32.81613084932904
train_00027,train,3,C6,1390.0612689812667,178.0516100023154,51.35986983790042
train_00027,train,3,C7,1389.9771063256467,-167.7855320163853,88.2441992558136
train_00027,train,4,A2,-681.0264176623688,232.10611815019672,-185.91780388398126
train_00027,train,4,A3,-673.2211898925885,90.45104661163084,-283.7282068546918
train_00027,train,4,A4,-697.4735202879789,-121.68017932422002,-269.8472157674478
train_00027,train,4,A5,-624.3791462809412,53.0602479997368,294.9582365701097
train_00027,train,4,B2,-600.0019890396541,-252.0046223714395,-162.8145960786207
train_00027,train,4,B3,-599.9353124802478,-181.11358855772127,-239.13284115759745
train_00027,train,4,B4,600.0547755021701,-181.21989529571965,-239.1644317566251
train_00027,train,4,B5,600.0042480771806,130.13433658976976,270.3203564373969
train_00027,train,4,B6,-599.9528458994318,192.8865160684857,229.7913786249358
train_00027,train,4,C2,1199.9308028517096,-158.76507246854968,-57.74685824391155
train_00027,train,4,C3,1390.0058091208136,-152.93266958370376,58.546825115323685
train_00027,train,4,C4,1390.0558644371024,64.65292308119956,-28.566700767189907
train_00027,train,4,C5,1200.0226455473596,-66.30152191145443,32.94404110399023
train_00027,train,4,C6,1390.0481517546918,177.90844318865214,51.42446144144
train_00027,train,4,C7,1389.9361062172336,-167.9403937316184,88.29047994154287
train_00028,train,0,A2,-1142.5272167665837,116.93668763707024,-303.5259557707544
train_00028,train,0,A3,-1159.5701442514041,-49.04758552925891,-346.18651210398355
train_00028,train,0,A4,-1222.0873926210797,-235.8146868200601,-262.34544317908103
train_00028,train,0,A5,-1124.2443105406821,110.5717201746211,212.34674478472888
train_00028,train,0,B2,-670.5329256145768,11.841639417051697,-456.40626183728415
train_00028,train,0,B3,-656.6802043691827,71.08944053598827,-540.9801818228252
train_00028,train,0,B4,500.9919280482907,-243.36540188890834,-571.9829944556063
train_00028,train,0,B5,610.1630655769719,112.47100331073862,-105.26459832199824
train_00028,train,0,B6,-533.6263375943824,482.3946099281068,-122.05950563697454
train_00028,train,0,C2,1416.7583226025138,113.80108704417631,-37.100166585391975
train_00028,train,0,C3,1549.6316647133376,147.38983028314777,138.6877664209748
train_00028,train,0,C4,1534.404933112449,366.8601103746523,57.824622647193316
train_00028,train,0,C5,1366.4295981626228,197.43596488466494,48.13296895100164
train_00028,train,0,C6,1483.4212917641069,471.6325516855197,133.10700469633332
train_00028,train,0,C7,1542.4820437862497,130.5294402122375,166.44436498259896
train_00028,train,1,A2,-931.1341134169202,231.9118050228638,-185.89238562326835
train_00028,train,1,A3,-923.3298621299136,90.32503073436799,-283.7184999037062
train_00028,train,1,A4,-947.5294558875728,-121.76453102470187,-269.8908661255015
train_00028,train,1,A5,-874.4799667630856,52.94896204176663,294.97291892322284
train_00028,train,1,B2,-600.0249688055866,-252.0020315893983,-162.82101563764022
train_00028,train,1,B3,-600.0583515048206,-181.0907274237235,-239.10884281429858
train_00028,train,1,B4,599.9013524174228,-181.0872250686584,-239.1466831866972
train_00028,train,1,B5,599.9219056014581,130.23896649858116,270.319683814796
train_00028,train,1,B6,-599.9862530713375,192.84408470803308,229.8014140677291
train_00028,train,1,C2,1450.0156073521803,-158.68373200149702,-57.870783402075425
train_00028,train,1,C3,1639.9818128489574,-152.9774627507974,58.359330673856626
train_00028,train,1,C4,1640.0203971573924,64.68508508011617,-28.773635395572892
train_00028,train,1,C5,1450.0160254563393,-66.2250642020041,32.83510750565259
train_00028,train,1,C6,1640.0937237464573,178.01015705799102,51.40423317216435
train_00028,train,1,C7,1640.016682279879,-167.89909160893305,88.18891847168177
train_00028,train,2,A2,-681.1321143682563,232.01583719370106,-185.81190330210148
train_00028,train,2,A3,-673.302736523363,90.46073316829087,-283.7002396913342
train_00028,train,2,A4,-697.5754598530302,-121.73353393689835,-269.83635852265047
train_00028,train,2,A5,-624.5897664824439,52.960265295438944,294.9791563917914
train_00028,train,2,B2,-600.0204441220093,-251.96166276578546,-162.76410915540546
train_00028,train,2,B3,-600.0659302027303,-181.16967623087675,-239.1182529910782
train_00028,train,2,B4,599.9384077913303,-181.1742156381958,-239.11596446484907
train_00028,train,2,B5,599.9362854512407,130.1839692723426,270.2500051368863
train_00028,train,2,B6,-600.04136543091,192.87182541178143,229.84027268594897
train_00028,train,2,C2,1450.0332100602764,-158.71331034549914,-57.96761568485062
train_00028,train,2,C3,1639.9629069150128,-152.95194025143186,58.34092371910514
train_00028,train,2,C4,1639.9858967361922,64.60790841923867,-28.682341403714922
train_00028,train,2,C5,1449.9994042594321,-66.23046469421985,32.83589655864963
train_00028,train,2,C6,1639.9897189286153,177.8966320653393,51.31275406820587
train_00028,train,2,C7,1639.9518547984374,-167.8797555807924,88.11506064932021
train_00028,train,3,A2,-681.160649908787,231.98693250229644,-185.83306624070715
train_00028,train,3,A3,-673.2464174992318,90.42552971105795,-283.7623079705372
train_00028,train,3,A4,-697.537590003698,-121.72169842728036,-269.83895367107505
train_00028,train,3,A5,-624.5776550645168,52.94588553559462,294.99904186580846
train_00028,train,3,B2,-600.0313907407018,-252.00902177717592,-162.83658772422874
train_00028,train,3,B3,-600.065446203553,-181.18057030128145,-239.17510876581764
train_00028,train,3,B4,599.9289390710071,-181.08997312835325,-239.1560178025161
train_00028,train,3,B5,599.9031348811916,130.2685269930628,270.30635535445896
train_00028,train,3,B6,-600.0491937084187,192.83510102515962,229.84047325240033
train_00028,train,3,C2,1199.9590860235874,-158.67433230751774,-57.81212037714057
train_00028,train,3,C3,1389.9783555002548,-152.88275185555585,58.43017455084106
train_00028,train,3,C4,1389.919057833411,64.72443870221231,-28.639755719850772
train_00028,train,3,C5,1199.9806397629288,-66.15892401419622,32.85513136642277
train_00028,train,3,C6,1389.9864497655954,178.03218662912496,51.376289267073744
train_00028,train,3,C7,1389.9994765496083,-167.84112423111813,88.1909838366999
train_00028,train,4,A2,-681.0886143932948,232.01257693817996,-185.79049984008367
train_00028,train,4,A3,-673.3056475122079,90.43292856984958,-283.61539919855477
train_00028,train,4,A4,-697.5047346781562,-121.65260841641806,-269.798634629471
train_00028,train,4,A5,-624.511370755003,52.970408983202475,295.09353313612604
train_00028,train,4,B2,-599.9227647025288,-251.97124197329177,-162.6620427971226
train_00028,train,4,B3,-600.0114107745666,-181.1888372495785,-239.05818904317317
train_00028,train,4,B4,600.0464064110488,-181.14807402090295,-239.02591729681376
train_00028,train,4,B5,600.0297180545986,130.22092843086375,270.3206097561629
train_00028,train,4,B6,-599.9522239608442,192.85875749725193,229.90604998981743
train_00028,train,4,C2,1200.0128560497878,-158.62523718843943,-57.78290130360758
train_00028,train,4,C3,1390.0422634675765,-152.86874583034944,58.47316920012561
train_00028,train,4,C4,1390.0270483948243,64.74785787715273,-28.705695086552648
train_00028,train,4,C5,1199.9850149152644,-66.13525359410728,32.93546847785652
train_00028,train,4,C6,1390.033655936813,178.02577732578035,51.36849539216915
train_00028,train,4,C7,1390.0253261387504,-167.79056519970965,88.2825822214486
train_00029,train,0,A2,-1157.5071790554246,125.69379730519925,-331.4873337129222
train_00029,train,0,A3,-1161.6689963768497,-19.310525268713047,-424.42950216506125
train_00029,train,0,A4,-1193.3531608717108,-229.65319946419086,-401.4352452383684
train_00029,train,0,A5,-1077.0333866126075,-39.226231836532115,150.967708896655
train_00029,train,0,B2,-606.6781253424385,-42.63750566884602,-154.95815736313557
train_00029,train,0,B3,-596.0179790843669,14.617978998671617,-241.40581825317864
train_00029,train,0,B4,596.7384350574758,-93.89992758958347,-166.77056203980584
train_00029,train,0,B5,603.6651720996417,294.71590921876987,286.3942781876476
train_00029,train,0,B6,-580.9627663913996,458.22260833145896,162.01849406029103
train_00029,train,0,C2,1140.1951560156108,194.78346313698873,-330.7958531862503
train_00029,train,0,C3,1319.663197165695,228.0408025140461,-202.8937026490477
train_00029,train,0,C4,1310.9956935347573,434.424650693602,-313.6450059984392
train_00029,train,0,C5,1126.5967830366276,296.16831882900857,-251.23580404097598
train_00029,train,0,C6,1296.6800919140965,555.2199119523251,-247.02924366688939
train_00029,train,0,C7,1318.3996334264182,216.38039813703026,-171.69411684131285
train_00029,train,1,A2,-931.0839489415825,231.9370679157659,-185.92725221935763
train_00029,train,1,A3,-923.2907508999198,90.41462700419734,-283.74050404179195
train_00029,train,1,A4,-947.5794256871337,-121.81416747078032,-269.8219999586709
train_00029,train,1,A5,-874.5501848479232,52.93262224864463,295.0071638528617
train_00029,train,1,B2,-600.0238319056402,-251.9471035739157,-162.7339621142561
train_00029,train,1,B3,-599.997304684559,-181.12347695494714,-239.11104684350082
train_00029,train,1,B4,599.968695626575,-181.13549966134605,-239.06899036325441
train_00029,train,1,B5,599.8443767556524,130.198568448477,270.37069812115607
train_00029,train,1,B6,-600.0316430999478,192.82412511991177,229.86455951898748
train_00029,train,1,C2,1449.9882608066519,-158.70692271108342,-57.935185689888215
train_00029,train,1,C3,1640.025073615419,-152.9668054578826,58.3041801261618
train_00029,train,1,C4,1639.9651178377574,64.70736889954036,-28.787213910673106
train_00029,train,1,C5,1449.9891814940722,-66.26538284575622,32.77137388936716
train_00029,train,1,C6,1640.067712779209,177.97991436991734,51.281938371452796
train_00029,train,1,C7,1640.0309300986837,-167.90931807780893,88.06804338467556
train_00029,train,2,A2,-681.1320063088878,232.03517598259455,-185.84537367382006
train_00029,train,2,A3,-673.3378305733008,90.46716708173182,-283.7248607587225
train_00029,train,2,A4,-697.5683666652732,-121.67690536611224,-269.812864061309
train_00029,train,2,A5,-624.5752108213262,53.115026569546245,295.03811960922224
train_00029,train,2,B2,-600.0476352188161,-252.02937720704887,-162.72810377427322
train_00029,train,2,B3,-599.9921224600143,-181.13857688721595,-239.09556032811827
train_00029,train,2,B4,599.931090510983,-181.1854011818095,-239.11571613145878
train_00029,train,2,B5,599.9117652601766,130.14515444179574,270.32418823657525
train_00029,train,2,B6,-599.9723538438498,192.86530768600036,229.8189752810234
train_00029,train,2,C2,1449.966820517577,-158.72587126785922,-57.94570914662878
train_00029,train,2,C3,1640.021402372904,-152.94962363400805,58.350652686762196
train_00029,train,2,C4,1639.9966141187926,64.6522296543131,-28.722310096814667
train_00029,train,2,C5,1449.9262633330568,-66.27463264088544,32.78544689911776
train_00029,train,2,C6,1640.0126537222586,177.92775386658928,51.33526339185899
train_00029,train,2,C7,1640.0209928342008,-167.87149357800348,88.05478614190504
train_00029,train,3,A2,-681.1384006027907,232.0193295634469,-185.84142294478798
train_00029,train,3,A3,-673.3246608187222,90.43494727131174,-283.7030756357847
train_00029,train,3,A4,-697.5850221231901,-121.65896795230294,-269.8128187016231
train_00029,train,3,A5,-624.577360521453,53.05421304503772,295.05245387663723
train_00029,train,3,B2,-599.9936287988488,-251.98948156186864,-162.692892578568
train_00029,train,3,B3,-600.0430769115262,-181.10207082718603,-239.07681483589093
train_00029,train,3,B4,599.9644654580576,-181.18945739803203,-239.07038502455765
train_00029,train,3,B5,599.96811918165,130.19211681632905,270.35789505027043
train_00029,train,3,B6,-600.0152618724518,192.88906783717613,229.82038348407335
train_00029,train,3,C2,1199.9857279612656,-158.77539740631244,-57.801853358147596
train_00029,train,3,C3,1389.9890432543073,-153.0006501829016,58.348582979223295
train_00029,train,3,C4,1389.9531397791038,64.64907111158553,-28.712247622232123
train_00029,train,3,C5,1200.002696892236,-66.3022024073395,32.87464515619503
train_00029,train,3,C6,1389.97425058739,177.87318159486207,51.33960681526613
train_00029,train,3,C7,1390.0048133799487,-167.91203167438368,88.201714427215
train_00029,train,4,A2,-679.7005856119654,232.34194835479119,-184.4859480829918
train_00029,train,4,A3,-671.8770478636889,90.75667880123335,-282.3995290040104
train_00029,train,4,A4,-696.1002944188525,-121.4079441589023,-268.5378580934419
train_00029,train,4,A5,-623.1626561090276,53.27886341085378,296.37856679233744
train_00029,train,4,B2,-598.548200499658,-251.72129789910898,-161.4672558431983
train_00029,train,4,B3,-598.5279062944222,-180.79697326797643,-237.80985785240327
train_00029,train,4,B4,601.4264393705414,-180.78850177896064,-237.7315211027893
train_00029,train,4,B5,601.3736653370444,130.56998671145018,271.66948867051735
train_00029,train,4,B6,-598.6088933630962,193.113322710308,231.21222162149905
train_00029,train,4,C2,1201.5143955963263,-158.2733174159482,-56.437751080747724
train_00029,train,4,C3,1391.446248483897,-152.48044915137703,59.775118892470914
train_00029,train,4,C4,1391.4052965044502,65.09027079692387,-27.328144154236863
train_00029,train,4,C5,1201.39097373875,-65.757296658513,34.21809689160722
train_00029,train,4,C6,1391.409785112722,178.39112548993452,52.722818176532485
train_00029,train,4,C7,1391.465897410558,-167.40267788443396,89.62060452323796
train_00030,train,0,A2,-1177.4838818024705,171.59801604148439,-144.81692335829658
train_00030,train,0,A3,-1166.2672372316033,20.04851136620317,-225.950144983412
train_00030,train,0,A4,-1183.9585204680493,-189.67589714863826,-187.79024465608785
train_00030,train,0,A5,-1111.7883565098577,50.40230874062387,352.7077457232844
train_00030,train,0,B2,-687.8718031429199,-345.9575727977734,-237.99669171441226
train_00030,train,0,B3,-693.4648996873075,-280.87833549047514,-319.0574773654772
train_00030,train,0,B4,503.92303685202523,-205.8416584956817,-341.8260643323215
train_00030,train,0,B5,491.51773723000736,140.02951861827503,144.63286521384703
train_00030,train,0,B6,-710.5160218542443,124.58108847373582,122.63484070603194
train_00030,train,0,C2,1786.4879359848155,-77.93659351425103,-149.4545742441581
train_00030,train,0,C3,1977.4061454746056,-42.879300982435424,-39.93975208244136
train_00030,train,0,C4,1966.5992306206374,154.80511405705778,-165.47875724042487
train_00030,train,0,C5,1783.3749294882666,29.62915704036227,-77.2117824696701
train_00030,train,0,C6,1962.4623461459648,280.7883898050164,-107.55779900518027
train_00030,train,0,C7,1978.406835916396,-52.011620848963766,-7.967034502553062
train_00030,train,1,A2,-931.1590061059619,231.96231239193685,-185.82226384563293
train_00030,train,1,A3,-923.2698885480582,90.46347495762899,-283.6035072771034
train_00030,train,1,A4,-947.5703484058852,-121.80165922730016,-269.7237910123404
train_00030,train,1,A5,-874.4833174077072,52.999590280094715,295.0515834170489
train_00030,train,1,B2,-599.95134540272,-252.00617610534903,-162.76521997996016
train_00030,train,1,B3,-599.9999558285547,-181.13884314194743,-239.12193333941687
train_00030,train,1,B4,599.9874300736656,-181.04577219810034,-239.12334316616602
train_00030,train,1,B5,600.0416950903888,130.19176254745344,270.2943158380815
train_00030,train,1,B6,-599.9527952238375,192.83051453626823,229.87741750509366
train_00030,train,1,C2,1450.0066526352875,-158.74956474044723,-57.85517194201801
train_00030,train,1,C3,1639.9385181351647,-152.92341254480692,58.44693855722471
train_00030,train,1,C4,1639.9749773897145,64.63223836715615,-28.608994217176615
train_00030,train,1,C5,1450.0158918505604,-66.23086753959191,32.84997878742532
train_00030,train,1,C6,1640.0300331293895,178.02234844219325,51.376200847321904
train_00030,train,1,C7,1639.9582167481442,-167.86343940540803,88.27394884101696
train_00030,train,2,A2,-681.038816372695,232.06335096674002,-185.8123603185645
train_00030,train,2,A3,-673.3127425265826,90.38874511560236,-283.66652171419406
train_00030,train,2,A4,-697.4560549423146,-121.70307060525094,-269.8339871378778
train_00030,train,2,A5,-624.4620245142872,52.96103823341577,295.0586080413527
train_00030,train,2,B2,-600.0571810404674,-252.00972024768294,-162.75343235277154
train_00030,train,2,B3,-599.9549653977771,-181.0973115425793,-239.09114022389917
train_00030,train,2,B4,599.9964988278523,-181.11687413549063,-239.16068866762726
train_00030,train,2,B5,600.019467632345,130.24532326389513,270.2278156828515
train_00030,train,2,B6,-599.9527390954572,192.85757776418419,229.90448879916298
train_00030,train,2,C2,1450.0420886311995,-158.73846669246382,-57.86510697866868
train_00030,train,2,C3,1640.0182003321956,-152.96602756081714,58.45527089939115
train_00030,train,2,C4,1640.0366326659132,64.60381287893593,-28.656969608160555
train_00030,train,2,C5,1450.0326090844483,-66.2320414612511,32.836880477998086
train_00030,train,2,C6,1640.0673092084148,177.9450527870766,51.40302706552494
train_00030,train,2,C7,1639.9615842079281,-167.87393854435052,88.28283626085745
train_00030,train,3,A2,-681.0235452232904,232.0238215404279,-185.80202981114607
train_00030,train,3,A3,-673.1986783846518,90.43771068597812,-283.6879503841143
train_00030,train,3,A4,-697.5136854721337,-121.69873342551405,-269.80673940591925
train_00030,train,3,A5,-624.5051743605286,52.950995284787744,295.0264598179203
train_00030,train,3,B2,-599.9526359699964,-251.9682878705721,-162.6908636101945
train_00030,train,3,B3,-599.9132473501894,-181.08462529046227,-239.11943834980968
train_00030,train,3,B4,600.0554967771552,-181.0981116060607,-239.14583563300926
train_00030,train,3,B5,600.0120210888774,130.1622835519208,270.2859160425554
train_00030,train,3,B6,-599.9802039594571,192.80008347731447,229.87325768760223
train_00030,train,3,C2,1199.9094904085898,-158.60823318498223,-57.88190120958634
train_00030,train,3,C3,1389.9930906478141,-152.8469709635393,58.30351054928411
train_00030,train,3,C4,1389.929492801719,64.7711914427923,-28.721571889539803
train_00030,train,3,C5,1199.8828991808919,-66.13578603172007,32.82189235112024
train_00030,train,3,C6,1389.9321277718095,178.06166133163325,51.2592940055963
train_00030,train,3,C7,1390.006948087617,-167.7685664143911,88.13200522186149
train_00030,train,4,A2,-679.5533805293127,233.0958401073858,-184.9786716477029
train_00030,train,4,A3,-671.737770945214,91.58690695812527,-282.86467019825176
train_00030,train,4,A4,-696.078238696764,-120.63145325290927,-268.98837314790086
train_00030,train,4,A5,-623.0180723764483,54.064463397409995,295.89403975365263
train_00030,train,4,B2,-598.5502579094027,-250.92614347437487,-161.8543655034826
train_00030,train,4,B3,-598.5275037099689,-180.115442353339,-238.25892342106627
train_00030,train,4,B4,601.5175773042597,-180.06835126846124,-238.2611561475295
train_00030,train,4,B5,601.5038453102496,131.25127225722377,271.1683790786585
train_00030,train,4,B6,-598.4811951551292,193.95796693761343,230.68397904421542
train_00030,train,4,C2,1201.3951833436033,-157.64205314777251,-56.94696867585994
train_00030,train,4,C3,1391.3813670490526,-151.71124958193292,59.27942715599181
train_00030,train,4,C4,1391.3470005674014,65.7615539496963,-27.799379387289566
train_00030,train,4,C5,1201.390904675617,-65.14523272060914,33.75173092481713
train_00030,train,4,C6,1391.438443456465,179.09112525228306,52.223417639269414
train_00030,train,4,C7,1391.417782713736,-166.7081927937547,89.09135330092703
train_00031,train,0,A2,-629.4160999178141,144.006929134833,-341.32943915911346
train_00031,train,0,A3,-611.0125860204981,-3.0774148806772907,-429.18713674901556
train_00031,train,0,A4,-618.6657259276408,-214.9298693754947,-400.3941317033736
train_00031,train,0,A5,-557.8604888021248,4.055140986564702,150.34767116420358
train_00031,train,0,B2,-268.9521998275569,87.94828854934977,34.96240235256032
train_00031,train,0,B3,-271.49130804125986,181.78300589417546,-10.075301755559014
train_00031,train,0,B4,914.9573875211695,284.6831306701507,137.28553001347376
train_00031,train,0,B5,833.9802608707588,383.2647108630211,720.5116172557244
train_00031,train,0,B6,-356.9665743931991,353.51468684391074,558.2399795521266
train_00031,train,0,C2,1420.181872640526,16.258794397418896,191.10078025841653
train_00031,train,0,C3,1616.3143253080368,14.775058723068401,296.8825287792491
train_00031,train,0,C4,1625.2685087722973,227.72236210301992,199.36729353845956
train_00031,train,0,C5,1431.070464770774,112.49998808441893,277.07975518865686
train_00031,train,0,C6,1636.883914882607,344.36482252031516,273.6260907308804
train_00031,train,0,C7,1617.032750769588,1.2550960037693557,327.2330763275831
train_00031,train,1,A2,-932.5490868804163,233.3551159088394,-185.5862136754594
train_00031,train,1,A3,-924.7417898377091,91.79153387225632,-283.34758012636934
train_00031,train,1,A4,-948.9746699655408,-120.36828516539474,-269.4683688701512
train_00031,train,1,A5,-875.8941899130233,54.34694987322112,295.3385535312202
train_00031,train,1,B2,-600.0027040427289,-251.96545529544125,-162.75273783932238
train_00031,train,1,B3,-599.97692450935,-181.11398030398368,-239.18420234284378
train_00031,train,1,B4,599.9697462165706,-181.20627660819179,-239.0699461341787
train_00031,train,1,B5,600.0244910175658,130.15914691240607,270.3036855625621
train_00031,train,1,B6,-599.9489986594745,192.8771379373231,229.77524370624195
train_00031,train,1,C2,1450.0018540426288,-158.82502119843113,-57.97720989199774
train_00031,train,1,C3,1640.0322528285483,-153.0379619242865,58.37720810433491
train_00031,train,1,C4,1640.0102236932146,64.60625888737043,-28.69065173072541
train_00031,train,1,C5,1450.0247453916136,-66.31390015851824,32.7602019606551
train_00031,train,1,C6,1639.9855239411152,177.87680042208345,51.33150546333962
train_00031,train,1,C7,1640.0218030563763,-167.93693355856098,88.12223884604981
train_00031,train,2,A2,-681.0471471183434,232.0683663565834,-185.86423701053252
train_00031,train,2,A3,-673.2986615688554,90.46697640632222,-283.7428848131491
train_00031,train,2,A4,-697.5043467787401,-121.7509106543175,-269.89822194401626
train_00031,train,2,A5,-624.4795026807557,52.99804975195242,294.9723384674806
train_00031,train,2,B2,-599.9664940296651,-251.9661297814449,-162.77708923263862
train_00031,train,2,B3,-599.9608017649175,-181.09457912874268,-239.17447625258873
train_00031,train,2,B4,600.0341398102652,-181.1580702825748,-239.0207317209934
train_00031,train,2,B5,600.0547313117869,130.17547317201777,270.3104217829056
train_00031,train,2,B6,-600.0032725800461,192.87196882812935,229.76801100788794
train_00031,train,2,C2,1449.9778106394224,-158.79960041771946,-57.83026656011399
train_00031,train,2,C3,1639.9963381360712,-153.03744695952173,58.38848957212734
train_00031,train,2,C4,1640.029564261088,64.60286318104176,-28.747215804756756
train_00031,train,2,C5,1449.954433568292,-66.32823042407117,32.810799988529716
train_00031,train,2,C6,1639.956793295111,177.92595663501734,51.31646976319699
train_00031,train,2,C7,1639.927444376856,-167.94749201504524,88.17648953558704
train_00031,train,3,A2,-681.0385694309463,232.01148310101723,-185.87530724328644
train_00031,train,3,A3,-673.2097220041882,90.40010708196715,-283.77199832398264
train_00031,train,3,A4,-697.5088030398086,-121.73504415376463,-269.81037162678473
train_00031,train,3,A5,-624.4242980442676,53.04970955707192,295.03536247822166
train_00031,train,3,B2,-599.9557324379884,-252.01018030404543,-162.83273627300454
train_00031,train,3,B3,-599.8971623278845,-181.1670352972673,-239.16620401540118
train_00031,train,3,B4,600.0362700071536,-181.18782237401936,-239.0845921839867
train_00031,train,3,B5,600.0102150782709,130.13548671235662,270.3043785540899
train_00031,train,3,B6,-600.0115047823074,192.87218281333492,229.82304090863178
train_00031,train,3,C2,1200.0283649625712,-158.73438486366643,-57.822814659852305
train_00031,train,3,C3,1389.9464479703877,-152.92970241100332,58.52927208517418
train_00031,train,3,C4,1389.9736427287921,64.60150826121951,-28.505588077188207
train_00031,train,3,C5,1200.0272099586268,-66.28461192921799,32.99720354380302
train_00031,train,3,C6,1390.0272518575664,177.92946460749678,51.554319970247306
train_00031,train,3,C7,1390.0087338554856,-167.89964730974282,88.2929568343484
train_00031,train,4,A2,-681.0969566266525,231.96188160468517,-185.8611350160937
train_00031,train,4,A3,-673.336386759843,90.40132564377296,-283.65547789323534
train_00031,train,4,A4,-697.5489763228843,-121.80951544101406,-269.77812467029753
train_00031,train,4,A5,-624.4943940487044,52.94557517014428,295.0737570762211
train_00031,train,4,B2,-599.9847006332465,-252.0017102854158,-162.71167559581573
train_00031,train,4,B3,-600.004163364185,-181.15083166952803,-239.12172672861212
train_00031,train,4,B4,600.0160197006489,-181.06756298719915,-239.1061047340917
train_00031,train,4,B5,600.0414643553744,130.2655802787989,270.31040044164615
train_00031,train,4,B6,-599.9573286997834,192.88609510211373,229.89538026936594
train_00031,train,4,C2,1199.9282351436389,-158.61936625536205,-57.86562817242064
train_00031,train,4,C3,1390.0110469943438,-152.84330623981393,58.39628681738935
train_00031,train,4,C4,1389.999674639643,64.71888356899872,-28.63435012975207
train_00031,train,4,C5,1199.973854908281,-66.14876590195023,32.8669113082953
train_00031,train,4,C6,1389.9692397184765,178.05016027631342,51.41581913847844
train_00031,train,4,C7,1389.9907580731012,-167.74544385274845,88.2191359083594
train_00032,train,0,A2,-679.7150409776611,192.7106964776556,-274.63359740435595
train_00032,train,0,A3,-679.4490392297389,62.963704591725005,-387.95925594640954
train_00032,train,0,A4,-696.0735404132054,-150.26020267061992,-395.3302197800769
train_00032,train,0,A5,-562.806667493799,-34.90722405296909,173.70013335578386
train_00032,train,0,B2,-605.6385252583065,-583.2748462041758,-173.06324489537408
train_00032,train,0,B3,-634.2644670854901,-535.3964510705091,-261.0635693238391
train_00032,train,0,B4,516.8083157330956,-305.3667901719149,-510.3642302020463
train_00032,train,0,B5,523.1828840016659,118.64733223765283,-90.14074579070366
train_00032,train,0,B6,-648.9668978258775,-62.158045563491875,107.17952209224805
train_00032,train,0,C2,1395.9189038973796,-357.0367166889847,144.12873105675223
train_00032,train,0,C3,1532.5508867346025,-385.111907488466,317.93039072029114
train_00032,train,0,C4,1570.2496852983793,-157.97507763874842,274.01470134481644
train_00032,train,0,C5,1366.7515625237897,-279.0474480122616,243.4598536769098
train_00032,train,0,C6,1545.5573885075792,-58.02009881988582,366.8558238353158
train_00032,train,0,C7,1521.4694243992976,-404.14686110757873,342.96174260267804
train_00032,train,1,A2,-930.999880740021,232.03073732074637,-185.89778639364462
train_00032,train,1,A3,-923.2576136778432,90.54887302946345,-283.79316235875325
train_00032,train,1,A4,-947.5047422303896,-121.7470075676728,-269.90868665758484
train_00032,train,1,A5,-874.4822568722847,53.02872126487236,294.9707699476923
train_00032,train,1,B2,-599.9966799143805,-252.030933875391,-162.79913748312714
train_00032,train,1,B3,-599.973247819895,-181.17220582738398,-239.14882597387077
train_00032,train,1,B4,600.0462147303854,-181.22992823631077,-239.1291922050959
train_00032,train,1,B5,600.0468177252897,130.1711918555072,270.32308890057146
train_00032,train,1,B6,-599.9321551890871,192.79880924922492,229.79160480402535
train_00032,train,1,C2,1450.0076050154155,-158.79150594460495,-57.9135079685824
train_00032,train,1,C3,1640.0262234139914,-152.98034188381436,58.357092347830665
train_00032,train,1,C4,1640.006918107522,64.58016742893945,-28.66307223424669
train_00032,train,1,C5,1450.0241807764116,-66.30105469396855,32.842014489210705
train_00032,train,1,C6,1640.0251505269944,177.91323179465533,51.342288038990894
train_00032,train,1,C7,1639.989380749511,-167.8691601950808,88.11824481029535
train_00032,train,2,A2,-681.0873377965728,231.9397791055886,-185.8775286457737
train_00032,train,2,A3,-673.2935931990031,90.38216615809067,-283.70479973626783
train_00032,train,2,A4,-697.5193328056193,-121.80368552620722,-269.84108463882876
train_00032,train,2,A5,-624.5026336023676,52.94248776139392,294.997740611215
train_00032,train,2,B2,-599.9864871966776,-252.05811794803364,-162.7789906799153
train_00032,train,2,B3,-599.9839535536446,-181.17224682039642,-239.15647282914875
train_00032,train,2,B4,600.0180740703372,-181.15201927157887,-239.08605378974673
train_00032,train,2,B5,600.01622534999,130.13566854554824,270.3518175740271
train_00032,train,2,B6,-600.0307704812118,192.85100330396835,229.81096437964462
train_00032,train,2,C2,1450.009215021277,-158.79278358123747,-57.95788404463753
train_00032,train,2,C3,1640.0119726381802,-152.9600740001686,58.343960531680985
train_00032,train,2,C4,1640.0476231889506,64.66742834495356,-28.694191214911495
train_00032,train,2,C5,1449.9795785946392,-66.29161139942117,32.82469462009532
train_00032,train,2,C6,1639.9836896659353,177.91542092798136,51.380551654067666
train_00032,train,2,C7,1639.9816131779617,-167.90785899999437,88.13109218147467
train_00032,train,3,A2,-681.0918226710452,231.8841913263964,-185.8847975462501
train_00032,train,3,A3,-673.2412451727972,90.3377067572196,-283.72481954265675
train_00032,train,3,A4,-697.509777950278,-121.76195420762978,-269.7995652234684
train_00032,train,3,A5,-624.423018979992,53.00719564958196,294.9996419373887
train_00032,train,3,B2,-599.966367806261,-252.0584830989779,-162.77876203888584
train_00032,train,3,B3,-599.996465845723,-181.15184070373974,-239.12761388470796
train_00032,train,3,B4,600.0207652551904,-181.20287136498203,-239.11949405738167
train_00032,train,3,B5,600.079145148968,130.15722622536765,270.35093075130254
train_00032,train,3,B6,-599.9377840525106,192.89505426200384,229.7783143084799
train_00032,train,3,C2,1199.952464685952,-158.658383546064,-57.64541790924757
train_00032,train,3,C3,1390.005193312023,-152.84403844267348,58.623404894667225
train_00032,train,3,C4,1390.0177778450864,64.68770620779934,-28.503651426923373
train_00032,train,3,C5,1200.030283070556,-66.1414611995372,33.11295425535129
train_00032,train,3,C6,1390.0323249900368,178.068825194418,51.5134414509821
train_00032,train,3,C7,1389.9781875031563,-167.72614307740898,88.40312302436313
train_00032,train,4,A2,-681.1077427768511,231.92597573052336,-185.86056432332614
train_00032,train,4,A3,-673.3301745063677,90.38345104071605,-283.6400567449223
train_00032,train,4,A4,-697.5714197949808,-121.7579339438433,-269.7760679652649
train_00032,train,4,A5,-624.4455847368308,52.939243378563305,295.0708389226201
train_00032,train,4,B2,-599.9825579366379,-251.93279577386426,-162.77810155023562
train_00032,train,4,B3,-600.0418946999679,-181.14171557909395,-239.10268876535474
train_00032,train,4,B4,599.9516879228906,-181.11190365331,-239.23205180399103
train_00032,train,4,B5,599.9642214423168,130.17425248880252,270.2966492098217
train_00032,train,4,B6,-599.9861314658866,192.8343168826549,229.79285876545183
train_00032,train,4,C2,1199.9820548575315,-158.65297566895572,-57.85113444499479
train_00032,train,4,C3,1390.0296890924378,-152.8225835081374,58.39147210924534
train_00032,train,4,C4,1389.975816414327,64.81976221009643,-28.67697638217947
train_00032,train,4,C5,1199.9863590746131,-66.13117184207997,32.889113888109875
train_00032,train,4,C6,1389.9811728339614,178.0775683063025,51.295693745926144
train_00032,train,4,C7,1389.9776637310104,-167.69344805923606,88.2045277743656
train_00033,train,0,A2,-996.8895400585944,-26.371870746252036,-455.58290765582956
train_00033,train,0,A3,-994.6180906497175,-153.16428691716195,-572.186941634755
train_00033,train,0,A4,-1018.608484010902,-365.29444247662957,-586.3216496873888
train_00033,train,0,A5,-916.0248470027452,-269.38735682627123,-7.343651042240556
train_00033,train,0,B2,-915.718098181033,0.29242612478481567,-271.0718603234694
train_00033,train,0,B3,-918.3848846269016,74.06468434169284,-344.65870826642276
train_00033,train,0,B4,281.18443900689175,88.95764290081505,-372.4441643860373
train_00033,train,0,B5,289.6272224455263,380.34881408835037,148.5605625875563
train_00033,train,0,B6,-911.6596569191686,429.64257676600306,138.320672741027
train_00033,train,0,C2,1697.575717071389,-157.69544507740784,-75.05822665641068
train_00033,train,0,C3,1906.6928106409591,-199.0149519356599,-10.172583086953654
train_00033,train,0,C4,1933.078392816598,18.626078525679173,-93.17360264783315
train_00033,train,0,C5,1739.9095751535874,-72.90812528654429,13.328433648888982
train_00033,train,0,C6,1977.3257533474239,124.25969246744849,-14.999394747411127
train_00033,train,0,C7,1910.6871918053484,-215.41783664478135,18.488120585211423
train_00033,train,1,A2,-931.1423270188872,231.9813267637037,-185.83318525905293
train_00033,train,1,A3,-923.3682629356259,90.43527414187315,-283.65748110425614
train_00033,train,1,A4,-947.5541152125355,-121.77378523007685,-269.7643440735291
train_00033,train,1,A5,-874.457063467043,52.96614307773888,295.0403767437229
train_00033,train,1,B2,-599.9485833961376,-252.06038899204134,-162.72761650487644
train_00033,train,1,B3,-600.0102462323831,-181.15689423853476,-239.10668960019123
train_00033,train,1,B4,599.955797220466,-181.15626809430904,-239.1343116545498
train_00033,train,1,B5,600.0046718495618,130.19124134572138,270.29156091585037
train_00033,train,1,B6,-599.9874313018369,192.8714370744605,229.87093304066065
train_00033,train,1,C2,1449.9657090534347,-158.74962511992723,-57.78534349639491
train_00033,train,1,C3,1639.977400708954,-152.82022668108934,58.49247608895857
train_00033,train,1,C4,1639.9605383991798,64.73690646841195,-28.675439551782315
train_00033,train,1,C5,1449.9590851639,-66.18399722194097,32.94301233544582
train_00033,train,1,C6,1639.9524422809418,178.0267547015138,51.334471982965326
train_00033,train,1,C7,1640.026512099861,-167.77676173082136,88.21775067452782
train_00033,train,2,A2,-681.134433462018,231.94488390884754,-185.76107943841689
train_00033,train,2,A3,-673.2646239302132,90.3415014779751,-283.66864102398347
train_00033,train,2,A4,-697.569698774833,-121.78667787075514,-269.73745623147965
train_00033,train,2,A5,-624.5228604018487,52.90138245101886,295.0303251869807
train_00033,train,2,B2,-599.977433872321,-251.95188969742253,-162.7140290890891
train_00033,train,2,B3,-600.01511342595,-181.14751045351426,-239.14404952074466
train_00033,train,2,B4,599.9921696406495,-181.14206040487315,-239.11265993291798
train_00033,train,2,B5,599.9927706235567,130.14682672533237,270.30305009200293
train_00033,train,2,B6,-599.9943978920763,192.92583653948637,229.83469712667053
train_00033,train,2,C2,1449.9542985540531,-158.68091305513533,-57.79886815124875
train_00033,train,2,C3,1639.993174084884,-152.90547560273131,58.44977731933996
train_00033,train,2,C4,1639.9365712349786,64.69973872020378,-28.7021394414802
train_00033,train,2,C5,1449.9339617308535,-66.22855064155864,32.917775464285555
train_00033,train,2,C6,1639.9588077019923,177.98619233384568,51.36322411940989
train_00033,train,2,C7,1639.9846856138956,-167.7653489576607,88.26642192067308
train_00033,train,3,A2,-681.1233960755333,231.92344739933668,-185.83960825190232
train_00033,train,3,A3,-673.2793782499796,90.36272200728038,-283.6249225918369
train_00033,train,3,A4,-697.5485826760616,-121.77734769491529,-269.75194401655756
train_00033,train,3,A5,-624.4854870307357,52.95229365674512,295.0266757590168
train_00033,train,3,B2,-599.9880009774447,-252.00934096661405,-162.80189433685598
train_00033,train,3,B3,-599.9431108376674,-181.20014313169764,-239.12202417227732
train_00033,train,3,B4,599.9829448408871,-181.11062622897822,-239.15832438014613
train_00033,train,3,B5,600.0031342957691,130.159215484544,270.2662394654366
train_00033,train,3,B6,-599.9982448237822,192.8718729249532,229.86359142990472
train_00033,train,3,C2,1200.0045755074145,-158.74496345403415,-57.68719300488645
train_00033,train,3,C3,1390.0477410253775,-152.8796736401203,58.54627432616093
train_00033,train,3,C4,1390.057224271229,64.71567753261526,-28.563327880688224
train_00033,train,3,C5,1199.9722039799292,-66.19134913175957,32.9227574640353
train_00033,train,3,C6,1389.9403155817536,178.03021181242408,51.51071690653508
train_00033,train,3,C7,1390.054004995334,-167.83439193065058,88.29068015385032
train_00033,train,4,A2,-681.0353752024681,232.0114149259422,-185.85905432061614
train_00033,train,4,A3,-673.2719657781516,90.337601170159,-283.71007512400405
train_00033,train,4,A4,-697.5969982830086,-121.77172856661538,-269.79120970539776
train_00033,train,4,A5,-624.5363951851261,52.98437232875444,295.042878186234
train_00033,train,4,B2,-600.0062456501703,-251.92704874267176,-162.80932693570216
train_00033,train,4,B3,-600.0118189510558,-181.08220483523556,-239.14672871409317
train_00033,train,4,B4,600.0048572724216,-181.1595056726205,-239.18271249677787
train_00033,train,4,B5,599.9896433996413,130.16918503961767,270.3312400705408
train_00033,train,4,B6,-599.9854284881426,192.9508069938759,229.7896468877992
train_00033,train,4,C2,1200.0207534920858,-158.694005363229,-57.76803467003194
train_00033,train,4,C3,1390.0315510148557,-152.90390091539203,58.53200593929528
train_00033,train,4,C4,1389.9907692081765,64.69800758141697,-28.4988981512847
train_00033,train,4,C5,1200.0424577511883,-66.21275366336685,32.99141439901069
train_00033,train,4,C6,1389.9583434560554,177.95821364404688,51.557058790627835
train_00033,train,4,C7,1390.0008023372902,-167.77336930399906,88.42856184565952
train_00034,train,0,A2,-950.5600363363802,290.14837516968646,-449.81817449401456
train_00034,train,0,A3,-961.0252763648066,157.99365079083051,-559.8263322366536
train_00034,train,0,A4,-988.5767601364263,-54.21298130683368,-561.2919184745207
train_00034,train,0,A5,-828.4675910741017,67.36240053754933,-0.447609772730274
train_00034,train,0,B2,-797.0466283288303,-611.3230223673007,-63.97926145334961
train_00034,train,0,B3,-803.396019058565,-564.4550623296888,-156.8065258207395
train_00034,train,0,B4,391.64822551774193,-603.2364055461612,-258.5348279307668
train_00034,train,0,B5,440.0125743034956,-162.93504694737936,141.68183069655356
train_00034,train,0,B6,-758.2930327102973,-75.18843426593398,187.18653232862354
train_00034,train,0,C2,1621.9338346829916,-225.60760524630714,-427.03057696675063
train_00034,train,0,C3,1822.4811630878678,-204.40901634372284,-332.29401588611347
train_00034,train,0,C4,1794.4014379097398,13.151502297806058,-414.8681937605614
train_00034,train,0,C5,1624.1699657718225,-134.22454824690493,-335.1753836563871
train_00034,train,0,C6,1793.6897729517482,125.27375794798174,-333.27633585008357
train_00034,train,0,C7,1827.1024541919778,-219.52347650447538,-302.99486527360546
train_00034,train,1,A2,-931.1330551176779,231.91653252158898,-185.78655981153457
train_00034,train,1,A3,-923.2731306899103,90.38681808845432,-283.6448918027095
train_00034,train,1,A4,-947.5629875469087,-121.82716613255656,-269.7358885102624
train_00034,train,1,A5,-874.5216650780271,52.870687778413256,295.06130793025596
train_00034,train,1,B2,-600.0362196849117,-252.12774499492434,-162.73109286381123
train_00034,train,1,B3,-600.0200917285995,-181.1907393785674,-239.13243360481604
train_00034,train,1,B4,599.9641505934405,-181.09855989564446,-239.14462986970213
train_00034,train,1,B5,599.9694911348865,130.2223246047042,270.2385600709486
train_00034,train,1,B6,-600.0468178233654,192.8160083483605,229.78460044501523
train_00034,train,1,C2,1450.0010854185136,-158.76218395706462,-57.85583706454407
train_00034,train,1,C3,1639.9886452351568,-152.93022995762237,58.363077276033096
train_00034,train,1,C4,1640.0167482749293,64.70527970980086,-28.66371962093181
train_00034,train,1,C5,1450.0448326010517,-66.3016157546582,32.86690709749131
train_00034,train,1,C6,1640.0135128520603,177.94296109718528,51.35802001532405
train_00034,train,1,C7,1640.0200714117027,-167.7955811728043,88.21348940093004
train_00034,train,2,A2,-681.0710309613848,231.9516921558605,-185.8810686880576
train_00034,train,2,A3,-673.3998261605042,90.31066388491007,-283.70481206713754
train_00034,train,2,A4,-697.610850239225,-121.7773337934724,-269.8249027293073
train_00034,train,2,A5,-624.4842850791324,52.914948740678156,295.01605748671085
train_00034,train,2,B2,-600.0837499315868,-252.10169505146615,-162.7939267317332
train_00034,train,2,B3,-600.0279661902766,-181.1520341121645,-239.09629754667608
train_00034,train,2,B4,599.997953509683,-181.13295142860107,-239.15567980278468
train_00034,train,2,B5,599.9823108536665,130.1693721047076,270.3141390272646
train_00034,train,2,B6,-600.0346439911244,192.79824365648815,229.7828097278497
train_00034,train,2,C2,1450.0176844504617,-158.73298277683102,-57.819270858617124
train_00034,train,2,C3,1640.0450854792894,-152.83006835653006,58.39448655521757
train_00034,train,2,C4,1640.0420858622915,64.68180993604932,-28.659742542695614
train_00034,train,2,C5,1450.0436355360735,-66.26191548360646,32.90037640424502
train_00034,train,2,C6,1639.986391550009,177.94161668888034,51.296900124184994
train_00034,train,2,C7,1640.0149375903372,-167.81169899004593,88.2336264661544
train_00034,train,3,A2,-681.1287266369845,231.98371543863988,-185.87134556682312
train_00034,train,3,A3,-673.353163963607,90.36373537709721,-283.7466100670923
train_00034,train,3,A4,-697.5798643810708,-121.8290148115551,-269.79490965426777
train_00034,train,3,A5,-624.508090854487,53.00118419844527,295.02046657965604
train_00034,train,3,B2,-599.9856956565699,-252.071816465472,-162.70601638866705
train_00034,train,3,B3,-599.9926433176798,-181.18183515986033,-239.09870987862953
train_00034,train,3,B4,599.9759961442383,-181.1151797173916,-239.15940888225967
train_00034,train,3,B5,600.0179459967245,130.22806562244517,270.3623632303371
train_00034,train,3,B6,-599.9252106564593,192.79478422126311,229.82555734963924
train_00034,train,3,C2,1199.9388294288817,-158.64790635936728,-57.926396287575386
train_00034,train,3,C3,1389.991349533505,-152.85962457241706,58.38602217804817
train_00034,train,3,C4,1390.0083093599549,64.7734472056785,-28.75552753119785
train_00034,train,3,C5,1199.9657857441055,-66.17476675915934,32.788148328151955
train_00034,train,3,C6,1389.9881817460061,178.0148467511341,51.347371595785084
train_00034,train,3,C7,1389.936499739295,-167.780007539721,88.13784881981596
train_00034,train,4,A2,-682.7966219174019,230.77609453683516,-186.0013410016088
train_00034,train,4,A3,-674.9782892834043,89.15378066194017,-283.91444738704485
train_00034,train,4,A4,-699.1431721518978,-122.96257544308534,-269.94540544847837
train_00034,train,4,A5,-626.0611115960526,51.790275975935806,294.85939579648704
train_00034,train,4,B2,-601.5917618450218,-253.18136222502676,-162.92284578656083
train_00034,train,4,B3,-601.665475315986,-182.247025625222,-239.35338119982447
train_00034,train,4,B4,598.3849287678288,-182.2660896056354,-239.31111289991185
train_00034,train,4,B5,598.3530051402346,129.11295844059754,270.1576593944636
train_00034,train,4,B6,-601.6238079624193,191.69331378971484,229.69719072976216
train_00034,train,4,C2,1198.4319413958608,-159.68885308723262,-58.0283716027534
train_00034,train,4,C3,1388.3589602889886,-153.92971174946595,58.213180094055915
train_00034,train,4,C4,1388.3192191595556,63.7076006236953,-28.869396473619094
train_00034,train,4,C5,1198.352689811892,-67.1888192376531,32.696949056096194
train_00034,train,4,C6,1388.34147807846,176.9500476519073,51.13754355362731
train_00034,train,4,C7,1388.3519766887994,-168.798673316604,88.01832146064837
train_00035,train,0,A2,-783.8392269589378,129.86060214227257,-453.35033131902964
train_00035,train,0,A3,-731.9260688120524,-15.104699590350261,-530.5937029918001
train_00035,train,0,A4,-722.3796182349903,-226.26336469522295,-496.85408796753785
train_00035,train,0,A5,-799.8900809928448,4.069206854382078,47.09622222818667
train_00035,train,0,B2,-369.67927357746987,-188.1205642483867,-256.77562079353146
train_00035,train,0,B3,-359.25163802125974,-119.20789113882384,-334.19503588673666
train_00035,train,0,B4,829.3688127753095,-283.31429589258386,-320.0341659700068
train_00035,train,0,B5,867.1332488870091,33.800481192124046,184.43187837204772
train_00035,train,0,B6,-312.503171892922,259.22733087583197,128.74778431391326
train_00035,train,0,C2,1421.188987306696,-89.20125015175726,-341.3249985347074
train_00035,train,0,C3,1599.266189807594,-133.94750155163806,-215.13498540401773
train_00035,train,0,C4,1612.2818014870315,100.0289061332065,-220.79855519129808
train_00035,train,0,C5,1414.484209364746,-33.77995549150929,-224.38422577335925
train_00035,train,0,C6,1607.1434762124613,178.61491863450587,-106.58092148354852
train_00035,train,0,C7,1596.1441031729412,-158.20423052001811,-192.43145808835024
train_00035,train,1,A2,-931.0465848210673,231.86354420524458,-185.84078496031375
train_00035,train,1,A3,-923.2669002859196,90.35176349712303,-283.69689654091974
train_00035,train,1,A4,-947.5496477457485,-121.81574522715543,-269.8408363038618
train_00035,train,1,A5,-874.5197675380208,52.88360301540062,294.9944719484342
train_00035,train,1,B2,-599.9727387445677,-252.07064340646417,-162.7482342992088
train_00035,train,1,B3,-600.0155980092435,-181.17796257474694,-239.10161596059467
train_00035,train,1,B4,600.0937776372941,-181.24976800411824,-239.13025225563442
train_00035,train,1,B5,600.028854501331,130.1482964606873,270.29773891221885
train_00035,train,1,B6,-599.9636806841594,192.7347939198312,229.7904898264998
train_00035,train,1,C2,1450.0059868413762,-158.73126472955937,-57.96317426684966
train_00035,train,1,C3,1640.0093717716895,-152.89924338868687,58.342142955380226
train_00035,train,1,C4,1639.9908091894788,64.6355793026492,-28.764447120915356
train_00035,train,1,C5,1450.005410097619,-66.22822164507674,32.73156562094221
train_00035,train,1,C6,1640.0409085367778,177.98139912740137,51.23000305840214
train_00035,train,1,C7,1640.015029748967,-167.915960900439,88.15722783503206
train_00035,train,2,A2,-681.0412022266033,231.95087847491828,-185.82115564571868
train_00035,train,2,A3,-673.2724750423777,90.41367610586448,-283.6824471847158
train_00035,train,2,A4,-697.5155144553727,-121.76723004938172,-269.7311667004797
train_00035,train,2,A5,-624.5211602951207,52.99651418544953,295.039088975911
train_00035,train,2,B2,-599.9950424121921,-252.1202614572495,-162.82547947857825
train_00035,train,2,B3,-599.9840917248923,-181.2999843472903,-239.17759091588093
train_00035,train,2,B4,599.9769313495726,-181.21760014580008,-239.1149226597761
train_00035,train,2,B5,599.9958353539547,130.12651253372832,270.2979973141673
train_00035,train,2,B6,-599.95290220252,192.77130588199205,229.8002071585066
train_00035,train,2,C2,1449.9919528976295,-158.7242657040354,-57.94353358790856
train_00035,train,2,C3,1639.9951397287932,-152.9643140046678,58.326423469464835
train_00035,train,2,C4,1639.9948137444762,64.64935750947572,-28.780133882699456
train_00035,train,2,C5,1450.0612036587008,-66.21567769860286,32.79090699805941
train_00035,train,2,C6,1640.028093154036,177.9418950232333,51.29966460182957
train_00035,train,2,C7,1640.0241558659177,-167.8382903801242,88.11869244335871
train_00035,train,3,A2,-681.0732431721995,231.92217647309582,-185.83909495622922
train_00035,train,3,A3,-673.2210629485394,90.38779862207352,-283.61356992998014
train_00035,train,3,A4,-697.5189215279818,-121.80109703350357,-269.78106916718787
train_00035,train,3,A5,-624.5385606933186,53.02107014842842,295.06253039420557
train_00035,train,3,B2,-599.9465662422411,-252.11116268120927,-162.76049245361887
train_00035,train,3,B3,-599.9632967316056,-181.21153553797197,-239.16587361309857
train_00035,train,3,B4,599.9918962520692,-181.19923580575033,-239.07618157078895
train_00035,train,3,B5,599.9846541516433,130.0600132530253,270.25974692634685
train_00035,train,3,B6,-599.9799320904779,192.81603292600167,229.7621236697673
train_00035,train,3,C2,1200.0287032821202,-158.8118000020672,-57.72959073305832
train_00035,train,3,C3,1390.0181334211397,-153.07665968518938,58.6000709727616
train_00035,train,3,C4,1390.007733908838,64.58486991879042,-28.5544418085865
train_00035,train,3,C5,1200.0336765225454,-66.3009526406959,32.94293588133069
train_00035,train,3,C6,1390.0001736221045,177.87639435737725,51.449057188046474
train_00035,train,3,C7,1389.9775252014992,-167.93463610382983,88.42095395755612
train_00035,train,4,A2,-681.0634581865545,232.0844726508495,-185.7278963945994
train_00035,train,4,A3,-673.3341377899892,90.50844214854307,-283.65667294243474
train_00035,train,4,A4,-697.5469350906352,-121.68993840994696,-269.74149218226586
train_00035,train,4,A5,-624.4552332424072,53.02918345518549,295.12165806474343
train_00035,train,4,B2,-600.0102431030981,-251.9890636409786,-162.70681391707762
train_00035,train,4,B3,-600.0032398755862,-181.10183630393928,-239.1709298881752
train_00035,train,4,B4,600.005909500571,-181.15319645760945,-239.26398925051447
train_00035,train,4,B5,600.0415500612019,130.1878736500175,270.2150364863724
train_00035,train,4,B6,-599.9339847045928,192.79985628912954,229.83473956477317
train_00035,train,4,C2,1199.985161550233,-158.7333154548832,-57.95038018167128
train_00035,train,4,C3,1389.9820166959867,-152.8915900882526,58.33316183195117
train_00035,train,4,C4,1390.0244584146615,64.61792317547895,-28.753142168863643
train_00035,train,4,C5,1200.0396930659685,-66.15823098021761,32.71293503623866
train_00035,train,4,C6,1390.043960734465,177.98757301176835,51.251065635193314
train_00035,train,4,C7,1389.9862056673353,-167.84849201153645,88.11542422040546
train_00036,train,0,A2,-1225.8276240802988,257.7998927706056,24.90111691106038
train_00036,train,0,A3,-1200.0801611262002,105.54109112100059,-51.486408554255796
train_00036,train,0,A4,-1179.0337277609442,-101.9541379890932,-3.762062783518036
train_00036,train,0,A5,-1082.1778921590783,176.53844324628935,514.0237640710233
train_00036,train,0,B2,-461.10581994588244,-122.22416759664465,-70.37603680732953
train_00036,train,0,B3,-483.2337680854631,-72.2828178124913,-159.09848916866324
train_00036,train,0,B4,682.4018384019297,167.44905667946063,-313.76718013312524
train_00036,train,0,B5,654.4366982308125,580.8376435150938,116.2162053589322
train_00036,train,0,B6,-528.4720709587502,391.5409915607738,218.6127969680353
train_00036,train,0,C2,1780.8027694985876,-240.51323923365203,-134.28259061741645
train_00036,train,0,C3,1971.5012270695486,-226.79290008235634,-19.721287385097334
train_00036,train,0,C4,1989.878470147546,-33.50403071606555,-151.22667271523707
train_00036,train,0,C5,1789.576916064285,-131.23818060912953,-65.38382254357514
train_00036,train,0,C6,2000.5327601950248,93.78413381972176,-97.15805143860868
train_00036,train,0,C7,1970.3324976743522,-234.88612475754664,12.524546336712234
train_00036,train,1,A2,-931.0660507991411,231.95247002414834,-185.88814864993284
train_00036,train,1,A3,-923.2482955233154,90.38777882492849,-283.71914485885657
train_00036,train,1,A4,-947.4580622391983,-121.81968127777553,-269.8718593372557
train_00036,train,1,A5,-874.5622333136488,52.865122120732416,295.03056803077476
train_00036,train,1,B2,-600.059978930124,-251.98065047825318,-162.80136810890582
train_00036,train,1,B3,-600.0353515389746,-181.1342287479059,-239.16826400930586
train_00036,train,1,B4,599.9720051774545,-181.15045335462455,-239.12064681459577
train_00036,train,1,B5,599.9708766477528,130.2038770819014,270.30910676603173
train_00036,train,1,B6,-600.0152050378343,192.88172852422164,229.7690253652208
train_00036,train,1,C2,1449.9810443816389,-158.8075705991356,-58.0744780162631
train_00036,train,1,C3,1639.9603878200785,-152.95241612409265,58.251284897511454
train_00036,train,1,C4,1639.9403593115383,64.62166324586063,-28.87868889865626
train_00036,train,1,C5,1449.9449408823734,-66.28919954519534,32.65073894359095
train_00036,train,1,C6,1639.9376703524538,177.96424064160783,51.25294282050075
train_00036,train,1,C7,1639.9565255639618,-167.9158514507811,88.01823987170302
train_00036,train,2,A2,-681.0858574235358,232.00257266159085,-185.9314944702949
train_00036,train,2,A3,-673.3786484758987,90.47215588042269,-283.77731907421037
train_00036,train,2,A4,-697.6563682742966,-121.6977181925412,-269.90272715956837
train_00036,train,2,A5,-624.5302044809275,53.06290656733673,294.97411591251506
train_00036,train,2,B2,-600.0152335858993,-251.95864699436336,-162.793204197006
train_00036,train,2,B3,-600.0304256599422,-181.11746139305765,-239.19608201133664
train_00036,train,2,B4,599.9823125435707,-181.21477620789219,-239.15738545787622
train_00036,train,2,B5,599.9633849923525,130.13566167028037,270.2552531500965
train_00036,train,2,B6,-600.0830092855247,192.89377330109318,229.72604016684255
train_00036,train,2,C2,1449.9323611430907,-158.71673343676628,-58.04829972577642
train_00036,train,2,C3,1639.951668221533,-152.9327067643632,58.17638758663416
train_00036,train,2,C4,1639.9542537591378,64.65643462650857,-28.822871144750465
train_00036,train,2,C5,1449.9951269454393,-66.25863780314272,32.679930482769116
train_00036,train,2,C6,1639.971967550651,177.91505143537032,51.21517063443267
train_00036,train,2,C7,1639.9641025866579,-167.8719500485892,88.03382682290282
train_00036,train,3,A2,-681.1353658890212,232.04299684301245,-185.92297451527133
train_00036,train,3,A3,-673.3635476933198,90.4971962963355,-283.7931955648941
train_00036,train,3,A4,-697.6292632780626,-121.68390852099995,-269.8428360862373
train_00036,train,3,A5,-624.5109290649992,53.04222371412901,294.9822780766025
train_00036,train,3,B2,-600.0225419020816,-251.95464140837967,-162.8716263957276
train_00036,train,3,B3,-600.0364530917251,-181.1161281355321,-239.19301557018318
train_00036,train,3,B4,599.9849528013189,-181.20154643861235,-239.14449561481638
train_00036,train,3,B5,599.9671855182671,130.17581214295242,270.2956299388219
train_00036,train,3,B6,-600.0589179518541,192.85926506758798,229.75864624022435
train_00036,train,3,C2,1199.9740222039757,-158.87347286084386,-57.90144233259073
train_00036,train,3,C3,1389.9581098583474,-153.08108094401084,58.31970165508643
train_00036,train,3,C4,1389.9928309035827,64.549486098434,-28.777665840815864
train_00036,train,3,C5,1199.937794681645,-66.43478732166763,32.834113050382335
train_00036,train,3,C6,1389.9654873565776,177.82045745645118,51.31933870509909
train_00036,train,3,C7,1390.024649568085,-168.02916541239316,88.14237023029749
train_00036,train,4,A2,-681.1224444217821,232.0134288943021,-185.8334512372608
train_00036,train,4,A3,-673.3859592614482,90.40227282142332,-283.71335239479737
train_00036,train,4,A4,-697.6052859054167,-121.77564352617576,-269.8636778829952
train_00036,train,4,A5,-624.4144371874662,52.91099735179067,295.055781761348
train_00036,train,4,B2,-599.9593800728568,-252.06742858172447,-162.772024300621
train_00036,train,4,B3,-599.9534006783311,-181.15376052272202,-239.16340439509491
train_00036,train,4,B4,600.0393809310025,-181.11646786999674,-239.0591368933213
train_00036,train,4,B5,600.0387698890813,130.1909732908149,270.32866036341085
train_00036,train,4,B6,-599.9710823768919,192.78830639051012,229.78735524706494
train_00036,train,4,C2,1199.9799455249201,-158.7004757330543,-57.86194911877092
train_00036,train,4,C3,1390.0307155455428,-152.98698680260668,58.41546516081333
train_00036,train,4,C4,1390.02598940504,64.57579671359625,-28.757136492054414
train_00036,train,4,C5,1200.044078581228,-66.3278415018122,32.888794448375485
train_00036,train,4,C6,1389.9677328914756,177.94507956545579,51.36417406716723
train_00036,train,4,C7,1390.0437092667605,-167.88231549617302,88.1714695753
train_00037,train,0,A2,-742.9181643745209,267.4095260938139,-121.02984308784286
train_00037,train,0,A3,-729.9916417765951,127.17234271361217,-220.31837883422307
train_00037,train,0,A4,-748.8693239242831,-85.64583584180971,-209.15500862096147
train_00037,train,0,A5,-689.1255987593871,84.42235164509641,358.6483339242057
train_00037,train,0,B2,-921.522602209105,175.70799652232537,-383.2487062212005
train_00037,train,0,B3,-887.2299224765568,253.06178619786007,-444.18917811178426
train_00037,train,0,B4,243.0881666003691,-108.49156575369088,-266.3188629734168
train_00037,train,0,B5,227.84691236414713,115.85277386196272,286.63421488205057
train_00037,train,0,B6,-877.4387336827322,542.0763025020514,81.30283503938035
train_00037,train,0,C2,1570.350516534578,-133.72248547715662,159.66276014529015
train_00037,train,0,C3,1768.7589632966278,-74.23884962781112,241.62646431876288
train_00037,train,0,C4,1693.790304807004,133.82682082137205,164.18410850662
train_00037,train,0,C5,1560.8812928592024,-43.77999775545254,252.47922966550667
train_00037,train,0,C6,1676.766019050492,243.60709270777832,247.29407546264798
train_00037,train,0,C7,1778.0879572534334,-88.22664373409744,270.36431255021586
train_00037,train,1,A2,-931.01741843076,231.93615538472923,-185.78419098206973
train_00037,train,1,A3,-923.3081876822799,90.35098618144958,-283.6736006994474
train_00037,train,1,A4,-947.5526331955856,-121.84940369297165,-269.72961092565157
train_00037,train,1,A5,-874.5050199103833,52.99548842811831,295.0679868366986
train_00037,train,1,B2,-600.0231649019086,-252.01002532782482,-162.74354748038184
train_00037,train,1,B3,-599.9589243722428,-181.14433641764785,-239.14390135385216
train_00037,train,1,B4,600.0116533930884,-181.16076244984632,-239.2767810979184
train_00037,train,1,B5,600.0816231804175,130.1501400107473,270.18951323166544
train_00037,train,1,B6,-599.9439855184181,192.84091365063315,229.75979795803923
train_00037,train,1,C2,1449.9705568351453,-158.65313188006513,-57.88071191298695
train_00037,train,1,C3,1640.0391610376137,-152.88247449319704,58.472122995447165
train_00037,train,1,C4,1640.0003393353948,64.70486142930031,-28.664722220066995
train_00037,train,1,C5,1449.9763191811605,-66.2209547097502,32.8768504410342
train_00037,train,1,C6,1639.9767937278443,178.0036136052708,51.44092734418157
train_00037,train,1,C7,1639.9411344132407,-167.69343624543103,88.27672175497248
train_00037,train,2,A2,-681.1293291472596,231.90284115928188,-185.81016257347284
train_00037,train,2,A3,-673.2846240875721,90.39981347231856,-283.7448415400323
train_00037,train,2,A4,-697.4984728802492,-121.75261455294579,-269.86607960818765
train_00037,train,2,A5,-624.4356156796532,52.9481315401243,294.99947314820906
train_00037,train,2,B2,-600.0526394288536,-252.0345687004315,-162.7838664830471
train_00037,train,2,B3,-600.0290189777088,-181.14072572504975,-239.1207671682731
train_00037,train,2,B4,600.0553046099066,-181.12402659289864,-239.22688239597872
train_00037,train,2,B5,600.0754762158797,130.1949818296068,270.145319472597
train_00037,train,2,B6,-599.9466288892336,192.8497778980697,229.78374361908396
train_00037,train,2,C2,1449.9881847290574,-158.6187625855139,-57.86296039199964
train_00037,train,2,C3,1639.9868093452133,-152.8677434319719,58.46621565402407
train_00037,train,2,C4,1640.0023366623866,64.75837836907566,-28.656215036773624
train_00037,train,2,C5,1450.0239441749814,-66.19484554900721,32.869599145821574
train_00037,train,2,C6,1639.9154581821958,178.03795276802876,51.46564482382784
train_00037,train,2,C7,1639.921630016048,-167.81464436523774,88.23086431563168
train_00037,train,3,A2,-681.1043450447935,231.95506923118882,-185.8647670392443
train_00037,train,3,A3,-673.3089170022063,90.3582959485024,-283.7172677878257
train_00037,train,3,A4,-697.587982662856,-121.79844935134662,-269.88959120759256
train_00037,train,3,A5,-624.4828168918766,52.90092719640875,295.01643851444726
train_00037,train,3,B2,-599.9659093199074,-251.99307711284382,-162.7938200611427
train_00037,train,3,B3,-600.0071062297669,-181.08268352260947,-239.17402379934293
train_00037,train,3,B4,599.9927745956384,-181.1970618297937,-239.2303501922982
train_00037,train,3,B5,600.0082319611097,130.19136058359751,270.17916614067025
train_00037,train,3,B6,-599.9213587940726,192.878651850571,229.7475978343377
train_00037,train,3,C2,1200.0206608298627,-158.7830634572623,-57.94942313980309
train_00037,train,3,C3,1389.9966963314787,-152.98027129220793,58.32296331528832
train_00037,train,3,C4,1390.0374690838348,64.56642963279823,-28.877719929235386
train_00037,train,3,C5,1200.0157349860722,-66.26661663528068,32.73289297664837
train_00037,train,3,C6,1390.0370202884578,177.9092687136351,51.19738629599017
train_00037,train,3,C7,1390.0421590752921,-167.8013271962374,88.10740690619699
train_00037,train,4,A2,-681.1431357699109,231.90614890659887,-185.84549556647255
train_00037,train,4,A3,-673.2666846494477,90.32957838605267,-283.6564246639047
train_00037,train,4,A4,-697.5035121089996,-121.80162547616706,-269.84258905415663
train_00037,train,4,A5,-624.4796688225183,52.883288587836624,295.0116413949824
train_00037,train,4,B2,-599.9194913957,-252.03834794430568,-162.75713821166084
train_00037,train,4,B3,-599.9256309226982,-181.1631455744636,-239.10717354762735
train_00037,train,4,B4,600.0437238892238,-181.08974441644023,-239.11426246433044
train_00037,train,4,B5,600.0713008389251,130.18979649929005,270.3410242816245
train_00037,train,4,B6,-599.983710785562,192.84514180512053,229.83164075744313
train_00037,train,4,C2,1200.0214536373105,-158.66677633155174,-57.79489134093737
train_00037,train,4,C3,1390.049077322866,-152.9075422777805,58.49019498182702
train_00037,train,4,C4,1390.018690279635,64.67538970259457,-28.701200495697645
train_00037,train,4,C5,1200.1086621467364,-66.18910636436526,32.90556294104949
train_00037,train,4,C6,1390.110344352196,178.02317115433118,51.40669748464756
train_00037,train,4,C7,1390.0359937202143,-167.80802180624605,88.27269257803971
train_00038,train,0,A2,-677.4140048197861,206.34259338049984,-295.3328542896394
train_00038,train,0,A3,-701.4418458790884,90.91160382294666,-421.0439898598078
train_00038,train,0,A4,-751.4552793660449,-115.25935536250817,-448.8983683645812
train_00038,train,0,A5,-580.9385498629028,-83.03085939672323,121.1386375166529
train_00038,train,0,B2,-635.6121255178615,-286.6421006350157,-140.93371692513514
train_00038,train,0,B3,-656.148313795554,-204.57623444508832,-201.63136081928923
train_00038,train,0,B4,497.69449915022136,-157.25868045684908,-527.8360924634588
train_00038,train,0,B5,639.391829662259,68.61068465863148,6.338151040964667
train_00038,train,0,B6,-525.1957221267611,89.6097420134271,304.32317441451085
train_00038,train,0,C2,1784.1973359969973,-125.93922924957296,263.2927357875998
train_00038,train,0,C3,1950.710005563899,-110.48436757534837,410.6113299780637
train_00038,train,0,C4,1970.0465693264473,98.58732216415785,306.6088724592851
train_00038,train,0,C5,1769.899410304234,-25.87542161284561,344.31794214991237
train_00038,train,0,C6,1957.9490173651382,218.41975889924655,375.3459511547121
train_00038,train,0,C7,1945.1805780673033,-122.7806685579923,441.0575019421595
train_00038,train,1,A2,-931.1528936112779,232.0825559036876,-185.769588230081
train_00038,train,1,A3,-923.3452190771384,90.49303286616717,-283.7062524426052
train_00038,train,1,A4,-947.5901902327133,-121.66068646252653,-269.8765844889963
train_00038,train,1,A5,-874.4582052193709,53.0480507002162,295.0059670388556
train_00038,train,1,B2,-600.0306519785555,-252.00191755745288,-162.76895461566593
train_00038,train,1,B3,-600.0122526756477,-181.07656360530774,-239.16343619444152
train_00038,train,1,B4,600.0803994638253,-181.126865665887,-239.1303568888303
train_00038,train,1,B5,599.9999973559535,130.1366652888743,270.3272569552632
train_00038,train,1,B6,-599.9719288749374,192.82771858323608,229.80314449185732
train_00038,train,1,C2,1450.0712097188964,-158.70691298400706,-57.86003390680397
train_00038,train,1,C3,1640.0464701702322,-152.87690507259157,58.488754720103024
train_00038,train,1,C4,1640.0049843902148,64.74196759336436,-28.63599994670307
train_00038,train,1,C5,1449.968402966533,-66.25494603873553,32.898050764061196
train_00038,train,1,C6,1640.002027571984,177.9946590502935,51.42810211168242
train_00038,train,1,C7,1640.054713905581,-167.83059210929687,88.19314185527969
train_00038,train,2,A2,-682.6020742947766,233.04435921175315,-186.36394228421815
train_00038,train,2,A3,-674.8736027446581,91.49574580263904,-284.26778352276204
train_00038,train,2,A4,-699.0901603317795,-120.71887909621344,-270.3847372878862
train_00038,train,2,A5,-626.0249105909835,53.977411468349665,294.4793448450801
train_00038,train,2,B2,-600.0326579705896,-252.0057243282725,-162.8194909421765
train_00038,train,2,B3,-600.0098149274414,-181.14502063446488,-239.12304616410165
train_00038,train,2,B4,599.9700065356942,-181.07918235625107,-239.13216928088852
train_00038,train,2,B5,599.9716307944346,130.18832008753424,270.3317509990538
train_00038,train,2,B6,-599.9834339031784,192.8243694802897,229.82051252647835
train_00038,train,2,C2,1450.0439698785694,-158.75164135919624,-57.78929858977673
train_00038,train,2,C3,1639.9912351889927,-152.8602614973427,58.477844043561326
train_00038,train,2,C4,1639.9707697522372,64.74507295928144,-28.601702257807013
train_00038,train,2,C5,1450.0460805719404,-66.18842379343813,32.868941889475416
train_00038,train,2,C6,1640.0390069971968,178.0122076432444,51.39542001069325
train_00038,train,2,C7,1640.0474867297914,-167.83767994801605,88.22224759727382
train_00038,train,3,A2,-682.6631026710147,233.04303308461218,-186.40147389745047
train_00038,train,3,A3,-674.8661655840995,91.46412978672147,-284.295801550488
train_00038,train,3,A4,-699.1378144403124,-120.68051810782099,-270.38527071119313
train_00038,train,3,A5,-626.0490122060495,53.97057752884599,294.4336926753954
train_00038,train,3,B2,-599.9947091602697,-252.039592149139,-162.7235656203403
train_00038,train,3,B3,-599.9762057610658,-181.13060841437493,-239.08726022185465
train_00038,train,3,B4,600.0129383963149,-181.14232881670597,-239.14704706513294
train_00038,train,3,B5,600.0016545201111,130.12889527795656,270.3386252003049
train_00038,train,3,B6,-600.0099710050621,192.8466854056965,229.85870335191478
train_00038,train,3,C2,1199.9851090132104,-158.63810707443164,-57.86344340353231
train_00038,train,3,C3,1389.9513945739961,-152.85236983057843,58.424831156495195
train_00038,train,3,C4,1389.9655546604167,64.75408379723136,-28.625513416120477
train_00038,train,3,C5,1199.988807026103,-66.19556333480831,32.816510138659154
train_00038,train,3,C6,1389.9360475507638,177.99969311066792,51.412411152825534
train_00038,train,3,C7,1389.9794361536979,-167.78801031788606,88.19243239806099
train_00038,train,4,A2,-682.3318003283899,232.45083526505627,-186.1381586367977
train_00038,train,4,A3,-674.4950239503967,90.92233301078656,-284.02034849446324
train_00038,train,4,A4,-698.697589938511,-121.33641770805755,-270.151819557608
train_00038,train,4,A5,-625.6233209649555,53.425032048921736,294.71408904565106
train_00038,train,4,B2,-599.41822550466,-252.57694789332174,-162.4449241460404
train_00038,train,4,B3,-599.5251891487999,-181.71683726518967,-238.84597474695877
train_00038,train,4,B4,600.4456458783174,-181.34198982099477,-239.03982128938236
train_00038,train,4,B5,600.4518361355937,129.92946690383206,270.4298361987629
train_00038,train,4,B6,-599.5199415743239,192.29428413605402,230.09073617701782
train_00038,train,4,C2,1200.4217077287408,-158.72849240836982,-57.880968127071135
train_00038,train,4,C3,1390.3763761307107,-152.81996013809248,58.37789649116572
train_00038,train,4,C4,1390.4092092395215,64.7536038256593,-28.652176719908955
train_00038,train,4,C5,1200.4115274143553,-66.29385157336375,32.82165047433775
train_00038,train,4,C6,1390.3758183115942,178.02651385111534,51.43323069023697
train_00038,train,4,C7,1390.402581734224,-167.74617967540092,88.16263460929616
train_00039,train,0,A2,-1077.997667637346,478.2091008754202,-231.08668297790112
train_00039,train,0,A3,-1100.824936032223,348.9150169515773,-342.46915945280875
train_00039,train,0,A4,-1151.2019394168433,140.94622315494354,-346.4799522202382
train_00039,train,0,A5,-988.5100644942833,239.9175883808724,218.06116676862183
train_00039,train,0,B2,-954.8510313410118,-2.8899558625648076,-121.21737071407516
train_00039,train,0,B3,-930.1390035173323,86.232196010499,-169.14862183359108
train_00039,train,0,B4,229.6686169253447,-220.29276879111137,-138.07425836172163
train_00039,train,0,B5,246.0211455761918,-99.21988202741322,446.2728925719657
train_00039,train,0,B6,-894.788330744085,277.34278770249097,398.2614362893268
train_00039,train,0,C2,1327.7515956848906,-477.5902832703596,-376.9232009722536
train_00039,train,0,C3,1520.863648014853,-465.6790829317733,-266.3750020710874
train_00039,train,0,C4,1514.4025153448833,-250.3016622888914,-358.5867258263371
train_00039,train,0,C5,1328.660903722809,-382.9715318771279,-288.496354402471
train_00039,train,0,C6,1514.5900946391062,-135.08011222800738,-281.3003991442046
train_00039,train,0,C7,1521.9802880734399,-479.86438364015015,-236.27543913963476
train_00039,train,1,A2,-931.0901493410578,231.92483057916218,-185.77399346618307
train_00039,train,1,A3,-923.3420192769228,90.39331596290357,-283.62416689927437
train_00039,train,1,A4,-947.5645755850986,-121.79882644102327,-269.77778073699096
train_00039,train,1,A5,-874.4807066063447,52.92424499508017,295.0805030035547
train_00039,train,1,B2,-599.9616806844577,-251.99993789499828,-162.7844307096406
train_00039,train,1,B3,-599.9627527081577,-181.1268780278696,-239.11048966500493
train_00039,train,1,B4,600.0606091275096,-181.12583035759081,-239.081189883658
train_00039,train,1,B5,600.0056811501167,130.20701381845976,270.3403272502918
train_00039,train,1,B6,-599.9902556627532,192.80077209288575,229.83892345928655
train_00039,train,1,C2,1449.9648547871689,-158.74643411556684,-57.85450376931662
train_00039,train,1,C3,1640.0285735717612,-152.97726447344922,58.402798622905
train_00039,train,1,C4,1640.0102554241657,64.60977106013017,-28.67106433786631
train_00039,train,1,C5,1449.9498310484744,-66.33469521781976,32.82886547544452
train_00039,train,1,C6,1639.9952362217202,177.91323591502098,51.295557247041124
train_00039,train,1,C7,1639.9451580867012,-167.87106843976412,88.21819607728358
train_00039,train,2,A2,-681.0375610452709,231.984733234958,-185.75072889083808
train_00039,train,2,A3,-673.2012660252282,90.41945131641425,-283.6241990258238
train_00039,train,2,A4,-697.4625906966744,-121.74362887471116,-269.76101005006007
train_00039,train,2,A5,-624.4157401477497,52.99657233005091,295.15003641737883
train_00039,train,2,B2,-599.9844125962612,-252.05210452506208,-162.72678220493154
train_00039,train,2,B3,-599.9287909198939,-181.12675600504775,-239.09013244437412
train_00039,train,2,B4,599.9751957639936,-181.06387968508497,-239.09198558246368
train_00039,train,2,B5,600.0756391538341,130.25281282807975,270.3477786631903
train_00039,train,2,B6,-599.9637567433703,192.81165937468387,229.87563298277345
train_00039,train,2,C2,1450.0118224639857,-158.77498413581907,-57.88884473880419
train_00039,train,2,C3,1640.0514752948427,-153.00690809264478,58.41309393474469
train_00039,train,2,C4,1639.947144242496,64.62729503888026,-28.723702589041974
train_00039,train,2,C5,1449.996425892811,-66.3024773973197,32.83522487465482
train_00039,train,2,C6,1639.9882397777833,177.89867174525554,51.30156687750412
train_00039,train,2,C7,1639.987303226436,-167.8785463361685,88.17720659614211
train_00039,train,3,A2,-681.0794340691986,231.9962705588897,-185.7735235617881
train_00039,train,3,A3,-673.2411546576042,90.41978091319667,-283.63399196484556
train_00039,train,3,A4,-697.4537686120049,-121.7861731956137,-269.7078925994991
train_00039,train,3,A5,-624.4865973236,52.98115307668382,295.05154424247706
train_00039,train,3,B2,-599.9849314063279,-252.06310574849198,-162.71489951870697
train_00039,train,3,B3,-599.9636265922406,-181.16641823484287,-239.11663882097884
train_00039,train,3,B4,600.0367553963678,-181.08998247593016,-239.0898978563365
train_00039,train,3,B5,599.9920190821174,130.20272055799254,270.3279541647073
train_00039,train,3,B6,-599.9815127875162,192.82449315197562,229.8200737754364
train_00039,train,3,C2,1200.035515403126,-158.69978836208503,-57.792562590047325
train_00039,train,3,C3,1389.9707098225254,-152.8332750127665,58.559410856115
train_00039,train,3,C4,1389.9505211838637,64.73761981584477,-28.553419907272254
train_00039,train,3,C5,1199.956372901174,-66.14786595095619,32.909519759861865
train_00039,train,3,C6,1390.017160729703,178.0294549762441,51.46106451929787
train_00039,train,3,C7,1389.947137330192,-167.78066648952608,88.34261493173312
train_00039,train,4,A2,-680.2512390027701,230.37932545346976,-186.51732674115797
train_00039,train,4,A3,-672.464070103381,88.7544097104526,-284.34390748839155
train_00039,train,4,A4,-696.7493881272953,-123.42357446010504,-270.4455100071024
train_00039,train,4,A5,-623.628110931096,51.34987295825169,294.3410948195397
train_00039,train,4,B2,-599.2422771170257,-253.6406597824785,-163.4811403245231
train_00039,train,4,B3,-599.2046166077702,-182.80110259011153,-239.85948294177652
train_00039,train,4,B4,600.8019728167686,-182.8644903575315,-239.88643778691505
train_00039,train,4,B5,600.7916721061271,128.4932675401595,269.47834331293035
train_00039,train,4,B6,-599.1862107446838,191.17655990880903,229.09708902400575
train_00039,train,4,C2,1200.7722622617114,-160.41804131652532,-58.64866826864001
train_00039,train,4,C3,1390.7171919706093,-154.659199416071,57.67427675990602
train_00039,train,4,C4,1390.8352164748387,62.99010867902186,-29.44909731378553
train_00039,train,4,C5,1200.8102112514255,-67.96075244525296,32.05871584111584
train_00039,train,4,C6,1390.7849792154432,176.25253956132022,50.57699966295957
train_00039,train,4,C7,1390.7268403959768,-169.50513541654507,87.46660075421967
train_00040,train,0,A2,-687.4958789495967,131.38400219295175,-334.88081631256335
train_00040,train,0,A3,-692.1059142195053,-6.7290736797706066,-437.6180197777933
train_00040,train,0,A4,-727.0144009942264,-217.75485251118818,-429.59351773029806
train_00040,train,0,A5,-616.4331673790814,-67.57161394159203,136.2254768003852
train_00040,train,0,B2,-508.6556978976391,-500.9897326387999,-23.601658566048595
train_00040,train,0,B3,-509.24410323612386,-430.42751441600916,-100.26850301469642
train_00040,train,0,B4,690.6436118731735,-423.50313454519977,-103.50875521936021
train_00040,train,0,B5,690.2446073855361,-109.99722414139319,404.50636147349394
train_00040,train,0,B6,-510.22855708237677,-54.53235889357776,367.0942440027375
train_00040,train,0,C2,1491.3761806232578,-87.85736300386468,-358.7252690600167
train_00040,train,0,C3,1698.0407351725346,-93.3817303526068,-275.6646145508289
train_00040,train,0,C4,1689.3978975112263,129.9826701675107,-345.9388174861776
train_00040,train,0,C5,1508.8104604456266,-2.288933217178977,-263.0229228518713
train_00040,train,0,C6,1705.6508105205264,237.09427155161868,-259.3111379097522
train_00040,train,0,C7,1702.5758224144665,-110.47278679333841,-247.42765197518946
train_00040,train,1,A2,-931.1059437100904,232.02746530569027,-185.8978983961622
train_00040,train,1,A3,-923.2849709663143,90.4498940005164,-283.7764100178418
train_00040,train,1,A4,-947.6108053402162,-121.68461832134584,-269.8210691058934
train_00040,train,1,A5,-874.5159335307603,52.95932750872939,294.9777168967001
train_00040,train,1,B2,-600.0171364861677,-252.13664376675348,-162.87510358264157
train_00040,train,1,B3,-600.0460581870219,-181.1992815935054,-239.15810967985672
train_00040,train,1,B4,600.0075473136715,-181.13069625726445,-239.1862821177799
train_00040,train,1,B5,599.8946387786692,130.24014879369852,270.22738041304297
train_00040,train,1,B6,-600.0274522122804,192.77146872527084,229.75855172382325
train_00040,train,1,C2,1450.0161069951023,-158.8089260973937,-57.864822065216096
train_00040,train,1,C3,1639.9483234732643,-152.935905624731,58.487442039735704
train_00040,train,1,C4,1640.0189134774828,64.60953977804262,-28.618143874324844
train_00040,train,1,C5,1449.9867254528087,-66.28660520245741,32.83364059003647
train_00040,train,1,C6,1640.008585667456,177.92102068058406,51.394901905506366
train_00040,train,1,C7,1639.9708880890764,-167.95296451400347,88.27109609091886
train_00040,train,2,A2,-681.1488813390964,231.93172410158053,-185.91489960805367
train_00040,train,2,A3,-673.302508915239,90.36108060166903,-283.72164903083717
train_00040,train,2,A4,-697.4671182115314,-121.84515948193796,-269.84260296962947
train_00040,train,2,A5,-624.534860413612,52.9944338615823,294.95887602115323
train_00040,train,2,B2,-599.9849190393064,-252.09673001019476,-162.8679481368343
train_00040,train,2,B3,-600.0453251946166,-181.20561448643218,-239.22385972272488
train_00040,train,2,B4,599.9728039527581,-181.0843441869541,-239.17574970308576
train_00040,train,2,B5,599.9593563791058,130.247649376659,270.21322995613116
train_00040,train,2,B6,-600.0414099657672,192.79376106040655,229.7195803036103
train_00040,train,2,C2,1449.9841831789927,-158.7824801515694,-57.90895979292574
train_00040,train,2,C3,1639.9577222654702,-152.9699022956113,58.4852965848231
train_00040,train,2,C4,1640.0348238347715,64.6061552533778,-28.659055764400595
train_00040,train,2,C5,1449.964417786721,-66.29371749674117,32.827789258463525
train_00040,train,2,C6,1639.9694181766317,177.86989973810353,51.432048220944246
train_00040,train,2,C7,1639.9812044521434,-167.8839829780264,88.23835406374616
train_00040,train,3,A2,-681.0907024801119,231.9218491138407,-185.97245384804341
train_00040,train,3,A3,-673.2100190472439,90.32271656595863,-283.7746147740266
train_00040,train,3,A4,-697.4865992903076,-121.8801725107172,-269.82946974110786
train_00040,train,3,A5,-624.4983346646197,52.95245510232041,294.9862323424841
train_00040,train,3,B2,-599.9906346899351,-251.99083811580084,-162.8557600466015
train_00040,train,3,B3,-599.982663119463,-181.15527627317118,-239.20239137649725
train_00040,train,3,B4,600.0335144691899,-181.07341371825103,-239.15731122808933
train_00040,train,3,B5,600.0195257604119,130.32970543117705,270.22930445862204
train_00040,train,3,B6,-600.0914829728217,192.83205738689546,229.7420512186622
train_00040,train,3,C2,1199.9471106741014,-158.58192855904787,-57.93578400815173
train_00040,train,3,C3,1390.063077655875,-152.7564404935405,58.2930088477945
train_00040,train,3,C4,1389.9644426964971,64.80384118517689,-28.758289812786316
train_00040,train,3,C5,1200.0038755855262,-66.08443861506181,32.77902067166631
train_00040,train,3,C6,1389.9570238851652,178.16231164813593,51.25033222503284
train_00040,train,3,C7,1389.9913676975248,-167.72313590752879,88.14033975022558
train_00040,train,4,A2,-682.259381683451,231.44330904553632,-184.24232935037332
train_00040,train,4,A3,-674.3985397223,89.87091371939948,-282.1447160116204
train_00040,train,4,A4,-698.6056954916425,-122.30811097925869,-268.23186626374275
train_00040,train,4,A5,-625.644608376583,52.42818917998816,296.57608800683164
train_00040,train,4,B2,-601.126817743062,-252.5130356345562,-161.2741442558868
train_00040,train,4,B3,-601.1079418279506,-181.67475674927312,-237.62698639693082
train_00040,train,4,B4,598.8958747312796,-181.5983924615724,-237.54007988003787
train_00040,train,4,B5,598.8038559801721,129.69537975630556,271.9225641612581
train_00040,train,4,B6,-601.1878962184367,192.29040174702192,231.3412664216433
train_00040,train,4,C2,1198.8693002206387,-159.21477968355472,-56.229712773737376
train_00040,train,4,C3,1388.8062684847325,-153.388543660219,60.06119573387502
train_00040,train,4,C4,1388.8108953064777,64.21972949165952,-27.06632849388109
train_00040,train,4,C5,1198.908516308973,-66.72432024510228,34.510953959112825
train_00040,train,4,C6,1388.7983518265482,177.52330423902194,52.923682834816766
train_00040,train,4,C7,1388.904751488244,-168.3283703448769,89.80371463120221
train_00041,train,0,A2,-815.7713541084422,-7.046173009768515,-262.3478834615188
train_00041,train,0,A3,-748.3819850840401,-143.16388476109898,-343.5525759132688
train_00041,train,0,A4,-696.5303696481619,-347.82570968761195,-308.34232491940344
train_00041,train,0,A5,-746.3639957752874,-114.87292433591398,237.69799674801632
train_00041,train,0,B2,-714.3662814857609,-394.56455421249996,-490.36094969309863
train_00041,train,0,B3,-716.1208165376783,-317.8129801673458,-560.8742759191555
train_00041,train,0,B4,483.5087949141695,-316.9227546989275,-589.3061291808699
train_00041,train,0,B5,495.987436839726,-46.994728874229295,-56.97586794299711
train_00041,train,0,B6,-704.6243903381294,17.76230920350335,-63.86241576748867
train_00041,train,0,C2,1605.4961962150041,-5.123194514376937,205.60189974861032
train_00041,train,0,C3,1739.8830669602166,52.80694289888711,373.5610199234981
train_00041,train,0,C4,1724.1348354865493,258.644346610315,262.55545739526457
train_00041,train,0,C5,1555.9480338755156,89.84071372125885,278.4172801758269
train_00041,train,0,C6,1673.931898199345,373.07172840756516,322.54080217398257
train_00041,train,0,C7,1732.952220432611,40.08875147478376,403.5748014325175
train_00041,train,1,A2,-931.0605350836619,232.0104381753998,-185.8160646462047
train_00041,train,1,A3,-923.3002234785878,90.38279550051051,-283.61064915245487
train_00041,train,1,A4,-947.5345609257565,-121.78847294528894,-269.7518987357889
train_00041,train,1,A5,-874.4700613177429,53.008222145575374,295.1260114520239
train_00041,train,1,B2,-599.975324417683,-252.0474196357292,-162.74863180433155
train_00041,train,1,B3,-599.9891170082428,-181.15604387531258,-239.17200402085044
train_00041,train,1,B4,599.9605839667549,-181.21979409082942,-239.1050654460552
train_00041,train,1,B5,600.0422452967266,130.14164932022697,270.32061598471324
train_00041,train,1,B6,-599.9997497256364,192.88176344213264,229.8338514890087
train_00041,train,1,C2,1449.9864636469354,-158.82025686197713,-57.76010252515692
train_00041,train,1,C3,1640.0201921783919,-153.06461331879407,58.481537957905296
train_00041,train,1,C4,1639.980184514012,64.54111922593498,-28.610563968200744
train_00041,train,1,C5,1449.9768283097383,-66.34190187006381,32.9577124514084
train_00041,train,1,C6,1639.9698811771968,177.82978303347357,51.36505978888677
train_00041,train,1,C7,1640.002662997002,-167.93505651261302,88.25982030930818
train_00041,train,2,A2,-681.0477560160099,231.92928607874418,-185.8186266399669
train_00041,train,2,A3,-673.2278674772662,90.36283106073724,-283.7110239297347
train_00041,train,2,A4,-697.5150859346496,-121.77649980046742,-269.8123596259177
train_00041,train,2,A5,-624.4279414759116,52.878843186845295,295.06027076375585
train_00041,train,2,B2,-599.9662770907066,-252.02003982543656,-162.69149909044523
train_00041,train,2,B3,-600.0152510529767,-181.14355840800255,-239.12088017621022
train_00041,train,2,B4,600.0222899380566,-181.21780918519022,-239.1441492572136
train_00041,train,2,B5,599.9715277554643,130.16521543584153,270.35106077469527
train_00041,train,2,B6,-599.9594832193044,192.8202709216435,229.76333120955545
train_00041,train,2,C2,1449.9952250342944,-158.8634109636383,-57.79679175032728
train_00041,train,2,C3,1639.9470280441783,-152.9971666694571,58.440922093502564
train_00041,train,2,C4,1640.0421632287034,64.56526542095644,-28.650376196225707
train_00041,train,2,C5,1449.9481162197972,-66.34150506512337,32.96582046793082
train_00041,train,2,C6,1640.0284601369497,177.86937271024868,51.327348037155815
train_00041,train,2,C7,1639.9924488063373,-167.98591422247435,88.29611708653219
train_00041,train,3,A2,-681.0152460240835,231.97561173327352,-185.81060067255777
train_00041,train,3,A3,-673.2538157387177,90.46480771894224,-283.69459181980153
train_00041,train,3,A4,-697.522081731461,-121.74559334654214,-269.8507879425352
train_00041,train,3,A5,-624.4751395682642,52.9200212375805,295.02197409441493
train_00041,train,3,B2,-599.9572692897178,-252.03399358455982,-162.71131629868952
train_00041,train,3,B3,-600.0228655673723,-181.1789848321888,-239.0976182527214
train_00041,train,3,B4,600.0174542030212,-181.1719007338047,-239.10058292795514
train_00041,train,3,B5,600.0731338328045,130.15752995730924,270.321946257964
train_00041,train,3,B6,-599.9834016763206,192.81040050329304,229.8225677738535
train_00041,train,3,C2,1198.22937412766,-159.58409824627603,-57.770618817198596
train_00041,train,3,C3,1388.218826651371,-153.77487273560226,58.51221669130473
train_00041,train,3,C4,1388.180517418828,63.77824528426297,-28.5309031293493
train_00041,train,3,C5,1198.229306702656,-67.12496184153089,32.96846633621616
train_00041,train,3,C6,1388.2031864943979,177.09131531626295,51.52386296605059
train_00041,train,3,C7,1388.1814123598444,-168.70365727547033,88.26438203082095
train_00041,train,4,A2,-680.4471510430001,231.85770422347053,-185.68641601051317
train_00041,train,4,A3,-672.585732057588,90.31615832637203,-283.65628806923615
train_00041,train,4,A4,-696.7642778272898,-121.90244071674321,-269.73551193641623
train_00041,train,4,A5,-623.6762390613344,52.89229035818668,295.10903137331184
train_00041,train,4,B2,-599.1986872633402,-252.10615934543847,-162.627449938062
train_00041,train,4,B3,-599.2196927710603,-181.20670163998284,-238.99897804977448
train_00041,train,4,B4,600.8159884933012,-180.68214891802378,-239.17043298059022
train_00041,train,4,B5,600.6821564167758,130.65825744169277,270.21149835157706
train_00041,train,4,B6,-599.3101967878988,192.7598375207612,229.83901157828254
train_00041,train,4,C2,1199.0153754384646,-158.78330925318318,-57.88160547918441
train_00041,train,4,C3,1389.0071809601252,-152.93540053708412,58.3299122612328
train_00041,train,4,C4,1388.920038218894,64.70876191164082,-28.71997455830572
train_00041,train,4,C5,1198.9506907964117,-66.2917860237648,32.809149032664095
train_00041,train,4,C6,1388.9200044757615,177.99423475108998,51.2596866652828
train_00041,train,4,C7,1389.0040817606703,-167.88091556867408,88.13795845090482
train_00042,train,0,A2,-1066.2536020875011,-108.78715389039743,82.21493768097187
train_00042,train,0,A3,-1060.0010673020695,-253.07729728077496,-11.674600597750159
train_00042,train,0,A4,-1088.513285701295,-464.25619969461025,7.619438803805709
train_00042,train,0,A5,-1019.0395625648339,-275.72776936472053,568.4195804224919
train_00042,train,0,B2,-420.73185441263706,-22.203537654812365,-264.237929118397
train_00042,train,0,B3,-408.37129717482924,25.151524168982437,-356.1866853247154
train_00042,train,0,B4,769.546673683881,121.56343119791782,-148.4274728893052
train_00042,train,0,B5,664.4042796345595,557.7262643854333,245.44473798212258
train_00042,train,0,B6,-507.73264950131977,510.5605778447034,-18.10615104976475
train_00042,train,0,C2,1768.3264115277204,-7.5975425710599875,132.54907730772342
train_00042,train,0,C3,1945.2167483638204,28.356092361621947,263.2275116592484
train_00042,train,0,C4,1916.034278530331,243.80572899990327,175.53527007399566
train_00042,train,0,C5,1746.0821522279753,82.84002916545576,222.64827095663563
train_00042,train,0,C6,1891.2317951876148,354.8138008305531,254.8915701171993
train_00042,train,0,C7,1945.3418238697143,13.465338400159903,293.02079832585997
train_00042,train,1,A2,-931.0774790023643,232.04466524692668,-185.81138320093442
train_00042,train,1,A3,-923.2813777449893,90.45387741533763,-283.621726263862
train_00042,train,1,A4,-947.5581985400079,-121.71529205800255,-269.8082781196057
train_00042,train,1,A5,-874.4371998323613,52.999353033377865,295.02094183116805
train_00042,train,1,B2,-599.9918792759391,-252.02186359061457,-162.8364912495681
train_00042,train,1,B3,-599.9999164184123,-181.19701633524954,-239.22671785629856
train_00042,train,1,B4,600.0784040025359,-181.2216729470762,-239.0219681787966
train_00042,train,1,B5,599.9999043085669,130.11225090119706,270.36545119301474
train_00042,train,1,B6,-599.9127706412826,192.86063528317086,229.76696841189076
train_00042,train,1,C2,1449.9737180850643,-158.80052821423584,-57.78427924228317
train_00042,train,1,C3,1640.0124826452206,-152.96136829494975,58.447134366744635
train_00042,train,1,C4,1640.0005899083485,64.61253993079875,-28.66713376638156
train_00042,train,1,C5,1450.016800744311,-66.25603233518605,32.9129849393809
train_00042,train,1,C6,1640.045134588606,177.95352494403554,51.40867106692248
train_00042,train,1,C7,1639.9501168289694,-167.8838233900519,88.26314527342933
train_00042,train,2,A2,-682.9470180161771,231.53868877645888,-185.94245787952102
train_00042,train,2,A3,-675.1086248752003,89.9782849524511,-283.82253600298515
train_00042,train,2,A4,-699.4637543351131,-122.22462694332862,-269.8013963451885
train_00042,train,2,A5,-626.405738932136,52.5945506714356,294.9826377994079
train_00042,train,2,B2,-599.9708686703356,-252.00549323437878,-162.79512486484927
train_00042,train,2,B3,-599.9585483010661,-181.158160610971,-239.21084564833959
train_00042,train,2,B4,600.0326603756538,-181.16199333726533,-239.11638731378972
train_00042,train,2,B5,599.9769949449168,130.10700728372035,270.3161811227817
train_00042,train,2,B6,-599.9926376214015,192.88882337723135,229.76276387128192
train_00042,train,2,C2,1450.0133449006619,-158.7874792420843,-57.84041767045683
train_00042,train,2,C3,1640.0427196328976,-152.95153325887986,58.45753764712034
train_00042,train,2,C4,1640.0469590271102,64.58516651460216,-28.645594071673617
train_00042,train,2,C5,1450.0110790681108,-66.2895446370479,32.895101088978095
train_00042,train,2,C6,1639.9854108029285,177.905559872672,51.40368580821547
train_00042,train,2,C7,1639.9813178576092,-167.83562594780685,88.32552556528621
train_00042,train,3,A2,-682.9742130490519,231.5551227361056,-185.90853168952387
train_00042,train,3,A3,-675.2054609829337,89.96190440512412,-283.7131031365441
train_00042,train,3,A4,-699.5033241701302,-122.18917821207685,-269.89694578334814
train_00042,train,3,A5,-626.3985995147406,52.56717442435203,294.9713759068431
train_00042,train,3,B2,-599.9946756369282,-251.98964947437696,-162.8614243290978
train_00042,train,3,B3,-599.9171383827673,-181.11676556345432,-239.25004655037054
train_00042,train,3,B4,600.0307912757002,-181.1921299659027,-239.0501332415307
train_00042,train,3,B5,599.9645092810209,130.13081424507448,270.37010535620544
train_00042,train,3,B6,-600.0250991583374,192.8613580072798,229.75288846417547
train_00042,train,3,C2,1200.0023395752144,-158.8274292647459,-57.756406322229374
train_00042,train,3,C3,1390.0317261970722,-153.06427725296078,58.478800796536525
train_00042,train,3,C4,1390.0334740602716,64.53523629837352,-28.531639057803154
train_00042,train,3,C5,1200.038177786393,-66.33399073817151,32.95863280718331
train_00042,train,3,C6,1390.0949819882683,177.8184236407406,51.44542008751202
train_00042,train,3,C7,1389.9848457168107,-167.96009787437708,88.31099157479181
train_00042,train,4,A2,-682.4670121075528,231.8139599365279,-185.9009468877753
train_00042,train,4,A3,-674.6765942513224,90.24225046689915,-283.7560275035223
train_00042,train,4,A4,-698.9680296644533,-121.87315817181604,-269.89746206632265
train_00042,train,4,A5,-625.9383081976911,52.87207579532327,294.9662608721076
train_00042,train,4,B2,-599.5183523783878,-251.7070924089449,-162.83912117679196
train_00042,train,4,B3,-599.5106557447596,-180.89071484713673,-239.2398452104206
train_00042,train,4,B4,600.5231032663346,-181.06290118450613,-239.09092142662416
train_00042,train,4,B5,600.5597368471862,130.27186511858613,270.4149689501072
train_00042,train,4,B6,-599.4571286605006,193.09341591554684,229.71360344398596
train_00042,train,4,C2,1200.4364609744207,-158.85348797056335,-57.72900224046942
train_00042,train,4,C3,1390.5157337400713,-153.13730768107723,58.52328903178269
train_00042,train,4,C4,1390.5170302776753,64.60415992176216,-28.609938978693446
train_00042,train,4,C5,1200.4971584633074,-66.33810943410457,33.02290871502711
train_00042,train,4,C6,1390.5485405749998,177.853845208743,51.47490231582351
train_00042,train,4,C7,1390.4844928142238,-168.01593940673993,88.29162315423157
train_00043,train,0,A2,-1015.6943507397158,362.82851971473025,-5.35172703880124
train_00043,train,0,A3,-986.6924921367823,216.4086643340947,-91.4667120378602
train_00043,train,0,A4,-998.0639263901038,4.299120591764879,-65.46431229381679
train_00043,train,0,A5,-1005.0355217080368,218.9561162253127,490.31658203484
train_00043,train,0,B2,-657.0957360786681,-63.59621591904805,-177.82019064633033
train_00043,train,0,B3,-692.7287153390711,-8.089459885077591,-258.3614029911273
train_00043,train,0,B4,433.90164006327666,183.5763880404029,-624.4915338481632
train_00043,train,0,B5,511.638711222376,574.9619443665706,-180.39192559594923
train_00043,train,0,B6,-639.0147320030381,437.155578177183,139.88997554995947
train_00043,train,0,C2,1226.951416670578,-193.82094065197685,-95.7350592714424
train_00043,train,0,C3,1426.3736780861195,-185.22338760302978,3.2567916741123533
train_00043,train,0,C4,1427.80600135601,21.66769720092751,-106.91453531497068
train_00043,train,0,C5,1238.5868604404568,-92.33925803924069,-16.032931532079377
train_00043,train,0,C6,1439.3183404771696,142.64333994474745,-40.020900897732915
train_00043,train,0,C7,1428.3540802017749,-196.89512674714388,34.4638639668734
train_00043,train,1,A2,-931.1099293216658,231.97662176175487,-185.8610797651371
train_00043,train,1,A3,-923.2784803262814,90.47240649177147,-283.71310534310396
train_00043,train,1,A4,-947.5333323005437,-121.73541505535708,-269.7946976405049
train_00043,train,1,A5,-874.4642616509657,52.98171460333231,295.0339796205787
train_00043,train,1,B2,-599.9878438184402,-252.00312412609745,-162.8251767103989
train_00043,train,1,B3,-599.923207367348,-181.19697095456323,-239.18525422805317
train_00043,train,1,B4,600.0448718691655,-181.1798056253406,-239.16406275195152
train_00043,train,1,B5,599.9988915163632,130.1799826089716,270.2386976766101
train_00043,train,1,B6,-599.992080324682,192.91083301989661,229.79833456609632
train_00043,train,1,C2,1449.9413362586743,-158.81895947630306,-57.83259848547214
train_00043,train,1,C3,1639.9929666730593,-152.9478315375603,58.422204245310404
train_00043,train,1,C4,1640.0185575727621,64.61970453803386,-28.686267712390368
train_00043,train,1,C5,1449.954674489822,-66.27687220389926,32.90552713470576
train_00043,train,1,C6,1639.9999642838281,177.92330890365812,51.3029539668088
train_00043,train,1,C7,1640.045162786784,-167.9199813037665,88.15077286250968
train_00043,train,2,A2,-682.4124140629907,233.4345897668605,-185.8742543590553
train_00043,train,2,A3,-674.6469194771785,91.91633808235139,-283.69951220102973
train_00043,train,2,A4,-698.8884158005806,-120.26212806959911,-269.8738260260935
train_00043,train,2,A5,-625.8441963899909,54.47219950161254,294.9479457166936
train_00043,train,2,B2,-600.0198481302501,-252.02253706113805,-162.85675321457907
train_00043,train,2,B3,-600.0657320938388,-181.14459821461622,-239.1852459506245
train_00043,train,2,B4,600.0198935352589,-181.16304756669325,-239.1857621471398
train_00043,train,2,B5,600.0017803955205,130.12485060807444,270.22396820943504
train_00043,train,2,B6,-600.0098199514802,192.86831536393507,229.74924170917208
train_00043,train,2,C2,1450.0260946785527,-158.788604574729,-57.821587786055204
train_00043,train,2,C3,1639.998867406925,-152.9666145772675,58.39338032929891
train_00043,train,2,C4,1640.0033124513911,64.60298048292059,-28.704387135282904
train_00043,train,2,C5,1449.9744381606517,-66.31342116233341,32.88663009795419
train_00043,train,2,C6,1639.9894623649086,177.87100715467656,51.33036828470238
train_00043,train,2,C7,1640.0522899782757,-167.90011263550744,88.10805315945073
train_00043,train,3,A2,-682.4330762359822,233.49698160799252,-185.91684947389027
train_00043,train,3,A3,-674.6156371975613,91.90589796042114,-283.7433325625917
train_00043,train,3,A4,-698.8554286202351,-120.24783825259499,-269.8343580104495
train_00043,train,3,A5,-625.802568708887,54.394846555320115,294.9069376306142
train_00043,train,3,B2,-600.0452701783229,-252.03529081827782,-162.86191419262875
train_00043,train,3,B3,-599.9974529212652,-181.18195179166793,-239.16928423038127
train_00043,train,3,B4,599.9984867401441,-181.16533112055657,-239.16354469518703
train_00043,train,3,B5,599.9682110520635,130.18125192844607,270.24659299256007
train_00043,train,3,B6,-599.9434835740947,192.85558725902195,229.79732225769365
train_00043,train,3,C2,1199.8782023589608,-158.7939722864168,-57.82075949651663
train_00043,train,3,C3,1389.8915493631896,-152.99650964504178,58.51804707545386
train_00043,train,3,C4,1389.8977278488837,64.6333105934921,-28.586159877906415
train_00043,train,3,C5,1199.8825618767935,-66.21533126755824,32.9939395942612
train_00043,train,3,C6,1389.8966389330042,177.88550911135496,51.451416743818115
train_00043,train,3,C7,1389.9264876476443,-167.9219254276053,88.2607144272713
train_00043,train,4,A2,-682.1697752638033,232.56066409757335,-185.92623751446249
train_00043,train,4,A3,-674.3266766273857,91.02500825959632,-283.74624457567666
train_00043,train,4,A4,-698.4728429121965,-121.0976652543122,-269.887978728567
train_00043,train,4,A5,-625.444907664398,53.65647970720638,294.9744746025234
train_00043,train,4,B2,-599.4943012960167,-252.8335905282169,-162.70086155470784
train_00043,train,4,B3,-599.5650795621447,-181.9633765747021,-239.16182030684544
train_00043,train,4,B4,600.3883640226857,-181.48900244897402,-239.20985346563597
train_00043,train,4,B5,600.3462861218652,129.92337288195375,270.18963730843814
train_00043,train,4,B6,-599.7123528274292,192.08482696697513,229.73436721158365
train_00043,train,4,C2,1200.3483599838771,-158.76833879235392,-57.84825317841801
train_00043,train,4,C3,1390.3733498966787,-152.93713890711282,58.51475305214615
train_00043,train,4,C4,1390.2896690138693,64.70546102504515,-28.719388308169346
train_00043,train,4,C5,1200.3029951100048,-66.28422280153636,32.842756483813396
train_00043,train,4,C6,1390.2606674879576,178.02566797272107,51.32097325579455
train_00043,train,4,C7,1390.3437352435044,-167.82722493003402,88.2388264906017
train_00044,train,0,A2,-847.2355322018002,529.5103145357391,140.40566601144246
train_00044,train,0,A3,-857.6997163815247,380.00614450765784,55.370708393445106
train_00044,train,0,A4,-913.9425422252174,175.86099370457325,86.19063900518539
train_00044,train,0,A5,-833.065596813432,388.35732768148733,636.8106401948592
train_00044,train,0,B2,-290.65037291189344,-447.0491754605894,-144.10262118228832
train_00044,train,0,B3,-290.3223546596731,-376.6967746311019,-221.02433007437673
train_00044,train,0,B4,909.6096831119015,-387.4771821753604,-225.92174158374658
train_00044,train,0,B5,914.5247123388648,-73.04078538633519,281.5623209087264
train_00044,train,0,B6,-285.06659745451753,0.18649140740760356,245.58679072239093
train_00044,train,0,C2,1685.0304434900238,-431.42144796431876,195.4470690309275
train_00044,train,0,C3,1869.0939331395782,-402.3656944176782,317.5371396877978
train_00044,train,0,C4,1843.599292065798,-185.63092724928867,231.90219830158463
train_00044,train,0,C5,1670.2983662039421,-340.64695860387656,286.7041645125936
train_00044,train,0,C6,1826.649906137556,-74.17426505915797,312.6842537580842
train_00044,train,0,C7,1870.1459997877446,-417.4885211803206,347.17889773582294
train_00044,train,1,A2,-931.1403789309601,231.9982761932518,-185.78271426871146
train_00044,train,1,A3,-923.2780781060749,90.49476836165435,-283.66312311251096
train_00044,train,1,A4,-947.550046960165,-121.65332248515438,-269.8279830464793
train_00044,train,1,A5,-874.4267648218539,53.00962445666061,295.04009182557724
train_00044,train,1,B2,-599.9804299126348,-251.98534315516036,-162.74044416295988
train_00044,train,1,B3,-600.0198291740853,-181.1900397096348,-239.11644968237604
train_00044,train,1,B4,600.006602061044,-181.18807054487542,-239.02084122940033
train_00044,train,1,B5,600.0064220044129,130.19873618824607,270.33588917196806
train_00044,train,1,B6,-599.9920257075769,192.88219135548871,229.8014126118699
train_00044,train,1,C2,1450.6725904150562,-159.06498025759743,-55.99560671710074
train_00044,train,1,C3,1640.622666600929,-153.27271155889846,60.20638392316445
train_00044,train,1,C4,1640.6679218415663,64.37289279168435,-26.8084829684589
train_00044,train,1,C5,1450.6556117896905,-66.5933283084131,34.7820642246447
train_00044,train,1,C6,1640.6345727588653,177.64365789276061,53.22837709991892
train_00044,train,1,C7,1640.5798261250802,-168.18825718484078,90.01577013648482
train_00044,train,2,A2,-681.0988634146017,231.93178059722294,-185.85720600803052
train_00044,train,2,A3,-673.2793649288714,90.40311405744801,-283.68265585726556
train_00044,train,2,A4,-697.5460814199525,-121.7187608317235,-269.8233872878017
train_00044,train,2,A5,-624.4990770829891,53.027940212136336,295.0811186616817
train_00044,train,2,B2,-599.9813267311752,-252.00488552193883,-162.72965375119324
train_00044,train,2,B3,-599.9716277033639,-181.12161549382094,-239.1111182591273
train_00044,train,2,B4,600.0201743825195,-181.22091068461208,-239.0836607820413
train_00044,train,2,B5,599.9243765975668,130.22386823216536,270.33125004544576
train_00044,train,2,B6,-600.0291672616851,192.8354102842554,229.8049704205162
train_00044,train,2,C2,1450.6688071031047,-159.06968484997873,-56.04393186031096
train_00044,train,2,C3,1640.6080997628278,-153.24667223575474,60.235405438926016
train_00044,train,2,C4,1640.5723829733406,64.38410372817134,-26.84668041462724
train_00044,train,2,C5,1450.6387136272485,-66.55645422969467,34.69238009851657
train_00044,train,2,C6,1640.634321578427,177.6877433583659,53.2367264927877
train_00044,train,2,C7,1640.6529480565891,-168.1548474304793,89.97729699942899
train_00044,train,3,A2,-681.1218164458954,231.96666405164765,-185.88453992909143
train_00044,train,3,A3,-673.293716539575,90.48899907345807,-283.68638964079395
train_00044,train,3,A4,-697.5695435897608,-121.77733939234686,-269.83137515852223
train_00044,train,3,A5,-624.5241059823725,52.989848699065604,295.0152313216557
train_00044,train,3,B2,-600.0410997412276,-252.0195287583802,-162.70042875461488
train_00044,train,3,B3,-599.9843179121053,-181.1791434925102,-239.13634201195023
train_00044,train,3,B4,600.0497978842639,-181.17711051662968,-239.0214082916313
train_00044,train,3,B5,599.9423967480775,130.18489753215383,270.3722602734281
train_00044,train,3,B6,-600.0043235751685,192.85316116862373,229.79421544928738
train_00044,train,3,C2,1200.021704872746,-158.75048275262068,-57.69240308522249
train_00044,train,3,C3,1390.0313689560764,-152.94864229723188,58.574401450982634
train_00044,train,3,C4,1390.032085869677,64.60244124038019,-28.54482758161107
train_00044,train,3,C5,1200.0641708220892,-66.21628426258292,33.05051433558714
train_00044,train,3,C6,1390.0656452106632,177.95713787163263,51.49283961522064
train_00044,train,3,C7,1389.9455747086276,-167.83576954647074,88.37700509195912
train_00044,train,4,A2,-681.1329357334795,231.95539078107115,-185.85094976707848
train_00044,train,4,A3,-673.3783123393608,90.32172931597908,-283.7192882987066
train_00044,train,4,A4,-697.5281483122504,-121.79334641681912,-269.8870385565534
train_00044,train,4,A5,-624.4929076159174,52.8753040981416,295.048019783995
train_00044,train,4,B2,-599.9633979504617,-252.01546571970493,-162.79965989222177
train_00044,train,4,B3,-600.0258698194555,-181.16389002637098,-239.14639371294393
train_00044,train,4,B4,599.9964104072101,-181.1795036963425,-239.22041045583515
train_00044,train,4,B5,599.9813514749147,130.15171583696392,270.2599425778273
train_00044,train,4,B6,-600.0278019717845,192.78235773921102,229.82598328516335
train_00044,train,4,C2,1199.996475535287,-158.73285819760585,-57.833779868086474
train_00044,train,4,C3,1389.9899746919557,-152.94776790488265,58.389279382575516
train_00044,train,4,C4,1390.0729471544832,64.65400653047968,-28.651364887837758
train_00044,train,4,C5,1200.0469717826206,-66.21264291733497,32.87018165707157
train_00044,train,4,C6,1390.057759029608,177.9442014307358,51.37145819040804
train_00044,train,4,C7,1390.0111600571718,-167.8431355780833,88.17737881856169
train_00045,train,0,A2,-672.6022987816522,225.0380516409201,-195.3310182561176
train_00045,train,0,A3,-683.0603661249144,84.53538058784524,-294.53696935481764
train_00045,train,0,A4,-742.8600458949719,-120.69872486911508,-284.7718445435748
train_00045,train,0,A5,-672.8017656143368,37.071676842727,285.4376984470777
train_00045,train,0,B2,-609.2204022616231,53.36026982254262,-36.50221863006374
train_00045,train,0,B3,-608.6481556642515,124.91133873363538,-112.23946017223626
train_00045,train,0,B4,591.2466807352771,109.18590516446896,-118.04274650154933
train_00045,train,0,B5,597.7571384629479,415.72799648160566,394.246826109376
train_00045,train,0,B6,-601.4963639382349,494.51474760881405,360.17728822694806
train_00045,train,0,C2,1490.6650896227552,-279.8508304367867,-91.29867984700229
train_00045,train,0,C3,1645.4592880544856,-274.4470199303128,68.8356859323219
train_00045,train,0,C4,1714.475482122573,-90.73640874310912,-59.42359419863245
train_00045,train,0,C5,1490.9342053212767,-167.85980087197765,-26.230552634738594
train_00045,train,0,C6,1721.8514209813484,38.19589711874883,-8.730475147236785
train_00045,train,0,C7,1635.3209928687213,-280.66638451222457,99.90472670963324
train_00045,train,1,A2,-931.0982179664817,232.0425121108344,-185.82148765714638
train_00045,train,1,A3,-923.1964844766612,90.44055454662485,-283.6939481760397
train_00045,train,1,A4,-947.5255423380021,-121.69576445302904,-269.80864219122316
train_00045,train,1,A5,-874.5133990693183,52.94396749065277,295.061881462629
train_00045,train,1,B2,-599.9759170692374,-252.0415338908546,-162.81156571079114
train_00045,train,1,B3,-599.9513450589919,-181.1293986391716,-239.1622457718536
train_00045,train,1,B4,600.0172883235169,-181.10657695234588,-239.09260517675568
train_00045,train,1,B5,599.9256824174184,130.197473556089,270.3290723499527
train_00045,train,1,B6,-599.9913574630716,192.7696653754182,229.82431835023826
train_00045,train,1,C2,1450.011554685926,-158.71575906210958,-57.86964343050417
train_00045,train,1,C3,1639.9622892118448,-152.98346485445188,58.41219560196396
train_00045,train,1,C4,1640.0162953118438,64.61643354026198,-28.663660614012365
train_00045,train,1,C5,1449.9726093201364,-66.2269000660086,32.876171282030825
train_00045,train,1,C6,1640.019236638836,177.95477257245494,51.423843788275484
train_00045,train,1,C7,1639.9382484537987,-167.88375004631715,88.22701946441234
train_00045,train,2,A2,-681.0998817168531,231.92983284671055,-185.90057294770628
train_00045,train,2,A3,-673.3579609036286,90.31370991069599,-283.7327807434314
train_00045,train,2,A4,-697.4957898211899,-121.82690585161878,-269.8033990406028
train_00045,train,2,A5,-624.4723160387136,52.875464728641994,295.01467602685926
train_00045,train,2,B2,-600.0026981571685,-252.06469433044822,-162.72872571348455
train_00045,train,2,B3,-600.0135868618141,-181.13739119581547,-239.08000333891187
train_00045,train,2,B4,600.0279042503361,-181.09528987518206,-239.08116598795868
train_00045,train,2,B5,599.9768709672712,130.12767162927963,270.410176162851
train_00045,train,2,B6,-600.0177037828672,192.78953452292325,229.82288416861138
train_00045,train,2,C2,1449.9585886656275,-158.73050040533354,-57.74092150394853
train_00045,train,2,C3,1639.9465448707629,-152.93670362790044,58.43011713795833
train_00045,train,2,C4,1639.9606335784808,64.63628376692566,-28.608334860705956
train_00045,train,2,C5,1450.0216104757656,-66.2710781685253,32.8944556733493
train_00045,train,2,C6,1640.0082376412379,177.9532753045124,51.41116836115218
train_00045,train,2,C7,1639.9306806823718,-167.84224569398344,88.28781470541098
train_00045,train,3,A2,-681.0423983761701,231.94604989730325,-185.80664255468383
train_00045,train,3,A3,-673.3202501433734,90.37249947360439,-283.7011786084956
train_00045,train,3,A4,-697.5296227463151,-121.82978008066532,-269.82347272036503
train_00045,train,3,A5,-624.420042703889,52.933812699122335,294.9930987120997
train_00045,train,3,B2,-600.0289774223146,-251.99170254637676,-162.8101056540768
train_00045,train,3,B3,-600.0332126060829,-181.19353296008072,-239.1790462907639
train_00045,train,3,B4,600.0062100215192,-181.13348571908475,-239.07395337575554
train_00045,train,3,B5,599.991728548354,130.18725984921778,270.3654060069014
train_00045,train,3,B6,-599.9893644693377,192.82175953997614,229.85881490340876
train_00045,train,3,C2,1199.9957530245272,-158.70370494354853,-57.82704732952917
train_00045,train,3,C3,1390.0200605370815,-152.9558366851624,58.558617483924664
train_00045,train,3,C4,1390.0040602003878,64.70958582695246,-28.553274954398226
train_00045,train,3,C5,1200.0015705678534,-66.22153074742552,32.957521063276765
train_00045,train,3,C6,1390.1046002154972,178.0112166512777,51.492918968704
train_00045,train,3,C7,1389.9926741908273,-167.92117657254818,88.33010636853433
train_00045,train,4,A2,-681.0846486475485,231.86205979699196,-185.8831406060762
train_00045,train,4,A3,-673.2730444031022,90.28437779896953,-283.7047700713218
train_00045,train,4,A4,-697.5315139951871,-121.85450959373036,-269.8528283656956
train_00045,train,4,A5,-624.3827672370996,52.87637880218026,295.0141968738844
train_00045,train,4,B2,-600.000050155476,-252.0119466877903,-162.7472893390403
train_00045,train,4,B3,-599.9888823417124,-181.1852343736494,-239.17289314106407
train_00045,train,4,B4,600.0274852016692,-181.0782124159162,-239.0926431033304
train_00045,train,4,B5,600.0255879605797,130.15188150811954,270.3221270485637
train_00045,train,4,B6,-599.9685676285396,192.79547061206068,229.8683700098743
train_00045,train,4,C2,1199.9744386858056,-158.70388622520431,-57.84225541821646
train_00045,train,4,C3,1390.0273067050214,-152.92329075015297,58.458132212667735
train_00045,train,4,C4,1390.0830705906203,64.72877090121955,-28.59250378278555
train_00045,train,4,C5,1200.050549554921,-66.20457970595893,32.88134553191935
train_00045,train,4,C6,1389.9936954304892,177.9803969982006,51.43246088261673
train_00045,train,4,C7,1389.9975926120705,-167.81118377936895,88.25866758717682
train_00046,train,0,A2,-795.7881495602718,374.88108382849583,-177.68177350519244
train_00046,train,0,A3,-793.0339170117287,236.4785419893235,-280.2866733785666
train_00046,train,0,A4,-818.3274455644149,24.15395106256044,-272.2497279346057
train_00046,train,0,A5,-721.5296240515692,179.91496193210014,294.5139799140379
train_00046,train,0,B2,-248.64130025912053,-300.55332896230857,-225.30487915427616
train_00046,train,0,B3,-236.99312244358805,-234.6245759908743,-305.04809851611617
train_00046,train,0,B4,952.2147310609158,-250.6526440037771,-145.43495099294924
train_00046,train,0,B5,891.6282022147741,91.4548409035193,340.11123569044696
train_00046,train,0,B6,-290.8853582733994,167.5599731625449,136.65330633488713
train_00046,train,0,C2,1307.172389636846,115.07527877539464,-10.512192284296829
train_00046,train,0,C3,1483.3738243752873,173.0103662561389,112.96987639433722
train_00046,train,0,C4,1438.7368965009293,378.14703403419776,8.691219734445502
train_00046,train,0,C5,1280.4722074975725,211.09656244659482,72.35480938412121
train_00046,train,0,C6,1407.8809473706763,493.4907918193778,79.31729368916388
train_00046,train,0,C7,1485.0153060617013,160.61110451915758,143.88626017510165
train_00046,train,1,A2,-931.1238819491379,231.99733314501822,-185.8384709586771
train_00046,train,1,A3,-923.3129556931907,90.43049462482597,-283.66286961120335
train_00046,train,1,A4,-947.5271038211458,-121.75127424747623,-269.83026589981233
train_00046,train,1,A5,-874.5063537609102,52.946633519559164,295.0485249256338
train_00046,train,1,B2,-600.0511838902854,-252.05551941893134,-162.77918579178817
train_00046,train,1,B3,-600.06528466661,-181.2248909525233,-239.2077874688163
train_00046,train,1,B4,600.0164701067296,-181.11135299534163,-239.1526036151707
train_00046,train,1,B5,599.9479956176439,130.23292861797398,270.2869281934877
train_00046,train,1,B6,-600.0782464540607,192.796347313255,229.75972886425424
train_00046,train,1,C2,1450.0007404836235,-158.71222212270592,-58.01818667311551
train_00046,train,1,C3,1640.0258174522546,-152.8323814145367,58.24318709574786
train_00046,train,1,C4,1639.9810969093867,64.74614905257005,-28.785227114476793
train_00046,train,1,C5,1449.9771803208166,-66.15936716467785,32.776279335910395
train_00046,train,1,C6,1639.9559234546039,178.02742656615547,51.21659344975759
train_00046,train,1,C7,1640.0733549637257,-167.79315987700215,88.0355647743691
train_00046,train,2,A2,-681.1446979173143,231.9205493824193,-185.91775078098084
train_00046,train,2,A3,-673.3530515013032,90.32643217061323,-283.7848427769229
train_00046,train,2,A4,-697.6489827590058,-121.88145165857664,-269.8570303619898
train_00046,train,2,A5,-624.5567294279377,52.96234811224966,294.9871101037542
train_00046,train,2,B2,-600.0253335142553,-252.06685510742216,-162.81245187293314
train_00046,train,2,B3,-599.99909406372,-181.19098749480088,-239.2120790356156
train_00046,train,2,B4,599.9757119889534,-181.18985534662235,-239.13681466397793
train_00046,train,2,B5,599.9599727455336,130.19209489354142,270.32779145735805
train_00046,train,2,B6,-600.0338800921821,192.71642627694962,229.80096697749894
train_00046,train,2,C2,1449.952148315093,-158.71218077601537,-57.94622458678447
train_00046,train,2,C3,1640.033616612025,-152.87808429700507,58.25276907856804
train_00046,train,2,C4,1640.0288941796239,64.76651917652858,-28.856202676821777
train_00046,train,2,C5,1449.9995632112186,-66.21647749377634,32.78576001822424
train_00046,train,2,C6,1639.9355991801585,178.08293702819194,51.20492286911759
train_00046,train,2,C7,1640.0730770658752,-167.75765291514625,88.05669447256012
train_00046,train,3,A2,-681.2140479020711,231.94312271153734,-185.92504161127718
train_00046,train,3,A3,-673.3400398713527,90.29397141250986,-283.7928529870016
train_00046,train,3,A4,-697.6060825899639,-121.77026774448699,-269.8252942503929
train_00046,train,3,A5,-624.632065847683,53.021802358982704,294.93365063475414
train_00046,train,3,B2,-599.974778287703,-252.06638137432023,-162.8094682281759
train_00046,train,3,B3,-600.0067057829557,-181.26967700782438,-239.13714277242678
train_00046,train,3,B4,599.9823601728626,-181.17752648638955,-239.1128572076442
train_00046,train,3,B5,599.9611907249869,130.1505258801438,270.35638399454024
train_00046,train,3,B6,-600.007827613014,192.77226089637574,229.78020860511214
train_00046,train,3,C2,1200.0112706641216,-158.64810347450515,-57.77126901614981
train_00046,train,3,C3,1390.0117748571172,-152.87289522532623,58.511951757401285
train_00046,train,3,C4,1389.990315536853,64.77328896362387,-28.50587625809251
train_00046,train,3,C5,1199.9483572500008,-66.09873265198404,32.952447427798155
train_00046,train,3,C6,1389.979920969222,178.06342838087784,51.455858958303416
train_00046,train,3,C7,1389.9648003547861,-167.8279165686345,88.34294255294981
train_00046,train,4,A2,-681.1793054261184,232.00353298220855,-185.8407504397198
train_00046,train,4,A3,-673.3273403434495,90.39267994318467,-283.66210879375035
train_00046,train,4,A4,-697.6082947914282,-121.77922630312133,-269.83071926378005
train_00046,train,4,A5,-624.4981280257609,52.932613124588,295.02413559527594
train_00046,train,4,B2,-599.9993051628783,-252.00741892014318,-162.70733816565135
train_00046,train,4,B3,-600.006255414836,-181.19816386234172,-239.11353940991773
train_00046,train,4,B4,599.9730258464452,-181.13782858142935,-239.1573008680805
train_00046,train,4,B5,600.0508760287117,130.19636545670144,270.3022072722117
train_00046,train,4,B6,-600.0767002023472,192.7947269461095,229.89202250528876
train_00046,train,4,C2,1200.027405816746,-158.70945348277888,-57.89123280854684
train_00046,train,4,C3,1389.994186500658,-152.89328238401956,58.40925208561621
train_00046,train,4,C4,1390.0186348430677,64.72143974689415,-28.588818037170928
train_00046,train,4,C5,1200.030582249433,-66.22073880209001,32.881959979512786
train_00046,train,4,C6,1389.990211459179,178.02503738348534,51.3782471636984
train_00046,train,4,C7,1389.9627607863667,-167.8380194881031,88.21407970498892
train_00047,train,0,A2,-1218.7382286591728,146.07755476154864,-504.912461868031
train_00047,train,0,A3,-1208.2674513578663,6.729177841947283,-605.6293010717908
train_00047,train,0,A4,-1226.3186585088044,-206.33896228695212,-595.703380343953
train_00047,train,0,A5,-1150.4922119124067,-40.71757770756648,-28.515191814636925
train_00047,train,0,B2,-950.181794373128,108.38011974292372,-281.83405823953046
train_00047,train,0,B3,-939.5968295369382,185.98403192350273,-350.5588629944947
train_00047,train,0,B4,253.43981310226886,66.95163344980139,-301.3816663695371
train_00047,train,0,B5,257.1300840326819,326.0143199532164,236.42583217841124
train_00047,train,0,B6,-927.9679487947031,511.0598429890398,153.45078766007862
train_00047,train,0,C2,1653.85218541649,6.054347609361621,90.65495355870455
train_00047,train,0,C3,1847.0031428648995,55.814862405802494,189.97994787644686
train_00047,train,0,C4,1809.9053042947687,255.50829742316088,72.90501081929577
train_00047,train,0,C5,1645.0849132819994,110.4735390968861,166.86446464481733
train_00047,train,0,C6,1797.4504726977107,378.56428061604817,135.67219545942885
train_00047,train,0,C7,1850.8378064319977,45.73415937754433,221.5214548989282
train_00047,train,1,A2,-931.1188829851812,231.9189557955813,-185.93090830172503
train_00047,train,1,A3,-923.2793805219187,90.40635540554749,-283.7339423623302
train_00047,train,1,A4,-947.551572466992,-121.76459239125337,-269.89021650920745
train_00047,train,1,A5,-874.470427135933,52.98622114881153,294.99622366846603
train_00047,train,1,B2,-599.9833649134421,-252.02209460949513,-162.78515198331286
train_00047,train,1,B3,-600.0085025099149,-181.04916570526774,-239.1843766780294
train_00047,train,1,B4,599.9832808889381,-181.05891361836677,-239.11661424234828
train_00047,train,1,B5,599.9907763517259,130.0923126781988,270.3233920842152
train_00047,train,1,B6,-600.0090690610691,192.83463009015065,229.79074435532556
train_00047,train,1,C2,1450.0440448411514,-158.68466300995019,-57.8687787390703
train_00047,train,1,C3,1639.9939125483945,-152.93614180296066,58.42192086194238
train_00047,train,1,C4,1640.0410754314178,64.6536902265288,-28.647602774672546
train_00047,train,1,C5,1449.948312956375,-66.20990243419693,32.92228873484408
train_00047,train,1,C6,1640.0184672118187,177.96280433378317,51.37627269091328
train_00047,train,1,C7,1639.972596936236,-167.8554011675703,88.23404952761595
train_00047,train,2,A2,-681.0868666758474,232.02435671753054,-185.78607839209252
train_00047,train,2,A3,-673.211212047908,90.49563366121725,-283.68924546165283
train_00047,train,2,A4,-697.4373045604895,-121.67631053510495,-269.84976703148897
train_00047,train,2,A5,-624.4426241471341,52.933879804437574,295.05326366038577
train_00047,train,2,B2,-600.0146311849692,-251.95850838826397,-162.81868543973965
train_00047,train,2,B3,-599.9695237871999,-181.10355332889813,-239.16976690385346
train_00047,train,2,B4,599.9922935680627,-181.16058137678036,-239.11801260043256
train_00047,train,2,B5,600.0693171587656,130.14845334141788,270.3489019081549
train_00047,train,2,B6,-599.9693471158386,192.81156349738197,229.83082002222292
train_00047,train,2,C2,1449.9865147400058,-158.747772754812,-57.869421083314926
train_00047,train,2,C3,1639.9563343525645,-152.95081268965694,58.39912769765066
train_00047,train,2,C4,1640.0322409514738,64.69830438474683,-28.667542577652146
train_00047,train,2,C5,1449.952667425018,-66.23670469037388,32.8213773015566
train_00047,train,2,C6,1639.967806138318,177.9514730824917,51.45017639048185
train_00047,train,2,C7,1639.9315842188905,-167.8406585072142,88.2324767489149
train_00047,train,3,A2,-681.0476227804169,231.98329093631816,-185.80711459783026
train_00047,train,3,A3,-673.244236565366,90.48472473659785,-283.69852984822654
train_00047,train,3,A4,-697.4960792332258,-121.65639582246689,-269.83895961980545
train_00047,train,3,A5,-624.5120731375936,52.973943898476406,295.0375259623632
train_00047,train,3,B2,-600.0416880592902,-251.9886526684441,-162.77499522159184
train_00047,train,3,B3,-599.988969833122,-181.08460032846367,-239.16004480965213
train_00047,train,3,B4,600.0328694806385,-181.1225580654626,-239.13424041912816
train_00047,train,3,B5,599.9887436777763,130.13341677918663,270.3035196423084
train_00047,train,3,B6,-600.0500001443773,192.83696833742073,229.74742000832768
train_00047,train,3,C2,1200.029723402947,-158.71104356926256,-57.87563910978602
train_00047,train,3,C3,1390.0306945397099,-152.89869008349143,58.33529314715193
train_00047,train,3,C4,1390.0363120516001,64.70647041439892,-28.758106970801983
train_00047,train,3,C5,1200.1524932818807,-66.21855141841814,32.82696578214472
train_00047,train,3,C6,1390.07688877426,177.97836617954113,51.29271427107494
train_00047,train,3,C7,1390.045467130951,-167.7485334258733,88.10416125265229
train_00047,train,4,A2,-681.0368327036941,231.99801158101096,-185.75444454122908
train_00047,train,4,A3,-673.1706147783179,90.44295437930907,-283.67664589767236
train_00047,train,4,A4,-697.5079337470194,-121.73190999461288,-269.8378932625105
train_00047,train,4,A5,-624.5161754147982,52.96369441181713,295.099543568479
train_00047,train,4,B2,-600.035684049478,-252.04478345607444,-162.7678017568829
train_00047,train,4,B3,-599.9662411163396,-181.17238649856216,-239.04674381240258
train_00047,train,4,B4,600.0117426985757,-181.25560068130903,-239.05639721425422
train_00047,train,4,B5,600.0111263433877,130.09796564409385,270.36149948264887
train_00047,train,4,B6,-599.981064714175,192.77532926351526,229.80693654661476
train_00047,train,4,C2,1200.0662647417635,-158.8409623323208,-57.79087512868521
train_00047,train,4,C3,1389.976112079089,-153.04195227977056,58.45373505352681
train_00047,train,4,C4,1390.0149341568226,64.57700908979929,-28.721555935031457
train_00047,train,4,C5,1200.0190410332975,-66.31293635964127,32.931721773897664
train_00047,train,4,C6,1390.0624497669053,177.88398014678722,51.30167067904511
train_00047,train,4,C7,1390.0317904297094,-167.93103680509952,88.19965301658247
train_00048,train,0,A2,-1290.4354231611724,630.0980494446716,-47.24798895992724
train_00048,train,0,A3,-1264.7759238033404,532.6231837957341,-186.9992509444221
train_00048,train,0,A4,-1266.0741283936288,327.4712315258043,-247.9461583816676
train_00048,train,0,A5,-1226.3601216913526,301.826585365734,345.95600926861664
train_00048,train,0,B2,-437.21602434496236,181.27531282616235,-412.14670390093767
train_00048,train,0,B3,-400.6677823519206,248.86400748140213,-482.5049114840656
train_00048,train,0,B4,717.705709209253,-126.65738024095772,-262.5195914500312
train_00048,train,0,B5,714.1293337236352,167.25340874051327,257.1350098484816
train_00048,train,0,B6,-377.1001920942346,602.4220309565512,1.418342940074206
train_00048,train,0,C2,1123.1680057360259,-94.26172207412034,157.78350419773142
train_00048,train,0,C3,1296.0897014652005,-165.29062946391392,279.06155462523867
train_00048,train,0,C4,1375.5496000835765,46.169377611870516,216.44374845052485
train_00048,train,0,C5,1148.8694742415014,-16.44659650974363,258.12634988090196
train_00048,train,0,C6,1408.9357285555848,144.4540700158145,308.44073466619403
train_00048,train,0,C7,1289.1429181329715,-181.9863809705514,306.9329081986353
train_00048,train,1,A2,-931.1184221171845,232.10767574514801,-185.75108091810824
train_00048,train,1,A3,-923.2958421358795,90.47554785673482,-283.6553037447939
train_00048,train,1,A4,-947.5609442595709,-121.70342333780252,-269.80311692728435
train_00048,train,1,A5,-874.5101130879586,53.04423165752808,295.06132919162593
train_00048,train,1,B2,-600.0550422595197,-252.01584974170618,-162.77934040942853
train_00048,train,1,B3,-600.009969235642,-181.1578610339794,-239.1171693399792
train_00048,train,1,B4,599.9867383103245,-181.1619366323109,-239.1526468622992
train_00048,train,1,B5,600.0742632829783,130.16638644867606,270.27040553801714
train_00048,train,1,B6,-599.9909509890352,192.81411281131955,229.7843152845422
train_00048,train,1,C2,1449.9603553134993,-158.80093893084606,-57.82088242305467
train_00048,train,1,C3,1640.0536599675468,-152.91729721032254,58.423642956848234
train_00048,train,1,C4,1639.9319585852809,64.6398510925099,-28.71271367412039
train_00048,train,1,C5,1449.9853011861785,-66.27116125451907,32.91043347500498
train_00048,train,1,C6,1639.939680120307,178.02600886109465,51.32639477329712
train_00048,train,1,C7,1640.0457702886451,-167.88069136206096,88.13507219277567
train_00048,train,2,A2,-681.1268548431741,231.99206736041901,-185.92410477887117
train_00048,train,2,A3,-673.3074538706935,90.41875761466913,-283.7385596740608
train_00048,train,2,A4,-697.5721165254768,-121.70053250303302,-269.8340337699278
train_00048,train,2,A5,-624.4134320592595,52.99579994668617,295.0199635488972
train_00048,train,2,B2,-600.0337990395186,-251.97980479365356,-162.71541507466753
train_00048,train,2,B3,-600.0271996618172,-181.16399644623147,-239.1359413048179
train_00048,train,2,B4,599.9271858218128,-181.22297580502124,-239.12657082081378
train_00048,train,2,B5,599.96345773002,130.1378594254495,270.2602961772172
train_00048,train,2,B6,-600.0121847791742,192.85491279882206,229.81550170157252
train_00048,train,2,C2,1449.9694972582106,-158.76586771875733,-57.82431153474405
train_00048,train,2,C3,1639.997284002335,-152.91328276072633,58.43627307484341
train_00048,train,2,C4,1639.9473277521888,64.67604428319014,-28.67554222796296
train_00048,train,2,C5,1450.0000704009854,-66.283398411984,32.956195959123214
train_00048,train,2,C6,1639.9714682141275,177.95967814647145,51.35089735476341
train_00048,train,2,C7,1639.9967319791465,-167.8974143071163,88.18490460294022
train_00048,train,3,A2,-681.0926056000698,231.99102382316747,-185.82437629853564
train_00048,train,3,A3,-673.278946064237,90.4257095562839,-283.6839490891986
train_00048,train,3,A4,-697.538683255686,-121.76664607307588,-269.8030905449588
train_00048,train,3,A5,-624.4520073714277,52.99131516522546,294.9901891046068
train_00048,train,3,B2,-600.011415066039,-252.00454336603048,-162.7214703703023
train_00048,train,3,B3,-600.0503660395727,-181.1315400686877,-239.0931802879034
train_00048,train,3,B4,599.937409329612,-181.13947223455924,-239.1631838785021
train_00048,train,3,B5,600.0670535080976,130.21669440134667,270.2689935102485
train_00048,train,3,B6,-600.0096427029589,192.87443493192404,229.82664842123063
train_00048,train,3,C2,1199.9706985516102,-158.62425456783862,-57.86308886814728
train_00048,train,3,C3,1389.9603716230515,-152.8346619555169,58.41075209851932
train_00048,train,3,C4,1389.8905086476193,64.71927789284987,-28.711704894912675
train_00048,train,3,C5,1199.8942862039855,-66.15570353344202,32.81612125797544
train_00048,train,3,C6,1389.8947264506432,178.04618742080254,51.23769741032598
train_00048,train,3,C7,1389.9064618804719,-167.79876204689944,88.15806816070629
train_00048,train,4,A2,-680.997972491188,231.99628867322062,-185.8247193765071
train_00048,train,4,A3,-673.18630435119,90.46017157518189,-283.707964107813
train_00048,train,4,A4,-697.4746856714193,-121.69374584075562,-269.9065749210397
train_00048,train,4,A5,-624.4255902529535,52.891895456534755,295.08208889616577
train_00048,train,4,B2,-600.0344912495999,-252.0324556210243,-162.79195686599388
train_00048,train,4,B3,-599.9639307611668,-181.1208840937507,-239.1115857312579
train_00048,train,4,B4,600.0216781318001,-181.16806310334692,-239.11699353958693
train_00048,train,4,B5,600.0474022229071,130.06532833135222,270.2745676397027
train_00048,train,4,B6,-599.93377490685,192.83079876229394,229.83644947785288
train_00048,train,4,C2,1199.9868478824712,-158.68667848517418,-57.82182738074139
train_00048,train,4,C3,1389.9959791320848,-152.91266939902692,58.47212092537792
train_00048,train,4,C4,1389.9273735588058,64.66577444868997,-28.663317349109104
train_00048,train,4,C5,1199.942035000119,-66.22220425067533,32.88182255418057
train_00048,train,4,C6,1389.9184915027386,178.00979144106162,51.4070167913264
train_00048,train,4,C7,1390.0157918350224,-167.7846465948328,88.24909095510588
train_00049,train,0,A2,-883.7725266880185,201.64365546158,-341.3667926592601
train_00049,train,0,A3,-869.3338423133765,99.57630690363906,-479.50886040308706
train_00049,train,0,A4,-877.5284896412725,-107.18478346652667,-533.9888620827417
train_00049,train,0,A5,-796.569900184219,-115.8415251443735,56.14053770498245
train_00049,train,0,B2,-464.9911224052818,-453.7508183279934,-426.15787425095937
train_00049,train,0,B3,-464.6769754394546,-384.09414638737985,-503.74830575525715
train_00049,train,0,B4,734.3419443976168,-423.4474800662619,-534.2603243233528
train_00049,train,0,B5,757.547791866795,-104.42641926277682,-30.13872381627778
train_00049,train,0,B6,-440.373744595533,-3.1652304677739385,-41.0197214531132
train_00049,train,0,C2,1725.594026326462,-113.1581705115765,-247.48597691847516
train_00049,train,0,C3,1879.0786829885128,-171.52378028647604,-96.88549216902192
train_00049,train,0,C4,1973.9552331314624,28.02357229267763,-175.0265008483307
train_00049,train,0,C5,1741.6537859420837,-23.339254634542172,-155.42241700749744
train_00049,train,0,C6,1999.5328773457647,136.72251051575986,-92.81535768230806
train_00049,train,0,C7,1868.0098271552092,-184.23980448140702,-68.13245741416715
train_00049,train,1,A2,-931.1064031584239,232.02240005840403,-185.8611765456783
train_00049,train,1,A3,-923.284434985677,90.44766068142103,-283.61380272252865
train_00049,train,1,A4,-947.4978259070189,-121.80998388275019,-269.809082447925
train_00049,train,1,A5,-874.4323591549188,52.94169527667987,295.06892207110866
train_00049,train,1,B2,-599.9894868860821,-251.95793821467777,-162.76427396749745
train_00049,train,1,B3,-600.0101212582185,-181.12101117198674,-239.11200854671017
train_00049,train,1,B4,600.0025254079262,-181.1071711865577,-239.11839462260969
train_00049,train,1,B5,599.9878250971766,130.14754773741782,270.28692735228634
train_00049,train,1,B6,-600.0646827314195,192.84684094897463,229.7930395168325
train_00049,train,1,C2,1449.9798836627979,-158.72016386294277,-57.922280013335026
train_00049,train,1,C3,1639.9973875936612,-152.95338696699272,58.314865707601854
train_00049,train,1,C4,1640.03891199297,64.6843907494265,-28.7715412300525
train_00049,train,1,C5,1449.9644820850376,-66.23192665957883,32.80434438589256
train_00049,train,1,C6,1640.0146674959099,177.94292855226212,51.3359760503005
train_00049,train,1,C7,1640.0677749665474,-167.9037869239976,88.11905642162041
train_00049,train,2,A2,-681.1577828133367,232.05170462443078,-185.90440894195396
train_00049,train,2,A3,-673.3833822086546,90.53799428908835,-283.69487070322253
train_00049,train,2,A4,-697.6091458545985,-121.70187564347293,-269.8036303197928
train_00049,train,2,A5,-624.5388244398707,53.02486737710192,295.0234560713992
train_00049,train,2,B2,-599.9666004244953,-251.9855659910873,-162.76926940641567
train_00049,train,2,B3,-599.9420931865352,-181.13612334574594,-239.11155057792837
train_00049,train,2,B4,600.0519889344253,-181.02412635089513,-239.0845628121968
train_00049,train,2,B5,600.0129613930777,130.19441892893926,270.3350273769568
train_00049,train,2,B6,-600.0285697236778,192.84285522486678,229.84973955537257
train_00049,train,2,C2,1450.0286157678072,-158.75171282289392,-57.946543458005706
train_00049,train,2,C3,1639.971996153643,-152.94385916027167,58.3468975707562
train_00049,train,2,C4,1640.0060014730245,64.64658931707031,-28.788011956902846
train_00049,train,2,C5,1450.017698561549,-66.30675057927013,32.734632691604425
train_00049,train,2,C6,1639.9805819676087,177.87276584817383,51.25356268250383
train_00049,train,2,C7,1640.015414792054,-167.83216529073303,88.08272510109016
train_00049,train,3,A2,-681.1163415331174,232.09057612537205,-185.77868293094366
train_00049,train,3,A3,-673.3194415165212,90.4680346170278,-283.7448472425519
train_00049,train,3,A4,-697.7027567031678,-121.69280106755014,-269.8197385706027
train_00049,train,3,A5,-624.6043170994274,53.02325836638949,294.97655021732464
train_00049,train,3,B2,-600.000186790929,-251.9673547278362,-162.73685403368702
train_00049,train,3,B3,-600.0034305279943,-181.112605254911,-239.16092433202255
train_00049,train,3,B4,600.0176551695538,-181.12775803899328,-239.0728346361478
train_00049,train,3,B5,599.9726892143058,130.27314483835806,270.37935244036856
train_00049,train,3,B6,-600.0327257538557,192.8759541682191,229.89679743485914
train_00049,train,3,C2,1199.9667374535177,-158.60824073503503,-57.81026057790586
train_00049,train,3,C3,1389.935091948065,-152.80127250086153,58.48205712252536
train_00049,train,3,C4,1390.0377514479549,64.80296738989212,-28.601539574101402
train_00049,train,3,C5,1199.9852579438755,-66.00293028572405,32.98248901094338
train_00049,train,3,C6,1389.9986964988234,178.09856109993922,51.41313987784573
train_00049,train,3,C7,1390.0138654148564,-167.724434009139,88.28313950906937
train_00049,train,4,A2,-680.3593637974033,230.3431777540023,-186.58145471304766
train_00049,train,4,A3,-672.6186240538584,88.77565869720584,-284.460755802745
train_00049,train,4,A4,-696.9714710932451,-123.44074307781382,-270.5563860778451
train_00049,train,4,A5,-623.8964716219533,51.22230702685302,294.32334750515446
train_00049,train,4,B2,-599.3683949328646,-253.73241160578883,-163.52170630042335
train_00049,train,4,B3,-599.3319669528918,-182.8240344018458,-239.87418914000256
train_00049,train,4,B4,600.6606377785723,-182.95818297836323,-239.87250595893948
train_00049,train,4,B5,600.6837055847255,128.38033518076946,269.547301538869
train_00049,train,4,B6,-599.3099772109997,191.1078346936175,229.09023476721205
train_00049,train,4,C2,1200.6155609544492,-160.47300849680286,-58.634036123704874
train_00049,train,4,C3,1390.6214843769346,-154.71439350548224,57.58863533771676
train_00049,train,4,C4,1390.7086717553798,62.95901709157071,-29.41487441283875
train_00049,train,4,C5,1200.685796081106,-68.01598625578796,32.17232490620573
train_00049,train,4,C6,1390.7772693024879,176.18618824512603,50.64745473377427
train_00049,train,4,C7,1390.619956151521,-169.64842911990112,87.44093540395725
train_00050,train,0,A2,-992.0363877182311,127.64573343071281,-505.127564549423
train_00050,train,0,A3,-951.990886093955,-25.397253640217468,-573.5762015797525
train_00050,train,0,A4,-944.2750833624175,-232.83739606719377,-521.5415644039821
train_00050,train,0,A5,-959.6302231482388,47.6464073691818,3.7522465912810614
train_00050,train,0,B2,-299.1584274934301,-34.49320307244127,191.84324845284928
train_00050,train,0,B3,-311.773900659077,37.71868317944779,117.77725730748051
train_00050,train,0,B4,871.2598745951568,37.0744126471649,-83.48212051330229
train_00050,train,0,B5,957.7872576298737,339.0284887073844,424.24131050648054
train_00050,train,0,B6,-231.82655657583143,403.21320451103213,586.6407972653792
train_00050,train,0,C2,1238.895888326394,-493.0568712583434,158.0834289159318
train_00050,train,0,C3,1434.9088553774689,-529.2102726339771,257.9669453263116
train_00050,train,0,C4,1461.2522383257565,-303.9642103682119,198.59525164565073
train_00050,train,0,C5,1258.4287611852264,-414.47266992752515,259.143072134302
train_00050,train,0,C6,1483.229697541511,-203.48444062922061,291.73238678326504
train_00050,train,0,C7,1434.5960903632347,-547.7659644742245,285.58857808785774
train_00050,train,1,A2,-931.0372875381491,232.047560513416,-185.85126309317715
train_00050,train,1,A3,-923.2538528887532,90.48285163268794,-283.6986422625742
train_00050,train,1,A4,-947.4829234613304,-121.60402085397776,-269.8481293280284
train_00050,train,1,A5,-874.4260552726792,53.09129024843731,294.9549455716172
train_00050,train,1,B2,-599.9530990311317,-252.0180648998497,-162.80053394445923
train_00050,train,1,B3,-599.9314135378373,-181.15100465079797,-239.22654759379708
train_00050,train,1,B4,600.0106418510176,-181.09087763341225,-239.15924983013056
train_00050,train,1,B5,600.0013118580786,130.16382760139837,270.31664298093256
train_00050,train,1,B6,-600.0176371507306,192.801395157145,229.74161124180492
train_00050,train,1,C2,1449.9484580045773,-158.7483285014108,-57.88822564195484
train_00050,train,1,C3,1640.0840782710702,-152.89387829277467,58.394929015936135
train_00050,train,1,C4,1640.0466296916152,64.71333621788156,-28.624329519676735
train_00050,train,1,C5,1450.0199748586667,-66.17900072963626,32.844875532180005
train_00050,train,1,C6,1639.9922041510454,178.00892061479487,51.41513425548462
train_00050,train,1,C7,1639.9983080143784,-167.79546417686512,88.17976826617654
train_00050,train,2,A2,-679.547002462572,231.2220258142233,-187.02325990074166
train_00050,train,2,A3,-671.7835705348675,89.61655877294133,-284.8849397194553
train_00050,train,2,A4,-696.0755039358367,-122.44670930232523,-271.04670647887923
train_00050,train,2,A5,-622.9907793227366,52.09942800660199,293.86054164504714
train_00050,train,2,B2,-599.9576167370479,-252.03537696347786,-162.79532273385917
train_00050,train,2,B3,-599.95602403137,-181.16204616313075,-239.21365648543573
train_00050,train,2,B4,599.9889660996774,-181.05047055750381,-239.14855509606224
train_00050,train,2,B5,599.9761505987178,130.2144628881227,270.27425553107935
train_00050,train,2,B6,-599.9743606310315,192.80044800073148,229.8017440401748
train_00050,train,2,C2,1450.0409571942469,-158.6780556942107,-57.88134457352953
train_00050,train,2,C3,1640.0158967359412,-152.85368792409196,58.42420416389114
train_00050,train,2,C4,1639.947371960849,64.7772114362902,-28.62971075797038
train_00050,train,2,C5,1450.0084743859877,-66.24030098722446,32.85369567086432
train_00050,train,2,C6,1640.0178096826648,178.0539574718813,51.392871967331885
train_00050,train,2,C7,1640.061642569813,-167.72396857945378,88.21671913352927
train_00050,train,3,A2,-679.5394018212584,231.23134992556248,-187.01204080564762
train_00050,train,3,A3,-671.8024234328135,89.55978739177883,-284.89516557881416
train_00050,train,3,A4,-696.0101381262704,-122.59020261902432,-271.0370125507474
train_00050,train,3,A5,-622.9649648322381,52.14314916642631,293.7765984878991
train_00050,train,3,B2,-600.0034720047267,-252.0386386363984,-162.75889555106966
train_00050,train,3,B3,-599.9971766084977,-181.1702430119489,-239.20667101288967
train_00050,train,3,B4,600.0633070376556,-181.11558908611448,-239.18749617329607
train_00050,train,3,B5,600.0491199938473,130.21241432515544,270.31845043485055
train_00050,train,3,B6,-599.9820347339096,192.78431969143395,229.81876041962627
train_00050,train,3,C2,1200.092872679002,-158.4730642041938,-57.897718798085954
train_00050,train,3,C3,1390.0426953135793,-152.6805052965266,58.334334688042425
train_00050,train,3,C4,1390.051679509121,64.90513583015698,-28.721134466249456
train_00050,train,3,C5,1200.131190020151,-66.03850855721186,32.803900849346725
train_00050,train,3,C6,1390.0549534439583,178.22014912268162,51.29353717261747
train_00050,train,3,C7,1390.0901873950822,-167.6440352040464,88.13225744347031
train_00050,train,4,A2,-680.0084472800468,231.63828692140825,-186.30947151785932
train_00050,train,4,A3,-672.2618498478049,90.12400930742764,-284.1882998657052
train_00050,train,4,A4,-696.5993878385088,-122.03708471841355,-270.4821799937075
train_00050,train,4,A5,-623.3022185561355,52.36347251275179,294.4949305870596
train_00050,train,4,B2,-600.4908176591958,-251.57309383977528,-162.2218910628859
train_00050,train,4,B3,-600.5368998801121,-180.75575121406027,-238.56823633204345
train_00050,train,4,B4,599.4331458130791,-180.983672782153,-239.01698482897817
train_00050,train,4,B5,599.6831087561615,130.1445384080142,270.65211788459897
train_00050,train,4,B6,-600.316106729542,193.1024829426381,230.51110254108505
train_00050,train,4,C2,1199.5940926091337,-158.6619224260635,-57.93145203903325
train_00050,train,4,C3,1389.6175112051417,-152.91869869712377,58.29355041174158
train_00050,train,4,C4,1389.6679751452057,64.73055106981313,-28.703397446356735
train_00050,train,4,C5,1199.6642808863169,-66.04900507923404,32.80508557082367
train_00050,train,4,C6,1389.6606538417118,178.05072651156726,51.369518197126155
train_00050,train,4,C7,1389.6338123473688,-167.85171460681588,88.00277964727319
train_00051,train,0,A2,-1264.5747274299313,140.278316217916,-399.79326458270094
train_00051,train,0,A3,-1195.9960616268488,17.43976689455196,-499.389604673731
train_00051,train,0,A4,-1156.812458302173,-192.96114722424466,-499.0982924821018
train_00051,train,0,A5,-1247.254869503111,-61.72976560095901,74.97132209070968
train_00051,train,0,B2,-540.7236151436442,-492.4348116361736,-154.83337782451463
train_00051,train,0,B3,-542.0054598678046,-420.1451262777717,-229.96412049324582
train_00051,train,0,B4,657.8126797044722,-421.9195554334946,-251.74732067227885
train_00051,train,0,B5,667.6503008077431,-120.04472601405509,263.19813017016486
train_00051,train,0,B6,-532.8305642913732,-54.8580211503723,245.7752570820921
train_00051,train,0,C2,1631.7312205126861,197.9051811518266,-389.4150062321138
train_00051,train,0,C3,1823.4188613529052,250.3282608764927,-288.63841658261356
train_00051,train,0,C4,1754.9748797924326,463.6280120564503,-357.2620595378556
train_00051,train,0,C5,1615.3644366805136,281.3834566672638,-291.6178396910647
train_00051,train,0,C6,1731.8125943552056,567.678716445582,-268.31806302010415
train_00051,train,0,C7,1830.5724903420303,234.3125907316142,-260.38841552757225
train_00051,train,1,A2,-931.1002299255346,231.98335098869032,-185.83626719015066
train_00051,train,1,A3,-923.2920560941935,90.40942338315368,-283.66341793071837
train_00051,train,1,A4,-947.4800367176166,-121.79503196714602,-269.89167094386903
train_00051,train,1,A5,-874.4052441077948,52.942550899869154,295.04985166058066
train_00051,train,1,B2,-600.0016021988596,-251.914333667112,-162.81697033169948
train_00051,train,1,B3,-599.9882090255093,-181.0729469735288,-239.09137890898305
train_00051,train,1,B4,600.0137697500622,-181.18049113088728,-239.1238633367408
train_00051,train,1,B5,600.0306178377796,130.1883907972995,270.3053809747745
train_00051,train,1,B6,-599.9805249775185,192.84530527924764,229.80849605481708
train_00051,train,1,C2,1449.9883450301427,-158.6584933382445,-57.871107096473416
train_00051,train,1,C3,1640.00603394067,-152.952967711036,58.46933240074227
train_00051,train,1,C4,1639.970440321467,64.67077980195019,-28.655350736452256
train_00051,train,1,C5,1449.973465065068,-66.23140363493748,32.85210334226156
train_00051,train,1,C6,1639.9725549646614,177.93145758193143,51.34354265290511
train_00051,train,1,C7,1640.011165045977,-167.8788733253337,88.17803682338607
train_00051,train,2,A2,-680.9755307740794,232.11352684196353,-185.87968263748553
train_00051,train,2,A3,-673.2443558314069,90.50665638706424,-283.71297722506586
train_00051,train,2,A4,-697.5182138115814,-121.62624166910689,-269.8543310362113
train_00051,train,2,A5,-624.531424261736,53.12245884672514,295.0549907165245
train_00051,train,2,B2,-600.0005996222897,-251.9969891647344,-162.76828429057483
train_00051,train,2,B3,-599.9923495404676,-181.17615709045185,-239.15261212663552
train_00051,train,2,B4,600.0655271365447,-181.21429513477094,-239.1253740053681
train_00051,train,2,B5,600.0431428702037,130.17253188891428,270.325786481899
train_00051,train,2,B6,-599.9963606114791,192.845540957083,229.7729555589211
train_00051,train,2,C2,1449.9536173818674,-158.72485358049855,-57.88830550507458
train_00051,train,2,C3,1639.9957267582438,-152.9644312568251,58.39844351328224
train_00051,train,2,C4,1639.99939489008,64.65272908045091,-28.73928474428533
train_00051,train,2,C5,1450.0265406173241,-66.2349970668427,32.85581083001025
train_00051,train,2,C6,1639.9673566959186,177.92495087387834,51.33336082253242
train_00051,train,2,C7,1640.0110325564556,-167.84436714392615,88.12262060086313
train_00051,train,3,A2,-680.960173290813,232.05859551477337,-185.8389394911029
train_00051,train,3,A3,-673.1992236437486,90.52417157501398,-283.69420122138973
train_00051,train,3,A4,-697.5106744814206,-121.6536452886902,-269.824939882854
train_00051,train,3,A5,-624.4559025196166,53.11609686830284,295.00417150904923
train_00051,train,3,B2,-599.9839659430594,-252.02528228632897,-162.79926590856553
train_00051,train,3,B3,-599.9707954683244,-181.09946595670039,-239.13426174370977
train_00051,train,3,B4,599.997274307566,-181.14603492174547,-239.13616346538328
train_00051,train,3,B5,600.01919962294,130.16149951022064,270.356529611023
train_00051,train,3,B6,-599.9658611604834,192.90040110851464,229.8301602474161
train_00051,train,3,C2,1200.0283866070076,-158.72455256412056,-57.801891533385536
train_00051,train,3,C3,1390.0266102304497,-152.93587287353708,58.46655443096024
train_00051,train,3,C4,1389.9944847551524,64.69186408964192,-28.521776431456978
train_00051,train,3,C5,1199.9700674245316,-66.25370571355403,32.924113145182076
train_00051,train,3,C6,1389.977507683112,178.01458627742915,51.47818243446453
train_00051,train,3,C7,1389.9726423892387,-167.80475229652254,88.3306984031098
train_00051,train,4,A2,-681.0096336940148,232.01319326979194,-185.90027252441647
train_00051,train,4,A3,-673.1822659753097,90.40873096639956,-283.75766761883636
train_00051,train,4,A4,-697.4708132368718,-121.7247664319755,-269.90238663652764
train_00051,train,4,A5,-624.520891248092,53.05631316094418,294.96365567799785
train_00051,train,4,B2,-599.9635373507192,-252.0137511358249,-162.8432757377284
train_00051,train,4,B3,-599.9473237425266,-181.14541480875332,-239.20299318596963
train_00051,train,4,B4,600.0737350406678,-181.18319924464313,-239.14399443735297
train_00051,train,4,B5,600.0761422054055,130.15809150767777,270.34205049148767
train_00051,train,4,B6,-599.9754493345199,192.8705968823828,229.78580022871503
train_00051,train,4,C2,1200.0083644003885,-158.7048705609475,-57.84490216928468
train_00051,train,4,C3,1390.0082258073903,-152.85329689795506,58.515217009068635
train_00051,train,4,C4,1390.0515657748936,64.66164160148777,-28.608227802231948
train_00051,train,4,C5,1199.9955452218426,-66.1907835090554,32.915489252321706
train_00051,train,4,C6,1390.079780653195,178.01552949854684,51.46782772469772
train_00051,train,4,C7,1389.9896768715516,-167.71120282163008,88.28034527093614
train_00052,train,0,A2,-814.3767050749506,370.6919043038745,-15.652430117329166
train_00052,train,0,A3,-793.4495679232161,263.5820087434669,-148.9659015811539
train_00052,train,0,A4,-832.0841528730004,60.98394005321392,-205.9669424946197
train_00052,train,0,A5,-874.0907255035992,54.800887133408054,388.23746560153796
train_00052,train,0,B2,-942.0370236295812,-460.7930168259952,-153.7613338473717
train_00052,train,0,B3,-930.7147643979714,-386.17176990491186,-225.61950958535135
train_00052,train,0,B4,244.03692266117002,-623.114022190802,-286.95646163934333
train_00052,train,0,B5,325.83995886536366,-354.26334973626433,239.73925242616752
train_00052,train,0,B6,-837.9495955179013,-53.21337522580929,264.566880856196
train_00052,train,0,C2,1089.173365277591,-116.56206213475464,40.987560234970225
train_00052,train,0,C3,1286.149399326539,-129.5537569531198,144.37573337803363
train_00052,train,0,C4,1321.0804393382261,63.58448894377396,16.329308082560857
train_00052,train,0,C5,1115.3092831905392,-11.10465832544632,111.64972326898695
train_00052,train,0,C6,1350.4421704543038,187.02300226995888,72.409491385226
train_00052,train,0,C7,1285.895695823795,-138.4185180303637,176.47388007733736
train_00052,train,1,A2,-931.0800942739243,232.013673067638,-185.89396074405798
train_00052,train,1,A3,-923.2679531160744,90.45824364831356,-283.74145565343605
train_00052,train,1,A4,-947.5766613572523,-121.65953183571264,-269.8406028461098
train_00052,train,1,A5,-874.4926375624098,52.92660254976938,294.96584031279366
train_00052,train,1,B2,-599.9516725985293,-252.0017065337761,-162.74572060784072
train_00052,train,1,B3,-599.9534696343934,-181.19106076104327,-239.17567817328484
train_00052,train,1,B4,600.0372553990969,-181.20378558276786,-239.15768286923378
train_00052,train,1,B5,600.0345433328123,130.1779050719765,270.2274105982308
train_00052,train,1,B6,-599.9916005844968,192.78636659516815,229.80694087078626
train_00052,train,1,C2,1449.9296165419073,-158.78445089577414,-57.830239671761106
train_00052,train,1,C3,1639.984788360249,-152.96350358100537,58.51037238073653
train_00052,train,1,C4,1639.9847558565848,64.70108544537443,-28.615224525007118
train_00052,train,1,C5,1449.9540285328264,-66.25107242758133,32.856115138811774
train_00052,train,1,C6,1639.988574460031,177.90378886028415,51.4463676985179
train_00052,train,1,C7,1639.9760194955386,-167.87982228786527,88.21347655388017
train_00052,train,2,A2,-681.0863031311108,231.95312800899882,-185.81987789428402
train_00052,train,2,A3,-673.2659913412152,90.38583090300173,-283.6530446996909
train_00052,train,2,A4,-697.5330915054676,-121.78838053484934,-269.76615003253863
train_00052,train,2,A5,-624.4334505382385,52.96237911527806,295.0738969826629
train_00052,train,2,B2,-600.0122805877091,-251.99292278969688,-162.77939646117855
train_00052,train,2,B3,-600.0067221988539,-181.17901905842862,-239.1115184078056
train_00052,train,2,B4,600.0286736289878,-181.12687708407577,-239.12908717718054
train_00052,train,2,B5,600.0637025165748,130.20594655857707,270.22177218817575
train_00052,train,2,B6,-599.879846619409,192.8481900323145,229.83124406117062
train_00052,train,2,C2,1449.903455141209,-158.68240630978633,-57.813330040163066
train_00052,train,2,C3,1639.9833227762447,-152.95514899672054,58.45787875038319
train_00052,train,2,C4,1639.9867325901125,64.6778773872616,-28.62084479693768
train_00052,train,2,C5,1449.995212281026,-66.16789981005797,32.93168232294424
train_00052,train,2,C6,1640.0128577981395,178.00829964779265,51.370512526585706
train_00052,train,2,C7,1639.9997098427186,-167.88286109101628,88.23137730870408
train_00052,train,3,A2,-681.0646888174927,231.9722641842868,-185.82566257588138
train_00052,train,3,A3,-673.2663942100968,90.35317674018658,-283.6395893019211
train_00052,train,3,A4,-697.5182970918918,-121.78224616500265,-269.7216120255469
train_00052,train,3,A5,-624.4967832108424,53.01254142823124,295.02702351389524
train_00052,train,3,B2,-600.0123550853665,-251.95990155822338,-162.7297275190786
train_00052,train,3,B3,-599.9814694738152,-181.1211089794359,-239.1180621069756
train_00052,train,3,B4,600.0064942951648,-181.1432685363955,-239.1659720264864
train_00052,train,3,B5,600.0597878315626,130.21680800532175,270.2397851150586
train_00052,train,3,B6,-599.9367066971615,192.83293667226383,229.793530830624
train_00052,train,3,C2,1200.0831863918338,-158.81909155519568,-57.8779694210196
train_00052,train,3,C3,1390.0428500549308,-152.99163570136918,58.313401831801244
train_00052,train,3,C4,1390.0530404398996,64.6000427023683,-28.755747575507044
train_00052,train,3,C5,1200.1157795882714,-66.33889737087691,32.86617217145225
train_00052,train,3,C6,1390.0468490061287,177.8704140940156,51.36870839523588
train_00052,train,3,C7,1390.004769951059,-167.91350163566463,88.14869529706193
train_00052,train,4,A2,-681.1548356360954,231.9699927131583,-185.84320325365456
train_00052,train,4,A3,-673.2873091234758,90.34865154171257,-283.68467194501926
train_00052,train,4,A4,-697.5672368425228,-121.80163042498526,-269.7534345800579
train_00052,train,4,A5,-624.5125934606342,52.96966832214318,295.0280602931875
train_00052,train,4,B2,-600.0063905295224,-251.98637388306773,-162.80911245795772
train_00052,train,4,B3,-600.0292519957744,-181.13624186038203,-239.1996886499556
train_00052,train,4,B4,599.9759589295089,-181.0955351334181,-239.1458402919048
train_00052,train,4,B5,599.9360969755429,130.18325580696992,270.2373942924786
train_00052,train,4,B6,-600.0290245743164,192.81107530645406,229.7521506413484
train_00052,train,4,C2,1200.0485018847767,-158.691029932601,-57.9212991774812
train_00052,train,4,C3,1390.0534115842302,-152.87898185174947,58.44185565108382
train_00052,train,4,C4,1390.058176306307,64.69743321882646,-28.647590981179025
train_00052,train,4,C5,1200.0190478401187,-66.26390628189216,32.85695490487974
train_00052,train,4,C6,1390.0030931819078,177.99431886843107,51.40758345475051
train_00052,train,4,C7,1390.0064770679005,-167.84371290790486,88.23597822420388
train_00053,train,0,A2,-994.717476614387,1.9255919361809044,-170.44663719080066
train_00053,train,0,A3,-962.5170109895074,-136.4744375685785,-267.82886797158733
train_00053,train,0,A4,-969.3175581574922,-350.21501580689676,-258.86283565734675
train_00053,train,0,A5,-980.9886562671004,-180.68985218179802,312.12364630583414
train_00053,train,0,B2,-892.3376069184922,-251.47191574205047,-139.42183245739346
train_00053,train,0,B3,-890.7793915084948,-178.2960326552193,-213.46061675675068
train_00053,train,0,B4,306.98728675571436,-241.5298085287652,-250.92081846038087
train_00053,train,0,B5,338.7577126144379,52.367240731676226,267.7735885281106
train_00053,train,0,B6,-856.8756827930225,179.61094325802705,266.6577502745098
train_00053,train,0,C2,1426.1733697265556,-205.1732980822726,-258.19105602573563
train_00053,train,0,C3,1613.750663994348,-204.93460035572855,-137.96362206013754
train_00053,train,0,C4,1620.8357680354995,13.356624093508392,-223.0892790825082
train_00053,train,0,C5,1426.438073605111,-113.45031639249845,-166.70966340712573
train_00053,train,0,C6,1621.7229922934991,125.86679071019898,-141.96751725584235
train_00053,train,0,C7,1612.7621738926355,-220.07734406250145,-108.35170739476973
train_00053,train,1,A2,-931.1376251779853,232.0362090957468,-185.82805216412874
train_00053,train,1,A3,-923.3026903672114,90.458046253656,-283.639020690836
train_00053,train,1,A4,-947.5509285119871,-121.71081898968919,-269.74487489719746
train_00053,train,1,A5,-874.4957303112094,52.965663772892576,295.068537610296
train_00053,train,1,B2,-600.0188152482567,-251.95914024254506,-162.86234498741504
train_00053,train,1,B3,-599.964517749715,-181.14111642345802,-239.14935953704327
train_00053,train,1,B4,600.0047665214913,-181.15936706445535,-239.23204031012014
train_00053,train,1,B5,600.0733013927917,130.15892089328398,270.1992221842331
train_00053,train,1,B6,-599.9554059530319,192.81240990641507,229.75935860176793
train_00053,train,1,C2,1450.0695098632389,-158.59553420173188,-57.77227297324477
train_00053,train,1,C3,1639.9673711190496,-152.76730561592805,58.53127540354412
train_00053,train,1,C4,1639.9980335936414,64.83279012092967,-28.587030121656156
train_00053,train,1,C5,1449.9787551470395,-66.12381648431352,32.941031377648834
train_00053,train,1,C6,1640.0172744454073,178.12384583849746,51.368850740051265
train_00053,train,1,C7,1640.0416566200988,-167.72269478483935,88.27910309245802
train_00053,train,2,A2,-681.0713834844844,231.977756966766,-185.95251194666113
train_00053,train,2,A3,-673.2713096138775,90.44123690551736,-283.75253017664585
train_00053,train,2,A4,-697.6012488985408,-121.74765269488792,-269.91858219520975
train_00053,train,2,A5,-624.4852735143568,53.05358008352873,294.9148561344314
train_00053,train,2,B2,-599.9448076703557,-251.98865636415485,-162.83058687254143
train_00053,train,2,B3,-599.9638479065168,-181.1189616591559,-239.21845711089583
train_00053,train,2,B4,600.0305711098372,-181.17180387590597,-239.22962705721298
train_00053,train,2,B5,600.0662764741814,130.1429854305902,270.2207205519637
train_00053,train,2,B6,-599.9892897245727,192.82137140570146,229.77545628902172
train_00053,train,2,C2,1449.9877598482044,-158.58947739944765,-57.76624884427874
train_00053,train,2,C3,1639.9961256113088,-152.7556714203522,58.486292570649866
train_00053,train,2,C4,1640.0415064367571,64.82609488403274,-28.61109368025327
train_00053,train,2,C5,1449.9786076351177,-66.08777511181782,32.96943520277997
train_00053,train,2,C6,1639.9987250786442,178.18574294712369,51.41036309718519
train_00053,train,2,C7,1639.9641801608568,-167.65638236084,88.34218267795268
train_00053,train,3,A2,-681.020927085074,231.96920302279952,-185.95149119174494
train_00053,train,3,A3,-673.2623505918167,90.47812538046381,-283.7916400816169
train_00053,train,3,A4,-697.5442774955749,-121.76205609454519,-269.91313466344985
train_00053,train,3,A5,-624.4550316106287,53.064246539215446,294.91344045463114
train_00053,train,3,B2,-599.9884744926972,-251.97985540580754,-162.81629748927574
train_00053,train,3,B3,-599.9621798784625,-181.13290458559558,-239.21314923216667
train_00053,train,3,B4,600.0135302312233,-181.1708992426332,-239.2104727358389
train_00053,train,3,B5,600.0963824273215,130.104629086261,270.22066362131187
train_00053,train,3,B6,-599.8846856050877,192.8672381874979,229.80372836754253
train_00053,train,3,C2,1200.872421197272,-160.09897483594196,-59.171941853168136
train_00053,train,3,C3,1390.9173222716174,-154.2920784890752,57.041745783480266
train_00053,train,3,C4,1390.9191335082317,63.284458971842575,-30.040024769799174
train_00053,train,3,C5,1200.9022200357012,-67.56820253593979,31.56264125110757
train_00053,train,3,C6,1390.8898158110399,176.62585233635338,50.03591802118333
train_00053,train,3,C7,1390.886868365671,-169.23491561790496,86.84256634739323
train_00053,train,4,A2,-681.6004593377376,231.8921063567317,-185.91909460910543
train_00053,train,4,A3,-673.6134311979132,90.3113000435273,-283.73945887315836
train_00053,train,4,A4,-697.7066936515563,-121.86166386193952,-269.8508082966543
train_00053,train,4,A5,-625.1594117232315,52.917874947737296,294.99703908283124
train_00053,train,4,B2,-600.1865334867713,-252.0465917432113,-162.7194759799241
train_00053,train,4,B3,-600.1810411462394,-181.1908852444014,-239.008701888396
train_00053,train,4,B4,599.7728765299844,-180.38495391342263,-238.5467040023752
train_00053,train,4,B5,599.3171272188822,130.8760165507438,270.9458280309668
train_00053,train,4,B6,-600.6419634187159,192.74937357937904,229.93686506306466
train_00053,train,4,C2,1200.5978265838519,-158.95800501966994,-58.095373040685054
train_00053,train,4,C3,1390.5269629580391,-152.98685607049944,58.189444598296895
train_00053,train,4,C4,1390.4032122998044,64.60862920625154,-28.85267933539597
train_00053,train,4,C5,1200.5116986143596,-66.51271256072692,32.519329241620596
train_00053,train,4,C6,1390.287441654051,177.8427841110032,51.17093542344706
train_00053,train,4,C7,1390.5410954913698,-167.96489553395344,88.0594956502893
train_00054,train,0,A2,-1024.7321048992399,-71.80227098737205,-397.2764848100137
train_00054,train,0,A3,-1027.3652488918494,-231.45329702246244,-461.87717305905323
train_00054,train,0,A4,-1091.7564486622664,-429.18130112429446,-411.39315053440583
train_00054,train,0,A5,-1078.8942883073264,-143.2300366750506,111.07180786342454
train_00054,train,0,B2,-606.4992300310232,-229.04827808471495,-395.7827145151978
train_00054,train,0,B3,-617.5801865587341,-158.99214645820214,-472.14626528425947
train_00054,train,0,B4,574.4570339310723,-35.423116145533,-532.6319556254883
train_00054,train,0,B5,567.8758368753536,277.2983099331087,-24.033959023329373
train_00054,train,0,B6,-632.6746295009009,215.82401765515567,-4.060482186088741
train_00054,train,0,C2,1120.7848583995083,-195.7901888749951,85.90163524335283
train_00054,train,0,C3,1281.816501137012,-209.2066020630849,239.3822778898326
train_00054,train,0,C4,1315.5384592440864,10.627135065225405,165.40257928594707
train_00054,train,0,C5,1108.044546022586,-106.81041815512918,179.24778243179895
train_00054,train,0,C6,1306.56870363402,120.5971476133814,249.39435839542207
train_00054,train,0,C7,1274.4019305312816,-225.13863627436243,267.6522377852176
train_00054,train,1,A2,-931.0576888950022,231.97006058708007,-185.85729420827911
train_00054,train,1,A3,-923.2701489881654,90.44259342831573,-283.72456954007544
train_00054,train,1,A4,-947.5757344886487,-121.72458902978813,-269.8212047675455
train_00054,train,1,A5,-874.5101966806628,52.966030964584974,294.9666058927229
train_00054,train,1,B2,-599.9916536656973,-252.0365686008905,-162.73550692847058
train_00054,train,1,B3,-599.9942676160096,-181.1654221617875,-239.07972089998458
train_00054,train,1,B4,599.9435044283941,-181.1556517061618,-239.08717621999733
train_00054,train,1,B5,600.0385413944874,130.1791058417073,270.3882581676017
train_00054,train,1,B6,-600.0132232939794,192.83323498458097,229.87875191429708
train_00054,train,1,C2,1451.0628950460195,-158.45621609076295,-55.961491181456644
train_00054,train,1,C3,1641.0439304144682,-152.63392550394377,60.271148878891715
train_00054,train,1,C4,1641.0420144409957,64.98081597206873,-26.685226094745232
train_00054,train,1,C5,1451.0013769651453,-65.91994660754253,34.82348049333456
train_00054,train,1,C6,1641.077486523627,178.2500212274882,53.26890199955731
train_00054,train,1,C7,1641.0463409459408,-167.55477972462813,90.09463225454007
train_00054,train,2,A2,-681.1172297303069,231.90584818175228,-185.78020245691854
train_00054,train,2,A3,-673.3282027763008,90.3487867074213,-283.66101573900903
train_00054,train,2,A4,-697.4965636931379,-121.81873034435017,-269.7860134998505
train_00054,train,2,A5,-624.4997817938,52.89408587889878,295.04470790215294
train_00054,train,2,B2,-599.9949630495588,-252.04868760734897,-162.72770261577242
train_00054,train,2,B3,-599.9945834009334,-181.16301707824954,-239.07450295076345
train_00054,train,2,B4,599.9403405722488,-181.07063793210958,-239.05828774777774
train_00054,train,2,B5,599.9789988759725,130.14420772755227,270.3720021861239
train_00054,train,2,B6,-599.988815024251,192.79628448510542,229.86668276849926
train_00054,train,2,C2,1451.0800501779365,-158.44035303302348,-55.98612235666895
train_00054,train,2,C3,1641.0679784904944,-152.60965303726945,60.31176744058826
train_00054,train,2,C4,1641.0788095646387,64.93481493458712,-26.75834106277112
train_00054,train,2,C5,1451.0883046624278,-65.91331302600187,34.74361696407681
train_00054,train,2,C6,1641.0516309063976,178.23337176042574,53.342071934637445
train_00054,train,2,C7,1641.0686185129202,-167.5586566231648,90.14039478458297
train_00054,train,3,A2,-681.0989966270125,231.92873293730545,-185.85237677497457
train_00054,train,3,A3,-673.3160775624754,90.27677848571766,-283.66133901213556
train_00054,train,3,A4,-697.5198098187476,-121.82248208543761,-269.7791087602195
train_00054,train,3,A5,-624.4963236058908,52.88676588200514,295.0677398692174
train_00054,train,3,B2,-600.0115873683897,-252.01062143212934,-162.78631164308825
train_00054,train,3,B3,-599.9684075402304,-181.1617234096951,-239.11142697032798
train_00054,train,3,B4,600.0308226309639,-181.09627491987516,-239.04620514513982
train_00054,train,3,B5,599.9874454327302,130.1620744225846,270.3468163186993
train_00054,train,3,B6,-600.0601681866651,192.81728348172314,229.9147389681446
train_00054,train,3,C2,1200.0120994687527,-158.69630945078663,-57.72832360684711
train_00054,train,3,C3,1389.9440718716944,-152.85499229244894,58.50916804441001
train_00054,train,3,C4,1389.9273637217075,64.6943586484719,-28.520599367657137
train_00054,train,3,C5,1200.0003905563854,-66.26562376394628,32.97638751933562
train_00054,train,3,C6,1389.8913333739029,178.01365051067563,51.53460050443487
train_00054,train,3,C7,1389.98031129005,-167.77828919443655,88.29940276508297
train_00054,train,4,A2,-681.080721692932,231.96145155554603,-185.82370111956908
train_00054,train,4,A3,-673.2979123516245,90.45611665042819,-283.6570179398103
train_00054,train,4,A4,-697.5486300913414,-121.7297485174067,-269.81164982703694
train_00054,train,4,A5,-624.4409619622078,52.94938692263692,295.04769139061904
train_00054,train,4,B2,-600.0185051188872,-251.96959076755408,-162.81049282612295
train_00054,train,4,B3,-599.9964758731168,-181.10418187246984,-239.1622534109267
train_00054,train,4,B4,599.9877294009672,-181.19235058837103,-239.19148740406243
train_00054,train,4,B5,599.9950595826228,130.20547683677307,270.26761581337496
train_00054,train,4,B6,-599.9520964582038,192.8892369414843,229.83187958188324
train_00054,train,4,C2,1199.9579136276352,-158.71927406992128,-57.78368506856299
train_00054,train,4,C3,1390.0035910384024,-152.89929054491424,58.36240187609356
train_00054,train,4,C4,1389.960841010802,64.70465106518542,-28.650880284103234
train_00054,train,4,C5,1200.0252455394213,-66.22328486045282,32.89842660636778
train_00054,train,4,C6,1389.9480133645577,177.9363435020483,51.40317769554544
train_00054,train,4,C7,1390.0117967286683,-167.8572691507608,88.23636787915541
train_00055,train,0,A2,-850.9041831916982,507.7669119332787,38.29436839181662
train_00055,train,0,A3,-798.7907463095678,387.36982828252985,-73.3650953778324
train_00055,train,0,A4,-776.8763901427704,175.07759653156867,-89.27146217123978
train_00055,train,0,A5,-820.7273587222991,272.4956699164128,496.73453054885556
train_00055,train,0,B2,-273.67721078190385,-115.6104680359307,138.02664290755212
train_00055,train,0,B3,-271.18015786401276,-47.182381387711935,59.48968225739998
train_00055,train,0,B4,926.8112588653449,-17.682819795403308,123.30431129487724
train_00055,train,0,B5,892.2143052662043,309.264908648146,621.6261492062138
train_00055,train,0,B6,-304.944810988041,341.13853278988097,515.4190165498308
train_00055,train,0,C2,1525.4833187339257,-350.57573476735536,-340.53398268180734
train_00055,train,0,C3,1712.8409878662585,-333.7796709605958,-221.0145066807147
train_00055,train,0,C4,1739.2673514277847,-148.9502514362965,-362.69107185664234
train_00055,train,0,C5,1534.5155542826433,-237.58437273639635,-277.7066120782131
train_00055,train,0,C6,1750.8467345618237,-18.917112791553766,-315.6965951002309
train_00055,train,0,C7,1710.5929699925234,-340.0097445891591,-188.36616973035277
train_00055,train,1,A2,-931.074200427477,231.94263913060857,-185.841723028483
train_00055,train,1,A3,-923.3094680225216,90.37302404156914,-283.6158388705573
train_00055,train,1,A4,-947.5196796385238,-121.79732295694016,-269.80084896844386
train_00055,train,1,A5,-874.4702567780704,52.90929281366195,295.06631980237586
train_00055,train,1,B2,-599.9915791080848,-252.06891370393467,-162.83748377410868
train_00055,train,1,B3,-599.9913174813088,-181.19396032614705,-239.13809446505726
train_00055,train,1,B4,600.0411015335974,-181.1232067634829,-239.07713531808275
train_00055,train,1,B5,600.0010037560097,130.16841594970958,270.40364340178377
train_00055,train,1,B6,-599.9671898099929,192.75424083053645,229.79795627162514
train_00055,train,1,C2,1449.9345419038095,-158.79244894223527,-57.85367818261655
train_00055,train,1,C3,1639.9877727408314,-152.95725014994292,58.34727883000323
train_00055,train,1,C4,1639.9914506986875,64.60333508267857,-28.763312851907784
train_00055,train,1,C5,1449.999894635633,-66.27632276637826,32.89529500133726
train_00055,train,1,C6,1640.0144395950215,177.91632378091222,51.30586382076687
train_00055,train,1,C7,1639.9269070278463,-167.93880894878026,88.19856897771822
train_00055,train,2,A2,-681.0662438327579,231.9607601876155,-185.86363172536792
train_00055,train,2,A3,-673.3111518872355,90.37799022407431,-283.7722973023547
train_00055,train,2,A4,-697.5199881489747,-121.82560478532429,-269.94387322795245
train_00055,train,2,A5,-624.4070582974413,52.8449400445837,295.0260048042821
train_00055,train,2,B2,-599.9455679133105,-252.05856709438655,-162.78804973735805
train_00055,train,2,B3,-599.9413750423768,-181.18374249762638,-239.12691886441328
train_00055,train,2,B4,600.0136502063307,-181.1024798136624,-239.12113249887753
train_00055,train,2,B5,600.0377018528313,130.13470250775492,270.34811021663927
train_00055,train,2,B6,-600.0183796599828,192.81951471502052,229.78847645437085
train_00055,train,2,C2,1450.0293536249928,-158.7809783163455,-57.914308572268205
train_00055,train,2,C3,1639.9816674100434,-152.99008055812487,58.35127970920256
train_00055,train,2,C4,1640.0559427604067,64.58942691105169,-28.691749967294676
train_00055,train,2,C5,1449.9779167632696,-66.28998767137155,32.86125332048884
train_00055,train,2,C6,1640.0362013826407,177.92370980594376,51.30234219228332
train_00055,train,2,C7,1639.9822858894445,-167.83296922519068,88.1848678385461
train_00055,train,3,A2,-681.0757869161372,231.90357724498742,-185.90653684253627
train_00055,train,3,A3,-673.3002230505717,90.37945954035688,-283.7803486119685
train_00055,train,3,A4,-697.4747637262689,-121.85078383274177,-269.8746247950364
train_00055,train,3,A5,-624.5035253893575,52.8294806990049,294.99452287425936
train_00055,train,3,B2,-599.9766989211964,-252.0169642974719,-162.7452749978752
train_00055,train,3,B3,-600.0066005829569,-181.13546176929606,-239.1437067496786
train_00055,train,3,B4,600.07502455289,-181.0997708413665,-239.12441100673314
train_00055,train,3,B5,599.9839304085934,130.1423690364655,270.29889488672586
train_00055,train,3,B6,-600.004610358025,192.79567790991547,229.81947902035955
train_00055,train,3,C2,1200.0116861233898,-158.75012131986932,-57.835094534248604
train_00055,train,3,C3,1389.9667642752313,-152.95635861928957,58.3906669727884
train_00055,train,3,C4,1389.976565806022,64.63723789544147,-28.748347711505364
train_00055,train,3,C5,1199.9788506098707,-66.24850436134545,32.923792961939846
train_00055,train,3,C6,1390.0486252782498,177.960305939382,51.38118131639334
train_00055,train,3,C7,1389.9987972069964,-167.85539627980458,88.25045174395943
train_00055,train,4,A2,-681.0350844253502,231.89303600796327,-185.87519661935139
train_00055,train,4,A3,-673.2635089935086,90.38735685224954,-283.7353191823383
train_00055,train,4,A4,-697.5322659409749,-121.82036991704115,-269.85480795419653
train_00055,train,4,A5,-624.4790094158469,52.88997301113196,294.9903327580202
train_00055,train,4,B2,-599.9329774603584,-252.04369869114979,-162.7612447564793
train_00055,train,4,B3,-599.854427197395,-181.12900057604818,-239.1318267197038
train_00055,train,4,B4,600.0702381415036,-181.18952811262602,-239.00257546995115
train_00055,train,4,B5,600.0633037227194,130.1563283399495,270.4100840236624
train_00055,train,4,B6,-599.9688562481352,192.77090859909583,229.8388028507278
train_00055,train,4,C2,1200.0523901316212,-158.73269203728802,-57.73529592276792
train_00055,train,4,C3,1389.988202132381,-152.90738424272345,58.42007717171286
train_00055,train,4,C4,1389.9997482545923,64.6771050411124,-28.589672378843993
train_00055,train,4,C5,1200.0236817983343,-66.3018051567999,32.978820965073105
train_00055,train,4,C6,1390.0286542293563,177.91408430769147,51.43243896943158
train_00055,train,4,C7,1390.0457024446323,-167.79552214041573,88.20343840212882
train_00056,train,0,A2,-589.4317206866185,56.43254109682829,-362.0788118415103
train_00056,train,0,A3,-640.8533226303349,-64.55967072976368,-473.4993876313888
train_00056,train,0,A4,-745.3104695106102,-251.2279635682267,-478.33701228586705
train_00056,train,0,A5,-589.9432343954229,-186.89123744985105,93.20103317096842
train_00056,train,0,B2,-415.3767448218834,-175.32811711458592,-246.69344213868678
train_00056,train,0,B3,-416.0450795518425,-115.09466804578388,-331.68608934090526
train_00056,train,0,B4,783.0760415963597,-148.901196488566,-364.2786295011305
train_00056,train,0,B5,806.1849817173922,226.39767160825068,99.54711013991698
train_00056,train,0,B6,-392.6527699077021,317.0001622584164,83.64429653026762
train_00056,train,0,C2,1761.3613568865273,-177.2057039751081,-191.8617464050551
train_00056,train,0,C3,1946.0738775402083,-177.70489886626066,-67.18131845790238
train_00056,train,0,C4,1949.0835706987007,44.37960570451716,-141.88886288028579
train_00056,train,0,C5,1756.9790295920916,-89.93807432559824,-96.25828073158554
train_00056,train,0,C6,1945.1854574063566,153.00406668095633,-55.82634491493576
train_00056,train,0,C7,1944.7333388183758,-194.3137858507851,-38.32337188617585
train_00056,train,1,A2,-931.1483230770241,231.95201314069442,-185.791650521456
train_00056,train,1,A3,-923.3397709762972,90.36236445822756,-283.6018793376538
train_00056,train,1,A4,-947.597071045979,-121.79396670265017,-269.7369944347452
train_00056,train,1,A5,-874.4262484801193,52.988344656790964,295.1819546355441
train_00056,train,1,B2,-600.0311851088383,-251.99783686224066,-162.7531574794227
train_00056,train,1,B3,-600.0011479287242,-181.0892249186849,-239.12234783615742
train_00056,train,1,B4,599.988856570876,-181.103001544209,-239.13818485154948
train_00056,train,1,B5,599.9955963554069,130.21649160271795,270.3568941647676
train_00056,train,1,B6,-600.0393508143383,192.8470541697571,229.8582831591812
train_00056,train,1,C2,1450.001255922885,-158.86628766671407,-57.884773134236134
train_00056,train,1,C3,1639.9944061008998,-153.0661716007196,58.410532815030386
train_00056,train,1,C4,1640.1137377245386,64.44599671623934,-28.663646687866375
train_00056,train,1,C5,1450.0446842933923,-66.32984442185004,32.811534611248355
train_00056,train,1,C6,1640.0516633813158,177.76074238702859,51.33644254682712
train_00056,train,1,C7,1640.056391382296,-168.02946329796404,88.19091534418835
train_00056,train,2,A2,-679.1434264710132,232.10273221853785,-185.8734888133126
train_00056,train,2,A3,-671.3006055048274,90.4783937473769,-283.7436245052869
train_00056,train,2,A4,-695.5152095618754,-121.63075521550726,-269.89495744590465
train_00056,train,2,A5,-622.5577364549522,53.04640538693593,294.94636985673685
train_00056,train,2,B2,-600.0063783766184,-252.01057349739904,-162.76503425389157
train_00056,train,2,B3,-600.0219464017295,-181.1466549380831,-239.11967178269714
train_00056,train,2,B4,599.936611065407,-181.10703619592667,-239.12142879571695
train_00056,train,2,B5,599.9746607854955,130.2125576017527,270.34992399769135
train_00056,train,2,B6,-600.0462349745037,192.83184677233044,229.8554070847105
train_00056,train,2,C2,1450.0214803858603,-158.93539034499125,-57.8823120704717
train_00056,train,2,C3,1640.0545116076864,-153.15819681444896,58.377157206604984
train_00056,train,2,C4,1640.0570373625546,64.49546857523914,-28.706768613087515
train_00056,train,2,C5,1450.0007793685695,-66.39392493349621,32.764216584636905
train_00056,train,2,C6,1640.063415082955,177.77347738104103,51.35142078592085
train_00056,train,2,C7,1639.995743607548,-168.006963760202,88.14776693536149
train_00056,train,3,A2,-679.1477749896865,232.1103805181752,-185.88203398374822
train_00056,train,3,A3,-671.2661797572472,90.52856069520925,-283.75482863666656
train_00056,train,3,A4,-695.5514788809095,-121.60193893922728,-269.8990056893325
train_00056,train,3,A5,-622.5854464472391,53.0564257089255,294.92778460910984
train_00056,train,3,B2,-599.9770256128494,-252.0092084258595,-162.84663794635097
train_00056,train,3,B3,-600.0229073410507,-181.09293435363827,-239.11696216735973
train_00056,train,3,B4,599.9623524817092,-181.09965072140355,-239.12094952869958
train_00056,train,3,B5,600.0396897361854,130.2510774051009,270.3559202373654
train_00056,train,3,B6,-600.0709831365814,192.876958596411,229.86129066237797
train_00056,train,3,C2,1199.9868718253294,-158.5683696200575,-57.81322922734107
train_00056,train,3,C3,1390.041399018568,-152.7815859519512,58.49643344209503
train_00056,train,3,C4,1390.0182179546318,64.78831249728114,-28.61961607239243
train_00056,train,3,C5,1199.9422182532694,-66.06588722834421,32.902139722077365
train_00056,train,3,C6,1390.0206423008408,178.143260947172,51.307105319665055
train_00056,train,3,C7,1389.9677116750443,-167.71878975236368,88.19295766294182
train_00056,train,4,A2,-679.6653852082055,231.91582766748894,-185.78696183647963
train_00056,train,4,A3,-671.8352128235061,90.34731062529363,-283.6945658925544
train_00056,train,4,A4,-696.0603174310576,-121.77623108864371,-269.895288719353
train_00056,train,4,A5,-623.0542192488343,52.84989357617043,295.07085301578445
train_00056,train,4,B2,-600.5336711222202,-252.14885746548305,-162.65204530598268
train_00056,train,4,B3,-600.548768549591,-181.24380735911626,-239.01492146856427
train_00056,train,4,B4,599.4189469362113,-181.14442267525595,-239.15657857200225
train_00056,train,4,B5,599.4628466537033,130.06367752072168,270.2838623128544
train_00056,train,4,B6,-600.5639550273248,192.68042780803268,229.9479802181125
train_00056,train,4,C2,1199.4713263762333,-158.6490210875797,-57.89917553085595
train_00056,train,4,C3,1389.45000079754,-152.8366309064794,58.37579723238266
train_00056,train,4,C4,1389.4183237993354,64.77194204255545,-28.691933300586637
train_00056,train,4,C5,1199.393421737764,-66.17925900302376,32.839131165643785
train_00056,train,4,C6,1389.4326100228022,178.06184155949515,51.28235508691903
train_00056,train,4,C7,1389.4543594238537,-167.68882211499718,88.17815025238983
train_00057,train,0,A2,-639.3742355394402,209.33819856815455,-455.53841124150085
train_00057,train,0,A3,-621.155143749985,56.14001965972242,-532.3056066809237
train_00057,train,0,A4,-658.6424726321547,-151.5910376083052,-497.6811022439119
train_00057,train,0,A5,-681.6396165741323,92.10449450656031,45.42994526654386
train_00057,train,0,B2,-504.80011715006384,-304.46744680976997,-328.31959614810626
train_00057,train,0,B3,-506.5530624413377,-232.92052609374576,-403.9954681309585
train_00057,train,0,B4,692.6332176292278,-249.4136470650756,-446.84009490387393
train_00057,train,0,B5,715.072794057861,57.02100298081728,65.07858128949455
train_00057,train,0,B6,-484.58010644131025,136.5774694069395,67.9561410419937
train_00057,train,0,C2,1633.2776784896857,43.680583333505574,-265.6546380194989
train_00057,train,0,C3,1782.6886449162769,-6.6596190179145776,-108.26860351170764
train_00057,train,0,C4,1864.2920096710145,202.7161129237767,-174.98247062422314
train_00057,train,0,C5,1636.5018323836866,131.3289929155822,-170.26174010033327
train_00057,train,0,C6,1875.8671581825295,310.339655850213,-88.23216194633154
train_00057,train,0,C7,1771.2386865879307,-21.310066948119022,-80.58047451481593
train_00057,train,1,A2,-931.1426047276757,231.9921052655341,-185.88457705662438
train_00057,train,1,A3,-923.323854198736,90.454279405437,-283.72042747946085
train_00057,train,1,A4,-947.6170370895879,-121.75510150465536,-269.89075412792045
train_00057,train,1,A5,-874.5309831786423,52.96849969465489,294.96388889311015
train_00057,train,1,B2,-599.9147332333417,-252.06714172543613,-162.75056820141273
train_00057,train,1,B3,-599.9885777385073,-181.15148903178198,-239.12921358199497
train_00057,train,1,B4,600.0410376453269,-181.15630694538964,-239.10004155910573
train_00057,train,1,B5,600.0320254271037,130.16302128668278,270.2531976243116
train_00057,train,1,B6,-600.0173419803567,192.89445769339287,229.8221972000695
train_00057,train,1,C2,1449.9476338276097,-158.75614901799852,-57.85281777125566
train_00057,train,1,C3,1640.0139233338919,-152.91556271773723,58.44054359903461
train_00057,train,1,C4,1639.9754792956535,64.63607803831545,-28.707260336509147
train_00057,train,1,C5,1450.0139934770614,-66.29850602867087,32.90160979634511
train_00057,train,1,C6,1639.9533658120433,177.90436024595456,51.37336333552594
train_00057,train,1,C7,1639.9707451107192,-167.9211728221079,88.20571296794745
train_00057,train,2,A2,-681.0722552453894,231.8787701977673,-185.8116405714729
train_00057,train,2,A3,-673.3457274971847,90.27897379670152,-283.6614634438552
train_00057,train,2,A4,-697.6208959310285,-121.82417865405633,-269.72287886204947
train_00057,train,2,A5,-624.5324377008608,52.91628373033263,295.04571864020807
train_00057,train,2,B2,-600.0038887321285,-251.97159923311278,-162.6851145518227
train_00057,train,2,B3,-600.0356316689881,-181.14794158207692,-239.078248501897
train_00057,train,2,B4,600.0259946200039,-181.18578367907725,-239.1019739222567
train_00057,train,2,B5,600.0363352613166,130.13917824957602,270.21845027070367
train_00057,train,2,B6,-599.9939319541879,192.9184588715516,229.8320296871862
train_00057,train,2,C2,1449.97905871635,-158.7310697069054,-57.85779460991014
train_00057,train,2,C3,1640.0127289659895,-152.97959653789167,58.403167506525556
train_00057,train,2,C4,1639.9940987713155,64.67265089727763,-28.665071060344076
train_00057,train,2,C5,1449.9264546066017,-66.29281779826486,32.79102543138546
train_00057,train,2,C6,1639.9744839046762,178.00284818078939,51.39956141077494
train_00057,train,2,C7,1639.9501895905605,-167.84319320025074,88.191532873408
train_00057,train,3,A2,-681.0408711429468,231.88104900046753,-185.82694235320182
train_00057,train,3,A3,-673.3194307667305,90.3236771061246,-283.630805514672
train_00057,train,3,A4,-697.5706029206857,-121.80111603737215,-269.7266999587343
train_00057,train,3,A5,-624.5343649112588,52.993001059723646,295.08297415348477
train_00057,train,3,B2,-599.988065473422,-252.02979966426776,-162.7438725785556
train_00057,train,3,B3,-600.0061023533646,-181.1278637571963,-239.0667023717299
train_00057,train,3,B4,599.9959761802646,-181.2073676374752,-239.10191452315522
train_00057,train,3,B5,600.0162786422717,130.1461988965815,270.2447661673383
train_00057,train,3,B6,-599.8877961598564,192.9172527631572,229.84739250648602
train_00057,train,3,C2,1200.030322166644,-158.8391031060129,-57.85151005131877
train_00057,train,3,C3,1390.0042645203046,-153.0270441136626,58.407387524573394
train_00057,train,3,C4,1390.021833951626,64.57539974175161,-28.711727894604817
train_00057,train,3,C5,1200.0311745227452,-66.32585926083875,32.9327744203765
train_00057,train,3,C6,1390.0130986750778,177.88370392472305,51.29486332666195
train_00057,train,3,C7,1390.0393358112224,-167.91458548952494,88.1862599227152
train_00057,train,4,A2,-681.1119499409276,232.0537017044856,-185.76703721117903
train_00057,train,4,A3,-673.3250155530278,90.37438544840441,-283.60559845200044
train_00057,train,4,A4,-697.5860057212926,-121.71993596741964,-269.754344242013
train_00057,train,4,A5,-624.5771648539744,53.05319357076293,295.06616021054845
train_00057,train,4,B2,-600.0110903638566,-251.91325129386246,-162.70800733057052
train_00057,train,4,B3,-600.054701651349,-181.02919100567996,-239.10968977807227
train_00057,train,4,B4,600.0128518086573,-181.10882070922818,-239.1221101160587
train_00057,train,4,B5,600.0424829803296,130.10074094533363,270.31945928347614
train_00057,train,4,B6,-599.9735510626356,192.94540204338625,229.8304613217505
train_00057,train,4,C2,1199.9343097298063,-158.88068270124595,-57.85819674595087
train_00057,train,4,C3,1389.973172663648,-153.0434723103278,58.38370469772195
train_00057,train,4,C4,1389.9412490700647,64.54979239369042,-28.718950813174267
train_00057,train,4,C5,1199.968451974476,-66.40720357627642,32.856461429837374
train_00057,train,4,C6,1390.0387027185138,177.88151961556648,51.28204723066166
train_00057,train,4,C7,1389.9700741755794,-167.99230880679406,88.20898962678834
train_00058,train,0,A2,-692.8544464907324,346.96210468027857,-457.68578694219036
train_00058,train,0,A3,-701.3939547458319,217.71199595759145,-571.2246700301359
train_00058,train,0,A4,-770.7927656874263,15.937496905442345,-587.2354151247331
train_00058,train,0,A5,-741.1696007897424,112.74868128425275,-0.14255594111315228
train_00058,train,0,B2,-333.178685868623,-238.26154190164863,30.725399286592427
train_00058,train,0,B3,-326.64935889419866,-172.2710977777589,-49.617264032412514
train_00058,train,0,B4,868.1490493026065,-156.2315813642245,60.695804051414925
train_00058,train,0,B5,818.6217255834063,185.7408255721225,547.5424656817507
train_00058,train,0,B6,-372.90148597453276,229.71965271290213,393.1483063795774
train_00058,train,0,C2,1488.6019253670313,-353.43040883848744,-55.15113694632293
train_00058,train,0,C3,1680.9207526485102,-349.23483316834,57.446197896601014
train_00058,train,0,C4,1680.9965398228514,-131.58960825372802,-29.58619698232333
train_00058,train,0,C5,1491.1919075559738,-260.93877742526,35.64293796374533
train_00058,train,0,C6,1683.4670467319395,-18.353909234800696,50.476644101955074
train_00058,train,0,C7,1681.358546470989,-364.12502622550625,87.22713075128759
train_00058,train,1,A2,-931.0671525679154,232.02975325883398,-185.76430864287468
train_00058,train,1,A3,-923.3430321538921,90.45172363432181,-283.6648149826132
train_00058,train,1,A4,-947.5449210258608,-121.73233478260869,-269.8166928270164
train_00058,train,1,A5,-874.5050050606852,52.99091170467516,295.01660370407586
train_00058,train,1,B2,-599.9735561232732,-251.9813936509291,-162.81150599919255
train_00058,train,1,B3,-600.0083462615733,-181.12355101797033,-239.13963168645344
train_00058,train,1,B4,599.9631490425343,-181.154581940272,-239.12518038669037
train_00058,train,1,B5,599.9845175214892,130.14016830233692,270.31522983963725
train_00058,train,1,B6,-599.991862635576,192.7972680667779,229.85322805143565
train_00058,train,1,C2,1449.9503779283182,-158.8284300364141,-57.91028530089926
train_00058,train,1,C3,1640.0301129225031,-152.93130514111874,58.4197576524591
train_00058,train,1,C4,1639.9904722846527,64.63637409899445,-28.66191181745338
train_00058,train,1,C5,1450.0184562151394,-66.25633699458969,32.86588909294351
train_00058,train,1,C6,1639.9675538375552,177.93427169627884,51.340673089271796
train_00058,train,1,C7,1639.97248618312,-167.92254619096693,88.23663850005947
train_00058,train,2,A2,-680.613871947765,230.75303574621066,-184.29812252116923
train_00058,train,2,A3,-672.9323471076422,89.19148190916911,-282.20700373302395
train_00058,train,2,A4,-697.1763634527658,-122.95742408671322,-268.3554607657665
train_00058,train,2,A5,-624.1368566259729,51.675271717958275,296.53136064109646
train_00058,train,2,B2,-599.9863933453961,-252.0268556718024,-162.7542398253966
train_00058,train,2,B3,-599.979260553014,-181.16194723088293,-239.1062470266822
train_00058,train,2,B4,600.0403293027045,-181.14350636196772,-239.13910827172958
train_00058,train,2,B5,600.0079083288612,130.16202298092105,270.30819935933806
train_00058,train,2,B6,-599.9735306193893,192.83771887780844,229.823114626777
train_00058,train,2,C2,1449.985878563461,-158.83803291836577,-57.8405328793913
train_00058,train,2,C3,1639.9150032220703,-152.99994761623813,58.39009885443742
train_00058,train,2,C4,1640.0308428180458,64.59846677639206,-28.68072789755254
train_00058,train,2,C5,1449.9860620640152,-66.33291893720079,32.91994823206152
train_00058,train,2,C6,1640.032964159109,177.9429466042143,51.355877596230435
train_00058,train,2,C7,1639.9821963897107,-167.91045278916536,88.22541338415814
train_00058,train,3,A2,-680.6406681525358,230.71591648361206,-184.36371263043557
train_00058,train,3,A3,-672.8465596890534,89.1775796414632,-282.1495047535744
train_00058,train,3,A4,-697.1651924221068,-122.97721050733401,-268.3537326375374
train_00058,train,3,A5,-624.1611501578182,51.670455693986355,296.5124364394746
train_00058,train,3,B2,-600.0164293173542,-251.9961514998897,-162.7341511613251
train_00058,train,3,B3,-599.9746487032644,-181.1057768962652,-239.12448075151934
train_00058,train,3,B4,600.0210247709051,-181.15294680237997,-239.14628489046424
train_00058,train,3,B5,599.9585749609622,130.12903573263338,270.2985993794666
train_00058,train,3,B6,-599.9495919296736,192.80310962874591,229.85138033327826
train_00058,train,3,C2,1199.991451515339,-158.74194113895507,-57.93954647985813
train_00058,train,3,C3,1390.016550378364,-152.88113461230418,58.39389410244831
train_00058,train,3,C4,1389.9574226372395,64.71048133727211,-28.69928115194482
train_00058,train,3,C5,1199.9986381594413,-66.21235976818582,32.86930625934001
train_00058,train,3,C6,1390.0143077815028,177.96360832195955,51.375540615971595
train_00058,train,3,C7,1389.9789802134967,-167.80546449907047,88.1408805028513
train_00058,train,4,A2,-680.5793892671534,231.42864528707148,-185.2885252453088
train_00058,train,4,A3,-672.8349480455312,89.83040268015762,-283.10044450717595
train_00058,train,4,A4,-697.1954332826667,-122.37056665996174,-269.1903155820323
train_00058,train,4,A5,-624.3863807484566,52.52859772909733,295.69303485771115
train_00058,train,4,B2,-600.1037703773228,-251.36402919993765,-163.49151976460396
train_00058,train,4,B3,-600.0514661317338,-180.48650568207069,-239.9292275749109
train_00058,train,4,B4,599.939727146495,-180.99964875302848,-239.3593987269228
train_00058,train,4,B5,599.8486991548798,130.47068467950697,269.95900605613673
train_00058,train,4,B6,-600.1210153911409,193.54402212427664,228.9138480002645
train_00058,train,4,C2,1199.8539415165162,-158.78340648047822,-57.710838564168704
train_00058,train,4,C3,1389.7895155661836,-152.94511725611244,58.590735937765096
train_00058,train,4,C4,1389.961430845072,64.56168068657792,-28.593287027273306
train_00058,train,4,C5,1199.8258707081711,-66.16155774613817,32.9020482706353
train_00058,train,4,C6,1390.0088710082093,177.95890060758643,51.38069421935336
train_00058,train,4,C7,1389.8002453670726,-167.85003942740454,88.34203740523105
train_00059,train,0,A2,-1191.4537366670838,493.9660877524322,63.37777574994361
train_00059,train,0,A3,-1142.178884718246,373.7532943552401,-49.77949630024682
train_00059,train,0,A4,-1148.2769471949644,161.89738798498308,-79.17314696003719
train_00059,train,0,A5,-1256.444571635297,230.6713869360249,502.5857866938908
train_00059,train,0,B2,-506.0727754546002,-26.31232325333241,-460.8173229200898
train_00059,train,0,B3,-497.96962002357844,58.92432735353181,-520.2606298146834
train_00059,train,0,B4,694.6779643556744,37.08385692690221,-389.9658151884093
train_00059,train,0,B5,637.1460466391417,235.63481751344972,170.1770747055711
train_00059,train,0,B6,-551.4100018457272,327.1729581909591,13.547792719106914
train_00059,train,0,C2,1655.212240493338,94.6484167120513,107.77981726972816
train_00059,train,0,C3,1843.4389572352784,131.3033868671267,221.10880271318905
train_00059,train,0,C4,1819.9548770574818,338.9775052990088,115.00032859111322
train_00059,train,0,C5,1645.2454114760662,194.41097219066603,189.8622536332637
train_00059,train,0,C6,1807.775132981775,458.3215531488795,184.65186696021576
train_00059,train,0,C7,1845.0888037762845,119.18083681856832,252.11717679394283
train_00059,train,1,A2,-931.0551974535437,232.02130153127686,-185.84384264374103
train_00059,train,1,A3,-923.2304159346158,90.46847355876282,-283.71747997620685
train_00059,train,1,A4,-947.5674808685447,-121.69488307155373,-269.9685385875468
train_00059,train,1,A5,-874.5486718250789,52.99886637195302,295.0119411707127
train_00059,train,1,B2,-600.0201712639059,-251.97777845772248,-162.8109834222739
train_00059,train,1,B3,-600.0064102492743,-181.13127509501786,-239.25159410455655
train_00059,train,1,B4,600.0528910362316,-181.1052708348818,-239.20157563851822
train_00059,train,1,B5,599.9980848901993,130.18709346155188,270.27286195249565
train_00059,train,1,B6,-599.985489105148,192.85022878112105,229.73993656644953
train_00059,train,1,C2,1449.9841166609463,-158.70269411841068,-57.80268819286541
train_00059,train,1,C3,1639.963647260867,-152.98032525424037,58.45919127348634
train_00059,train,1,C4,1639.9761057853111,64.65031110654945,-28.631651609011538
train_00059,train,1,C5,1449.9781095273502,-66.2107999061122,32.92753003534644
train_00059,train,1,C6,1639.926187361212,178.01269617277006,51.44242174768802
train_00059,train,1,C7,1639.9413071277045,-167.79884217193182,88.2946197936469
train_00059,train,2,A2,-681.1070855130185,232.03583104637818,-185.86449447161945
train_00059,train,2,A3,-673.2424069947333,90.43392659827579,-283.7078626209893
train_00059,train,2,A4,-697.4934227564456,-121.74539597025658,-269.8125086563898
train_00059,train,2,A5,-624.4568091201605,53.013877327170654,294.99883185005274
train_00059,train,2,B2,-599.9564443693151,-251.9563030887478,-162.85934453612634
train_00059,train,2,B3,-599.9862640392743,-181.16171608304234,-239.17033896090885
train_00059,train,2,B4,600.0148828282223,-181.0911050867913,-239.1571586509911
train_00059,train,2,B5,599.9587272177483,130.2135348595953,270.2478555864308
train_00059,train,2,B6,-599.9999497941926,192.84036234064624,229.66285931354165
train_00059,train,2,C2,1449.9377926488837,-158.75216421641778,-57.76355063218382
train_00059,train,2,C3,1639.9700825267228,-152.93556512146296,58.40711485861742
train_00059,train,2,C4,1639.9550430256947,64.64376945857303,-28.66235678646601
train_00059,train,2,C5,1450.0032213745521,-66.22094899090551,32.92372233428326
train_00059,train,2,C6,1639.9689123159976,177.95872893651944,51.44905446221324
train_00059,train,2,C7,1639.9732522842671,-167.83602467301668,88.25672016281149
train_00059,train,3,A2,-681.1050990302497,232.02007620056693,-185.84662386667046
train_00059,train,3,A3,-673.3503631914797,90.45896890236354,-283.7248532127611
train_00059,train,3,A4,-697.4808619443487,-121.73126852307607,-269.8669677000532
train_00059,train,3,A5,-624.4640931666431,53.022673667203826,294.9840668532886
train_00059,train,3,B2,-600.037130448665,-252.01466033754315,-162.8307622971883
train_00059,train,3,B3,-599.9930069190342,-181.19361014148066,-239.18306563555822
train_00059,train,3,B4,600.0011028782407,-181.12838741762397,-239.14107763778338
train_00059,train,3,B5,600.0228354552818,130.2070250160656,270.26698346243444
train_00059,train,3,B6,-600.0381523235629,192.83372509966955,229.69555398590578
train_00059,train,3,C2,1199.9964678640583,-158.75309215662696,-57.82637469434701
train_00059,train,3,C3,1389.9846776940979,-152.94876717312883,58.53549753700912
train_00059,train,3,C4,1390.03215264368,64.6786810455757,-28.589382462124004
train_00059,train,3,C5,1199.9828393751588,-66.24550020388158,32.925080092764865
train_00059,train,3,C6,1389.9940912079137,177.93699071346683,51.48788043646749
train_00059,train,3,C7,1389.9884521663726,-167.8598732946309,88.20694740851312
train_00059,train,4,A2,-681.0969620914813,232.03706064339391,-185.8227782576214
train_00059,train,4,A3,-673.3181158815455,90.43323131905663,-283.6819200740921
train_00059,train,4,A4,-697.4979032421853,-121.78746730785562,-269.77626774881685
train_00059,train,4,A5,-624.4237233321194,52.97580941255224,295.1072712934548
train_00059,train,4,B2,-599.9675780611224,-252.03033943181006,-162.7825197137294
train_00059,train,4,B3,-599.9901252038068,-181.14292722630267,-239.14390495108853
train_00059,train,4,B4,600.099619363191,-181.09055713569657,-239.08301191100853
train_00059,train,4,B5,600.0196192290531,130.2115338500576,270.3106462281875
train_00059,train,4,B6,-599.995840611512,192.78855806889473,229.7851536885837
train_00059,train,4,C2,1199.9774929493356,-158.73226004354044,-57.78057629874905
train_00059,train,4,C3,1390.048198055664,-152.982967074873,58.490281149515646
train_00059,train,4,C4,1390.007621380322,64.70684335373029,-28.58412289422746
train_00059,train,4,C5,1200.0498351817594,-66.22014509865899,32.90042326931653
train_00059,train,4,C6,1389.96927012333,177.97095264237947,51.43853283326083
train_00059,train,4,C7,1390.0142486531613,-167.84155298708765,88.27115904216896
train_00060,train,0,A2,-663.3998273582329,236.5962469156917,27.9816303436086
train_00060,train,0,A3,-703.1490172741195,120.35031502301035,-92.79707624544187
train_00060,train,0,A4,-758.5131507227313,-85.36962755580461,-112.49399202269687
train_00060,train,0,A5,-523.6210156381007,-50.13009833546245,433.9105798072252
train_00060,train,0,B2,-936.2973117158105,-388.6519362788118,-435.59921661907714
train_00060,train,0,B3,-931.4371413106151,-312.94800161368113,-507.20181027882654
train_00060,train,0,B4,266.3190964747642,-319.7205417634785,-433.62484412347413
train_00060,train,0,B5,235.48228538989602,-41.53807317052136,93.70798599009989
train_00060,train,0,B6,-959.6177290904429,30.33265002827622,-16.098636372927558
train_00060,train,0,C2,1704.1422377492338,-206.74084125584443,-37.40041565582491
train_00060,train,0,C3,1894.0645983444301,-189.79490958878185,77.89625831780299
train_00060,train,0,C4,1904.274567690726,9.494825174818997,-45.11390087922302
train_00060,train,0,C5,1708.345691865989,-100.2126556502573,36.18536167705528
train_00060,train,0,C6,1909.4362755934121,134.6892169720532,14.414542290500139
train_00060,train,0,C7,1893.375111608885,-199.336096065875,109.8205779386957
train_00060,train,1,A2,-931.0673815596333,232.00686376750951,-185.7869942365128
train_00060,train,1,A3,-923.2427542812379,90.47922898279347,-283.65200782470987
train_00060,train,1,A4,-947.5444258657444,-121.74002118128487,-269.8385214546957
train_00060,train,1,A5,-874.4879136139411,52.905375610799794,295.03148099711626
train_00060,train,1,B2,-599.9809736659538,-252.01019356879945,-162.78601675339902
train_00060,train,1,B3,-599.9881516895442,-181.1531553076701,-239.11372082777314
train_00060,train,1,B4,599.9709115836674,-181.11856360274737,-239.1569019393723
train_00060,train,1,B5,600.0607968938018,130.14544952254013,270.33582762664145
train_00060,train,1,B6,-599.9790560264894,192.79073462798831,229.84876352857484
train_00060,train,1,C2,1449.9957630246413,-158.63463722847445,-57.86141288050414
train_00060,train,1,C3,1640.0374142595133,-152.84156883573846,58.38995458075364
train_00060,train,1,C4,1640.009376853153,64.80942814403305,-28.71003356109504
train_00060,train,1,C5,1450.0025677033825,-66.14186747808233,32.806045385060564
train_00060,train,1,C6,1639.95830370777,178.0789314734869,51.273054116141374
train_00060,train,1,C7,1640.047220040724,-167.71330241638344,88.20401275534303
train_00060,train,2,A2,-681.1249430111847,231.9591988068857,-185.78470961467963
train_00060,train,2,A3,-673.3519575122232,90.4262446971406,-283.62778227316534
train_00060,train,2,A4,-697.5522803038493,-121.76925494479131,-269.8149057100161
train_00060,train,2,A5,-624.4745390117675,52.85796625281381,295.072848564973
train_00060,train,2,B2,-599.9620944594395,-252.09898510271682,-162.7151211685476
train_00060,train,2,B3,-599.9618849395714,-181.20412047096906,-239.1366175900735
train_00060,train,2,B4,600.0313304233424,-181.12609653488607,-239.12771780560414
train_00060,train,2,B5,600.0315547722768,130.17768022177597,270.3076279534739
train_00060,train,2,B6,-600.0270768629424,192.82735913347975,229.83218796869338
train_00060,train,2,C2,1450.0232934943444,-158.67540154725802,-57.88480437253735
train_00060,train,2,C3,1640.061501205236,-152.83878771335196,58.3681877173885
train_00060,train,2,C4,1640.0503046487418,64.8041006020289,-28.715511156707272
train_00060,train,2,C5,1450.026846484725,-66.10743068040175,32.83386895764162
train_00060,train,2,C6,1640.0017126753924,178.07958198448148,51.334005140350705
train_00060,train,2,C7,1640.0529583669847,-167.736751599606,88.19741590572924
train_00060,train,3,A2,-681.1323071469955,231.97758177759138,-185.77004732483343
train_00060,train,3,A3,-673.2738061425746,90.42445420077154,-283.60544609860966
train_00060,train,3,A4,-697.4640784733023,-121.72781026823556,-269.80663007489494
train_00060,train,3,A5,-624.4502365192576,52.84764354344314,295.08275443212557
train_00060,train,3,B2,-599.9585325905316,-252.0318853691825,-162.73827931737117
train_00060,train,3,B3,-599.9898433362955,-181.1735707943533,-239.1112057994832
train_00060,train,3,B4,600.0127109947915,-181.1378474637354,-239.14457813153894
train_00060,train,3,B5,599.9926853817587,130.15192705576675,270.3373825921165
train_00060,train,3,B6,-600.0096282466959,192.74737229028,229.79791131296273
train_00060,train,3,C2,1199.9828690572947,-158.6795496882174,-57.62901723789321
train_00060,train,3,C3,1390.0162164903884,-152.90898243912935,58.60130378422583
train_00060,train,3,C4,1390.0484649937341,64.74664687987955,-28.523663735464222
train_00060,train,3,C5,1199.979661935268,-66.16412573113273,33.009930843523435
train_00060,train,3,C6,1390.0135572076097,177.9328118530723,51.524647253307144
train_00060,train,3,C7,1390.020940713427,-167.84809101394404,88.36807892747514
train_00060,train,4,A2,-681.1811392651703,231.95564919788504,-185.80265616917686
train_00060,train,4,A3,-673.3244561716401,90.37068982370802,-283.6549818171149
train_00060,train,4,A4,-697.5626575046952,-121.72831566006138,-269.8067004134143
train_00060,train,4,A5,-624.4610468222713,52.947634509220784,295.090765923626
train_00060,train,4,B2,-600.0088042072509,-252.05749761558164,-162.78102051600402
train_00060,train,4,B3,-599.9854974900829,-181.1667828878945,-239.17901261950877
train_00060,train,4,B4,600.0212388525312,-181.20107114615317,-239.1824115200096
train_00060,train,4,B5,599.991454455974,130.1708578847967,270.18615895547305
train_00060,train,4,B6,-600.0343522046571,192.841948037146,229.767943443645
train_00060,train,4,C2,1200.0674443818089,-158.728532300967,-57.75927200834525
train_00060,train,4,C3,1389.9588278161307,-152.950197828553,58.4986613880047
train_00060,train,4,C4,1390.0812698119717,64.68520863502896,-28.613399526757952
train_00060,train,4,C5,1200.0705940262344,-66.17980725392628,32.89327981006484
train_00060,train,4,C6,1389.9868241804472,177.9823845908425,51.33336695168961
train_00060,train,4,C7,1389.9744484355683,-167.83979380492042,88.31092498558644
train_00061,train,0,A2,-957.4875541728073,249.02923829030178,-437.50018319181686
train_00061,train,0,A3,-939.9505792770256,91.01209400531876,-503.9409977372728
train_00061,train,0,A4,-987.7081484817222,-112.99007713435003,-460.2325635686074
train_00061,train,0,A5,-1038.1596727224228,163.39401252033684,65.09864542477249
train_00061,train,0,B2,-712.1217383900184,-449.74966085219535,119.97429736650881
train_00061,train,0,B3,-734.5845851035726,-394.9644861481955,34.184644222711256
train_00061,train,0,B4,433.3848453401566,-176.43627363148084,-132.70434678280716
train_00061,train,0,B5,424.1890098701957,216.2239056573355,316.9266228133873
train_00061,train,0,B6,-760.9740112506315,50.97575349450375,434.4490564845337
train_00061,train,0,C2,1166.11625087209,-426.9776916345262,-241.41544930039836
train_00061,train,0,C3,1354.4534297970865,-417.6060646070718,-122.75545003227509
train_00061,train,0,C4,1350.143597910938,-199.1616896648581,-207.6954157622899
train_00061,train,0,C5,1162.6801466464785,-335.4058664751205,-149.7834806499839
train_00061,train,0,C6,1346.3111499516376,-86.70469916310934,-126.48904896584682
train_00061,train,0,C7,1354.510383578552,-432.86054447461726,-93.07351611214645
train_00061,train,1,A2,-931.114073978497,232.06943771685346,-185.7633148919392
train_00061,train,1,A3,-923.3175300243583,90.47028569351362,-283.6329584086143
train_00061,train,1,A4,-947.6127128852881,-121.68602666547078,-269.76753476286825
train_00061,train,1,A5,-874.4190845377786,52.95680290295952,295.05491344423973
train_00061,train,1,B2,-600.0334556146063,-251.99535222422944,-162.72954136238408
train_00061,train,1,B3,-600.0405140986156,-181.16471939014437,-239.12761724559076
train_00061,train,1,B4,599.9650512153314,-181.17183317473797,-239.19247546148134
train_00061,train,1,B5,599.9818269141743,130.1804913281703,270.23572344893614
train_00061,train,1,B6,-600.0450740069821,192.84751361850866,229.88496380980223
train_00061,train,1,C2,1450.008725103518,-158.72764116766317,-57.831694490875826
train_00061,train,1,C3,1640.0909884356133,-152.95945217545446,58.39777039504577
train_00061,train,1,C4,1640.0541347757628,64.65507245932997,-28.68769369625314
train_00061,train,1,C5,1450.0628880610866,-66.31685374519687,32.87491511836539
train_00061,train,1,C6,1640.0052720382334,177.94826824421463,51.418403775296404
train_00061,train,1,C7,1640.0232978549645,-167.8718107616725,88.17595288606748
train_00061,train,2,A2,-681.162901702044,232.00264077507066,-185.7855315582972
train_00061,train,2,A3,-673.3362006304937,90.40811648581457,-283.5794154599222
train_00061,train,2,A4,-697.6093698488994,-121.73617702879717,-269.76034760447016
train_00061,train,2,A5,-624.560349978788,52.97798016244242,295.1370496136945
train_00061,train,2,B2,-600.0226811610502,-251.99654274445425,-162.71457815838008
train_00061,train,2,B3,-600.0592271554647,-181.1373288919554,-239.0736022125411
train_00061,train,2,B4,599.9425328727093,-181.16379193633622,-239.19683002559643
train_00061,train,2,B5,599.9952280307845,130.1478283738175,270.24249097234497
train_00061,train,2,B6,-599.9808622135357,192.86126826381906,229.81929746250924
train_00061,train,2,C2,1449.9746872936385,-158.739653368391,-57.87776868980559
train_00061,train,2,C3,1640.0572872376895,-152.98181102053903,58.43675855263661
train_00061,train,2,C4,1639.9849404654185,64.64121839845943,-28.704331652322075
train_00061,train,2,C5,1450.0303808051553,-66.24917950891984,32.902577457651034
train_00061,train,2,C6,1640.0923615204254,177.91371325878484,51.41899926870494
train_00061,train,2,C7,1640.0185582382378,-167.90089745978304,88.22338977487581
train_00061,train,3,A2,-681.1671638797279,231.89739400537147,-185.7363456425613
train_00061,train,3,A3,-673.3516603515894,90.42477399733428,-283.63594907325603
train_00061,train,3,A4,-697.6026997093009,-121.75899222863305,-269.73594685168376
train_00061,train,3,A5,-624.602306801242,53.02108499455105,295.1001546163005
train_00061,train,3,B2,-600.0137016131848,-251.9654648600784,-162.7257470284182
train_00061,train,3,B3,-600.0351300837193,-181.16440001178876,-239.0575358683884
train_00061,train,3,B4,599.9747732546472,-181.12613528731313,-239.19366114646562
train_00061,train,3,B5,600.0095423966193,130.1714836123801,270.2659188669109
train_00061,train,3,B6,-600.0418935566031,192.83067189783785,229.8743532547305
train_00061,train,3,C2,1199.953364969964,-158.73076115326066,-57.989259958639536
train_00061,train,3,C3,1389.9868633902117,-152.9430716888371,58.35759598964297
train_00061,train,3,C4,1389.9705583201535,64.61279559155881,-28.76058287585093
train_00061,train,3,C5,1199.9657151393506,-66.23373942939313,32.77715493785754
train_00061,train,3,C6,1390.0211560893483,177.97801339593244,51.251541965677355
train_00061,train,3,C7,1389.9704988917688,-167.88173493754624,88.1254218492163
train_00061,train,4,A2,-681.2048874082052,233.58101840419803,-184.5746484680611
train_00061,train,4,A3,-673.3912232860844,91.97170831293938,-282.3763153293803
train_00061,train,4,A4,-697.5743332380401,-120.22438562648139,-268.54620473149623
train_00061,train,4,A5,-624.551396714075,54.54591756817738,296.3275591169095
train_00061,train,4,B2,-599.9771341132724,-250.51744492455117,-161.4647940708378
train_00061,train,4,B3,-600.08873400373,-179.61150737046947,-237.84744070310765
train_00061,train,4,B4,599.9232851930504,-179.59063232764456,-237.95986687546832
train_00061,train,4,B5,599.9244828653884,131.6942852090866,271.56333499321335
train_00061,train,4,B6,-600.0654258865188,194.32187008205824,231.09219132893895
train_00061,train,4,C2,1199.9933075285453,-157.26753982283282,-56.59687201236387
train_00061,train,4,C3,1389.9261481729393,-151.46254604574312,59.70090647777995
train_00061,train,4,C4,1389.9659347602058,66.12518908567112,-27.47111207676179
train_00061,train,4,C5,1199.9317179512896,-64.74398174123081,34.14560792799165
train_00061,train,4,C6,1389.9372818667819,179.46631732582122,52.68493598412849
train_00061,train,4,C7,1389.9082711518895,-166.38841079201356,89.50399181866098
train_00062,train,0,A2,-994.7981463651092,160.47693356391278,-310.14805997320195
train_00062,train,0,A3,-982.0252126241772,27.07848697505755,-418.4152395530997
train_00062,train,0,A4,-1011.9357206916536,-184.75071586922147,-423.96604519956014
train_00062,train,0,A5,-981.4489686831545,-57.99463577068953,157.3362954648095
train_00062,train,0,B2,-915.4577188919551,-560.8460682320208,-231.50897801349228
train_00062,train,0,B3,-926.1615385705198,-490.01957378194015,-307.1658567918354
train_00062,train,0,B4,265.2186062422901,-459.17401957121734,-447.06937914631345
train_00062,train,0,B5,316.62457273303045,-148.0473438054281,59.946105427736725
train_00062,train,0,B6,-881.0269037155238,-116.27836953051435,159.77617926493477
train_00062,train,0,C2,1131.5514502208061,159.09237308795176,-87.40082441410185
train_00062,train,0,C3,1299.7271186320104,153.4151792332162,58.64761398690928
train_00062,train,0,C4,1324.0086753973442,372.3407003152794,-21.521149074372367
train_00062,train,0,C5,1120.6905353025566,249.76295908467137,4.49523777215485
train_00062,train,0,C6,1315.858445353651,483.9552377976848,60.3908036542299
train_00062,train,0,C7,1294.1087782992995,137.96358699612662,87.5877364698159
train_00062,train,1,A2,-931.1165281880857,231.9754891055549,-185.88469002935267
train_00062,train,1,A3,-923.2660136649606,90.42041391081625,-283.704712071769
train_00062,train,1,A4,-947.5226372677629,-121.76356245323527,-269.8875053542216
train_00062,train,1,A5,-874.494166257897,52.82307649784043,294.94488449728806
train_00062,train,1,B2,-599.9931495301889,-252.04866705899468,-162.77972156782366
train_00062,train,1,B3,-600.019404557396,-181.12884373613915,-239.1517619656923
train_00062,train,1,B4,599.9840526974795,-181.12088818403964,-239.15094906922923
train_00062,train,1,B5,599.9801662430494,130.1786814190383,270.27499478239616
train_00062,train,1,B6,-599.9491507430231,192.83640952156264,229.72286022904333
train_00062,train,1,C2,1449.935059871898,-158.70229685141496,-57.86480709317034
train_00062,train,1,C3,1639.9615550473743,-152.8920756716818,58.410307689869015
train_00062,train,1,C4,1639.9882165062238,64.6792941009903,-28.63546060989323
train_00062,train,1,C5,1449.9753566843633,-66.21052866888579,32.87627918439641
train_00062,train,1,C6,1640.008619804067,177.98580863742032,51.377653605185735
train_00062,train,1,C7,1639.9741218069535,-167.8830805630705,88.20630582388787
train_00062,train,2,A2,-681.1015525801134,232.003107347847,-185.8376801468686
train_00062,train,2,A3,-673.3140081611098,90.41810934968765,-283.73564619494624
train_00062,train,2,A4,-697.5383120155107,-121.75295651163161,-269.73223458070834
train_00062,train,2,A5,-624.4065598352945,53.0227994767525,295.10806866530083
train_00062,train,2,B2,-600.0232729255687,-252.02790934779586,-162.78720236705368
train_00062,train,2,B3,-599.9874373075751,-181.15825144454487,-239.20330671636071
train_00062,train,2,B4,600.0450870484485,-181.17164310601981,-239.11731677327003
train_00062,train,2,B5,599.9741859100161,130.1911363572088,270.2756161165163
train_00062,train,2,B6,-599.9988183938129,192.84241580532597,229.78989854102946
train_00062,train,2,C2,1449.980225314566,-158.7178161247745,-57.87935732062142
train_00062,train,2,C3,1639.9183978760946,-152.91687246949178,58.478545751877455
train_00062,train,2,C4,1639.913108288555,64.63041340817428,-28.641989125832215
train_00062,train,2,C5,1449.979822452659,-66.2349616834035,32.908396830711425
train_00062,train,2,C6,1640.0115290679857,177.9650453162655,51.39376745078607
train_00062,train,2,C7,1639.9353112131816,-167.83013747995088,88.19725981646262
train_00062,train,3,A2,-681.0870732424588,231.96168545144488,-185.85671237078486
train_00062,train,3,A3,-673.3175797701504,90.45472597188653,-283.7103710079591
train_00062,train,3,A4,-697.4673267052655,-121.73857814562615,-269.74022782497826
train_00062,train,3,A5,-624.3719529925917,53.04572453337866,295.04676229129143
train_00062,train,3,B2,-600.020218053099,-252.00451662043514,-162.78286594817405
train_00062,train,3,B3,-600.0408848496486,-181.17039264107103,-239.17831171254494
train_00062,train,3,B4,599.9435190449435,-181.18941379908014,-239.15186686048102
train_00062,train,3,B5,599.9904546976477,130.16131535573157,270.24083096788223
train_00062,train,3,B6,-599.9325774661945,192.88335243257455,229.77200569644077
train_00062,train,3,C2,1200.0103118094519,-158.81339936956877,-57.72099865633689
train_00062,train,3,C3,1390.001582156765,-153.01998630245393,58.55929311257946
train_00062,train,3,C4,1390.01020891722,64.58462357844446,-28.58384016260065
train_00062,train,3,C5,1200.0462994629788,-66.28669916051051,33.03701514553603
train_00062,train,3,C6,1390.0179221393514,177.89764607942453,51.39719034507724
train_00062,train,3,C7,1390.0148021993798,-167.88605906585454,88.3552792756882
train_00062,train,4,A2,-681.1465390338482,231.94440920341714,-185.74894157255832
train_00062,train,4,A3,-673.3426651143138,90.40862556360429,-283.5613900306228
train_00062,train,4,A4,-697.4935398077259,-121.7601185336265,-269.7592132485118
train_00062,train,4,A5,-624.4859123942946,52.95097664106856,295.1359143516346
train_00062,train,4,B2,-599.9803036198742,-252.05605617007177,-162.70766714666226
train_00062,train,4,B3,-600.0395300573772,-181.1618677192777,-239.10888859004748
train_00062,train,4,B4,599.994900849616,-181.13151988854963,-239.21136618237938
train_00062,train,4,B5,599.9989907748655,130.1287703296241,270.2298465529514
train_00062,train,4,B6,-600.0260918774121,192.72955813035833,229.8342533322952
train_00062,train,4,C2,1200.0466610177582,-158.80932499388481,-57.72449974006053
train_00062,train,4,C3,1390.0215868341002,-153.00788583882078,58.44272163027452
train_00062,train,4,C4,1390.0122855759862,64.66966994393324,-28.661808024214555
train_00062,train,4,C5,1200.0042144949857,-66.28942038231409,32.961195413291435
train_00062,train,4,C6,1390.1006887427063,177.9474018536875,51.40152175841913
train_00062,train,4,C7,1390.0580128507117,-167.941121087841,88.25740649237149
train_00063,train,0,A2,-1268.426538673646,501.6066805513069,41.134342030531364
train_00063,train,0,A3,-1261.364926972587,354.4951065862996,-48.27717703618224
train_00063,train,0,A4,-1274.3087307475705,142.8454939168469,-19.687794325929904
train_00063,train,0,A5,-1166.8935076924497,356.4324221721363,525.9962849399402
train_00063,train,0,B2,-889.671464210765,-41.51140320550347,-72.08761950178186
train_00063,train,0,B3,-905.3922912947029,10.451312793679795,-161.0387362812306
train_00063,train,0,B4,279.36763670273933,152.91383584476068,-287.311596556581
train_00063,train,0,B5,275.76118696135586,565.4586166785375,144.19069609183634
train_00063,train,0,B6,-920.7841901084797,474.9647769817683,218.2497446471505
train_00063,train,0,C2,1276.0184218684662,87.94412551837065,87.03114901096252
train_00063,train,0,C3,1471.6183253397492,68.2119403830456,191.95997506110848
train_00063,train,0,C4,1489.4539667423403,289.17234152426647,115.69378280819366
train_00063,train,0,C5,1290.472761992894,174.8833574585331,182.05011718748315
train_00063,train,0,C6,1505.5254816181857,397.399004772609,201.09745231105538
train_00063,train,0,C7,1471.6997251605292,51.80780801369082,220.94984097299434
train_00063,train,1,A2,-931.1321054666893,231.93215291780652,-185.8154767410707
train_00063,train,1,A3,-923.262591468708,90.38482774217701,-283.72174284541046
train_00063,train,1,A4,-947.4848732692751,-121.70798825087972,-269.8867113006447
train_00063,train,1,A5,-874.4526180109069,52.94955097486691,294.95977076223136
train_00063,train,1,B2,-600.0225930123903,-251.9839181044814,-162.75702243870924
train_00063,train,1,B3,-600.0903770301148,-181.1342006536807,-239.1073706068859
train_00063,train,1,B4,599.9556516549862,-181.12739047006713,-239.14242317937
train_00063,train,1,B5,599.9755386049286,130.21958783713384,270.2996683695173
train_00063,train,1,B6,-600.0422847567767,192.81434342670832,229.73371856019185
train_00063,train,1,C2,1449.0811441075966,-158.62701848831563,-56.00423143144965
train_00063,train,1,C3,1639.041343327222,-152.8125072635316,60.32048183821375
train_00063,train,1,C4,1639.1390564852327,64.83765325787077,-26.836239098409205
train_00063,train,1,C5,1449.032062669728,-66.1143453365082,34.70347184838303
train_00063,train,1,C6,1639.0549828619671,178.09252956263185,53.24820659545378
train_00063,train,1,C7,1639.0643485779967,-167.64371586545008,90.08117759106821
train_00063,train,2,A2,-681.1642241599629,232.03289957912872,-185.84254879807108
train_00063,train,2,A3,-673.3416887377688,90.3729549278426,-283.69146261438095
train_00063,train,2,A4,-697.5905807048415,-121.74453362275953,-269.91260164535237
train_00063,train,2,A5,-624.6430420151025,53.013326089092345,294.97665939119145
train_00063,train,2,B2,-600.0165496882904,-251.98979364177262,-162.75923311958346
train_00063,train,2,B3,-600.0320932460284,-181.11560638688076,-239.13372410101513
train_00063,train,2,B4,599.9336461260823,-181.16532760004415,-239.09111940600195
train_00063,train,2,B5,599.9726777402874,130.19970684104297,270.33262590899625
train_00063,train,2,B6,-600.0776162753658,192.90314350452144,229.78210293146125
train_00063,train,2,C2,1449.1510303015918,-158.6470806463894,-56.063292963243285
train_00063,train,2,C3,1639.0932037474265,-152.7949943989286,60.23369740816624
train_00063,train,2,C4,1639.0958324899104,64.87985492103591,-26.800128312052955
train_00063,train,2,C5,1449.1182738266166,-66.07787614032641,34.6548316293459
train_00063,train,2,C6,1639.0758243884723,178.15149443808235,53.15056547883815
train_00063,train,2,C7,1639.0827747112285,-167.6762914578854,90.03738499171871
train_00063,train,3,A2,-681.2007803038485,232.01812555690358,-185.8513700743465
train_00063,train,3,A3,-673.3813203541057,90.42435087067152,-283.7442860572841
train_00063,train,3,A4,-697.5851498205619,-121.75413698168903,-269.8426596228227
train_00063,train,3,A5,-624.6475527600076,53.019470640727654,295.00592690404386
train_00063,train,3,B2,-600.0593865076905,-252.09644926645402,-162.69006260739013
train_00063,train,3,B3,-600.0464518882882,-181.17450814954245,-239.15058196171157
train_00063,train,3,B4,599.9974731610656,-181.14548152730822,-239.15098088386515
train_00063,train,3,B5,599.8895340384383,130.20080088788797,270.31027864231214
train_00063,train,3,B6,-600.0344087347681,192.7614485146801,229.81573353948795
train_00063,train,3,C2,1199.9116640292111,-158.69960814986317,-57.63397476084875
train_00063,train,3,C3,1389.9165136768906,-152.84696769663563,58.5815901804324
train_00063,train,3,C4,1389.8761535697886,64.66352459115544,-28.55670583446302
train_00063,train,3,C5,1199.869428692199,-66.16061664707519,33.04005142848326
train_00063,train,3,C6,1389.916873593535,178.001013857796,51.487694963078454
train_00063,train,3,C7,1389.8956806900258,-167.78127205250584,88.40588249245404
train_00063,train,4,A2,-681.0799578985738,231.97730317494876,-185.93742316593077
train_00063,train,4,A3,-673.2797101302227,90.42269005465839,-283.69440333728596
train_00063,train,4,A4,-697.5361190028408,-121.72320523903416,-269.8639702165716
train_00063,train,4,A5,-624.4568890402159,52.983966040924585,295.0238211990654
train_00063,train,4,B2,-599.9730617456827,-252.00621980401377,-162.80796540085842
train_00063,train,4,B3,-599.9267451279247,-181.1307593095193,-239.15708552923897
train_00063,train,4,B4,600.0816585631428,-181.0990233429516,-239.2472770278824
train_00063,train,4,B5,600.103879745532,130.1598236429717,270.2121400266614
train_00063,train,4,B6,-599.9443542090635,192.86276062356504,229.7761094392678
train_00063,train,4,C2,1200.0212055488573,-158.6675106554617,-57.831956423017495
train_00063,train,4,C3,1390.0347702001152,-152.9530562677314,58.43662965470386
train_00063,train,4,C4,1389.981958842458,64.6868323212169,-28.642640290837974
train_00063,train,4,C5,1199.9689499034014,-66.15440701298206,32.905433397246846
train_00063,train,4,C6,1390.031395407329,177.9616546427952,51.32589108774087
train_00063,train,4,C7,1390.029466766519,-167.87052994898352,88.19552473220915
train_00064,train,0,A2,-1212.51711621378,-28.46769559925821,-486.12895258633705
train_00064,train,0,A3,-1248.244846450173,-160.96542282521602,-590.3225276957536
train_00064,train,0,A4,-1325.4057305718914,-360.43166395264655,-583.5564339148327
train_00064,train,0,A5,-1171.0315531470992,-245.70676970056059,-19.71495794293376
train_00064,train,0,B2,-357.5733038379061,-565.9476240277833,-292.49756556275656
train_00064,train,0,B3,-344.0999827811618,-489.0410397379928,-361.4638204800903
train_00064,train,0,B4,819.1572689354276,-433.41660786806955,-72.08153691978784
train_00064,train,0,B5,678.3354821560548,-165.80410944047793,442.67698489803814
train_00064,train,0,B6,-479.42854148615675,-155.7534092047296,118.49641960445926
train_00064,train,0,C2,1254.6544878731781,242.31643077596956,-233.40762682779567
train_00064,train,0,C3,1445.2441642978756,310.104857942726,-140.0141783763757
train_00064,train,0,C4,1355.6333900880768,517.4953336993625,-202.26101823893535
train_00064,train,0,C5,1235.3393770443843,322.82318755087437,-133.71049255281397
train_00064,train,0,C6,1327.3884640896224,617.9771009391113,-110.85209801159105
train_00064,train,0,C7,1454.9303755659373,294.43631080685327,-112.25539601817047
train_00064,train,1,A2,-931.0941234297878,231.92578382455568,-185.88388059921357
train_00064,train,1,A3,-923.3230946512538,90.33459530869408,-283.66837766134404
train_00064,train,1,A4,-947.5368534055767,-121.80047008700912,-269.87348414468664
train_00064,train,1,A5,-874.4743106954598,52.92287349685077,294.9629319406333
train_00064,train,1,B2,-600.0613163111952,-252.05860323761897,-162.76827011898843
train_00064,train,1,B3,-600.0225215172966,-181.1246942740344,-239.17028652098148
train_00064,train,1,B4,599.9625997767814,-181.14038820655819,-239.11558927854975
train_00064,train,1,B5,599.9880878562512,130.1179688576423,270.3767627722961
train_00064,train,1,B6,-600.0384902137387,192.8127162052483,229.76849044012803
train_00064,train,1,C2,1449.7287299210716,-160.86809003252634,-57.917953925326266
train_00064,train,1,C3,1639.6808329227324,-155.02140842258646,58.27978307279028
train_00064,train,1,C4,1639.8420461424512,62.63540483900539,-28.77334970651722
train_00064,train,1,C5,1449.763556092347,-68.26862002897414,32.796749651712226
train_00064,train,1,C6,1639.796436399941,175.8337379672125,51.29244156053284
train_00064,train,1,C7,1639.738060091063,-169.93460312856914,88.12858392031238
train_00064,train,2,A2,-681.1014638235158,231.948584981818,-185.81507859451273
train_00064,train,2,A3,-673.3876783727153,90.36715536722551,-283.6470562977889
train_00064,train,2,A4,-697.5424165031258,-121.80169139285411,-269.81862838354806
train_00064,train,2,A5,-624.5370000013719,52.96605380246635,295.0052687707199
train_00064,train,2,B2,-600.0052210181933,-252.04529577318428,-162.80299272393242
train_00064,train,2,B3,-599.9755646517358,-181.14220532355606,-239.20448335027768
train_00064,train,2,B4,600.0376068691697,-181.17128373008745,-239.1156028547838
train_00064,train,2,B5,599.9346638282386,130.14533015243637,270.38385449384833
train_00064,train,2,B6,-600.0631955032286,192.82725719645816,229.79242612421993
train_00064,train,2,C2,1449.7540794660435,-160.74371193949975,-57.94755304982198
train_00064,train,2,C3,1639.7399152687276,-154.98258278998,58.3402686699158
train_00064,train,2,C4,1639.7293659063005,62.64261186357186,-28.75333073195763
train_00064,train,2,C5,1449.81526299897,-68.23427792073208,32.785110958632366
train_00064,train,2,C6,1639.7395625592983,175.88443228754724,51.287140819855765
train_00064,train,2,C7,1639.659440797441,-169.89415763525028,88.12184857924913
train_00064,train,3,A2,-681.1771209875701,231.9528256108696,-185.8575053854251
train_00064,train,3,A3,-673.3203986077381,90.41004882081621,-283.6487214835027
train_00064,train,3,A4,-697.5710469340914,-121.730638886431,-269.82160739947045
train_00064,train,3,A5,-624.5629534609194,52.907004091470014,295.0771524692263
train_00064,train,3,B2,-599.9913041503846,-252.00635337996806,-162.83572623112155
train_00064,train,3,B3,-600.0069898440895,-181.21545720453685,-239.1888250499656
train_00064,train,3,B4,599.9935260331779,-181.1476931530263,-239.08582316935335
train_00064,train,3,B5,600.0002195933729,130.13080943045375,270.3554838515847
train_00064,train,3,B6,-600.0608970884765,192.7699431028303,229.7734738432625
train_00064,train,3,C2,1200.0124562956696,-158.70572753261345,-57.58436808085197
train_00064,train,3,C3,1390.0510172468769,-152.90257726863464,58.62315782460129
train_00064,train,3,C4,1389.9894055927282,64.71382317688058,-28.455445971174477
train_00064,train,3,C5,1199.988228807957,-66.21941415791783,33.09598031730216
train_00064,train,3,C6,1389.9915004916193,177.97023498324305,51.596966186673356
train_00064,train,3,C7,1390.0412473429808,-167.80953121255996,88.43852330968491
train_00064,train,4,A2,-681.1001387083534,232.01535168846794,-185.83555658782254
train_00064,train,4,A3,-673.328831413165,90.4584471063884,-283.67335311880925
train_00064,train,4,A4,-697.568632773059,-121.7528106004585,-269.7927722435954
train_00064,train,4,A5,-624.4724074290648,52.995210349449955,295.08832920536753
train_00064,train,4,B2,-600.018814802826,-251.97370250780511,-162.8605216965741
train_00064,train,4,B3,-600.0122406506118,-181.08660551070452,-239.13844669861902
train_00064,train,4,B4,599.9783722466647,-181.12065047135033,-239.19486170637285
train_00064,train,4,B5,599.982711898188,130.20448778976711,270.2084385770929
train_00064,train,4,B6,-599.9348972764367,192.87105044780984,229.7836223688458
train_00064,train,4,C2,1200.0030452759231,-158.62838298472371,-57.82326511518321
train_00064,train,4,C3,1390.0632952304836,-152.78265520041157,58.424394128354315
train_00064,train,4,C4,1390.0357610508825,64.7447906795579,-28.672276724319143
train_00064,train,4,C5,1200.0206149820533,-66.1556099644562,32.95141022989289
train_00064,train,4,C6,1390.0515573596424,178.07095214467742,51.322624368062506
train_00064,train,4,C7,1390.0140183330861,-167.67636650076244,88.25943559906842
train_00065,train,0,A2,-1044.622352368711,97.35455514753606,-76.47081570048876
train_00065,train,0,A3,-1064.6808646468128,-58.571037348502074,-147.02428869219324
train_00065,train,0,A4,-1116.8949327709554,-258.962412615109,-93.07455094613407
train_00065,train,0,A5,-973.7682000995245,-2.0612570774781553,425.0743614804399
train_00065,train,0,B2,-372.2244556350118,-581.984614213994,-219.39381971099274
train_00065,train,0,B3,-367.074816540679,-511.239882754997,-295.7290472341552
train_00065,train,0,B4,830.1456834335239,-509.7898916811572,-213.88979169312242
train_00065,train,0,B5,795.0362473996281,-197.31110230905685,293.634229531704
train_00065,train,0,B6,-399.424580257051,-136.18168363006725,171.21388272523615
train_00065,train,0,C2,1654.731494845138,57.882836449963534,226.23534782250593
train_00065,train,0,C3,1861.2017129407109,65.04002733353379,309.4568119529245
train_00065,train,0,C4,1850.7334877317307,277.3668065651216,210.88936351790673
train_00065,train,0,C5,1671.2106824347,155.2283338816231,310.1461660854045
train_00065,train,0,C6,1865.7993617514135,394.89504926833615,283.04910385317595
train_00065,train,0,C7,1865.8833415225758,51.771324411522656,339.6799746504112
train_00065,train,1,A2,-931.0958387149188,232.14519394572193,-185.89291020127638
train_00065,train,1,A3,-923.2531661316225,90.52453693259403,-283.7442374564109
train_00065,train,1,A4,-947.5081270697505,-121.62552316185388,-269.91056494214257
train_00065,train,1,A5,-874.4849496321145,53.05363376653027,295.02551432321263
train_00065,train,1,B2,-599.9766926177185,-251.99802640858186,-162.78219462248398
train_00065,train,1,B3,-599.981473676532,-181.10743421784258,-239.11661951513528
train_00065,train,1,B4,600.004137621555,-181.0355042370257,-239.1420781184568
train_00065,train,1,B5,599.9919247832744,130.2494127669445,270.24901622962875
train_00065,train,1,B6,-599.9817640823713,192.81041592007406,229.7780819908379
train_00065,train,1,C2,1449.9909001426695,-158.71172429315095,-57.80760387416819
train_00065,train,1,C3,1640.0209842970226,-152.88696448357936,58.543196357273665
train_00065,train,1,C4,1640.0148536185027,64.71057561803003,-28.54929929415614
train_00065,train,1,C5,1450.0428642926865,-66.13459777921116,32.95492729074255
train_00065,train,1,C6,1640.0141984933807,177.99477949452,51.412698714542294
train_00065,train,1,C7,1640.001942331681,-167.863066861655,88.30079493763978
train_00065,train,2,A2,-679.5147630276294,232.65767847646967,-184.92588543301537
train_00065,train,2,A3,-671.5972383908025,91.08651111433367,-282.79284863536674
train_00065,train,2,A4,-695.9129737913157,-121.03692684259056,-268.9149838807849
train_00065,train,2,A5,-622.8005851647317,53.61242737239475,295.97880586026645
train_00065,train,2,B2,-599.9639239856244,-252.03819172718224,-162.77730497445765
train_00065,train,2,B3,-599.96599899882,-181.1143282149498,-239.10369536299748
train_00065,train,2,B4,599.9912255584617,-181.07225097678588,-239.19419863206258
train_00065,train,2,B5,600.0110058292653,130.2488789581806,270.23764930267316
train_00065,train,2,B6,-600.0483560085612,192.85543398904443,229.83111790380204
train_00065,train,2,C2,1450.0097138011392,-158.66849901227374,-57.82978060358187
train_00065,train,2,C3,1640.007785273276,-152.86257657332936,58.450908949995814
train_00065,train,2,C4,1639.9602629978538,64.70174894830545,-28.677012932594167
train_00065,train,2,C5,1450.037180005793,-66.20682910857055,32.95285479712777
train_00065,train,2,C6,1640.0414121343892,178.00105772151184,51.451303636780615
train_00065,train,2,C7,1640.0294843749703,-167.81593248620416,88.30336954896266
train_00065,train,3,A2,-679.4144707468124,232.62333806584897,-184.91331400970282
train_00065,train,3,A3,-671.6802656385499,91.02455951733408,-282.80678152589934
train_00065,train,3,A4,-695.8826897598674,-121.0941311340668,-268.9342453764948
train_00065,train,3,A5,-622.8191422154354,53.67466008086518,295.8772344317115
train_00065,train,3,B2,-599.959234572494,-251.9302478552518,-162.77111947299343
train_00065,train,3,B3,-599.9221353157556,-181.10682545751615,-239.14936411350402
train_00065,train,3,B4,600.0354071202867,-180.99582099265788,-239.1305658675876
train_00065,train,3,B5,599.9571984161267,130.27393483644582,270.2799635707759
train_00065,train,3,B6,-599.9908750193459,192.86869260880536,229.80467022892879
train_00065,train,3,C2,1200.0505871427401,-158.5945332044221,-57.95219666016775
train_00065,train,3,C3,1390.0410490112715,-152.77333114977876,58.441737985321254
train_00065,train,3,C4,1390.02902644132,64.79653216440859,-28.80819743749017
train_00065,train,3,C5,1200.0422080973394,-66.11793578923582,32.80591177889674
train_00065,train,3,C6,1390.049251359013,178.06214590770372,51.262864081853316
train_00065,train,3,C7,1389.9999501085672,-167.79517870156354,88.19059717937283
train_00065,train,4,A2,-679.8934460411505,232.20124128031213,-185.4091105996701
train_00065,train,4,A3,-672.0503832591781,90.6088614560563,-283.22640023441517
train_00065,train,4,A4,-696.2680556026911,-121.54207125475662,-269.2865891364054
train_00065,train,4,A5,-623.3051576343062,53.31609464563521,295.50763342793766
train_00065,train,4,B2,-600.3341837603178,-252.4426498570751,-163.1421595006118
train_00065,train,4,B3,-600.4344326003874,-181.60777546847925,-239.49598073821448
train_00065,train,4,B4,599.613257150636,-181.30369789338357,-239.32650832701125
train_00065,train,4,B5,599.4729838425891,130.10908624570936,270.08491286701695
train_00065,train,4,B6,-600.5896049651649,192.43251955521154,229.37718344662983
train_00065,train,4,C2,1199.6550732999574,-158.73131730953193,-57.830373352765946
train_00065,train,4,C3,1389.5737839541487,-152.78491736392382,58.38152447461033
train_00065,train,4,C4,1389.5444849744993,64.73380844373065,-28.775924909123177
train_00065,train,4,C5,1199.573350290253,-66.19051856640183,32.76249825573034
train_00065,train,4,C6,1389.56535978798,178.0780660494849,51.17544659289846
train_00065,train,4,C7,1389.567839533571,-167.72071362139133,88.1816390991025
train_00066,train,0,A2,-1207.2664279452765,-74.82089054669265,-106.66315297387335
train_00066,train,0,A3,-1205.90041340721,-217.68833203213745,-202.8921945239225
train_00066,train,0,A4,-1239.4707637945005,-428.3755820070413,-186.51992814150432
train_00066,train,0,A5,-1158.4739291688209,-250.66359713258615,376.1982587732911
train_00066,train,0,B2,-792.5179183864115,89.00628931929234,40.202328597932855
train_00066,train,0,B3,-801.5980666311996,159.93291465404747,-35.54029236506958
train_00066,train,0,B4,386.9784443989769,137.34215858014272,-198.90047908042655
train_00066,train,0,B5,462.2140545610915,448.18929412107485,305.1591776066271
train_00066,train,0,B6,-730.7988681598633,533.5274216866032,428.35905400292046
train_00066,train,0,C2,1751.9382221548742,-191.66529191089637,-327.8211705463545
train_00066,train,0,C3,1944.972840833243,-211.8454789480019,-218.44569534135232
train_00066,train,0,C4,1949.4123176629164,17.86426131573217,-264.84099696572054
train_00066,train,0,C5,1757.0998053597716,-117.21686803578758,-221.93947893919776
train_00066,train,0,C6,1954.9926268324975,114.77644919830686,-165.82759836237094
train_00066,train,0,C7,1945.3410424394767,-231.9303412385539,-191.85803492230937
train_00066,train,1,A2,-931.1129823200849,231.98238890755704,-185.9195905238168
train_00066,train,1,A3,-923.2873942709449,90.45166074841184,-283.66824961201854
train_00066,train,1,A4,-947.5900388072204,-121.72049157018013,-269.8638209622727
train_00066,train,1,A5,-874.6234769837339,52.88623984661678,294.9967466060366
train_00066,train,1,B2,-599.9894385704152,-252.0566244513368,-162.7521109355841
train_00066,train,1,B3,-600.0319369303971,-181.25730694564513,-239.13299876260288
train_00066,train,1,B4,599.9454899879942,-181.1823312824202,-239.12673636286036
train_00066,train,1,B5,599.9689587493644,130.17803645393053,270.3227061751074
train_00066,train,1,B6,-600.0096180438853,192.75638188999338,229.80716623732505
train_00066,train,1,C2,1449.9315399451768,-158.72550800192568,-57.87778254950153
train_00066,train,1,C3,1640.0163944837673,-152.88300489393885,58.37305379806196
train_00066,train,1,C4,1639.9978382626305,64.67334165565521,-28.688955595655973
train_00066,train,1,C5,1450.0546367706447,-66.24523722066984,32.86074021337191
train_00066,train,1,C6,1639.9069104922814,177.9951572539566,51.294529769792184
train_00066,train,1,C7,1640.0139239893308,-167.80850015695663,88.142695745051
train_00066,train,2,A2,-681.1763855468735,231.8841956620147,-185.80378607810326
train_00066,train,2,A3,-673.4155374864915,90.36593567752622,-283.63044297012345
train_00066,train,2,A4,-697.571478082938,-121.83231049506823,-269.7740950556486
train_00066,train,2,A5,-624.5033506632705,52.92480572532274,295.07828094756746
train_00066,train,2,B2,-599.9719551274841,-252.08128926126417,-162.75271214080578
train_00066,train,2,B3,-599.9855080023578,-181.20068132455944,-239.07308230457326
train_00066,train,2,B4,599.9278559854046,-181.13987817973796,-239.063609758517
train_00066,train,2,B5,600.0225570018732,130.2108900519608,270.28500272641446
train_00066,train,2,B6,-600.019471858921,192.75727245998235,229.7884094358601
train_00066,train,2,C2,1449.9989272215685,-158.6984776845278,-57.92699165070823
train_00066,train,2,C3,1639.988463767416,-152.9645810038767,58.33548436284548
train_00066,train,2,C4,1639.9739141499626,64.70828796297118,-28.74454698761354
train_00066,train,2,C5,1449.9948214377325,-66.2292335567283,32.84306320772161
train_00066,train,2,C6,1640.0368309697521,177.97870073331129,51.33247191727881
train_00066,train,2,C7,1640.0541310631509,-167.81400856894257,88.15047977928185
train_00066,train,3,A2,-681.1895263580867,231.9228569676021,-185.76496147181993
train_00066,train,3,A3,-673.4170810883194,90.29735730710793,-283.6202416271212
train_00066,train,3,A4,-697.5798512926981,-121.8404556999992,-269.7096066846139
train_00066,train,3,A5,-624.4573400015865,52.92650500994622,295.09228619434765
train_00066,train,3,B2,-600.0661857212054,-252.0486485695012,-162.71767686247492
train_00066,train,3,B3,-600.0325335794927,-181.20029311850004,-239.0745358107926
train_00066,train,3,B4,599.9839719190328,-181.16340835685446,-239.1446627894077
train_00066,train,3,B5,599.9488124592415,130.18973216159293,270.285774300086
train_00066,train,3,B6,-600.0216167919211,192.727621053117,229.78679157164981
train_00066,train,3,C2,1199.9646392695543,-158.76095717100355,-57.81063904234349
train_00066,train,3,C3,1389.967030894423,-152.92112883679525,58.48413473038476
train_00066,train,3,C4,1389.9319902557852,64.67240535150844,-28.693519293333285
train_00066,train,3,C5,1199.9645070631382,-66.24078907683399,32.9215767053584
train_00066,train,3,C6,1389.9432032690984,177.93536262232786,51.28978941147041
train_00066,train,3,C7,1389.9955068581924,-167.77638775959852,88.2104181141606
train_00066,train,4,A2,-680.0953479841972,230.25961855403133,-185.8409584422511
train_00066,train,4,A3,-672.3116469856735,88.63195835125391,-283.7371861717885
train_00066,train,4,A4,-696.530452084468,-123.54343111817627,-269.8040651625781
train_00066,train,4,A5,-623.3966778654998,51.23564342223201,295.0234803514856
train_00066,train,4,B2,-598.9660703753224,-253.67875069458057,-162.79698829842718
train_00066,train,4,B3,-598.9691163708654,-182.91243289434146,-239.21770906077157
train_00066,train,4,B4,601.0383449298818,-182.88367202599267,-239.15862059727107
train_00066,train,4,B5,601.0303780796319,128.4284051152885,270.2581993948485
train_00066,train,4,B6,-598.9497335748207,191.10387327340902,229.72266065851738
train_00066,train,4,C2,1201.01196949107,-160.50534072235055,-57.804788249822515
train_00066,train,4,C3,1391.0373992759737,-154.73393399572726,58.39762320588748
train_00066,train,4,C4,1391.0062069735707,62.85434111765882,-28.753852136828915
train_00066,train,4,C5,1201.0534764041295,-68.01191479525927,32.87325789187373
train_00066,train,4,C6,1391.027320784654,176.24325379541813,51.327636165479475
train_00066,train,4,C7,1391.0369880762219,-169.54051363772803,88.22525501041561
train_00067,train,0,A2,-961.5971425765329,214.7345099784802,-151.13532158424002
train_00067,train,0,A3,-951.7784916015457,64.01828700194397,-233.84688235393443
train_00067,train,0,A4,-983.1203332629069,-145.1101122835139,-200.82140055087038
train_00067,train,0,A5,-941.1578372793147,83.49923115616158,347.6345344233101
train_00067,train,0,B2,-782.072712173522,4.833547487164504,-89.14429431874947
train_00067,train,0,B3,-793.9305567619324,83.19727216405306,-156.7572349896663
train_00067,train,0,B4,387.0996768708984,78.00887134453218,-369.0466305647505
train_00067,train,0,B5,483.46246509262375,335.0305479282885,161.15560563464715
train_00067,train,0,B6,-703.246580771822,406.6024512083237,340.0999372648866
train_00067,train,0,C2,1435.6651150453795,175.38412105031094,-173.88045329809572
train_00067,train,0,C3,1598.7164967049382,166.31965173000242,-22.307693883580317
train_00067,train,0,C4,1617.6119464604706,390.58839319484144,-87.69338667763058
train_00067,train,0,C5,1418.266662376566,259.65605622834704,-77.05509814234998
train_00067,train,0,C6,1602.522048263285,496.47877246093384,0.6060227643516876
train_00067,train,0,C7,1592.6360314472574,148.89462651439405,5.4633327803683915
train_00067,train,1,A2,-930.5922865350229,233.27430663573833,-184.44397105858053
train_00067,train,1,A3,-922.7463094595557,91.74351516551323,-282.2469259507758
train_00067,train,1,A4,-947.033215971989,-120.51348312302537,-268.4535207091312
train_00067,train,1,A5,-873.9774191620791,54.26285477904391,296.42405062930277
train_00067,train,1,B2,-600.0231088195189,-251.97258124337594,-162.76806879506614
train_00067,train,1,B3,-599.9525626465371,-181.21473744811803,-239.19978317692798
train_00067,train,1,B4,600.0427243000612,-181.24654903775544,-239.0895379064399
train_00067,train,1,B5,600.0338279320908,130.16207159361176,270.3793387554708
train_00067,train,1,B6,-600.0037327376566,192.8238308399279,229.7420369713516
train_00067,train,1,C2,1450.0038016159988,-158.71081968734828,-57.80413211769206
train_00067,train,1,C3,1640.0085808929036,-152.9336865914564,58.47443068221865
train_00067,train,1,C4,1640.0432311450172,64.76818546028066,-28.592080818924973
train_00067,train,1,C5,1450.0160839646835,-66.15382895886333,32.87360192120533
train_00067,train,1,C6,1640.015921187592,177.97526144117614,51.3653789668776
train_00067,train,1,C7,1640.006588385543,-167.78323891792326,88.21275311794892
train_00067,train,2,A2,-681.0863040913088,231.97784993645433,-185.8963405540284
train_00067,train,2,A3,-673.3034373890349,90.36337968071211,-283.7016319732402
train_00067,train,2,A4,-697.4474800113743,-121.78115364319706,-269.87357666854933
train_00067,train,2,A5,-624.4898203724318,52.88864477225612,294.9508279200427
train_00067,train,2,B2,-599.9906808889649,-252.03916072812223,-162.7654211036977
train_00067,train,2,B3,-599.9610390344377,-181.1296245257018,-239.1635492480279
train_00067,train,2,B4,600.010906301891,-181.15443752660448,-239.10446188659344
train_00067,train,2,B5,600.0044579500953,130.1410951633238,270.3732484533475
train_00067,train,2,B6,-600.0150549620168,192.80517944700702,229.70885498532016
train_00067,train,2,C2,1450.071056681549,-158.72979258702316,-57.858358724927626
train_00067,train,2,C3,1639.9865060861528,-152.8728148499793,58.54464847694856
train_00067,train,2,C4,1640.0260986757564,64.7426576187447,-28.629602096705387
train_00067,train,2,C5,1449.9984208727883,-66.16641187516971,32.895405395001916
train_00067,train,2,C6,1640.018404789857,178.0067342130054,51.39909563805916
train_00067,train,2,C7,1640.026706921573,-167.81240846741264,88.22832094016817
train_00067,train,3,A2,-681.1169722648023,231.9744175565987,-185.84070916315838
train_00067,train,3,A3,-673.2737752632206,90.36726881046633,-283.78379636155717
train_00067,train,3,A4,-697.4802048952819,-121.83522295229454,-269.8536532467201
train_00067,train,3,A5,-624.4922987734122,52.915201727112574,294.9913642903647
train_00067,train,3,B2,-600.0141232577201,-251.99266453309696,-162.80112783633243
train_00067,train,3,B3,-600.0042455139586,-181.1409025327772,-239.21019929069973
train_00067,train,3,B4,599.9784761143819,-181.21490152605114,-239.1351217962612
train_00067,train,3,B5,600.0001858829389,130.16007017311225,270.3653559001894
train_00067,train,3,B6,-600.0411317446207,192.8448210661527,229.7298788807017
train_00067,train,3,C2,1199.9863393957608,-158.73358755868557,-57.72795905806251
train_00067,train,3,C3,1390.0211703954742,-153.00401173736208,58.43690162411149
train_00067,train,3,C4,1389.9724958010647,64.72428026427497,-28.542950087193752
train_00067,train,3,C5,1200.0249070033756,-66.16202574017841,32.958935129832405
train_00067,train,3,C6,1389.989820502815,177.95998880179113,51.45184690625258
train_00067,train,3,C7,1390.0068602464642,-167.845195459064,88.24159070632955
train_00067,train,4,A2,-681.0840403103368,232.03094863163443,-185.81352122011228
train_00067,train,4,A3,-673.2335232001282,90.39258018280748,-283.64517917970613
train_00067,train,4,A4,-697.5292567516193,-121.70383205689026,-269.7955980966483
train_00067,train,4,A5,-624.4118765105227,52.965414062410666,295.06140782595526
train_00067,train,4,B2,-599.963829750851,-251.99772033261053,-162.74140935348095
train_00067,train,4,B3,-599.9919098400148,-181.11045789947056,-239.0673563174331
train_00067,train,4,B4,600.0437646052272,-181.21522402088883,-239.15176286840293
train_00067,train,4,B5,600.047438462109,130.13078288420326,270.33664444606154
train_00067,train,4,B6,-599.9374738147424,192.85820205189393,229.86196913707494
train_00067,train,4,C2,1199.9733465784386,-158.866269881321,-57.841220464908005
train_00067,train,4,C3,1389.9987865269388,-152.97895134334712,58.424944324133186
train_00067,train,4,C4,1390.0171045716406,64.60063712390057,-28.600858112021495
train_00067,train,4,C5,1199.99316437945,-66.32401584234758,32.93446549129789
train_00067,train,4,C6,1390.0651765145171,177.83682038652466,51.369767241305276
train_00067,train,4,C7,1390.0079641138364,-167.8800958923454,88.19020845204157
train_00068,train,0,A2,-744.1256427068002,35.43374388824358,-30.19273134660409
train_00068,train,0,A3,-749.2680890215917,-123.70129836773529,-96.01023739500462
train_00068,train,0,A4,-781.72327649177,-326.52863245632375,-36.055807747053635
train_00068,train,0,A5,-662.2341488769777,-42.16222464997564,473.6268398836438
train_00068,train,0,B2,-449.774804329342,-196.00833823667682,-603.4824362026734
train_00068,train,0,B3,-441.5024731716405,-101.4161575617446,-646.4385764282251
train_00068,train,0,B4,750.8604807493592,-148.70441127504972,-520.0607216486834
train_00068,train,0,B5,692.3721907694093,-55.830391654464286,66.81263699760277
train_00068,train,0,B6,-495.73182329984104,64.79975504480147,-72.63616340499377
train_00068,train,0,C2,1131.5004573950869,-359.47495467162895,188.3644844579614
train_00068,train,0,C3,1319.4820584836837,-423.02163194954295,289.77985487706894
train_00068,train,0,C4,1386.7025524879707,-213.46022286318458,209.000324877578
train_00068,train,0,C5,1168.168483101261,-277.06093730532325,281.3421130544877
train_00068,train,0,C6,1429.599682467833,-110.9359146957333,291.87072548340126
train_00068,train,0,C7,1316.3380615980016,-438.58517283230725,319.0195465194479
train_00068,train,1,A2,-931.089514742146,231.9996553301278,-185.8160077677154
train_00068,train,1,A3,-923.2817589386141,90.43608126252157,-283.679718233442
train_00068,train,1,A4,-947.574342975696,-121.74521642133328,-269.8424925433507
train_00068,train,1,A5,-874.4906418802761,52.940344958691185,295.0347632704545
train_00068,train,1,B2,-600.0546584611935,-252.0545180392528,-162.72151753250282
train_00068,train,1,B3,-600.0166669347559,-181.10973387927265,-239.20195520620769
train_00068,train,1,B4,599.9543136008535,-181.11972404562405,-239.19391246875108
train_00068,train,1,B5,600.0079829812552,130.18654491873627,270.3234388323741
train_00068,train,1,B6,-599.9877861799284,192.82563706409934,229.79203114763337
train_00068,train,1,C2,1449.9197965440494,-158.78193792332718,-57.75625974957374
train_00068,train,1,C3,1640.052248888537,-152.92687861561075,58.48224892077805
train_00068,train,1,C4,1639.9723001558866,64.60798561224009,-28.61767977360071
train_00068,train,1,C5,1449.9523682463512,-66.22599643398287,32.925448400461974
train_00068,train,1,C6,1639.9037178321155,177.95488867521448,51.385189925628275
train_00068,train,1,C7,1640.0096302044387,-167.8579504513979,88.32980672901917
train_00068,train,2,A2,-681.0473045792469,231.97756974823577,-185.79199713730972
train_00068,train,2,A3,-673.3038491429436,90.38976631167526,-283.66779056233486
train_00068,train,2,A4,-697.4904785220103,-121.77924636425989,-269.85616444142505
train_00068,train,2,A5,-624.4396457961622,52.9567806136169,295.0408209611194
train_00068,train,2,B2,-599.995055262581,-252.02060260095095,-162.73531087053235
train_00068,train,2,B3,-600.0685275244381,-181.20125136851414,-239.1369264256769
train_00068,train,2,B4,599.9279812370498,-181.09209826990792,-239.2052394960648
train_00068,train,2,B5,599.9801173656147,130.14624177225835,270.2612533581858
train_00068,train,2,B6,-600.0522062001468,192.8069060995488,229.7786471433836
train_00068,train,2,C2,1450.0030366248961,-158.78123888443073,-57.75013849215244
train_00068,train,2,C3,1640.0118481875215,-152.91462113035954,58.56797577214166
train_00068,train,2,C4,1639.9786418964684,64.64763315569164,-28.670289910053455
train_00068,train,2,C5,1449.9971201257556,-66.23515535755178,32.95644985447289
train_00068,train,2,C6,1640.012146365166,177.9217252893076,51.37919756929383
train_00068,train,2,C7,1639.9629333842934,-167.86238702173276,88.26976811474684
train_00068,train,3,A2,-681.076998285647,231.99384407189206,-185.8204968687311
train_00068,train,3,A3,-673.2512926038751,90.42665132156722,-283.6545190756956
train_00068,train,3,A4,-697.4896847399352,-121.71935808491287,-269.7911074320187
train_00068,train,3,A5,-624.4296421401814,52.943014741550066,295.043714104711
train_00068,train,3,B2,-600.0264883421535,-251.94503751930898,-162.7504973295433
train_00068,train,3,B3,-600.0293895400242,-181.13838958100044,-239.13854371679145
train_00068,train,3,B4,599.9932961575398,-181.1382128428045,-239.10471236638173
train_00068,train,3,B5,599.9419002230698,130.15157465896553,270.25344138553476
train_00068,train,3,B6,-600.0160647816647,192.78815085440866,229.8602425282803
train_00068,train,3,C2,1199.940231172416,-158.72457276646733,-57.897659774545446
train_00068,train,3,C3,1389.9623294828655,-152.89338439062755,58.374732230640234
train_00068,train,3,C4,1389.9762914393248,64.70927218718067,-28.674160904833897
train_00068,train,3,C5,1199.9486400420767,-66.15021816220646,32.804677349222345
train_00068,train,3,C6,1389.9261028185917,177.94505939272418,51.34220161626425
train_00068,train,3,C7,1389.9799865037323,-167.80290080276268,88.11701664921162
train_00068,train,4,A2,-681.0623552250597,231.9629280352958,-185.86187440149246
train_00068,train,4,A3,-673.272107482855,90.35970255026956,-283.66516060844526
train_00068,train,4,A4,-697.4965749963523,-121.76007098724746,-269.8513118206402
train_00068,train,4,A5,-624.4546207894696,52.94833106213931,294.9902044981949
train_00068,train,4,B2,-599.9909530612512,-252.02108967381994,-162.77596437180722
train_00068,train,4,B3,-600.015654295045,-181.18238139594806,-239.14202087227065
train_00068,train,4,B4,599.9760006870672,-181.1130645190616,-239.14614996688093
train_00068,train,4,B5,599.9082202693621,130.19192855974399,270.2844531371382
train_00068,train,4,B6,-600.0222706239105,192.79322230793107,229.80833086389558
train_00068,train,4,C2,1199.9555859484547,-158.73865505224282,-57.8740334617689
train_00068,train,4,C3,1389.9719327234234,-152.89706740934034,58.36656892518296
train_00068,train,4,C4,1389.9592754847192,64.67378763179839,-28.6572538307026
train_00068,train,4,C5,1200.0175403660646,-66.20410283788397,32.86225045625738
train_00068,train,4,C6,1389.8873149969972,177.97170187661123,51.411717793965146
train_00068,train,4,C7,1389.977036641776,-167.88756176683557,88.21741522975361
train_00069,train,0,A2,-941.5227319144977,11.913023149957741,-471.55873425932214
train_00069,train,0,A3,-935.9852665777998,-131.9410776285951,-566.2569418908729
train_00069,train,0,A4,-959.5829037642675,-343.65029261421944,-546.854401114787
train_00069,train,0,A5,-872.4616232889912,-155.68731786612088,11.746850965211474
train_00069,train,0,B2,-566.6614430722593,-3.363701630641764,68.16010673616579
train_00069,train,0,B3,-574.1125759422704,84.12079576409566,12.143728170591146
train_00069,train,0,B4,582.5464307421371,-12.109697213401564,-292.63667451221517
train_00069,train,0,B5,741.5204358973666,160.34479063915245,256.4167592988123
train_00069,train,0,B6,-415.57745996124413,327.1612433877572,536.9756755257293
train_00069,train,0,C2,1349.1718399179085,-450.49910631977684,111.10779442000668
train_00069,train,0,C3,1495.3402446399218,-451.54548202438787,279.32792246448173
train_00069,train,0,C4,1503.81818417515,-224.7541294850189,220.76375159888252
train_00069,train,0,C5,1315.115293583758,-370.4804993549348,207.17371947127205
train_00069,train,0,C6,1471.1458211333081,-122.84347628449467,309.06488536816244
train_00069,train,0,C7,1487.7836848352056,-470.17011528971807,305.86365467945745
train_00069,train,1,A2,-932.0265420853475,231.40114917217312,-187.52506356976818
train_00069,train,1,A3,-924.2302862156401,89.78785726792798,-285.29949638289787
train_00069,train,1,A4,-948.4957236981761,-122.36240596167346,-271.4690893046729
train_00069,train,1,A5,-875.4610533629954,52.33388912943294,293.37283650026734
train_00069,train,1,B2,-599.9734979686324,-252.0241703036665,-162.8151754271967
train_00069,train,1,B3,-599.97204495748,-181.13080726018998,-239.22313619572583
train_00069,train,1,B4,600.0130343493425,-181.18042320429976,-239.1220875223367
train_00069,train,1,B5,600.0132329432861,130.16794778926302,270.2483276418173
train_00069,train,1,B6,-599.9914843144741,192.82884227578225,229.74187512055136
train_00069,train,1,C2,1450.003786946347,-158.7831693009215,-57.80310506214886
train_00069,train,1,C3,1639.9739024779253,-152.9154087156335,58.45772075052505
train_00069,train,1,C4,1639.927469462229,64.68419930616844,-28.69074498641529
train_00069,train,1,C5,1450.0355862044453,-66.26806727978773,32.8612899735953
train_00069,train,1,C6,1639.9642030831749,178.006609564694,51.38179513312436
train_00069,train,1,C7,1639.9712719360248,-167.9255461819556,88.19847020465868
train_00069,train,2,A2,-681.1023122240665,231.97595652700292,-185.8146922306659
train_00069,train,2,A3,-673.2924496319097,90.38109054121074,-283.6895775425203
train_00069,train,2,A4,-697.5122571748191,-121.78046520688866,-269.80147639958204
train_00069,train,2,A5,-624.470274492169,52.95280168787514,295.09822971490894
train_00069,train,2,B2,-599.9669093493785,-251.9655162061254,-162.8412825208173
train_00069,train,2,B3,-599.9598261629851,-181.13445766529537,-239.1915430404682
train_00069,train,2,B4,599.9518686497858,-181.17455608009575,-239.1036497688217
train_00069,train,2,B5,599.9674985214945,130.18778552132125,270.27331035364676
train_00069,train,2,B6,-600.0249898385471,192.84952492251085,229.7893133910383
train_00069,train,2,C2,1449.9607719609044,-158.83013498907923,-57.83061316678693
train_00069,train,2,C3,1639.9692974709376,-152.97597844615075,58.476481505599104
train_00069,train,2,C4,1639.9885591199618,64.62548384454273,-28.668949265946505
train_00069,train,2,C5,1449.9603905720708,-66.235564676005,32.873461605086234
train_00069,train,2,C6,1639.9446090228978,177.94710427096814,51.27903147474983
train_00069,train,2,C7,1639.9592807014658,-167.8779194021376,88.24678048979871
train_00069,train,3,A2,-681.0641175140646,231.94520988852366,-185.82143152964497
train_00069,train,3,A3,-673.2439919564218,90.40241190204468,-283.6789615627079
train_00069,train,3,A4,-697.497639709369,-121.8277247012172,-269.7962909034882
train_00069,train,3,A5,-624.4810350655506,52.9726425196627,295.0844816357376
train_00069,train,3,B2,-599.992567066968,-252.03750204093748,-162.79351790769348
train_00069,train,3,B3,-600.0186587089579,-181.2176864331208,-239.17708287867978
train_00069,train,3,B4,600.0896836824141,-181.14878441264912,-239.10663530088354
train_00069,train,3,B5,599.9448901507574,130.1519765203879,270.29897879729964
train_00069,train,3,B6,-600.027310775426,192.81927455931296,229.7368063265945
train_00069,train,3,C2,1200.0026275382058,-158.63664807138701,-57.68138352039448
train_00069,train,3,C3,1390.0454833578397,-152.79687654267386,58.575787466629805
train_00069,train,3,C4,1389.9812917878996,64.78120205019336,-28.492670516493785
train_00069,train,3,C5,1199.9763855898825,-66.1853548015965,33.0424287387325
train_00069,train,3,C6,1390.0217395146376,178.0769670444509,51.608500582362126
train_00069,train,3,C7,1389.9814388047344,-167.75792790271265,88.43461038705519
train_00069,train,4,A2,-681.0759267247364,232.0131468352531,-185.8105787274787
train_00069,train,4,A3,-673.251512411455,90.47572851788951,-283.65537029456374
train_00069,train,4,A4,-697.5645794456971,-121.6079649977505,-269.7669764039777
train_00069,train,4,A5,-624.4821181392404,53.03593723112321,295.01728987217115
train_00069,train,4,B2,-599.993952060197,-251.93891756817203,-162.86543344041974
train_00069,train,4,B3,-599.9768872984769,-181.05744015941423,-239.1992021059683
train_00069,train,4,B4,599.9364847907788,-181.21938964802004,-239.18687642394698
train_00069,train,4,B5,599.9823098739894,130.17268102440016,270.2235290844496
train_00069,train,4,B6,-599.9904016502137,192.8859920902953,229.6935279765297
train_00069,train,4,C2,1199.929647249835,-158.7346950525919,-57.800088436411585
train_00069,train,4,C3,1389.9714316379425,-152.9678074980376,58.45441766091301
train_00069,train,4,C4,1389.9433088440278,64.68356243097521,-28.57782022883475
train_00069,train,4,C5,1199.9644739680793,-66.26653997595113,32.881928452961226
train_00069,train,4,C6,1389.9724100855778,177.9072524310276,51.42880778037147
train_00069,train,4,C7,1389.9309247542953,-167.92383470054568,88.20563029638755
train_00070,train,0,A2,-918.7003020962023,41.88001036924749,105.36478448774871
train_00070,train,0,A3,-895.8010050293816,-97.20133166620184,6.283508085247543
train_00070,train,0,A4,-953.1964662573157,-303.02139274458875,-5.598842324120298
train_00070,train,0,A5,-1067.4616496573499,-153.17473127984167,559.5535619661456
train_00070,train,0,B2,-387.61353662683695,-183.85202798409554,-320.14329057552044
train_00070,train,0,B3,-389.39716799233395,-109.9020317385667,-393.47213961961774
train_00070,train,0,B4,800.1628008301697,14.69773354544379,-295.5024578698814
train_00070,train,0,B5,727.4244410231018,300.27309938126825,223.76909101441566
train_00070,train,0,B6,-465.61554130903954,239.833393538669,87.80935993107391
train_00070,train,0,C2,1783.0793486740736,-195.63151624865543,-364.7259364554847
train_00070,train,0,C3,1984.1948155848202,-165.18280200742504,-273.6199648211119
train_00070,train,0,C4,1959.8452290939638,39.344578437183586,-385.3981909343437
train_00070,train,0,C5,1787.1279459021014,-92.58094087139021,-286.3196323698241
train_00070,train,0,C6,1961.2949098432966,161.64543484297837,-320.0761203703425
train_00070,train,0,C7,1988.5462602157418,-176.25660288972472,-242.44625760480923
train_00070,train,1,A2,-931.1044461639012,231.9967170006452,-185.88032814841557
train_00070,train,1,A3,-923.2821675769551,90.37966422535565,-283.77273136945263
train_00070,train,1,A4,-947.5474825214663,-121.77796564930954,-269.80725223008903
train_00070,train,1,A5,-874.5114828102978,52.989606217928326,294.93860029149954
train_00070,train,1,B2,-600.0302321966002,-251.99293711134536,-162.71355933855037
train_00070,train,1,B3,-600.0174017368021,-181.09891081845691,-239.10411497589746
train_00070,train,1,B4,600.0145109080061,-181.151626062909,-239.2214181840783
train_00070,train,1,B5,600.0315220327619,130.123226254277,270.2621516591281
train_00070,train,1,B6,-599.9133270030868,192.8618485456886,229.91008345623325
train_00070,train,1,C2,1450.015739896266,-158.70296327379333,-57.92475048349951
train_00070,train,1,C3,1640.0570178614976,-152.91104926594576,58.39160935744488
train_00070,train,1,C4,1639.9868345254533,64.61630201640044,-28.71197433119606
train_00070,train,1,C5,1450.0135955470382,-66.2944288756777,32.818635117917886
train_00070,train,1,C6,1639.9970889798494,177.96296541236416,51.31872645788814
train_00070,train,1,C7,1640.016028749865,-167.84595615155908,88.19945784207727
train_00070,train,2,A2,-682.6756692117449,230.97232729833422,-185.10285541378897
train_00070,train,2,A3,-674.8625438454856,89.40657928162234,-283.0275945857098
train_00070,train,2,A4,-699.0924306665963,-122.7388931339149,-269.120679196003
train_00070,train,2,A5,-626.0012022820661,51.94769195484625,295.7422034605581
train_00070,train,2,B2,-599.9912395358739,-251.9694178011256,-162.76357818902304
train_00070,train,2,B3,-600.1268940462377,-181.06463431367055,-239.0616265741118
train_00070,train,2,B4,600.0208235545583,-181.1111620261144,-239.14682981815275
train_00070,train,2,B5,599.9916007014925,130.13002314929224,270.2567778740594
train_00070,train,2,B6,-599.9613436021443,192.90038768346062,229.88048868191996
train_00070,train,2,C2,1449.9989207123126,-158.71351282173788,-57.90891307346739
train_00070,train,2,C3,1639.9886498947865,-152.91800196213038,58.35552948188033
train_00070,train,2,C4,1640.043893326045,64.6402839810443,-28.70549248676127
train_00070,train,2,C5,1450.024628665096,-66.26058705451825,32.87376782621766
train_00070,train,2,C6,1640.013090287496,177.98247531025726,51.32193813194311
train_00070,train,2,C7,1639.9925586418549,-167.80788744522707,88.17565563103794
train_00070,train,3,A2,-682.6468887210469,230.96637251234642,-185.15611297449618
train_00070,train,3,A3,-674.8643601925099,89.45683593652234,-283.01355422731746
train_00070,train,3,A4,-699.0865757749804,-122.73101216967099,-269.1189495104111
train_00070,train,3,A5,-625.9735213980497,51.88893232050935,295.7377698708956
train_00070,train,3,B2,-599.9987475836306,-251.94746165628243,-162.72046769164322
train_00070,train,3,B3,-600.0242495466424,-181.0831375628764,-239.0677591352186
train_00070,train,3,B4,599.9993163965551,-181.2225068234409,-239.18046240121132
train_00070,train,3,B5,600.0360359568546,130.1116911822054,270.20631915284787
train_00070,train,3,B6,-599.9467152628816,192.88089218913146,229.87964968463936
train_00070,train,3,C2,1199.9115447782372,-158.68761428557386,-57.89864529574703
train_00070,train,3,C3,1390.0187882818698,-152.91970135200447,58.35919460485019
train_00070,train,3,C4,1390.0237915764885,64.71609613670356,-28.66345178980297
train_00070,train,3,C5,1199.9985232143458,-66.19932849122408,32.78278040305345
train_00070,train,3,C6,1389.9257367555742,177.96433222355813,51.29723377715606
train_00070,train,3,C7,1389.9948726767411,-167.8351265506629,88.17033274867559
train_00070,train,4,A2,-682.0871547447276,231.53881607778752,-185.6346356051227
train_00070,train,4,A3,-674.3689667535259,89.93577825217588,-283.58852981790267
train_00070,train,4,A4,-698.6302166044803,-122.23210685019777,-269.5929136329233
train_00070,train,4,A5,-625.6537409543887,52.47746709699582,295.1851673861284
train_00070,train,4,B2,-599.643706305625,-251.38327188936964,-163.21049790332026
train_00070,train,4,B3,-599.5752642930381,-180.51066615836163,-239.56143395570413
train_00070,train,4,B4,600.4055329344084,-181.05247825372004,-239.24220688092564
train_00070,train,4,B5,600.3516239202622,130.30013376568743,270.1851710397109
train_00070,train,4,B6,-599.5341754131339,193.46998862310605,229.4525077373044
train_00070,train,4,C2,1200.3915275998615,-158.76297031371269,-57.73965339598137
train_00070,train,4,C3,1390.311149281302,-153.02387590341527,58.583978089824235
train_00070,train,4,C4,1390.4169963380546,64.52005977559035,-28.4763287577036
train_00070,train,4,C5,1200.3786065848315,-66.23662159452985,32.931325880939944
train_00070,train,4,C6,1390.4412769774751,177.94433735292327,51.557763923168814
train_00070,train,4,C7,1390.2864788982365,-167.95525466574085,88.43650997499711
train_00071,train,0,A2,-965.9363892149859,503.4159229143774,-275.256385111488
train_00071,train,0,A3,-918.9459997490338,375.27530384347267,-380.3111511790094
train_00071,train,0,A4,-934.6681911331434,162.73784090795684,-399.31223048012737
train_00071,train,0,A5,-1058.8524605822506,266.66080483192223,173.9683923430815
train_00071,train,0,B2,-281.05274785703693,-188.13061633248026,-216.05115969697218
train_00071,train,0,B3,-250.2649614737005,-100.94903474574362,-264.0805503167925
train_00071,train,0,B4,895.1994658569334,-386.34687164558164,-48.43255661209033
train_00071,train,0,B5,823.9634515846161,-238.3522858363157,525.638176580699
train_00071,train,0,B6,-300.86217451146223,116.63003931433957,292.5604407400554
train_00071,train,0,C2,1065.4420845951129,-34.305501463646124,-235.39757449453325
train_00071,train,0,C3,1266.4567528155817,-84.23422951133878,-153.12878034508145
train_00071,train,0,C4,1318.4198319385998,113.34947917354292,-268.0589963620109
train_00071,train,0,C5,1112.7436804491783,59.41313581352661,-159.45355766990116
train_00071,train,0,C6,1370.2184015721414,225.6869178614268,-205.35865275084936
train_00071,train,0,C7,1267.5669225536503,-95.9010456647708,-121.90777238245836
train_00071,train,1,A2,-931.0812916804656,232.0088829875587,-185.79974013335092
train_00071,train,1,A3,-923.3127237340842,90.39381277094789,-283.6838486189406
train_00071,train,1,A4,-947.563545981327,-121.72436427919402,-269.8115065417395
train_00071,train,1,A5,-874.4380502577176,52.958961901872655,295.0749637934574
train_00071,train,1,B2,-600.0867344465768,-251.99256493339914,-162.75104793626974
train_00071,train,1,B3,-600.0666277836494,-181.07829200633572,-239.10162390422718
train_00071,train,1,B4,600.0067241298158,-181.22939037925525,-239.2132695668165
train_00071,train,1,B5,600.0092811308572,130.05959102713103,270.2592576059281
train_00071,train,1,B6,-599.9871179516147,192.8964234963123,229.8367975374178
train_00071,train,1,C2,1449.947602882285,-158.7130981976203,-57.84911289457163
train_00071,train,1,C3,1639.9770735974312,-152.9157412460422,58.41362933728246
train_00071,train,1,C4,1640.0438767430198,64.6641339737704,-28.6251346995565
train_00071,train,1,C5,1450.0243833470083,-66.21706063950688,32.88072179646987
train_00071,train,1,C6,1640.0424082538618,177.8963889755217,51.40451873298019
train_00071,train,1,C7,1639.9708514680249,-167.8950123807111,88.24660628347088
train_00071,train,2,A2,-681.1710323273389,232.03346664156695,-185.73782322748184
train_00071,train,2,A3,-673.3281854375258,90.4981703950047,-283.5883978615903
train_00071,train,2,A4,-697.6322607639826,-121.68241646170137,-269.72518877900654
train_00071,train,2,A5,-624.5230167360664,52.94839532221018,295.0798371717644
train_00071,train,2,B2,-600.0484556691766,-251.9120945465944,-162.82027266536178
train_00071,train,2,B3,-600.0927485598736,-181.0672098155934,-239.08078773523346
train_00071,train,2,B4,599.9304227331326,-181.23265492558096,-239.23731853512592
train_00071,train,2,B5,599.9917599959743,130.06300549966986,270.28115548537846
train_00071,train,2,B6,-599.9910018337241,192.88478315174515,229.82477819269872
train_00071,train,2,C2,1450.0004754361964,-158.76534526889023,-57.82385535054054
train_00071,train,2,C3,1639.9512574102264,-152.9960907792894,58.379002828061076
train_00071,train,2,C4,1639.982413755729,64.61010296322425,-28.59968902423507
train_00071,train,2,C5,1449.951058459825,-66.23372749770972,32.88883416436413
train_00071,train,2,C6,1640.0428698397823,177.91464962548042,51.36568954470565
train_00071,train,2,C7,1639.9507542561828,-167.95084645083404,88.2060823560113
train_00071,train,3,A2,-681.1067970291263,232.04706621747383,-185.739626411453
train_00071,train,3,A3,-673.3337161714851,90.52696491611093,-283.591851136746
train_00071,train,3,A4,-697.5602658920163,-121.7464069219791,-269.70268171784306
train_00071,train,3,A5,-624.5229855209653,52.96602289677635,295.09459754583725
train_00071,train,3,B2,-600.0178141589215,-251.9043442515429,-162.7382273165783
train_00071,train,3,B3,-600.0789953347745,-181.0775873441362,-239.15748316749566
train_00071,train,3,B4,599.9043119164623,-181.18912622536402,-239.16642854042954
train_00071,train,3,B5,599.9442556781427,130.05414522602308,270.27432421024923
train_00071,train,3,B6,-599.9627836035693,192.89450530328418,229.82655334614216
train_00071,train,3,C2,1199.9741150947602,-158.89199722795883,-58.08754676068595
train_00071,train,3,C3,1389.9655146851953,-153.12246166782379,58.26072409575593
train_00071,train,3,C4,1390.0175876342105,64.51937656720415,-28.805281118255994
train_00071,train,3,C5,1199.983881163319,-66.38017772277527,32.728340895340594
train_00071,train,3,C6,1389.9791977446569,177.76693334864126,51.24160662853119
train_00071,train,3,C7,1389.8986061804992,-167.98461966628435,88.05121947529516
train_00071,train,4,A2,-681.179672511973,231.88645275809125,-185.84151239225326
train_00071,train,4,A3,-673.2784773589428,90.4216309950005,-283.7174275728993
train_00071,train,4,A4,-697.5256158138071,-121.75578368695122,-269.8311759612046
train_00071,train,4,A5,-624.5021156617578,52.93072163590959,295.03759058499145
train_00071,train,4,B2,-599.9533189022443,-252.0233875313226,-162.86798791983787
train_00071,train,4,B3,-599.9230597728978,-181.1207729727258,-239.19432870621083
train_00071,train,4,B4,600.0537512096936,-181.21320457193605,-239.20619030283072
train_00071,train,4,B5,600.0149645802837,130.08899457429433,270.26547360522756
train_00071,train,4,B6,-599.9997221659165,192.83031420787006,229.70940075374375
train_00071,train,4,C2,1200.0216166329174,-158.80462281143375,-57.89905910232361
train_00071,train,4,C3,1389.9882292838015,-153.04698978778768,58.405485817171055
train_00071,train,4,C4,1390.0055747538406,64.63816113996742,-28.682586854790053
train_00071,train,4,C5,1200.008739940423,-66.30891636461344,32.83641169916481
train_00071,train,4,C6,1390.021748877604,177.94164345677726,51.39790875529088
train_00071,train,4,C7,1390.0191302901087,-167.9283691855358,88.18660988985334
train_00072,train,0,A2,-813.4377080455073,523.8284952632068,-395.22319864380995
train_00072,train,0,A3,-768.824665565185,379.85582114210865,-478.64136599976644
train_00072,train,0,A4,-757.5408053857132,168.20527451766705,-448.7016865897624
train_00072,train,0,A5,-788.0381780297832,390.98947963188107,103.03209434797061
train_00072,train,0,B2,-804.1026335748589,-565.1693774066987,-17.42089553308884
train_00072,train,0,B3,-800.6519028145345,-530.9115521051871,-115.71616948316829
train_00072,train,0,B4,392.3011566961891,-660.7058715408484,-118.88284731510566
train_00072,train,0,B5,446.0765036131737,-174.47142819833277,223.3920216931049
train_00072,train,0,B6,-742.5544876759027,-3.7615811364413,164.3551538459503
train_00072,train,0,C2,1178.8398671316945,-227.17257886158114,-137.38718662705625
train_00072,train,0,C3,1367.9210012523574,-212.30145122427814,-20.334209787885214
train_00072,train,0,C4,1358.336020925277,4.744206840462485,-108.33532090981733
train_00072,train,0,C5,1174.13414845949,-134.41261165035706,-47.051676076883005
train_00072,train,0,C6,1352.916713168559,118.21727336895523,-28.795133049145
train_00072,train,0,C7,1368.440393060494,-227.0612914070981,9.510334713607106
train_00072,train,1,A2,-931.1425504533528,231.99803437598857,-185.89083939200813
train_00072,train,1,A3,-923.3245088061835,90.4407393412332,-283.6693438854661
train_00072,train,1,A4,-947.5845445430333,-121.76247279220978,-269.8520176405355
train_00072,train,1,A5,-874.4810656183141,52.94502956785467,294.9848945575248
train_00072,train,1,B2,-600.0281254113959,-251.97031817994323,-162.73794549056635
train_00072,train,1,B3,-600.0025008099344,-181.08892886001212,-239.0914008713086
train_00072,train,1,B4,599.9078991441351,-181.09193138974797,-239.08151585317435
train_00072,train,1,B5,600.0446821948441,130.2070210564738,270.3431948578939
train_00072,train,1,B6,-599.9758324110998,192.82691862314127,229.87386656720463
train_00072,train,1,C2,1449.910569408651,-158.74733565906465,-57.74521908652247
train_00072,train,1,C3,1639.9447104940923,-152.93380843383184,58.51429410863066
train_00072,train,1,C4,1639.932399258904,64.58691134891261,-28.63336371321152
train_00072,train,1,C5,1449.961615837092,-66.21997813022577,32.993859021804845
train_00072,train,1,C6,1639.9731237190263,177.9322673814364,51.38002731349773
train_00072,train,1,C7,1640.0364484812117,-167.92559369452246,88.27494980709102
train_00072,train,2,A2,-681.7018773425265,230.12545563565234,-185.55475360663462
train_00072,train,2,A3,-673.8986976592317,88.59603314431698,-283.4242529977491
train_00072,train,2,A4,-698.177483938674,-123.57968636718067,-269.4781915432728
train_00072,train,2,A5,-625.0953365115076,51.131391080572925,295.316309814707
train_00072,train,2,B2,-600.0384625698506,-251.99911801586964,-162.70073715508846
train_00072,train,2,B3,-599.9921894230531,-181.1299327478868,-239.0855119799705
train_00072,train,2,B4,599.9528427471757,-181.127556795497,-239.0842749572828
train_00072,train,2,B5,600.0208297369131,130.19178577253857,270.3556180516756
train_00072,train,2,B6,-599.9647918967834,192.83530924494448,229.8710270220525
train_00072,train,2,C2,1449.9836027500617,-158.74068649601642,-57.79056068830008
train_00072,train,2,C3,1639.9434914059862,-153.0025727673571,58.50525246267507
train_00072,train,2,C4,1639.9793067630203,64.6138575147849,-28.609894926453773
train_00072,train,2,C5,1449.9209307084207,-66.30607459844282,32.94413593086301
train_00072,train,2,C6,1640.018856080989,177.89070272427853,51.38687096572391
train_00072,train,2,C7,1640.0355882103097,-167.8928310105428,88.27026315755201
train_00072,train,3,A2,-681.7147599160608,230.20375177507572,-185.5471921279876
train_00072,train,3,A3,-673.874395465371,88.56059173102199,-283.44111269898804
train_00072,train,3,A4,-698.1569815258111,-123.56858344405411,-269.4949394165327
train_00072,train,3,A5,-625.1801033082733,51.11824658404122,295.3817332465056
train_00072,train,3,B2,-599.9967371268657,-251.97741787122533,-162.68869868115289
train_00072,train,3,B3,-599.9946981128309,-181.13633129202614,-239.11764141362275
train_00072,train,3,B4,599.9891362078047,-181.10023168014044,-239.08519409748942
train_00072,train,3,B5,599.9998024511797,130.13279902253,270.322465773497
train_00072,train,3,B6,-600.0469297693738,192.820884185229,229.90590544783936
train_00072,train,3,C2,1199.985604401239,-158.74533164107277,-57.82076823926169
train_00072,train,3,C3,1389.9375326884767,-152.9380350443622,58.45101837590261
train_00072,train,3,C4,1389.9552062672547,64.71146293820469,-28.699775626202154
train_00072,train,3,C5,1199.9451354649389,-66.1988200683224,32.85150307444153
train_00072,train,3,C6,1389.9919713468794,177.94684361666788,51.3479386187571
train_00072,train,3,C7,1389.9739264440295,-167.8238261921351,88.19514661837458
train_00072,train,4,A2,-681.3541229660341,231.2963305404061,-185.81786572789568
train_00072,train,4,A3,-673.5995906713704,89.70822886414321,-283.60326438404843
train_00072,train,4,A4,-697.9472333517286,-122.50114831614214,-269.7747135583125
train_00072,train,4,A5,-624.9839383918647,52.183228204431806,295.11667295367454
train_00072,train,4,B2,-599.9799038585242,-250.89307449791286,-162.96805112298424
train_00072,train,4,B3,-599.8995043543553,-180.0222316085913,-239.3284422355177
train_00072,train,4,B4,600.0517369925255,-180.71471235620308,-239.13662774752248
train_00072,train,4,B5,600.2905297325835,130.44442192269094,270.30985787054084
train_00072,train,4,B6,-599.7727582825185,193.8851582277238,229.67511848056284
train_00072,train,4,C2,1200.045173877777,-158.65173107205166,-57.79477591233554
train_00072,train,4,C3,1390.0972003127179,-152.99579515205616,58.48863170057719
train_00072,train,4,C4,1390.171786834374,64.6283293310222,-28.53382752354179
train_00072,train,4,C5,1200.1517007047096,-66.17117633922041,32.92174909911707
train_00072,train,4,C6,1390.2149976630942,177.8449906098198,51.45993339386391
train_00072,train,4,C7,1390.0292869669825,-167.9214904545611,88.26118427950271
train_00073,train,0,A2,-895.7734070103045,240.89153020661448,-546.2616471210779
train_00073,train,0,A3,-895.7010650637844,85.78931416235805,-621.3032241617665
train_00073,train,0,A4,-930.8215316405144,-120.19615005606664,-575.163003295511
train_00073,train,0,A5,-846.32838722304,134.90414264626972,-43.49708513600948
train_00073,train,0,B2,-307.21531787394315,-415.43096455656985,-300.17497255090296
train_00073,train,0,B3,-311.37740167016176,-330.16421158842127,-360.0041007262841
train_00073,train,0,B4,841.9462973549323,-103.91280376999792,-118.08092002562746
train_00073,train,0,B5,691.4840080563539,76.38448626359956,430.78748983258475
train_00073,train,0,B6,-469.79736231702833,-80.74385448501656,162.05761450052356
train_00073,train,0,C2,1682.8059459170906,-221.12097595480833,-71.19895013988578
train_00073,train,0,C3,1889.2654600212777,-251.74248762024806,6.8490858661070835
train_00073,train,0,C4,1908.3525716819843,-31.49964337517248,-70.95467108964245
train_00073,train,0,C5,1714.338514517269,-135.77712767076534,21.114007773818724
train_00073,train,0,C6,1941.2896727659056,75.13462686760123,11.594245818346277
train_00073,train,0,C7,1892.296089517948,-268.32509884206297,35.50146902618051
train_00073,train,1,A2,-931.0153466044819,231.9763743336532,-185.8244447512363
train_00073,train,1,A3,-923.261647696824,90.42822214381457,-283.66770466249176
train_00073,train,1,A4,-947.514827613457,-121.75405702906626,-269.797680119518
train_00073,train,1,A5,-874.4246522452413,52.957930834774956,295.0177960824304
train_00073,train,1,B2,-600.0527111141336,-252.00787358762696,-162.7346961886193
train_00073,train,1,B3,-600.0248076595841,-181.11422041706584,-239.1185915049725
train_00073,train,1,B4,599.9510178536271,-181.15933373597477,-239.2053199695192
train_00073,train,1,B5,600.005351589245,130.1975451380689,270.24706122513567
train_00073,train,1,B6,-600.0249122486443,192.797417886455,229.7823130536318
train_00073,train,1,C2,1450.1317721536193,-158.69092285123406,-57.897551227141314
train_00073,train,1,C3,1640.0563329078866,-152.8622836252467,58.390638992195555
train_00073,train,1,C4,1640.0150451654931,64.7659109113042,-28.756563970855648
train_00073,train,1,C5,1450.059104728196,-66.15404414904947,32.8490318169257
train_00073,train,1,C6,1640.0219962524584,178.03812760551787,51.25814413308961
train_00073,train,1,C7,1640.0817849317637,-167.73855838560235,88.09344892069672
train_00073,train,2,A2,-681.1498897128954,232.04619388847684,-185.87929129028143
train_00073,train,2,A3,-673.3241942200688,90.51639341590436,-283.6783847892335
train_00073,train,2,A4,-697.5716717564751,-121.69973573400823,-269.8306817245495
train_00073,train,2,A5,-624.552592495694,52.99347149491876,295.00816908103747
train_00073,train,2,B2,-599.9937365764333,-251.956353727711,-162.74672169593538
train_00073,train,2,B3,-600.0173489935513,-181.11239700884954,-239.11584725744407
train_00073,train,2,B4,599.9581118846542,-181.1629955398158,-239.1944591898657
train_00073,train,2,B5,600.008398628353,130.19801397823417,270.2750885428754
train_00073,train,2,B6,-599.9821498611055,192.8396451567391,229.84113696280943
train_00073,train,2,C2,1450.0890334132307,-158.69235771038743,-57.86742554804481
train_00073,train,2,C3,1640.0537671886325,-152.89871275925086,58.34876350000862
train_00073,train,2,C4,1640.0516458402724,64.74303788919084,-28.794799573447445
train_00073,train,2,C5,1450.0604991260961,-66.14719499101571,32.87648285301357
train_00073,train,2,C6,1639.9826805998835,178.0463023913751,51.26989715968756
train_00073,train,2,C7,1640.03266091144,-167.71558212003893,88.18023558570465
train_00073,train,3,A2,-681.1678061780812,232.06199145075087,-185.9000519939867
train_00073,train,3,A3,-673.3903046167798,90.41045680253202,-283.7677322889228
train_00073,train,3,A4,-697.5530989603008,-121.69029156907605,-269.8326802853029
train_00073,train,3,A5,-624.5701148529988,53.03290477269876,294.98113727900886
train_00073,train,3,B2,-600.0147792118034,-251.99974737667227,-162.73344383401906
train_00073,train,3,B3,-600.0509333612317,-181.09160774609995,-239.08991502188408
train_00073,train,3,B4,599.9687471115726,-181.16396754657507,-239.22728617431295
train_00073,train,3,B5,600.010377167099,130.12662099262482,270.2391532054073
train_00073,train,3,B6,-600.0000582276649,192.88422604909704,229.8003712165093
train_00073,train,3,C2,1199.9446559494006,-158.55910316621717,-58.054957219973936
train_00073,train,3,C3,1389.9280032309057,-152.79495814746562,58.235591987958706
train_00073,train,3,C4,1389.9309016523127,64.80651773955515,-28.811144308386005
train_00073,train,3,C5,1199.9267833654853,-66.1071409193202,32.70578872027682
train_00073,train,3,C6,1389.9115130061487,178.06432201945938,51.2931542853895
train_00073,train,3,C7,1389.91916675821,-167.69665690224383,88.06021488184906
train_00073,train,4,A2,-681.130803833473,232.02024023357563,-185.8521770760898
train_00073,train,4,A3,-673.2882501718099,90.43410346370077,-283.6331309981901
train_00073,train,4,A4,-697.5568592461372,-121.74132932241628,-269.74936528124476
train_00073,train,4,A5,-624.4267598587858,53.1132698681497,295.09091326791525
train_00073,train,4,B2,-599.9885158959745,-252.0094978110327,-162.66797712748536
train_00073,train,4,B3,-600.0135947733501,-181.14934370852572,-239.07855719353492
train_00073,train,4,B4,600.0475172279891,-181.23773965792523,-239.13551555380718
train_00073,train,4,B5,600.066077705687,130.14262985823808,270.3285571149634
train_00073,train,4,B6,-599.9227880108954,192.85706216726683,229.88973850417088
train_00073,train,4,C2,1199.9705438803453,-158.63139078230358,-57.99618615204575
train_00073,train,4,C3,1390.017427140682,-152.85521800943837,58.245724724696046
train_00073,train,4,C4,1389.9930429300057,64.72556314688758,-28.722111478789543
train_00073,train,4,C5,1199.9917604215852,-66.15617664189155,32.7072886757948
train_00073,train,4,C6,1390.0322541168011,178.05035125493245,51.257880369237405
train_00073,train,4,C7,1390.0134457672284,-167.84562381284795,88.0643321879193
train_00074,train,0,A2,-1230.183622402064,443.4869866986391,-97.45854413841587
train_00074,train,0,A3,-1224.6677088140566,302.9530533423084,-197.0194897963441
train_00074,train,0,A4,-1253.2253629075476,91.2089920792706,-185.91842383889963
train_00074,train,0,A5,-1179.9008905082862,257.45650444768415,381.44687463682686
train_00074,train,0,B2,-877.2440227230608,-260.373333557112,-242.01991671043055
train_00074,train,0,B3,-885.933099648578,-206.03506772071674,-330.58491611221524
train_00074,train,0,B4,295.523383949702,-311.1116025302034,-511.99408595837525
train_00074,train,0,B5,397.2519758080262,92.38189933232964,-83.84368762634058
train_00074,train,0,B6,-787.5777099628253,250.80374827481103,45.45915007216657
train_00074,train,0,C2,1301.8839186070386,-481.0180580612918,-246.9690791853064
train_00074,train,0,C3,1495.9130622865232,-475.6398797701406,-137.33198345257645
train_00074,train,0,C4,1496.619453923974,-260.40811151843064,-230.14969921876352
train_00074,train,0,C5,1306.641191125828,-386.23556590554574,-158.80872212863886
train_00074,train,0,C6,1501.3169994360162,-145.05445749835516,-153.1899765857757
train_00074,train,0,C7,1496.6654695630575,-489.6759470388162,-107.2229558517134
train_00074,train,1,A2,-931.037809984505,231.99317752020534,-185.87810645981034
train_00074,train,1,A3,-923.3186803678342,90.3670045889663,-283.7502408906361
train_00074,train,1,A4,-947.5375802599754,-121.78581862574633,-269.7884930313056
train_00074,train,1,A5,-874.4363609631731,52.98552956488108,295.0258488527691
train_00074,train,1,B2,-600.049181338421,-251.949678549933,-162.77680363021747
train_00074,train,1,B3,-600.0312922775789,-181.0954185792698,-239.15236198504942
train_00074,train,1,B4,599.9284301394283,-181.09459872127235,-239.2019547071145
train_00074,train,1,B5,600.0545217135841,130.126226523474,270.31896379744387
train_00074,train,1,B6,-599.9722295509614,192.87481039126789,229.8016347379065
train_00074,train,1,C2,1449.9929948009053,-158.59046454101684,-57.737732388240524
train_00074,train,1,C3,1640.0769287244682,-152.8100265415895,58.447716185125785
train_00074,train,1,C4,1640.016651969909,64.79649859683612,-28.608585238927812
train_00074,train,1,C5,1449.9642904845443,-66.14966941284405,32.904980965552944
train_00074,train,1,C6,1639.9701085921392,178.01553633142342,51.39528339370692
train_00074,train,1,C7,1640.0069750163036,-167.68836265104414,88.26264911639299
train_00074,train,2,A2,-681.0664772184301,232.13639844045096,-185.7221811485789
train_00074,train,2,A3,-673.2614643449928,90.56686327572069,-283.63490858454287
train_00074,train,2,A4,-697.5155077298608,-121.61407819810405,-269.80382555697327
train_00074,train,2,A5,-624.4637723754641,52.95522854218985,295.052333635845
train_00074,train,2,B2,-599.9863915197647,-251.89580230630338,-162.8040685696585
train_00074,train,2,B3,-600.0536791001958,-181.08572495281064,-239.21717368213723
train_00074,train,2,B4,599.9728419322659,-181.12257673093487,-239.11255665794695
train_00074,train,2,B5,600.0214413903552,130.08697296417213,270.29294867381356
train_00074,train,2,B6,-599.9751285051999,192.84252618901246,229.83007750768792
train_00074,train,2,C2,1449.9890430775854,-158.6264594072491,-57.80422490806831
train_00074,train,2,C3,1640.0406464188275,-152.7856379231507,58.45603476801805
train_00074,train,2,C4,1639.9987199422922,64.80388646011927,-28.589892138341764
train_00074,train,2,C5,1450.043863196645,-66.16319198786562,32.94489636149806
train_00074,train,2,C6,1639.967080181606,178.12383485573673,51.399978278983
train_00074,train,2,C7,1639.976549613174,-167.75299050888694,88.19848168531087
train_00074,train,3,A2,-681.037028076072,232.11983207716744,-185.7662918907833
train_00074,train,3,A3,-673.2757715323138,90.55308261515674,-283.60094901464447
train_00074,train,3,A4,-697.5580038067709,-121.67577647175713,-269.7983772009543
train_00074,train,3,A5,-624.481049762521,53.01819593605459,295.09782929623725
train_00074,train,3,B2,-599.9904477317556,-251.94065416723262,-162.8253771252302
train_00074,train,3,B3,-600.0001506618232,-181.02986346717088,-239.13621502624946
train_00074,train,3,B4,600.0055698419516,-181.13442569430256,-239.19955158857377
train_00074,train,3,B5,600.0229262581249,130.12314249695612,270.3562432274338
train_00074,train,3,B6,-600.0196640922752,192.8916471770196,229.8301355880118
train_00074,train,3,C2,1199.9715176837142,-158.79343071641907,-57.831473629443174
train_00074,train,3,C3,1390.0324777094686,-153.03663462792386,58.44808233626914
train_00074,train,3,C4,1390.0602068106527,64.58880363438858,-28.65150905909599
train_00074,train,3,C5,1199.9971787987658,-66.30157342706858,32.9470441660388
train_00074,train,3,C6,1390.0727298817155,177.85156673802283,51.453280677513185
train_00074,train,3,C7,1390.005190333627,-167.90902132760218,88.25890079302216
train_00074,train,4,A2,-681.0663274480999,231.9942400541598,-185.9414174049275
train_00074,train,4,A3,-673.2966620387526,90.42809220037547,-283.79959935515967
train_00074,train,4,A4,-697.5761191158498,-121.71464024524491,-269.88870234509415
train_00074,train,4,A5,-624.4999396078193,53.0114271108854,294.91767598824885
train_00074,train,4,B2,-599.9318566889822,-252.0847042615086,-162.83831871600512
train_00074,train,4,B3,-599.9848088672996,-181.218036304281,-239.2897822336436
train_00074,train,4,B4,599.9788589360264,-181.16499508315792,-239.200317348961
train_00074,train,4,B5,599.9427869805586,130.166223275105,270.2642672677287
train_00074,train,4,B6,-600.0142087852862,192.81011310276196,229.7726707659633
train_00074,train,4,C2,1199.941188530242,-158.72867893201973,-57.81126857024574
train_00074,train,4,C3,1389.9760584653611,-152.9033525175008,58.49928792481905
train_00074,train,4,C4,1390.0327683382561,64.66828209887818,-28.614521249338345
train_00074,train,4,C5,1199.9871091918928,-66.21796545157902,32.920578514828705
train_00074,train,4,C6,1390.0222821017826,178.03613156283663,51.39191200280335
train_00074,train,4,C7,1390.0171863739495,-167.81807513404908,88.2416240123277
train_00075,train,0,A2,-637.4108901266518,312.5268596398036,-67.11455341629113
train_00075,train,0,A3,-639.183070822291,176.7779944454132,-173.25087814710014
train_00075,train,0,A4,-663.6001634564402,-35.780872876476046,-169.5231061401336
train_00075,train,0,A5,-540.5682527103941,105.87602398879795,395.8841099329486
train_00075,train,0,B2,-552.9415818258657,-502.3675612543668,-346.1467300838785
train_00075,train,0,B3,-580.1644285591585,-440.346192128533,-425.29361062751036
train_00075,train,0,B4,573.6978367073032,-164.91716240890577,-606.1444814223759
train_00075,train,0,B5,567.2714404842666,181.37460608385123,-119.88856624702969
train_00075,train,0,B6,-607.1225726409683,-36.82154866865046,17.6496441867979
train_00075,train,0,C2,1083.0998248710243,-183.40893021717676,-253.55963890420287
train_00075,train,0,C3,1259.464413331001,-221.496223265763,-122.764416671764
train_00075,train,0,C4,1310.8410215044405,-5.15994316470356,-196.80450149450874
train_00075,train,0,C5,1093.8111742316987,-96.63133698619696,-157.88445728464336
train_00075,train,0,C6,1326.6901195500059,102.34642333249766,-110.56415593533558
train_00075,train,0,C7,1253.8390392907806,-237.34076790516713,-93.97662678231862
train_00075,train,1,A2,-931.1286823790576,231.90286304597163,-185.7437572896626
train_00075,train,1,A3,-923.3708866357574,90.32935959632044,-283.63598562493115
train_00075,train,1,A4,-947.6075346770981,-121.86303375728723,-269.7252335881765
train_00075,train,1,A5,-874.510783725814,52.89604004750163,295.0743432372581
train_00075,train,1,B2,-599.9312624355081,-252.0837189243542,-162.64380019962547
train_00075,train,1,B3,-599.9873234771337,-181.16555896855627,-239.14393450386748
train_00075,train,1,B4,600.004769870215,-181.11480744575604,-239.10819081444146
train_00075,train,1,B5,599.986411173556,130.29009160495028,270.24582705686663
train_00075,train,1,B6,-600.0699263657503,192.81862800601684,229.7395787391542
train_00075,train,1,C2,1449.9815387298001,-158.68407237025468,-57.83462623272336
train_00075,train,1,C3,1639.989188418195,-152.84767891394074,58.46473544781404
train_00075,train,1,C4,1639.984705442501,64.70583381325055,-28.673556223162475
train_00075,train,1,C5,1450.000568459511,-66.1806445743724,32.84389920327978
train_00075,train,1,C6,1640.0444034764416,178.0122785770399,51.40319582719365
train_00075,train,1,C7,1640.0080448595968,-167.79177255556925,88.2790334288519
train_00075,train,2,A2,-681.1737776916715,231.88763424184842,-185.95724157934785
train_00075,train,2,A3,-673.3264755835968,90.30098107258429,-283.72070565860935
train_00075,train,2,A4,-697.5410454583815,-121.79018058575406,-269.74642838653995
train_00075,train,2,A5,-624.4983952686456,53.06322558187146,295.03634502369067
train_00075,train,2,B2,-600.0019172231587,-252.04044773191444,-162.7619667067326
train_00075,train,2,B3,-600.0545402267059,-181.2022096371549,-239.1459954330126
train_00075,train,2,B4,599.9909215366639,-181.16158766318924,-239.066358722705
train_00075,train,2,B5,599.9079398577078,130.2257481264249,270.26243229792897
train_00075,train,2,B6,-600.0543363170386,192.8288370464174,229.76993121303843
train_00075,train,2,C2,1450.0030102056533,-158.68474048969284,-57.8326352110648
train_00075,train,2,C3,1640.0234754634228,-152.86615172997944,58.43254353646565
train_00075,train,2,C4,1639.9687733264695,64.7385347237691,-28.636929337638296
train_00075,train,2,C5,1449.9862256140434,-66.24537257386692,32.89731182019859
train_00075,train,2,C6,1639.9571005917123,178.0387206341605,51.384027690584055
train_00075,train,2,C7,1640.030189946491,-167.7639912124503,88.21648740730174
train_00075,train,3,A2,-681.0990172412929,231.95885929360617,-185.8421368662996
train_00075,train,3,A3,-673.3119641710218,90.2888384204254,-283.72121362291824
train_00075,train,3,A4,-697.5024622629682,-121.82849180518066,-269.8127106066838
train_00075,train,3,A5,-624.4776769909485,53.06250384149232,294.997598959034
train_00075,train,3,B2,-599.9924710689024,-252.0317663658177,-162.74973133365037
train_00075,train,3,B3,-599.9802378592852,-181.13909270886364,-239.23842753956055
train_00075,train,3,B4,600.0462061824721,-181.1575325516957,-239.02946666503647
train_00075,train,3,B5,599.9552202441575,130.20943382656245,270.3019693630859
train_00075,train,3,B6,-600.037985500957,192.8605629352929,229.78474921423918
train_00075,train,3,C2,1199.9770059796313,-158.69744107915994,-57.799709217389086
train_00075,train,3,C3,1389.9300465443982,-152.98555883831133,58.56314928046726
train_00075,train,3,C4,1390.015346382208,64.61940182665954,-28.63477364209225
train_00075,train,3,C5,1199.9680297544576,-66.17430796881736,32.889974024147634
train_00075,train,3,C6,1390.0133763933427,177.94591298839532,51.373646565628086
train_00075,train,3,C7,1389.9040913680074,-167.85384491000804,88.38032487487538
train_00075,train,4,A2,-681.1324185453057,232.01448797464062,-185.79211686392935
train_00075,train,4,A3,-673.3027660438139,90.38514358292645,-283.6849263185678
train_00075,train,4,A4,-697.5590211515104,-121.72187282848762,-269.71548970924476
train_00075,train,4,A5,-624.40964158796,52.99781513524645,295.01406949966776
train_00075,train,4,B2,-599.9301704167742,-252.03055762310316,-162.78194697264593
train_00075,train,4,B3,-600.0073518719128,-181.16835360948684,-239.14024388870732
train_00075,train,4,B4,599.9766868532334,-181.07687048223346,-239.1412129011279
train_00075,train,4,B5,599.9990868603527,130.2094830252242,270.3317501968886
train_00075,train,4,B6,-599.985650505371,192.85062746410406,229.8550481629676
train_00075,train,4,C2,1199.952500998178,-158.67621581756845,-57.92149173063985
train_00075,train,4,C3,1389.9270812743994,-152.99877746860832,58.424051817518915
train_00075,train,4,C4,1389.9960744085736,64.62046948341707,-28.732315870536265
train_00075,train,4,C5,1199.9829815282035,-66.20436594734551,32.77310495291543
train_00075,train,4,C6,1390.0518553806833,177.88742602341975,51.28843448196761
train_00075,train,4,C7,1389.943008931027,-167.811492168398,88.19528925729219
train_00076,train,0,A2,-812.7687866971742,260.2184719620217,46.290545895824785
train_00076,train,0,A3,-806.0258506715736,119.03889133011485,-52.34651829136905
train_00076,train,0,A4,-831.0006751299828,-93.06189130141009,-39.373653595372154
train_00076,train,0,A5,-754.968163633887,78.58929440779931,526.0147591473411
train_00076,train,0,B2,-737.3133768321319,-496.96218028903394,107.69746058039898
train_00076,train,0,B3,-734.5038548242329,-422.0554142586485,35.41192376699948
train_00076,train,0,B4,465.03599430068743,-449.8962964260536,52.300319982146746
train_00076,train,0,B5,464.2378198293099,-167.61111355983056,578.3018398739323
train_00076,train,0,B6,-733.3460644546057,-74.98516293468882,524.5961956530139
train_00076,train,0,C2,1665.770637004217,-482.6661987171768,-128.12348015771676
train_00076,train,0,C3,1878.791421468221,-470.3164420260574,-64.0183980672939
train_00076,train,0,C4,1853.186740935725,-257.16502175825605,-157.92043491230717
train_00076,train,0,C5,1687.0722813578375,-385.89045101622935,-44.60988123072507
train_00076,train,0,C6,1871.3629694366214,-140.1610711033905,-85.68374784256163
train_00076,train,0,C7,1886.5963867982696,-483.72524576056105,-34.525995271998916
train_00076,train,1,A2,-930.3839675640868,230.17597025778446,-185.60158978164685
train_00076,train,1,A3,-922.550419720595,88.57808306182329,-283.41698068416997
train_00076,train,1,A4,-946.7625009921778,-123.57006401368443,-269.5684578498925
train_00076,train,1,A5,-873.7327073638431,51.10657194032317,295.32274993057877
train_00076,train,1,B2,-599.9838798984188,-251.97000645988908,-162.84638376531035
train_00076,train,1,B3,-600.0372507479865,-181.11647086741812,-239.1845901537609
train_00076,train,1,B4,599.931255392562,-181.17999789320578,-239.12462051480642
train_00076,train,1,B5,600.0345588284908,130.15579497748888,270.2840495464997
train_00076,train,1,B6,-600.0231751896297,192.78761572420586,229.76878447925077
train_00076,train,1,C2,1449.9758711764262,-158.71200336019842,-57.833487823385525
train_00076,train,1,C3,1639.9425363798916,-152.95697006794205,58.4011399056847
train_00076,train,1,C4,1640.0083415488352,64.6149483457695,-28.60136075846267
train_00076,train,1,C5,1449.937812341418,-66.31402765595622,32.91938010133386
train_00076,train,1,C6,1639.9773300556858,177.91950248853377,51.47086564095377
train_00076,train,1,C7,1639.9253092463907,-167.87804371454482,88.27474447066679
train_00076,train,2,A2,-681.1077810952402,231.96252490198455,-185.87097486678508
train_00076,train,2,A3,-673.2541544903094,90.47741103198979,-283.7666822330568
train_00076,train,2,A4,-697.5304426156479,-121.74756940372585,-269.9207820933786
train_00076,train,2,A5,-624.5174916246888,52.93048081924364,294.92248462019035
train_00076,train,2,B2,-600.0098425783864,-252.0437263504316,-162.76259260681243
train_00076,train,2,B3,-599.9734589904948,-181.09069298689775,-239.19747930810323
train_00076,train,2,B4,600.0203395175283,-181.1577561621765,-239.12753017436424
train_00076,train,2,B5,599.9759903300248,130.14845458122142,270.3051317455893
train_00076,train,2,B6,-600.0272980317259,192.8064799049147,229.77971605773448
train_00076,train,2,C2,1449.950543866208,-158.7306049650907,-57.85836433714066
train_00076,train,2,C3,1639.9041422388545,-152.9588123063996,58.487387067701306
train_00076,train,2,C4,1639.9782621951283,64.58719098719834,-28.61149318076143
train_00076,train,2,C5,1449.8749627626603,-66.23673096189006,32.9059815911543
train_00076,train,2,C6,1640.0219855270855,177.9545977677828,51.3810324570969
train_00076,train,2,C7,1639.9295168491783,-167.8958838721015,88.23901816117528
train_00076,train,3,A2,-681.0904493828272,231.98753420132078,-185.92283253088834
train_00076,train,3,A3,-673.2826396323895,90.37314050416211,-283.71677637349774
train_00076,train,3,A4,-697.5937078127113,-121.72827431652514,-269.8465884616635
train_00076,train,3,A5,-624.5138093795797,52.899953605971504,295.00753072089174
train_00076,train,3,B2,-599.985644078046,-251.97430071402684,-162.77480653174558
train_00076,train,3,B3,-600.0096387251815,-181.16475106336313,-239.21134280440808
train_00076,train,3,B4,599.9743509822613,-181.20252285974445,-239.14511200929422
train_00076,train,3,B5,600.0208729894757,130.1615185116259,270.2596753901466
train_00076,train,3,B6,-599.9651336037618,192.81888601623103,229.75723159165355
train_00076,train,3,C2,1200.001107848079,-158.68226129680502,-57.866925652041544
train_00076,train,3,C3,1390.0522495026962,-152.8153792485038,58.4114418902823
train_00076,train,3,C4,1389.9629347742498,64.72662959083627,-28.683832359510294
train_00076,train,3,C5,1200.0808085420047,-66.17129049758202,32.811006422946704
train_00076,train,3,C6,1390.014494797874,177.9983041264398,51.33507508111861
train_00076,train,3,C7,1390.0260658688032,-167.75508075252043,88.14916382297127
train_00076,train,4,A2,-681.0296654436901,231.9030780817176,-185.72888841697747
train_00076,train,4,A3,-673.2791337800736,90.39518637209261,-283.6029613526399
train_00076,train,4,A4,-697.5609053302892,-121.82438798379147,-269.72174821697786
train_00076,train,4,A5,-624.4839528049326,52.904949900063144,295.1227814046208
train_00076,train,4,B2,-600.0062328734875,-252.03746911277608,-162.6879244785983
train_00076,train,4,B3,-600.0255153287352,-181.146875190114,-239.04853446362992
train_00076,train,4,B4,599.9593829083334,-181.24370180174617,-239.03952113754548
train_00076,train,4,B5,600.0689003143065,130.0417276408773,270.3175388633182
train_00076,train,4,B6,-599.9545171416504,192.8807548303716,229.87705786901108
train_00076,train,4,C2,1200.058614468717,-158.74368794652122,-57.8536539203385
train_00076,train,4,C3,1390.0615058979718,-153.0286797870108,58.37913163338337
train_00076,train,4,C4,1390.1155049746833,64.5915259522792,-28.639899553156386
train_00076,train,4,C5,1200.0586859319558,-66.35303046753758,32.89224666820802
train_00076,train,4,C6,1390.046405892133,177.85598226068464,51.40272368602778
train_00076,train,4,C7,1390.1088125290983,-167.9533667424271,88.11312775344663
train_00077,train,0,A2,-962.9367837938679,72.00475263300325,77.97938986253011
train_00077,train,0,A3,-961.4728406914419,-61.2081387551542,-31.27144699074563
train_00077,train,0,A4,-941.1873934315392,-274.23721969688654,-31.98413368891219
train_00077,train,0,A5,-724.5214925609367,-109.99490170602668,498.08599434841443
train_00077,train,0,B2,-903.1611284180221,-182.3533207097955,-331.3307956535498
train_00077,train,0,B3,-907.0668227304047,-108.41722252320876,-404.5812754836063
train_00077,train,0,B4,292.0125945023651,-64.09322731718812,-423.5515814799245
train_00077,train,0,B5,289.58089908969976,225.35895965168692,98.64258938768855
train_00077,train,0,B6,-912.4632448073282,245.32842113366894,79.83963552383189
train_00077,train,0,C2,1313.0204195318167,140.5694160859993,-328.69371992162843
train_00077,train,0,C3,1506.3474954956519,144.64454445117178,-217.9380762208312
train_00077,train,0,C4,1507.6863776095845,360.9311066119387,-308.3727318275146
train_00077,train,0,C5,1317.227809913207,234.43145055999713,-239.42984090996708
train_00077,train,0,C6,1511.9933324929866,475.33329442917886,-230.09226296570912
train_00077,train,0,C7,1506.9358829053135,130.24141206895487,-187.99283189740183
train_00077,train,1,A2,-931.1729147142062,232.06458824279431,-185.86661896863257
train_00077,train,1,A3,-923.3676103926101,90.39689783177275,-283.69909822096656
train_00077,train,1,A4,-947.5927695693911,-121.68863625715255,-269.80906815822976
train_00077,train,1,A5,-874.4594070864965,53.07282319934029,295.0201767764612
train_00077,train,1,B2,-600.0738635897965,-251.9629162271024,-162.75563791274575
train_00077,train,1,B3,-600.0604052153705,-181.11433559231733,-239.14623491952662
train_00077,train,1,B4,599.956268615196,-181.1055680119339,-239.13036115461665
train_00077,train,1,B5,600.021165992778,130.16784514768185,270.2849407842583
train_00077,train,1,B6,-600.0585242857687,192.8555844681287,229.82891651598337
train_00077,train,1,C2,1449.9773488873388,-158.66726014371048,-57.82449943514431
train_00077,train,1,C3,1639.9711164709468,-152.86352187614114,58.4530385760803
train_00077,train,1,C4,1639.99190732683,64.71101719278859,-28.634756857966828
train_00077,train,1,C5,1450.0336297723434,-66.17907033846608,32.85262754362487
train_00077,train,1,C6,1639.961165405733,178.11453532805342,51.418392425055174
train_00077,train,1,C7,1640.0476363057207,-167.7230316652327,88.19864845971112
train_00077,train,2,A2,-681.6665618836472,233.6808941019202,-184.8708861325106
train_00077,train,2,A3,-673.9184454317116,92.1611567394156,-282.7050766523442
train_00077,train,2,A4,-698.1536728081796,-120.01736079213615,-268.9271662874183
train_00077,train,2,A5,-625.1609273658546,54.611220691384005,296.032443660907
train_00077,train,2,B2,-600.012752634579,-251.99878838127225,-162.6977658343098
train_00077,train,2,B3,-600.0012149433463,-181.09052806118177,-239.11360179080756
train_00077,train,2,B4,600.016255049913,-181.12534816661505,-239.08879282795476
train_00077,train,2,B5,599.9516677135601,130.2094433158371,270.3298347416527
train_00077,train,2,B6,-600.0470727131933,192.85180979146787,229.8649933471863
train_00077,train,2,C2,1450.010411696244,-158.63305493260947,-57.79199494837471
train_00077,train,2,C3,1639.9651136978553,-152.84642192347928,58.50567354615419
train_00077,train,2,C4,1639.957675896005,64.74361143315393,-28.678690166630357
train_00077,train,2,C5,1450.0116847187912,-66.17748392186688,32.90060675147791
train_00077,train,2,C6,1639.9846282238807,178.0332956298551,51.398133616611325
train_00077,train,2,C7,1639.9717464743014,-167.69987892729057,88.2111356523251
train_00077,train,3,A2,-681.6813190392454,233.72753818113537,-184.89871069383307
train_00077,train,3,A3,-673.9200356748604,92.13492517285849,-282.72180907562273
train_00077,train,3,A4,-698.1712502829085,-119.99662273777913,-268.844907680421
train_00077,train,3,A5,-625.1269040006466,54.646677340034124,296.0681978135932
train_00077,train,3,B2,-600.0270775042088,-252.01199965492435,-162.72317482695206
train_00077,train,3,B3,-600.0474635335784,-181.1143992793908,-239.14495784506914
train_00077,train,3,B4,599.9513285592172,-181.15971021634977,-239.11194861665342
train_00077,train,3,B5,599.9592928288084,130.17077136928003,270.3045431648367
train_00077,train,3,B6,-600.0019365879613,192.89700161714148,229.83575482029522
train_00077,train,3,C2,1200.052783783586,-158.631757508164,-57.73582045598884
train_00077,train,3,C3,1390.0193540702182,-152.83599392505766,58.46735178279174
train_00077,train,3,C4,1390.0784874203189,64.73451368158887,-28.61747926626574
train_00077,train,3,C5,1200.0508084462851,-66.18530795234169,32.93820675707579
train_00077,train,3,C6,1389.9671033041895,178.04170700232712,51.40362552508286
train_00077,train,3,C7,1390.0663078516511,-167.7428794208418,88.28325714324227
train_00077,train,4,A2,-681.6105687932085,232.75030130430412,-185.4445519170606
train_00077,train,4,A3,-673.693707280483,91.11836542522566,-283.31895286578776
train_00077,train,4,A4,-697.9052347583905,-121.0023036968109,-269.3734127232853
train_00077,train,4,A5,-625.1257230819361,53.87411577551898,295.4261150251396
train_00077,train,4,B2,-599.7294680507525,-252.83210031227333,-163.17582769999186
train_00077,train,4,B3,-599.782608712062,-182.02083856048762,-239.59124559525344
train_00077,train,4,B4,600.2522041100643,-181.57805079098316,-239.25096618888503
train_00077,train,4,B5,599.9962073842597,129.95307937850006,270.0652405430543
train_00077,train,4,B6,-600.0459817546396,192.0841200606495,229.2703642908047
train_00077,train,4,C2,1200.2287968330395,-158.8690086152753,-57.8238755069469
train_00077,train,4,C3,1390.2056225736676,-152.84045377299384,58.53393520145027
train_00077,train,4,C4,1390.097905263421,64.69552792654326,-28.704373648462067
train_00077,train,4,C5,1200.1401583455286,-66.27131130998615,32.85580477920891
train_00077,train,4,C6,1390.0247927756338,177.99773825258512,51.32062001550584
train_00077,train,4,C7,1390.2001773682146,-167.7683884564435,88.29799637581269
train_00078,train,0,A2,-1211.0096774254903,260.187178979153,124.18547723265043
train_00078,train,0,A3,-1194.364721546476,118.0474381644433,28.28672829436539
train_00078,train,0,A4,-1208.7954836451586,-94.88759135346055,44.242472895729925
train_00078,train,0,A5,-1156.514546210108,89.56358069363021,608.3727625943773
train_00078,train,0,B2,-311.44991611119804,-202.89830751254078,-385.4692999386978
train_00078,train,0,B3,-329.64969142154666,-123.14644958718213,-450.1303596487957
train_00078,train,0,B4,839.8965219392622,-68.67667042327558,-712.9868094741678
train_00078,train,0,B5,948.2481804920255,177.16846955940852,-179.75142435072084
train_00078,train,0,B6,-231.41300828513937,189.68826358961016,52.08557526608228
train_00078,train,0,C2,1775.5404301026433,-261.71570085395575,91.32272853789101
train_00078,train,0,C3,1941.135307290285,-285.44741371788626,238.55734981823593
train_00078,train,0,C4,1973.2693054976314,-61.209743706623335,178.34720976235363
train_00078,train,0,C5,1765.933145641669,-179.12227040731554,190.66282541296624
train_00078,train,0,C6,1967.1242172023856,43.03468826993601,269.6505487117027
train_00078,train,0,C7,1934.5366325231948,-303.11622797503077,266.0558925390652
train_00078,train,1,A2,-931.1464124546686,232.01831626288322,-185.88908524268973
train_00078,train,1,A3,-923.3036735840678,90.3863725089921,-283.7043388496838
train_00078,train,1,A4,-947.5069932838403,-121.78817303223342,-269.8843277487375
train_00078,train,1,A5,-874.5182888228629,52.95802301029941,295.0643612627537
train_00078,train,1,B2,-600.0111274648203,-251.94113128883092,-162.68545285865514
train_00078,train,1,B3,-600.0187425507427,-181.07212427103013,-239.0541175440112
train_00078,train,1,B4,600.0241897762767,-181.19223712022733,-239.12134566083108
train_00078,train,1,B5,600.0312768910754,130.06763981684472,270.30158110096403
train_00078,train,1,B6,-599.9609958777344,192.86298511038376,229.85240348652533
train_00078,train,1,C2,1449.9308169827957,-158.7978999472689,-57.8792992320731
train_00078,train,1,C3,1639.9454054223615,-152.98678282683392,58.351648335889585
train_00078,train,1,C4,1639.925574823521,64.56446038433309,-28.771463211541157
train_00078,train,1,C5,1450.0233809330114,-66.24614444703452,32.79457641963812
train_00078,train,1,C6,1639.9869331421608,177.9464517738354,51.33615422819045
train_00078,train,1,C7,1639.9678229005883,-167.941202995993,88.14768532909648
train_00078,train,2,A2,-681.1068109099659,232.13953905366117,-185.77365154647268
train_00078,train,2,A3,-673.3047492743844,90.54799870987567,-283.62044428218655
train_00078,train,2,A4,-697.5253556848254,-121.66049358335557,-269.7196908631555
train_00078,train,2,A5,-624.3726900480527,52.993475932908076,295.06345290981716
train_00078,train,2,B2,-600.0416477060495,-251.97614260443603,-162.7269276544865
train_00078,train,2,B3,-600.0294455360122,-181.06585873175237,-239.08148120385658
train_00078,train,2,B4,600.0146216044437,-181.2241607277035,-239.16777645492118
train_00078,train,2,B5,600.0662703919622,130.07284831259997,270.2662360570424
train_00078,train,2,B6,-599.9517059682893,192.8688310625506,229.84794056206104
train_00078,train,2,C2,1449.9833360928951,-158.804206731899,-57.87279824705417
train_00078,train,2,C3,1639.936256152382,-153.03052960386594,58.38078110126215
train_00078,train,2,C4,1640.025958221065,64.59008981218896,-28.715695693482903
train_00078,train,2,C5,1449.9960767082378,-66.29675184457054,32.804145112241216
train_00078,train,2,C6,1640.048112337883,177.876640795121,51.24872085692724
train_00078,train,2,C7,1639.9953805828586,-167.91336386604112,88.22021260738642
train_00078,train,3,A2,-681.0872927270649,232.12877457457816,-185.78761813300963
train_00078,train,3,A3,-673.333270054556,90.60243083316212,-283.66090024848035
train_00078,train,3,A4,-697.5507253445595,-121.61677422266764,-269.77894709447577
train_00078,train,3,A5,-624.409376841811,53.01927376984986,295.07259002078234
train_00078,train,3,B2,-600.0351084030137,-251.97304557717817,-162.70265922263917
train_00078,train,3,B3,-600.0329746849534,-181.10305541813364,-239.0571293706409
train_00078,train,3,B4,599.9570077831992,-181.20553787007273,-239.22503097616837
train_00078,train,3,B5,600.0615125064446,130.09023272442386,270.2858819864513
train_00078,train,3,B6,-599.9455437391715,192.84007962520514,229.8865469130853
train_00078,train,3,C2,1200.0104307702532,-158.86014815841207,-58.04073591742891
train_00078,train,3,C3,1389.981400327621,-153.03514992859934,58.26615391232616
train_00078,train,3,C4,1390.0031152671663,64.53620877326473,-28.851639816849595
train_00078,train,3,C5,1199.9806331193201,-66.27808437696419,32.75810942909386
train_00078,train,3,C6,1390.079441004123,177.80962840829056,51.29192867551975
train_00078,train,3,C7,1390.035509261678,-168.00742086357238,88.02842452519097
train_00078,train,4,A2,-681.1154855406937,232.02473407690042,-185.79473319740435
train_00078,train,4,A3,-673.3220233041646,90.38640574719821,-283.6003595711468
train_00078,train,4,A4,-697.5584938988789,-121.78882901821807,-269.7402491201072
train_00078,train,4,A5,-624.5020461177415,52.98619808392479,295.07760487040633
train_00078,train,4,B2,-600.0460781884241,-252.03439388579594,-162.70154809349071
train_00078,train,4,B3,-599.9884330093839,-181.1855048224884,-239.01156154144618
train_00078,train,4,B4,600.0133595787281,-181.1706401441097,-239.07865716214815
train_00078,train,4,B5,599.9822233415127,130.18526490961133,270.39454246810106
train_00078,train,4,B6,-599.9830423032456,192.8777398464711,229.81171228626633
train_00078,train,4,C2,1200.0457320100018,-158.7478553963051,-57.83180085331011
train_00078,train,4,C3,1390.086236049012,-152.93201338715642,58.389235959015814
train_00078,train,4,C4,1389.9920868067559,64.67116582430884,-28.65075531017561
train_00078,train,4,C5,1200.0053734954297,-66.29359157780266,32.8308322807403
train_00078,train,4,C6,1389.9980760182675,177.950163783173,51.3430906797077
train_00078,train,4,C7,1389.9466814910907,-167.84676334218233,88.18143630776068
train_00079,train,0,A2,-1087.7229964332828,541.7599907723354,44.37263289844408
train_00079,train,0,A3,-1120.3308790252277,416.24312299011495,-69.1244452618408
train_00079,train,0,A4,-1192.4849104076147,214.88727507236143,-76.75492326851219
train_00079,train,0,A5,-1040.5865053129835,292.70739801487645,494.0360791293914
train_00079,train,0,B2,-412.62977194524814,-168.81280910078482,63.708577188448395
train_00079,train,0,B3,-424.1744328485937,-121.69624504743855,-28.50163538986892
train_00079,train,0,B4,764.2375337314248,-147.72438559141108,-192.40784818859933
train_00079,train,0,B5,828.8588732143626,291.92349273870184,206.32841483574097
train_00079,train,0,B6,-366.2173695605151,366.9490901866088,314.40910584060777
train_00079,train,0,C2,1685.9447242335775,38.75803320707892,304.5469208440645
train_00079,train,0,C3,1864.7517112871587,50.275803210187334,437.0194634752108
train_00079,train,0,C4,1885.429187645769,254.7939038188053,324.39867922795565
train_00079,train,0,C5,1683.2397488201013,141.99430537065493,382.8201103752021
train_00079,train,0,C6,1884.9554715199977,377.25916743671684,389.6672720910579
train_00079,train,0,C7,1861.1577285923358,39.25734489998529,468.2197715302677
train_00079,train,1,A2,-931.0658673515611,232.08254394875198,-185.90519317581897
train_00079,train,1,A3,-923.3165462044925,90.49597254898028,-283.7091257157428
train_00079,train,1,A4,-947.5534812956954,-121.71909133650031,-269.8466133654331
train_00079,train,1,A5,-874.5273823495727,52.981791442143695,294.9713185146232
train_00079,train,1,B2,-600.0849448166705,-252.0534836765879,-162.77481331727614
train_00079,train,1,B3,-600.0250913087841,-181.1361209288692,-239.12794705786254
train_00079,train,1,B4,599.9612862995242,-181.19330309890768,-239.1538102715405
train_00079,train,1,B5,599.9980828457024,130.13232685629362,270.2660636303012
train_00079,train,1,B6,-600.0290931892349,192.8390634409404,229.78981718805892
train_00079,train,1,C2,1450.0264202847034,-158.75223987072505,-57.73139047902085
train_00079,train,1,C3,1640.0551092283845,-152.94771349645444,58.5608683562787
train_00079,train,1,C4,1640.0049752601851,64.70045299572357,-28.54917458335646
train_00079,train,1,C5,1450.023952349885,-66.21914610387768,33.02666117267991
train_00079,train,1,C6,1639.9888678112277,178.00108378143872,51.496616585691655
train_00079,train,1,C7,1639.9842427495857,-167.83067004817892,88.39292815679161
train_00079,train,2,A2,-681.1560194547208,232.00585772093868,-185.84982356002075
train_00079,train,2,A3,-673.2984087284407,90.42798802047668,-283.70789007261357
train_00079,train,2,A4,-697.5045594901799,-121.70470947425761,-269.8586206265087
train_00079,train,2,A5,-624.5024322540202,52.97905492484111,294.99673933194174
train_00079,train,2,B2,-600.0401407761459,-252.02581410911685,-162.82488417983197
train_00079,train,2,B3,-599.999685116224,-181.12783396075753,-239.19323294359046
train_00079,train,2,B4,600.0049552593266,-181.12684404153703,-239.2209105497118
train_00079,train,2,B5,600.012623312054,130.12813901956218,270.257533639613
train_00079,train,2,B6,-600.060305179219,192.84074166026545,229.78250281275027
train_00079,train,2,C2,1450.011892975316,-158.7280082991241,-57.74484960820558
train_00079,train,2,C3,1639.9596801043722,-152.93372716695993,58.52947319367859
train_00079,train,2,C4,1640.0181551274852,64.66019237432377,-28.562981844210285
train_00079,train,2,C5,1450.0132388811126,-66.19062558762616,33.01545224811264
train_00079,train,2,C6,1640.0524652470128,178.0444818566311,51.52489707311147
train_00079,train,2,C7,1640.0173975660268,-167.7683866437472,88.3457170929279
train_00079,train,3,A2,-681.1483944163708,232.0059486444172,-185.86296889527358
train_00079,train,3,A3,-673.3421301880593,90.4025334081663,-283.73788605038635
train_00079,train,3,A4,-697.5436774090466,-121.75606011270463,-269.82185436620813
train_00079,train,3,A5,-624.4813644760334,52.97886525200905,295.0334081475251
train_00079,train,3,B2,-599.9965764560764,-252.02674358509515,-162.82243180033424
train_00079,train,3,B3,-600.055959382247,-181.1423142755674,-239.20714489281474
train_00079,train,3,B4,599.9223273893914,-181.13965210430382,-239.17380621737357
train_00079,train,3,B5,600.0039886500149,130.13406954773055,270.3169634136209
train_00079,train,3,B6,-600.0089217575405,192.8451551399767,229.77821592203463
train_00079,train,3,C2,1199.9658069597338,-158.72303238845097,-57.80416886843431
train_00079,train,3,C3,1389.9674937463465,-152.90259492132253,58.446236564048824
train_00079,train,3,C4,1389.9080227144984,64.69303094868091,-28.578044921118426
train_00079,train,3,C5,1200.0116028809416,-66.18775256081736,32.97152348248618
train_00079,train,3,C6,1389.9664164318708,177.96359275581094,51.443180967804764
train_00079,train,3,C7,1389.9954195613,-167.84239878931191,88.2775781803628
train_00079,train,4,A2,-681.0648495319466,232.0353862320389,-185.82529921819696
train_00079,train,4,A3,-673.2786739703078,90.43641608958626,-283.685656015922
train_00079,train,4,A4,-697.485485020948,-121.71792534057755,-269.8203056987389
train_00079,train,4,A5,-624.41639507522,52.9474166786633,294.97372112843874
train_00079,train,4,B2,-599.9925238960957,-252.06385869825468,-162.7353479495644
train_00079,train,4,B3,-599.991080626266,-181.15553841583395,-239.20089844301694
train_00079,train,4,B4,600.0148633234162,-181.26593752093086,-239.20104169307012
train_00079,train,4,B5,600.0722774311977,130.0745880787488,270.26419633893204
train_00079,train,4,B6,-599.9515107396246,192.86571407057835,229.84698013351388
train_00079,train,4,C2,1200.0182014102436,-158.74523693004795,-57.809815636252345
train_00079,train,4,C3,1390.0255504810523,-153.01804725043914,58.41585124575755
train_00079,train,4,C4,1390.0201181346679,64.59960165893257,-28.640771755417347
train_00079,train,4,C5,1200.053169316616,-66.32397587652677,32.82953316281249
train_00079,train,4,C6,1390.0215050108197,177.90342522929018,51.395341800855235
train_00079,train,4,C7,1390.0383173359105,-167.88098379045323,88.21974008152459
train_00080,train,0,A2,-928.7605632974037,-152.69101014749882,65.49290320289583
train_00080,train,0,A3,-931.8769702542237,-316.6931267697545,12.621688309908826
train_00080,train,0,A4,-982.0710550444882,-512.2900209574908,83.52146036627741
train_00080,train,0,A5,-923.0920276830144,-188.96437476826432,580.3901917212593
train_00080,train,0,B2,-768.7617535889063,-533.7385343393022,-343.2213476047209
train_00080,train,0,B3,-759.2129189859481,-462.01302501395605,-418.1868309955092
train_00080,train,0,B4,435.7186380773736,-534.9469871593994,-335.7816492277207
train_00080,train,0,B5,418.9010124689769,-230.77543039420377,177.5842669597114
train_00080,train,0,B6,-769.5050943303705,-94.79322760985265,55.91971878706555
train_00080,train,0,C2,1118.0088620199324,-22.647344935363073,-235.08095022080118
train_00080,train,0,C3,1313.7997848082248,-1.4198000885397895,-130.74845270306463
train_00080,train,0,C4,1325.120094761805,183.2360015871404,-274.70684269179293
train_00080,train,0,C5,1129.5701440146768,90.79084471556381,-173.60135420704628
train_00080,train,0,C6,1337.6306166784789,313.68693782010024,-229.2159990235012
train_00080,train,0,C7,1314.2768460053526,-7.55069042657183,-98.10593972273128
train_00080,train,1,A2,-931.1033413906314,232.01479677559783,-185.83504785780698
train_00080,train,1,A3,-923.2527578441427,90.44326995045206,-283.701762178618
train_00080,train,1,A4,-947.4425299187823,-121.71147622879433,-269.82032943066423
train_00080,train,1,A5,-874.4681578104811,53.03686121534439,295.0317275406604
train_00080,train,1,B2,-599.9939036538109,-252.06587461805304,-162.74788676212262
train_00080,train,1,B3,-600.0054523296375,-181.14839402300237,-239.1034974512562
train_00080,train,1,B4,599.9769936258077,-181.26658063696905,-239.10452276129843
train_00080,train,1,B5,600.00114866636,130.1543430905711,270.2360638507422
train_00080,train,1,B6,-599.9333198984953,192.85079383403666,229.78591489125785
train_00080,train,1,C2,1448.1623566298115,-159.2082996879344,-57.32176165328355
train_00080,train,1,C3,1638.1995680897496,-153.46968942540377,58.85846574908651
train_00080,train,1,C4,1638.230852716334,64.17663955547684,-28.215945153907626
train_00080,train,1,C5,1448.199736137951,-66.71567501122533,33.35513523868374
train_00080,train,1,C6,1638.219725378009,177.42287839747053,51.830171319176706
train_00080,train,1,C7,1638.239992844157,-168.35544241818445,88.6274166531759
train_00080,train,2,A2,-681.012090184245,231.99097909016172,-185.8718807165789
train_00080,train,2,A3,-673.2698004563135,90.37431825055008,-283.6690185656093
train_00080,train,2,A4,-697.5965640673857,-121.72030471488087,-269.74388076231736
train_00080,train,2,A5,-624.4619468137238,52.9138940235763,295.0347726551342
train_00080,train,2,B2,-599.9715445461435,-251.99201698396743,-162.73180456888463
train_00080,train,2,B3,-600.0160104376707,-181.1490624526132,-239.079250011793
train_00080,train,2,B4,599.9999353046023,-181.249735387206,-239.1230836343489
train_00080,train,2,B5,600.0734937115786,130.10523354656888,270.3080858110496
train_00080,train,2,B6,-599.9528067006131,192.85764402093957,229.86548207261723
train_00080,train,2,C2,1448.1781220273363,-159.24855300328431,-57.37193098696866
train_00080,train,2,C3,1638.2388777159874,-153.43229579181474,58.8595794931248
train_00080,train,2,C4,1638.191371155245,64.1154037529453,-28.24766916548512
train_00080,train,2,C5,1448.2147290845357,-66.74549503624604,33.31474753003901
train_00080,train,2,C6,1638.2064984209785,177.4874248788058,51.75471285548154
train_00080,train,2,C7,1638.2023734301604,-168.33028691348812,88.63204595312047
train_00080,train,3,A2,-681.0523642124447,231.98509921482474,-185.8418553940012
train_00080,train,3,A3,-673.2817660031113,90.40908468304838,-283.6881511616285
train_00080,train,3,A4,-697.5540769921623,-121.74417645194033,-269.79116506072825
train_00080,train,3,A5,-624.4389791531771,52.95382523169424,294.9985557473213
train_00080,train,3,B2,-599.9996025971071,-251.9995384845341,-162.75953920568975
train_00080,train,3,B3,-600.004040506304,-181.15303478637423,-239.13763936563706
train_00080,train,3,B4,600.0098176884001,-181.21460263920923,-239.189431450302
train_00080,train,3,B5,600.0556871629627,130.09221441727576,270.25423415031565
train_00080,train,3,B6,-599.9762819616783,192.83527672799178,229.83474949293787
train_00080,train,3,C2,1200.052016727778,-158.88063698734263,-57.95822332083629
train_00080,train,3,C3,1389.9654589842453,-153.03818701477647,58.36119363177755
train_00080,train,3,C4,1390.0414514782249,64.52795569911495,-28.754254010706916
train_00080,train,3,C5,1199.9822101823643,-66.34536514641468,32.76311904963454
train_00080,train,3,C6,1390.044695435241,177.80421187647747,51.27650395872381
train_00080,train,3,C7,1389.9892319810583,-168.024818173673,88.1071263724061
train_00080,train,4,A2,-681.0486463529256,231.93064948105743,-185.91009879941558
train_00080,train,4,A3,-673.2556249862486,90.35852114373627,-283.7826598684864
train_00080,train,4,A4,-697.5674229952374,-121.8152644142531,-269.82884931519635
train_00080,train,4,A5,-624.4731809554926,52.98568954806216,294.9467396290001
train_00080,train,4,B2,-599.9653098879601,-252.08615020596062,-162.73182487306008
train_00080,train,4,B3,-600.0027787913818,-181.22444068373596,-239.1625818319815
train_00080,train,4,B4,600.0859853117527,-181.12722057622835,-239.07243506643198
train_00080,train,4,B5,600.028248677455,130.2480710578147,270.3804823540404
train_00080,train,4,B6,-599.9606143022284,192.8170878133168,229.816249238983
train_00080,train,4,C2,1200.080880414901,-158.63009087191324,-57.83563948669174
train_00080,train,4,C3,1389.9976885252115,-152.86447251743513,58.42927386476102
train_00080,train,4,C4,1390.030285109051,64.72168717860926,-28.631628522384904
train_00080,train,4,C5,1200.0122793571647,-66.18419185617981,32.84306926025441
train_00080,train,4,C6,1390.0198271408485,178.08559497228532,51.351253467388545
train_00080,train,4,C7,1390.0161941627193,-167.8082803524293,88.1527336945463
train_00081,train,0,A2,-612.8279183177773,-120.5504503501948,-47.59946349661486
train_00081,train,0,A3,-600.3905214412374,-267.75461200100165,-136.12543062505338
train_00081,train,0,A4,-643.7796402984535,-476.49058186864613,-116.72740550136803
train_00081,train,0,A5,-651.8004623606587,-274.29126879051466,443.59098060174676
train_00081,train,0,B2,-414.5910612787466,-199.29634158622048,-98.9981261557236
train_00081,train,0,B3,-410.7543611231015,-128.96659961198128,-175.70023878267048
train_00081,train,0,B4,761.635194228568,-344.44384344650143,-314.0316425936941
train_00081,train,0,B5,876.3030129299269,-42.47588812775226,188.07213396032037
train_00081,train,0,B6,-289.41503751693955,234.91948946069786,285.36693051223284
train_00081,train,0,C2,1634.398206956141,-381.0874915988453,-462.97443479545
train_00081,train,0,C3,1850.078184601536,-392.7661259349083,-408.0785117199335
train_00081,train,0,C4,1844.9026956068044,-178.89731214189308,-503.9448996490268
train_00081,train,0,C5,1670.2476888603542,-286.6586937389462,-381.7765229838914
train_00081,train,0,C6,1879.5650389343791,-64.11066604124922,-434.23863156533525
train_00081,train,0,C7,1857.4828850621748,-406.6827861731835,-378.7311946047614
train_00081,train,1,A2,-931.077639790131,232.04528830867724,-185.76192568161923
train_00081,train,1,A3,-923.299541177371,90.46364738469893,-283.6314985006182
train_00081,train,1,A4,-947.6321599246107,-121.71209283918257,-269.77444201398913
train_00081,train,1,A5,-874.462900050538,52.94219660940442,295.05076065786255
train_00081,train,1,B2,-600.0549760749009,-251.98842420657624,-162.85045604404638
train_00081,train,1,B3,-600.0104428661097,-181.08001050201705,-239.1888707509496
train_00081,train,1,B4,599.9554205846159,-181.1140722266145,-239.14581221003468
train_00081,train,1,B5,600.0246595054239,130.1648316463206,270.2973020266479
train_00081,train,1,B6,-600.0482074584928,192.8709416586055,229.80623032013233
train_00081,train,1,C2,1450.0035606727195,-158.85303155928003,-57.86127117213703
train_00081,train,1,C3,1639.9678986585511,-152.97902395593303,58.370834000780384
train_00081,train,1,C4,1639.9592789384476,64.65120282840954,-28.678994837519788
train_00081,train,1,C5,1449.9819020815858,-66.31317183278911,32.859417076684075
train_00081,train,1,C6,1640.0015992952094,177.9122051146656,51.38576129751409
train_00081,train,1,C7,1639.9575897585023,-167.90382625057833,88.22067178245634
train_00081,train,2,A2,-681.1248715071214,232.00012865017712,-185.86141696209623
train_00081,train,2,A3,-673.3364380426232,90.46547701196519,-283.70994853720885
train_00081,train,2,A4,-697.5372870143904,-121.67614976590443,-269.8100690034103
train_00081,train,2,A5,-624.4949707115009,52.97281501996902,295.0189827147439
train_00081,train,2,B2,-600.011871589938,-251.9802334676731,-162.89794178841572
train_00081,train,2,B3,-600.0306577804239,-181.0923244982223,-239.15253313874032
train_00081,train,2,B4,599.9218737669327,-181.19311054236601,-239.1711538693344
train_00081,train,2,B5,599.9296343153127,130.17641126359268,270.3061172630379
train_00081,train,2,B6,-600.0126561843223,192.8569759680074,229.784106624809
train_00081,train,2,C2,1450.035756360243,-158.83978686003027,-57.87291388035448
train_00081,train,2,C3,1639.9859525630093,-152.99897529497633,58.42042384778779
train_00081,train,2,C4,1639.9847765909153,64.60678262177026,-28.654249039468844
train_00081,train,2,C5,1449.9757289795916,-66.26962827316366,32.85148067059491
train_00081,train,2,C6,1639.9374692483325,177.95686836506655,51.40671286420364
train_00081,train,2,C7,1639.9438095408345,-167.92559677281454,88.20760300623853
train_00081,train,3,A2,-681.158756122052,232.03538407998562,-185.86252588442397
train_00081,train,3,A3,-673.3181002481812,90.48790230851442,-283.68757708052664
train_00081,train,3,A4,-697.5368867061406,-121.67140937538859,-269.7954543267714
train_00081,train,3,A5,-624.5275030831755,53.01520891242467,295.0192913102922
train_00081,train,3,B2,-600.0705071462328,-251.951942505547,-162.82786088239024
train_00081,train,3,B3,-600.0361898716379,-181.1033573126414,-239.1345836331577
train_00081,train,3,B4,599.9520680991797,-181.15287732321733,-239.14448640692845
train_00081,train,3,B5,599.99055132028,130.11009783292923,270.25240474342723
train_00081,train,3,B6,-600.0307967452363,192.87653935118465,229.7608949405299
train_00081,train,3,C2,1199.8985603044607,-158.6650729206615,-57.762789167495434
train_00081,train,3,C3,1389.985331951621,-152.93250427096882,58.49008912264048
train_00081,train,3,C4,1389.9683738715935,64.69779211244533,-28.625181936787566
train_00081,train,3,C5,1199.9408459865185,-66.18686877517933,32.95638514885512
train_00081,train,3,C6,1389.94163351993,178.02044005140698,51.41217750854456
train_00081,train,3,C7,1389.9347169505363,-167.82896138066363,88.26180685638387
train_00081,train,4,A2,-681.4087420984657,230.19165231251284,-186.725833551668
train_00081,train,4,A3,-673.506344508255,88.54143136386777,-284.59518496567784
train_00081,train,4,A4,-697.7678982431889,-123.52233003986443,-270.66497295655927
train_00081,train,4,A5,-624.6457779890807,51.19621256691372,294.0901996531186
train_00081,train,4,B2,-600.2119168066251,-253.8173180470092,-163.68954086963237
train_00081,train,4,B3,-600.2272645927642,-182.92075209239718,-240.05598833475358
train_00081,train,4,B4,599.7468954279298,-182.9258849626281,-240.1070365004483
train_00081,train,4,B5,599.7850149633342,128.37120753266984,269.31698953840345
train_00081,train,4,B6,-600.1955519066418,191.03582548430117,228.81971385704995
train_00081,train,4,C2,1199.737231806107,-160.45814687665512,-58.755964023716054
train_00081,train,4,C3,1389.7991665913792,-154.58811512638698,57.477488106305245
train_00081,train,4,C4,1389.7782819593883,63.023987877682885,-29.607252564823426
train_00081,train,4,C5,1199.7383915858632,-67.90606465253913,31.96488514056376
train_00081,train,4,C6,1389.7255852011606,176.27891495277288,50.40425199028988
train_00081,train,4,C7,1389.825634913443,-169.52416999755297,87.23156787259126
train_00082,train,0,A2,-1336.4442585821284,287.469550979796,-72.11942422266411
train_00082,train,0,A3,-1278.1855850120714,139.82290608632698,-138.91039592967613
train_00082,train,0,A4,-1239.9929680230289,-63.235924383139654,-83.21320764462516
train_00082,train,0,A5,-1274.981538026331,225.50713891111047,436.6723944357474
train_00082,train,0,B2,-587.2905343247227,-145.57527073511807,-127.2159578445924
train_00082,train,0,B3,-604.8809118234537,-88.06087073764257,-212.21243996689134
train_00082,train,0,B4,566.9926301717844,-111.91925000420201,-469.6612024829502
train_00082,train,0,B5,671.6569833236233,277.547338955963,-29.443616587676875
train_00082,train,0,B6,-509.75734929829656,356.7193937473897,178.8687175117297
train_00082,train,0,C2,1074.972419709371,-261.1683734212682,95.09137803115343
train_00082,train,0,C3,1260.6998204502258,-288.1551476931604,215.25429762503245
train_00082,train,0,C4,1310.8596110682342,-85.01670021612746,109.52157496665211
train_00082,train,0,C5,1095.6853125700882,-163.22343760159723,177.38523209295502
train_00082,train,0,C6,1336.3259291639606,32.034517881818005,179.44769690530265
train_00082,train,0,C7,1257.0855570728468,-299.87066101578813,246.2158610059803
train_00082,train,1,A2,-931.0564746399742,231.8454745140551,-185.7826904182295
train_00082,train,1,A3,-923.2310441177931,90.31258387737401,-283.6378221861822
train_00082,train,1,A4,-947.5264403447193,-121.83484876597767,-269.80133343243665
train_00082,train,1,A5,-874.3766442195185,52.88669086810066,295.1085806269996
train_00082,train,1,B2,-600.0574300908308,-251.9863152750287,-162.70409756766944
train_00082,train,1,B3,-599.9652015359898,-181.12581098157082,-239.02598714728492
train_00082,train,1,B4,599.9680697993272,-181.22329767666957,-239.13637756413848
train_00082,train,1,B5,599.982352293195,130.0648802570402,270.27915407484045
train_00082,train,1,B6,-599.9205867557096,192.88939028036123,229.90476479315208
train_00082,train,1,C2,1449.9979803104802,-158.69544177395815,-57.80669586784201
train_00082,train,1,C3,1639.9509033583265,-152.99594564450342,58.520005932008424
train_00082,train,1,C4,1640.0291203258494,64.61450995163167,-28.612378398959578
train_00082,train,1,C5,1450.01439808241,-66.2097660173547,32.96045244385277
train_00082,train,1,C6,1640.0397578231616,177.88398245938842,51.4132295538072
train_00082,train,1,C7,1640.00606547894,-167.8945380100323,88.2915994039381
train_00082,train,2,A2,-681.0759376099057,232.0720929083211,-185.79773254619798
train_00082,train,2,A3,-673.3153151849117,90.5115390629907,-283.61943067579483
train_00082,train,2,A4,-697.6258150399718,-121.71171935418587,-269.70236877750693
train_00082,train,2,A5,-624.4812612723467,53.068949192763284,295.19092144169383
train_00082,train,2,B2,-600.0880586595184,-251.988455411387,-162.74173782632556
train_00082,train,2,B3,-600.0480672701532,-181.08909792334927,-239.06012345595795
train_00082,train,2,B4,599.9961851716097,-181.1826300489189,-239.1394655704976
train_00082,train,2,B5,600.0544883199751,130.09795698383994,270.2617293283914
train_00082,train,2,B6,-599.9629284803448,192.88037966924088,229.88881092624374
train_00082,train,2,C2,1450.0160470851526,-158.79414357179826,-57.80800141600204
train_00082,train,2,C3,1639.9905581595012,-152.97098814618204,58.454667038597925
train_00082,train,2,C4,1639.9976907205642,64.5952372788716,-28.562004834962448
train_00082,train,2,C5,1450.0118462317255,-66.26867135000333,32.92131634607281
train_00082,train,2,C6,1640.0711062895025,177.88009808574702,51.49898642820435
train_00082,train,2,C7,1639.9854849936492,-167.84880478798638,88.23373100573619
train_00082,train,3,A2,-681.0814006726202,232.02548078573955,-185.72451232639776
train_00082,train,3,A3,-673.2462556192162,90.47203234306907,-283.5969455065084
train_00082,train,3,A4,-697.5923090243369,-121.64244905572278,-269.73428474299675
train_00082,train,3,A5,-624.4504147515368,53.0263627408859,295.13032412545226
train_00082,train,3,B2,-600.0743185225672,-251.99050330824852,-162.71894414430025
train_00082,train,3,B3,-600.0511760244887,-181.14905651734793,-239.13859986977192
train_00082,train,3,B4,599.9978158751553,-181.21419434804622,-239.17244370206464
train_00082,train,3,B5,600.0484312116489,130.0970115097435,270.32392576763215
train_00082,train,3,B6,-599.9476994955432,192.89157166574088,229.94950731550847
train_00082,train,3,C2,1199.9765616808415,-158.89634251169335,-57.902334934939994
train_00082,train,3,C3,1389.9621327552024,-153.1107367930831,58.412992129941756
train_00082,train,3,C4,1390.0086026749057,64.47212145056473,-28.848512203506765
train_00082,train,3,C5,1199.9478950022683,-66.37515713884355,32.754910018163486
train_00082,train,3,C6,1390.0402424679116,177.80866369574602,51.20296089105537
train_00082,train,3,C7,1389.9621135645323,-168.04775209260592,88.16704049250998
train_00082,train,4,A2,-681.1628001868579,232.01656083258047,-185.78715513562432
train_00082,train,4,A3,-673.2361668951645,90.42015020292439,-283.67943701002173
train_00082,train,4,A4,-697.490252946854,-121.69054500210282,-269.740110750494
train_00082,train,4,A5,-624.468687575452,53.03903561242743,295.02920256984817
train_00082,train,4,B2,-600.0174178882606,-251.99619124366686,-162.7395047444437
train_00082,train,4,B3,-599.9927208346304,-181.137282234362,-239.16463861166457
train_00082,train,4,B4,600.0413947947509,-181.10979703718607,-239.05364990145773
train_00082,train,4,B5,600.037265303371,130.2146048509647,270.3864306450484
train_00082,train,4,B6,-599.9842841785892,192.8288935061005,229.8169300845664
train_00082,train,4,C2,1200.0082524226236,-158.6950719851304,-57.78938862860991
train_00082,train,4,C3,1390.0210288340722,-152.84970379878254,58.47076087406607
train_00082,train,4,C4,1390.0144718237498,64.6104703011855,-28.685012051873663
train_00082,train,4,C5,1199.996820728264,-66.18894074845366,32.930258184338115
train_00082,train,4,C6,1389.9843688614112,178.01886396339816,51.36262210387329
train_00082,train,4,C7,1389.9868293446136,-167.81997936964908,88.29381954755658
train_00083,train,0,A2,-1156.6052313479056,94.45149104059104,-10.239637340319238
train_00083,train,0,A3,-1123.8355711592242,-27.89342891284629,-127.00553727618308
train_00083,train,0,A4,-1140.0868146619418,-239.5552563813067,-153.7727494234342
train_00083,train,0,A5,-1182.7618609221104,-164.3081643346321,435.68356333025855
train_00083,train,0,B2,-671.738772251112,-99.61167520281946,40.70076175938528
train_00083,train,0,B3,-660.9961601316076,-27.82993918536168,-34.05269995659094
train_00083,train,0,B4,531.6786411663671,-148.2048659346452,22.100070085639764
train_00083,train,0,B5,537.8002468507764,152.97959485587228,537.5321842253136
train_00083,train,0,B6,-646.6185526957329,336.3061419085199,442.403294525747
train_00083,train,0,C2,1738.5415664946904,59.078337334115275,-229.5452567517623
train_00083,train,0,C3,1893.7145344304915,102.52689373291321,-75.52861670138104
train_00083,train,0,C4,1885.9815174215396,310.1844879920549,-183.94542722518435
train_00083,train,0,C5,1705.4190756199937,157.26639328721384,-151.71710621290262
train_00083,train,0,C6,1852.6886850055032,428.0649350468964,-118.87614923797726
train_00083,train,0,C7,1888.6820247075214,90.1005491152386,-45.002572556094115
train_00083,train,1,A2,-931.1326872018977,232.03585770874741,-185.80661323787524
train_00083,train,1,A3,-923.3555604801074,90.38203473585617,-283.67889254251384
train_00083,train,1,A4,-947.5277589541997,-121.71963381364824,-269.73726290685454
train_00083,train,1,A5,-874.46122241103,52.98993782296933,295.0901233206779
train_00083,train,1,B2,-599.9748069377814,-251.97900025975372,-162.6873060562995
train_00083,train,1,B3,-600.0061688440653,-181.0394534514519,-239.04655162509474
train_00083,train,1,B4,599.980041716629,-181.1207529282858,-239.17430095674192
train_00083,train,1,B5,600.0384636286416,130.2597537513955,270.2721774244628
train_00083,train,1,B6,-599.9579653785385,192.91862320852812,229.87707730268505
train_00083,train,1,C2,1449.9854275090213,-158.65925164767617,-57.76007471783799
train_00083,train,1,C3,1639.9792309394454,-152.9475155437275,58.571164458737876
train_00083,train,1,C4,1639.9273779616606,64.70225890820421,-28.523829768883484
train_00083,train,1,C5,1449.9858268930786,-66.20221646672036,32.9664027810145
train_00083,train,1,C6,1639.9370105155472,178.01831458884652,51.462291290373685
train_00083,train,1,C7,1639.9423992469203,-167.79481658393644,88.35607129426906
train_00083,train,2,A2,-681.2734556871076,231.03379189757896,-187.4787992057728
train_00083,train,2,A3,-673.4624651658221,89.45649793094192,-285.3684370767226
train_00083,train,2,A4,-697.8020012784884,-122.67741292430989,-271.51371781792034
train_00083,train,2,A5,-624.6864214254402,51.98468492746715,293.4165779005327
train_00083,train,2,B2,-599.9827004246572,-251.91830078654817,-162.7734791439876
train_00083,train,2,B3,-599.9964684842141,-181.07726827799294,-239.0972185817233
train_00083,train,2,B4,599.9740933123354,-181.1301181937017,-239.1711208358757
train_00083,train,2,B5,600.0548980815778,130.28473663560015,270.2575259938797
train_00083,train,2,B6,-599.9109677910541,192.90718287047804,229.86416111987762
train_00083,train,2,C2,1449.9844792856788,-158.67082268534278,-57.77174628357711
train_00083,train,2,C3,1639.9323043182696,-152.8804268296485,58.61344448819056
train_00083,train,2,C4,1639.9911530425802,64.67050817212774,-28.617389972226256
train_00083,train,2,C5,1449.9065133068955,-66.19625168891982,32.97023781090126
train_00083,train,2,C6,1639.9312757183502,177.99470984977881,51.54971903538023
train_00083,train,2,C7,1639.926944121613,-167.7869782031517,88.36679824472127
train_00083,train,3,A2,-681.2048880881918,231.07430157455167,-187.51652946965672
train_00083,train,3,A3,-673.5183052281641,89.53515889679167,-285.3537253443926
train_00083,train,3,A4,-697.7586898141797,-122.7066888982616,-271.4658370450619
train_00083,train,3,A5,-624.6580830979111,52.00439354472807,293.39510520906333
train_00083,train,3,B2,-599.9714937124934,-252.00040659989077,-162.69442034751398
train_00083,train,3,B3,-600.00468051452,-181.07675711111858,-239.12716438977805
train_00083,train,3,B4,600.039952676001,-181.04059649771136,-239.2278487960995
train_00083,train,3,B5,600.0676236770457,130.20935678948786,270.2821259313922
train_00083,train,3,B6,-599.9483513519406,192.89649213349372,229.85823213557563
train_00083,train,3,C2,1199.9792761105564,-158.61033838539973,-57.940849047420116
train_00083,train,3,C3,1390.0896701507354,-152.89878591220867,58.36021546790505
train_00083,train,3,C4,1389.9804433796012,64.75270542388768,-28.712797210262877
train_00083,train,3,C5,1200.0555497854439,-66.18649880001499,32.826879460352544
train_00083,train,3,C6,1390.0164705239665,177.99958598024278,51.328564745618
train_00083,train,3,C7,1389.987469648232,-167.82555637730766,88.12826069338718
train_00083,train,4,A2,-681.3167275995409,231.6068169362506,-186.44243546204945
train_00083,train,4,A3,-673.5672040587632,90.07414670317091,-284.4033680933507
train_00083,train,4,A4,-697.8853996346829,-122.1217253254347,-270.5906292355089
train_00083,train,4,A5,-624.4612631851979,52.32972540671077,294.3000491620314
train_00083,train,4,B2,-600.051226261004,-251.45695924462626,-161.96673478371534
train_00083,train,4,B3,-600.0795632594068,-180.51659944207887,-238.3434389616036
train_00083,train,4,B4,599.8664851579094,-180.82056021033225,-238.9338721710981
train_00083,train,4,B5,600.2837929497392,130.21324909136382,270.69316476865555
train_00083,train,4,B6,-599.8187578239151,193.17950676869359,230.75856213557324
train_00083,train,4,C2,1200.0185505500551,-158.5785963068623,-57.971247910603886
train_00083,train,4,C3,1390.141973327141,-152.9848549604011,58.16492421757041
train_00083,train,4,C4,1390.0277969858757,64.74386230491696,-28.730518725102137
train_00083,train,4,C5,1200.076532776121,-66.2304418314345,32.827808124340805
train_00083,train,4,C6,1390.1050190364606,177.95680764181117,51.38879333822155
train_00083,train,4,C7,1390.1108127483865,-167.86978216547945,87.96376301973159
train_00084,train,0,A2,-1223.8119291151188,334.2277327047152,-42.19565818030928
train_00084,train,0,A3,-1163.04634233358,194.11709429452398,-121.9194689919583
train_00084,train,0,A4,-1107.1178339328649,-8.311290303516817,-80.9040874407613
train_00084,train,0,A5,-1110.0537443342835,252.3791552443532,454.7468708049432
train_00084,train,0,B2,-328.17676786331987,-501.35279304622134,-137.51360900700422
train_00084,train,0,B3,-348.11557385898124,-446.63755125819097,-223.9334732297527
train_00084,train,0,B4,829.4319451702559,-305.1158592460746,-406.7174234647698
train_00084,train,0,B5,850.1135525978725,94.42839567506293,36.45908178291925
train_00084,train,0,B6,-341.5655612507373,6.378725607070119,169.19346684885005
train_00084,train,0,C2,1377.5357418254225,-549.7950788667372,239.51005704735164
train_00084,train,0,C3,1545.953680973712,-546.7280015846164,385.3517843762943
train_00084,train,0,C4,1597.54454152443,-354.8073413180495,261.0210861793772
train_00084,train,0,C5,1380.309502918754,-441.0669754705381,310.00224604179436
train_00084,train,0,C6,1605.6221343919442,-228.35631879915226,317.3854864136911
train_00084,train,0,C7,1538.827633114751,-554.8273176879811,416.91927061510927
train_00084,train,1,A2,-931.0675366579503,232.02462235367156,-185.88495144149522
train_00084,train,1,A3,-923.2612710683175,90.40573428423845,-283.7391224185006
train_00084,train,1,A4,-947.558563379001,-121.73972551427127,-269.77536787508416
train_00084,train,1,A5,-874.51678495347,52.98217649637218,295.03811753330973
train_00084,train,1,B2,-600.0361924115659,-251.9860507834716,-162.76531764853243
train_00084,train,1,B3,-599.9904214611314,-181.0547404590765,-239.17210213716683
train_00084,train,1,B4,599.9779352024174,-181.1775276685353,-239.0826715313025
train_00084,train,1,B5,600.0255856300645,130.18563271312414,270.37510895089594
train_00084,train,1,B6,-600.016924123484,192.8541851397433,229.76784038062507
train_00084,train,1,C2,1450.0155127829807,-158.69671363826637,-57.83626386399495
train_00084,train,1,C3,1640.0273340098768,-152.87746129949608,58.52367961271998
train_00084,train,1,C4,1639.9566716184968,64.75735280011197,-28.586804238167023
train_00084,train,1,C5,1449.9623539929053,-66.1610507444027,32.943460221900295
train_00084,train,1,C6,1639.893051107863,178.01040407364871,51.41495705499382
train_00084,train,1,C7,1639.984409992429,-167.724710171819,88.252158321955
train_00084,train,2,A2,-681.079631124637,232.0645271248322,-185.809736512567
train_00084,train,2,A3,-673.2599287420664,90.52074570292498,-283.7098053941339
train_00084,train,2,A4,-697.4858503395346,-121.71195689819349,-269.81891295873936
train_00084,train,2,A5,-624.4773278380537,53.00269983944559,295.02539876472713
train_00084,train,2,B2,-600.0410413193366,-252.00241529732176,-162.77824074408983
train_00084,train,2,B3,-600.0015401696207,-181.1185271962282,-239.11890769577414
train_00084,train,2,B4,600.0270826913459,-181.1364738704013,-239.07165464877252
train_00084,train,2,B5,599.9781617085789,130.13489406534785,270.3732408634911
train_00084,train,2,B6,-599.9742315245627,192.86778521108874,229.80922118178967
train_00084,train,2,C2,1449.9827674741084,-158.71899666721032,-57.82730195285088
train_00084,train,2,C3,1639.9550999136695,-152.8356526467067,58.500240915889016
train_00084,train,2,C4,1639.9825001692977,64.79470342242996,-28.622968462789
train_00084,train,2,C5,1449.9555763449487,-66.19456158565325,32.94058112285449
train_00084,train,2,C6,1639.9039260055956,178.08814508115566,51.47137756112626
train_00084,train,2,C7,1639.9658806705481,-167.71656041958585,88.2802750007133
train_00084,train,3,A2,-681.1618268900272,232.0882694088894,-185.83546147740452
train_00084,train,3,A3,-673.235104601641,90.50703961674925,-283.72363849339683
train_00084,train,3,A4,-697.4997581919753,-121.64919859286825,-269.7954214908167
train_00084,train,3,A5,-624.4903377155107,53.04376005327856,295.0475320883344
train_00084,train,3,B2,-600.0424476336384,-251.99347528198936,-162.79033645582695
train_00084,train,3,B3,-599.987496778329,-181.12167386755627,-239.18545675454158
train_00084,train,3,B4,599.982004405492,-181.1248807789166,-239.15298608190412
train_00084,train,3,B5,600.0030029651675,130.15419602398256,270.3491014126802
train_00084,train,3,B6,-600.0464637470536,192.85015315896536,229.8126139876896
train_00084,train,3,C2,1200.0525415510865,-158.77427114230153,-57.722394018064016
train_00084,train,3,C3,1390.0633754681069,-152.85567395211166,58.46601846427183
train_00084,train,3,C4,1390.0279305593315,64.7774414223065,-28.52674607003622
train_00084,train,3,C5,1200.0578911807786,-66.14859670760359,32.96628221756191
train_00084,train,3,C6,1390.0583332101337,178.0391220995025,51.5191795358659
train_00084,train,3,C7,1390.1210368965235,-167.81220968556306,88.32889974313937
train_00084,train,4,A2,-681.1305378506534,231.98617598576692,-185.77196881669587
train_00084,train,4,A3,-673.3367459751894,90.34449014863489,-283.67606485899745
train_00084,train,4,A4,-697.5570173397475,-121.74187050489029,-269.74110746247806
train_00084,train,4,A5,-624.5086434351227,52.98545414647456,295.10948149916203
train_00084,train,4,B2,-600.0405147308051,-252.04887395411166,-162.71168720295572
train_00084,train,4,B3,-600.0651268187008,-181.1490372585138,-239.08121452595992
train_00084,train,4,B4,599.951294150707,-181.17333498130168,-239.0596268346904
train_00084,train,4,B5,599.9751462438859,130.18275275069922,270.28861245314255
train_00084,train,4,B6,-600.0274738475305,192.79652689592663,229.85295294909136
train_00084,train,4,C2,1199.9971212513813,-158.6494192452848,-57.776395129647966
train_00084,train,4,C3,1389.975671738538,-152.77109274635268,58.41814593198594
train_00084,train,4,C4,1390.0036145375225,64.72497112183748,-28.61053905105997
train_00084,train,4,C5,1200.016252204614,-66.17030682433719,32.97194994458251
train_00084,train,4,C6,1389.9976279947723,178.020687707317,51.408983037131236
train_00084,train,4,C7,1389.9724921336724,-167.74224146818352,88.25692563400801
train_00085,train,0,A2,-642.8355317812694,-63.47044391224629,-30.111157463202694
train_00085,train,0,A3,-611.6680394416928,-187.7140216135739,-145.3560272649835
train_00085,train,0,A4,-632.7190709412835,-399.2559917366784,-170.25189502436208
train_00085,train,0,A5,-680.3175540401135,-317.20136048003286,417.91698676986306
train_00085,train,0,B2,-703.0532461916339,-71.05407323636955,-49.75650361409545
train_00085,train,0,B3,-671.6117460560364,-6.430041427390875,-125.17755379252463
train_00085,train,0,B4,442.65767455902727,-29.92865222287034,319.6451341690888
train_00085,train,0,B5,269.8089335820226,320.3883145906548,771.0705395481613
train_00085,train,0,B6,-826.5552848596124,403.2156163069062,284.71052035302336
train_00085,train,0,C2,1629.9511890646074,-292.6681451814415,-131.3402652050516
train_00085,train,0,C3,1815.6176608571536,-290.2460386988495,-8.240526768398857
train_00085,train,0,C4,1810.8646967249354,-66.3062494863677,-77.20184135309074
train_00085,train,0,C5,1623.6648021911863,-207.93748046464515,-33.45610363850359
train_00085,train,0,C6,1804.169196273899,39.94198331280198,11.769464866285878
train_00085,train,0,C7,1815.1707742336453,-307.5538815562236,20.236301697286684
train_00085,train,1,A2,-931.0340927948163,231.88139056958113,-185.95767213757566
train_00085,train,1,A3,-923.2811013929796,90.42060604830431,-283.68592022721526
train_00085,train,1,A4,-947.638622596231,-121.8224925256949,-269.81442788099235
train_00085,train,1,A5,-874.4800013775415,52.93725815478994,295.00028020663115
train_00085,train,1,B2,-600.0290136852748,-251.9894928174638,-162.77442950103352
train_00085,train,1,B3,-599.9960514910515,-181.14851531880822,-239.13559380560346
train_00085,train,1,B4,600.0163282365155,-181.09450600512852,-239.1378392142262
train_00085,train,1,B5,599.989225849859,130.1321188384337,270.34050572428043
train_00085,train,1,B6,-600.0085717984733,192.82126308876684,229.80669685823491
train_00085,train,1,C2,1449.9190204157676,-158.7502636377318,-57.83598044739729
train_00085,train,1,C3,1639.9429395244752,-153.02413114692575,58.4052998508713
train_00085,train,1,C4,1639.984158049545,64.56543953574115,-28.68652880570101
train_00085,train,1,C5,1449.9711119088083,-66.27961514356632,32.93587171891196
train_00085,train,1,C6,1639.957828002893,177.90371561304747,51.37912373700138
train_00085,train,1,C7,1639.9399097186576,-167.88457256138213,88.27376583028347
train_00085,train,2,A2,-681.2622448480964,232.0294579591939,-185.82069327160187
train_00085,train,2,A3,-673.3834704783908,90.4526976688949,-283.632620619822
train_00085,train,2,A4,-697.5821093697391,-121.7190094887322,-269.77120878854925
train_00085,train,2,A5,-624.5607716610683,52.97760735862545,295.11945975792946
train_00085,train,2,B2,-600.0162015101273,-252.0226309438128,-162.74549118388765
train_00085,train,2,B3,-599.9746112966036,-181.12453112850164,-239.2060516568753
train_00085,train,2,B4,600.0143967989676,-181.08775223007828,-239.16736630429793
train_00085,train,2,B5,600.0071295729848,130.19039508087909,270.28415711320304
train_00085,train,2,B6,-600.0352485675012,192.78105535138803,229.82576214247786
train_00085,train,2,C2,1449.9338373717387,-158.8083679152369,-57.87593380814487
train_00085,train,2,C3,1639.9931907720897,-153.02943696099638,58.38080011141194
train_00085,train,2,C4,1639.9865745145305,64.65554671839813,-28.665021995381625
train_00085,train,2,C5,1450.0479722106033,-66.27559324139553,32.93412835314966
train_00085,train,2,C6,1639.961049569665,177.84335817469866,51.373814821367006
train_00085,train,2,C7,1639.987177234047,-167.91460089599948,88.20142409562284
train_00085,train,3,A2,-681.2320813707327,232.0321952376509,-185.71275769011442
train_00085,train,3,A3,-673.3856838464108,90.44530656092384,-283.56387225446707
train_00085,train,3,A4,-697.5647109628788,-121.73961904130817,-269.74793323790846
train_00085,train,3,A5,-624.5279796679698,52.90346985011306,295.0917732413576
train_00085,train,3,B2,-600.0131693540801,-251.96992757761424,-162.8115205452025
train_00085,train,3,B3,-600.0335619732878,-181.05955315412692,-239.18292692367885
train_00085,train,3,B4,599.9751369967812,-181.0949887251326,-239.17202616373135
train_00085,train,3,B5,599.9728214823377,130.10204921436016,270.2917982011295
train_00085,train,3,B6,-600.0432153860637,192.85186301651973,229.85441318414652
train_00085,train,3,C2,1199.9586508233601,-158.60514533211344,-57.809197083198846
train_00085,train,3,C3,1389.9747509324116,-152.85911248709093,58.44162397693168
train_00085,train,3,C4,1389.9735558334994,64.67572400595301,-28.63739278030963
train_00085,train,3,C5,1199.9676489890408,-66.19589933463148,32.95209915540488
train_00085,train,3,C6,1389.9726563138477,178.02989082709576,51.4059420738699
train_00085,train,3,C7,1389.9963847601655,-167.73528809892184,88.25289041482677
train_00085,train,4,A2,-681.174201360737,232.03746873088886,-185.76376183796793
train_00085,train,4,A3,-673.32129970946,90.47086725229039,-283.65539919540464
train_00085,train,4,A4,-697.535354069046,-121.69540099809466,-269.77951045365904
train_00085,train,4,A5,-624.5070171427867,53.012532522884165,295.07170682861
train_00085,train,4,B2,-600.0311700645808,-251.97098643984305,-162.85104305034758
train_00085,train,4,B3,-599.975401827479,-181.1272857663154,-239.18522652581157
train_00085,train,4,B4,599.972277108786,-181.1656329691784,-239.16986789506618
train_00085,train,4,B5,600.010250976122,130.0984973929506,270.3041232980102
train_00085,train,4,B6,-600.048983909449,192.9248727204077,229.78167147948523
train_00085,train,4,C2,1199.9481724055777,-158.77382769349228,-57.818124239414914
train_00085,train,4,C3,1390.0085360888836,-153.07559710458432,58.38211778747873
train_00085,train,4,C4,1390.0461239680114,64.58988988410599,-28.6921711131505
train_00085,train,4,C5,1199.9428920475368,-66.29587680425183,32.85526510488254
train_00085,train,4,C6,1390.0592613063359,177.89951249296018,51.317575546618244
train_00085,train,4,C7,1390.0245346884387,-167.89637854902364,88.21629787953289
train_00086,train,0,A2,-853.3495313871873,404.12972768789433,-409.8394029405633
train_00086,train,0,A3,-874.9289632102917,259.7007228593201,-501.26954070864696
train_00086,train,0,A4,-932.0683441440135,54.98897493877095,-476.1636612416977
train_00086,train,0,A5,-794.3357671809725,235.771989887461,74.484240935948
train_00086,train,0,B2,-695.2210867474458,-51.250646831088694,152.838561832376
train_00086,train,0,B3,-696.8290936429853,9.020917088782586,67.77063004267256
train_00086,train,0,B4,483.9139939385524,-154.8991954038657,-69.93186939743397
train_00086,train,0,B5,588.5905933187333,213.77934802237687,387.8281682700147
train_00086,train,0,B6,-590.0220029688084,434.34653918535025,477.06657939200716
train_00086,train,0,C2,1736.5962137164133,-214.63287472392363,88.09729976099233
train_00086,train,0,C3,1927.1945507602943,-210.13830195185724,203.34263845582421
train_00086,train,0,C4,1927.49152063649,8.011485704176327,117.75261877853285
train_00086,train,0,C5,1737.338382661836,-122.67938155706918,179.3780844598117
train_00086,train,0,C6,1928.2243490549076,120.78766367118975,198.53241372819326
train_00086,train,0,C7,1927.2922602403432,-225.26487079491574,233.03119416799777
train_00086,train,1,A2,-931.1942293243166,231.99177398997915,-185.88910841620583
train_00086,train,1,A3,-923.257615438303,90.371174869662,-283.7227970614082
train_00086,train,1,A4,-947.5131178408195,-121.81671321440083,-269.81480487525386
train_00086,train,1,A5,-874.4686510027797,52.996194188825015,294.9947569314154
train_00086,train,1,B2,-600.0538907306928,-252.05573093732528,-162.79280757840763
train_00086,train,1,B3,-600.0025294779396,-181.1554922923734,-239.21800706769307
train_00086,train,1,B4,600.0087263634282,-181.15673982114868,-239.13029554289128
train_00086,train,1,B5,599.9953375386967,130.22565027823165,270.26206870756505
train_00086,train,1,B6,-599.9910046476655,192.84875734592927,229.79025610924737
train_00086,train,1,C2,1450.0594341804149,-158.70569705038176,-57.91562018364431
train_00086,train,1,C3,1640.001135445431,-152.90128308206002,58.37874240781945
train_00086,train,1,C4,1640.0219914021905,64.70194573297387,-28.724930360023034
train_00086,train,1,C5,1449.9824579247038,-66.2094726812614,32.77521488122181
train_00086,train,1,C6,1640.0528282347318,177.956044965454,51.379946698632416
train_00086,train,1,C7,1640.0007374718684,-167.82802295277176,88.18490122556669
train_00086,train,2,A2,-681.1347002998339,231.92656335202543,-185.87368307611982
train_00086,train,2,A3,-673.298222553196,90.39604333387486,-283.75752195196964
train_00086,train,2,A4,-697.5690136324519,-121.80126819322467,-269.79958995380633
train_00086,train,2,A5,-624.501637620908,52.92247801293172,295.0504681529608
train_00086,train,2,B2,-600.0054639636883,-252.02235826301387,-162.75581177011992
train_00086,train,2,B3,-600.0232157537173,-181.15426877807724,-239.22049557349854
train_00086,train,2,B4,600.043059987002,-181.1689689061752,-239.10165173247142
train_00086,train,2,B5,599.9238653567046,130.21749662222504,270.26585815114225
train_00086,train,2,B6,-600.0300528861274,192.83592241717747,229.72215994966103
train_00086,train,2,C2,1449.946655347521,-158.73579108838868,-57.825274320759256
train_00086,train,2,C3,1640.000389250338,-152.94249568210745,58.43926614117346
train_00086,train,2,C4,1640.0425737571163,64.67782064664158,-28.635299266036935
train_00086,train,2,C5,1449.9858262483317,-66.19725243392033,32.79386412641991
train_00086,train,2,C6,1639.9911836239455,178.02454524642832,51.35540754144346
train_00086,train,2,C7,1640.0156979697422,-167.84744343139468,88.19314550834892
train_00086,train,3,A2,-681.1361079308581,231.9539065111243,-185.8985600713647
train_00086,train,3,A3,-673.3299494355567,90.37620664459027,-283.7431477705029
train_00086,train,3,A4,-697.548178737244,-121.82919651469889,-269.82915253899864
train_00086,train,3,A5,-624.4072254200921,53.00901381090762,295.0507936330293
train_00086,train,3,B2,-600.0037559926271,-252.0598606492186,-162.7507266088537
train_00086,train,3,B3,-600.01739725022,-181.15893341425763,-239.20296270597157
train_00086,train,3,B4,600.0344755303993,-181.2029825609933,-239.13635918657906
train_00086,train,3,B5,599.9637942161665,130.21229988738202,270.2228696989823
train_00086,train,3,B6,-599.9692209643708,192.84264498141874,229.74542637240774
train_00086,train,3,C2,1199.979218455329,-158.61900111180654,-57.89884484645132
train_00086,train,3,C3,1389.9569107027473,-152.82299640236081,58.38679757919443
train_00086,train,3,C4,1390.0076327381407,64.8050322038676,-28.757218204836736
train_00086,train,3,C5,1200.0003510256804,-66.11041007511464,32.82938661276427
train_00086,train,3,C6,1390.0296367211845,178.11816194842723,51.26994798906807
train_00086,train,3,C7,1390.0041307296192,-167.71783395708636,88.17200376558506
train_00086,train,4,A2,-681.1054962069899,231.92307188223742,-185.7595902266183
train_00086,train,4,A3,-673.3084138322565,90.38699867903568,-283.6555951110838
train_00086,train,4,A4,-697.5883137018227,-121.7144602741497,-269.72530067297544
train_00086,train,4,A5,-624.423345101141,52.95931330885889,295.13580548333647
train_00086,train,4,B2,-599.9517859911667,-252.00327976084725,-162.69111402470273
train_00086,train,4,B3,-599.9189872371678,-181.154068658801,-239.16589900902034
train_00086,train,4,B4,600.022297551943,-181.1337098357036,-239.14346912019218
train_00086,train,4,B5,600.0252762561928,130.08570037243135,270.2796229384009
train_00086,train,4,B6,-600.0103259316007,192.77828614367084,229.82397315289757
train_00086,train,4,C2,1200.085995364568,-158.608476485895,-57.932977350182284
train_00086,train,4,C3,1390.0352913280342,-152.83218905614984,58.37947063870347
train_00086,train,4,C4,1390.0016734617584,64.78739513510618,-28.720871471625085
train_00086,train,4,C5,1200.0330382628824,-66.09090244578636,32.76491882265968
train_00086,train,4,C6,1390.0488360608542,178.07109591291328,51.26026681202088
train_00086,train,4,C7,1390.000087190988,-167.75347287456057,88.13112190138435
train_00087,train,0,A2,-1170.5365851576755,249.04039377596982,-110.23818634280441
train_00087,train,0,A3,-1150.555607186713,126.10020676530375,-229.3629532607071
train_00087,train,0,A4,-1164.8958781765843,-86.2317833288745,-251.9271460488374
train_00087,train,0,A5,-1130.368804418901,-5.134865847277913,337.25587775487844
train_00087,train,0,B2,-706.8730790098514,-588.6725106268365,-435.9152801324684
train_00087,train,0,B3,-713.4859870940795,-520.3150093921781,-514.2884475858189
train_00087,train,0,B4,483.07683561916866,-433.24917767877923,-539.9849744181606
train_00087,train,0,B5,470.0570885565565,-107.42737371790018,-39.8375774377935
train_00087,train,0,B6,-731.8016889759735,-133.26851060627368,-56.50420773449014
train_00087,train,0,C2,1531.5411964425286,-47.427887456565756,-423.43518084548816
train_00087,train,0,C3,1728.3480132131494,-64.33586297538159,-320.4411485189215
train_00087,train,0,C4,1739.9677438150552,158.58093068990573,-392.0206703801991
train_00087,train,0,C5,1544.566736902759,37.83607810642068,-326.73889823163614
train_00087,train,0,C6,1753.9472095950478,265.3214459715227,-304.52953633751156
train_00087,train,0,C7,1729.0994987243648,-81.34371462060668,-291.8091682091638
train_00087,train,1,A2,-931.0811801664979,232.02908670641665,-185.8355828234925
train_00087,train,1,A3,-923.2824607063777,90.44368532370156,-283.67842172638814
train_00087,train,1,A4,-947.5367424803492,-121.71411774882635,-269.79837527021624
train_00087,train,1,A5,-874.4570777329174,52.935768015224426,295.01895992787706
train_00087,train,1,B2,-600.0504363687126,-252.00304925524634,-162.70021537059426
train_00087,train,1,B3,-600.0085913194391,-181.11225982854972,-239.15021583832674
train_00087,train,1,B4,599.9998056120605,-181.19250521010386,-239.12911605331323
train_00087,train,1,B5,599.9918128851351,130.11273181479342,270.27041446340087
train_00087,train,1,B6,-599.9919132469535,192.8425192285322,229.85749468591678
train_00087,train,1,C2,1450.1926461685987,-160.596966647646,-57.121380636281316
train_00087,train,1,C3,1640.164989090321,-154.84820761584865,59.109844858688675
train_00087,train,1,C4,1640.1736340555792,62.82386578496589,-28.003588305542756
train_00087,train,1,C5,1450.1698346630085,-68.08719633584263,33.61962265779638
train_00087,train,1,C6,1640.2527646543358,176.0896240518149,52.098088280070215
train_00087,train,1,C7,1640.2259332290548,-169.76169764345286,88.84231883596577
train_00087,train,2,A2,-681.1136609384129,232.00567610738526,-185.80837702176044
train_00087,train,2,A3,-673.3097115718563,90.45050421352028,-283.6519233653524
train_00087,train,2,A4,-697.5885733846924,-121.72958559565438,-269.85550878310437
train_00087,train,2,A5,-624.5284490760399,52.994760162743205,295.03827824508056
train_00087,train,2,B2,-600.0197497056749,-252.05064731835262,-162.76730776776168
train_00087,train,2,B3,-600.0848943421768,-181.2061017545408,-239.10839345754212
train_00087,train,2,B4,599.9780963843474,-181.2209260042867,-239.13467509498662
train_00087,train,2,B5,600.0076002580589,130.11607075949905,270.29141779728945
train_00087,train,2,B6,-600.024458320761,192.85111170923034,229.77793395240334
train_00087,train,2,C2,1450.1445053013686,-160.60021572858025,-57.13447996280558
train_00087,train,2,C3,1640.1346689777859,-154.81998163769802,59.10612108350349
train_00087,train,2,C4,1640.2385648428287,62.8311428928434,-28.028985523708812
train_00087,train,2,C5,1450.1884924966826,-68.09272239110484,33.63095220373539
train_00087,train,2,C6,1640.2151622063636,176.0537320860793,52.096880071904174
train_00087,train,2,C7,1640.160933255541,-169.73922463439683,88.84808983168523
train_00087,train,3,A2,-681.1209020727168,231.9993327046552,-185.85003516914338
train_00087,train,3,A3,-673.3118099363031,90.43814562697357,-283.7185330249491
train_00087,train,3,A4,-697.6209153844867,-121.69385638737715,-269.86088140891457
train_00087,train,3,A5,-624.5973648075058,52.953219929860346,295.027221321767
train_00087,train,3,B2,-600.0391276007189,-252.04593951769408,-162.76790594466476
train_00087,train,3,B3,-600.0644885184905,-181.1276102447005,-239.1131918705157
train_00087,train,3,B4,599.9763984476713,-181.198429661738,-239.15970270258484
train_00087,train,3,B5,599.9957936852056,130.1216915850747,270.3231315881945
train_00087,train,3,B6,-599.9837388692265,192.80970607834533,229.8365129924118
train_00087,train,3,C2,1199.9613784189992,-158.87265439660524,-57.84691472646429
train_00087,train,3,C3,1389.9662082284176,-153.0373624061719,58.500529321764155
train_00087,train,3,C4,1390.0080771275316,64.55729955905063,-28.631869784776274
train_00087,train,3,C5,1199.9147933487468,-66.37440388940622,32.966916931749594
train_00087,train,3,C6,1390.0127169314,177.87655383045254,51.414633736260384
train_00087,train,3,C7,1389.95205550546,-167.923049280493,88.27842911577869
train_00087,train,4,A2,-681.1093506353108,232.08400314825465,-185.84188161289296
train_00087,train,4,A3,-673.3004365967831,90.4565280216434,-283.7086801669329
train_00087,train,4,A4,-697.5335165948877,-121.62708524241168,-269.82213266949117
train_00087,train,4,A5,-624.5092559478285,53.072399839505096,294.9927050256707
train_00087,train,4,B2,-599.9964226994356,-251.98427173049956,-162.70671728191934
train_00087,train,4,B3,-599.9710904450897,-181.11442550489832,-239.1319401581182
train_00087,train,4,B4,600.005318413169,-181.11518244675875,-239.1721729670145
train_00087,train,4,B5,599.9963741011818,130.24050309500265,270.27006048961755
train_00087,train,4,B6,-599.9339681624895,192.89799569015668,229.8357172216445
train_00087,train,4,C2,1200.021162346641,-158.75402387687518,-57.836266429392246
train_00087,train,4,C3,1389.9965724849485,-152.86654916330352,58.50089845678589
train_00087,train,4,C4,1390.0480742334134,64.71003109440663,-28.726878956547566
train_00087,train,4,C5,1200.0175270299542,-66.24856619739529,32.83411292554859
train_00087,train,4,C6,1390.0465339839113,177.99823383157167,51.33931926990007
train_00087,train,4,C7,1390.0294383843384,-167.79379923721257,88.2897599935879
train_00088,train,0,A2,-1110.2256973762778,358.50008231208545,-293.89196365497367
train_00088,train,0,A3,-1124.926306706336,230.6186623525226,-408.35005890635074
train_00088,train,0,A4,-1157.0616759271256,19.23812780483112,-417.04423697035907
train_00088,train,0,A5,-987.6695010379959,117.0969858367413,145.65745859904484
train_00088,train,0,B2,-624.8673627172702,-212.98109128225653,-436.5621694035226
train_00088,train,0,B3,-627.2617623878416,-148.87849184461032,-518.7305723746421
train_00088,train,0,B4,567.2143486437867,-220.40903770246643,-608.6696341283971
train_00088,train,0,B5,624.3652540074442,132.34443758602188,-130.4326125500848
train_00088,train,0,B6,-570.0095590570513,262.7619412977696,-86.25108414077317
train_00088,train,0,C2,1310.9818669769838,70.40785175769436,-221.6970926314878
train_00088,train,0,C3,1500.8899708463473,76.28172450872239,-105.2641187951035
train_00088,train,0,C4,1500.6614904067305,294.0723838882971,-191.86599386884447
train_00088,train,0,C5,1310.7649326995356,162.70621471996833,-130.75833260261177
train_00088,train,0,C6,1500.4337097635191,407.17041044783724,-111.63681418653164
train_00088,train,0,C7,1500.9069559312475,61.312503785179,-75.46225763306514
train_00088,train,1,A2,-931.1315855011266,232.03142270067858,-185.82953570116732
train_00088,train,1,A3,-923.398670256856,90.49107601802186,-283.62449286948487
train_00088,train,1,A4,-947.6386660016392,-121.67525715576433,-269.79690600548906
train_00088,train,1,A5,-874.5281280745606,53.051909814716424,295.1016103832582
train_00088,train,1,B2,-600.001199967143,-251.9245547959361,-162.78172006244614
train_00088,train,1,B3,-599.9640267404382,-181.05643944998837,-239.09306041501944
train_00088,train,1,B4,599.9650728313562,-181.1392919861116,-239.12490298787895
train_00088,train,1,B5,600.0083080264722,130.13599093326545,270.3414585229472
train_00088,train,1,B6,-600.0281951316376,192.8885251644973,229.84972759229953
train_00088,train,1,C2,1450.0527555744457,-158.7103999684222,-57.977396331533186
train_00088,train,1,C3,1640.0177841974833,-152.89073563332548,58.379806200087764
train_00088,train,1,C4,1640.0356952908403,64.79217820833509,-28.694917457494622
train_00088,train,1,C5,1450.0062694830933,-66.2483239834549,32.80920750570559
train_00088,train,1,C6,1639.9596430123102,178.04495705635097,51.32849982177902
train_00088,train,1,C7,1640.0132181984557,-167.79008249212106,88.1358885205719
train_00088,train,2,A2,-681.068589283442,232.10286495162453,-185.86383281427075
train_00088,train,2,A3,-673.3059972262495,90.57759063280528,-283.6057233899906
train_00088,train,2,A4,-697.5026304978106,-121.66602205059161,-269.79360439905963
train_00088,train,2,A5,-624.5062900036129,53.0496718098558,295.0980361058906
train_00088,train,2,B2,-600.0263331202534,-251.99805339034586,-162.7079081177773
train_00088,train,2,B3,-600.0181851444631,-181.1239762213654,-239.1539459054319
train_00088,train,2,B4,600.0367529088148,-181.13619176475507,-239.0503743237338
train_00088,train,2,B5,599.9840573568321,130.20991086286224,270.3141999569809
train_00088,train,2,B6,-600.0198254126656,192.8953201579823,229.84834029563643
train_00088,train,2,C2,1450.0560330281373,-158.71745989459257,-57.98221400796092
train_00088,train,2,C3,1640.0369598947816,-152.8688021536107,58.3422354267845
train_00088,train,2,C4,1640.0208936704894,64.706215135606,-28.72002409064154
train_00088,train,2,C5,1450.0316211452985,-66.16469957765895,32.81045145351181
train_00088,train,2,C6,1639.9479141843235,178.02013553791792,51.328161783030694
train_00088,train,2,C7,1639.991760556542,-167.81203864707504,88.19319843206765
train_00088,train,3,A2,-681.1079278209493,232.0418966541265,-185.78938304799084
train_00088,train,3,A3,-673.2710182696491,90.52962645256056,-283.67633149125317
train_00088,train,3,A4,-697.5374630496093,-121.61978775316581,-269.7955099075931
train_00088,train,3,A5,-624.507374813214,52.99261127670117,295.0902894527752
train_00088,train,3,B2,-599.9913614776302,-251.99564093443314,-162.7573369810906
train_00088,train,3,B3,-600.0162647050581,-181.0653196506755,-239.10740440306446
train_00088,train,3,B4,599.9891541707925,-181.13987229986552,-239.08539774607002
train_00088,train,3,B5,600.0135813704406,130.11737516787701,270.35640107493464
train_00088,train,3,B6,-599.9957863718847,192.7789605035861,229.84160501834603
train_00088,train,3,C2,1199.9951709614077,-158.71159482721106,-57.67050933204182
train_00088,train,3,C3,1389.9418566890813,-152.9633063824981,58.507361633921846
train_00088,train,3,C4,1389.993710667215,64.61537566329162,-28.574611257201045
train_00088,train,3,C5,1200.0327933021263,-66.20420517572441,32.99001662296944
train_00088,train,3,C6,1390.0216779956475,177.94383242625247,51.50572957950766
train_00088,train,3,C7,1389.975559732083,-167.9150149482817,88.32815602040557
train_00088,train,4,A2,-680.3431555891096,233.17619503051017,-187.1991250133118
train_00088,train,4,A3,-672.4888660450964,91.68389058298234,-285.13394211199136
train_00088,train,4,A4,-696.7677530017882,-120.54667530522863,-271.1774594326112
train_00088,train,4,A5,-623.7245562547682,54.161663800944595,293.6359354493923
train_00088,train,4,B2,-599.2618434474603,-250.87141665064718,-164.16353192409147
train_00088,train,4,B3,-599.2304235250218,-179.9765081950187,-240.50703190585966
train_00088,train,4,B4,600.707742755589,-179.97948222821793,-240.63460823602816
train_00088,train,4,B5,600.7362013058231,131.3941920090149,268.78836453058307
train_00088,train,4,B6,-599.242968943291,194.02545129555298,228.4025998553219
train_00088,train,4,C2,1200.762874851978,-157.51495958178234,-59.35520606492601
train_00088,train,4,C3,1390.7438825651343,-151.66763670113963,56.88052033068292
train_00088,train,4,C4,1390.7199436675342,65.88260645448702,-30.227362843064117
train_00088,train,4,C5,1200.7651857109402,-65.03264445164714,31.38092017776761
train_00088,train,4,C6,1390.7467758698065,179.15049088019617,49.79194167098648
train_00088,train,4,C7,1390.767644072558,-166.63258738538167,86.68659535340912
train_00089,train,0,A2,-1286.6101926615827,-34.58389424088463,-66.25934152532966
train_00089,train,0,A3,-1247.3827443362986,-177.12917780521406,-154.74207608946287
train_00089,train,0,A4,-1240.697879514378,-389.78882227427295,-131.2464830577774
train_00089,train,0,A5,-1253.9366908980462,-182.60780650049864,427.2550871847154
train_00089,train,0,B2,-679.0764527588404,-289.4727810591283,-36.30900895706734
train_00089,train,0,B3,-699.1415860831875,-223.2348231045382,-114.12968448693871
train_00089,train,0,B4,477.33091052225996,-34.056420681450554,-256.0595729271683
train_00089,train,0,B5,483.87449229756027,297.28982510704884,240.59932009171297
train_00089,train,0,B6,-707.304787311805,168.00004528146232,340.3998361391877
train_00089,train,0,C2,1705.1104477929678,-575.1577245537917,-41.782957204611314
train_00089,train,0,C3,1885.5143901856259,-639.629287895327,72.06642658353996
train_00089,train,0,C4,1964.92199749555,-438.06390034324954,-17.455583157475232
train_00089,train,0,C5,1740.9256092240212,-488.6824012257566,47.907597921238754
train_00089,train,0,C6,2008.2333441841886,-332.4507041947469,61.326245128118046
train_00089,train,0,C7,1880.4789139154097,-653.2845805234937,101.9988879063229
train_00089,train,1,A2,-931.1027535867906,231.98340216179542,-185.85768056273693
train_00089,train,1,A3,-923.2858876300763,90.35602654184513,-283.7071873896883
train_00089,train,1,A4,-947.5057294086865,-121.75212317846976,-269.80135366314505
train_00089,train,1,A5,-874.4737843676951,52.9843127752576,294.9936847406224
train_00089,train,1,B2,-600.0252112173802,-251.9458873026623,-162.69584425674245
train_00089,train,1,B3,-599.962951817306,-181.0740320796121,-239.0722603666519
train_00089,train,1,B4,599.9513534687288,-181.08802812679707,-239.12008636463437
train_00089,train,1,B5,599.9544858105319,130.1531166083551,270.34488836797254
train_00089,train,1,B6,-600.0005729248322,192.8927610069142,229.8664822641424
train_00089,train,1,C2,1450.0385541464939,-158.80657655051752,-57.84865436874089
train_00089,train,1,C3,1640.0340086535823,-153.08659181682427,58.394515575789285
train_00089,train,1,C4,1640.0461552508098,64.57534061877023,-28.681112917104237
train_00089,train,1,C5,1450.0127742773586,-66.32898083440142,32.91298356010966
train_00089,train,1,C6,1640.016029696176,177.85652495439598,51.43925097319071
train_00089,train,1,C7,1640.0286982106818,-168.0067202566737,88.16266353365089
train_00089,train,2,A2,-681.1004188590412,232.06495039136806,-185.7304648070134
train_00089,train,2,A3,-673.3298710387861,90.4849677338894,-283.57715894133145
train_00089,train,2,A4,-697.6146319462838,-121.69148420472561,-269.73370750104243
train_00089,train,2,A5,-624.5619647896167,53.00006266013336,295.09939414780933
train_00089,train,2,B2,-599.9943125848644,-251.98069307808277,-162.6542059639027
train_00089,train,2,B3,-600.0697578007181,-181.11586668601342,-239.13573772121765
train_00089,train,2,B4,599.9755304700558,-181.15811690660772,-239.13616693907886
train_00089,train,2,B5,599.9623180889887,130.18392148351901,270.3464083111155
train_00089,train,2,B6,-599.9572771604865,192.8999309756018,229.86347437725604
train_00089,train,2,C2,1450.03029749467,-158.8210724014158,-57.8855748958054
train_00089,train,2,C3,1640.0396441063288,-153.05753401126316,58.34948736427313
train_00089,train,2,C4,1639.9819142350036,64.54061571596125,-28.6519941609309
train_00089,train,2,C5,1450.0533817209398,-66.3547728520768,32.86108689002443
train_00089,train,2,C6,1640.0350857823728,177.8950125308659,51.38856990083092
train_00089,train,2,C7,1640.0308504161226,-167.97414610932867,88.17648826191463
train_00089,train,3,A2,-681.1444768116617,232.07267928527327,-185.6922630943009
train_00089,train,3,A3,-673.3551949642242,90.53682067184681,-283.54638031468033
train_00089,train,3,A4,-697.6091958424405,-121.59506792436379,-269.72193927465815
train_00089,train,3,A5,-624.4635196649346,53.019326924528926,295.11766140741196
train_00089,train,3,B2,-600.0415911758101,-251.93748144951923,-162.6931414603537
train_00089,train,3,B3,-599.9814121565283,-181.07539679051962,-239.11395846370647
train_00089,train,3,B4,599.9059295001916,-181.17967743174688,-239.08230229574622
train_00089,train,3,B5,599.9996203502136,130.19827500347316,270.2962592970207
train_00089,train,3,B6,-600.0381724622258,192.87350407538045,229.86568664640592
train_00089,train,3,C2,1199.9589826113752,-158.67837599349056,-57.90628023045527
train_00089,train,3,C3,1390.003609122526,-152.90751411875144,58.34174075580638
train_00089,train,3,C4,1389.9668044218145,64.69732408686161,-28.69968870253835
train_00089,train,3,C5,1200.0392965503654,-66.20857229233728,32.810235602697695
train_00089,train,3,C6,1389.975813416985,178.0102614751893,51.3079151511132
train_00089,train,3,C7,1389.992596970921,-167.75185208215171,88.22444023029985
train_00089,train,4,A2,-681.0469967544113,231.9885935025248,-185.77690364661302
train_00089,train,4,A3,-673.273535566933,90.42624380166926,-283.68152394483525
train_00089,train,4,A4,-697.5198666194938,-121.6844746858631,-269.84095743960785
train_00089,train,4,A5,-624.4949519776658,52.906014402050964,294.98665375452117
train_00089,train,4,B2,-599.9898635505303,-252.05030477034947,-162.8518570312379
train_00089,train,4,B3,-600.0433544363433,-181.21968052119945,-239.2094405158364
train_00089,train,4,B4,600.0292035877693,-181.20934881267127,-239.12514536144994
train_00089,train,4,B5,599.9899112242339,130.06868948343896,270.3338349605351
train_00089,train,4,B6,-599.9509158820233,192.85467362464757,229.7225197150375
train_00089,train,4,C2,1199.9331010533188,-158.87355762728558,-57.87643629493503
train_00089,train,4,C3,1389.9770376853644,-153.02779586436912,58.417919676426294
train_00089,train,4,C4,1389.9432666169673,64.5570906515915,-28.67574429624046
train_00089,train,4,C5,1199.9694224568598,-66.3976170645009,32.86011128691955
train_00089,train,4,C6,1389.9527376246017,177.85576336397517,51.360799161108766
train_00089,train,4,C7,1389.9591479265812,-167.99663459758418,88.27038195542622
train_00090,train,0,A2,-1191.9158979306064,290.386810879723,84.95084627734995
train_00090,train,0,A3,-1137.996477082307,177.63823723385073,-33.60296174632792
train_00090,train,0,A4,-1122.3454503765304,-33.25711453669582,-66.30037178732665
train_00090,train,0,A5,-1193.6771013454268,17.15654247055855,523.0816245952557
train_00090,train,0,B2,-894.3707488683423,-265.446450951318,-238.97473614698012
train_00090,train,0,B3,-898.4073167645859,-196.6066013424074,-317.08712546018137
train_00090,train,0,B4,300.56222113999763,-177.24602170899436,-362.60209860370685
train_00090,train,0,B5,314.3411870254891,147.35705738602394,138.24014848304836
train_00090,train,0,B6,-887.2679311408651,189.5312998276833,141.76248286297624
train_00090,train,0,C2,1538.9491310372296,-420.45417055418034,115.88297942129608
train_00090,train,0,C3,1744.0525237327627,-442.8831408670825,199.86882797677632
train_00090,train,0,C4,1741.540454136165,-211.50984377619918,162.60048159563385
train_00090,train,0,C5,1556.6977023222446,-350.1583254938663,223.12967591257157
train_00090,train,0,C6,1758.6613103580603,-118.55977507980253,264.07207189168696
train_00090,train,0,C7,1747.7878829727758,-464.00645419907545,225.46600027405484
train_00090,train,1,A2,-931.1296127616499,232.05378477031016,-185.87300223016126
train_00090,train,1,A3,-923.317295514207,90.48617597094238,-283.7453029216691
train_00090,train,1,A4,-947.5728860399645,-121.68834144780266,-269.92113345453805
train_00090,train,1,A5,-874.4977615189978,52.93138843890822,294.9456630148206
train_00090,train,1,B2,-599.9980894701741,-252.01062085896203,-162.82802350560385
train_00090,train,1,B3,-600.0540381926323,-181.16642112077614,-239.18312942322817
train_00090,train,1,B4,599.9930690633327,-181.06036641801077,-239.11786562936442
train_00090,train,1,B5,599.9287663713237,130.20984480018996,270.31643950589535
train_00090,train,1,B6,-600.0248747478925,192.83316034915427,229.74191385908233
train_00090,train,1,C2,1449.9648983326063,-158.74430895550918,-57.74380043688649
train_00090,train,1,C3,1639.9604999696926,-152.90453127189446,58.457737325582706
train_00090,train,1,C4,1640.0469197294078,64.64881279166373,-28.56676876729716
train_00090,train,1,C5,1449.9713315507188,-66.26763385340651,32.95290503730683
train_00090,train,1,C6,1640.0081975820956,177.98694654485826,51.43825479368005
train_00090,train,1,C7,1640.0404398888186,-167.8951311811792,88.17447843466451
train_00090,train,2,A2,-681.1823470753219,232.01112556036716,-185.8303333465882
train_00090,train,2,A3,-673.3105323234602,90.38841398098516,-283.76811370741933
train_00090,train,2,A4,-697.5905809939665,-121.76197030245113,-269.8431939899966
train_00090,train,2,A5,-624.5488067632001,53.066204214767644,295.0371365070349
train_00090,train,2,B2,-600.0669533762401,-251.9762920557818,-162.8210390755838
train_00090,train,2,B3,-599.9656290576935,-181.14587844453763,-239.231879428336
train_00090,train,2,B4,599.9557659320967,-181.09665008859403,-239.05805945716426
train_00090,train,2,B5,599.9099341832252,130.23870532927498,270.3210701673202
train_00090,train,2,B6,-600.0288809894332,192.8388857022245,229.7914832730758
train_00090,train,2,C2,1449.9764928892594,-158.77311762401544,-57.800331567749055
train_00090,train,2,C3,1640.0247891184827,-152.93834247061764,58.398663001563655
train_00090,train,2,C4,1639.9990068063032,64.61361892497058,-28.620396738543278
train_00090,train,2,C5,1450.029867150619,-66.28829301393021,32.99739736483234
train_00090,train,2,C6,1639.9952498043199,177.9154966199432,51.41189259425186
train_00090,train,2,C7,1640.044056110608,-167.93295373808957,88.19760401739534
train_00090,train,3,A2,-681.1546956698418,231.98663319095655,-185.9346136771473
train_00090,train,3,A3,-673.3341259533104,90.33735319327712,-283.7276246491482
train_00090,train,3,A4,-697.5883042702187,-121.70812223800638,-269.8583700803449
train_00090,train,3,A5,-624.5586422026129,53.03220033361562,294.98619866798623
train_00090,train,3,B2,-599.9949527723339,-252.01903392811724,-162.8499927723375
train_00090,train,3,B3,-600.0501638154051,-181.08771058888942,-239.25373074426918
train_00090,train,3,B4,600.000061351173,-181.09626817182192,-239.10114405520565
train_00090,train,3,B5,599.9418055726774,130.1874052833128,270.2960072760891
train_00090,train,3,B6,-600.0449018807374,192.84692963106835,229.68924976393347
train_00090,train,3,C2,1199.9708177447997,-158.66031970738075,-57.775146209479445
train_00090,train,3,C3,1389.9883325907679,-152.80245500695415,58.57405601093213
train_00090,train,3,C4,1389.9377136750397,64.7900043586307,-28.60223878757866
train_00090,train,3,C5,1199.949884356155,-66.15013991129445,32.97240654448267
train_00090,train,3,C6,1389.9722475034864,178.08395126463225,51.5233515046138
train_00090,train,3,C7,1389.9220807422148,-167.7893653418364,88.35621265186269
train_00090,train,4,A2,-680.2965629704596,232.79640702624124,-184.14625023383599
train_00090,train,4,A3,-672.5733416924518,91.11575820699296,-281.9933503286221
train_00090,train,4,A4,-696.8751535018466,-120.95599208139741,-268.11251879102707
train_00090,train,4,A5,-623.77283709978,53.782726607802815,296.7664549360107
train_00090,train,4,B2,-599.2827507389169,-251.23437160823926,-161.06908791502462
train_00090,train,4,B3,-599.2691748450907,-180.3174619534339,-237.47702194402595
train_00090,train,4,B4,600.760580336697,-180.4099073275807,-237.47038797781047
train_00090,train,4,B5,600.8386352275072,130.82587527074375,271.9709983112929
train_00090,train,4,B6,-599.191609916674,193.6514453990546,231.43760749726485
train_00090,train,4,C2,1200.781524326727,-158.01147503603644,-56.136958159991785
train_00090,train,4,C3,1390.7279030048335,-152.21313295204968,60.179187354181394
train_00090,train,4,C4,1390.8499398826432,65.36317112253886,-26.95614964559315
train_00090,train,4,C5,1200.7844468243388,-65.52655972463045,34.562006246282635
train_00090,train,4,C6,1390.7357685966235,178.70797168462224,53.124749426508316
train_00090,train,4,C7,1390.7077121287477,-167.10477604759453,90.0158211282947
train_00091,train,0,A2,-850.5053740375896,183.44590945422019,-144.3755955605182
train_00091,train,0,A3,-826.8302050390009,52.041400675154456,-253.29625440789513
train_00091,train,0,A4,-836.0988726089894,-161.6585189802303,-259.04751532120656
train_00091,train,0,A5,-808.1804046195522,-33.57161696634166,322.0650631138835
train_00091,train,0,B2,-775.3657667452667,11.929620318471661,246.25945637691555
train_00091,train,0,B3,-813.005288771102,72.5059563533203,170.28643166827968
train_00091,train,0,B4,290.83854909308076,183.40204995811044,-287.0556945720707
train_00091,train,0,B5,437.9414356731751,553.6326829849008,157.5989651202602
train_00091,train,0,B6,-689.2604413637488,499.71517128438296,572.6553031373359
train_00091,train,0,C2,1642.456969236141,173.3390590303,237.2673113130602
train_00091,train,0,C3,1843.554687406144,210.00479975233316,326.08471438560525
train_00091,train,0,C4,1805.0866814995695,418.93769760914694,227.05484623345444
train_00091,train,0,C5,1642.486874327297,271.7783668422493,321.61848173825166
train_00091,train,0,C6,1801.126979348955,537.1235977336232,299.47169611326547
train_00091,train,0,C7,1849.2708565743667,197.42494071129497,356.37720471555605
train_00091,train,1,A2,-931.1064021065001,231.99019190283062,-185.81904105715404
train_00091,train,1,A3,-923.2512793839481,90.47259152537973,-283.7498096354771
train_00091,train,1,A4,-947.4859048869973,-121.66597878406904,-269.8583239741308
train_00091,train,1,A5,-874.4441022714841,53.06839181925123,294.99669020170546
train_00091,train,1,B2,-599.9825383695007,-252.0589960702947,-162.794639600918
train_00091,train,1,B3,-600.0067188679044,-181.22320519075737,-239.16795176996513
train_00091,train,1,B4,600.0186706092916,-181.09406518563475,-239.17188853757594
train_00091,train,1,B5,599.972559158843,130.19332098287128,270.24457247362506
train_00091,train,1,B6,-599.9796852874038,192.70180215081817,229.84733676269784
train_00091,train,1,C2,1450.040763548286,-158.65029843752694,-57.87962496986525
train_00091,train,1,C3,1640.0445964429011,-152.85640378733643,58.47808041385502
train_00091,train,1,C4,1639.9876092430952,64.70029676710737,-28.638774648708466
train_00091,train,1,C5,1450.0283686012024,-66.16817425525174,32.88131240178861
train_00091,train,1,C6,1639.983470969659,178.0580903200897,51.39450131133016
train_00091,train,1,C7,1640.0020126223742,-167.80419995662362,88.2698499775939
train_00091,train,2,A2,-681.1070014682467,231.83650917306886,-185.75195899221492
train_00091,train,2,A3,-673.3299098894549,90.277662512244,-283.61280803803686
train_00091,train,2,A4,-697.6164559894557,-121.89558944595728,-269.779611897142
train_00091,train,2,A5,-624.5169129567571,52.752909416997205,295.0581774526311
train_00091,train,2,B2,-599.9659071416285,-252.12503635862788,-162.75717945332946
train_00091,train,2,B3,-599.9988870564919,-181.23580747093348,-239.18389253474197
train_00091,train,2,B4,600.007779739852,-181.1000918345454,-239.1545413978166
train_00091,train,2,B5,600.0150447104247,130.1677029030396,270.28396465632767
train_00091,train,2,B6,-600.0449911828565,192.72974642157834,229.81385774527905
train_00091,train,2,C2,1450.0357952842483,-158.71053096259828,-57.842130244451894
train_00091,train,2,C3,1639.9738110237488,-152.87764000793328,58.4418399469311
train_00091,train,2,C4,1640.0125951195978,64.75437910752821,-28.67557234971049
train_00091,train,2,C5,1449.9997811559945,-66.16019576203752,32.92100882311692
train_00091,train,2,C6,1639.9636056009083,178.0139286501125,51.45030958666528
train_00091,train,2,C7,1640.0535022472418,-167.74504513348097,88.20607716026605
train_00091,train,3,A2,-681.1563296990009,231.78311682746337,-185.85899690343624
train_00091,train,3,A3,-673.3492579324762,90.23061128009272,-283.6945641386259
train_00091,train,3,A4,-697.5560843021169,-122.00369792028177,-269.8568117068484
train_00091,train,3,A5,-624.4859428961964,52.71451989768174,295.01382714310427
train_00091,train,3,B2,-599.9890103557898,-252.07463121830668,-162.77727541147183
train_00091,train,3,B3,-599.9954078717518,-181.2112418677224,-239.11387793617297
train_00091,train,3,B4,600.0157565753119,-181.1299905974779,-239.12798797031562
train_00091,train,3,B5,600.0003762330941,130.17534428346286,270.3080483052853
train_00091,train,3,B6,-599.9569185440322,192.70751135763032,229.7871014079948
train_00091,train,3,C2,1200.017384856787,-158.69201601355792,-57.985997100479786
train_00091,train,3,C3,1390.0212892999145,-152.90092346373186,58.3193049614794
train_00091,train,3,C4,1390.0013727632404,64.66339873355905,-28.765574784341187
train_00091,train,3,C5,1200.0480640990331,-66.17047689765018,32.7533428298648
train_00091,train,3,C6,1390.0221485973645,178.02347246169037,51.25976481016097
train_00091,train,3,C7,1390.001854563381,-167.81342917233366,88.16938997596212
train_00091,train,4,A2,-680.3026044336385,232.49433076511622,-187.59103768467588
train_00091,train,4,A3,-672.5612737779696,90.93654609648723,-285.41713854024306
train_00091,train,4,A4,-696.7668292904856,-121.22728997005584,-271.5710746604912
train_00091,train,4,A5,-623.6973457150417,53.423082993059204,293.34390761783845
train_00091,train,4,B2,-599.2036131216122,-251.4513874496071,-164.55948804183942
train_00091,train,4,B3,-599.243739436685,-180.5498630558605,-240.9965552248629
train_00091,train,4,B4,600.8088762339793,-180.5905249180264,-240.8801987082423
train_00091,train,4,B5,600.7745150451278,130.6937569623403,268.59969231436764
train_00091,train,4,B6,-599.2216117769406,193.4386446363463,228.09695488835544
train_00091,train,4,C2,1200.828636546755,-158.29909339187535,-59.61340483961585
train_00091,train,4,C3,1390.7917320774282,-152.49567468297184,56.70290270882802
train_00091,train,4,C4,1390.8112644297116,65.04373344997056,-30.464987731779875
train_00091,train,4,C5,1200.8085883736946,-65.73791846355974,31.032960269378606
train_00091,train,4,C6,1390.851336091968,178.39714567378357,49.546011135199585
train_00091,train,4,C7,1390.7248313025532,-167.40567787617653,86.44603634656153
train_00092,train,0,A2,-751.6974539709921,391.3460234000729,-339.78177465581877
train_00092,train,0,A3,-736.3835604599823,231.98388723028944,-403.45034029285335
train_00092,train,0,A4,-709.7117135604318,29.863252201421265,-338.54566513049144
train_00092,train,0,A5,-545.125323059113,356.0639526565414,131.97159770489733
train_00092,train,0,B2,-526.6833435905786,-602.0084126676445,-546.7383778199256
train_00092,train,0,B3,-529.4213536783191,-512.9515874505332,-600.6576032421327
train_00092,train,0,B4,651.49331984876,-377.17666718039794,-436.10904248454864
train_00092,train,0,B5,554.662407320375,-225.05494296801183,133.01906919802533
train_00092,train,0,B6,-631.3311975085389,-289.56000338955795,-53.33492865517877
train_00092,train,0,C2,1389.8459796370032,-453.0869660549361,302.8083722796937
train_00092,train,0,C3,1545.7621972825773,-463.4881866068464,461.7016873296362
train_00092,train,0,C4,1564.5382500464855,-237.48137157689752,402.35103247444687
train_00092,train,0,C5,1366.7576065742014,-371.36911105570925,400.7218485649188
train_00092,train,0,C6,1543.7175460037008,-133.96414839272853,492.2916544101044
train_00092,train,0,C7,1538.7413459937986,-481.63692517100384,488.68159593956744
train_00092,train,1,A2,-931.0785843319943,232.07946730702326,-185.78069623100666
train_00092,train,1,A3,-923.29890027083,90.4622433361118,-283.6849076705649
train_00092,train,1,A4,-947.5390067595406,-121.70085753006278,-269.8126083118469
train_00092,train,1,A5,-874.4862578303942,53.009867712512644,295.0420475882688
train_00092,train,1,B2,-599.9878360243252,-252.05357599681275,-162.67859642223314
train_00092,train,1,B3,-600.0051046315851,-181.17731623382943,-239.09156409535302
train_00092,train,1,B4,599.992230957856,-181.17404578721366,-239.08822172419556
train_00092,train,1,B5,600.0046026914167,130.17207679628743,270.35261076569896
train_00092,train,1,B6,-600.0144905948102,192.76795221597956,229.90515267190904
train_00092,train,1,C2,1449.9961707657617,-158.7431789227971,-57.838199940656985
train_00092,train,1,C3,1640.0085830176063,-152.94055204899334,58.38256319535021
train_00092,train,1,C4,1639.941603055642,64.63611917647277,-28.688291398248435
train_00092,train,1,C5,1449.9671228201682,-66.25379299072632,32.85148206540949
train_00092,train,1,C6,1639.9606642720184,177.95188882172658,51.33347063894885
train_00092,train,1,C7,1639.9966701311764,-167.90018876338328,88.16891243463188
train_00092,train,2,A2,-681.1153270714167,231.93309408404244,-185.69145703480217
train_00092,train,2,A3,-673.3251434866147,90.38021649800501,-283.58855427329684
train_00092,train,2,A4,-697.55036766491,-121.72789509635322,-269.7259753691608
train_00092,train,2,A5,-624.6003127442891,52.8187911225193,295.1679639660729
train_00092,train,2,B2,-600.0375108647801,-251.99871817261615,-162.62726217938433
train_00092,train,2,B3,-600.0414156740084,-181.20934370771772,-239.06155762832378
train_00092,train,2,B4,599.974059766858,-181.17442521574907,-239.12510471324887
train_00092,train,2,B5,600.0005110384482,130.1535306914328,270.3332492405242
train_00092,train,2,B6,-599.9937696572581,192.8448088814901,229.89196689372602
train_00092,train,2,C2,1449.974267821178,-158.74612964997698,-57.77533250612525
train_00092,train,2,C3,1640.0426436305836,-152.95619326863655,58.40584468561567
train_00092,train,2,C4,1639.9431122990045,64.56024394132173,-28.66699534625283
train_00092,train,2,C5,1449.9709563056988,-66.26038940731331,32.875596812599476
train_00092,train,2,C6,1639.9931300176318,178.00811724923082,51.284229810367776
train_00092,train,2,C7,1640.0007011790683,-167.92036217416722,88.19061285931157
train_00092,train,3,A2,-681.1520271240443,231.9267146909266,-185.68894770633028
train_00092,train,3,A3,-673.3422738278372,90.38586424546023,-283.6390583750181
train_00092,train,3,A4,-697.6198632346332,-121.77279220447751,-269.7456798824767
train_00092,train,3,A5,-624.4695262287925,52.84573173255603,295.20508679929446
train_00092,train,3,B2,-600.0397328419635,-252.03460652050407,-162.72348843670272
train_00092,train,3,B3,-599.9706293640347,-181.19242945247018,-239.14314503485204
train_00092,train,3,B4,600.0000458601206,-181.15296853193624,-239.03926105004408
train_00092,train,3,B5,599.9757465877794,130.11890244221107,270.33382712497615
train_00092,train,3,B6,-600.005553288598,192.78864952491347,229.87554849735355
train_00092,train,3,C2,1199.9833377492332,-158.74703717314173,-58.04676770837802
train_00092,train,3,C3,1390.0073088743693,-152.98353585831282,58.30490461721259
train_00092,train,3,C4,1390.0111558453686,64.61727195949601,-28.821840059522515
train_00092,train,3,C5,1200.0161981691597,-66.30711538317287,32.76252102856662
train_00092,train,3,C6,1389.99632909712,177.91556968147657,51.25720222495749
train_00092,train,3,C7,1390.0086723473075,-167.88491779148188,88.12768340372783
train_00092,train,4,A2,-681.0721661312997,231.99475254688136,-185.79311120466838
train_00092,train,4,A3,-673.2595297046407,90.44741633513529,-283.68774964233
train_00092,train,4,A4,-697.5980638453012,-121.67876750252077,-269.7419998382263
train_00092,train,4,A5,-624.5469112866282,53.029729809823195,295.05411073050317
train_00092,train,4,B2,-600.0112761980686,-251.91389321656837,-162.77542247929551
train_00092,train,4,B3,-600.0231001847126,-181.1524151305762,-239.15680051464602
train_00092,train,4,B4,599.9924589415673,-181.1680126860724,-239.00751897354723
train_00092,train,4,B5,599.9875877317145,130.17099276302685,270.34903650446574
train_00092,train,4,B6,-600.0144488051731,192.95623287194488,229.69687196401762
train_00092,train,4,C2,1200.0174970700266,-158.82050122966913,-57.793512457096334
train_00092,train,4,C3,1390.0049893328296,-152.97242316590683,58.480160729852734
train_00092,train,4,C4,1389.975220270481,64.66812573217845,-28.639626024244652
train_00092,train,4,C5,1199.9643980559472,-66.31663610255292,32.90605613087765
train_00092,train,4,C6,1389.9933523166933,177.87657308588552,51.37786663071216
train_00092,train,4,C7,1389.9895614523634,-167.85696132925705,88.23173186047197
train_00093,train,0,A2,-911.3091958735814,-87.63587701435331,-28.562839472322953
train_00093,train,0,A3,-910.9053484841517,-228.9825966295278,-127.01454184515735
train_00093,train,0,A4,-944.5676428393257,-439.8900632276042,-113.65845077990812
train_00093,train,0,A5,-858.0043068454262,-270.90783860460874,451.0693766710921
train_00093,train,0,B2,-824.0406797793586,-11.892722395743295,246.0277303978216
train_00093,train,0,B3,-839.8317241502843,55.943340836535384,168.50944650562244
train_00093,train,0,B4,328.18559863759174,17.233907496526825,-103.89585713910161
train_00093,train,0,B5,451.4756518406773,347.790836923039,377.6766365948065
train_00093,train,0,B6,-724.3777255902673,447.5165718339644,607.9335523318924
train_00093,train,0,C2,1779.8131084934464,-284.6846982487099,-217.1428645456612
train_00093,train,0,C3,1954.3604853522893,-300.6707965798989,-79.45632838448047
train_00093,train,0,C4,1961.60799956878,-71.09432379962941,-126.34969463961819
train_00093,train,0,C5,1767.5824235985813,-209.55090222846843,-112.30836310620222
train_00093,train,0,C6,1950.218730741756,26.365960924075655,-28.35002755195136
train_00093,train,0,C7,1951.0417973804035,-320.6294757239564,-53.070218041406825
train_00093,train,1,A2,-931.1600168217038,231.9752896783933,-185.82331098572348
train_00093,train,1,A3,-923.3175867899323,90.43385384117376,-283.6905471428446
train_00093,train,1,A4,-947.435471216151,-121.77869704356432,-269.7994473181777
train_00093,train,1,A5,-874.4432521320671,52.89069241914989,295.03136186187396
train_00093,train,1,B2,-600.0038423803113,-251.99748106334238,-162.7512077823818
train_00093,train,1,B3,-600.0347049157399,-181.15657601239212,-239.18951948969212
train_00093,train,1,B4,600.0241381443919,-181.1719577480317,-239.18014970285748
train_00093,train,1,B5,600.0305713244447,130.16944984310334,270.2599307982932
train_00093,train,1,B6,-599.9422948899402,192.83422697686393,229.72535703917995
train_00093,train,1,C2,1450.007562031337,-158.6705407825614,-57.81689534562145
train_00093,train,1,C3,1640.05097916607,-152.9064080177541,58.46517851411298
train_00093,train,1,C4,1639.9574654669661,64.7222665520091,-28.62614769002207
train_00093,train,1,C5,1450.0078310076003,-66.15162637065669,32.87755785984436
train_00093,train,1,C6,1640.0347695305948,177.9784635012617,51.42227983609786
train_00093,train,1,C7,1639.9856918303299,-167.79921492665434,88.17368544081934
train_00093,train,2,A2,-681.1694985361497,231.90704827439302,-185.86969952760953
train_00093,train,2,A3,-673.309759315719,90.33964776043841,-283.71874763692773
train_00093,train,2,A4,-697.6511677463275,-121.82160145692788,-269.8190739726707
train_00093,train,2,A5,-624.5485971974323,52.955775501359405,295.001840263716
train_00093,train,2,B2,-600.0448946014301,-252.0354539957521,-162.75965917136372
train_00093,train,2,B3,-599.998950317247,-181.19149021292,-239.15999221696086
train_00093,train,2,B4,599.959162416629,-181.18343583053218,-239.09734761121567
train_00093,train,2,B5,600.000556204491,130.21243700566728,270.28752420824605
train_00093,train,2,B6,-599.9693621102919,192.80751258363665,229.76158702025842
train_00093,train,2,C2,1449.9824991649346,-158.67364647082465,-57.84295332032841
train_00093,train,2,C3,1639.9996056979217,-152.87266591057266,58.422777635746556
train_00093,train,2,C4,1639.92621473448,64.76443268563577,-28.625067839135987
train_00093,train,2,C5,1449.9551073108887,-66.16436150282249,32.92815382409697
train_00093,train,2,C6,1639.9693994897634,178.00267120805097,51.37690885622705
train_00093,train,2,C7,1639.9405735818993,-167.79369827137245,88.2507378200061
train_00093,train,3,A2,-681.0666624445695,231.92542793512868,-185.9207250343277
train_00093,train,3,A3,-673.3475234720906,90.31296695783412,-283.7772556028057
train_00093,train,3,A4,-697.6510909249295,-121.8205990467452,-269.7544869770131
train_00093,train,3,A5,-624.5685279707185,53.01592981653412,295.0156535435562
train_00093,train,3,B2,-600.0169072053637,-252.0010015926453,-162.73988078044175
train_00093,train,3,B3,-600.0007757688732,-181.08987943442483,-239.1735341432498
train_00093,train,3,B4,600.0644628177598,-181.10560196402648,-239.12698464906907
train_00093,train,3,B5,599.9473675798597,130.21844771298333,270.3257523896966
train_00093,train,3,B6,-599.957143894501,192.82180319172883,229.73976293776258
train_00093,train,3,C2,1200.0026607809377,-158.80370273096176,-57.809660776913915
train_00093,train,3,C3,1390.007396994705,-152.92542547815702,58.40743678701193
train_00093,train,3,C4,1389.9769380943535,64.66565249540747,-28.70107791963536
train_00093,train,3,C5,1199.9978495248802,-66.24028911960183,32.89621986817774
train_00093,train,3,C6,1389.9735867773236,178.01450180191563,51.32100158571853
train_00093,train,3,C7,1389.9958058660682,-167.879707430557,88.1919058630517
train_00093,train,4,A2,-681.0883376571064,231.99923954351658,-185.71466814512576
train_00093,train,4,A3,-673.327277510256,90.41101747707037,-283.7223967840837
train_00093,train,4,A4,-697.6111026308552,-121.77941928464253,-269.7775268767044
train_00093,train,4,A5,-624.5237176766348,52.97017550744096,295.049332494216
train_00093,train,4,B2,-599.9452176614024,-251.959452765793,-162.77395896260188
train_00093,train,4,B3,-599.9674203840011,-181.1196548934009,-239.1714151749094
train_00093,train,4,B4,600.0286881647606,-181.06788964536915,-239.11227179389158
train_00093,train,4,B5,599.9900258522143,130.1696043070057,270.3599354039409
train_00093,train,4,B6,-599.970086344793,192.85139129600736,229.89589020227925
train_00093,train,4,C2,1200.0627661601452,-158.6990942896448,-57.844603915435194
train_00093,train,4,C3,1390.0684319488307,-152.9466500818748,58.3489890154416
train_00093,train,4,C4,1390.0741368450329,64.67700523594809,-28.654796378386067
train_00093,train,4,C5,1200.0787868787525,-66.28729162252999,32.893978544543494
train_00093,train,4,C6,1390.0605385712388,177.950170769616,51.399369250925865
train_00093,train,4,C7,1390.0472213465084,-167.8057360216868,88.2336138220069
train_00094,train,0,A2,-864.5369066036751,240.64057568460152,-219.30886188323637
train_00094,train,0,A3,-908.7815990045101,90.46165775049265,-291.1315531848395
train_00094,train,0,A4,-965.1413148119036,-108.63374452763725,-236.57986282132117
train_00094,train,0,A5,-710.4951984966353,109.90715974437066,255.70177105121252
train_00094,train,0,B2,-934.8337327193971,-294.16056692609806,-97.031247993731
train_00094,train,0,B3,-959.9823985875528,-218.30794642181584,-163.9424135585243
train_00094,train,0,B4,184.01692746878598,-152.96391991239915,-520.2782459231826
train_00094,train,0,B5,327.2357774779216,122.14045906230281,-10.062195214956606
train_00094,train,0,B6,-830.9058081457699,121.92752434636216,312.9464230896256
train_00094,train,0,C2,1223.9310711562478,-415.0753649016761,334.2463150104082
train_00094,train,0,C3,1372.867435503638,-379.1805679625751,496.135910906277
train_00094,train,0,C4,1404.4641631542825,-184.7145164271314,369.08501278134696
train_00094,train,0,C5,1200.8918984728955,-305.68979841083086,399.69903599826046
train_00094,train,0,C6,1385.1030917692171,-57.23754982902774,420.1732140416317
train_00094,train,0,C7,1363.854677755095,-387.52347764951327,527.1467317812478
train_00094,train,1,A2,-932.7845056994784,231.33310675417076,-186.74199229529586
train_00094,train,1,A3,-924.9719314291216,89.75134654179635,-284.6327845422561
train_00094,train,1,A4,-949.2349424657273,-122.37062758180281,-270.730443833432
train_00094,train,1,A5,-876.1776686876368,52.37939904723252,294.14776890805774
train_00094,train,1,B2,-600.0421806662177,-251.97459700670163,-162.8440259945838
train_00094,train,1,B3,-600.0005891301332,-181.07718931725952,-239.23214713909513
train_00094,train,1,B4,599.960323247302,-181.10587300521917,-239.1601150185333
train_00094,train,1,B5,600.0514943158086,130.12957110466095,270.2460824478785
train_00094,train,1,B6,-600.0432762127175,192.85541250798244,229.71391825862432
train_00094,train,1,C2,1449.980463561837,-158.78092871399477,-57.85173358844272
train_00094,train,1,C3,1639.9623419696575,-152.91551523790372,58.50275407784208
train_00094,train,1,C4,1639.973821724533,64.71490611107778,-28.663094742554783
train_00094,train,1,C5,1449.9965641543743,-66.15703356835645,32.88405865581268
train_00094,train,1,C6,1639.974095568319,178.00088126569943,51.410466344211365
train_00094,train,1,C7,1639.96629338042,-167.89124954697536,88.24329593889303
train_00094,train,2,A2,-681.0533186214203,232.0256019399185,-185.89831627007933
train_00094,train,2,A3,-673.3102491376692,90.46778396077414,-283.79194880109225
train_00094,train,2,A4,-697.5695706829757,-121.71280962636605,-269.91092178537576
train_00094,train,2,A5,-624.4332591179951,53.018900583637496,294.99692229277986
train_00094,train,2,B2,-600.0110401452517,-251.98509573999607,-162.83556465596834
train_00094,train,2,B3,-600.0494692965658,-181.13255374083425,-239.21422978713997
train_00094,train,2,B4,599.9503313368364,-181.17838525906868,-239.09449510779655
train_00094,train,2,B5,599.9688489056853,130.1193508404834,270.32152681149074
train_00094,train,2,B6,-600.0430965018919,192.8799796895696,229.75218920576455
train_00094,train,2,C2,1449.9843953133945,-158.73158575058483,-57.81788906903423
train_00094,train,2,C3,1639.9205286796732,-152.86763733004017,58.48977840845413
train_00094,train,2,C4,1639.957542756369,64.71076190055021,-28.630519053939782
train_00094,train,2,C5,1449.9525277902203,-66.24269900404384,32.88950900031387
train_00094,train,2,C6,1639.935043408759,177.96396727934265,51.42266068942258
train_00094,train,2,C7,1640.0071065588606,-167.74257550190393,88.27743392975201
train_00094,train,3,A2,-681.1252824312317,232.03751192388884,-185.92334846173497
train_00094,train,3,A3,-673.2870018119486,90.47542070324636,-283.763596258193
train_00094,train,3,A4,-697.5600641035044,-121.70828931409888,-269.8985431791424
train_00094,train,3,A5,-624.4454108554693,53.04028259988498,294.98842455315815
train_00094,train,3,B2,-600.043487143118,-251.97833159810187,-162.7656152789881
train_00094,train,3,B3,-600.0274174088454,-181.06766090866492,-239.23929947965297
train_00094,train,3,B4,600.0020675113362,-181.1753229337832,-239.11208076216465
train_00094,train,3,B5,599.9596056531961,130.1600179977208,270.2855475754048
train_00094,train,3,B6,-600.0448300716221,192.85689339259247,229.75929305871514
train_00094,train,3,C2,1200.002602956425,-158.73507982055406,-57.732144784090636
train_00094,train,3,C3,1389.8966895237695,-152.97817096062363,58.56779622608647
train_00094,train,3,C4,1389.9383044789502,64.6060698240262,-28.597958093692135
train_00094,train,3,C5,1199.9879857495268,-66.26106411628605,32.934061087134346
train_00094,train,3,C6,1390.041518284889,177.9236522298184,51.488756549873955
train_00094,train,3,C7,1389.9416543699363,-167.90085769306754,88.34816865001585
train_00094,train,4,A2,-681.0763480827777,231.998776106409,-185.8342696468535
train_00094,train,4,A3,-673.2837425457359,90.49019757883974,-283.6704389584852
train_00094,train,4,A4,-697.4864489916195,-121.68668083517571,-269.7952062813346
train_00094,train,4,A5,-624.4138063616225,52.96753891995992,295.0424083888969
train_00094,train,4,B2,-599.9985106150065,-251.992101282549,-162.75579204627684
train_00094,train,4,B3,-599.9538949341619,-181.1763699608909,-239.02517896129433
train_00094,train,4,B4,599.9911334199943,-181.09724476548513,-239.2029608057451
train_00094,train,4,B5,600.0306207499073,130.12320935337524,270.2057032975525
train_00094,train,4,B6,-599.9718621809064,192.80815646785487,229.84673165063694
train_00094,train,4,C2,1199.9760061346906,-158.628286886006,-57.874759281303
train_00094,train,4,C3,1390.0283812501514,-152.86121223528454,58.41859311002334
train_00094,train,4,C4,1390.0363173587818,64.67609498800176,-28.70451609342249
train_00094,train,4,C5,1200.0725095040793,-66.1217730442697,32.89633115150981
train_00094,train,4,C6,1390.0735051800593,178.0446545049426,51.35967523120464
train_00094,train,4,C7,1389.98905837275,-167.76209517447936,88.16794297061355
train_00095,train,0,A2,-1220.0846510496642,491.29854290306474,-66.44442111141979
train_00095,train,0,A3,-1217.2637856292517,346.27591707045343,-159.5108658533672
train_00095,train,0,A4,-1226.800530664046,133.90531080971775,-135.16736282155065
train_00095,train,0,A5,-1088.3495650186655,335.8351221645206,407.922993740173
train_00095,train,0,B2,-558.920446131539,-88.71083652366602,-180.1025884695583
train_00095,train,0,B3,-558.0692582801679,-50.041122222793625,-276.8233821776932
train_00095,train,0,B4,641.7990472784124,-69.58637747464526,-273.789954249764
train_00095,train,0,B5,648.5904831319622,403.84068701837765,89.90537077858843
train_00095,train,0,B6,-550.4294810575844,467.26933358421167,26.54849199023312
train_00095,train,0,C2,1507.0527760013929,-196.03272573080366,-161.63445519141786
train_00095,train,0,C3,1701.0330440175035,-179.6670741871996,-53.173657393503305
train_00095,train,0,C4,1663.764646559267,46.45294997183541,-102.27007239776384
train_00095,train,0,C5,1499.1487497016258,-120.50400224957588,-56.66947605854939
train_00095,train,0,C6,1652.118647611038,144.00283173139155,-4.330255109380994
train_00095,train,0,C7,1705.1394619619796,-199.000250710059,-26.3938292495226
train_00095,train,1,A2,-931.1365223906852,231.909601494387,-185.83428904949832
train_00095,train,1,A3,-923.2896453195302,90.28679380651941,-283.63304473502143
train_00095,train,1,A4,-947.5334506111515,-121.81376180437695,-269.82365110123607
train_00095,train,1,A5,-874.5292790105207,52.89271217657787,295.1061842137843
train_00095,train,1,B2,-600.0880363157935,-251.94445112283302,-162.69474059589862
train_00095,train,1,B3,-600.0201950107203,-181.1228076264789,-239.14738011690037
train_00095,train,1,B4,599.9335925568677,-181.12724072859768,-239.2692062157559
train_00095,train,1,B5,600.0131664706385,130.14661266034904,270.22937995173913
train_00095,train,1,B6,-599.991510951245,192.87449434873656,229.8488846947052
train_00095,train,1,C2,1449.9273322631243,-158.70607071060948,-57.78299677405505
train_00095,train,1,C3,1639.9670312676692,-152.90429889267466,58.46607026013663
train_00095,train,1,C4,1639.918342852881,64.6576396036492,-28.728380491664115
train_00095,train,1,C5,1449.9885574654995,-66.16296950519892,32.909324820816295
train_00095,train,1,C6,1639.958975035035,177.92882854836338,51.41758658849951
train_00095,train,1,C7,1639.9655495549498,-167.83815974513448,88.24339600220534
train_00095,train,2,A2,-681.1668582781174,232.04765189572743,-185.79106079495241
train_00095,train,2,A3,-673.3095902575633,90.45750314336823,-283.58511765610774
train_00095,train,2,A4,-697.6073750210271,-121.72196006837362,-269.718706898503
train_00095,train,2,A5,-624.4222724838507,52.937056148497106,295.0690060654849
train_00095,train,2,B2,-600.0235082188265,-251.9220136157198,-162.72051980543668
train_00095,train,2,B3,-600.000360328257,-181.0892538820314,-239.09998402370329
train_00095,train,2,B4,599.9244908288475,-181.11989988999744,-239.23344158963394
train_00095,train,2,B5,600.0189560491398,130.15079633617685,270.207052548908
train_00095,train,2,B6,-600.0035088291685,192.86129281209992,229.92076088672462
train_00095,train,2,C2,1449.948709586635,-158.71589581521243,-57.8310054161469
train_00095,train,2,C3,1639.9642872844013,-152.89947893264133,58.43746257467077
train_00095,train,2,C4,1639.9685316630203,64.71166302996885,-28.69014133212268
train_00095,train,2,C5,1449.9143734829345,-66.21346773785696,32.86461971478768
train_00095,train,2,C6,1639.9855298890486,177.93956791705273,51.36409648045318
train_00095,train,2,C7,1640.0298313575345,-167.8010375610582,88.23553789247752
train_00095,train,3,A2,-681.1003332058623,232.01833739294227,-185.69749020950414
train_00095,train,3,A3,-673.3375124688196,90.46375184118094,-283.68273619794184
train_00095,train,3,A4,-697.5743647335238,-121.7565838235809,-269.7272564846063
train_00095,train,3,A5,-624.4251758035251,53.041046106013184,295.07799566522795
train_00095,train,3,B2,-600.0893805570803,-251.89758599993996,-162.7703956144102
train_00095,train,3,B3,-600.0634198860884,-181.08760936818052,-239.11233798060863
train_00095,train,3,B4,599.9652342934812,-181.1016437556439,-239.2289349038042
train_00095,train,3,B5,600.0043915365561,130.11581769496945,270.23956887350073
train_00095,train,3,B6,-600.0007899433114,192.82619756408695,229.83563791798838
train_00095,train,3,C2,1199.9520344055882,-158.69313622966763,-58.06302035891958
train_00095,train,3,C3,1390.0076212732781,-152.92042810851254,58.27813744904362
train_00095,train,3,C4,1389.9021922962777,64.72019519036944,-28.85424125551498
train_00095,train,3,C5,1199.9280459539664,-66.19537648588673,32.68344011797027
train_00095,train,3,C6,1389.9399073751745,177.9780291073779,51.207429148768014
train_00095,train,3,C7,1389.9369624081846,-167.80598785419832,88.01411220679715
train_00095,train,4,A2,-681.0683354595558,231.92894081223326,-185.82148727016784
train_00095,train,4,A3,-673.2725977398815,90.37997474068307,-283.66765080805044
train_00095,train,4,A4,-697.4891039890028,-121.84598609965155,-269.7719946667737
train_00095,train,4,A5,-624.4916942629646,52.922668082103634,295.038351529897
train_00095,train,4,B2,-599.9777217295753,-252.0099449604616,-162.69971810806237
train_00095,train,4,B3,-599.9939026675291,-181.14282591132235,-239.1447836618689
train_00095,train,4,B4,600.0309714672512,-181.19795635073663,-239.06739514414372
train_00095,train,4,B5,599.995185866169,130.1263482722898,270.3199012599468
train_00095,train,4,B6,-600.0425982705578,192.822325389818,229.73918803337773
train_00095,train,4,C2,1199.9830023224176,-158.75644783451767,-57.873983233180475
train_00095,train,4,C3,1389.9534559936405,-152.90188453907066,58.47130537062981
train_00095,train,4,C4,1389.9558475860317,64.71671090263288,-28.691452382175726
train_00095,train,4,C5,1199.9653467488295,-66.21197781276078,32.90413684895448
train_00095,train,4,C6,1389.9435496342826,178.01283861000425,51.356046308614275
train_00095,train,4,C7,1389.942246216779,-167.8182565660387,88.19193985208341
test_00000,test,0,A2,-640.4374301683189,136.9734477713652,103.33247923955406
test_00000,test,0,A3,-661.2691935884624,27.13503710176201,-27.69872116892266
test_00000,test,0,A4,-723.5875897044076,-173.84991538339648,-66.77839347032501
test_00000,test,0,A5,-604.9503696960867,-169.73854093937342,517.0475446718131
test_00000,test,0,B2,-452.8712989388302,-316.5639133755952,-83.04557323435695
test_00000,test,0,B3,-431.7873309534274,-226.60351513533604,-131.0497665113509
test_00000,test,0,B4,729.5432819301702,-351.9148815597181,144.00952515281477
test_00000,test,0,B5,610.7252148850054,-208.3867811805297,711.149598782197
test_00000,test,0,B6,-538.688846417608,-11.51457046727048,418.5594862590626
test_00000,test,0,C2,1620.4231175826817,-468.338620219468,-246.76589675535172
test_00000,test,0,C3,1810.249373811421,-453.1145896892634,-130.94384670027222
test_00000,test,0,C4,1805.0899164126909,-239.48729538151352,-227.27828150988796
test_00000,test,0,C5,1618.1586167141782,-372.05582645261785,-160.03936340176963
test_00000,test,0,C6,1802.4186515026304,-122.9180723548001,-152.19075511812304
test_00000,test,0,C7,1810.5186351199886,-466.7731024403637,-100.60518062282443
test_00000,test,1,A2,-931.1651302645653,231.98167185751328,-185.87806170291634
test_00000,test,1,A3,-923.3420299893236,90.43031735948136,-283.7343446473151
test_00000,test,1,A4,-947.6520115897025,-121.73267408294761,-269.8180674864703
test_00000,test,1,A5,-874.5348395920354,53.07481031447116,295.01158854283364
test_00000,test,1,B2,-599.9989407515801,-252.0746571558198,-162.8235413004053
test_00000,test,1,B3,-599.9767650299725,-181.12153146359674,-239.20911569335274
test_00000,test,1,B4,600.0025344049238,-181.11492257485668,-239.15072733782264
test_00000,test,1,B5,599.9573446419137,130.20224776558283,270.2641726299745
test_00000,test,1,B6,-599.9355460893553,192.8691270759978,229.73491934208667
test_00000,test,1,C2,1450.039061322391,-158.70844417735555,-57.91950030995917
test_00000,test,1,C3,1640.0380617154158,-152.86677239179716,58.33304337415278
test_00000,test,1,C4,1639.9895602081403,64.7563778602802,-28.709958466120394
test_00000,test,1,C5,1450.0151008791138,-66.14916931927903,32.85440836067742
test_00000,test,1,C6,1639.9640362774378,178.06628926648008,51.357404287794736
test_00000,test,1,C7,1639.997826077536,-167.74101400072246,88.15450695117408
test_00000,test,2,A2,-680.2583336818348,233.57871953849195,-185.20176876127397
test_00000,test,2,A3,-672.5065436806096,92.01037888552743,-283.1027007833032
test_00000,test,2,A4,-696.7123592394069,-120.11363329228234,-269.2068044422347
test_00000,test,2,A5,-623.6216974325217,54.47460904750467,295.6361541442593
test_00000,test,2,B2,-599.9780488788214,-251.99143098626922,-162.79662617441383
test_00000,test,2,B3,-599.9775492067006,-181.14182181673124,-239.18867246366807
test_00000,test,2,B4,600.0102218307686,-181.06921716177644,-239.10063473779488
test_00000,test,2,B5,599.9463293731565,130.22323811086773,270.3205458877993
test_00000,test,2,B6,-600.0605481740562,192.87382374906997,229.7431276200714
test_00000,test,2,C2,1450.020910516906,-158.66516765377875,-57.90454102953525
test_00000,test,2,C3,1640.0039586057467,-152.8717166827409,58.376961651953174
test_00000,test,2,C4,1640.0346465429236,64.76773476064,-28.72029726090429
test_00000,test,2,C5,1449.961510901575,-66.12550865761975,32.842100259000894
test_00000,test,2,C6,1639.9228657410104,178.0738095314833,51.38540248245799
test_00000,test,2,C7,1640.04849017677,-167.71923004406918,88.18995885992251
test_00000,test,3,A2,-680.2372846510907,233.61389882997364,-185.18305187054528
test_00000,test,3,A3,-672.4707598929602,92.07481951339481,-283.0932437443034
test_00000,test,3,A4,-696.7026970313235,-120.11218368776686,-269.2224881746905
test_00000,test,3,A5,-623.6608378174025,54.51848095356877,295.6228443991383
test_00000,test,3,B2,-599.9584288719907,-251.97712118686715,-162.83358514850931
test_00000,test,3,B3,-599.9921203305903,-181.2149898630301,-239.15635127276653
test_00000,test,3,B4,599.9624388703378,-181.0983782932542,-239.12906457428963
test_00000,test,3,B5,599.985584697542,130.20668932488084,270.32207568596954
test_00000,test,3,B6,-600.0304534256587,192.80747158296117,229.7452754210846
test_00000,test,3,C2,1200.031538321287,-158.57018006394836,-57.75959850211154
test_00000,test,3,C3,1389.999552499308,-152.78105514068784,58.485881643070115
test_00000,test,3,C4,1390.0059899722112,64.84364247220296,-28.570288841321126
test_00000,test,3,C5,1199.9143637598306,-66.08197435859644,33.00644213658081
test_00000,test,3,C6,1390.0546666387438,178.0836613410885,51.47722730582408
test_00000,test,3,C7,1389.9482648538906,-167.71211276577387,88.3493501954072
test_00000,test,4,A2,-680.5596112162102,232.59398646818047,-185.61722702192455
test_00000,test,4,A3,-672.6622163229557,91.00978039358196,-283.4536166431658
test_00000,test,4,A4,-696.8134728527231,-121.12629250831843,-269.48594129009314
test_00000,test,4,A5,-623.9497071435721,53.773422324776234,295.2423901102087
test_00000,test,4,B2,-600.0036093126682,-252.9735263738637,-163.07555363119155
test_00000,test,4,B3,-600.1307965854331,-182.1487272358739,-239.41516083994227
test_00000,test,4,B4,599.9126793766903,-181.5706769212139,-239.14492429406783
test_00000,test,4,B5,599.6434415992471,130.0084789230608,270.0981028600309
test_00000,test,4,B6,-600.387260458786,192.0739030032895,229.31046797530837
test_00000,test,4,C2,1199.8187889916126,-158.6688204086234,-57.742241395767564
test_00000,test,4,C3,1389.8002377828336,-152.80893038735817,58.614765576464336
test_00000,test,4,C4,1389.7937308706112,64.8295870557075,-28.609611525762546
test_00000,test,4,C5,1199.7711672582261,-66.14733715330273,32.952141346050134
test_00000,test,4,C6,1389.6613757621333,178.15835705571538,51.41752469866598
test_00000,test,4,C7,1389.8079183898321,-167.67004624861102,88.33759470180682
test_00001,test,0,A2,-761.6855242924403,87.13980298695441,-297.0060966745623
test_00001,test,0,A3,-716.9166670359831,-64.11291764599984,-366.2143411223958
test_00001,test,0,A4,-739.5556025063967,-274.26906135638774,-333.09044937825024
test_00001,test,0,A5,-872.2153013387663,-29.53426059607684,193.53386442975346
test_00001,test,0,B2,-713.4941420451539,-433.0500934105379,-612.5261912158269
test_00001,test,0,B3,-673.4910491726961,-376.07784964383245,-689.9807007738292
test_00001,test,0,B4,430.93016102657435,-726.7385750560654,-377.92512989370186
test_00001,test,0,B5,412.0093885595518,-364.36109185109416,96.09655159463904
test_00001,test,0,B6,-663.221726133429,40.310595254879175,-258.34073543178476
test_00001,test,0,C2,1724.3675859006123,-171.16753651438924,-227.934168182635
test_00001,test,0,C3,1896.0126481805787,-230.6620922401273,-98.86728381136298
test_00001,test,0,C4,1961.1861875800791,-12.277716320274429,-153.597701473652
test_00001,test,0,C5,1738.4432112820257,-93.68925958236406,-125.0662769642232
test_00001,test,0,C6,1981.7367201226318,86.4235652364842,-58.363601848821126
test_00001,test,0,C7,1889.009036860864,-248.5043290627127,-71.61604029454557
test_00001,test,1,A2,-931.0727619599534,232.00291070877165,-185.8084241143602
test_00001,test,1,A3,-923.270845193212,90.4826154543366,-283.72590922233263
test_00001,test,1,A4,-947.5380756072786,-121.7389502142646,-269.89289235580384
test_00001,test,1,A5,-874.4896543041827,52.865684594190256,295.00714009403316
test_00001,test,1,B2,-600.0147404583496,-251.99481244107434,-162.6580386515113
test_00001,test,1,B3,-600.031466705254,-181.16590705219622,-239.06500903620125
test_00001,test,1,B4,599.9843475876065,-181.1366672613276,-239.10747546203666
test_00001,test,1,B5,599.9378350191363,130.21133216402916,270.3420879020983
test_00001,test,1,B6,-600.0463876097447,192.8527750815569,229.9148604351231
test_00001,test,1,C2,1449.9244414835669,-158.63205952227892,-57.90155422955601
test_00001,test,1,C3,1639.9623074198782,-152.95176100687536,58.31953546396439
test_00001,test,1,C4,1639.9351876303008,64.7012819058903,-28.71776888186647
test_00001,test,1,C5,1449.92911771848,-66.19700365526775,32.84174268731432
test_00001,test,1,C6,1639.9551831294677,177.98915705843729,51.280590652670014
test_00001,test,1,C7,1639.9560942224844,-167.8605686292023,88.12714043373093
test_00001,test,2,A2,-681.1734082258204,232.01188008537977,-185.70874751466147
test_00001,test,2,A3,-673.3114373336493,90.45869954518236,-283.6016265175378
test_00001,test,2,A4,-697.5950835536707,-121.76062663779608,-269.70732623299756
test_00001,test,2,A5,-624.5708916331951,53.03606825827235,295.17076685427554
test_00001,test,2,B2,-599.9852957714799,-252.0098883531743,-162.69243366264945
test_00001,test,2,B3,-600.0341431029409,-181.22774538729306,-239.13342743871084
test_00001,test,2,B4,599.9780013306201,-181.1167015328946,-239.11043559297923
test_00001,test,2,B5,599.9168225706487,130.17788151590995,270.3028837207752
test_00001,test,2,B6,-600.0617039195571,192.82979279517505,229.833118669681
test_00001,test,2,C2,1449.9124126347683,-158.75593853113833,-57.877017329960836
test_00001,test,2,C3,1639.9495820399502,-152.87928323412297,58.316735067622574
test_00001,test,2,C4,1639.952581868458,64.66370058461823,-28.730729693296688
test_00001,test,2,C5,1449.9485639722982,-66.23025083369603,32.85069313153223
test_00001,test,2,C6,1639.9316066864744,177.96711490011756,51.239164597792794
test_00001,test,2,C7,1639.9915014252351,-167.80006238746836,88.16851046472414
test_00001,test,3,A2,-681.1405692979403,231.98974251097218,-185.77596164825118
test_00001,test,3,A3,-673.3279187306752,90.45251735984304,-283.6274153009533
test_00001,test,3,A4,-697.5478480989073,-121.70600092352508,-269.6747691129221
test_00001,test,3,A5,-624.4949774961106,53.046640905755396,295.1461295551915
test_00001,test,3,B2,-600.003107221207,-252.02203686765293,-162.69655963381402
test_00001,test,3,B3,-600.0331967782677,-181.17926860138712,-239.0507454890667
test_00001,test,3,B4,599.9696008578945,-181.09854324313892,-239.04792298057455
test_00001,test,3,B5,600.0013059574658,130.24558420544176,270.3398160469498
test_00001,test,3,B6,-600.0311870391698,192.83059511274877,229.81436255737438
test_00001,test,3,C2,1199.9582724698241,-158.62480882885927,-57.860955369861394
test_00001,test,3,C3,1389.9611293582009,-152.86115994621264,58.465691292339514
test_00001,test,3,C4,1389.987147220802,64.75051930738285,-28.63580618229081
test_00001,test,3,C5,1199.9524503681328,-66.14670935361444,32.93432796977544
test_00001,test,3,C6,1389.9690257232876,178.04421750920764,51.440906977138496
test_00001,test,3,C7,1389.9739466319272,-167.75766124999993,88.22403244341602
test_00001,test,4,A2,-681.1007542026359,231.99249566487094,-185.83965443620232
test_00001,test,4,A3,-673.308440614303,90.44458308421086,-283.65564798514754
test_00001,test,4,A4,-697.5538885445892,-121.69386597105091,-269.702976571877
test_00001,test,4,A5,-624.4770503886527,53.02420470313971,295.0920620922747
test_00001,test,4,B2,-600.0044784528312,-251.98294926470012,-162.7374046565828
test_00001,test,4,B3,-599.9978002411997,-181.1449467856453,-239.09380926274054
test_00001,test,4,B4,600.0593548749466,-181.15702054403417,-239.083904100951
test_00001,test,4,B5,599.9947468852789,130.2094330620384,270.34263032238465
test_00001,test,4,B6,-599.9729509325371,192.79665858467925,229.8575775101209
test_00001,test,4,C2,1199.999412090887,-158.68788264279974,-57.774139051013734
test_00001,test,4,C3,1389.9411277579036,-152.9090807540908,58.46582580711476
test_00001,test,4,C4,1390.0461512775241,64.68733445695779,-28.581815023571707
test_00001,test,4,C5,1200.0027675790247,-66.17531277583835,32.90671517646219
test_00001,test,4,C6,1389.9882971380905,178.03912510439488,51.460913298249416
test_00001,test,4,C7,1389.9888985167024,-167.79588370281311,88.27457854448417
test_00002,test,0,A2,-754.766346271821,473.27593229918324,-149.78867679886463
test_00002,test,0,A3,-715.7087207800591,324.3867700848632,-227.12465027261084
test_00002,test,0,A4,-735.1180258835161,113.1674747096206,-198.71056487208483
test_00002,test,0,A5,-823.7597396079804,341.3256032473994,344.45070819787935
test_00002,test,0,B2,-809.8903574188323,-254.67836593469664,-384.5938362049343
test_00002,test,0,B3,-803.9682917436521,-185.36865246324746,-462.1726719838375
test_00002,test,0,B4,391.6544252429737,-174.38040495246636,-360.24212367221867
test_00002,test,0,B5,346.01170872609634,147.01583796193376,140.7919793911256
test_00002,test,0,B6,-846.6219878349932,197.839077433723,-2.670703967179969
test_00002,test,0,C2,1656.5880570090305,-422.38398383983053,-347.45680736913374
test_00002,test,0,C3,1841.413108738794,-359.03443682817675,-240.33132765413455
test_00002,test,0,C4,1799.2262572195013,-165.10126861607068,-365.047468053491
test_00002,test,0,C5,1638.2199208065288,-316.6214523055176,-274.8613209094143
test_00002,test,0,C6,1776.833540355971,-41.21473423616229,-306.5855719471868
test_00002,test,0,C7,1844.2047953963865,-367.97363546805724,-208.39547989360656
test_00002,test,1,A2,-931.1752973638073,231.9811074500502,-185.84836860173525
test_00002,test,1,A3,-923.3186670976327,90.42730008691315,-283.7116781670036
test_00002,test,1,A4,-947.5391322978774,-121.71360506373752,-269.85244258102995
test_00002,test,1,A5,-874.5018792703798,53.08758761917291,294.9821664494888
test_00002,test,1,B2,-599.9912043071787,-252.0335729314707,-162.76564391577432
test_00002,test,1,B3,-600.0172811432499,-181.17503259686478,-239.13955945627052
test_00002,test,1,B4,599.9726313570463,-181.15082338012996,-239.16207328979914
test_00002,test,1,B5,600.0029996990775,130.08278786850823,270.28163399712435
test_00002,test,1,B6,-599.9588144176068,192.77768967482032,229.7549425046176
test_00002,test,1,C2,1449.9428319567546,-158.81927894450277,-57.89802755947475
test_00002,test,1,C3,1639.9833073865666,-152.99835950710772,58.4018833973373
test_00002,test,1,C4,1640.0093695330531,64.63446369103976,-28.67067995498926
test_00002,test,1,C5,1449.9680504593575,-66.35013215507061,32.825474010475595
test_00002,test,1,C6,1640.0574624283495,177.86501493968407,51.32086172746567
test_00002,test,1,C7,1640.0092209132304,-167.90429745186782,88.20030482283413
test_00002,test,2,A2,-681.0871492115107,231.99379537416564,-185.8386989741243
test_00002,test,2,A3,-673.2888604439231,90.38882834906791,-283.7282610567757
test_00002,test,2,A4,-697.5431865175417,-121.72723125635184,-269.90557830734775
test_00002,test,2,A5,-624.5203929479527,52.90075222355537,294.9990212229145
test_00002,test,2,B2,-600.0003993471051,-252.04709286711255,-162.77387540539067
test_00002,test,2,B3,-599.9651657939081,-181.1851747059589,-239.19524799420557
test_00002,test,2,B4,600.042485147644,-181.19153631626907,-239.16243566282125
test_00002,test,2,B5,600.0146491949286,130.160802094261,270.2696269698431
test_00002,test,2,B6,-600.0330772675991,192.81446272368453,229.8334801388578
test_00002,test,2,C2,1450.0179886928743,-158.77220415041586,-57.85870267443153
test_00002,test,2,C3,1639.9496591111977,-153.0441098660169,58.3851134945973
test_00002,test,2,C4,1640.0202046909715,64.59101764809756,-28.70840835403034
test_00002,test,2,C5,1450.0168022542346,-66.24537445182062,32.839802190070316
test_00002,test,2,C6,1640.0945813612875,177.89418588098977,51.34423228320295
test_00002,test,2,C7,1640.0039017452923,-167.9859126806685,88.18406037963801
test_00002,test,3,A2,-681.0769154717215,232.02417961639875,-185.85210291432412
test_00002,test,3,A3,-673.2904295819095,90.402900868693,-283.76071654514317
test_00002,test,3,A4,-697.563173913554,-121.7741362456232,-269.9059672404854
test_00002,test,3,A5,-624.555367861852,52.87820013094509,294.9701333357859
test_00002,test,3,B2,-600.0017915731686,-252.0325047321285,-162.79114805879263
test_00002,test,3,B3,-599.9838589279598,-181.16006045153176,-239.20113027250338
test_00002,test,3,B4,599.9692546903481,-181.09792743424737,-239.12516153811308
test_00002,test,3,B5,600.0395833694859,130.1127341476079,270.29841297230354
test_00002,test,3,B6,-599.9965401064754,192.80885586356055,229.76246591682377
test_00002,test,3,C2,1200.0723130037381,-158.78076352804197,-57.85373245953474
test_00002,test,3,C3,1390.049260939788,-152.97132299176366,58.37050646339703
test_00002,test,3,C4,1390.0411166514598,64.6152199419293,-28.699505690782328
test_00002,test,3,C5,1200.0568581893983,-66.2747878564088,32.862543004866424
test_00002,test,3,C6,1390.0359200778641,177.92013206488525,51.315797874114
test_00002,test,3,C7,1390.1038488548259,-167.87711017475854,88.22633044586365
test_00002,test,4,A2,-681.0804823097097,232.06281104395742,-185.7858700119462
test_00002,test,4,A3,-673.2972363086357,90.4587709144449,-283.67404071482605
test_00002,test,4,A4,-697.6196862011706,-121.74438508773954,-269.7521314786645
test_00002,test,4,A5,-624.6049503577156,52.92622040547716,295.01200997676324
test_00002,test,4,B2,-599.9624170751262,-251.9409744359556,-162.67036273859802
test_00002,test,4,B3,-600.0026060514932,-181.14891593387668,-239.0661548866806
test_00002,test,4,B4,600.0430043599742,-181.13362015990856,-239.09704226792837
test_00002,test,4,B5,600.0065376064903,130.20155394643356,270.3143229641949
test_00002,test,4,B6,-599.9614079597343,192.87614693859825,229.822659820817
test_00002,test,4,C2,1200.0738443566852,-158.76849669161734,-57.876317098101715
test_00002,test,4,C3,1390.0735989757916,-152.9181549595373,58.40305511325683
test_00002,test,4,C4,1390.0920918399581,64.60380431298148,-28.690941198536517
test_00002,test,4,C5,1200.048572081573,-66.28436395321626,32.87875555830598
test_00002,test,4,C6,1390.0300487406034,177.91090794171683,51.309585673337594
test_00002,test,4,C7,1390.126873587928,-167.84595748425045,88.24087404874182
test_00003,test,0,A2,-867.5232771253694,-91.37002867278748,-489.8008231007653
test_00003,test,0,A3,-911.1693538589049,-206.71366803788663,-610.1490111485183
test_00003,test,0,A4,-956.154997311097,-414.94008880397513,-631.1623361628054
test_00003,test,0,A5,-676.2155534752184,-379.41472411859735,-106.44486701541834
test_00003,test,0,B2,-578.5524179856214,-144.22176802645197,-53.567985914301225
test_00003,test,0,B3,-578.8185401485101,-73.39237660717974,-129.9231853148302
test_00003,test,0,B4,621.1282852530419,-69.64734394837924,-132.0780744757186
test_00003,test,0,B5,620.9900018012361,241.67023662198065,377.38408480233426
test_00003,test,0,B6,-579.2143635000597,300.5057388479651,339.04743286760606
test_00003,test,0,C2,1079.285750702335,-224.60274117541468,-276.9590774074279
test_00003,test,0,C3,1286.6532966973643,-239.83777925096038,-196.76294742446592
test_00003,test,0,C4,1293.6295925439572,-22.42448542186844,-284.12640963765045
test_00003,test,0,C5,1105.1716774467125,-133.62711305387046,-188.48077336033248
test_00003,test,0,C6,1319.7909972890466,89.36166472240619,-206.20366152906553
test_00003,test,0,C7,1290.447125017046,-254.98009936945274,-167.36961924688282
test_00003,test,1,A2,-931.1004058676438,232.06657573406736,-185.7866771789597
test_00003,test,1,A3,-923.2702470623457,90.46086970421094,-283.6471576090572
test_00003,test,1,A4,-947.5523009877937,-121.65742292468941,-269.7669005806531
test_00003,test,1,A5,-874.5372915062645,53.002756423292254,295.04185411052845
test_00003,test,1,B2,-600.003151257653,-252.04820013130188,-162.78789091415544
test_00003,test,1,B3,-600.0386248919044,-181.14857990868495,-239.1575478029704
test_00003,test,1,B4,600.0040487869397,-181.15841476690593,-239.12184659427942
test_00003,test,1,B5,600.0460956001,130.20999761764352,270.2988495281632
test_00003,test,1,B6,-600.031912276896,192.7369406489745,229.80736347715606
test_00003,test,1,C2,1450.0295898114632,-158.8607655296493,-57.86432158048754
test_00003,test,1,C3,1640.0360113145146,-153.00405439911438,58.43697425926299
test_00003,test,1,C4,1640.0608208892118,64.55546829039444,-28.73877301911192
test_00003,test,1,C5,1450.0707653233137,-66.27078310702112,32.889176209993416
test_00003,test,1,C6,1640.0514188743048,177.87599563262822,51.33757208946242
test_00003,test,1,C7,1640.004478597582,-167.95011146068555,88.20672521627188
test_00003,test,2,A2,-681.115593150708,231.84841185436028,-185.8507814463271
test_00003,test,2,A3,-673.2881749636567,90.33319083670126,-283.72103363595147
test_00003,test,2,A4,-697.5498028260531,-121.86623346634211,-269.8473265198972
test_00003,test,2,A5,-624.5104596816261,52.91081112495066,295.0477998248796
test_00003,test,2,B2,-600.0067765458161,-252.05366051474468,-162.79164547140914
test_00003,test,2,B3,-600.0357301760723,-181.15526370997603,-239.14139434324343
test_00003,test,2,B4,599.9738812572085,-181.10586891713828,-239.14241815698753
test_00003,test,2,B5,599.9902620803822,130.19250934430477,270.3036416179504
test_00003,test,2,B6,-600.0530054759417,192.80986590936928,229.81615214485987
test_00003,test,2,C2,1450.0805274725958,-158.7992298631547,-57.860168053769726
test_00003,test,2,C3,1640.054761785149,-153.0487231576165,58.44792607037788
test_00003,test,2,C4,1640.0205996015131,64.58927957727133,-28.6947945252837
test_00003,test,2,C5,1449.9598191642112,-66.2850464281023,32.87202253291916
test_00003,test,2,C6,1640.0067710707272,177.86032175350144,51.36484460451012
test_00003,test,2,C7,1640.0615201045496,-167.95219937551622,88.30196252674564
test_00003,test,3,A2,-681.1577321123079,231.8560474822337,-185.82148531555723
test_00003,test,3,A3,-673.3629738196687,90.35703439458601,-283.7412519461287
test_00003,test,3,A4,-697.6007024890823,-121.79312400530787,-269.86810446974704
test_00003,test,3,A5,-624.5035233929608,52.879600492517085,295.0730195799737
test_00003,test,3,B2,-600.0224690777912,-252.0590546382662,-162.81348244415747
test_00003,test,3,B3,-600.007842296935,-181.18939585639694,-239.1867014420631
test_00003,test,3,B4,599.9930623994998,-181.16941310336324,-239.12189620498887
test_00003,test,3,B5,599.9819933441235,130.11570363135527,270.3423755847859
test_00003,test,3,B6,-600.0427782890923,192.8355108708113,229.7284857178027
test_00003,test,3,C2,1199.9602854484717,-158.61620080503107,-57.885390132121756
test_00003,test,3,C3,1390.0214166558644,-152.80461803595998,58.35231803331415
test_00003,test,3,C4,1389.9874421985387,64.77274003792965,-28.712164406974836
test_00003,test,3,C5,1200.015668380017,-66.17148835958636,32.934081374441725
test_00003,test,3,C6,1389.9885714745913,178.05394537890368,51.37108499594554
test_00003,test,3,C7,1389.9965004388098,-167.77494146869046,88.1243402133522
test_00003,test,4,A2,-681.0714592942064,232.08640735153716,-185.78790475947525
test_00003,test,4,A3,-673.2948791489855,90.45875273795076,-283.61416818194334
test_00003,test,4,A4,-697.4830970244847,-121.73792639189631,-269.71843886418486
test_00003,test,4,A5,-624.3318656479655,53.000017544067134,295.1305245766512
test_00003,test,4,B2,-599.9282681198155,-251.93311123286935,-162.694031365865
test_00003,test,4,B3,-599.9378352323639,-181.0532387461244,-239.05248591867425
test_00003,test,4,B4,600.0333564513517,-181.1234836032039,-239.15832048557485
test_00003,test,4,B5,600.0524729938365,130.21114206119836,270.27512878848626
test_00003,test,4,B6,-599.8845680272781,192.88454496834777,229.8581331158075
test_00003,test,4,C2,1200.0526495686368,-158.6787904747195,-57.94429865859662
test_00003,test,4,C3,1390.037140748879,-152.8680096770981,58.22348990575299
test_00003,test,4,C4,1390.0001420524034,64.70168594559975,-28.79759225696833
test_00003,test,4,C5,1199.99867372154,-66.17588224636802,32.8316585570211
test_00003,test,4,C6,1390.0367926346757,177.98663170581293,51.24777401072685
test_00003,test,4,C7,1390.0874240671592,-167.79484156394608,88.14348926924148
test_00004,test,0,A2,-748.4910492159546,-45.115045821853656,-255.81496126707955
test_00004,test,0,A3,-766.8834609982767,-144.2703306453795,-395.60063691452524
test_00004,test,0,A4,-838.8827744410382,-337.4217002500902,-453.07159360465954
test_00004,test,0,A5,-762.106895757471,-380.67707644575665,136.2016414553642
test_00004,test,0,B2,-301.17344413067553,-233.65148211280282,-158.21835126804478
test_00004,test,0,B3,-307.97885486231104,-163.21989489311957,-234.72725310149804
test_00004,test,0,B4,887.2314393661799,-163.73864506651634,-341.53307911981165
test_00004,test,0,B5,932.6112371972489,150.850295311256,163.86956875156105
test_00004,test,0,B6,-266.2499280582343,213.71791857055354,230.0284184547631
test_00004,test,0,C2,1437.9782941460946,-361.29797024734677,44.1307188733883
test_00004,test,0,C3,1623.3770698023702,-399.68375129057085,161.5392147568064
test_00004,test,0,C4,1690.3773241117253,-209.10997830085157,42.696176572081775
test_00004,test,0,C5,1470.4919686895919,-261.297307850358,119.92838362800369
test_00004,test,0,C6,1729.224566948424,-91.2902221055151,104.61773148301955
test_00004,test,0,C7,1619.5130535179358,-409.22875291180236,193.26521528041206
test_00004,test,1,A2,-931.0547468272887,231.96348231123963,-185.9092480329933
test_00004,test,1,A3,-923.281742726383,90.30074610001071,-283.73635678892276
test_00004,test,1,A4,-947.5086258214566,-121.7949972573777,-269.89572684691376
test_00004,test,1,A5,-874.4876466187602,52.97824405817615,294.9948345609544
test_00004,test,1,B2,-599.9550763971673,-252.0401382244374,-162.77181491580458
test_00004,test,1,B3,-599.9556848492089,-181.16017074969807,-239.1688476225923
test_00004,test,1,B4,600.0290781624514,-181.0647486869831,-239.1402159236433
test_00004,test,1,B5,600.0115410645856,130.28489924871872,270.2958948096124
test_00004,test,1,B6,-599.9632105937288,192.86490793191575,229.78043622371487
test_00004,test,1,C2,1449.9945558779034,-158.72649505954791,-57.85130914115029
test_00004,test,1,C3,1640.0023743787851,-152.89955541489923,58.40752804741113
test_00004,test,1,C4,1639.9884753144297,64.6609286631796,-28.642850789370133
test_00004,test,1,C5,1450.010263673015,-66.22494509077194,32.81124764140297
test_00004,test,1,C6,1640.0416839192367,177.93630915714343,51.371579181109894
test_00004,test,1,C7,1639.9760289160301,-167.8193847438922,88.27600428900654
test_00004,test,2,A2,-680.9815187336327,231.9766580991088,-185.92294061312816
test_00004,test,2,A3,-673.3143588125315,90.47379039326862,-283.76116985045195
test_00004,test,2,A4,-697.4618409943262,-121.744919595894,-269.86340193396114
test_00004,test,2,A5,-624.454001067903,52.98025440978113,295.0299839940905
test_00004,test,2,B2,-599.9904633437985,-252.01319447721056,-162.7494519232052
test_00004,test,2,B3,-599.9568458983748,-181.1457389864174,-239.08036462504325
test_00004,test,2,B4,600.0106517478168,-181.0375876764675,-239.16711488099213
test_00004,test,2,B5,600.0079062834886,130.26518020489482,270.2799132336782
test_00004,test,2,B6,-600.0031184403119,192.86290216937172,229.75218167814035
test_00004,test,2,C2,1450.0157570769584,-158.72999552779837,-57.840472704474905
test_00004,test,2,C3,1640.0308511004846,-152.91743203586344,58.45233942547961
test_00004,test,2,C4,1639.9975191956007,64.634441793588,-28.65761535186838
test_00004,test,2,C5,1450.0008173704011,-66.27629726145061,32.84094974530094
test_00004,test,2,C6,1640.0051439691329,178.02372054798056,51.37759302340684
test_00004,test,2,C7,1639.9446319881633,-167.79620562860612,88.28589023933053
test_00004,test,3,A2,-681.107857044673,232.06018396927178,-185.88567325229548
test_00004,test,3,A3,-673.2321255780099,90.45516462530999,-283.7649863428859
test_00004,test,3,A4,-697.468180855331,-121.71623199871185,-269.83710764636714
test_00004,test,3,A5,-624.471148259874,53.04149999129605,294.97544535835897
test_00004,test,3,B2,-599.9981601698094,-252.0413051818534,-162.81626136812983
test_00004,test,3,B3,-599.9713627730122,-181.21283736153862,-239.14887304876385
test_00004,test,3,B4,600.0150809288965,-181.01658099189382,-239.15227160058146
test_00004,test,3,B5,599.996233431946,130.3011930848825,270.21571408007526
test_00004,test,3,B6,-600.0187417247508,192.81998825693168,229.775173639535
test_00004,test,3,C2,1200.0127024281269,-158.62929007645485,-57.819905840870895
test_00004,test,3,C3,1390.01827356961,-152.82889515766078,58.33277657094132
test_00004,test,3,C4,1390.0632392599812,64.7830332365657,-28.6862228613462
test_00004,test,3,C5,1200.0404257875318,-66.17520615318907,32.86134643975906
test_00004,test,3,C6,1390.0918633410706,178.07181462998454,51.356360873084675
test_00004,test,3,C7,1390.0826721347921,-167.77852188688723,88.20071422753097
test_00004,test,4,A2,-681.0735592976919,232.02460416376553,-185.81545451456327
test_00004,test,4,A3,-673.3206257276989,90.39723127869004,-283.72098720683084
test_00004,test,4,A4,-697.5407488258111,-121.76059849256615,-269.844627304792
test_00004,test,4,A5,-624.4658494947432,52.952208398997904,295.0512624775043
test_00004,test,4,B2,-600.0533340789947,-252.03827864332106,-162.73112631830298
test_00004,test,4,B3,-600.033144486099,-181.1818569232788,-239.10266930794336
test_00004,test,4,B4,599.977693578948,-181.14770875016913,-239.11047589475555
test_00004,test,4,B5,599.9467591561171,130.1453127429407,270.38514384408705
test_00004,test,4,B6,-600.119940442444,192.79320986137685,229.83648183813202
test_00004,test,4,C2,1199.9804269408553,-158.76051887636916,-57.76751070430899
test_00004,test,4,C3,1390.0077408797683,-152.90004004742391,58.39367228105799
test_00004,test,4,C4,1389.9783178068028,64.61830643008086,-28.64916276599945
test_00004,test,4,C5,1200.0377121851316,-66.28633614522458,32.98533582025218
test_00004,test,4,C6,1390.026492967878,177.91164009819033,51.41010073277669
test_00004,test,4,C7,1390.0398177683871,-167.87125863132096,88.23498139304083
test_00005,test,0,A2,-1262.912708465642,211.5544035378626,-210.7206287845618
test_00005,test,0,A3,-1272.3933340214342,76.64958328253682,-317.57774194003275
test_00005,test,0,A4,-1312.6791967922975,-133.4873369562335,-315.5286282257143
test_00005,test,0,A5,-1192.1545972776032,-3.4767182268015415,253.24179803332459
test_00005,test,0,B2,-740.6992712100276,-285.06713811798363,52.28363194341702
test_00005,test,0,B3,-756.0631837314237,-222.13512525007843,-29.228357767023308
test_00005,test,0,B4,430.4633907108893,-95.8446958660759,-155.87331101185302
test_00005,test,0,B5,443.6704026772442,260.5021915260202,323.05758329028345
test_00005,test,0,B6,-753.9534737611681,192.40428193215286,404.3058002309071
test_00005,test,0,C2,1534.64249349124,-487.91928516390624,-22.984285253758895
test_00005,test,0,C3,1712.8471212957863,-558.7917747444559,90.41285823256031
test_00005,test,0,C4,1786.1496340019357,-344.2531413577072,31.06380581700699
test_00005,test,0,C5,1562.2422342821296,-412.3072382060744,78.51689136142633
test_00005,test,0,C6,1820.8952373335487,-247.80910242156168,124.51094104333167
test_00005,test,0,C7,1707.1463208697137,-576.3974387467482,118.10650269723371
test_00005,test,1,A2,-931.176401367006,232.04546972983022,-185.8146076714445
test_00005,test,1,A3,-923.3455452607178,90.43854677356823,-283.73599299851844
test_00005,test,1,A4,-947.5957477545437,-121.70595967433087,-269.83113564719383
test_00005,test,1,A5,-874.5254390724862,53.03293242407379,295.0277351691559
test_00005,test,1,B2,-599.989998278022,-251.9936744952282,-162.7162259108236
test_00005,test,1,B3,-599.9805491761365,-181.15458712071197,-239.06288577005375
test_00005,test,1,B4,599.9198712947078,-181.13838738075722,-239.02895759573013
test_00005,test,1,B5,599.9779447732586,130.1875646396979,270.32509735433126
test_00005,test,1,B6,-600.0097976650113,192.86157255952915,229.83373301807742
test_00005,test,1,C2,1449.9992183329193,-158.7504274039661,-57.76266304520806
test_00005,test,1,C3,1640.0264257917568,-152.8366624401223,58.53308799134308
test_00005,test,1,C4,1640.0092771919985,64.6647966946301,-28.611314153680613
test_00005,test,1,C5,1450.010031824207,-66.20952405968006,32.960054021540635
test_00005,test,1,C6,1639.997853710523,177.951835676482,51.433354480659354
test_00005,test,1,C7,1639.9548767778965,-167.75967924696454,88.26981701790449
test_00005,test,2,A2,-682.0359535487175,233.51073255668587,-186.53745690783165
test_00005,test,2,A3,-674.2091971201014,91.94630049522026,-284.42034914669654
test_00005,test,2,A4,-698.4940425287463,-120.16798379635807,-270.5159375151279
test_00005,test,2,A5,-625.4056263285379,54.55006017746249,294.34611644826543
test_00005,test,2,B2,-600.0073532068084,-251.96853513117682,-162.66790683590182
test_00005,test,2,B3,-600.00500910915,-181.14944923682972,-239.11779120929242
test_00005,test,2,B4,599.9896398981358,-181.0723350843728,-239.0346955719068
test_00005,test,2,B5,599.9895564484709,130.22005748412957,270.3975244823258
test_00005,test,2,B6,-600.022273112656,192.8962844823553,229.86971023460475
test_00005,test,2,C2,1450.0238204084712,-158.75787358494824,-57.83582317313813
test_00005,test,2,C3,1640.0403282682987,-152.94002093480455,58.482732415074814
test_00005,test,2,C4,1640.0249637940383,64.71307977345388,-28.570788213276522
test_00005,test,2,C5,1449.9628059506101,-66.27084861553034,32.977793060889915
test_00005,test,2,C6,1640.009551155206,177.97565351097947,51.41998775895741
test_00005,test,2,C7,1639.9539087613775,-167.8464938367563,88.33104174776838
test_00005,test,3,A2,-682.0284158461927,233.56737575733828,-186.53103685013934
test_00005,test,3,A3,-674.2543384620329,91.96948955785543,-284.40512433535275
test_00005,test,3,A4,-698.457588410489,-120.22939372281186,-270.5424564846943
test_00005,test,3,A5,-625.4421674899352,54.54426993793759,294.3102278906081
test_00005,test,3,B2,-600.0508434744935,-252.06784972913712,-162.7281678947455
test_00005,test,3,B3,-600.008388005627,-181.10641459338672,-239.11366368110941
test_00005,test,3,B4,599.9643124979748,-181.12911917315833,-239.0382679045087
test_00005,test,3,B5,599.9384658445904,130.18175052190844,270.3615094932443
test_00005,test,3,B6,-599.9752900527479,192.85982058071775,229.84612401980797
test_00005,test,3,C2,1200.0489939295119,-158.63620206856712,-57.660804003011535
test_00005,test,3,C3,1390.0038192084633,-152.85065142526992,58.58917617901093
test_00005,test,3,C4,1389.988545801597,64.75671433088105,-28.55422081493476
test_00005,test,3,C5,1199.9778206605808,-66.14604856503722,33.06166527703818
test_00005,test,3,C6,1389.9612206277193,178.10810871232064,51.50399060255368
test_00005,test,3,C7,1389.9741106580443,-167.77607050267275,88.42174340382631
test_00005,test,4,A2,-681.8774546586275,232.7247207308042,-186.13228997426413
test_00005,test,4,A3,-674.0383722905576,91.21141402380697,-283.98793104297044
test_00005,test,4,A4,-698.1776149152928,-120.99721569265631,-270.136934925512
test_00005,test,4,A5,-625.1407737671728,53.6931375944386,294.6683434641779
test_00005,test,4,B2,-599.6782777027036,-252.7660701732367,-162.43204036975263
test_00005,test,4,B3,-599.762009977904,-181.8797482747698,-238.80118641921163
test_00005,test,4,B4,600.1944279384807,-181.50457011468018,-239.00889971923255
test_00005,test,4,B5,600.2980396647747,129.85975238932207,270.4300472188558
test_00005,test,4,B6,-599.8083956530254,192.04638213470852,230.19091126366033
test_00005,test,4,C2,1200.2661026163191,-158.7872023763832,-57.74170421688778
test_00005,test,4,C3,1390.3333544756158,-152.95517140745525,58.47433143474292
test_00005,test,4,C4,1390.2128287428384,64.70676601180996,-28.649007629059852
test_00005,test,4,C5,1200.2742010890672,-66.26802542518425,32.96933645715505
test_00005,test,4,C6,1390.2315326864732,177.99743094267802,51.36247962618187
test_00005,test,4,C7,1390.3252979532933,-167.82875769986543,88.20150715299864
test_00006,test,0,A2,-1053.0370005174698,96.5811448051861,-499.3560397856826
test_00006,test,0,A3,-1045.4634066228493,-41.9956726982441,-601.4437329459547
test_00006,test,0,A4,-1070.0985014279943,-254.45008114192493,-593.8932666326324
test_00006,test,0,A5,-996.740543906065,-96.87520573597025,-24.053418928554066
test_00006,test,0,B2,-600.2384298652184,-671.1543851033941,36.33671714807118
test_00006,test,0,B3,-619.8049346453599,-608.6225242023584,-44.69900861174715
test_00006,test,0,B4,557.1860125505522,-419.52950171080215,-182.3855652989755
test_00006,test,0,B5,556.6412171301205,-65.72823791005115,298.6118135956086
test_00006,test,0,B6,-634.905052401398,-197.13824067122485,391.4354245684305
test_00006,test,0,C2,1226.425484161607,-40.026565183604745,180.0961205217234
test_00006,test,0,C3,1419.5401669955893,1.2301355197800425,283.2750772465418
test_00006,test,0,C4,1382.8693015893034,209.75616076758487,182.6614764205869
test_00006,test,0,C5,1217.7659715427296,57.84687329068451,264.5630837388304
test_00006,test,0,C6,1370.648026357896,327.3859944686062,255.16417070422068
test_00006,test,0,C7,1423.3756107916067,-11.308059313002142,313.91002047524285
test_00006,test,1,A2,-931.1082252064954,232.0517906093206,-185.79790965581228
test_00006,test,1,A3,-923.2539599755014,90.49151667843371,-283.6457941192105
test_00006,test,1,A4,-947.5033352172546,-121.695447451911,-269.7250305171466
test_00006,test,1,A5,-874.425682165702,53.094899676806584,295.0953943443384
test_00006,test,1,B2,-599.9807214513742,-252.06422687183968,-162.74779166667847
test_00006,test,1,B3,-600.0248789688225,-181.08233942246224,-239.06205119668206
test_00006,test,1,B4,600.0155864988179,-181.09544386630947,-239.10598343569168
test_00006,test,1,B5,600.0107529034125,130.2016861845083,270.3141124897242
test_00006,test,1,B6,-599.9907221968148,192.86558740087102,229.850486631602
test_00006,test,1,C2,1449.9617581230143,-158.62563073987187,-57.840808841933004
test_00006,test,1,C3,1640.0195237813732,-152.82118654008602,58.42983879035253
test_00006,test,1,C4,1639.995763268283,64.7489889043002,-28.622609068039882
test_00006,test,1,C5,1450.035585703301,-66.15016203211583,32.84303628148774
test_00006,test,1,C6,1639.9641491646755,178.12390668302186,51.368738971342786
test_00006,test,1,C7,1639.9962020908679,-167.73855142540273,88.2331765992029
test_00006,test,2,A2,-681.0434219834614,231.99424007817782,-185.85610043358648
test_00006,test,2,A3,-673.2739519681855,90.41565533106031,-283.71266484648544
test_00006,test,2,A4,-697.5770148111343,-121.73249982208905,-269.84741991877974
test_00006,test,2,A5,-624.5256515014355,52.98518826015242,295.0379784400823
test_00006,test,2,B2,-599.992982635917,-252.0395519198598,-162.72754841244193
test_00006,test,2,B3,-599.9863285160624,-181.1237070501191,-239.07303001269534
test_00006,test,2,B4,600.0591054608793,-181.10416451696176,-239.15097501791467
test_00006,test,2,B5,599.9903064238283,130.22878533726634,270.36631205860954
test_00006,test,2,B6,-600.0157107912202,192.85524687062082,229.87478114658398
test_00006,test,2,C2,1450.0699522469904,-158.6000330528189,-57.8421201459714
test_00006,test,2,C3,1640.0056172957409,-152.8325003114452,58.41706454001086
test_00006,test,2,C4,1640.0178044868612,64.76271856288463,-28.6607303238562
test_00006,test,2,C5,1449.9996605989784,-66.17788510604537,32.87107062741048
test_00006,test,2,C6,1640.001993208162,178.07605129312944,51.386757317640864
test_00006,test,2,C7,1639.9950798593477,-167.72973478546564,88.22133158032358
test_00006,test,3,A2,-681.0816296632707,232.01284451083816,-185.89783579485396
test_00006,test,3,A3,-673.2524090293862,90.45478065012624,-283.70782529220304
test_00006,test,3,A4,-697.5145172325279,-121.75630441269291,-269.87277147461424
test_00006,test,3,A5,-624.5199274176247,52.998588605451246,295.0191295822593
test_00006,test,3,B2,-599.9577706842207,-252.00197443407794,-162.74708831269552
test_00006,test,3,B3,-599.9799944615592,-181.11650145910718,-239.1077289384079
test_00006,test,3,B4,600.0018720021179,-181.11272494371977,-239.14078270304893
test_00006,test,3,B5,599.9278534083488,130.1803606066498,270.31581956191087
test_00006,test,3,B6,-600.059612928117,192.83496063285503,229.80835482209417
test_00006,test,3,C2,1199.9756894020604,-158.6733404638306,-57.87448760528808
test_00006,test,3,C3,1389.9764808557802,-152.8483880471031,58.45159009231765
test_00006,test,3,C4,1389.927025121984,64.76687056992645,-28.671265460188394
test_00006,test,3,C5,1199.976791519561,-66.15292061161796,32.90439578849244
test_00006,test,3,C6,1389.889804742984,178.0583909650409,51.42902941104545
test_00006,test,3,C7,1389.920067953622,-167.75069456251612,88.19565205271826
test_00006,test,4,A2,-681.0458256709024,231.99091184126576,-185.91779881078494
test_00006,test,4,A3,-673.2348545818312,90.40018462594922,-283.7343522432294
test_00006,test,4,A4,-697.5175320122951,-121.76500270978246,-269.83491286017875
test_00006,test,4,A5,-624.4507110335555,52.98001704184248,294.9946878214667
test_00006,test,4,B2,-599.9048860178519,-252.10710117785072,-162.7895275403728
test_00006,test,4,B3,-599.9256392756466,-181.2629343450333,-239.0775110363362
test_00006,test,4,B4,600.0816563139805,-181.1991323288725,-239.08205633161734
test_00006,test,4,B5,600.0495009943988,130.13773911833601,270.2638698788914
test_00006,test,4,B6,-599.9196177947568,192.78438336857946,229.8686016118743
test_00006,test,4,C2,1199.9985103938448,-158.75312041603854,-57.87180402100469
test_00006,test,4,C3,1389.9522528794841,-152.94937770981173,58.45130472653874
test_00006,test,4,C4,1390.0314503734928,64.69767484367316,-28.643036958537394
test_00006,test,4,C5,1200.0050698115074,-66.18015578950208,32.88850017549569
test_00006,test,4,C6,1390.0304193004126,177.8914332309392,51.37412759449876
test_00006,test,4,C7,1390.006837110263,-167.85863912674097,88.15109270575027
test_00007,test,0,A2,-812.6816157039864,96.37897309213415,-501.3399136994554
test_00007,test,0,A3,-811.1487709934831,-43.615756130759415,-601.7796777532016
test_00007,test,0,A4,-841.1466442754923,-255.14727893338193,-591.1963276479443
test_00007,test,0,A5,-750.6180115228673,-93.15137385280752,-25.068865062495256
test_00007,test,0,B2,-773.9014188328945,-661.5879047794775,194.5577144238826
test_00007,test,0,B3,-816.847550292745,-599.8329338128359,122.37214512557992
test_00007,test,0,B4,274.724808469176,-329.88724617122864,-296.52432758408673
test_00007,test,0,B5,370.74216608893937,18.91343632287196,178.4160002731686
test_00007,test,0,B6,-749.7427694593849,-193.9252933494283,558.8599159138638
test_00007,test,0,C2,1288.571307370317,-229.07602832622464,-138.5874869787951
test_00007,test,0,C3,1486.1094261908495,-221.91892025107657,-35.73428893123658
test_00007,test,0,C4,1472.3085401928838,-0.2844406187810832,-110.48168933325617
test_00007,test,0,C5,1291.8804673316656,-141.49694204338587,-43.09558451100687
test_00007,test,0,C6,1474.037445687797,108.62638881570678,-24.564195656024427
test_00007,test,0,C7,1488.7708607393356,-238.44648244659274,-6.834956583738994
test_00007,test,1,A2,-931.0550593613219,231.93766916894512,-185.91100825757886
test_00007,test,1,A3,-923.2726330687233,90.4150101454901,-283.686801591792
test_00007,test,1,A4,-947.609157859309,-121.84484277626466,-269.8033894775871
test_00007,test,1,A5,-874.5288832571383,52.99031559792463,294.9957853840396
test_00007,test,1,B2,-599.9674619747057,-251.99223515385142,-162.82609476231733
test_00007,test,1,B3,-600.0010415822325,-181.15257640339172,-239.14721865752378
test_00007,test,1,B4,600.0711446893079,-181.1846300648597,-239.15120021074736
test_00007,test,1,B5,600.0334441776421,130.23268012821336,270.27375725509927
test_00007,test,1,B6,-599.9496118194123,192.89868510213498,229.78469351114933
test_00007,test,1,C2,1449.969898305731,-158.67791501790705,-57.88676783295683
test_00007,test,1,C3,1640.0092130176722,-152.85695297037896,58.47015029560327
test_00007,test,1,C4,1640.0170472162356,64.78051100452434,-28.686693361457216
test_00007,test,1,C5,1449.951119147121,-66.18284344018623,32.85937050974651
test_00007,test,1,C6,1639.9877221698657,178.06986314068487,51.360712285839014
test_00007,test,1,C7,1639.991231558927,-167.77818376526622,88.21740727876082
test_00007,test,2,A2,-683.0011559725194,232.28602758477194,-185.80445697745668
test_00007,test,2,A3,-675.198617519092,90.73167790613697,-283.68267016222427
test_00007,test,2,A4,-699.4553193626155,-121.42062781879417,-269.8228650789911
test_00007,test,2,A5,-626.3431608980118,53.25106444782567,295.03088543571357
test_00007,test,2,B2,-599.9759371522947,-252.0611702744077,-162.76830207308865
test_00007,test,2,B3,-599.9536407608891,-181.23188848786089,-239.15959990095573
test_00007,test,2,B4,600.0099336643405,-181.17530126155648,-239.14979391550295
test_00007,test,2,B5,599.9945726961093,130.1716572794818,270.20252234537946
test_00007,test,2,B6,-599.9665192523139,192.91276859894398,229.75993744373858
test_00007,test,2,C2,1449.9766471828661,-158.63029567238877,-57.87794178017267
test_00007,test,2,C3,1640.004985931944,-152.90947832229935,58.428755298271625
test_00007,test,2,C4,1640.0001977041136,64.76345293617184,-28.636855187097982
test_00007,test,2,C5,1449.9888186390415,-66.22536687846802,32.833985206120744
test_00007,test,2,C6,1640.0315037540888,178.02024994029108,51.33837394544139
test_00007,test,2,C7,1639.9557038722976,-167.81671679273714,88.21175676559574
test_00007,test,3,A2,-682.9926986881749,232.30645296200083,-185.72829373686199
test_00007,test,3,A3,-675.1964664421396,90.76922063094528,-283.6763524292389
test_00007,test,3,A4,-699.4369713181459,-121.42861749285137,-269.80557182552906
test_00007,test,3,A5,-626.2884480087124,53.20263530274849,295.02672344775266
test_00007,test,3,B2,-599.9498598053665,-251.9654368066894,-162.7468099866129
test_00007,test,3,B3,-599.9843714887998,-181.11270414783306,-239.11988355832258
test_00007,test,3,B4,600.0354359799042,-181.22366303459538,-239.09619866478334
test_00007,test,3,B5,600.0021702972108,130.23985654314396,270.20562304398476
test_00007,test,3,B6,-599.9972329454392,192.940743140858,229.7669187407093
test_00007,test,3,C2,1200.0025545414603,-158.70517543750395,-57.857572257019804
test_00007,test,3,C3,1390.0389767896756,-152.8433126561387,58.4107937366212
test_00007,test,3,C4,1389.9710841140682,64.65049686195795,-28.740252226614594
test_00007,test,3,C5,1200.0018459284881,-66.22283588723938,32.80560735047666
test_00007,test,3,C6,1389.9341301826205,177.97841374073155,51.260184111089835
test_00007,test,3,C7,1390.017946301434,-167.79372516117533,88.17651418827124
test_00007,test,4,A2,-682.4988546907193,232.21384193637104,-185.82253841905205
test_00007,test,4,A3,-674.7215539322858,90.57318762606954,-283.7291762081882
test_00007,test,4,A4,-699.0090782743741,-121.50995802537086,-269.8802979965815
test_00007,test,4,A5,-625.9400292924673,53.16539150068158,294.99435291249085
test_00007,test,4,B2,-599.5312722222162,-252.17120319171974,-162.7532645030146
test_00007,test,4,B3,-599.551873320733,-181.23929374037732,-239.15999993890043
test_00007,test,4,B4,600.5009307349493,-181.32052014551917,-239.12998209858173
test_00007,test,4,B5,600.4720329108704,130.03124643216856,270.26754686164577
test_00007,test,4,B6,-599.561084360658,192.76771390471447,229.69856513518874
test_00007,test,4,C2,1200.442247444911,-158.9143277040331,-57.81952262155608
test_00007,test,4,C3,1390.4974957102777,-153.05822314552267,58.49908732732604
test_00007,test,4,C4,1390.4514761436917,64.54415362489205,-28.69262373566802
test_00007,test,4,C5,1200.4618894333155,-66.39250999635647,32.86415256573259
test_00007,test,4,C6,1390.4360346575359,177.8233156780394,51.36092904460272
test_00007,test,4,C7,1390.4927963368339,-167.9418751612847,88.25612786220836
test_00008,test,0,A2,-1039.2021464054546,79.23126005901183,-556.6491043564556
test_00008,test,0,A3,-1014.8691059097566,-86.08606491504571,-598.8698364034337
test_00008,test,0,A4,-1016.49032335785,-281.1216680334939,-510.8349081727162
test_00008,test,0,A5,-971.2919892003579,87.4472075565215,-45.03011352199515
test_00008,test,0,B2,-628.5873135477369,134.14953658633644,-47.55046098491873
test_00008,test,0,B3,-610.8107344770675,202.41916875649548,-124.26187609321023
test_00008,test,0,B4,565.5621515644252,-23.576072808684202,-52.31179788021714
test_00008,test,0,B5,595.0420157923058,291.0539045683473,454.2080011246528
test_00008,test,0,B6,-567.113780148796,577.7705548473493,341.4987150057605
test_00008,test,0,C2,1532.257035960826,-291.5664833339774,251.94560326235057
test_00008,test,0,C3,1726.0118343300283,-250.15057757325988,354.0130090931065
test_00008,test,0,C4,1670.308601084726,-33.144662114881065,284.99555685065786
test_00008,test,0,C5,1520.1092909171773,-207.2228700658551,349.6207976844589
test_00008,test,0,C6,1652.6396671238354,72.0070350596166,373.6508000455912
test_00008,test,0,C7,1732.0122229025335,-266.5047905662583,382.3633071537792
test_00008,test,1,A2,-931.1038640769389,231.92125624125396,-185.82545380509117
test_00008,test,1,A3,-923.2778166104451,90.36370255340935,-283.68851336104734
test_00008,test,1,A4,-947.5216193834148,-121.82435630365356,-269.8040357535861
test_00008,test,1,A5,-874.5852860645397,52.95624320327846,295.07137409066587
test_00008,test,1,B2,-599.9838676060331,-251.97918525415162,-162.77037863054778
test_00008,test,1,B3,-600.0054148779366,-181.10407510351942,-239.10507678228498
test_00008,test,1,B4,599.9872972526679,-181.2243920634451,-239.151168426992
test_00008,test,1,B5,600.0614022887441,130.03865813199178,270.283478194187
test_00008,test,1,B6,-599.9508209850452,192.91890499948948,229.83982280457008
test_00008,test,1,C2,1450.0026499976495,-158.68734717546198,-57.86060799063533
test_00008,test,1,C3,1639.9888174734258,-152.85325828261927,58.37474802419769
test_00008,test,1,C4,1639.950523559796,64.74874119423059,-28.69948725487607
test_00008,test,1,C5,1449.9967932871307,-66.20375899181911,32.92712751853239
test_00008,test,1,C6,1639.96612556642,178.07669658923663,51.40878719454204
test_00008,test,1,C7,1640.0159719660844,-167.7634698842929,88.26354153698097
test_00008,test,2,A2,-681.0693037139305,232.04946798285204,-185.85240936506648
test_00008,test,2,A3,-673.2956730770352,90.4814546574759,-283.62367279417947
test_00008,test,2,A4,-697.5699692698785,-121.73878964004561,-269.84064176611804
test_00008,test,2,A5,-624.3914203412102,53.02001090577616,295.0388363037052
test_00008,test,2,B2,-599.98612173398,-251.98611352977477,-162.81366861201067
test_00008,test,2,B3,-599.9779617138272,-181.11947279312255,-239.14910670493668
test_00008,test,2,B4,600.0243705300282,-181.20896981443065,-239.15294012410192
test_00008,test,2,B5,600.06108145171,130.0964698239446,270.29384169003083
test_00008,test,2,B6,-599.9306969156723,192.85919870647464,229.7796463561573
test_00008,test,2,C2,1449.989936149754,-158.69812751943533,-57.863545292351546
test_00008,test,2,C3,1639.952367291747,-152.84273581984402,58.434953080633925
test_00008,test,2,C4,1639.9566433254533,64.81537131464223,-28.63608500621679
test_00008,test,2,C5,1449.9974874364295,-66.15728235912366,32.84806518540581
test_00008,test,2,C6,1639.9662995107908,178.0433665024101,51.43183561276925
test_00008,test,2,C7,1640.0050077306125,-167.7494260977602,88.19815919038606
test_00008,test,3,A2,-681.0078912307629,232.08427536164737,-185.82505306253583
test_00008,test,3,A3,-673.2603356117498,90.48851878604951,-283.6712166181599
test_00008,test,3,A4,-697.6332188074198,-121.61921082546397,-269.77299821578447
test_00008,test,3,A5,-624.3604396552577,53.00678675112807,295.03133475111605
test_00008,test,3,B2,-599.9612377846559,-252.00343696749061,-162.76006219528477
test_00008,test,3,B3,-600.0316965354057,-181.07288220023474,-239.14918684810286
test_00008,test,3,B4,600.027629450274,-181.161562384715,-239.14330731387162
test_00008,test,3,B5,599.9951865004399,130.09256206614918,270.24888023991315
test_00008,test,3,B6,-599.9765314874378,192.85568627196355,229.81803937540457
test_00008,test,3,C2,1199.9626410970436,-158.86626119180463,-57.832512797776154
test_00008,test,3,C3,1390.0626721623562,-153.11657756839452,58.48458892297494
test_00008,test,3,C4,1390.0745239057512,64.40918215321229,-28.69885078699
test_00008,test,3,C5,1200.0537178392062,-66.41676014503767,32.89610374571185
test_00008,test,3,C6,1390.0774016735008,177.7810222786751,51.353808620699844
test_00008,test,3,C7,1390.001251926243,-167.94824751082353,88.2519087989404
test_00008,test,4,A2,-681.1490764272141,232.02010398797663,-185.82306592889583
test_00008,test,4,A3,-673.3199825802589,90.31955509601988,-283.68253628606806
test_00008,test,4,A4,-697.6330110932556,-121.78893202039866,-269.7699008182401
test_00008,test,4,A5,-624.4592149456986,52.937922390162655,295.10345467644237
test_00008,test,4,B2,-599.955510490661,-252.13445838120663,-162.684235071778
test_00008,test,4,B3,-599.9832114710109,-181.19675314431308,-239.13458749976277
test_00008,test,4,B4,600.0311121037428,-181.1865271978714,-239.13184246879422
test_00008,test,4,B5,600.0447278093382,130.0742442639929,270.343827323055
test_00008,test,4,B6,-599.9896659327027,192.7128663028364,229.81640716655752
test_00008,test,4,C2,1200.044760132771,-158.7403491468142,-57.89505058037726
test_00008,test,4,C3,1390.0358555218058,-152.8642390183214,58.36271140842551
test_00008,test,4,C4,1390.0902513909427,64.68471241144323,-28.711922057986012
test_00008,test,4,C5,1199.9770214268385,-66.26519823410494,32.795073810774326
test_00008,test,4,C6,1390.0763154226238,177.97358524368224,51.297769316844345
test_00008,test,4,C7,1390.031846656548,-167.82320561793222,88.20299491754575
test_00009,test,0,A2,-830.2865109592407,586.3165840766104,-325.52656756373364
test_00009,test,0,A3,-812.9046265832136,450.8898760610555,-430.5639105957398
test_00009,test,0,A4,-820.3118497188543,237.03822741184013,-427.2770990130955
test_00009,test,0,A5,-752.8421998121215,388.3865157080635,144.9150336498935
test_00009,test,0,B2,-296.8138957361148,-178.1686310589588,-163.80944823781257
test_00009,test,0,B3,-297.3265636487606,-107.0137500787189,-239.81661875067036
test_00009,test,0,B4,902.634657883985,-98.88569937473403,-240.680374028953
test_00009,test,0,B5,900.8572778721407,210.50263385237832,269.9233514999865
test_00009,test,0,B6,-299.55462683915164,265.11974742965634,230.56048135431192
test_00009,test,0,C2,1433.9332335110096,-442.9552502193519,-233.30005090596336
test_00009,test,0,C3,1644.2282510123164,-462.2652639868054,-162.1998030967043
test_00009,test,0,C4,1651.7244830712773,-245.17236814088616,-250.341065839343
test_00009,test,0,C5,1465.505065851218,-352.3534367745359,-146.2382132906178
test_00009,test,0,C6,1683.6015933806275,-133.86564791243117,-173.99865681054933
test_00009,test,0,C7,1648.940510817718,-477.48747361065944,-132.95756713109915
test_00009,test,1,A2,-931.1471766228428,231.93638737711913,-185.94478811878417
test_00009,test,1,A3,-923.3014770542029,90.42677904230003,-283.7788004230194
test_00009,test,1,A4,-947.487624666536,-121.79129221250588,-269.84390500708724
test_00009,test,1,A5,-874.5125310842785,52.91717550995454,295.0215490871646
test_00009,test,1,B2,-599.9864616097198,-251.98431147528194,-162.70123687354183
test_00009,test,1,B3,-599.9399995169707,-181.1156750924992,-239.07911262282423
test_00009,test,1,B4,600.0025636800505,-181.13023484847133,-239.17041942138744
test_00009,test,1,B5,599.9942893106762,130.19710182275975,270.26829272247153
test_00009,test,1,B6,-599.9651151203561,192.8754118491396,229.8410267148565
test_00009,test,1,C2,1449.9681620513352,-158.6407974794474,-57.819910589018605
test_00009,test,1,C3,1640.0161945140148,-152.89070366842267,58.497535833803305
test_00009,test,1,C4,1640.0049672603207,64.72450173979132,-28.613957003229046
test_00009,test,1,C5,1450.0425400581812,-66.21581303428874,32.873082434892126
test_00009,test,1,C6,1640.0095615083324,178.0302878657533,51.415662553781935
test_00009,test,1,C7,1640.005250238106,-167.7887699054469,88.29914630476642
test_00009,test,2,A2,-681.0764320372333,232.06337490551678,-185.77646780430328
test_00009,test,2,A3,-673.3352598916139,90.45517659175651,-283.646077821495
test_00009,test,2,A4,-697.5355156497874,-121.65193039302483,-269.7163587077039
test_00009,test,2,A5,-624.4364997356703,53.056329484355345,295.11689984096876
test_00009,test,2,B2,-600.0081206996479,-251.94359306740506,-162.78602859023783
test_00009,test,2,B3,-600.0201035858402,-181.06026500367236,-239.05211269537395
test_00009,test,2,B4,600.0012959237368,-181.06925240782374,-239.1409235035521
test_00009,test,2,B5,599.9685083777933,130.16560968081532,270.27970359220797
test_00009,test,2,B6,-599.9852885849583,192.87338835835868,229.8432249297027
test_00009,test,2,C2,1450.0524780515486,-158.66432350193705,-57.880077531917436
test_00009,test,2,C3,1640.0153292395223,-152.86682964557934,58.51064581890466
test_00009,test,2,C4,1640.0379785127448,64.78250408720443,-28.660593465129267
test_00009,test,2,C5,1450.011239971806,-66.13830271954934,32.87490528045582
test_00009,test,2,C6,1639.9804869217144,178.0129150522567,51.45585840330019
test_00009,test,2,C7,1640.0157833032656,-167.77531307514002,88.25533393347631
test_00009,test,3,A2,-681.070961984089,232.03294081921052,-185.7707184428096
test_00009,test,3,A3,-673.2677123853775,90.48681688047088,-283.6579699798777
test_00009,test,3,A4,-697.5727614393091,-121.7309466920796,-269.80289508402194
test_00009,test,3,A5,-624.4130477702531,53.00923342981884,295.08178389178136
test_00009,test,3,B2,-600.003535832945,-251.93898087485647,-162.7298904295667
test_00009,test,3,B3,-600.0269251409368,-181.07081977644395,-239.12907944905908
test_00009,test,3,B4,600.0356915025118,-181.11030972758988,-239.22620939857973
test_00009,test,3,B5,600.0195915655921,130.1928313707238,270.2312099208161
test_00009,test,3,B6,-599.9906644965216,192.8656622666505,229.83971023986956
test_00009,test,3,C2,1199.9639090832236,-158.72720179121552,-57.779889406636116
test_00009,test,3,C3,1389.9747055783564,-152.95590233463327,58.40380795604683
test_00009,test,3,C4,1389.9567526066487,64.61962472752863,-28.656322917115524
test_00009,test,3,C5,1200.0192391809337,-66.22975358684715,32.827396540595565
test_00009,test,3,C6,1390.027184108282,177.99031076281278,51.28405426386919
test_00009,test,3,C7,1390.0133048905789,-167.9433809137695,88.28708048187251
test_00009,test,4,A2,-681.5191215774252,231.75155621434962,-183.83697163562567
test_00009,test,4,A3,-673.7352858259728,90.11880491725601,-281.6902501071752
test_00009,test,4,A4,-697.9351657023338,-122.03190620074881,-267.79908319108125
test_00009,test,4,A5,-624.8164728172247,52.710091947870566,297.0670638531615
test_00009,test,4,B2,-600.3901785176438,-252.2900730116693,-160.84207368772203
test_00009,test,4,B3,-600.4028926103912,-181.41208901785043,-237.16120752425252
test_00009,test,4,B4,599.5417460216798,-181.34537743258954,-237.28351849225976
test_00009,test,4,B5,599.590833432315,129.9137383960148,272.18300506436134
test_00009,test,4,B6,-600.4257752269168,192.5340328032393,231.79504665599995
test_00009,test,4,C2,1199.600016056938,-159.02353004558975,-55.90708074387442
test_00009,test,4,C3,1389.5920514955615,-153.13976002243592,60.34040415473258
test_00009,test,4,C4,1389.5887435236327,64.4745930070931,-26.775224582724107
test_00009,test,4,C5,1199.6361327156583,-66.44240906657619,34.80445217908774
test_00009,test,4,C6,1389.6012981025583,177.75769945545343,53.302695272983826
test_00009,test,4,C7,1389.5994172610165,-168.06066982586302,90.07268949310071
test_00010,test,0,A2,-1076.0180255038013,43.74759004887493,-186.0579244954307
test_00010,test,0,A3,-1058.527012607363,-100.65446883887438,-278.47212214143894
test_00010,test,0,A4,-1073.9148105462775,-313.05409398392925,-257.783217146814
test_00010,test,0,A5,-1029.367447550941,-115.82075041765283,302.6862395856817
test_00010,test,0,B2,-954.4454075872453,62.416943733003606,-408.5203656263273
test_00010,test,0,B3,-945.0036584734632,134.52267917867476,-483.1114156004337
test_00010,test,0,B4,189.5192373470776,-208.58515813981117,-670.7240770579887
test_00010,test,0,B5,354.6929378042512,60.722897092558036,-164.12231378725744
test_00010,test,0,B6,-767.5388457300209,465.98247013440096,-15.804664097541027
test_00010,test,0,C2,1397.142199922031,48.1160620529178,140.94868999166403
test_00010,test,0,C3,1569.8812617777876,116.60477945039123,263.9089147969494
test_00010,test,0,C4,1493.3683945628795,323.30124832872923,184.1616955932541
test_00010,test,0,C5,1362.009379012895,130.39871502996598,234.6996516029726
test_00010,test,0,C6,1451.0044983473642,425.4818836900394,267.85617087128213
test_00010,test,0,C7,1574.6504792889307,101.38039708628702,293.0929784785426
test_00010,test,1,A2,-931.1272232534773,232.04850925430634,-185.80091034720354
test_00010,test,1,A3,-923.2845967097668,90.42090683735557,-283.6966981386988
test_00010,test,1,A4,-947.4959125750722,-121.74737292685997,-269.7251715687799
test_00010,test,1,A5,-874.4198400710754,53.043542722726194,295.10106912863193
test_00010,test,1,B2,-600.0351722152129,-252.06804506538413,-162.6929655914973
test_00010,test,1,B3,-600.0101914808962,-181.15791989222436,-239.08748365508347
test_00010,test,1,B4,600.059276053986,-181.21531914418097,-239.17597927518113
test_00010,test,1,B5,599.9828452519895,130.06919192741015,270.3201426765029
test_00010,test,1,B6,-599.9074906864275,192.87588763358664,229.85975681888385
test_00010,test,1,C2,1449.9916639867943,-158.78598434083264,-57.78368840717045
test_00010,test,1,C3,1639.9849578368164,-152.89847097914924,58.52856406300589
test_00010,test,1,C4,1640.0088296915987,64.62656809648284,-28.613159770279466
test_00010,test,1,C5,1449.932187503199,-66.25649786988373,33.00274956587756
test_00010,test,1,C6,1639.9713698814523,177.95946259739463,51.40768782529172
test_00010,test,1,C7,1639.9748556321838,-167.86863052177335,88.38133540732204
test_00010,test,2,A2,-681.0051165513986,231.37483847730516,-187.7162280162757
test_00010,test,2,A3,-673.2354196129008,89.80757759301989,-285.52739724963885
test_00010,test,2,A4,-697.5341189405431,-122.39824414700756,-271.58239537221834
test_00010,test,2,A5,-624.4126989498312,52.38322326020013,293.2469478104582
test_00010,test,2,B2,-600.019739007561,-252.04127217245846,-162.7178351793819
test_00010,test,2,B3,-599.9777453778113,-181.16335812673012,-239.08617791128964
test_00010,test,2,B4,600.0123861670564,-181.18644069820084,-239.17275105820883
test_00010,test,2,B5,600.0442744999,130.11919738407317,270.27933439253866
test_00010,test,2,B6,-600.0032955752383,192.85655508789316,229.83109812755436
test_00010,test,2,C2,1450.0054247875598,-158.72255988290766,-57.74994201000364
test_00010,test,2,C3,1639.9752857819674,-152.93818880108242,58.52230750411618
test_00010,test,2,C4,1640.045956938709,64.65868695215637,-28.57564567977639
test_00010,test,2,C5,1449.940488134392,-66.28583038548857,32.98186208692228
test_00010,test,2,C6,1640.0162789728586,177.96810691178777,51.39343206434924
test_00010,test,2,C7,1639.9789611549036,-167.84870920923626,88.29347922068041
test_00010,test,3,A2,-681.0274500112952,231.34414987582352,-187.67657852089627
test_00010,test,3,A3,-673.227585817876,89.82370869764328,-285.5540764368149
test_00010,test,3,A4,-697.4691063307806,-122.4143657304754,-271.62451924323443
test_00010,test,3,A5,-624.3852342483348,52.32434512877293,293.19279780052193
test_00010,test,3,B2,-600.0436597281973,-251.99967657380546,-162.6780070861598
test_00010,test,3,B3,-600.0354445170395,-181.1213226626646,-239.02202820717443
test_00010,test,3,B4,599.9967177060053,-181.16795273342217,-239.16886372220083
test_00010,test,3,B5,600.0364814577556,130.11997352115972,270.26815908345924
test_00010,test,3,B6,-599.971236629285,192.82842483551966,229.86995122171814
test_00010,test,3,C2,1199.992927304262,-158.892019670078,-57.92913624180433
test_00010,test,3,C3,1389.9944219624913,-153.08738574592505,58.3632025442189
test_00010,test,3,C4,1390.05272732709,64.53854693607276,-28.723677643742285
test_00010,test,3,C5,1200.0749337528025,-66.38963974099262,32.78069705065407
test_00010,test,3,C6,1389.9969556239494,177.82135818177483,51.317778638817785
test_00010,test,3,C7,1390.067605394171,-167.97794386223038,88.15102816931893
test_00010,test,4,A2,-681.1522568869188,231.72721204401893,-186.55995319337111
test_00010,test,4,A3,-673.4136061061668,90.22674365254643,-284.5076166865654
test_00010,test,4,A4,-697.6890413410365,-121.93677823203173,-270.69838088490764
test_00010,test,4,A5,-624.247541234608,52.43426689953148,294.1935683590329
test_00010,test,4,B2,-600.1627109331448,-251.68559248778158,-161.91452260378168
test_00010,test,4,B3,-600.1767569584696,-180.73134186778984,-238.17395425409063
test_00010,test,4,B4,599.8321806502364,-180.87895149036657,-238.96025462720615
test_00010,test,4,B5,600.1556459399753,130.16715242202523,270.6208966746948
test_00010,test,4,B6,-599.8113375319679,192.9081091895558,230.90471673018283
test_00010,test,4,C2,1199.9636575194902,-158.65501437875963,-57.979244044426686
test_00010,test,4,C3,1389.9820751570348,-152.93630659250562,58.16966420901552
test_00010,test,4,C4,1389.9542354546631,64.70262410301393,-28.761309832823578
test_00010,test,4,C5,1199.9748125136932,-66.28641140117972,32.798367554920475
test_00010,test,4,C6,1390.0710084803086,177.97643690558593,51.33146669564133
test_00010,test,4,C7,1389.9972082727904,-167.8695979640005,88.01112580882663
test_00011,test,0,A2,-1163.2042055364811,144.3382551489113,-7.282937939331045
test_00011,test,0,A3,-1208.8269205098763,16.675153594322218,-113.58697698766602
test_00011,test,0,A4,-1302.6389751249042,-175.61123486080697,-110.41042026070585
test_00011,test,0,A5,-1145.7241811340987,-81.53104040210795,456.53109931854584
test_00011,test,0,B2,-416.8886914358351,-28.199001848178288,-58.07764584565242
test_00011,test,0,B3,-418.0286839928528,38.627400332672174,-138.04003449358981
test_00011,test,0,B4,781.8469924658197,38.01993605958828,-155.16668338561618
test_00011,test,0,B5,789.0416780651072,375.33078697443074,337.4210468540714
test_00011,test,0,B6,-411.34975906893936,436.39384033011504,310.89185149096977
test_00011,test,0,C2,1224.4034736937185,-390.2036409028743,91.89863767692214
test_00011,test,0,C3,1413.8214652673269,-376.4902160450001,208.44447271781164
test_00011,test,0,C4,1408.3492205873638,-161.22900340550908,115.98403854845499
test_00011,test,0,C5,1221.731183804889,-295.46878060090063,180.34946963321025
test_00011,test,0,C6,1405.1546298251426,-46.01148445028213,193.15431714963933
test_00011,test,0,C7,1414.169572557922,-390.5853872402485,238.58179744235272
test_00011,test,1,A2,-931.1175425718851,232.0681512882782,-185.74735569948942
test_00011,test,1,A3,-923.2818507593823,90.49042762511593,-283.6363146166158
test_00011,test,1,A4,-947.5975493887943,-121.7481291541266,-269.7062641397508
test_00011,test,1,A5,-874.4761439823133,53.014256163266055,295.12737042780753
test_00011,test,1,B2,-599.9686378144313,-251.99539091760707,-162.7920059413065
test_00011,test,1,B3,-600.04213712969,-181.11304396032295,-239.16932301186412
test_00011,test,1,B4,599.9740947784203,-181.1842425454865,-239.18766052383344
test_00011,test,1,B5,599.9761104242068,130.152920950679,270.2416568166794
test_00011,test,1,B6,-599.9646049399942,192.86739684857676,229.80695218651383
test_00011,test,1,C2,1450.0599048179652,-158.78391283634517,-57.68007876027897
test_00011,test,1,C3,1640.0259777307976,-152.97463639617527,58.56758104118963
test_00011,test,1,C4,1639.9606614183315,64.6322289429046,-28.537810134332393
test_00011,test,1,C5,1450.0327607631698,-66.25198345181458,32.99777245086695
test_00011,test,1,C6,1640.009374219952,177.942631473508,51.44047393626248
test_00011,test,1,C7,1639.9989679852406,-167.85597259627332,88.36911681069907
test_00011,test,2,A2,-681.0941540315223,231.9691850946278,-185.88356354604562
test_00011,test,2,A3,-673.2807477203011,90.4166624118415,-283.76890530311124
test_00011,test,2,A4,-697.4929409892552,-121.7316560364702,-269.85665677077867
test_00011,test,2,A5,-624.5283520008103,52.94822071437297,295.0352786659442
test_00011,test,2,B2,-600.0129991071665,-251.93279074097245,-162.71288841840175
test_00011,test,2,B3,-599.9993194245569,-181.09896448355116,-239.13741808323803
test_00011,test,2,B4,599.9652723974013,-181.14378263915364,-239.2421672035488
test_00011,test,2,B5,599.9927061643637,130.11087612755628,270.3108467787949
test_00011,test,2,B6,-599.9662057788145,192.81849768858137,229.8718045725115
test_00011,test,2,C2,1449.9799908349335,-158.7569314980757,-57.719947059158635
test_00011,test,2,C3,1639.9823887414886,-152.93787484428972,58.54526077543348
test_00011,test,2,C4,1640.0168033395917,64.65965513061546,-28.54289974502866
test_00011,test,2,C5,1449.961033104017,-66.21044173405363,32.99538213730197
test_00011,test,2,C6,1639.9559718830747,178.00693944948253,51.45208029802205
test_00011,test,2,C7,1640.0013514722427,-167.85552587945728,88.329589193977
test_00011,test,3,A2,-681.1056516262132,232.0121462171131,-185.84786068211469
test_00011,test,3,A3,-673.3509123702205,90.34066309838754,-283.7629046738686
test_00011,test,3,A4,-697.501730004359,-121.79244663173876,-269.84193097497405
test_00011,test,3,A5,-624.4555695732881,52.9324286223218,294.9904782850857
test_00011,test,3,B2,-599.9945492364154,-251.9798067780904,-162.7544926471568
test_00011,test,3,B3,-600.0517857781274,-181.1275216855455,-239.12381401563337
test_00011,test,3,B4,599.9858340664871,-181.16142752483572,-239.10999827250268
test_00011,test,3,B5,599.9550105434107,130.1708894619287,270.2497389808405
test_00011,test,3,B6,-599.9983673137989,192.85976771145764,229.831802454009
test_00011,test,3,C2,1200.0401859905412,-158.798004316363,-58.05512680251377
test_00011,test,3,C3,1390.0612045978896,-153.05071063405404,58.19932443664801
test_00011,test,3,C4,1390.045066878486,64.57036232462616,-28.796430542003336
test_00011,test,3,C5,1200.0254223445886,-66.30581334749775,32.63955379916913
test_00011,test,3,C6,1389.9851499707222,177.89635115751975,51.27430420752028
test_00011,test,3,C7,1390.0567894985024,-167.93967914546823,87.99360496894751
test_00011,test,4,A2,-681.1032264432214,231.98948029041094,-185.91744856698213
test_00011,test,4,A3,-673.2289213622961,90.41650277588867,-283.79751826095435
test_00011,test,4,A4,-697.5099048918805,-121.79783224413005,-269.90979550334646
test_00011,test,4,A5,-624.5349548286274,52.9502971498043,294.99799142874605
test_00011,test,4,B2,-600.0099453771775,-251.90354255108355,-162.83965625458615
test_00011,test,4,B3,-599.9578844160432,-181.06651456273877,-239.157308889428
test_00011,test,4,B4,600.0031406617464,-181.07863615433908,-239.0318079540725
test_00011,test,4,B5,599.9298778864387,130.1973699045373,270.3642989913764
test_00011,test,4,B6,-600.0229525173326,192.914073990892,229.8087955033336
test_00011,test,4,C2,1200.064501424725,-158.72696769241443,-57.91317559026466
test_00011,test,4,C3,1390.0158470642284,-152.88286035970822,58.438080629693076
test_00011,test,4,C4,1389.9658421156691,64.6635443657694,-28.71555772260848
test_00011,test,4,C5,1200.0105348249156,-66.21409877963663,32.81873446060734
test_00011,test,4,C6,1390.0686297441653,177.97764401374732,51.399951593557624
test_00011,test,4,C7,1389.9793339831792,-167.84965601504692,88.22570399193941
test_00012,test,0,A2,-794.4015294059992,142.11829493922983,-101.63571237181799
test_00012,test,0,A3,-763.3286901126412,2.3279875787797217,-197.47099359595347
test_00012,test,0,A4,-791.3508675790125,-209.76351902281434,-194.51555809372965
test_00012,test,0,A5,-859.3943504094271,-46.76011976226251,374.38474352913846
test_00012,test,0,B2,-363.34589490697556,-232.4766433305307,162.7868627541872
test_00012,test,0,B3,-394.07074258068775,-146.84495264723284,111.98266791382396
test_00012,test,0,B4,745.8720568049184,90.20918391702082,-178.42949993142727
test_00012,test,0,B5,852.4682101460999,264.62068977508426,382.47679983114426
test_00012,test,0,B6,-306.8477961130127,96.7562010382481,653.1724508346707
test_00012,test,0,C2,1389.2726917601308,-67.46407675586595,-46.43097280603832
test_00012,test,0,C3,1562.8066699579779,-8.705504174448283,80.44230670033411
test_00012,test,0,C4,1499.9750007236712,201.86582298171808,-1.0947134815567159
test_00012,test,0,C5,1356.729474787022,16.79938046348055,46.44306399026243
test_00012,test,0,C6,1461.6333736620534,306.4498401314044,81.58529458313879
test_00012,test,0,C7,1566.0321559093081,-24.12037785008492,109.73292058880575
test_00012,test,1,A2,-931.0741808142619,232.01262153931913,-185.93893986395946
test_00012,test,1,A3,-923.210647734167,90.4436709581077,-283.7352065849486
test_00012,test,1,A4,-947.4909325295237,-121.76449099626178,-269.88731514134753
test_00012,test,1,A5,-874.5326218800484,52.97478910428673,294.98644559115513
test_00012,test,1,B2,-599.9866281463345,-252.10846771240335,-162.72270150415946
test_00012,test,1,B3,-599.9848918566439,-181.18296434238505,-239.1029378703868
test_00012,test,1,B4,600.0447234796297,-181.16700567159216,-239.09573168838156
test_00012,test,1,B5,599.9698128126763,130.21356120774678,270.2472908245358
test_00012,test,1,B6,-600.0580446525313,192.86156505289017,229.78916897970822
test_00012,test,1,C2,1450.0525328149215,-158.67139226400025,-57.89191823496759
test_00012,test,1,C3,1640.102228057989,-152.88757515573758,58.428405626575554
test_00012,test,1,C4,1640.0430715220184,64.79221302241342,-28.651081408167904
test_00012,test,1,C5,1450.0454740865564,-66.19748613180779,32.8693213378597
test_00012,test,1,C6,1640.029930013395,178.06085260180961,51.371061527965125
test_00012,test,1,C7,1640.0740070962,-167.76448085819553,88.20915245104523
test_00012,test,2,A2,-681.1129577551275,231.99359506719233,-185.86403279341187
test_00012,test,2,A3,-673.3402202170291,90.37469163467524,-283.7544684650116
test_00012,test,2,A4,-697.5309691816582,-121.85768465145131,-269.8587001457626
test_00012,test,2,A5,-624.4415454248265,52.93376594928064,294.9866015185156
test_00012,test,2,B2,-599.9520274641179,-252.02188811618953,-162.80558039090772
test_00012,test,2,B3,-599.9722970545556,-181.14497535498293,-239.11270205207492
test_00012,test,2,B4,600.0393089948547,-181.11063461126278,-239.1372585621881
test_00012,test,2,B5,600.007647100109,130.2011832956061,270.2681179027083
test_00012,test,2,B6,-599.9878543664502,192.82126856647156,229.69015603169296
test_00012,test,2,C2,1450.0599760092869,-158.7080670418643,-57.8845761939289
test_00012,test,2,C3,1640.0084966125437,-152.90902180690358,58.42653188223757
test_00012,test,2,C4,1639.9956538953313,64.75166110473079,-28.672642949590685
test_00012,test,2,C5,1450.0429767413257,-66.17412611301131,32.86556959438235
test_00012,test,2,C6,1640.0021697063173,178.0123005241325,51.3221198095655
test_00012,test,2,C7,1640.1132011779032,-167.7117835219549,88.2352568456707
test_00012,test,3,A2,-681.0849235319389,231.9820108415278,-185.91818188183785
test_00012,test,3,A3,-673.2685735394523,90.29607570639796,-283.74408232601377
test_00012,test,3,A4,-697.5317601909188,-121.81620278158432,-269.8330860913298
test_00012,test,3,A5,-624.492099947949,52.96689020356178,294.9856019551904
test_00012,test,3,B2,-599.956336761548,-252.0464882571339,-162.78541129620237
test_00012,test,3,B3,-599.949350574885,-181.1834514078896,-239.11050114096898
test_00012,test,3,B4,600.0221130103499,-181.13617544143466,-239.11060502883294
test_00012,test,3,B5,600.0326092886394,130.23460135749644,270.30255494467593
test_00012,test,3,B6,-599.9588757443211,192.8555427356157,229.7804956520171
test_00012,test,3,C2,1201.8507653562265,-158.76166217632723,-57.09134097633839
test_00012,test,3,C3,1391.8696283501954,-152.99968878670873,59.15707471056311
test_00012,test,3,C4,1391.8628351146506,64.62126193657323,-27.891320719316173
test_00012,test,3,C5,1201.874065190043,-66.34035270371947,33.644447709217225
test_00012,test,3,C6,1391.8578392782717,177.85346342812943,52.147522156663925
test_00012,test,3,C7,1391.8544105606022,-167.9053480676213,88.95414693626908
test_00012,test,4,A2,-681.9292765748675,232.0181248975999,-185.86919530324636
test_00012,test,4,A3,-674.1427087153182,90.3354879364579,-283.70227745774145
test_00012,test,4,A4,-698.420995034876,-121.76899229334235,-269.852821989575
test_00012,test,4,A5,-625.0908435425899,52.964139873972,294.9963321543809
test_00012,test,4,B2,-600.7773629241859,-252.02886220691556,-162.7913774364853
test_00012,test,4,B3,-600.7881269521844,-181.10991201375057,-239.14597162927979
test_00012,test,4,B4,599.1196335647983,-181.12924587113417,-239.59470626538265
test_00012,test,4,B5,599.3067145615503,130.19846782273032,269.86997316474657
test_00012,test,4,B6,-600.6790224789402,192.86134308253622,229.74103252424587
test_00012,test,4,C2,1201.0546047116702,-158.7758732090559,-57.80478580607745
test_00012,test,4,C3,1391.008692594482,-153.0260324062113,58.44145811283595
test_00012,test,4,C4,1391.1326718384005,64.6029301004716,-28.619238173061316
test_00012,test,4,C5,1201.1178982497106,-66.32260379020008,32.99074492636902
test_00012,test,4,C6,1391.107679311141,177.87021459961872,51.42048926072628
test_00012,test,4,C7,1391.1319247593908,-167.88917899271442,88.2773005678041
test_00013,test,0,A2,-811.220414281823,-115.86380418516926,-360.26791729399963
test_00013,test,0,A3,-844.241877773678,-263.5251447730337,-442.75664436679455
test_00013,test,0,A4,-916.1849951465005,-461.479618117872,-404.88453518299633
test_00013,test,0,A5,-761.2865137694846,-258.37926812091706,133.29359723039292
test_00013,test,0,B2,-401.2881473542825,-295.8629725350365,-157.0528202272717
test_00013,test,0,B3,-406.4750062289076,-219.15778388946174,-227.38578905042033
test_00013,test,0,B4,791.282228685787,-201.80674264432562,-297.3663103639561
test_00013,test,0,B5,818.4995048486401,67.82472777832457,234.67227679318705
test_00013,test,0,B6,-382.271970940953,116.16262462551792,269.3980073567954
test_00013,test,0,C2,1116.016085817227,-491.5286796531145,-47.63796373800677
test_00013,test,0,C3,1300.6312145951158,-523.5668108172541,72.97839644128774
test_00013,test,0,C4,1353.477613709786,-318.28160066105283,-27.02420707805185
test_00013,test,0,C5,1137.1006999525168,-396.1461813220462,37.36513269300745
test_00013,test,0,C6,1379.6670346256947,-203.31430880584455,46.03987872675513
test_00013,test,0,C7,1296.7328488850656,-536.1340807269098,103.56394504077875
test_00013,test,1,A2,-931.0992520893717,231.91559138418586,-185.8044881395951
test_00013,test,1,A3,-923.3247522696481,90.34439533528595,-283.63371688405977
test_00013,test,1,A4,-947.5154147444878,-121.77705459967824,-269.7467341009326
test_00013,test,1,A5,-874.4417615505332,52.917518085473354,295.0396412049579
test_00013,test,1,B2,-600.0323867961223,-252.0753379982216,-162.7673030226395
test_00013,test,1,B3,-600.0098244900736,-181.16072815684578,-239.13114393618784
test_00013,test,1,B4,599.9962930943011,-181.04838802592957,-239.08862127781316
test_00013,test,1,B5,599.9885043736862,130.21843514715127,270.37378743850695
test_00013,test,1,B6,-600.0243134191545,192.7951850627254,229.81387510396206
test_00013,test,1,C2,1449.9519232999664,-158.64185272703915,-57.83501267984504
test_00013,test,1,C3,1639.9769133666184,-152.87405443081764,58.39135533389046
test_00013,test,1,C4,1639.9545144747563,64.73920401077129,-28.64279128214314
test_00013,test,1,C5,1449.9465990271099,-66.20819936810612,32.880785877133036
test_00013,test,1,C6,1639.9003350822736,177.99814416992342,51.42041366598547
test_00013,test,1,C7,1639.942891518567,-167.76598769389102,88.2038579700636
test_00013,test,2,A2,-681.1401511230515,231.98473522405598,-185.79371021742898
test_00013,test,2,A3,-673.3181249027838,90.33159567368584,-283.68632691295073
test_00013,test,2,A4,-697.5024068239691,-121.78990918299561,-269.7946567131356
test_00013,test,2,A5,-624.4824499948455,52.923727662251586,295.11378936706996
test_00013,test,2,B2,-600.0108806252313,-252.030579118635,-162.71896897498405
test_00013,test,2,B3,-599.9547475185759,-181.2430642485554,-239.13239047795605
test_00013,test,2,B4,600.012909531869,-181.032376964083,-239.07997736043276
test_00013,test,2,B5,599.9376868261833,130.20947519705797,270.2437321710662
test_00013,test,2,B6,-600.0736361439181,192.75159870056476,229.787684330733
test_00013,test,2,C2,1449.9615769367545,-158.7268639583719,-57.86543528672612
test_00013,test,2,C3,1639.9434890809512,-152.93441111248876,58.37733528234156
test_00013,test,2,C4,1639.9419528911142,64.7556816692693,-28.69597039439592
test_00013,test,2,C5,1449.895712290275,-66.2195125691385,32.874702294476286
test_00013,test,2,C6,1639.9063894895032,177.97587339163968,51.34800933937988
test_00013,test,2,C7,1639.9555492650632,-167.7898057846794,88.15611959549886
test_00013,test,3,A2,-681.129252141211,231.9745737268957,-185.807489319723
test_00013,test,3,A3,-673.3543286799107,90.40266106088006,-283.5504452520191
test_00013,test,3,A4,-697.5034204708054,-121.79491663022199,-269.7543320774788
test_00013,test,3,A5,-624.4854787146517,52.9175405357217,295.06811358066125
test_00013,test,3,B2,-600.0005515755906,-252.00850429419188,-162.82210283005753
test_00013,test,3,B3,-599.9528517024258,-181.2007951655753,-239.15004329754072
test_00013,test,3,B4,599.9811741160817,-181.1302429840162,-239.02448930539876
test_00013,test,3,B5,600.0050256618575,130.2102625279382,270.2827952383627
test_00013,test,3,B6,-600.0486201933834,192.74901174445702,229.879383726683
test_00013,test,3,C2,1201.414668722078,-157.15899468397743,-57.74257063282984
test_00013,test,3,C3,1391.5114335897001,-151.36097287514184,58.48173976169024
test_00013,test,3,C4,1391.4781022617992,66.23971095167275,-28.607145091921375
test_00013,test,3,C5,1201.5051138791807,-64.59869238134779,32.98289952564263
test_00013,test,3,C6,1391.4980974492378,179.5145792688248,51.41251206590187
test_00013,test,3,C7,1391.4634199784323,-166.2735121112231,88.26275268104514
test_00013,test,4,A2,-681.4701450406936,232.14324935991667,-185.79512310267324
test_00013,test,4,A3,-673.8229834608665,90.57710001813251,-283.6586546607036
test_00013,test,4,A4,-698.1100193100112,-121.57221250548655,-269.8477233123687
test_00013,test,4,A5,-624.9267952211964,53.148842255548445,295.006260206658
test_00013,test,4,B2,-600.7510668149145,-252.01434577495328,-162.76030905038093
test_00013,test,4,B3,-600.6429613215154,-181.07594891185025,-239.15861658227692
test_00013,test,4,B4,599.3152560438609,-181.87268159593316,-239.12222284208505
test_00013,test,4,B5,599.5847413622942,129.54366856742618,270.3075843079843
test_00013,test,4,B6,-600.3732092925682,192.8868836105851,229.76524243390372
test_00013,test,4,C2,1200.8458156780728,-158.3944196788783,-57.790697446458324
test_00013,test,4,C3,1390.9080184767454,-152.69113151217178,58.50177781130912
test_00013,test,4,C4,1390.9626709101085,64.8600737526825,-28.640224504026218
test_00013,test,4,C5,1200.9613213954217,-65.8515494623287,32.93774745992483
test_00013,test,4,C6,1391.0381147969683,178.1565745692561,51.419817028470256
test_00013,test,4,C7,1390.8943598771484,-167.6300382305234,88.28683557418354
test_00014,test,0,A2,-970.2040001726646,38.93886411001132,-321.13681909222294
test_00014,test,0,A3,-960.6201444262115,-101.61931456655815,-420.30992517615664
test_00014,test,0,A4,-992.70600726852,-313.03751660232564,-411.27268350855985
test_00014,test,0,A5,-951.4536377424436,-147.92411146626273,159.731542241756
test_00014,test,0,B2,-609.8834795115566,-281.26324364090755,-179.14834142845368
test_00014,test,0,B3,-608.4057584096245,-207.43284244744618,-252.6692831724045
test_00014,test,0,B4,591.4617765198818,-222.03119811252074,-242.80961758789255
test_00014,test,0,B5,590.7515566963261,68.53611748308863,278.6848081979251
test_00014,test,0,B6,-608.0213961771876,147.42285731390223,230.97629616236895
test_00014,test,0,C2,1348.756221174495,-67.97074512471444,-127.3032726279551
test_00014,test,0,C3,1557.0907989196007,-68.05681857913993,-48.414962492172165
test_00014,test,0,C4,1534.3606641377141,159.4123456483793,-100.25809467545302
test_00014,test,0,C5,1363.3276100259866,10.49020652955669,-25.247411365065776
test_00014,test,0,C6,1546.2759068719633,259.95815263700524,-5.42294424686192
test_00014,test,0,C7,1563.1926146747442,-87.04844871723256,-21.75729112500814
test_00014,test,1,A2,-931.0924190869014,231.9419405843829,-185.81257847145338
test_00014,test,1,A3,-923.2145744344651,90.35926495805097,-283.72277789639776
test_00014,test,1,A4,-947.5484560756709,-121.85705310529818,-269.72967059784304
test_00014,test,1,A5,-874.4936479348546,52.95735239751057,295.098437537255
test_00014,test,1,B2,-599.9558876022376,-252.0533683444092,-162.71576003119364
test_00014,test,1,B3,-599.9425517183103,-181.13940310236447,-239.08045987786096
test_00014,test,1,B4,600.0427087334967,-181.00840885042922,-239.03374747216725
test_00014,test,1,B5,599.9454935130981,130.24841539439362,270.407106489647
test_00014,test,1,B6,-600.0653401249227,192.85886496949865,229.85247570323475
test_00014,test,1,C2,1450.0238519544175,-158.75882501221534,-57.84762936436734
test_00014,test,1,C3,1640.0235306476986,-152.96302400363635,58.381843786919646
test_00014,test,1,C4,1640.035190879765,64.61767848336079,-28.6713258203465
test_00014,test,1,C5,1450.0392793048497,-66.29709230258713,32.814844288583444
test_00014,test,1,C6,1639.9831366502935,177.902668978478,51.28268989548578
test_00014,test,1,C7,1640.017622468406,-167.91391874630563,88.24123709419571
test_00014,test,2,A2,-681.1030527452275,231.93044457700776,-185.8257489876391
test_00014,test,2,A3,-673.346859043445,90.41117099087866,-283.6804467339454
test_00014,test,2,A4,-697.4435765249158,-121.74236820608199,-269.82758197485333
test_00014,test,2,A5,-624.4820468004172,52.93511988935403,295.0667900391681
test_00014,test,2,B2,-599.9563060941853,-251.98438106165818,-162.75425633019103
test_00014,test,2,B3,-599.9516961721599,-181.08243036254413,-239.11429691360124
test_00014,test,2,B4,599.9718207649383,-181.0604518671327,-238.98969329841748
test_00014,test,2,B5,599.9711526642061,130.25888856516195,270.48081311356657
test_00014,test,2,B6,-600.0492129421355,192.8532827905044,229.82003786527366
test_00014,test,2,C2,1450.0575862407636,-158.7935451923239,-57.9040952912346
test_00014,test,2,C3,1640.033543944055,-152.9752866906561,58.474687756696675
test_00014,test,2,C4,1640.0020568188897,64.5948473837098,-28.68129468230979
test_00014,test,2,C5,1450.0369198531241,-66.27471890405481,32.79332884511864
test_00014,test,2,C6,1640.0159830666532,177.93713769942778,51.32898408031028
test_00014,test,2,C7,1640.0494731187835,-167.91232217817736,88.24198873683035
test_00014,test,3,A2,-681.1012225129892,232.01920306725404,-185.77274110741465
test_00014,test,3,A3,-673.2608659115724,90.42209809207779,-283.6793422877638
test_00014,test,3,A4,-697.4785098191483,-121.77351521055692,-269.7641880239263
test_00014,test,3,A5,-624.5257101869752,52.89214282649286,295.07501420397364
test_00014,test,3,B2,-600.0380824164924,-251.98320989163514,-162.72826717627942
test_00014,test,3,B3,-600.0064294465357,-181.14258714053483,-239.11853379782465
test_00014,test,3,B4,600.000350693226,-181.0137458589907,-239.04085101243302
test_00014,test,3,B5,599.9729913340963,130.2596512617137,270.39059720395954
test_00014,test,3,B6,-600.0231449958161,192.88502676510544,229.8411750715076
test_00014,test,3,C2,1200.0227137019883,-158.66173482328057,-57.60448188965153
test_00014,test,3,C3,1390.006353692764,-152.88663033254116,58.59384660771666
test_00014,test,3,C4,1389.9892952665184,64.75375528528875,-28.45854319542295
test_00014,test,3,C5,1200.0261482174085,-66.18466631326517,33.141370905586
test_00014,test,3,C6,1389.9257528509363,177.97554972703776,51.606769966162396
test_00014,test,3,C7,1390.0256708084403,-167.83704348525208,88.3991315880076
test_00014,test,4,A2,-681.1045476517827,231.9288470289451,-185.82876409785365
test_00014,test,4,A3,-673.3302850510349,90.45848920919069,-283.7326159998572
test_00014,test,4,A4,-697.4697893497023,-121.68733991830005,-269.8046024705374
test_00014,test,4,A5,-624.4332780227346,53.04490616766596,295.0219250464682
test_00014,test,4,B2,-599.9782312271533,-252.03752987964094,-162.8081487314581
test_00014,test,4,B3,-600.0353612869596,-181.11101713287596,-239.19763313552144
test_00014,test,4,B4,599.9975685217468,-181.12432390574008,-239.17517167794207
test_00014,test,4,B5,599.9483021222167,130.2165987060219,270.27768273547935
test_00014,test,4,B6,-600.0309227124752,192.91371315596857,229.7634924193273
test_00014,test,4,C2,1199.9185204975995,-158.85612740045542,-57.8290268815329
test_00014,test,4,C3,1390.0092225983237,-153.06117816964843,58.462823833855786
test_00014,test,4,C4,1390.0064343607219,64.5378252698197,-28.66578313527736
test_00014,test,4,C5,1199.9931987126822,-66.31052194816202,32.998040140099526
test_00014,test,4,C6,1390.0404267321044,177.8519399731876,51.38808010961923
test_00014,test,4,C7,1390.017349836198,-167.91356568508974,88.22433824064213
test_00015,test,0,A2,-893.0981955666737,347.74753775667784,-437.5712409878711
test_00015,test,0,A3,-871.7147946031278,204.36248150783675,-530.5816258677326
test_00015,test,0,A4,-891.9239701173447,-8.123322863335838,-514.1049700416759
test_00015,test,0,A5,-881.3186114294231,180.62927900508132,50.78378146199134
test_00015,test,0,B2,-276.06778232356936,-414.29728385109496,241.15312977377488
test_00015,test,0,B3,-308.46354638826426,-356.4601392024887,160.7692515823429
test_00015,test,0,B4,794.6642382773382,101.80788625753209,45.639655504010356
test_00015,test,0,B5,706.2642289986292,436.7649316061919,531.8683491526878
test_00015,test,0,B6,-423.774524757643,32.18927582215228,602.7816027117518
test_00015,test,0,C2,1556.8964606427182,-397.08410567741265,-261.2570635803836
test_00015,test,0,C3,1758.383975370996,-389.79295472591616,-166.3182186090909
test_00015,test,0,C4,1709.90954901366,-160.65684557868136,-174.3247192662543
test_00015,test,0,C5,1555.014373993759,-340.08147471101404,-144.94121925489117
test_00015,test,0,C6,1703.0562254284512,-81.00668608187748,-60.91208561102245
test_00015,test,0,C7,1765.191396851426,-413.0344419930224,-143.4844052207516
test_00015,test,1,A2,-931.1350409347274,231.97001491773426,-185.79348052816084
test_00015,test,1,A3,-923.2815696352667,90.49339200371895,-283.5996395767354
test_00015,test,1,A4,-947.5479953873327,-121.72433779131354,-269.7384686749493
test_00015,test,1,A5,-874.4812480119309,52.9980148259625,295.06999601339913
test_00015,test,1,B2,-599.966727930549,-251.9933515812018,-162.7489823535107
test_00015,test,1,B3,-599.9930183338548,-181.07557853449651,-239.05396927177114
test_00015,test,1,B4,599.9873182380451,-181.11403880679003,-239.22975968659753
test_00015,test,1,B5,599.982200922217,130.20001379153686,270.2798439075555
test_00015,test,1,B6,-599.9521240093783,192.81947051857824,229.86596950197335
test_00015,test,1,C2,1449.9698455739435,-158.760756042857,-57.93173007125671
test_00015,test,1,C3,1640.0559832536258,-152.8741379480814,58.31143396417306
test_00015,test,1,C4,1639.913855489409,64.6928571094177,-28.817517417505517
test_00015,test,1,C5,1449.937931402052,-66.17967901135552,32.75784815556664
test_00015,test,1,C6,1639.9533071958324,178.06004948967646,51.185123385017604
test_00015,test,1,C7,1639.971252342032,-167.80176102338743,88.10089550468996
test_00015,test,2,A2,-681.0902063348697,232.0131564119948,-185.75942110790368
test_00015,test,2,A3,-673.3305208848683,90.42832745500516,-283.55986764456225
test_00015,test,2,A4,-697.5642187248969,-121.69108063161208,-269.7539436698792
test_00015,test,2,A5,-624.4200377494243,52.94906072948026,295.1291577023108
test_00015,test,2,B2,-600.0140973412823,-251.96751808954747,-162.7302892962502
test_00015,test,2,B3,-600.0072403368766,-181.11104891734826,-239.08340393842707
test_00015,test,2,B4,599.9741762305896,-181.13125145693598,-239.1523898085373
test_00015,test,2,B5,600.0117802611273,130.24499710695088,270.2988587985407
test_00015,test,2,B6,-599.9950638137151,192.84447210750042,229.8678690449007
test_00015,test,2,C2,1450.0200503816748,-158.7889863674392,-57.9573482113496
test_00015,test,2,C3,1640.035843229172,-152.88979168766974,58.31730634402214
test_00015,test,2,C4,1639.9560507436854,64.70345634434048,-28.825852282686242
test_00015,test,2,C5,1449.954783365142,-66.2511646031492,32.76138487825561
test_00015,test,2,C6,1640.006933336448,177.973997942894,51.21986969298395
test_00015,test,2,C7,1640.0229081286145,-167.79518058784876,88.06973983323071
test_00015,test,3,A2,-681.1461621423643,232.04542330522648,-185.69047987121303
test_00015,test,3,A3,-673.3371548759261,90.4400132782336,-283.62245155068405
test_00015,test,3,A4,-697.6009227677008,-121.76623006011931,-269.75825948692096
test_00015,test,3,A5,-624.4643196448822,52.95614574045458,295.1204554497609
test_00015,test,3,B2,-599.9862715616634,-251.8954971351798,-162.72510373264075
test_00015,test,3,B3,-599.9979215040865,-181.09040378576523,-239.0979931330472
test_00015,test,3,B4,599.944101559503,-181.04576405202673,-239.1584962427179
test_00015,test,3,B5,600.0187946142805,130.1943992532205,270.2569981380772
test_00015,test,3,B6,-600.0090533371362,192.83195640997891,229.91354124369636
test_00015,test,3,C2,1200.661353570818,-158.07572894738476,-56.0493915589786
test_00015,test,3,C3,1390.664863788962,-152.27343012094983,60.16490120959962
test_00015,test,3,C4,1390.6861396610516,65.34421629668473,-26.947982381228144
test_00015,test,3,C5,1200.7195266939916,-65.5560436609726,34.625863159444215
test_00015,test,3,C6,1390.6998621649295,178.61164636291394,53.057208883863346
test_00015,test,3,C7,1390.6374645131364,-167.23031160910529,89.94881720631571
test_00015,test,4,A2,-681.3685344343771,232.00389283432557,-185.70994813078715
test_00015,test,4,A3,-673.8266945365622,90.49812622632429,-283.6117655897793
test_00015,test,4,A4,-698.1123374923615,-121.74886528155999,-269.7114634668928
test_00015,test,4,A5,-624.4772504720858,52.96226829182825,295.10851983993814
test_00015,test,4,B2,-600.4700322946472,-251.98882844032968,-162.72551589906246
test_00015,test,4,B3,-600.5104130417335,-181.14845884237712,-239.06509341841834
test_00015,test,4,B4,599.4760832643182,-181.48997601638655,-240.06936848912468
test_00015,test,4,B5,599.9921681393856,129.86263756914772,269.2543424829968
test_00015,test,4,B6,-600.0071237193672,192.88566235859344,229.87378284711147
test_00015,test,4,C2,1200.3299540701005,-158.64018088977008,-57.490272108247744
test_00015,test,4,C3,1390.4404372644617,-152.93543076342814,58.593734085397024
test_00015,test,4,C4,1390.4498753184657,64.68974545232004,-28.491704368300656
test_00015,test,4,C5,1200.4313798725632,-66.13754666160342,33.2501142917274
test_00015,test,4,C6,1390.5719605544168,177.9537423893568,51.55745131235437
test_00015,test,4,C7,1390.3854171041987,-167.851154799537,88.44312087147972
test_00016,test,0,A2,-1278.1760363591752,471.00543500642203,118.78652325681315
test_00016,test,0,A3,-1266.2530420791024,324.3921670133369,29.154638696569744
test_00016,test,0,A4,-1284.318576132154,112.77527910826198,55.0999143122747
test_00016,test,0,A5,-1216.3717793630644,321.3330157934454,608.9617409468101
test_00016,test,0,B2,-286.3259627784127,-389.483697342289,-523.8868549324475
test_00016,test,0,B3,-293.37287354095855,-318.8289289914771,-600.0661665580102
test_00016,test,0,B4,897.7564161269995,-174.97391229221,-576.7049848771662
test_00016,test,0,B5,850.7413573510204,131.7661446183315,-66.74702856202465
test_00016,test,0,B6,-347.1640803473797,50.32916531888984,-130.37667678895178
test_00016,test,0,C2,1232.7080894154055,-349.7470954135981,193.11990681465278
test_00016,test,0,C3,1422.5844332154386,-343.95882287136817,309.613683429396
test_00016,test,0,C4,1422.700210105251,-126.31887387746127,222.38901935756851
test_00016,test,0,C5,1232.5819326683572,-257.2189411072916,283.7770201271173
test_00016,test,0,C6,1422.699409070991,-13.065496671735438,302.48941716909343
test_00016,test,0,C7,1422.5306330544784,-358.86471310053855,339.31577424471834
test_00016,test,1,A2,-931.0225940784936,232.0783510426599,-185.88342203999088
test_00016,test,1,A3,-923.2989164754011,90.4563149967134,-283.73982675397303
test_00016,test,1,A4,-947.4902232663765,-121.65725723428349,-269.86089820527184
test_00016,test,1,A5,-874.4851948170218,53.016637641626865,294.9688165893253
test_00016,test,1,B2,-599.9915167274336,-252.07801049665832,-162.786272457914
test_00016,test,1,B3,-600.0070250930717,-181.1065916390394,-239.13358222257
test_00016,test,1,B4,599.9873869035304,-181.14217009963576,-239.11389559733428
test_00016,test,1,B5,599.9834731372074,130.20420448246804,270.2583386603017
test_00016,test,1,B6,-599.9981658498773,192.86113619091026,229.77943435760224
test_00016,test,1,C2,1449.9478916185444,-158.62856461121996,-58.0039971088201
test_00016,test,1,C3,1639.990209132855,-152.8700732101017,58.34107985898058
test_00016,test,1,C4,1639.9552241488038,64.72966969463839,-28.681030382805098
test_00016,test,1,C5,1449.9803592517007,-66.20734780795681,32.79175391696891
test_00016,test,1,C6,1639.997152682888,177.96274890312165,51.33761457151232
test_00016,test,1,C7,1639.9773935349556,-167.79363631012967,88.14690120028256
test_00016,test,2,A2,-681.0919647477702,231.9675463068927,-185.8141352561537
test_00016,test,2,A3,-673.2929712822911,90.387537593831,-283.6257209819715
test_00016,test,2,A4,-697.501367534429,-121.68736690726084,-269.79910438920155
test_00016,test,2,A5,-624.525772932066,52.95669414443798,295.11238950042423
test_00016,test,2,B2,-600.031755832636,-252.02586431469254,-162.75304229498823
test_00016,test,2,B3,-600.0074298559275,-181.17167733616,-239.06566530676406
test_00016,test,2,B4,599.9813461745674,-181.10559027763566,-239.1797880751418
test_00016,test,2,B5,599.980318217488,130.22056913838503,270.2849670152163
test_00016,test,2,B6,-600.034955587541,192.83798384120405,229.81118383563333
test_00016,test,2,C2,1449.9668564427957,-158.64568940195574,-57.916691473689326
test_00016,test,2,C3,1639.9738825777915,-152.82197288160495,58.360281473208886
test_00016,test,2,C4,1640.0083338189913,64.75309339021439,-28.72214596764977
test_00016,test,2,C5,1449.9939037437202,-66.1398788180232,32.83108223635002
test_00016,test,2,C6,1639.9958235762092,178.03105678443376,51.34240998690908
test_00016,test,2,C7,1640.0372973080302,-167.8344325414043,88.14257035083794
test_00016,test,3,A2,-681.0848389456564,231.97024734767552,-185.79447878143083
test_00016,test,3,A3,-673.3209414506493,90.40372334747792,-283.65938701219346
test_00016,test,3,A4,-697.5973241985736,-121.70324826689651,-269.779745289697
test_00016,test,3,A5,-624.5389215715089,52.98154935487604,295.1327970867427
test_00016,test,3,B2,-599.9942196448873,-251.97025220773796,-162.74948861401742
test_00016,test,3,B3,-600.0086456161943,-181.13587823530767,-239.06393687842856
test_00016,test,3,B4,599.9935763657281,-181.04414439320834,-239.15404444282433
test_00016,test,3,B5,599.9724065937382,130.2328191886853,270.32649297849656
test_00016,test,3,B6,-600.0745816527711,192.83122073484847,229.84812221677055
test_00016,test,3,C2,1199.959424414806,-158.6920884641517,-57.88572526854657
test_00016,test,3,C3,1389.973545504165,-152.79615542009765,58.41192803786744
test_00016,test,3,C4,1389.9891991676777,64.73106945207319,-28.702263502825467
test_00016,test,3,C5,1200.0301617867817,-66.1555376210406,32.791462619630906
test_00016,test,3,C6,1389.9567680776431,178.01945188708714,51.32535209883925
test_00016,test,3,C7,1390.0389451520468,-167.73480456436877,88.12632088533874
test_00016,test,4,A2,-681.061845922105,232.0204426784689,-185.8853779938167
test_00016,test,4,A3,-673.2796262718933,90.3635142197097,-283.6876176650054
test_00016,test,4,A4,-697.5871974354253,-121.77448959845341,-269.8010275564291
test_00016,test,4,A5,-624.5116563408143,53.05548149135829,294.95290460099807
test_00016,test,4,B2,-600.0125050581275,-252.06940374507693,-162.76220173624625
test_00016,test,4,B3,-599.9929701234823,-181.1243474378655,-239.17667507685962
test_00016,test,4,B4,600.0173653700693,-181.16107888959266,-239.06936362873554
test_00016,test,4,B5,599.9410606939405,130.20077364232944,270.30307684655105
test_00016,test,4,B6,-600.048656259275,192.8308285184748,229.71618778978936
test_00016,test,4,C2,1200.0021498102162,-158.74257630233484,-57.8428305402134
test_00016,test,4,C3,1389.9598296458526,-152.9036638840851,58.51325556698772
test_00016,test,4,C4,1390.0413294790758,64.71553770540652,-28.664676560334097
test_00016,test,4,C5,1199.9711102024553,-66.21399196604894,32.8597266393532
test_00016,test,4,C6,1389.9285793289882,178.00443940687515,51.35519433279872
test_00016,test,4,C7,1389.9481276396386,-167.8328884888864,88.24227074866984
test_00017,test,0,A2,-937.6520551223426,-5.207362438002752,-171.9580500724463
test_00017,test,0,A3,-937.2626410783469,-167.31650162622088,-230.13205425584314
test_00017,test,0,A4,-1000.5676135674918,-363.6049844775251,-173.09757980601145
test_00017,test,0,A5,-1001.6092738858391,-56.94895844778329,337.6352533815737
test_00017,test,0,B2,-915.5839678307296,-294.5154322429481,-495.2589904636825
test_00017,test,0,B3,-907.4215555868266,-215.9554756087923,-563.1174337433116
test_00017,test,0,B4,287.7745257970829,-253.14867563882655,-462.08440831401595
test_00017,test,0,B5,250.1461883505865,1.408327733411296,76.48798276796069
test_00017,test,0,B6,-940.1021045169703,105.27521384659194,-57.65332423034673
test_00017,test,0,C2,1741.1278269827806,-389.02960755977534,102.52763681447095
test_00017,test,0,C3,1928.5695793978027,-382.34159005611,222.7794323598187
test_00017,test,0,C4,1930.3917848135245,-165.3277939924065,134.2417693398108
test_00017,test,0,C5,1739.0974999160126,-295.98905495104174,192.59449080950364
test_00017,test,0,C6,1928.572581560321,-51.54276600020595,213.54234775270083
test_00017,test,0,C7,1927.9645727773573,-397.1906837346308,252.68059304572031
test_00017,test,1,A2,-931.08282625405,232.03844373923022,-185.82048607893117
test_00017,test,1,A3,-923.33426934161,90.40792795040942,-283.69511976479527
test_00017,test,1,A4,-947.5481171721121,-121.75821941661246,-269.85191150215906
test_00017,test,1,A5,-874.467743516558,52.96827039403127,295.014129240409
test_00017,test,1,B2,-599.9678560083311,-251.99535648936484,-162.76438650974424
test_00017,test,1,B3,-600.0164809082778,-181.13151044706325,-239.17068906419712
test_00017,test,1,B4,599.9707473541831,-181.17408290347242,-239.1625209130877
test_00017,test,1,B5,599.9494595967999,130.15883285230734,270.2166083058574
test_00017,test,1,B6,-600.0605247886311,192.87848107918455,229.74889384558838
test_00017,test,1,C2,1449.9256192581227,-158.61487991846928,-57.810325090520465
test_00017,test,1,C3,1639.9702808269633,-152.81708392419398,58.44716856446414
test_00017,test,1,C4,1640.0139820037061,64.77690946775057,-28.6891932001639
test_00017,test,1,C5,1449.9645844362592,-66.12549158608566,32.92709546408693
test_00017,test,1,C6,1639.9849047811801,178.0503717202473,51.40080820346281
test_00017,test,1,C7,1639.9523183879962,-167.72351787890852,88.25217354660765
test_00017,test,2,A2,-681.1128931296425,232.01046829855264,-185.90523363814262
test_00017,test,2,A3,-673.2528620646227,90.43195846681361,-283.69095811490524
test_00017,test,2,A4,-697.5418204151118,-121.70558952658536,-269.9349041933113
test_00017,test,2,A5,-624.516094669503,53.06399833909206,294.99824849730595
test_00017,test,2,B2,-600.0152238150582,-252.02861632838793,-162.80001789629378
test_00017,test,2,B3,-600.0244294471239,-181.1615226718569,-239.13582949865884
test_00017,test,2,B4,599.979003638131,-181.10072260510728,-239.1594439365964
test_00017,test,2,B5,599.9417929010152,130.31677413631053,270.29555846030615
test_00017,test,2,B6,-600.0258112025833,192.86422604968294,229.81225599453887
test_00017,test,2,C2,1450.0405218153016,-158.64319817454205,-57.74361182590617
test_00017,test,2,C3,1640.0247515470703,-152.80282495676394,58.417529407476344
test_00017,test,2,C4,1640.0005813420514,64.74032534417961,-28.677109765774855
test_00017,test,2,C5,1449.9923051584174,-66.16620714180343,32.937372629778906
test_00017,test,2,C6,1640.011857862407,178.08107033147868,51.36574445537802
test_00017,test,2,C7,1640.010917902457,-167.802528488449,88.25357777953742
test_00017,test,3,A2,-681.1175253574968,232.05551976222736,-185.85589707286238
test_00017,test,3,A3,-673.2670560589206,90.4635015840046,-283.74996638973704
test_00017,test,3,A4,-697.5069026960127,-121.72968215305733,-269.885142255171
test_00017,test,3,A5,-624.5037836804473,53.07728927760129,295.0303304929432
test_00017,test,3,B2,-600.0286484660032,-252.01284076361142,-162.726181304122
test_00017,test,3,B3,-600.0277144406072,-181.14968969524668,-239.15114922936286
test_00017,test,3,B4,599.9846397613662,-181.10981920063483,-239.09231215976203
test_00017,test,3,B5,599.9317123893065,130.2523364865104,270.28822289033064
test_00017,test,3,B6,-600.1035575680181,192.83619569436343,229.77289467482677
test_00017,test,3,C2,1199.945687575371,-158.55953004688993,-57.83102902148736
test_00017,test,3,C3,1390.0076212516133,-152.75834668839516,58.46397811781033
test_00017,test,3,C4,1389.9653369178418,64.81964782497322,-28.65864536372336
test_00017,test,3,C5,1199.927846943861,-66.09568433149519,32.92214037024179
test_00017,test,3,C6,1389.933033445878,178.16750779342732,51.412711573007485
test_00017,test,3,C7,1389.9374626663891,-167.68232637933613,88.27174484249353
test_00017,test,4,A2,-681.0435872531957,232.040932647968,-185.84505589736415
test_00017,test,4,A3,-673.2518337126214,90.40434023807131,-283.66782967169416
test_00017,test,4,A4,-697.5282100372069,-121.68238709240161,-269.8175589176173
test_00017,test,4,A5,-624.3695150391627,52.98401351473471,295.01388137469263
test_00017,test,4,B2,-600.0624375386623,-252.07015548628226,-162.7597543881896
test_00017,test,4,B3,-600.0401480192095,-181.15364885050602,-239.17773107412964
test_00017,test,4,B4,599.9985917055766,-181.22893768046586,-239.19918824737994
test_00017,test,4,B5,599.9674104946738,130.0746486271711,270.2453383735567
test_00017,test,4,B6,-600.039121286649,192.75617090457837,229.816823993012
test_00017,test,4,C2,1199.9998408630431,-158.73498254955703,-57.8740976540811
test_00017,test,4,C3,1390.0327225612723,-152.90726788084967,58.45336717413101
test_00017,test,4,C4,1390.0190305222263,64.6599367946426,-28.641249422808514
test_00017,test,4,C5,1200.0056876546535,-66.22569533837937,32.85434956735606
test_00017,test,4,C6,1390.0323308870284,177.9616151686727,51.4018517281115
test_00017,test,4,C7,1389.9864761867432,-167.86063953859852,88.19938400384831
test_00018,test,0,A2,-1276.3653798399937,413.2530334702518,-393.589634461651
test_00018,test,0,A3,-1264.4735513836804,277.9731172348384,-499.51312918565066
test_00018,test,0,A4,-1286.1340817033617,65.02176477411183,-498.96050144628254
test_00018,test,0,A5,-1228.1589587375438,206.3218581678069,76.86056781262855
test_00018,test,0,B2,-653.2672511007263,-241.89502783849585,305.06310978819744
test_00018,test,0,B3,-666.8182102129813,-169.9307928007016,230.88149396821657
test_00018,test,0,B4,506.3890922585573,-207.18824797507207,-18.642078070681972
test_00018,test,0,B5,622.4850777668314,96.43360151984692,482.19094969911373
test_00018,test,0,B6,-556.8879574513313,196.90423365274586,692.5976585912998
test_00018,test,0,C2,1374.7257255893717,68.25344423321896,-91.74616006621432
test_00018,test,0,C3,1565.122449413425,94.33883659510789,20.999936554237625
test_00018,test,0,C4,1545.768631316572,307.62065157737595,-74.20474521545982
test_00018,test,0,C5,1368.2073150794465,163.92579099065784,-4.625127790144283
test_00018,test,0,C6,1537.4014161125358,423.5127875375036,1.4729824510385074
test_00018,test,0,C7,1566.7776481388769,80.64696773533474,51.27287362145979
test_00018,test,1,A2,-931.0281590167835,232.05893805061763,-185.85099152000825
test_00018,test,1,A3,-923.3085194659558,90.47680943541172,-283.7327549036877
test_00018,test,1,A4,-947.5828875755997,-121.69371724158586,-269.74403474064076
test_00018,test,1,A5,-874.5049258222595,52.983706937086154,295.0492250322567
test_00018,test,1,B2,-599.9895589671315,-251.9854302117399,-162.67727121356938
test_00018,test,1,B3,-599.9896016457926,-181.10386523917438,-239.11425673801355
test_00018,test,1,B4,599.9848510230593,-181.12420275876943,-239.16269428970224
test_00018,test,1,B5,599.9660793682314,130.1905858406167,270.3132532553745
test_00018,test,1,B6,-600.0228433328227,192.90540372324182,229.8635531460201
test_00018,test,1,C2,1449.9725639864662,-157.17241357759366,-59.21141554419329
test_00018,test,1,C3,1639.9505177035505,-151.40068242278218,57.02494403863022
test_00018,test,1,C4,1640.0115601999582,66.22425883176501,-29.97792239706153
test_00018,test,1,C5,1449.9556895248968,-64.76436639940843,31.531604537973035
test_00018,test,1,C6,1640.0208786150079,179.50623219880785,50.070671185302004
test_00018,test,1,C7,1640.0052183904518,-166.38765217851756,86.87029757538156
test_00018,test,2,A2,-681.1849687290501,232.05766482330824,-185.67151021107367
test_00018,test,2,A3,-673.3651817438872,90.47163284589206,-283.57842609020054
test_00018,test,2,A4,-697.5764002340932,-121.68375707192344,-269.67608705360607
test_00018,test,2,A5,-624.4871929853408,53.006552956464965,295.1676013687796
test_00018,test,2,B2,-600.0462684567916,-251.97480961302443,-162.68978981275055
test_00018,test,2,B3,-600.0192825991744,-181.12209595500426,-239.08758625525599
test_00018,test,2,B4,599.9718939423079,-181.10706170208113,-239.11531984171927
test_00018,test,2,B5,600.033030759825,130.2115984550788,270.3259376426983
test_00018,test,2,B6,-599.9708706913755,192.88424491871604,229.85178457654723
test_00018,test,2,C2,1449.9223957591375,-157.1672501078287,-59.17121473442422
test_00018,test,2,C3,1639.9634639109822,-151.37320842886044,57.059509003301656
test_00018,test,2,C4,1640.0133616460757,66.23490274528315,-30.06540252363013
test_00018,test,2,C5,1450.0159529769273,-64.73785057456371,31.571801904291654
test_00018,test,2,C6,1639.9862039100253,179.53941856530847,49.98179047437639
test_00018,test,2,C7,1639.999322890202,-166.33019197647428,86.84927380089533
test_00018,test,3,A2,-681.1311122143783,232.00999282880306,-185.69595075689912
test_00018,test,3,A3,-673.382566082541,90.46247904322854,-283.56862719967705
test_00018,test,3,A4,-697.5981699357555,-121.68677907972742,-269.6341069722319
test_00018,test,3,A5,-624.4839057869605,53.058551515661634,295.13857223647267
test_00018,test,3,B2,-599.9849823340128,-251.95781760066313,-162.71510215428606
test_00018,test,3,B3,-600.0298626138344,-181.12842387457243,-239.0886798120953
test_00018,test,3,B4,600.0253033368824,-181.1549393546744,-239.08457864165072
test_00018,test,3,B5,599.9901685207909,130.1719349642569,270.2765118953858
test_00018,test,3,B6,-599.9983370696276,192.87024770736693,229.87720802615664
test_00018,test,3,C2,1200.013118929403,-158.68086002476852,-57.90993629410682
test_00018,test,3,C3,1390.010861847568,-152.94424123378857,58.43486834261955
test_00018,test,3,C4,1389.9781458648893,64.59745399856011,-28.676986325248354
test_00018,test,3,C5,1200.0147125861477,-66.21171956228481,32.854540987151246
test_00018,test,3,C6,1389.993430359758,177.939826583011,51.35754239573601
test_00018,test,3,C7,1389.9779191205093,-167.8289990957414,88.16583494024361
test_00018,test,4,A2,-681.1431874030031,232.00998533664182,-185.81250024388615
test_00018,test,4,A3,-673.336737438892,90.389645101078,-283.6740297713405
test_00018,test,4,A4,-697.6134982006186,-121.76584284359376,-269.76061194377235
test_00018,test,4,A5,-624.4033663451942,52.9702855850351,295.07721436168686
test_00018,test,4,B2,-600.0185180599626,-252.06745463096942,-162.78605045233545
test_00018,test,4,B3,-600.0048747403584,-181.21463933380826,-239.1705126501337
test_00018,test,4,B4,600.0077549424802,-181.1486604079318,-239.17259435077193
test_00018,test,4,B5,600.0014309328255,130.20492340686812,270.30882313056105
test_00018,test,4,B6,-599.9652850893801,192.7700451189089,229.77106404788975
test_00018,test,4,C2,1200.018161655067,-158.73972866867072,-57.96542105651851
test_00018,test,4,C3,1389.9884528550042,-152.898327363378,58.31148415955096
test_00018,test,4,C4,1390.072006655708,64.63959369323726,-28.719691999952065
test_00018,test,4,C5,1199.9991749754918,-66.21284283007239,32.78802016806297
test_00018,test,4,C6,1390.0292320192953,177.9132337106914,51.311282453996064
test_00018,test,4,C7,1389.9842960120293,-167.7927540650025,88.17591535405931
test_00019,test,0,A2,-1193.6993963980888,277.1759762526039,-255.41694518595847
test_00019,test,0,A3,-1188.3883948924392,134.43945399451442,-351.6971382935757
test_00019,test,0,A4,-1214.6828806800938,-77.2537571942841,-335.14505898658365
test_00019,test,0,A5,-1134.2600252317736,103.0442922098868,226.9346551486931
test_00019,test,0,B2,-578.8825873608405,-478.31688296943116,154.43566686583563
test_00019,test,0,B3,-591.4532242457143,-394.8875150611714,93.32156667944271
test_00019,test,0,B4,585.979390371042,-385.99822155680033,-138.09196533241317
test_00019,test,0,B5,691.8843684311717,-171.74353742084898,408.8900645287821
test_00019,test,0,B6,-491.60665946561215,-111.61054224743526,612.5038804075507
test_00019,test,0,C2,1385.7766002919134,57.44371629615998,-136.8418148263183
test_00019,test,0,C3,1598.117729167576,83.97014439547863,-74.7090489619936
test_00019,test,0,C4,1559.1207214027017,293.0042332508201,-173.12124308850326
test_00019,test,0,C5,1401.7471022055258,157.095505845958,-55.587745758243294
test_00019,test,0,C6,1570.74389444286,412.5596512661432,-103.48973317334277
test_00019,test,0,C7,1606.8830769109754,71.57720191868862,-45.05722125214785
test_00019,test,1,A2,-931.1417314707487,232.0183401435906,-185.8575355033077
test_00019,test,1,A3,-923.2741355564383,90.41781497821741,-283.7662984054321
test_00019,test,1,A4,-947.4999992287945,-121.75148389214968,-269.8404773909794
test_00019,test,1,A5,-874.5288966520986,52.99413502464864,294.9912990867769
test_00019,test,1,B2,-600.0169483492983,-251.89796298676208,-162.8051705827123
test_00019,test,1,B3,-599.9788030568811,-181.1658538898312,-239.1857379068619
test_00019,test,1,B4,599.9814561405759,-181.20951840856586,-239.19535074410962
test_00019,test,1,B5,600.0272180138559,130.1176721778612,270.27488169273374
test_00019,test,1,B6,-599.9639591585769,192.8279354507619,229.83171053605562
test_00019,test,1,C2,1449.9976500199384,-158.72570469947175,-57.80844657305667
test_00019,test,1,C3,1640.0558080847234,-152.8896045064425,58.513788508599625
test_00019,test,1,C4,1640.0440481642947,64.72907338193475,-28.67300139672108
test_00019,test,1,C5,1449.995083799328,-66.2251926584991,32.866641740168234
test_00019,test,1,C6,1640.0367917135027,177.9176873010847,51.307152392820996
test_00019,test,1,C7,1639.9633864841855,-167.8285148711484,88.26886556305743
test_00019,test,2,A2,-679.7920477681647,232.8431818324642,-187.12978540583873
test_00019,test,2,A3,-671.960301247707,91.31089766363586,-284.9905272371755
test_00019,test,2,A4,-696.260536213882,-120.87776082258836,-271.1215134885099
test_00019,test,2,A5,-623.149225588373,53.8084914960034,293.7087843520156
test_00019,test,2,B2,-599.9817104420046,-251.96258598514498,-162.83652055148391
test_00019,test,2,B3,-600.0053066577639,-181.12882744169465,-239.1939842969226
test_00019,test,2,B4,599.9608696337125,-181.15797723468745,-239.1628932552337
test_00019,test,2,B5,600.0130763217634,130.10202080638518,270.2886006244089
test_00019,test,2,B6,-600.0220748548711,192.88373396310107,229.70758851213054
test_00019,test,2,C2,1449.9999172458733,-158.6633277226902,-57.81720751669254
test_00019,test,2,C3,1640.0385215723213,-152.93849368999338,58.48567931976083
test_00019,test,2,C4,1639.9876062861417,64.6854566749269,-28.662574468233043
test_00019,test,2,C5,1450.024718761248,-66.21264802864953,32.8767753960877
test_00019,test,2,C6,1640.0359231535801,177.93453534406683,51.34131396035256
test_00019,test,2,C7,1640.0173365782557,-167.83711578218936,88.33901643904652
test_00019,test,3,A2,-679.7741688313108,232.95579186376466,-187.1399139314221
test_00019,test,3,A3,-671.9009872029524,91.31830891861252,-284.9778900989096
test_00019,test,3,A4,-696.286328363145,-120.8262483014246,-271.0894727420759
test_00019,test,3,A5,-623.1666012679383,53.81468019972991,293.70100069576887
test_00019,test,3,B2,-600.0061248692964,-251.9710053294758,-162.8110096029771
test_00019,test,3,B3,-600.0018047433083,-181.12246622774538,-239.19103054015082
test_00019,test,3,B4,600.014395612122,-181.14724397951306,-239.26039334596734
test_00019,test,3,B5,600.0146008835283,130.11899024388688,270.27683122575627
test_00019,test,3,B6,-600.0102265377005,192.92841384199357,229.77311344848138
test_00019,test,3,C2,1199.9544748085207,-158.8236502884777,-57.86848640176118
test_00019,test,3,C3,1389.9232841077499,-153.08801206867005,58.457916812101324
test_00019,test,3,C4,1389.947551259235,64.53376778861242,-28.589356866768536
test_00019,test,3,C5,1199.947947186245,-66.30263728945383,32.91183134760596
test_00019,test,3,C6,1389.9459155539685,177.884749104635,51.43880133525368
test_00019,test,3,C7,1389.9266853710544,-168.01423296808943,88.25604139751688
test_00019,test,4,A2,-680.1997893519342,232.29730500139385,-186.2791658000775
test_00019,test,4,A3,-672.4489018014256,90.82601204872172,-284.1739193543022
test_00019,test,4,A4,-696.6760060573677,-121.33630066111662,-270.30470547896425
test_00019,test,4,A5,-623.391235542445,53.19624022698514,294.5153614963498
test_00019,test,4,B2,-600.3484322748563,-252.43878775800093,-162.08547901700297
test_00019,test,4,B3,-600.3918275629953,-181.5805467933404,-238.5144058569136
test_00019,test,4,B4,599.5945140662086,-181.26170560987225,-238.97952072176844
test_00019,test,4,B5,599.6973089728449,129.9118223849199,270.51278152314666
test_00019,test,4,B6,-600.3204840045908,192.23862343129628,230.60396887700247
test_00019,test,4,C2,1199.6552670895471,-158.71639766539153,-57.88458675766946
test_00019,test,4,C3,1389.7085336444914,-152.93672999237594,58.29424040315274
test_00019,test,4,C4,1389.5809076620992,64.73203048078086,-28.720281721331368
test_00019,test,4,C5,1199.6742750741842,-66.30210786993767,32.85661614678323
test_00019,test,4,C6,1389.600121289328,177.9826381264253,51.386686810808904
test_00019,test,4,C7,1389.7207183716703,-167.88220728386347,88.09050586044073
test_00020,test,0,A2,-668.7559740125454,503.8349955827774,-161.77623103072588
test_00020,test,0,A3,-654.0168913699737,346.31465525465563,-229.95900296989748
test_00020,test,0,A4,-706.8352635594147,142.91275533602573,-189.45062432333484
test_00020,test,0,A5,-757.3946351963733,413.74965989246715,338.7618701077293
test_00020,test,0,B2,-339.3925715254342,-432.02082581051377,-87.05823197209307
test_00020,test,0,B3,-341.39035670953047,-351.7490123839882,-153.3291681821611
test_00020,test,0,B4,850.9891216100383,-249.38198707087415,-64.7589964334978
test_00020,test,0,B5,790.0629472407522,-11.308897971629472,479.3628926232903
test_00020,test,0,B6,-405.62791778190467,-46.35082951537424,358.8750533268323
test_00020,test,0,C2,1664.3450695761792,33.014636464489634,165.54176304452585
test_00020,test,0,C3,1857.9309514499162,29.574495748525845,275.8788770060792
test_00020,test,0,C4,1873.0334273148164,240.91429347112478,175.66774236255245
test_00020,test,0,C5,1674.9358747505676,130.41059471369582,250.3503894745868
test_00020,test,0,C6,1884.970191122271,358.3570363701355,248.6226947724177
test_00020,test,0,C7,1857.6673422261476,16.535502293235687,306.4982201808965
test_00020,test,1,A2,-931.0471318848972,231.9859789802427,-185.74878799038436
test_00020,test,1,A3,-923.3554247807305,90.43898151551632,-283.64777104699226
test_00020,test,1,A4,-947.5615036986421,-121.72452761049925,-269.7925682609616
test_00020,test,1,A5,-874.5393959080881,52.92717167274188,295.0338754895032
test_00020,test,1,B2,-600.0393832647435,-252.01802033067236,-162.81176836519418
test_00020,test,1,B3,-600.0238475447852,-181.12171114321492,-239.2081710682715
test_00020,test,1,B4,600.0109299833223,-181.0969051692339,-239.14261630649796
test_00020,test,1,B5,600.0232824637596,130.06476140601646,270.2872750052081
test_00020,test,1,B6,-600.0027083437349,192.8593278317106,229.8442915752458
test_00020,test,1,C2,1449.953431073244,-158.6792160343972,-57.889140332229395
test_00020,test,1,C3,1639.931305778363,-152.8688551879135,58.352704227861366
test_00020,test,1,C4,1639.9825336039778,64.67019166995001,-28.756459946037694
test_00020,test,1,C5,1449.927316804642,-66.17465691312981,32.90675208128193
test_00020,test,1,C6,1640.0396884850277,177.97291395126783,51.27979242169032
test_00020,test,1,C7,1639.9360573788088,-167.80524843039004,88.0943917879158
test_00020,test,2,A2,-681.010177242323,232.092010165544,-185.81107106571622
test_00020,test,2,A3,-673.2830445523501,90.5400395336495,-283.7219388696969
test_00020,test,2,A4,-697.542510553125,-121.66722113694401,-269.852297717772
test_00020,test,2,A5,-624.4370748275492,52.955676094349144,295.0066480670318
test_00020,test,2,B2,-599.9624401105682,-251.98522409452485,-162.7852672285883
test_00020,test,2,B3,-599.9925982841703,-181.07506189086263,-239.1631476772876
test_00020,test,2,B4,599.9893257244111,-181.11069088480244,-239.12144143954225
test_00020,test,2,B5,600.0107843311876,130.0932220396155,270.2942812869095
test_00020,test,2,B6,-599.9868533763488,192.8499506353296,229.77127282712385
test_00020,test,2,C2,1449.871226980103,-158.63013448713804,-57.93006425311968
test_00020,test,2,C3,1640.012291447392,-152.89167016819482,58.3014783834414
test_00020,test,2,C4,1639.938588058107,64.79961861102619,-28.716608880069057
test_00020,test,2,C5,1450.008752827912,-66.16351026316516,32.841972386335655
test_00020,test,2,C6,1640.0257548879338,178.05319523765368,51.254210630721204
test_00020,test,2,C7,1639.9798929884141,-167.82793359892634,88.10271215629096
test_00020,test,3,A2,-681.1106501725566,232.0624659801216,-185.8139088665643
test_00020,test,3,A3,-673.3032138983574,90.58240262213434,-283.671527952415
test_00020,test,3,A4,-697.5553026426429,-121.69698912403719,-269.84040080357715
test_00020,test,3,A5,-624.5077022403545,53.028927454986096,295.1101698695856
test_00020,test,3,B2,-600.0264409991371,-251.94420506584612,-162.83272707936422
test_00020,test,3,B3,-600.0059308361807,-181.09734163075896,-239.0969267632188
test_00020,test,3,B4,600.0308004902669,-181.1610260701525,-239.14525533238893
test_00020,test,3,B5,600.0089930470682,130.1194905362656,270.3293318768931
test_00020,test,3,B6,-599.9765777508001,192.86625771171268,229.8091136933116
test_00020,test,3,C2,1200.0040085839719,-158.83641256757983,-57.79909622727874
test_00020,test,3,C3,1390.0122691053955,-152.99284228622716,58.59077583935962
test_00020,test,3,C4,1390.096742393731,64.5497923786653,-28.560023958560603
test_00020,test,3,C5,1200.047725742799,-66.31824274613308,32.86955425923722
test_00020,test,3,C6,1389.9560074720623,177.87493019776548,51.4569444249005
test_00020,test,3,C7,1389.9764776204743,-167.89718899425557,88.35485378603751
test_00020,test,4,A2,-681.0916625417755,232.0076112492601,-185.86855536110403
test_00020,test,4,A3,-673.2988685084939,90.47188034856335,-283.70158101511817
test_00020,test,4,A4,-697.5349665085839,-121.69336762637032,-269.8290046195865
test_00020,test,4,A5,-624.4813415449511,52.94623185311717,295.0342116428497
test_00020,test,4,B2,-600.039174790078,-252.02090307792764,-162.7917425830943
test_00020,test,4,B3,-600.0301118034386,-181.18129712568629,-239.14493279282783
test_00020,test,4,B4,599.9357507679784,-181.18724224050345,-239.1746009216955
test_00020,test,4,B5,600.0281298821909,130.05877379897646,270.3369206424655
test_00020,test,4,B6,-599.9627173310678,192.7682642061848,229.78894829782254
test_00020,test,4,C2,1200.0037460708536,-158.82429106738942,-57.83481995482397
test_00020,test,4,C3,1389.9556410037737,-153.00459674859673,58.551622290842445
test_00020,test,4,C4,1390.006235078787,64.61233560977301,-28.6696777938036
test_00020,test,4,C5,1199.9830382325088,-66.30942342493591,32.88051389520981
test_00020,test,4,C6,1389.9336991172465,177.9768911791126,51.41532056132396
test_00020,test,4,C7,1389.9850180479734,-167.87136642309272,88.33433619791396
test_00021,test,0,A2,-1246.7634193969943,-62.72911024570277,-144.8757712227975
test_00021,test,0,A3,-1271.1147200531288,-226.31707647269903,-193.00730187784498
test_00021,test,0,A4,-1316.5244682599787,-418.18606398434645,-109.865814341114
test_00021,test,0,A5,-1133.2380589705106,-97.54154695309127,357.47629832655974
test_00021,test,0,B2,-829.574602183431,-476.0436061468155,-209.98049466145608
test_00021,test,0,B3,-827.8197410115517,-411.5143637267982,-291.7553999849045
test_00021,test,0,B4,365.7308357365084,-328.19084844670397,-199.83960404509966
test_00021,test,0,B5,304.3672058343756,21.264077968347387,280.1964088399983
test_00021,test,0,B6,-889.7882342465691,-2.9069086543498024,142.93000860610567
test_00021,test,0,C2,1557.2169887060388,-213.95744330742934,46.488662542967305
test_00021,test,0,C3,1696.4955233296403,-227.60938417042576,219.7990198511865
test_00021,test,0,C4,1696.8478964950693,4.391356541341369,186.6786726379354
test_00021,test,0,C5,1515.7419283642878,-146.59979382562474,149.13518001784618
test_00021,test,0,C6,1656.165797967346,94.52996036496786,283.9950873331202
test_00021,test,0,C7,1688.7740798219074,-249.38514960524057,243.84180150631468
test_00021,test,1,A2,-931.1078532408196,231.94976085932828,-185.7970120059673
test_00021,test,1,A3,-923.3306582686685,90.37758853393667,-283.63672982447866
test_00021,test,1,A4,-947.5664243941387,-121.79819040828833,-269.77235337044743
test_00021,test,1,A5,-874.5480031062826,52.87177383019774,295.0581089745478
test_00021,test,1,B2,-599.9847060651041,-252.07375546260283,-162.7542527986235
test_00021,test,1,B3,-600.0047831810462,-181.18801186119214,-239.16463117308777
test_00021,test,1,B4,600.0654847574452,-181.03485881202906,-239.12975070535023
test_00021,test,1,B5,599.9485539820788,130.22572404002176,270.3022523110662
test_00021,test,1,B6,-600.0487729076816,192.77991655212125,229.7775220017237
test_00021,test,1,C2,1450.0639608209506,-158.68479961676158,-57.911145478100266
test_00021,test,1,C3,1640.0548162816497,-152.97974819332316,58.39153755550188
test_00021,test,1,C4,1640.076347088868,64.69905251003256,-28.74462062837331
test_00021,test,1,C5,1450.036303120178,-66.17003953755753,32.84459348144878
test_00021,test,1,C6,1640.0393913863616,177.97216772927428,51.33146003370718
test_00021,test,1,C7,1640.0972965651442,-167.82505628651327,88.14869026110401
test_00021,test,2,A2,-681.1701365822161,232.00179588803442,-185.87211125190365
test_00021,test,2,A3,-673.3172379644865,90.42327159885336,-283.74410339977464
test_00021,test,2,A4,-697.5263144178915,-121.73533192401379,-269.8885980063977
test_00021,test,2,A5,-624.5280594271956,52.942467944961564,294.99219263083114
test_00021,test,2,B2,-600.0300792312433,-252.03695816051922,-162.79023330260446
test_00021,test,2,B3,-599.9803266304626,-181.14711905464983,-239.15876222299994
test_00021,test,2,B4,600.0184049097835,-181.10880762143785,-239.111225302583
test_00021,test,2,B5,599.901631227395,130.23340178812217,270.3226506015641
test_00021,test,2,B6,-599.9804614209405,192.83056651224658,229.7970823244463
test_00021,test,2,C2,1450.0588776450647,-158.73490776623788,-57.87235324943449
test_00021,test,2,C3,1640.0134947594547,-152.92624831284007,58.364412367854165
test_00021,test,2,C4,1640.0149158869547,64.68654928748252,-28.696481346955466
test_00021,test,2,C5,1450.0708296951898,-66.2197210499024,32.80794020758491
test_00021,test,2,C6,1640.016778033736,177.93499153966064,51.353503459166234
test_00021,test,2,C7,1640.0368797181661,-167.87771260658178,88.18208141821337
test_00021,test,3,A2,-681.1527387809936,231.97768011160787,-185.86854251266053
test_00021,test,3,A3,-673.3498924353555,90.48734205040496,-283.7714080797938
test_00021,test,3,A4,-697.5197789104676,-121.73612639626418,-269.87534925954697
test_00021,test,3,A5,-624.513218421255,52.87750230893907,294.93705519009586
test_00021,test,3,B2,-600.0188108298634,-252.05138681850713,-162.7606352203566
test_00021,test,3,B3,-599.9927794568504,-181.16560001690797,-239.14719818276993
test_00021,test,3,B4,600.0508532820435,-181.10231185051597,-239.15749543818094
test_00021,test,3,B5,599.9928818163102,130.21713013144117,270.3641321100174
test_00021,test,3,B6,-600.0451883336885,192.8287077374582,229.77047313206526
test_00021,test,3,C2,1199.9547709201997,-158.55599194999067,-57.69197422312875
test_00021,test,3,C3,1390.0246722822544,-152.65893210717925,58.54653582724533
test_00021,test,3,C4,1389.9206749526297,64.85900551144103,-28.584568885414164
test_00021,test,3,C5,1199.9173147067368,-66.07972442790107,33.043922391148364
test_00021,test,3,C6,1389.9834319309793,178.086725312913,51.45336747451379
test_00021,test,3,C7,1390.0173733706833,-167.6483778855974,88.34984656317816
test_00021,test,4,A2,-680.9936157659918,232.04494346763735,-185.90245530238843
test_00021,test,4,A3,-673.2951721902158,90.50678008012423,-283.72105811572374
test_00021,test,4,A4,-697.5754092508008,-121.6827541686692,-269.8469101942348
test_00021,test,4,A5,-624.4018051369737,53.00156445167837,295.02063379153685
test_00021,test,4,B2,-600.0090299411236,-251.99366092278555,-162.6920422172566
test_00021,test,4,B3,-600.0001564438021,-181.10426096190042,-239.12850635571002
test_00021,test,4,B4,599.9862582006022,-181.2331066977594,-239.16912528214928
test_00021,test,4,B5,600.0770139830148,130.180146412828,270.24510062183344
test_00021,test,4,B6,-599.9442384180561,192.87176893288563,229.84005679435413
test_00021,test,4,C2,1200.0217348636113,-158.68509052817916,-57.774804269074686
test_00021,test,4,C3,1390.0592662367249,-152.92225468523912,58.34830825666483
test_00021,test,4,C4,1390.0475249802791,64.60474089521823,-28.59888718596665
test_00021,test,4,C5,1200.0368840003919,-66.15672305331141,32.87794863285553
test_00021,test,4,C6,1390.1432104131268,177.97345323564457,51.33078949744169
test_00021,test,4,C7,1390.0983548036681,-167.83807985616497,88.1670672148963
test_00022,test,0,A2,-843.2747031407359,489.68741330820967,-464.9844890292909
test_00022,test,0,A3,-814.5505999242572,364.56709629529496,-579.9286259996809
test_00022,test,0,A4,-766.2555014871293,156.37387499878326,-589.207497936204
test_00022,test,0,A5,-619.8029312271417,314.7450727085651,-33.848970479107344
test_00022,test,0,B2,-277.83521328178625,136.95120678226127,-417.4310648059356
test_00022,test,0,B3,-278.1419473807839,228.6329404500336,-466.8028238934236
test_00022,test,0,B4,918.881399496108,272.2050874232594,-394.17251595929605
test_00022,test,0,B5,878.9133111576112,401.42457011901075,187.30223159069163
test_00022,test,0,B6,-319.65435427350917,430.22294369079276,96.66972321926487
test_00022,test,0,C2,1588.3643775940334,-436.2173316914383,9.421259183290701
test_00022,test,0,C3,1787.1837005791049,-415.7689901041302,108.10537076561565
test_00022,test,0,C4,1760.0545905964111,-197.31637105439302,27.64044788558295
test_00022,test,0,C5,1588.6966582816017,-345.86271462040025,102.47724086176267
test_00022,test,0,C6,1757.579698506807,-86.12462897933983,110.51531133684416
test_00022,test,0,C7,1791.2309964272554,-431.1969911635823,137.36033125241119
test_00022,test,1,A2,-931.1403793839395,232.0000168344551,-185.82864386542053
test_00022,test,1,A3,-923.3717633564974,90.39993564675135,-283.67151901698793
test_00022,test,1,A4,-947.5507123993184,-121.75916053025014,-269.79409990352696
test_00022,test,1,A5,-874.4709464711766,53.050990440014345,295.06372510400774
test_00022,test,1,B2,-600.0158443671478,-251.9005469575216,-162.7487500850544
test_00022,test,1,B3,-599.9759407682595,-181.07861508167707,-239.1603893831408
test_00022,test,1,B4,599.9796392873625,-181.03425770692849,-239.1125765039238
test_00022,test,1,B5,599.9817468883025,130.19205320509997,270.2961854965964
test_00022,test,1,B6,-600.009991447061,192.88335567202955,229.79997990942422
test_00022,test,1,C2,1449.990991368088,-158.76892243869818,-57.84173840228821
test_00022,test,1,C3,1639.9885094826352,-152.95038506357372,58.37894487298947
test_00022,test,1,C4,1640.0292684754886,64.62573276415415,-28.726616376919004
test_00022,test,1,C5,1450.0076913289645,-66.2937626695428,32.8530767786881
test_00022,test,1,C6,1639.989171000241,177.8837310400373,51.3528057205236
test_00022,test,1,C7,1639.9937585529271,-167.91722052365319,88.15924204510931
test_00022,test,2,A2,-681.0675888800514,232.01126501038283,-185.77867679231386
test_00022,test,2,A3,-673.2564115375402,90.45194451806104,-283.66132730818856
test_00022,test,2,A4,-697.5453568174494,-121.6167160974863,-269.9263279424401
test_00022,test,2,A5,-624.5453183423311,52.98437216445573,295.012000658898
test_00022,test,2,B2,-599.969824757594,-251.91174439574812,-162.78896291876123
test_00022,test,2,B3,-600.0317665563165,-181.0896745794088,-239.14016175544322
test_00022,test,2,B4,600.020599890505,-181.06931363227767,-239.15379565535332
test_00022,test,2,B5,599.9242469551773,130.23275591073983,270.34499800469604
test_00022,test,2,B6,-600.0195188732805,192.89517011707602,229.85239640845916
test_00022,test,2,C2,1449.9839828919542,-158.75652272990894,-57.852640005759085
test_00022,test,2,C3,1640.0551072748428,-153.0276912810619,58.39860502891586
test_00022,test,2,C4,1640.054148409,64.60867366160923,-28.724100176910717
test_00022,test,2,C5,1450.0181173740032,-66.29153113313588,32.83464760249222
test_00022,test,2,C6,1639.9457999475126,177.90586576029165,51.34930495757916
test_00022,test,2,C7,1639.942861039777,-167.90134465025628,88.20722033369175
test_00022,test,3,A2,-681.1239977259809,231.99737670404014,-185.81714183186517
test_00022,test,3,A3,-673.312919598185,90.48228944800766,-283.71777861721273
test_00022,test,3,A4,-697.5141411862149,-121.71053754941346,-269.8152359540291
test_00022,test,3,A5,-624.4840779658304,52.99461470151005,294.9767989758719
test_00022,test,3,B2,-599.9592061740054,-251.96450186541878,-162.82537670413686
test_00022,test,3,B3,-599.9887800592473,-181.08728170909637,-239.2066384851471
test_00022,test,3,B4,599.9622556248027,-181.0904088280361,-239.13421886645008
test_00022,test,3,B5,599.9357552271273,130.2250570744939,270.2635981952137
test_00022,test,3,B6,-600.0448914619415,192.86937854503677,229.8341385952395
test_00022,test,3,C2,1199.946850867268,-158.64078918073648,-57.84016491878229
test_00022,test,3,C3,1389.9249677468902,-152.8960697938471,58.51939559026493
test_00022,test,3,C4,1389.9025693179653,64.7465630396404,-28.546866098273966
test_00022,test,3,C5,1200.0596546795416,-66.16276869129246,32.95503891597133
test_00022,test,3,C6,1389.935158578056,177.98856894029535,51.46794675632062
test_00022,test,3,C7,1389.937049518563,-167.87540235422597,88.23131244367615
test_00022,test,4,A2,-680.8311499597712,230.4882548597251,-187.23117834716322
test_00022,test,4,A3,-673.0233569478389,88.93816805230934,-285.05553733167113
test_00022,test,4,A4,-697.2630370597725,-123.24033209239677,-271.17380551040293
test_00022,test,4,A5,-624.3039136263509,51.43465505343512,293.6834863107026
test_00022,test,4,B2,-599.7925824710125,-253.57445316707683,-164.094422195441
test_00022,test,4,B3,-599.8151313711024,-182.6382409438739,-240.4359756937217
test_00022,test,4,B4,600.2591945079155,-182.6580626216172,-240.44779851953447
test_00022,test,4,B5,600.2326561099562,128.6790535400758,268.8755331508629
test_00022,test,4,B6,-599.7758806412938,191.36118283346212,228.4771088187551
test_00022,test,4,C2,1200.200674351344,-160.1360145288936,-59.096728521924234
test_00022,test,4,C3,1390.2201687779,-154.4107023545137,57.097455892166664
test_00022,test,4,C4,1390.1884104927872,63.17868841638019,-30.027805677124945
test_00022,test,4,C5,1200.2630923062595,-67.72325987935389,31.574035472947383
test_00022,test,4,C6,1390.28166499978,176.43633042399307,50.01705259126913
test_00022,test,4,C7,1390.2374249521436,-169.32903603646557,86.83648316926089
test_00023,test,0,A2,-886.375493168839,-90.16196370560887,-17.84975408951259
test_00023,test,0,A3,-875.554180195185,-236.76217900655786,-107.75777362875226
test_00023,test,0,A4,-893.7154114786799,-448.41073170784574,-81.78797210491864
test_00023,test,0,A5,-820.3787725820283,-240.28782153988817,471.65883693519805
test_00023,test,0,B2,-716.1624559360258,-287.0243997512328,94.2169763551339
test_00023,test,0,B3,-740.7479384129639,-210.93903651163586,27.315585936833315
test_00023,test,0,B4,424.65943533414764,28.81028251203463,-128.69369467580935
test_00023,test,0,B5,443.58389398890466,286.78763855251816,409.4226313402341
test_00023,test,0,B6,-739.520327216992,111.84625767285051,532.9274468717772
test_00023,test,0,C2,1176.2957290337083,-415.060201171767,-93.3587016776815
test_00023,test,0,C3,1357.2667855154796,-426.3306667732386,36.17005799704055
test_00023,test,0,C4,1379.7226238732,-207.47897975572138,-44.5711489666017
test_00023,test,0,C5,1176.5006698941365,-324.92509318983684,-0.22252256660097766
test_00023,test,0,C6,1382.2608499254395,-96.35689752854407,38.46080227353357
test_00023,test,0,C7,1353.981846627999,-441.86314002386916,65.44799152138806
test_00023,test,1,A2,-931.1587183842298,232.02128467121833,-185.80418987731744
test_00023,test,1,A3,-923.3209401150988,90.43353043732785,-283.62663963052205
test_00023,test,1,A4,-947.6317377274676,-121.82259843157253,-269.7809445991573
test_00023,test,1,A5,-874.5060232885409,52.961277474856075,295.09372814069934
test_00023,test,1,B2,-600.0812102901476,-252.00038758898938,-162.831108146753
test_00023,test,1,B3,-600.0575934898438,-181.19924842022002,-239.0878893338279
test_00023,test,1,B4,599.9799625499667,-181.13557889274998,-239.18377378904643
test_00023,test,1,B5,599.945367504489,130.0537184960731,270.33608002686987
test_00023,test,1,B6,-600.003446542435,192.79578269714614,229.8953332005067
test_00023,test,1,C2,1449.98660106979,-158.6286653308913,-57.92458108200479
test_00023,test,1,C3,1640.0149357965695,-152.83548681840406,58.400697885582915
test_00023,test,1,C4,1640.023741846542,64.77049929944657,-28.647165131252304
test_00023,test,1,C5,1450.046636673653,-66.153177827535,32.79723222657092
test_00023,test,1,C6,1639.9947517144867,178.0217417488621,51.32497379165403
test_00023,test,1,C7,1640.054254668097,-167.76722071761628,88.14103631898361
test_00023,test,2,A2,-681.1024969060461,231.96352732626005,-185.7528478451819
test_00023,test,2,A3,-673.3826909917644,90.38154266573116,-283.66983758541875
test_00023,test,2,A4,-697.613479195309,-121.7814813552499,-269.75561097295974
test_00023,test,2,A5,-624.503516069649,52.87143013619989,295.07354238069803
test_00023,test,2,B2,-600.0159250229119,-251.96628995745695,-162.7722490951708
test_00023,test,2,B3,-600.0807957391828,-181.18638696879313,-239.11994347217978
test_00023,test,2,B4,599.9230048690849,-181.15436995574814,-239.17655046390146
test_00023,test,2,B5,599.9844142210515,130.093525429959,270.34226941108415
test_00023,test,2,B6,-599.9903855186875,192.73027530002162,229.88276976738257
test_00023,test,2,C2,1450.0188184733024,-158.7350179513776,-57.92245577164328
test_00023,test,2,C3,1640.000439706853,-152.82453468985193,58.405512709010246
test_00023,test,2,C4,1640.0234595310899,64.70259045803849,-28.74629667413967
test_00023,test,2,C5,1450.0693733271669,-66.156271513622,32.90229323678614
test_00023,test,2,C6,1639.9995463548644,178.0218026737364,51.33453346425271
test_00023,test,2,C7,1640.0042077530084,-167.77815598250012,88.2070473122943
test_00023,test,3,A2,-681.1238312588504,231.9391021979436,-185.81254255748536
test_00023,test,3,A3,-673.2900812482166,90.40205987442164,-283.63568844290046
test_00023,test,3,A4,-697.5794942159445,-121.78597621120471,-269.8010957131197
test_00023,test,3,A5,-624.50512377074,52.94430853007049,295.0595819158988
test_00023,test,3,B2,-600.031225408457,-252.00185944529787,-162.74739909861313
test_00023,test,3,B3,-600.0278302132613,-181.12022334778928,-239.1284385090822
test_00023,test,3,B4,599.9729369108446,-181.15582907709577,-239.15059333523075
test_00023,test,3,B5,599.9720697746969,130.12621877317065,270.3077483398364
test_00023,test,3,B6,-600.0599002948492,192.78386229917862,229.81065522487853
test_00023,test,3,C2,1199.9294977769557,-158.73582748241336,-57.93161316056302
test_00023,test,3,C3,1389.9500379836513,-152.9509834087899,58.34905571138195
test_00023,test,3,C4,1390.0126624470747,64.71431053319725,-28.707566325409594
test_00023,test,3,C5,1199.9802156224316,-66.242258125078,32.801033276841935
test_00023,test,3,C6,1389.956415887859,177.94730923263427,51.361206967566375
test_00023,test,3,C7,1389.9972462213175,-167.9080276326552,88.1458335637957
test_00023,test,4,A2,-681.0682668234078,231.9586253276085,-185.91269312878893
test_00023,test,4,A3,-673.2709433374066,90.36285430898171,-283.7076242570716
test_00023,test,4,A4,-697.552785375799,-121.78438897277553,-269.83503149573505
test_00023,test,4,A5,-624.5039763663597,52.96942535630154,294.9972729781934
test_00023,test,4,B2,-600.0025216996924,-252.01850702397095,-162.73888658796744
test_00023,test,4,B3,-599.9566904013038,-181.15973610390867,-239.12039709983404
test_00023,test,4,B4,599.9861471352549,-181.18858444885808,-239.01894766976352
test_00023,test,4,B5,599.987262611542,130.08008242917955,270.3782801165413
test_00023,test,4,B6,-600.0294223123583,192.75294364170418,229.7503557478592
test_00023,test,4,C2,1199.9993196725693,-158.76528270064657,-57.76214201751668
test_00023,test,4,C3,1389.9616661894784,-152.94163334772125,58.53938737272681
test_00023,test,4,C4,1390.0237104157054,64.62771935638554,-28.568489358601564
test_00023,test,4,C5,1199.9700770385036,-66.2921509139022,33.01109230450006
test_00023,test,4,C6,1389.9910281371106,177.86467198504516,51.50471509053147
test_00023,test,4,C7,1389.9768060100482,-167.90835827016173,88.28319623352087
