sample_id,split,stage,point,x,y,z
train_00000,train,0,A1,-849.9854640944046,9.922573541345285,9.971768753961442
train_00000,train,0,A2,-650.0213057248178,9.979680589176922,9.97104956719401
train_00000,train,0,A3,-649.9931961918,89.99840458918008,10.019152832163106
train_00000,train,0,B1,-99.99736762664789,-40.0121248010828,0.047095487251913405
train_00000,train,0,B2,99.981940112021,-40.00323563741825,-0.054357763614447226
train_00000,train,0,B3,99.94916393223224,39.96981589178238,0.023640278319068297
train_00000,train,0,C1,649.9818663648533,-90.03222388841947,-10.009360237228767
train_00000,train,0,C2,849.9786536142384,-89.94713375631183,-10.01338690679422
train_00000,train,0,C3,849.9807865777232,-10.037132207634343,-9.986356639603246
train_00000,train,1,A1,-750.0020758180714,-19.934409997892956,0.05773969883535697
train_00000,train,1,A2,-550.0514664355986,-19.984959938636205,0.008464920759833086
train_00000,train,1,A3,-550.0105691264723,59.94775799991558,-0.0006713755019489495
train_00000,train,1,B1,-100.03440704836297,-39.95075636801764,-0.07267185955101814
train_00000,train,1,B2,100.07387144910112,-39.99711429628581,0.107797431100527
train_00000,train,1,B3,100.02082687585033,39.96948884768018,-0.02435009000950561
train_00000,train,1,C1,550.0055278473486,-59.995680022464825,-0.009721813998117976
train_00000,train,1,C2,749.9582848505007,-60.00705565038237,-0.004125745304130849
train_00000,train,1,C3,750.0282101754613,20.013664595433568,-0.007671290659561552
train_00000,train,2,A1,-599.9601667907542,-39.82056796292234,-0.4604748487229481
train_00000,train,2,A2,-399.9801930397195,-39.83415863652957,-0.29370710082743506
train_00000,train,2,A3,-400.00710751243514,40.11834364594339,-0.5122704280742904
train_00000,train,2,B1,-99.98920575486456,-39.9106382975873,-0.14493777262217974
train_00000,train,2,B2,100.03520455626986,-39.92681140358813,0.10618532089746018
train_00000,train,2,B3,99.97626069271948,39.98424684306465,0.01261306630018037
train_00000,train,2,C1,549.9873230173479,-59.987647500264735,-0.03747817579666544
train_00000,train,2,C2,749.9268635917579,-60.021123120493726,0.01331672757201079
train_00000,train,2,C3,750.051109603057,19.990284419389145,-0.019784754857894063
train_00000,train,3,A1,-599.9423270596362,-39.83692559116954,-0.4960573155312202
train_00000,train,3,A2,-399.93852105620573,-39.790590431403515,-0.2928222394920641
train_00000,train,3,A3,-399.9202747435888,40.175083096787425,-0.543128067540785
train_00000,train,3,B1,-99.95796907431527,-39.98475337911858,-0.06429664791839348
train_00000,train,3,B2,100.06078028911153,-39.99557314630264,0.1743065184584719
train_00000,train,3,B3,99.95871909285569,39.98905468962791,-0.003855257250627937
train_00000,train,3,C1,400.0534555834667,-39.92601487540137,0.46763715584041476
train_00000,train,3,C2,599.964917536209,-40.014409218072075,0.7174198272341579
train_00000,train,3,C3,600.0477510925025,40.02225485526264,0.6246215003003448
train_00000,train,4,A1,50.0833046559048,-579.995621012044,30.084503172556484
train_00000,train,4,A2,49.98390858248499,-379.93885872901546,30.101160139620333
train_00000,train,4,A3,-30.02789895673456,-380.00753590196217,29.928285951975038
train_00000,train,4,B1,50.015325948674814,-80.11855249666654,29.937365439584497
train_00000,train,4,B2,50.106163755996,120.04451888971617,29.929385738861814
train_00000,train,4,B3,-29.895985067434545,119.90310370880182,29.969591550607618
train_00000,train,4,C1,50.0095950034736,420.0102149460301,29.9372186979852
train_00000,train,4,C2,50.07334210935319,619.9973748023149,29.93168013572599
train_00000,train,4,C3,-30.059844040548473,620.1110470516975,30.06257902474435
train_00001,train,0,A1,-849.9488218911389,9.985773514235195,9.98874571580644
train_00001,train,0,A2,-649.9536749023204,10.009563210196669,10.011504085987124
train_00001,train,0,A3,-650.0092017102617,90.00003853836802,10.014440904777098
train_00001,train,0,B1,-99.97577110261194,-39.94282367597479,-0.01019824464925283
train_00001,train,0,B2,100.0015275635213,-39.973017794529326,-0.0019156296946397852
train_00001,train,0,B3,99.9358527671734,40.036861655910016,-0.07128714683409311
train_00001,train,0,C1,650.0149676160629,-89.96205769541368,-10.021150494771073
train_00001,train,0,C2,850.0199438025535,-89.96096367387189,-9.984296666242198
train_00001,train,0,C3,849.9779153681648,-10.012436350934298,-10.018275966899552
train_00001,train,1,A1,-750.0279781498828,-19.9211276611035,-0.017883983058842125
train_00001,train,1,A2,-550.0220250450342,-19.985393576317705,-0.04546139597111531
train_00001,train,1,A3,-550.0267029708099,60.06760194844691,-0.021056761641702913
train_00001,train,1,B1,-99.96094879959888,-40.100022865185394,-0.04772413602583659
train_00001,train,1,B2,100.07907897008633,-40.05668715644894,-0.018949749853138548
train_00001,train,1,B3,100.01416670880852,39.943735548957676,0.0916965955980141
train_00001,train,1,C1,550.0300521188964,-59.91775886269273,-0.027296701101773495
train_00001,train,1,C2,749.9662888967706,-59.98282571898299,-0.023453245511220248
train_00001,train,1,C3,749.9972388345685,19.964523048293557,0.007490329517077524
train_00001,train,2,A1,-599.9392912486798,-40.26478675857648,-0.10034725255272867
train_00001,train,2,A2,-399.9644888077513,-40.18387742846856,-0.017463245057186823
train_00001,train,2,A3,-399.9529731535194,39.73390376536339,0.004861481457169185
train_00001,train,2,B1,-100.00636560033324,-40.0485430739797,0.007654747168018613
train_00001,train,2,B2,100.03005298609037,-40.05605954903784,0.008085378438759405
train_00001,train,2,B3,100.02369566585494,39.93257462696592,0.05126190223741976
train_00001,train,2,C1,549.98056887576,-59.90913575270936,0.01227179329083598
train_00001,train,2,C2,749.9320504337095,-60.02504914334458,0.03758670026016295
train_00001,train,2,C3,749.991617707139,19.956180551602838,-0.07546278030080984
train_00001,train,3,A1,-599.9804955180064,-40.31770194526192,-0.0845671519352203
train_00001,train,3,A2,-399.9340523184166,-40.19375083936275,0.034724474119429215
train_00001,train,3,A3,-399.95873267736727,39.79491294210062,0.029461372282951176
train_00001,train,3,B1,-100.02377130081896,-40.06339043339024,0.012745264125743679
train_00001,train,3,B2,100.01916686336284,-40.07342044731581,-0.08149772693393534
train_00001,train,3,B3,100.00035158276226,39.9660212865521,0.1021712917249194
train_00001,train,3,C1,400.0146875706057,-40.141303272935346,-0.05507538269453325
train_00001,train,3,C2,600.081546918,-40.10972195729,-0.006438612055200655
train_00001,train,3,C3,600.0598935457773,39.86033214250195,0.1378670230867522
train_00001,train,4,A1,49.98951091100234,-580.0032055847538,29.891312056791058
train_00001,train,4,A2,49.907499775536955,-380.00653673161247,30.07363034924015
train_00001,train,4,A3,-29.990863383729202,-379.96740726682907,29.94999412305243
train_00001,train,4,B1,49.89604456460102,-80.0031604700817,29.966188583553503
train_00001,train,4,B2,49.936124085134324,120.08869406714207,29.990391697680156
train_00001,train,4,B3,-30.12372022358609,119.9682731772975,29.947799845152858
train_00001,train,4,C1,50.13357495063972,420.02921543372014,29.957342644992078
train_00001,train,4,C2,49.97578782263849,620.0465009887894,30.09885236555272
train_00001,train,4,C3,-29.921840771160333,620.0174201948765,30.00103338675514
train_00002,train,0,A1,-850.0097135178783,10.001064486850147,10.05118337438437
train_00002,train,0,A2,-649.99859679098,10.025250389222355,10.019994880297977
train_00002,train,0,A3,-650.0422438682795,90.011202264193,10.005214294358307
train_00002,train,0,B1,-99.97561702337867,-39.997357333162604,-0.002838219463732794
train_00002,train,0,B2,100.0372707511936,-40.03385308931316,-0.006841499048110211
train_00002,train,0,B3,100.0312435590287,40.02657233615978,0.015811307164355342
train_00002,train,0,C1,650.011058647153,-89.98218368407505,-10.045164735371044
train_00002,train,0,C2,849.9414706579217,-89.94734980002964,-10.006114905777348
train_00002,train,0,C3,849.9460576270541,-10.004221158319778,-9.977595243595347
train_00002,train,1,A1,-750.0180634093142,-19.978304701797967,-0.059306994309410443
train_00002,train,1,A2,-550.0205455772008,-20.09065816462365,-0.014891091710642543
train_00002,train,1,A3,-549.9783342377307,60.007905603096575,0.03356099041236725
train_00002,train,1,B1,-100.01213860557385,-39.99857346123334,-0.020436837276519224
train_00002,train,1,B2,100.00612367167768,-40.02357761564232,-0.04947754329623781
train_00002,train,1,B3,99.96863613453378,39.9910787946155,-0.05867682287744969
train_00002,train,1,C1,550.07243138138,-60.08461382989914,0.08798969742807833
train_00002,train,1,C2,749.9988533012233,-60.042569554766864,-0.07296124009039438
train_00002,train,1,C3,749.9831082097894,19.96454561876171,-0.002255254838064817
train_00002,train,2,A1,-599.9928530747624,-40.072748715454196,0.08915591796586399
train_00002,train,2,A2,-399.97264126269863,-40.027028103582296,0.005940836850622969
train_00002,train,2,A3,-399.9916182466651,40.09494127609786,0.0005800851369526191
train_00002,train,2,B1,-100.03075294235424,-39.9501147161109,-0.0950553355035007
train_00002,train,2,B2,99.99061653125807,-39.951990614753164,-0.0027609996598498207
train_00002,train,2,B3,99.9760297037486,39.97963279361293,-0.06821122708518693
train_00002,train,2,C1,550.0957764963251,-60.069961220260126,-0.027255707981652066
train_00002,train,2,C2,749.9770370267504,-60.04675544635648,-0.025441952860029062
train_00002,train,2,C3,749.9368130774692,20.02111477092894,-0.027343379136544155
train_00002,train,3,A1,-599.912009186165,-39.99181321863788,0.09299589360791732
train_00002,train,3,A2,-400.0347096047869,-39.97762692571227,-0.0035270997692459886
train_00002,train,3,A3,-400.0133313083053,40.12606853839644,0.06964218614482241
train_00002,train,3,B1,-99.98587119980942,-39.861049435540345,-0.14530654398533221
train_00002,train,3,B2,99.98121775205972,-39.916483968169416,0.045932575234132356
train_00002,train,3,B3,99.92437620752715,40.08513329884332,-0.06590058755896626
train_00002,train,3,C1,400.0359270403753,-40.042523129495535,0.13970552838729536
train_00002,train,3,C2,600.0332155171445,-40.06580570530092,0.23023559098145005
train_00002,train,3,C3,599.960529816444,39.92475783275183,0.23733312675654322
train_00002,train,4,A1,50.11340047753432,-579.9228669117686,30.141698440234702
train_00002,train,4,A2,50.072411425345045,-379.99783129325465,29.965832216076766
train_00002,train,4,A3,-29.972795082928922,-380.01363317168324,29.996489837918485
train_00002,train,4,B1,49.929487940973964,-80.02979610971191,29.878740356873685
train_00002,train,4,B2,49.99560856095714,119.9936602852832,30.022816284003685
train_00002,train,4,B3,-29.942700207005895,119.97839201842409,29.80702123822052
train_00002,train,4,C1,49.932330329207495,420.07656324761,30.008677061360167
train_00002,train,4,C2,50.038844448244355,619.9886590878068,30.086294444088875
train_00002,train,4,C3,-30.021812221328283,619.9522569964996,30.008349371492375
train_00003,train,0,A1,-850.0103932896029,9.986019635001705,9.94672687685462
train_00003,train,0,A2,-650.0060382489971,10.026826598553004,9.974083706112683
train_00003,train,0,A3,-649.904109898148,89.97571476047479,10.002409240343539
train_00003,train,0,B1,-100.01822027601712,-40.04907524997012,0.009068531184079107
train_00003,train,0,B2,100.01963749345411,-39.97307896698632,0.09352498723659798
train_00003,train,0,B3,100.004417066813,39.99710472115451,-0.02892739442077922
train_00003,train,0,C1,649.9976383262882,-89.92485666031124,-9.990634689175971
train_00003,train,0,C2,849.998594397047,-90.00257064543682,-9.971365808303993
train_00003,train,0,C3,849.9774021425623,-10.01274625136509,-10.007550231002522
train_00003,train,1,A1,-749.9737345639495,-20.023834918562287,0.11239208336331638
train_00003,train,1,A2,-550.0379133672966,-19.997743819795346,0.03218068726148007
train_00003,train,1,A3,-550.025098290299,60.009794232366325,0.01621963500479343
train_00003,train,1,B1,-100.00778052623369,-39.98006301640116,-0.04647053219076859
train_00003,train,1,B2,99.97706035985254,-39.9873827229173,-0.12282875415099638
train_00003,train,1,B3,99.94846146831246,40.018387682760256,0.04337295274707462
train_00003,train,1,C1,550.0373831104873,-60.08166679091861,0.03197178484020004
train_00003,train,1,C2,749.9717792736285,-59.981038827234045,-0.052663130152051645
train_00003,train,1,C3,750.0186797391509,19.987161412433295,0.01962870710520878
train_00003,train,2,A1,-600.0953174052742,-40.021716562026,0.10139775799216907
train_00003,train,2,A2,-400.09716555054047,-40.04043156835793,0.10606826592701066
train_00003,train,2,A3,-400.0516444155882,39.94801543931819,0.12762745617041887
train_00003,train,2,B1,-100.00916840501431,-39.9627407167509,-0.05279370936359767
train_00003,train,2,B2,100.01040288203166,-39.944088510311765,-0.08259555560301979
train_00003,train,2,B3,100.00240718550971,39.99588091977529,-0.06966220369898496
train_00003,train,2,C1,550.0234251896467,-60.133897507393634,-0.04890035309099357
train_00003,train,2,C2,750.0270253288293,-59.99015122164248,0.017025609127900652
train_00003,train,2,C3,750.0219293739572,19.98620375630256,0.09431531996177665
train_00003,train,3,A1,-600.0755510014969,-40.040478240754275,0.139685824662497
train_00003,train,3,A2,-400.11877022138395,-39.98015331822904,0.139794981453534
train_00003,train,3,A3,-400.07335606275484,39.96923773540121,0.24000257564971983
train_00003,train,3,B1,-99.9791495889084,-40.00642387979799,-0.08880993079487132
train_00003,train,3,B2,99.99138306783823,-39.96981951852288,-0.06916575138373511
train_00003,train,3,B3,100.03855724250008,40.0178024142788,-0.027036038085452144
train_00003,train,3,C1,400.00162623176413,-39.95684331423985,-0.13101429277988486
train_00003,train,3,C2,599.9261890193211,-40.04921208898666,-0.13737661342580895
train_00003,train,3,C3,599.9898692861831,40.0315138322568,-0.1996779414301507
train_00003,train,4,A1,50.0718085522021,-580.0002785429672,29.93231060205919
train_00003,train,4,A2,49.959469847442044,-380.03446845845434,30.008576159470387
train_00003,train,4,A3,-29.979234381191358,-380.04789931909687,30.017242864203656
train_00003,train,4,B1,50.00368452778043,-79.99518169390224,29.971722559916955
train_00003,train,4,B2,50.04699183800403,120.05248566692217,29.946690515460727
train_00003,train,4,B3,-30.046690849182802,120.04231832618464,29.997366653989143
train_00003,train,4,C1,49.91215904400929,420.0213021519818,30.074992123981357
train_00003,train,4,C2,49.960323092650405,619.9653811348498,30.077325838669147
train_00003,train,4,C3,-29.979079455034256,620.0554973153083,29.861075350239528
train_00004,train,0,A1,-850.0384229246706,9.97014841528237,9.989664328778682
train_00004,train,0,A2,-649.995991644579,9.995617083030695,10.003665091302363
train_00004,train,0,A3,-650.0086096008655,90.02641179885882,9.933042301205406
train_00004,train,0,B1,-100.03950127305633,-40.00565458312219,0.05161720172784015
train_00004,train,0,B2,100.02249264897992,-40.009209279949985,0.03039029581053471
train_00004,train,0,B3,100.05489971442066,39.96411228959861,-0.02955142054315209
train_00004,train,0,C1,650.0336268619791,-89.99123871933,-10.026259460887424
train_00004,train,0,C2,850.0181555703803,-89.99050707580027,-10.004236109202004
train_00004,train,0,C3,850.0186604651774,-9.951115914138867,-9.961966448879318
train_00004,train,1,A1,-749.9883221387753,-19.928782842847973,0.059823065871227224
train_00004,train,1,A2,-550.0138377963523,-20.02461547723284,-0.013266402501724953
train_00004,train,1,A3,-549.9804210528828,59.986104170368286,0.031974350986618646
train_00004,train,1,B1,-99.95153778180865,-39.997457393734074,-0.0205886826714054
train_00004,train,1,B2,100.06127902332943,-39.891592596266044,-0.035628197835634375
train_00004,train,1,B3,99.97415821454511,39.975120239126,0.05433108057602225
train_00004,train,1,C1,549.9561856029512,-60.00315752451321,0.02911425826606138
train_00004,train,1,C2,749.9856404090384,-59.99204242621267,0.031160965040864727
train_00004,train,1,C3,750.0014297916749,19.99746785590909,-0.05261620222880245
train_00004,train,2,A1,-599.9319935325423,-40.2692469860698,-0.04892123122144792
train_00004,train,2,A2,-399.9195517996125,-40.109088270416485,-0.06709569564209819
train_00004,train,2,A3,-399.99668373520393,39.974686291303044,0.1913004630399216
train_00004,train,2,B1,-100.00133347550508,-39.938187729424115,-0.11303133618334031
train_00004,train,2,B2,100.00098793316182,-39.932157138140326,-0.028177811920204267
train_00004,train,2,B3,99.99106803172134,39.982120608227675,0.09231758590142367
train_00004,train,2,C1,549.9176725554682,-59.986947081562924,0.028866115598121973
train_00004,train,2,C2,749.9782022073018,-60.05732044631962,0.04089446800159748
train_00004,train,2,C3,749.9491193793427,19.98304220641941,-0.05634501527814886
train_00004,train,3,A1,-599.8570334871242,-40.238539180241276,-0.0835043010440249
train_00004,train,3,A2,-399.93830467499714,-40.133672006466554,-0.03071536916237089
train_00004,train,3,A3,-399.9860455966635,39.978369300830316,0.1923573942004047
train_00004,train,3,B1,-99.96367016746382,-40.04246078602956,-0.1386967844364648
train_00004,train,3,B2,99.97960348569183,-39.91344480239031,-0.01651592375965067
train_00004,train,3,B3,100.02531509597532,39.98783986108492,0.041579794552921844
train_00004,train,3,C1,399.98181278281464,-40.08708449461596,0.09510630284710721
train_00004,train,3,C2,600.0048282682878,-40.079117773106304,0.17320643204954428
train_00004,train,3,C3,600.049211185911,39.96777185770795,0.36080579885033864
train_00004,train,4,A1,50.217481608925254,-579.9267605851549,30.05534620977557
train_00004,train,4,A2,50.096810583317556,-379.9613376809523,30.070602360692995
train_00004,train,4,A3,-30.068823817260327,-380.07655938642995,30.079020845007506
train_00004,train,4,B1,49.88685331145199,-80.07688911047502,29.863820326207403
train_00004,train,4,B2,49.852661346621055,120.03752452779861,29.9323822710281
train_00004,train,4,B3,-30.015982347286897,119.95767156194853,29.82166119060976
train_00004,train,4,C1,49.9758732320502,420.0083375062123,29.97526732509952
train_00004,train,4,C2,50.04369250589546,619.9890285257201,30.10502157671832
train_00004,train,4,C3,-30.037449882833723,620.0399876161196,30.090154471616813
train_00005,train,0,A1,-849.9837210854494,10.00551835726356,9.971018755639149
train_00005,train,0,A2,-650.0577723765157,10.004885307319807,9.954626411280113
train_00005,train,0,A3,-650.0108062991895,89.97895774205242,9.990202547217038
train_00005,train,0,B1,-100.03736910314977,-40.07676513197138,-0.03582302342092466
train_00005,train,0,B2,99.95632520295857,-39.991243051062135,-0.0016594636203007915
train_00005,train,0,B3,100.00323934191697,39.97776935847277,-0.007158954963389131
train_00005,train,0,C1,650.0379203983296,-89.98084028142077,-10.034367637268229
train_00005,train,0,C2,850.0656379660911,-90.01690642960374,-9.991214189993363
train_00005,train,0,C3,850.0021929688849,-10.03905517612802,-10.004527676350152
train_00005,train,1,A1,-749.9585332180573,-20.00700089393393,0.062077039554416236
train_00005,train,1,A2,-549.9783138557458,-20.01043530863835,0.06616295283469512
train_00005,train,1,A3,-549.9862514920721,60.062241181785126,0.08556352563634367
train_00005,train,1,B1,-100.02629897086857,-39.91738385170112,0.04325282762931795
train_00005,train,1,B2,99.99435435288419,-39.93872361694583,0.0108335730516355
train_00005,train,1,B3,100.01837513988531,40.01458086711883,0.002903618331622631
train_00005,train,1,C1,549.9525268757595,-59.929235206312335,0.006180154869583513
train_00005,train,1,C2,750.0026834997323,-59.92566205917084,-0.026153439624617296
train_00005,train,1,C3,750.0308055638538,19.986242056507898,0.05396741449861592
train_00005,train,2,A1,-600.0018420844821,-39.74147768918293,0.07320503202629641
train_00005,train,2,A2,-400.0786598370506,-39.94102519767764,0.03336812623613608
train_00005,train,2,A3,-400.04805500331014,40.09695486962681,-0.05879595277237946
train_00005,train,2,B1,-100.01338153704184,-39.99240855506564,0.03152584979690441
train_00005,train,2,B2,99.97088257041216,-39.94382850158794,0.06205269720695538
train_00005,train,2,B3,100.0049965209617,40.08077692576777,0.07146465047137718
train_00005,train,2,C1,549.9784641671449,-59.92353367756582,0.061596295661024036
train_00005,train,2,C2,750.0017973154308,-59.93937328783701,-0.09232617563789224
train_00005,train,2,C3,750.0092829623712,20.0734360833795,0.03533616525574862
train_00005,train,3,A1,-599.951074864028,-39.76266912996693,0.10356621077634984
train_00005,train,3,A2,-400.0562188678923,-39.947708776523775,0.06330974020991365
train_00005,train,3,A3,-400.0728719031789,40.08598617517965,-0.05934673331031885
train_00005,train,3,B1,-99.9443481432631,-39.98899376993069,0.06965958616403539
train_00005,train,3,B2,99.95093127739797,-39.9574763989084,0.10902526961982709
train_00005,train,3,B3,99.9486181941982,40.13308174525103,0.09478734201609043
train_00005,train,3,C1,400.00435991810747,-39.904762132997625,0.09156725649060529
train_00005,train,3,C2,599.9473101650996,-39.88008004994741,0.20884018511437788
train_00005,train,3,C3,600.0030098049058,40.070013309873474,0.14864849485938428
train_00005,train,4,A1,49.940661087386225,-579.9598844664988,30.028767587331853
train_00005,train,4,A2,50.030584592030934,-380.0471140169091,29.96683844732657
train_00005,train,4,A3,-30.041258973664924,-380.0330232823332,29.911311876145195
train_00005,train,4,B1,50.11361254722793,-79.93245451147162,29.88862564306853
train_00005,train,4,B2,49.98822562349102,119.93588845696793,29.94062851924462
train_00005,train,4,B3,-29.94870318557422,119.95859243290845,29.999884887955574
train_00005,train,4,C1,50.02250203019348,420.02775482515125,29.88883855919935
train_00005,train,4,C2,49.93993296552133,619.9886331541646,30.07923525144092
train_00005,train,4,C3,-30.03453505015368,619.9806216642307,30.008042211972487
train_00006,train,0,A1,-850.0207404104758,10.03961767858518,10.026773684419922
train_00006,train,0,A2,-650.0219584810027,9.974962090251665,10.01412214500054
train_00006,train,0,A3,-650.0148920984432,90.01534442866568,10.008034238126857
train_00006,train,0,B1,-99.98768697095868,-39.926499303878856,-0.012731688207132415
train_00006,train,0,B2,100.01177339777783,-40.019972989759914,-0.011393961039868358
train_00006,train,0,B3,100.02392450230249,40.0639455278193,0.04951084085767167
train_00006,train,0,C1,649.9895242815938,-89.97847016598593,-10.0198680837096
train_00006,train,0,C2,849.9357772585901,-89.99788262585346,-9.99495398103942
train_00006,train,0,C3,849.9864688933764,-9.999510438429285,-10.015498727783509
train_00006,train,1,A1,-749.9946693468032,-20.011489517532375,-0.046680567158757125
train_00006,train,1,A2,-549.9605127606935,-19.99718434021722,-0.031944879205412585
train_00006,train,1,A3,-550.050627666335,59.987880673971375,-0.0703525011330645
train_00006,train,1,B1,-99.99022780787888,-40.049966865314566,0.011921880495244685
train_00006,train,1,B2,100.01437553150801,-40.00071278760063,-0.008075825053065599
train_00006,train,1,B3,100.00317381369535,39.96443027183318,-0.08949195188432599
train_00006,train,1,C1,550.0160730797936,-60.02602938612897,0.05980084884918456
train_00006,train,1,C2,750.0277648595902,-60.06810244794191,0.01543087312629849
train_00006,train,1,C3,749.9959284211172,19.993082351203928,-0.019145076446847438
train_00006,train,2,A1,-600.0082130721885,-40.05263210493123,0.07159208418245308
train_00006,train,2,A2,-399.99199078934714,-40.11324535747623,0.07133388816280882
train_00006,train,2,A3,-399.94112820004057,39.88745056861311,0.05304299210239902
train_00006,train,2,B1,-100.023478134145,-40.066388106576326,-0.014461807235441868
train_00006,train,2,B2,99.92830140425666,-39.9979218712957,0.037676446085130245
train_00006,train,2,B3,99.9607007299907,39.959834895040174,-0.10474839725573534
train_00006,train,2,C1,549.978020372537,-60.012979275770526,-0.02422502509714787
train_00006,train,2,C2,749.9920390236464,-60.007318165449,-0.03549417263001089
train_00006,train,2,C3,749.981785407723,20.031258209327127,0.0686483503270306
train_00006,train,3,A1,-599.9890483850502,-40.03710204949426,0.1581814193663874
train_00006,train,3,A2,-399.9863076245226,-40.07184806564086,0.01892694231023338
train_00006,train,3,A3,-399.9727053447219,39.84106012595574,0.04394013732172397
train_00006,train,3,B1,-99.98997249256996,-40.06745053306877,0.0487356399095764
train_00006,train,3,B2,99.9995800329721,-40.00027621301178,-0.0032661038159024075
train_00006,train,3,B3,100.04663982317739,39.982776626208164,-0.08084312762399636
train_00006,train,3,C1,399.93143466789996,-40.01295769469406,0.1528698894591291
train_00006,train,3,C2,600.0323693696814,-39.89634600649258,0.21554851392635607
train_00006,train,3,C3,599.9500440436269,40.063104886038644,-0.0016575981341368784
train_00006,train,4,A1,49.96290545084164,-580.0263523893726,30.079673060012396
train_00006,train,4,A2,50.02282292181004,-379.984833232403,29.960507457395053
train_00006,train,4,A3,-29.895060985611202,-379.98733654113795,30.08996576918124
train_00006,train,4,B1,50.0117956335277,-79.97663321940425,29.90549646204667
train_00006,train,4,B2,49.96462856863041,119.95970899373846,29.950605237823723
train_00006,train,4,B3,-29.997551468283323,120.04729983154573,29.94525481588134
train_00006,train,4,C1,50.023158956396465,420.0228533666423,30.008742206574137
train_00006,train,4,C2,50.013960737567096,620.0593143404351,30.11965448328366
train_00006,train,4,C3,-30.03112253485005,619.9869212525416,29.94835825907289
train_00007,train,0,A1,-850.0159344516939,9.991129971302586,9.998364668923376
train_00007,train,0,A2,-649.9424267513265,9.965008641541404,9.966578239356416
train_00007,train,0,A3,-649.9957306590519,89.97936964625057,9.996828253835185
train_00007,train,0,B1,-100.01924989356152,-40.01733252810333,0.027988424900425853
train_00007,train,0,B2,99.96006589992513,-39.987867747877225,-0.0172732480851357
train_00007,train,0,B3,99.98377281497412,39.982331832149534,-0.042154817847633405
train_00007,train,0,C1,650.0263715522823,-90.00432386043478,-9.977952801602456
train_00007,train,0,C2,849.9925882260083,-90.03174120659692,-9.985181878379422
train_00007,train,0,C3,849.982241515833,-10.01574195744018,-10.03453625558214
train_00007,train,1,A1,-749.9840296209032,-20.056782774159977,0.043067096433430756
train_00007,train,1,A2,-550.0020269953521,-20.030446117455178,-0.005161721289398659
train_00007,train,1,A3,-549.9732520250221,59.949717253116134,0.05715188826036605
train_00007,train,1,B1,-100.00220191314118,-39.893676697447795,-0.05237192499243189
train_00007,train,1,B2,100.01467887626781,-40.024146747102364,0.018785912486694287
train_00007,train,1,B3,100.09692113964836,40.044494174039855,0.08165507658990348
train_00007,train,1,C1,550.0301758803852,-59.960839664604826,0.017320546878256456
train_00007,train,1,C2,749.9343211011374,-59.93618504493244,0.006263037377364604
train_00007,train,1,C3,750.0460841917098,20.116319916786583,0.037473371446283286
train_00007,train,2,A1,-600.0237054075126,-39.50735446543705,-0.3520711484627115
train_00007,train,2,A2,-400.0071982002756,-39.688391479890484,-0.14406614202221824
train_00007,train,2,A3,-399.9642020518805,40.405547728529584,-0.16409763702296393
train_00007,train,2,B1,-99.96467609370605,-39.93794244680797,-0.08975781627933996
train_00007,train,2,B2,99.94356826141521,-40.05678711283957,0.05104231038726961
train_00007,train,2,B3,99.98490053486978,40.00954002051116,0.08003621104454081
train_00007,train,2,C1,550.0205484257713,-59.98527256809336,-0.01034926891276754
train_00007,train,2,C2,749.9156329996389,-60.0046901520647,-0.012101548537137762
train_00007,train,2,C3,750.0087416273022,20.003941931291816,-0.00998864038985764
train_00007,train,3,A1,-599.9382772369828,-39.485504541222056,-0.35260617811278294
train_00007,train,3,A2,-399.95772931747035,-39.6546238878805,-0.12639466203632618
train_00007,train,3,A3,-399.957255340368,40.347214640595354,-0.18262749827939725
train_00007,train,3,B1,-99.96402789749574,-39.95417554797213,-0.016781238987853796
train_00007,train,3,B2,99.98338675850319,-40.099592556106494,-0.023430000857693895
train_00007,train,3,B3,100.02515757939922,39.964604242647255,0.1127083736189832
train_00007,train,3,C1,400.0070716885111,-40.1875534578494,0.28406183941266994
train_00007,train,3,C2,599.968305422954,-40.166639620429606,0.39185436236219584
train_00007,train,3,C3,599.9678851621804,39.81910890475211,0.4967302265455666
train_00007,train,4,A1,49.87274929505941,-580.0333795443727,30.023113109264216
train_00007,train,4,A2,49.96237961976871,-379.9578270662723,30.06838782912485
train_00007,train,4,A3,-30.011988615657643,-380.0508351262006,29.972007335533977
train_00007,train,4,B1,50.10825474332502,-79.91527939795351,29.99946840831563
train_00007,train,4,B2,50.149911638230165,119.96377799553483,29.953556161008237
train_00007,train,4,B3,-29.95287780137179,119.94321780042961,29.909329469581305
train_00007,train,4,C1,50.0309631498825,419.9126949439701,30.00818293715636
train_00007,train,4,C2,49.86630419074503,619.9581716926243,29.978520594604163
train_00007,train,4,C3,-30.090798036939773,619.9338914458145,30.034456424603018
train_00008,train,0,A1,-850.0227794917206,10.02139760381975,10.051591387478522
train_00008,train,0,A2,-650.0454198896057,10.053748115811835,9.980097476058168
train_00008,train,0,A3,-650.0064019552,89.95199729735533,10.01394443668898
train_00008,train,0,B1,-99.99840439333634,-40.03185060705299,-0.026362128917892965
train_00008,train,0,B2,100.0277860513359,-40.051988265103,-0.01723248514257924
train_00008,train,0,B3,99.96446504552696,40.03543771647649,-0.006535432771568911
train_00008,train,0,C1,649.9762540265461,-90.00181743629648,-10.013788824745616
train_00008,train,0,C2,850.0417906393991,-90.00071987732386,-9.987271536445068
train_00008,train,0,C3,850.0270686405114,-9.991827024494214,-9.9973016026263
train_00008,train,1,A1,-750.0083368130987,-20.009666691488494,-0.09051127838687403
train_00008,train,1,A2,-549.9519043544478,-20.034294259619323,0.017151987804312728
train_00008,train,1,A3,-549.9614688662552,60.02700239720913,0.01831220335226013
train_00008,train,1,B1,-99.99156334673384,-39.99779806232965,-0.013231854666409765
train_00008,train,1,B2,100.02310458886603,-40.00283051861019,0.06834060002747895
train_00008,train,1,B3,100.0002259219134,39.99325504927076,0.0005313423813660973
train_00008,train,1,C1,550.0192750140309,-60.09369870248437,0.027280644649815604
train_00008,train,1,C2,749.9711158682949,-59.994784533445234,0.02597040896738678
train_00008,train,1,C3,749.9686172288364,20.012925486243002,-0.012145129641899288
train_00008,train,2,A1,-600.0242701455406,-39.96786042582676,-0.19953927496748886
train_00008,train,2,A2,-400.0193678414301,-39.963742490713905,-0.1451955784730999
train_00008,train,2,A3,-399.9556834730341,40.03163417563568,-0.30523763976586715
train_00008,train,2,B1,-100.09437242123671,-39.931507521234494,0.032699906426214724
train_00008,train,2,B2,100.04757117885055,-39.99073821089217,0.010686654225691816
train_00008,train,2,B3,100.03200929013026,39.94614938470044,-0.032749159311067075
train_00008,train,2,C1,550.0993631441007,-59.96367846848783,-0.037291697877261006
train_00008,train,2,C2,749.9834413908113,-59.996790905807096,0.040781493622612866
train_00008,train,2,C3,750.0138445766753,19.956438013481606,-0.039664569674677574
train_00008,train,3,A1,-600.0055831954531,-39.92467096320031,-0.13717776874335255
train_00008,train,3,A2,-399.97475139929935,-40.036052503769845,-0.19850176195995262
train_00008,train,3,A3,-400.0396963976081,40.0316278916954,-0.3119160875140399
train_00008,train,3,B1,-100.07245390332491,-39.96654214976815,-0.002972461898745187
train_00008,train,3,B2,100.02563607808014,-39.90214209981668,0.07254364714209849
train_00008,train,3,B3,100.0530933066064,39.89758380839336,-0.05233642332160924
train_00008,train,3,C1,400.01434458964667,-40.21926526324,0.0897425184138092
train_00008,train,3,C2,599.9541749206284,-40.233524788459846,-0.07203452527874792
train_00008,train,3,C3,599.9847488516076,39.73067422786214,-0.07485855309072727
train_00008,train,4,A1,50.09320816955625,-580.0205517639707,30.047548615006825
train_00008,train,4,A2,50.05058855980338,-379.9572553222658,29.962239606424212
train_00008,train,4,A3,-30.00261688388888,-380.00819629819273,30.035845526567936
train_00008,train,4,B1,49.87097580934287,-79.9717639475489,30.073394829246933
train_00008,train,4,B2,49.86350632728296,120.11115095192399,30.035119844910398
train_00008,train,4,B3,-30.074419222075484,120.0175685907203,30.11700323978583
train_00008,train,4,C1,50.03915194777355,420.0528137346716,30.039213292047254
train_00008,train,4,C2,50.04543650516182,619.9617752990612,29.83090454058462
train_00008,train,4,C3,-29.922230271637677,619.970838346362,29.988949904726486
train_00009,train,0,A1,-850.0012265506143,9.994915333350022,9.976442263008686
train_00009,train,0,A2,-650.0067301931767,9.991365042795115,10.053599296520666
train_00009,train,0,A3,-649.9755292435275,90.03993028181387,10.013762790615619
train_00009,train,0,B1,-99.9953695828931,-39.99676920318212,0.06850861437141902
train_00009,train,0,B2,99.98116350683968,-39.96203815472557,-0.013156381162770596
train_00009,train,0,B3,99.92305413707042,39.96767390470215,-0.04530254873317228
train_00009,train,0,C1,650.0769178130568,-89.98282769065155,-10.007025852680766
train_00009,train,0,C2,850.0083024819517,-90.0118386013415,-9.991586550815345
train_00009,train,0,C3,850.03204759828,-9.98345333839926,-10.0266644027535
train_00009,train,1,A1,-750.0212044849671,-20.045612069469875,0.002123512749496642
train_00009,train,1,A2,-550.0034011997334,-20.031466477866278,-0.062002822419811636
train_00009,train,1,A3,-550.0657738290421,59.99421751259518,-0.038376064395079845
train_00009,train,1,B1,-99.96427158455408,-40.00237647870797,-0.060955892612228384
train_00009,train,1,B2,100.01237039759958,-40.04797976532039,-0.01323536068697575
train_00009,train,1,B3,99.97383341456744,39.9686059976505,0.030523182487991782
train_00009,train,1,C1,550.0286329580365,-60.048129333978125,-0.004287934514612748
train_00009,train,1,C2,749.9744224121148,-59.93793177845509,-0.05633441147270421
train_00009,train,1,C3,749.9522817108971,19.93616287938309,0.05881062103790313
train_00009,train,2,A1,-600.0476087093308,-39.93598012573023,-0.1304277182296002
train_00009,train,2,A2,-399.9143843584585,-40.04980388437667,-0.11918675134441131
train_00009,train,2,A3,-399.949125607709,39.97846327681436,-0.0810529397587211
train_00009,train,2,B1,-99.99970288736188,-40.05969100577728,-0.09560696102701782
train_00009,train,2,B2,100.03808894709069,-40.00234789513047,0.009340448249717349
train_00009,train,2,B3,100.00476352757904,39.96019591220201,0.022609318376895067
train_00009,train,2,C1,549.9328440690549,-59.99237068682134,0.06605550466017052
train_00009,train,2,C2,749.966464501221,-59.96719092502109,-0.06708919710169776
train_00009,train,2,C3,749.9741672808777,19.97736277447967,0.03836413660668355
train_00009,train,3,A1,-599.9898135240162,-39.93771915846671,-0.14510067462669993
train_00009,train,3,A2,-399.909859378469,-39.9703613675553,0.006061296605575958
train_00009,train,3,A3,-399.9903294866663,40.031811120145825,-0.039347142888147196
train_00009,train,3,B1,-100.03480727520953,-40.001459324230204,-0.07357329337656923
train_00009,train,3,B2,99.9636658077597,-39.981726772629976,-0.05472250155474841
train_00009,train,3,B3,99.97107771287081,40.02609015005719,0.11422324702320996
train_00009,train,3,C1,400.06943616843074,-39.9971697408006,0.12675565019944107
train_00009,train,3,C2,600.0084330369983,-39.88655921457474,0.26610528810303097
train_00009,train,3,C3,600.0264812570755,40.077546794199755,0.2858812110355177
train_00009,train,4,A1,49.908796324311744,-580.004747828059,30.012556527441355
train_00009,train,4,A2,50.03367168323051,-379.9441506729325,30.009238320770276
train_00009,train,4,A3,-30.043106570611613,-379.991239498009,29.92773853372957
train_00009,train,4,B1,50.105725811970366,-80.00926149360059,29.909594686824
train_00009,train,4,B2,50.01571361704189,120.0377203785353,29.96277866267794
train_00009,train,4,B3,-29.953967217318358,119.9564852208702,29.91422601894672
train_00009,train,4,C1,50.101302403875465,419.9916249507432,30.002193707058282
train_00009,train,4,C2,50.00575497100801,620.0117841134141,30.185639947493744
train_00009,train,4,C3,-30.049669210962925,620.0563961037294,29.995524773344634
train_00010,train,0,A1,-850.0044323198151,9.983604759971273,9.974642129451038
train_00010,train,0,A2,-650.0278324061688,10.019757649608025,9.996559811818496
train_00010,train,0,A3,-650.0069748098485,89.9374631290564,9.99917597794105
train_00010,train,0,B1,-100.00958402627845,-39.972505261491705,0.004899403485610187
train_00010,train,0,B2,99.98069974483094,-40.01753136317095,0.009808703057311803
train_00010,train,0,B3,99.97875163915043,39.98906735141587,-0.061469236927402596
train_00010,train,0,C1,649.9811487361027,-90.01285717796037,-9.990911436783273
train_00010,train,0,C2,849.9985307070591,-90.02256658212184,-10.00919187296216
train_00010,train,0,C3,850.0266436414282,-9.941648433878425,-10.031618381297216
train_00010,train,1,A1,-749.991181665818,-19.957132695755174,-0.02207835098428772
train_00010,train,1,A2,-549.9664652784746,-19.991245729696725,0.05965387715573454
train_00010,train,1,A3,-550.0318047416994,59.99831672408937,-0.0012879100821319468
train_00010,train,1,B1,-99.95639635363493,-40.06735147086736,0.04728104046496067
train_00010,train,1,B2,100.00784442671393,-39.93540314098505,-0.020605809818987304
train_00010,train,1,B3,100.02841827195664,40.03461919826005,0.06922853656975657
train_00010,train,1,C1,549.9532596677932,-60.01544609812711,-0.01098856410517939
train_00010,train,1,C2,750.0331401475967,-59.963280073944354,-0.0551336306416849
train_00010,train,1,C3,749.971211546062,19.91496140886034,0.048968927017990854
train_00010,train,2,A1,-599.9986858774332,-40.32274875585886,0.2613694650030724
train_00010,train,2,A2,-399.91325731475706,-40.23113182664571,0.106452202252837
train_00010,train,2,A3,-399.9954040634056,39.82970986054106,0.22007915241180462
train_00010,train,2,B1,-99.91902549065956,-40.04404416376142,0.030650001621928432
train_00010,train,2,B2,99.96269971104584,-39.97120607459492,-0.019321552832966594
train_00010,train,2,B3,99.99318295662071,40.11518159805467,0.14283858843292588
train_00010,train,2,C1,549.9942474772167,-60.015888017205796,0.020643765134752558
train_00010,train,2,C2,749.9815997814219,-60.05949811036306,-0.009328736034794994
train_00010,train,2,C3,750.0031330114582,19.955347094342613,0.00638616195067104
train_00010,train,3,A1,-599.9871727465389,-40.29707533535139,0.2876974694249682
train_00010,train,3,A2,-399.939090586676,-40.14508860288534,0.1045635285976637
train_00010,train,3,A3,-399.98812771516265,39.83031524104801,0.29536682051175617
train_00010,train,3,B1,-99.96364982832888,-39.98062591835469,0.0013286480816362793
train_00010,train,3,B2,99.96468490539998,-39.955143883622654,-0.0043788636386988215
train_00010,train,3,B3,99.97151338791721,40.031580370114554,0.0838390079471068
train_00010,train,3,C1,400.0254985564144,-39.70148512540478,-0.10751205143411516
train_00010,train,3,C2,600.0158942807728,-39.60044087984495,-0.14999847604950262
train_00010,train,3,C3,600.0016893057676,40.38881815657017,0.052819076815257486
train_00010,train,4,A1,50.01471706996417,-579.9878696215612,30.027997109007856
train_00010,train,4,A2,50.03635560078527,-379.9575964841081,29.922949516512514
train_00010,train,4,A3,-30.022677760190422,-380.00614585730466,29.952062468044538
train_00010,train,4,B1,49.97777578155695,-79.9782640166898,29.95039680689771
train_00010,train,4,B2,50.02269207411438,119.97550595610683,29.966989008779112
train_00010,train,4,B3,-29.975106160033082,119.978252429587,30.001805929412324
train_00010,train,4,C1,49.926075136385336,420.0223553010461,29.988463375924688
train_00010,train,4,C2,50.01513502503162,620.037811215006,30.01545664204211
train_00010,train,4,C3,-29.971550575159526,620.0304684360628,30.0146417475067
train_00011,train,0,A1,-850.0364522492652,9.962956150374916,9.933731124225076
train_00011,train,0,A2,-649.9813699847737,9.931095530092676,10.003468187825433
train_00011,train,0,A3,-650.0029431473168,89.96336241612084,9.98881389477461
train_00011,train,0,B1,-100.05142845646422,-39.96620014452385,0.011156086451995728
train_00011,train,0,B2,100.00367917686827,-40.011289212312064,-0.007525884814609341
train_00011,train,0,B3,100.03709772702683,39.95428655377059,-0.04402282989374459
train_00011,train,0,C1,650.034187681785,-90.02460125899808,-9.980980708804369
train_00011,train,0,C2,850.0347346115474,-90.02585260025505,-10.026185504397638
train_00011,train,0,C3,849.9985270011632,-9.999609066275571,-10.014648762532147
train_00011,train,1,A1,-749.9743873372919,-19.974264453357943,0.1271477147876426
train_00011,train,1,A2,-549.9867535157442,-20.016998622466986,-0.07306116555515163
train_00011,train,1,A3,-549.9166000542012,60.03063754935336,0.010954128705948174
train_00011,train,1,B1,-99.99945037666875,-40.03877514159906,-0.04838485550271431
train_00011,train,1,B2,100.01548206958621,-39.94801713102494,-0.03755705743614802
train_00011,train,1,B3,99.97817419370199,40.010786261183824,0.00914902488721519
train_00011,train,1,C1,549.9129358604033,-59.94660898647234,-0.03182431102938572
train_00011,train,1,C2,749.9894240529733,-60.05807626823576,-0.019333575057636894
train_00011,train,1,C3,749.9743053448365,20.01190479079668,0.01349474060690186
train_00011,train,2,A1,-600.0785896809837,-40.276271251243536,-0.07528027522792123
train_00011,train,2,A2,-400.09577168417354,-40.09815714676391,-0.021912720469395568
train_00011,train,2,A3,-400.06597132196305,39.875464480654884,-0.039662767367422816
train_00011,train,2,B1,-99.99562033892116,-40.07641069742566,-0.013682806578244312
train_00011,train,2,B2,100.08341677221354,-39.9613109856619,-0.004471268308533106
train_00011,train,2,B3,99.9832552067787,40.089592230944106,-0.010373156015979055
train_00011,train,2,C1,549.9304791307625,-59.98711980603393,-0.08818963846067444
train_00011,train,2,C2,750.0403183760369,-60.03901759566248,-0.004362235482347293
train_00011,train,2,C3,750.0486008358897,19.98905442457403,0.023146364040098198
train_00011,train,3,A1,-600.0885095995915,-40.27464512050358,-0.10148126247297115
train_00011,train,3,A2,-400.0923418171018,-40.16534402092667,-0.04470861564408488
train_00011,train,3,A3,-400.0730352006546,39.953151327079446,-0.03264502147406888
train_00011,train,3,B1,-99.964394462237,-40.10828438525319,-0.01665416003675542
train_00011,train,3,B2,100.11026487978161,-39.96255609503225,-0.02814941812017878
train_00011,train,3,B3,100.03067720127935,40.07950341743328,0.01644988199975047
train_00011,train,3,C1,399.91641896783614,-39.75207993449873,0.04462596881868487
train_00011,train,3,C2,600.0932959563283,-39.59126122726673,0.07127634138560543
train_00011,train,3,C3,600.0018856127541,40.391543740068315,0.017430300797690673
train_00011,train,4,A1,49.99380184788948,-580.0532808177455,29.967601030647913
train_00011,train,4,A2,49.92904880027016,-380.07606631484225,30.01681329388046
train_00011,train,4,A3,-30.063810686866223,-379.9957784752114,30.032477995542575
train_00011,train,4,B1,50.11698658951169,-79.97582041003692,29.99730355429982
train_00011,train,4,B2,50.05198021592953,120.08711689408736,29.989883137716312
train_00011,train,4,B3,-29.94687610366729,120.08543814710939,29.974738483640717
train_00011,train,4,C1,49.980331251805524,419.9602002453436,30.03118515928868
train_00011,train,4,C2,49.96046191371319,620.1319630179821,30.036953052065083
train_00011,train,4,C3,-30.04080200630376,620.0937919623211,30.00865907329752
train_00012,train,0,A1,-849.9621862903839,9.984820378074144,10.019608877620048
train_00012,train,0,A2,-650.0051248199566,10.011087482214736,9.960828312079801
train_00012,train,0,A3,-650.0006395800925,90.0618151402328,9.920608597122992
train_00012,train,0,B1,-100.00130983892429,-40.038391343682505,0.001396568857887664
train_00012,train,0,B2,99.98893096220102,-40.05756116402296,-0.028733883415705895
train_00012,train,0,B3,100.00973592425206,40.0104509245405,0.05447354648494257
train_00012,train,0,C1,650.0349803931008,-90.07532896432677,-10.008187108336498
train_00012,train,0,C2,849.9597255595727,-90.03752067757513,-9.988612713238767
train_00012,train,0,C3,850.0158857790584,-9.96442904635731,-10.004637823806663
train_00012,train,1,A1,-750.0343625150077,-19.989958068199904,-0.0564484687486744
train_00012,train,1,A2,-550.0043047888987,-20.03536512735311,0.015890974009179347
train_00012,train,1,A3,-550.0415021261961,60.001789298384836,0.03488467595588568
train_00012,train,1,B1,-99.98673968378893,-39.97253343645587,-0.020587922654551283
train_00012,train,1,B2,99.9881256909751,-40.00246366320967,0.05869671089767603
train_00012,train,1,B3,99.98547730219063,40.01639856396122,-0.06599675279524618
train_00012,train,1,C1,549.9582535377214,-59.93116977435313,0.015361921160298029
train_00012,train,1,C2,749.97465310279,-60.01097711555897,-0.032490709320344265
train_00012,train,1,C3,750.0422313802886,19.937096458627238,0.035202133883138996
train_00012,train,2,A1,-599.9963516298118,-39.91423369246472,-0.259349898332416
train_00012,train,2,A2,-400.0077993059596,-39.966456654127704,-0.1407999675873436
train_00012,train,2,A3,-399.99183072275537,39.96406790939486,-0.26698801034211994
train_00012,train,2,B1,-99.95196880302439,-40.0027551116396,-0.0047903957906905575
train_00012,train,2,B2,99.97889130889908,-39.986168682070875,0.055966779005593964
train_00012,train,2,B3,100.01731657470918,40.00949214550807,-0.08145080356799617
train_00012,train,2,C1,550.0400428148735,-59.88213858510889,-0.005172250633617569
train_00012,train,2,C2,750.0575124693473,-59.985988071721245,-0.03202775039996604
train_00012,train,2,C3,750.0022348998889,19.918492805099287,-0.027524467473670034
train_00012,train,3,A1,-599.9785413366202,-39.9305047869764,-0.17533984371900288
train_00012,train,3,A2,-399.96207032185777,-39.953390820461884,-0.17537754748141504
train_00012,train,3,A3,-400.07555236912367,40.088670054748576,-0.31626095931328924
train_00012,train,3,B1,-100.00897095268539,-39.985088676867576,-0.023513326669797854
train_00012,train,3,B2,100.05965744317312,-39.96203304069845,0.0424076012230353
train_00012,train,3,B3,100.05337887258344,40.02167965675218,-0.005322749449254378
train_00012,train,3,C1,399.9828990875786,-39.94037729410044,0.1214092237653589
train_00012,train,3,C2,599.958383068265,-39.96146647041742,0.2607129232493298
train_00012,train,3,C3,599.8971936902236,40.061951283361296,0.05654973531447531
train_00012,train,4,A1,49.953290339629916,-579.9074817376555,30.01615770238913
train_00012,train,4,A2,50.055926619832746,-380.0011828733595,29.954970927111997
train_00012,train,4,A3,-30.036300955296614,-380.0236208053977,30.048942542366532
train_00012,train,4,B1,50.10624859237626,-79.96917679664077,30.001393558238288
train_00012,train,4,B2,50.01799831533262,120.05234490303215,30.024684550565837
train_00012,train,4,B3,-29.940240432421938,120.04742047257213,30.065714478364946
train_00012,train,4,C1,49.98083659528875,420.032654404386,29.96379926154024
train_00012,train,4,C2,49.96572323472707,619.9950048858859,30.00147850204153
train_00012,train,4,C3,-29.942658743287133,619.8978834293254,29.98084815845218
train_00013,train,0,A1,-850.0014964789484,9.961396877017727,9.975841016161885
train_00013,train,0,A2,-650.0275334957255,9.981514688683637,10.026724696339157
train_00013,train,0,A3,-649.9883823485446,89.97991365076969,10.00026860327028
train_00013,train,0,B1,-100.01767089015505,-40.045151428555016,0.050429528983744615
train_00013,train,0,B2,99.97563715731116,-40.032073080285116,-0.04857974830884022
train_00013,train,0,B3,100.00160496297018,39.965846766875636,0.03414223276387761
train_00013,train,0,C1,650.0320311258049,-90.02767534171691,-9.99387816159648
train_00013,train,0,C2,850.0115410927983,-89.98791660942841,-9.964015720681557
train_00013,train,0,C3,850.0039062741631,-10.027397564788444,-9.992348205818155
train_00013,train,1,A1,-750.0042378656088,-19.94442953279615,0.031896345459398824
train_00013,train,1,A2,-549.951794338755,-20.05051042944722,-0.08954980842542845
train_00013,train,1,A3,-550.0064297435844,60.05908207962315,-0.0016440497545986144
train_00013,train,1,B1,-99.97276155259524,-39.9764908361924,-0.12750537543054044
train_00013,train,1,B2,100.05773331845963,-39.961583388447934,0.10506724406735475
train_00013,train,1,B3,99.97406551530256,40.02054530686292,-0.07469895786273731
train_00013,train,1,C1,549.9295276552557,-59.995608899806115,-0.05465770631596804
train_00013,train,1,C2,749.9349096559858,-59.98449866868762,-0.03761532409644991
train_00013,train,1,C3,749.9702563529994,20.03745334353595,-0.027328739516025432
train_00013,train,2,A1,-599.9925113103509,-40.02803044464363,-0.6645094566640886
train_00013,train,2,A2,-399.92778660773837,-40.08174601461072,-0.4617090994038773
train_00013,train,2,A3,-399.96974796230205,40.03610525253134,-0.7222737324184055
train_00013,train,2,B1,-100.02260989542481,-39.99185437090969,-0.05742698850900619
train_00013,train,2,B2,100.0795333165143,-39.922042799994706,0.05805044891117501
train_00013,train,2,B3,100.00630543136991,40.074408919611365,0.041962149920722
train_00013,train,2,C1,550.0311324033711,-59.905148310764844,-0.004980047318916353
train_00013,train,2,C2,749.9977196751869,-60.02963668711789,-0.05963886176097166
train_00013,train,2,C3,750.0064320984526,19.995985474798516,-0.060367469294191234
train_00013,train,3,A1,-599.9819361279773,-40.0309624916306,-0.6844411596334893
train_00013,train,3,A2,-399.9523427701744,-39.953166575989464,-0.41266172867582795
train_00013,train,3,A3,-399.99489471314735,39.98310107501579,-0.6894899154941236
train_00013,train,3,B1,-99.99175542585245,-40.00612741509737,-0.0458809906510383
train_00013,train,3,B2,100.08459654074016,-39.942610607927826,0.0892875458812374
train_00013,train,3,B3,100.0275004393794,40.0661268576692,-0.04827694446218823
train_00013,train,3,C1,399.9531008741286,-39.843624648347465,0.31142861252313325
train_00013,train,3,C2,600.0227229066458,-39.758774533070174,0.3528038189561444
train_00013,train,3,C3,599.9481697445179,40.2788532235545,0.3162157738181553
train_00013,train,4,A1,49.90875829802169,-579.9808499759342,29.96113776798761
train_00013,train,4,A2,50.00086492339537,-379.9237877646802,30.003664585077743
train_00013,train,4,A3,-30.012545221621558,-380.020698676923,29.93927802286158
train_00013,train,4,B1,49.96038135575646,-79.9936777606655,30.09290307670648
train_00013,train,4,B2,50.007655042073566,120.09954832854741,30.0432478181461
train_00013,train,4,B3,-30.003472416269823,120.0509670218313,30.118834548643157
train_00013,train,4,C1,50.03537829556755,420.0320646351217,29.982829805207228
train_00013,train,4,C2,49.913661081636576,619.9713689110661,29.908053244931157
train_00013,train,4,C3,-30.107102207053384,619.8415651183504,30.056333222019667
train_00014,train,0,A1,-849.9794169244534,9.985756718050931,9.97826246238788
train_00014,train,0,A2,-649.9973759682221,10.044462481819707,9.986041801525822
train_00014,train,0,A3,-649.9711738038734,89.9902635728892,9.957055912137303
train_00014,train,0,B1,-99.97093619811409,-40.03464671498956,0.07367737329229698
train_00014,train,0,B2,100.01291507967494,-40.02622598742577,-0.049476494251282734
train_00014,train,0,B3,99.98167489105839,39.921642303957164,0.02058124217105326
train_00014,train,0,C1,650.0327435112775,-89.96460534041839,-9.984018380251614
train_00014,train,0,C2,850.009040383997,-89.98698506993739,-9.958401624155364
train_00014,train,0,C3,849.9467993877518,-9.995133180434907,-10.0344202549059
train_00014,train,1,A1,-750.0222594330611,-19.98480068856769,0.04222691833293226
train_00014,train,1,A2,-550.0598330890501,-20.051069720847867,-0.0032634921691477234
train_00014,train,1,A3,-550.0141160987084,59.94221682452649,0.07830077060786104
train_00014,train,1,B1,-100.01422186714053,-39.94894646491738,-0.08771214476082467
train_00014,train,1,B2,99.96858779396838,-39.93860865878822,0.011190081127017776
train_00014,train,1,B3,99.92675247075236,40.094772784591704,-0.0046289315560025576
train_00014,train,1,C1,549.9616293883009,-60.043494390262026,-0.0061030679781469595
train_00014,train,1,C2,749.9833836738843,-59.95359262406151,-0.0669688929212404
train_00014,train,1,C3,750.0624627223227,19.950465604276896,0.07086183742442999
train_00014,train,2,A1,-600.0374542331489,-40.0940933247809,-0.383173000797352
train_00014,train,2,A2,-400.05781308998473,-39.97984219621956,-0.18647485952034543
train_00014,train,2,A3,-400.03379108664666,39.94850902922896,-0.2544729506219928
train_00014,train,2,B1,-99.95038050125333,-39.9373744084274,-0.08162802437218271
train_00014,train,2,B2,100.01581808996123,-39.86734738934111,0.07917858603286206
train_00014,train,2,B3,100.05467491182057,40.034171387219104,0.039980595237953706
train_00014,train,2,C1,549.9778507018572,-59.97930048139631,-0.017283311301206077
train_00014,train,2,C2,749.9904663344983,-60.03908450489333,-0.00633539456112471
train_00014,train,2,C3,750.0301428599572,19.98716957926812,0.05202987909418624
train_00014,train,3,A1,-600.0568246697968,-40.097102338290426,-0.36547970150618647
train_00014,train,3,A2,-400.0294195742197,-40.005269234076835,-0.1433797434207494
train_00014,train,3,A3,-400.03906112324063,39.97077846256047,-0.2365862771666058
train_00014,train,3,B1,-99.99426722728529,-39.94106582191533,-0.07618619423886096
train_00014,train,3,B2,99.99643672374864,-39.93576161895074,0.040122853593190996
train_00014,train,3,B3,100.08747421205427,40.043130536849816,-0.07476354154520198
train_00014,train,3,C1,400.02174460389165,-39.94261426165056,0.3573317131484209
train_00014,train,3,C2,600.0067675261747,-39.89743599518847,0.47069697295087426
train_00014,train,3,C3,600.0680873283612,40.093874342935685,0.4567559690196987
train_00014,train,4,A1,50.05083743837072,-579.9945424639668,30.057433924158744
train_00014,train,4,A2,50.007545813551765,-380.05785249136625,29.98255100807087
train_00014,train,4,A3,-30.055452325129355,-380.0454908153357,29.94552744082078
train_00014,train,4,B1,50.072031746946735,-79.98950056636806,29.908062841485698
train_00014,train,4,B2,49.95078622304297,120.01017114720068,29.942897199120313
train_00014,train,4,B3,-29.929526044473686,120.03921342316328,29.90714336268355
train_00014,train,4,C1,49.95761779990789,420.04492619277715,29.962078815963615
train_00014,train,4,C2,50.014134737402586,620.014806444831,29.981631918363
train_00014,train,4,C3,-29.9950720914805,619.9627486786668,30.020624014659145
train_00015,train,0,A1,-849.9553612901294,9.973004368625215,10.00812838143809
train_00015,train,0,A2,-649.9687911027817,9.96888633792382,9.97286131478149
train_00015,train,0,A3,-650.0004413911115,89.97181303604953,10.017738752183018
train_00015,train,0,B1,-100.00494047761201,-39.99472267300783,0.01260665798766944
train_00015,train,0,B2,99.99477316561672,-40.06748837422476,0.01843306766787388
train_00015,train,0,B3,100.05084275086597,39.99628277184875,-0.018703457869063217
train_00015,train,0,C1,650.0619796118021,-89.95769520495843,-9.964579763832596
train_00015,train,0,C2,850.0306007794536,-90.02259699388104,-10.043540673069458
train_00015,train,0,C3,850.0045159891964,-9.959949528859378,-9.965864822955936
train_00015,train,1,A1,-750.0490925861526,-19.926252980232025,-0.0020213828734656734
train_00015,train,1,A2,-550.0211245297286,-20.03026537194628,0.05069660023552801
train_00015,train,1,A3,-549.9915566824848,60.061677978459606,0.029857483428599924
train_00015,train,1,B1,-99.9694806426431,-40.027350615846586,-0.016670360514037266
train_00015,train,1,B2,100.00798074259008,-40.010615942620575,-0.08057696330610431
train_00015,train,1,B3,99.99891318928854,40.092824151418,-0.01765940852404927
train_00015,train,1,C1,549.9415480542428,-60.054423039158124,-0.030193558056556147
train_00015,train,1,C2,749.9358435523886,-60.0538233511023,0.03664556942422223
train_00015,train,1,C3,749.9619041936166,19.941574903085137,0.003743104665769492
train_00015,train,2,A1,-599.9774675975113,-40.2178591631715,0.19386413061574084
train_00015,train,2,A2,-399.971630986082,-40.12164573736132,0.06722707869452751
train_00015,train,2,A3,-400.07313775341447,39.88736814351341,0.11820691850390226
train_00015,train,2,B1,-100.00364088006371,-39.99234211269204,0.006077896572215791
train_00015,train,2,B2,99.96081155809541,-40.006422999713045,-0.026001528434076254
train_00015,train,2,B3,99.93084524612175,40.085212433150176,0.02090139480194527
train_00015,train,2,C1,550.1268817193597,-60.08833267032229,-0.0068952906581747275
train_00015,train,2,C2,749.9262508920715,-60.04417268851935,0.04258488421839164
train_00015,train,2,C3,749.8616688294223,19.930230413156185,-0.03404896010229125
train_00015,train,3,A1,-599.9711963064466,-40.25052002464588,0.15284177235966134
train_00015,train,3,A2,-399.988222071146,-40.1602852670293,0.10555530857943124
train_00015,train,3,A3,-400.05238678246707,39.892497068600456,0.029811902905702514
train_00015,train,3,B1,-99.97377929723775,-39.98047341201442,-0.02903034902811454
train_00015,train,3,B2,99.97503989874697,-39.99761964192538,0.019625620343446663
train_00015,train,3,B3,99.95311867962484,40.03721214444659,-0.012226356653799557
train_00015,train,3,C1,400.0527752683704,-39.81603236351301,-0.01478165457673826
train_00015,train,3,C2,599.9447042915867,-39.88221692521441,-0.1118729174552264
train_00015,train,3,C3,599.940390406712,40.11373887144711,-0.039048394641478405
train_00015,train,4,A1,49.99989496740423,-580.0343747934697,30.135847445718866
train_00015,train,4,A2,50.025587530123055,-380.01208351956683,29.935172084169764
train_00015,train,4,A3,-30.035961277746573,-380.01080977292634,29.9923719397098
train_00015,train,4,B1,49.911065373863465,-79.93786060658736,29.902472023672544
train_00015,train,4,B2,50.03229112132961,120.03758189499158,29.939184589264134
train_00015,train,4,B3,-30.049660136284547,119.9567918948513,29.95050691009191
train_00015,train,4,C1,49.91723455567124,420.0049480956463,29.9130739747878
train_00015,train,4,C2,50.03094794743066,619.9490717326116,29.950342503706462
train_00015,train,4,C3,-29.90982627042575,619.9290411248742,30.066650069490297
train_00016,train,0,A1,-849.9555009847106,9.999342492855018,9.972658717956087
train_00016,train,0,A2,-649.9347250278166,10.030220466564609,10.015201012411957
train_00016,train,0,A3,-650.003054729324,89.97430790405045,10.002057125019363
train_00016,train,0,B1,-100.0521810163376,-39.97310359062839,-0.011097014662236863
train_00016,train,0,B2,100.01305526752658,-39.9298215485452,0.05082091899331833
train_00016,train,0,B3,100.04737420383914,39.95557582798796,-0.0081877900360382
train_00016,train,0,C1,650.0095514311903,-90.00091636450686,-10.010000448228496
train_00016,train,0,C2,849.9310607439479,-89.9751070023629,-9.999389167781144
train_00016,train,0,C3,850.0416043073335,-9.948349807105823,-10.000977328976669
train_00016,train,1,A1,-750.0288115845525,-20.027531528111073,0.00815104693768862
train_00016,train,1,A2,-550.0936218873176,-19.952851790178524,-0.0054640404881192255
train_00016,train,1,A3,-550.0095883722968,59.991281394227656,-0.0335853227637179
train_00016,train,1,B1,-99.98030685259731,-40.092198699358164,-0.03070482642999315
train_00016,train,1,B2,100.00974111438583,-40.015165281706686,-0.03830350248911972
train_00016,train,1,B3,99.9756421591572,40.06490820586258,0.020225972006071243
train_00016,train,1,C1,550.0517191264108,-60.01057826451427,-0.004099010960262696
train_00016,train,1,C2,749.9603273256095,-60.080665300648775,0.04171675780657013
train_00016,train,1,C3,750.0477179671902,19.93946511071115,0.031568907036853416
train_00016,train,2,A1,-600.0126675279682,-40.3621935120218,0.046945448687890814
train_00016,train,2,A2,-400.05574497522406,-40.26084710202393,0.0006651114199941787
train_00016,train,2,A3,-399.97658280236254,39.75198801945564,0.10691792138400022
train_00016,train,2,B1,-99.94684290643642,-40.06181669974761,0.045839652071963256
train_00016,train,2,B2,99.99908242293547,-39.93675572599518,0.016043799878130517
train_00016,train,2,B3,99.96462183131808,40.017777469112595,0.06189554128734315
train_00016,train,2,C1,550.0038186180766,-60.025230650435695,-0.01583183138396629
train_00016,train,2,C2,749.972681933952,-60.084419324400365,0.009419984272377209
train_00016,train,2,C3,750.0969495504888,19.93490601546835,0.01713935268176711
train_00016,train,3,A1,-600.0365495870437,-40.33315738231673,-0.004683457656855232
train_00016,train,3,A2,-400.1306021666354,-40.305162891763665,-0.025818859185951067
train_00016,train,3,A3,-400.0322093298057,39.65739339155368,0.03226734716009688
train_00016,train,3,B1,-100.05264574299926,-40.06457495494859,0.0009861872282049097
train_00016,train,3,B2,100.06030186126583,-40.00950766349533,-0.06379233742845608
train_00016,train,3,B3,99.96053301085202,40.03224948538856,0.08072144525085956
train_00016,train,3,C1,399.9249561645329,-39.84131098460004,-0.007953664046232174
train_00016,train,3,C2,599.9679424480848,-39.60773655242419,-0.06931410028754292
train_00016,train,3,C3,599.9126577013188,40.256519439190185,-0.04800173104830139
train_00016,train,4,A1,50.08241225746951,-579.9767462155754,30.07232776498337
train_00016,train,4,A2,50.061758410792876,-380.038882715968,29.978558737313158
train_00016,train,4,A3,-29.896831677548146,-380.0110040160427,29.992373158074887
train_00016,train,4,B1,49.98236145770605,-80.0367517985002,30.073263839701998
train_00016,train,4,B2,49.96850775769862,120.08837598004366,29.97897527054329
train_00016,train,4,B3,-29.93816630934742,119.99511284251436,30.034341497297206
train_00016,train,4,C1,50.0476331616595,419.99029137771004,29.96722983429577
train_00016,train,4,C2,49.90585593557651,620.0117485453828,30.015910134923963
train_00016,train,4,C3,-30.04234080975053,619.9962253894827,30.033403878446475
train_00017,train,0,A1,-850.067683801186,9.974247526647464,9.965638360374223
train_00017,train,0,A2,-650.0578718787337,9.969766198033737,10.019683983783263
train_00017,train,0,A3,-650.0222458438808,90.02754433669234,9.968800526748318
train_00017,train,0,B1,-99.96451478084403,-40.00428695186278,-0.0533497614346959
train_00017,train,0,B2,99.90279687440156,-40.04022542095989,0.03230100961032317
train_00017,train,0,B3,100.00698715835783,40.047207096574375,-0.058049059869707584
train_00017,train,0,C1,650.0102951562353,-90.02383828030403,-9.96076065743201
train_00017,train,0,C2,849.990735526332,-89.95981996387596,-9.974969514405135
train_00017,train,0,C3,849.9861519641457,-9.997310829197813,-10.02753757203884
train_00017,train,1,A1,-749.9228194072431,-20.021100421528367,0.0132955269633434
train_00017,train,1,A2,-549.966938794241,-20.043071432469098,0.019895841497782413
train_00017,train,1,A3,-549.9401663488853,60.002391426367176,0.0013774243120420057
train_00017,train,1,B1,-99.99537235898485,-39.95888173552736,0.03908680195658352
train_00017,train,1,B2,100.0578860000281,-39.99019767254426,0.018180192340076257
train_00017,train,1,B3,100.01255837827462,40.02694923255216,0.08311014101505015
train_00017,train,1,C1,550.0259529615757,-59.91191000436912,-0.035341518345976757
train_00017,train,1,C2,750.0079811946358,-59.96548307157284,-0.029365570700342805
train_00017,train,1,C3,749.974345042158,19.959390422955266,0.021244521504820042
train_00017,train,2,A1,-599.9943201307186,-39.892824349544014,0.10791094880754049
train_00017,train,2,A2,-400.0589053766108,-39.95602970224947,0.041541515996416596
train_00017,train,2,A3,-399.99024292252216,40.06165502942048,0.0975641803731418
train_00017,train,2,B1,-100.03273392719501,-39.90304924548726,-0.006341908713333268
train_00017,train,2,B2,100.03943282477991,-40.01188386401058,-0.009325797939880994
train_00017,train,2,B3,100.01907772426405,40.01036479375581,0.05812679159550738
train_00017,train,2,C1,550.0159437271503,-59.960415873107664,-0.054097588102597134
train_00017,train,2,C2,750.0039727740224,-59.93094146710754,0.011944357318160962
train_00017,train,2,C3,749.9332513839904,20.025825995690933,0.10359020895346083
train_00017,train,3,A1,-599.9710305777966,-39.882918660093104,0.1908428964056601
train_00017,train,3,A2,-400.01971775489625,-39.9580831351537,-0.015270960656139254
train_00017,train,3,A3,-399.9966403070663,40.14059866948738,0.0898063403903798
train_00017,train,3,B1,-100.0640015186073,-39.94757719585476,0.00849560858366108
train_00017,train,3,B2,100.00298409565117,-40.01143712143539,-0.07039278340512387
train_00017,train,3,B3,100.03594680158555,39.91868174194036,0.06880941368873211
train_00017,train,3,C1,399.95604133736725,-40.02432879759765,0.010222724751019124
train_00017,train,3,C2,600.0296752308694,-40.250178262272,-0.026269116200211114
train_00017,train,3,C3,599.9645654166179,39.72598222207741,-0.006154987525985889
train_00017,train,4,A1,49.99804163714918,-579.9686575996453,30.052571329714628
train_00017,train,4,A2,50.038823717848175,-380.00142316488774,29.904602131280427
train_00017,train,4,A3,-29.95164380535258,-380.0081024809744,30.027267197294893
train_00017,train,4,B1,49.97089734009958,-80.03014809874671,29.944877877702474
train_00017,train,4,B2,49.94347986692937,120.03223614528002,29.957249823218525
train_00017,train,4,B3,-30.064287881344878,120.0533329410188,30.033142201942937
train_00017,train,4,C1,49.95267834337643,419.91900237868447,30.005790472807863
train_00017,train,4,C2,49.95330293280355,620.0147628431212,30.03937889584877
train_00017,train,4,C3,-29.95214477109297,619.9694664777204,30.009749741460016
train_00018,train,0,A1,-849.9924439696237,9.999562353481462,10.026591108370434
train_00018,train,0,A2,-650.0394229624409,9.95519109353671,9.995868443701976
train_00018,train,0,A3,-649.9834971445423,89.99315638154918,9.98818833158104
train_00018,train,0,B1,-99.97329940933159,-39.97495479693369,-0.03088438646989453
train_00018,train,0,B2,99.97366596984133,-40.00965174939687,0.028728014517279903
train_00018,train,0,B3,100.01434166733299,40.02622105929712,-0.025694978350080083
train_00018,train,0,C1,650.0163026568106,-90.04167624180687,-10.014397659856293
train_00018,train,0,C2,850.0009349561801,-89.94850273657603,-9.986301440977865
train_00018,train,0,C3,849.9983463429913,-10.003290310335393,-9.939149692831853
train_00018,train,1,A1,-749.98777555165,-20.073250634938866,0.03653372930831034
train_00018,train,1,A2,-550.0017050068191,-20.004363952502416,0.030273218626857702
train_00018,train,1,A3,-550.0400557258578,60.01992504830864,0.029759330978226077
train_00018,train,1,B1,-100.02028053829224,-39.998981743003924,0.03740566708481584
train_00018,train,1,B2,100.04702720484507,-39.991845042981744,-0.043336324529931594
train_00018,train,1,B3,99.9869343737984,39.97111260231189,0.053496700869938865
train_00018,train,1,C1,549.955086540484,-59.976190889899875,0.02582475857566255
train_00018,train,1,C2,749.9742891984616,-59.990671498305105,0.04515787849841743
train_00018,train,1,C3,750.0513943638099,19.918633503327644,-0.08718960128774808
train_00018,train,2,A1,-600.0106063034378,-40.02612270259493,0.17679582694503607
train_00018,train,2,A2,-399.9372174615921,-39.96702002015015,0.16424365280059586
train_00018,train,2,A3,-400.03711281074794,40.050420466153994,0.31280849851266646
train_00018,train,2,B1,-100.03298676550739,-39.99605759892526,-0.0017098842151016258
train_00018,train,2,B2,99.98315877155505,-39.98785803807765,-0.13316566999399423
train_00018,train,2,B3,99.98517879414162,40.031459931211714,0.09055753197272032
train_00018,train,2,C1,549.9832415443732,-59.99152899065596,0.07023616036393968
train_00018,train,2,C2,749.967520218526,-60.05399195463891,0.014162243456603864
train_00018,train,2,C3,750.0644737122686,19.88980245983126,-0.12443103957058842
train_00018,train,3,A1,-599.9135786930744,-40.01537617957745,0.17832943760516762
train_00018,train,3,A2,-400.0333784798167,-39.995562276274704,0.19176368480142067
train_00018,train,3,A3,-399.94399373669523,40.0248995422176,0.22885468341094983
train_00018,train,3,B1,-99.96610742813726,-40.001671741306296,0.006114003964797509
train_00018,train,3,B2,100.07053231201864,-40.01514385926585,-0.12039570110253743
train_00018,train,3,B3,99.94303178346084,39.94249029299506,0.12519106642110034
train_00018,train,3,C1,399.972537283131,-39.936679894178404,-0.3952628429895547
train_00018,train,3,C2,599.9791080805588,-40.01698949717967,-0.5358207208719428
train_00018,train,3,C3,599.9345106667724,40.08149542901076,-0.11760005431087672
train_00018,train,4,A1,50.010238542342286,-579.9019596570001,29.960611593004284
train_00018,train,4,A2,49.9732561841428,-380.00039640696514,30.019675761101407
train_00018,train,4,A3,-30.058731430739815,-380.0062175700751,29.90368439569185
train_00018,train,4,B1,50.03343091521454,-79.94318084399163,30.11318350070167
train_00018,train,4,B2,49.99349310254604,120.07033348207831,30.076161683658327
train_00018,train,4,B3,-30.00864938233199,119.98325197549714,30.04465223855172
train_00018,train,4,C1,49.95707075425676,419.9715892130194,29.95527952897942
train_00018,train,4,C2,49.98751905434377,619.9357276397017,29.92641201260802
train_00018,train,4,C3,-29.997451125573885,619.9700282010389,30.031355116331593
train_00019,train,0,A1,-849.9913786192807,9.96452958897343,10.017494401907415
train_00019,train,0,A2,-649.967174770939,9.934683096411636,9.949713870998654
train_00019,train,0,A3,-649.9426706981707,89.95839871655647,9.992313075887592
train_00019,train,0,B1,-99.99191443553963,-40.01265003306645,0.010588648936520048
train_00019,train,0,B2,99.93768100395472,-39.944960313178974,-0.00814593488176555
train_00019,train,0,B3,99.9946645413158,39.99901017834894,-0.07044682655225047
train_00019,train,0,C1,649.9621347839399,-90.03265903690514,-10.016596533723826
train_00019,train,0,C2,849.9933952164396,-90.0258022190665,-10.000352469547082
train_00019,train,0,C3,850.0194444590232,-10.040112564314414,-9.975042983354555
train_00019,train,1,A1,-750.0497087622889,-20.001905150344562,-0.026221134739953845
train_00019,train,1,A2,-550.0240727339283,-19.9622606612438,0.0012710423223738776
train_00019,train,1,A3,-550.0448687124274,60.129392623207856,-0.01721345438352783
train_00019,train,1,B1,-99.99767707284664,-40.0086742506847,0.004002862470599063
train_00019,train,1,B2,100.06323328080542,-40.023168959518124,0.02204993921972495
train_00019,train,1,B3,100.07006070876794,40.00334718506284,0.0405305787940381
train_00019,train,1,C1,550.0087752640922,-60.01405172011821,0.03948401171820299
train_00019,train,1,C2,750.0649501932818,-60.043270330222214,0.04809227144581138
train_00019,train,1,C3,750.036180297339,20.046532046085627,-0.04473382019724215
train_00019,train,2,A1,-599.9505288371583,-39.95768473360319,0.023202438035749923
train_00019,train,2,A2,-400.0000385864288,-40.001409806962904,-0.018907181416481657
train_00019,train,2,A3,-399.93404213764563,39.99254032226204,0.020684935236505865
train_00019,train,2,B1,-100.00181637569918,-39.960430888164424,-0.029415013351342056
train_00019,train,2,B2,100.01610191658766,-39.94891399909918,0.02152655645068257
train_00019,train,2,B3,99.98799277343535,39.95074541485175,0.034402260172050815
train_00019,train,2,C1,549.9399997272374,-60.056557144236365,0.09312046572694868
train_00019,train,2,C2,749.9823658695233,-59.96235294721435,0.044521430802890644
train_00019,train,2,C3,750.0153556560771,20.04422337566248,-0.007273598020336183
train_00019,train,3,A1,-600.0132963658931,-39.94475624103716,0.06589467018205136
train_00019,train,3,A2,-399.99066835614815,-40.04938103130673,0.02644320767004774
train_00019,train,3,A3,-399.86005745906175,39.98205732299684,0.08742545360033457
train_00019,train,3,B1,-99.97205828976658,-39.88065570326585,0.027993943916460314
train_00019,train,3,B2,100.04074369166224,-39.98543216456407,-0.04260140387204839
train_00019,train,3,B3,100.0555279921818,39.96482636866893,0.011873689218341654
train_00019,train,3,C1,400.00152606386,-40.037764014739274,0.14524586181765883
train_00019,train,3,C2,600.0230809682267,-40.059428953815626,0.1530321075925934
train_00019,train,3,C3,600.0713564030967,39.93940692631972,0.0911744189331742
train_00019,train,4,A1,50.03114679768586,-580.0569171701827,30.005532647256953
train_00019,train,4,A2,50.04339375908896,-379.97691887361185,30.003852693269952
train_00019,train,4,A3,-29.971750821083358,-379.99155150589695,30.06014241885402
train_00019,train,4,B1,49.93723074196495,-79.9719967017399,29.94384910713474
train_00019,train,4,B2,49.931639962574025,119.94993050696007,29.929339995132192
train_00019,train,4,B3,-29.931351261778325,120.02105699446734,29.994785566202044
train_00019,train,4,C1,49.937761514615595,420.02486976764953,30.007632289177803
train_00019,train,4,C2,50.07285318833831,619.9700649290666,30.153476775494042
train_00019,train,4,C3,-30.0418303801219,620.0260746238611,30.029667467827526
calibration_00000,calibration,0,A1,-849.9697103471992,9.956799102054019,10.06226643707858
calibration_00000,calibration,0,A2,-650.0378395698123,9.959157757334772,9.979376132588893
calibration_00000,calibration,0,A3,-650.0392609127407,89.96059472338025,9.963395699394466
calibration_00000,calibration,0,B1,-99.99747105818228,-40.01420278737811,-0.02954063903606447
calibration_00000,calibration,0,B2,99.99375388353505,-39.92966551183308,-0.016437615297971497
calibration_00000,calibration,0,B3,100.06828660370864,40.02158532599729,-0.04597313143889911
calibration_00000,calibration,0,C1,649.9669974197209,-90.02614654451212,-9.953008674708688
calibration_00000,calibration,0,C2,850.0183471464242,-89.99119349940173,-9.973808776866564
calibration_00000,calibration,0,C3,849.9993008470984,-10.017550979275262,-9.996154759212164
calibration_00000,calibration,1,A1,-749.9883737956984,-19.94378388116792,-0.06337049574485143
calibration_00000,calibration,1,A2,-550.0348699536332,-19.963865356049013,-0.02745386503440478
calibration_00000,calibration,1,A3,-550.0382200924909,60.10937004298637,0.053797676251631565
calibration_00000,calibration,1,B1,-100.00681117372709,-40.06161876843749,0.016750933298715912
calibration_00000,calibration,1,B2,99.9503401546197,-40.09300264537996,-0.027096364836928687
calibration_00000,calibration,1,B3,100.01363268742878,39.99658106617387,0.06386494746767121
calibration_00000,calibration,1,C1,549.9811360399982,-60.01454431810951,-0.08642388794713793
calibration_00000,calibration,1,C2,750.0394275411281,-60.031697000934706,-0.014193727123559954
calibration_00000,calibration,1,C3,750.0038957034329,20.039217575225642,-0.04672283830682759
calibration_00000,calibration,2,A1,-600.0113549049167,-39.980915147686105,0.12309672316589956
calibration_00000,calibration,2,A2,-399.98992562901987,-40.09355690722345,0.16623859881825576
calibration_00000,calibration,2,A3,-400.0152414517983,39.96195022121244,0.219495274140676
calibration_00000,calibration,2,B1,-99.99932066882818,-40.03182401124716,0.12921708006878252
calibration_00000,calibration,2,B2,100.01241964172527,-40.01629533133443,0.009310447536837185
calibration_00000,calibration,2,B3,99.9714343171492,39.95363179643915,0.024372973208033964
calibration_00000,calibration,2,C1,549.956475804017,-60.05844750249197,-0.031776743374374805
calibration_00000,calibration,2,C2,750.0132710759966,-59.971983783459414,-0.011330448110173736
calibration_00000,calibration,2,C3,749.9699675835128,20.008667100431243,-0.01593910702724645
calibration_00000,calibration,3,A1,-599.934615822116,-40.06025577255175,0.17564032738046811
calibration_00000,calibration,3,A2,-400.0012171281314,-40.08692894352823,0.0773948760580696
calibration_00000,calibration,3,A3,-399.96159623025585,39.93971445581388,0.20539708010707744
calibration_00000,calibration,3,B1,-100.0085457591365,-40.01154709585833,0.039901065922084145
calibration_00000,calibration,3,B2,99.94308978418967,-40.038631640083636,0.047859121550680866
calibration_00000,calibration,3,B3,99.88406379159316,39.93222634446294,0.05377646650763593
calibration_00000,calibration,3,C1,399.97016571401355,-40.01787391500753,-0.21283708714332145
calibration_00000,calibration,3,C2,600.0487443743245,-39.96311386016085,-0.2518651562646637
calibration_00000,calibration,3,C3,599.9523128362472,39.953253220749666,-0.3135336896235837
calibration_00000,calibration,4,A1,50.0274351370449,-579.9463897524993,29.87688259644678
calibration_00000,calibration,4,A2,50.05003907848339,-379.99102923232846,29.966935602695067
calibration_00000,calibration,4,A3,-30.022261604639343,-379.9503132768509,29.95056945870716
calibration_00000,calibration,4,B1,49.91283461686039,-80.02731168334059,30.013270929261974
calibration_00000,calibration,4,B2,49.96802375440892,119.9551030286811,30.174401237995923
calibration_00000,calibration,4,B3,-29.920125196516953,119.9521241726133,30.10847106200749
calibration_00000,calibration,4,C1,50.00096619661756,420.055033663621,30.046917320440475
calibration_00000,calibration,4,C2,49.99830697313027,620.0566267298938,29.981102910599436
calibration_00000,calibration,4,C3,-29.9631004406815,619.9796239443677,29.90875994417105
calibration_00001,calibration,0,A1,-850.0024797261932,9.966638251753993,10.041425756203138
calibration_00001,calibration,0,A2,-649.9728911654998,10.034054476092944,9.97893930629704
calibration_00001,calibration,0,A3,-649.9917207217994,90.00358629438423,10.011439926725119
calibration_00001,calibration,0,B1,-99.99401607775316,-39.95883872789462,-0.02411178196542802
calibration_00001,calibration,0,B2,99.96309780436822,-40.07063344746373,0.004866441011656635
calibration_00001,calibration,0,B3,100.00695245888129,40.026210768381624,-0.018344345564914686
calibration_00001,calibration,0,C1,650.0578040794239,-90.0123742470787,-9.98656628986371
calibration_00001,calibration,0,C2,850.0155494564957,-90.00177031817562,-10.021952853518656
calibration_00001,calibration,0,C3,850.0071117556515,-9.960442843817074,-9.998176843925874
calibration_00001,calibration,1,A1,-750.0126411887103,-19.99548626597632,-0.002354968766864224
calibration_00001,calibration,1,A2,-550.0130535720511,-20.0741754643074,-0.03248505321917925
calibration_00001,calibration,1,A3,-550.0186550588319,59.959852007325814,-0.004527411554946758
calibration_00001,calibration,1,B1,-99.98172291137178,-40.0714660726682,0.06835665299557146
calibration_00001,calibration,1,B2,99.95482777732657,-40.02496673823363,-0.039650268992384906
calibration_00001,calibration,1,B3,100.01571596992702,40.03839695669358,0.03475983693118284
calibration_00001,calibration,1,C1,549.9727414869667,-60.04149593357271,-0.024106175273903165
calibration_00001,calibration,1,C2,749.9539871263047,-60.00933375083512,0.07816771250288598
calibration_00001,calibration,1,C3,749.9690971000165,19.966335628069785,0.032163468875715646
calibration_00001,calibration,2,A1,-600.0235604010089,-40.238071240511466,0.3159526709818351
calibration_00001,calibration,2,A2,-400.05104698418614,-40.132325563890014,0.26577976764633743
calibration_00001,calibration,2,A3,-399.9869032501494,39.798001983953,0.3422742081876329
calibration_00001,calibration,2,B1,-99.93512051181125,-40.094854527873565,-0.06624193350636093
calibration_00001,calibration,2,B2,100.01370009661012,-40.0427329936142,-0.04802941445636663
calibration_00001,calibration,2,B3,99.96019610788404,40.059952666017764,-0.019368410408425903
calibration_00001,calibration,2,C1,550.0001255419174,-59.97849964087619,-0.05186769123721903
calibration_00001,calibration,2,C2,749.9560039382583,-59.99600929776508,-0.04093195639477924
calibration_00001,calibration,2,C3,749.9782018553095,19.99640621048129,0.02636837623433998
calibration_00001,calibration,3,A1,-599.9807711580469,-40.144055604883484,0.25142751978911126
calibration_00001,calibration,3,A2,-400.00708383767187,-40.164223762418096,0.3017257208437289
calibration_00001,calibration,3,A3,-399.99208105910543,39.85302004801497,0.31765371777370094
calibration_00001,calibration,3,B1,-99.94556970258203,-40.058926843943155,0.004369209782474506
calibration_00001,calibration,3,B2,100.03912115223255,-39.99381684642093,-0.059835044349585934
calibration_00001,calibration,3,B3,99.94585758398088,40.06206730498283,0.01721161000283205
calibration_00001,calibration,3,C1,399.97152077311796,-39.832154027168535,-0.016948474673102454
calibration_00001,calibration,3,C2,599.9429334847679,-39.75804585008499,0.06836572817469745
calibration_00001,calibration,3,C3,599.9794494480093,40.27377100145762,0.024532497130305166
calibration_00001,calibration,4,A1,49.995610282054564,-579.9918832521505,30.032967487589218
calibration_00001,calibration,4,A2,50.041532192343496,-379.98462988436927,30.10380445488933
calibration_00001,calibration,4,A3,-29.985960721022458,-379.9336849892343,30.021200891947252
calibration_00001,calibration,4,B1,49.98603238084188,-79.99918959851078,29.955511148707213
calibration_00001,calibration,4,B2,50.047253994567704,120.03335912327506,29.883669689496067
calibration_00001,calibration,4,B3,-29.954628959752352,119.96381004737458,29.899618434318327
calibration_00001,calibration,4,C1,49.99081069691363,420.0566225155831,30.01790594383407
calibration_00001,calibration,4,C2,50.002524920169904,619.9884283674792,30.174421934330194
calibration_00001,calibration,4,C3,-30.056724173302896,620.0768614497081,30.044614060873432
calibration_00002,calibration,0,A1,-850.0060939932199,9.995853340241815,10.033951911651762
calibration_00002,calibration,0,A2,-650.0401795837073,9.978889239614265,10.02665976435753
calibration_00002,calibration,0,A3,-650.0572294515099,89.9999197038182,10.041451792751104
calibration_00002,calibration,0,B1,-99.99570983213334,-39.96650467133568,-0.01632381921386401
calibration_00002,calibration,0,B2,100.00644150298056,-39.99081119192605,0.05316096042926886
calibration_00002,calibration,0,B3,99.96812443443358,40.011599029552166,-0.043314759059694743
calibration_00002,calibration,0,C1,649.9772021134312,-90.00234259341921,-9.950957494207092
calibration_00002,calibration,0,C2,850.0284606999287,-89.98764033513446,-9.9800784514939
calibration_00002,calibration,0,C3,849.9883328078016,-10.001023857485485,-9.985492249788877
calibration_00002,calibration,1,A1,-749.9602196196001,-19.95250342190225,-0.08356703749541103
calibration_00002,calibration,1,A2,-549.972117530649,-20.01105943835332,0.033198201893593654
calibration_00002,calibration,1,A3,-549.9380915803833,59.95833832102851,-0.07541803867382896
calibration_00002,calibration,1,B1,-100.01135462277166,-40.06664191433588,0.07344685535997432
calibration_00002,calibration,1,B2,99.96366913585224,-40.05676479225357,-0.007864657262615891
calibration_00002,calibration,1,B3,100.0288832793427,40.071627630415634,0.012257945640701508
calibration_00002,calibration,1,C1,550.013644015307,-59.990672235936685,-0.022848862936229918
calibration_00002,calibration,1,C2,749.9990859498445,-60.018000991554935,-0.018054700052664335
calibration_00002,calibration,1,C3,750.0300862327708,19.98895030579843,0.015188593083930446
calibration_00002,calibration,2,A1,-600.0428640636783,-40.18544822187636,0.2638679790454583
calibration_00002,calibration,2,A2,-400.03034010257113,-40.06139253074966,0.17122921488441845
calibration_00002,calibration,2,A3,-400.08217237858304,39.871465454134594,0.22758639020088958
calibration_00002,calibration,2,B1,-100.00122542620599,-40.07994776283402,0.08980765988230058
calibration_00002,calibration,2,B2,99.94033133378929,-40.03129241659322,-0.038592731048890855
calibration_00002,calibration,2,B3,100.05852074189153,40.061423490699696,0.04430706649037082
calibration_00002,calibration,2,C1,550.0394825302723,-60.05715995102106,-0.001293601240497523
calibration_00002,calibration,2,C2,750.0455504472588,-59.97241755134657,-0.050777898685000745
calibration_00002,calibration,2,C3,749.9723413496366,19.966116735681723,-0.045093565640969904
calibration_00002,calibration,3,A1,-600.050935718585,-40.21565636997209,0.26011599281060094
calibration_00002,calibration,3,A2,-400.0746372303899,-40.04324044561218,0.21645004243563168
calibration_00002,calibration,3,A3,-400.04285032108726,39.90814245485072,0.2186294598592975
calibration_00002,calibration,3,B1,-100.04553061724508,-39.90716374848495,0.07983662535792478
calibration_00002,calibration,3,B2,99.97261097410315,-40.01601621645101,-0.02335726543289417
calibration_00002,calibration,3,B3,100.05071863090093,39.94829675836334,0.06546283408645666
calibration_00002,calibration,3,C1,400.014415025312,-39.92484874446339,-0.3055409947578536
calibration_00002,calibration,3,C2,600.001022924792,-39.83364817293671,-0.3701037855962464
calibration_00002,calibration,3,C3,600.0176857547583,40.08837258746686,-0.263966526145645
calibration_00002,calibration,4,A1,50.0879828535418,-580.0542004186603,29.94792452960586
calibration_00002,calibration,4,A2,49.93896459814247,-380.0034529258984,29.9442191045787
calibration_00002,calibration,4,A3,-29.98574574056799,-380.04432734695996,30.006142245591075
calibration_00002,calibration,4,B1,49.94228553701701,-80.00718436132445,30.085209131799072
calibration_00002,calibration,4,B2,50.047557775249,120.01115073417182,30.04055488176274
calibration_00002,calibration,4,B3,-29.890863409078865,120.08247416610573,30.02961222155152
calibration_00002,calibration,4,C1,49.952025127457546,420.0735971853128,29.958151471218674
calibration_00002,calibration,4,C2,50.01012022919074,620.0174023410509,30.02721231547371
calibration_00002,calibration,4,C3,-29.999203791071377,620.0819658834304,30.07330219344719
calibration_00003,calibration,0,A1,-850.0058188421912,10.115887060492295,10.068661733860335
calibration_00003,calibration,0,A2,-650.0469664185024,9.959933990524656,9.95255041380124
calibration_00003,calibration,0,A3,-650.0249756117906,89.97159661867195,10.020537899711297
calibration_00003,calibration,0,B1,-100.00887331991167,-40.0077644278036,0.0022448540749686755
calibration_00003,calibration,0,B2,100.02482863258652,-39.99637253966321,0.009218755056502635
calibration_00003,calibration,0,B3,100.01745829638138,40.02182062777047,0.01369929177857308
calibration_00003,calibration,0,C1,650.0364650201576,-89.99656918192804,-9.982856090308495
calibration_00003,calibration,0,C2,850.0186021557588,-90.02190281014403,-10.012414227036931
calibration_00003,calibration,0,C3,849.9948873452983,-10.026536525722753,-9.99180855254583
calibration_00003,calibration,1,A1,-749.9152443865734,-20.16331967670272,-0.1546877374667938
calibration_00003,calibration,1,A2,-550.0010978878679,-19.9985227237002,0.08633629454283286
calibration_00003,calibration,1,A3,-550.0153683335334,60.02255171613017,0.03879706540294989
calibration_00003,calibration,1,B1,-100.04273776259808,-40.03669822539756,-0.0006629547315063437
calibration_00003,calibration,1,B2,100.01550359964263,-40.03628299813097,0.06371989643496481
calibration_00003,calibration,1,B3,100.01146826879372,40.04910307654109,-0.05626701627012791
calibration_00003,calibration,1,C1,549.9280173502582,-60.02681691624198,0.017878994389052657
calibration_00003,calibration,1,C2,750.0148123901139,-60.018181330515574,0.05786346578752596
calibration_00003,calibration,1,C3,749.984318336134,20.044799669969407,0.0678606474207403
calibration_00003,calibration,2,A1,-599.9322924526887,-40.09224386056049,-0.13764975099774743
calibration_00003,calibration,2,A2,-399.9885792681753,-40.1117748702742,-0.10947813076282341
calibration_00003,calibration,2,A3,-399.96012264254216,39.93208819044381,-0.26317303900106037
calibration_00003,calibration,2,B1,-100.04841132586793,-39.9912707573899,-0.02156990578063211
calibration_00003,calibration,2,B2,99.99305865170354,-39.962863118955845,0.03275981602796894
calibration_00003,calibration,2,B3,100.01306705579735,39.96051346423278,-0.020577855460686963
calibration_00003,calibration,2,C1,549.9162710208104,-60.080808592413675,-0.01632993768661288
calibration_00003,calibration,2,C2,749.9919374179185,-60.00012603330862,0.042009016710282995
calibration_00003,calibration,2,C3,750.0261724443598,20.03906039941373,-0.031130614239876758
calibration_00003,calibration,3,A1,-599.9813677582467,-40.01500712888918,-0.14474846355228743
calibration_00003,calibration,3,A2,-400.02992632017026,-40.05988552628951,-0.06811654138492601
calibration_00003,calibration,3,A3,-400.00774463316577,39.99242391244572,-0.312927783946819
calibration_00003,calibration,3,B1,-100.07638606654304,-40.064600252947706,0.007974184387003659
calibration_00003,calibration,3,B2,99.97552406799737,-40.064054578287454,0.10285929332605427
calibration_00003,calibration,3,B3,100.00672302599959,39.959034185244,-0.009852047009758561
calibration_00003,calibration,3,C1,399.9084747794306,-40.05628236514343,0.12651378093613255
calibration_00003,calibration,3,C2,599.9808890989735,-40.131581343726275,0.1450697110219164
calibration_00003,calibration,3,C3,600.0455677127147,39.85935468776462,0.09717242572180859
calibration_00003,calibration,4,A1,50.018409847093935,-579.9503109771247,29.96788271723228
calibration_00003,calibration,4,A2,50.00296721022908,-380.0042075821398,29.948212842188607
calibration_00003,calibration,4,A3,-29.947115896427423,-380.03101683152704,29.93541918853803
calibration_00003,calibration,4,B1,49.93875630160914,-79.97649952686821,29.99852711954819
calibration_00003,calibration,4,B2,49.932925317640354,120.02759029909059,30.05678924581456
calibration_00003,calibration,4,B3,-30.02101640649475,120.04941372892452,29.990812802390984
calibration_00003,calibration,4,C1,49.88323120492543,419.92592808596476,29.98019300897683
calibration_00003,calibration,4,C2,49.90209920693405,620.0150038138422,29.966233381262214
calibration_00003,calibration,4,C3,-30.046699373737862,620.0481317265694,30.06493051449718
calibration_00004,calibration,0,A1,-849.9938887502118,9.993698434560084,10.009499441326254
calibration_00004,calibration,0,A2,-649.9983499547772,10.034220471274958,9.994676902759139
calibration_00004,calibration,0,A3,-649.9784319733036,89.98957094948774,9.959864069897447
calibration_00004,calibration,0,B1,-99.99905403811569,-40.03249772818942,-0.012819610807744266
calibration_00004,calibration,0,B2,100.02003534462881,-39.99930340481328,0.00042239142301794824
calibration_00004,calibration,0,B3,99.9512368948598,40.03914874914555,0.026783429939887873
calibration_00004,calibration,0,C1,649.9640847676671,-89.98571553368522,-10.037459459896422
calibration_00004,calibration,0,C2,849.9922566226497,-90.00560778866833,-10.014770434484833
calibration_00004,calibration,0,C3,850.0236012684644,-10.002206488667133,-10.002260329412975
calibration_00004,calibration,1,A1,-750.0053754663156,-19.972350810725434,6.838512934523658e-05
calibration_00004,calibration,1,A2,-549.9971868631126,-20.046963918701834,0.03545593263749501
calibration_00004,calibration,1,A3,-549.9933826145153,59.97621780297433,0.04476282534972716
calibration_00004,calibration,1,B1,-99.94901163743283,-39.93334884459111,-0.005104646884659444
calibration_00004,calibration,1,B2,99.98175218828024,-40.039358685835374,-0.00602661692492326
calibration_00004,calibration,1,B3,100.00999484913376,39.983495018935706,-0.021731290928724945
calibration_00004,calibration,1,C1,550.0500292905267,-60.051668927799234,-0.005917157326771607
calibration_00004,calibration,1,C2,750.0436040903863,-59.98016227489145,-0.023329674178145823
calibration_00004,calibration,1,C3,749.934798908195,20.032346239948048,0.02749894054677409
calibration_00004,calibration,2,A1,-599.9532653088727,-39.785480980964344,-0.021853925712069826
calibration_00004,calibration,2,A2,-400.05428474792717,-39.72450296076843,0.014813354535603602
calibration_00004,calibration,2,A3,-400.00625703189206,40.15601779171741,-0.007591808822744316
calibration_00004,calibration,2,B1,-100.01703922158275,-39.99078627534662,-0.006144258640895782
calibration_00004,calibration,2,B2,99.96755343735566,-39.97578306194187,-0.017909228522693298
calibration_00004,calibration,2,B3,99.97839963994939,39.99854090333725,-0.05134610842937326
calibration_00004,calibration,2,C1,549.9958496766661,-60.075445133250405,0.018932611161585802
calibration_00004,calibration,2,C2,750.020481336543,-59.99271414844655,0.005037569300916846
calibration_00004,calibration,2,C3,749.9436726614882,19.979822857146484,0.07041986843621166
calibration_00004,calibration,3,A1,-599.9377073609737,-39.74880467221746,0.0006885919341898276
calibration_00004,calibration,3,A2,-399.9966037520448,-39.69659339435495,-0.0020353823400636965
calibration_00004,calibration,3,A3,-400.0325502154845,40.221719489431266,-0.004314342110754703
calibration_00004,calibration,3,B1,-100.00567620227433,-39.95835570715665,0.027938585484914756
calibration_00004,calibration,3,B2,100.0150883660283,-39.92489462102427,-0.04936907114237615
calibration_00004,calibration,3,B3,99.97733609965702,39.967286074496954,-0.08325055028893957
calibration_00004,calibration,3,C1,400.0096945918915,-39.88642823969609,-0.04321139810908385
calibration_00004,calibration,3,C2,600.0084134984559,-39.971320334463236,-0.015613386169144018
calibration_00004,calibration,3,C3,599.996668724998,40.006647229385095,-0.11852237808522285
calibration_00004,calibration,4,A1,50.04093168929722,-580.0349874611956,29.97502251886133
calibration_00004,calibration,4,A2,49.91305469304677,-380.0823386487537,29.951917671002207
calibration_00004,calibration,4,A3,-30.035419656836,-380.0426690682779,30.011540636136825
calibration_00004,calibration,4,B1,50.129779612943494,-80.00687961940349,30.009394407538537
calibration_00004,calibration,4,B2,50.077369820574106,120.00919061659837,30.07335952956766
calibration_00004,calibration,4,B3,-29.820826509665842,120.01095693298386,30.05392006186644
calibration_00004,calibration,4,C1,49.942744624596045,419.9680031164933,30.02350926672221
calibration_00004,calibration,4,C2,50.02634985846823,619.9928644594665,30.0406750981987
calibration_00004,calibration,4,C3,-30.0600564872393,619.9713007505158,29.94294559452214
calibration_00005,calibration,0,A1,-850.0130917641732,9.941056328388386,10.009768600437406
calibration_00005,calibration,0,A2,-649.9773843464797,10.023371965922498,10.002749458821388
calibration_00005,calibration,0,A3,-650.0197789816079,90.06785923644372,10.034782586744557
calibration_00005,calibration,0,B1,-99.93201987105226,-40.01590196990222,-0.01151939555370597
calibration_00005,calibration,0,B2,100.00522456867421,-40.04776449598946,0.027729262656210302
calibration_00005,calibration,0,B3,100.02333326669891,40.00998212530525,-0.03422902983406189
calibration_00005,calibration,0,C1,650.0313271673884,-89.98655409511942,-9.986393652361691
calibration_00005,calibration,0,C2,849.9582097645687,-89.98766833939145,-9.977728416426618
calibration_00005,calibration,0,C3,849.9686262366616,-10.003810266296618,-9.94914139767739
calibration_00005,calibration,1,A1,-750.0079530859877,-19.967309543388044,0.03882290567196276
calibration_00005,calibration,1,A2,-550.0006597447284,-20.09049192611214,-0.03330808636030391
calibration_00005,calibration,1,A3,-549.9450094665934,59.935619525772346,-0.09276676835566787
calibration_00005,calibration,1,B1,-100.01862925386581,-40.00985116195868,0.03054363303732422
calibration_00005,calibration,1,B2,99.98913724230994,-39.95645202520574,-0.009117631518597829
calibration_00005,calibration,1,B3,99.95589949251404,39.94575816837252,0.02915712887979364
calibration_00005,calibration,1,C1,550.0178836082999,-60.03193165739956,-0.09167167169558396
calibration_00005,calibration,1,C2,750.0037433923293,-59.98453139290899,-0.015709505659908418
calibration_00005,calibration,1,C3,749.9849317753566,19.97462826314624,-0.025609094384751688
calibration_00005,calibration,2,A1,-599.9516138464664,-40.04792770203909,0.050600747433728305
calibration_00005,calibration,2,A2,-400.02595901574585,-39.99530535579683,0.11720076191551318
calibration_00005,calibration,2,A3,-400.0474252651494,39.9316533685562,0.16740512608313468
calibration_00005,calibration,2,B1,-100.10710953547753,-40.06872636089772,0.005205004541895271
calibration_00005,calibration,2,B2,99.92465600179526,-39.92953022237778,0.09189292073208671
calibration_00005,calibration,2,B3,99.98061329991712,40.04291196481916,-0.021737531396497853
calibration_00005,calibration,2,C1,549.9930693812173,-60.02487411859181,-0.09405450937211833
calibration_00005,calibration,2,C2,749.9845599831568,-59.98852929637368,-0.0023469075030575146
calibration_00005,calibration,2,C3,749.9285621619578,19.993132927776987,-0.05822561632890879
calibration_00005,calibration,3,A1,-599.971396058924,-40.07245581869589,0.11736925273735621
calibration_00005,calibration,3,A2,-400.0264459830898,-40.0033834316389,0.07553772424717331
calibration_00005,calibration,3,A3,-400.00703732670416,39.96202955469121,0.14176375236981975
calibration_00005,calibration,3,B1,-100.06899826695275,-40.01962393002203,-0.025286676823315077
calibration_00005,calibration,3,B2,99.95087902392456,-39.977728844313305,0.049933712295327295
calibration_00005,calibration,3,B3,99.97004410596493,40.01551067436066,-0.007344325664053103
calibration_00005,calibration,3,C1,399.9984037294458,-39.80524341718602,0.2531825789520057
calibration_00005,calibration,3,C2,599.9677387853945,-39.678068046890154,0.22322497676886524
calibration_00005,calibration,3,C3,599.9090727135971,40.22527353137741,0.1850644416387808
calibration_00005,calibration,4,A1,49.98158614433826,-579.9042239112049,30.035052529664558
calibration_00005,calibration,4,A2,49.990796613999926,-379.9109026425209,29.97388480474078
calibration_00005,calibration,4,A3,-30.033858664717958,-379.99840632149835,30.12206790208315
calibration_00005,calibration,4,B1,50.10584766370479,-80.05065520979839,29.90857041967271
calibration_00005,calibration,4,B2,50.077298873781814,119.94880758986021,29.869712950547438
calibration_00005,calibration,4,B3,-29.900772739880917,120.0266120209448,29.885008860835764
calibration_00005,calibration,4,C1,49.97960491138787,419.9800704785401,30.0947442518978
calibration_00005,calibration,4,C2,49.94693996469997,619.970832880967,30.08358587541806
calibration_00005,calibration,4,C3,-30.022771357412235,619.9385071483968,30.071220859432113
calibration_00006,calibration,0,A1,-850.0226110278189,10.00014663437467,10.006336721679151
calibration_00006,calibration,0,A2,-649.9931779768665,9.977212122854915,9.969500503284225
calibration_00006,calibration,0,A3,-650.0073316378972,89.98090880819454,10.02868821005631
calibration_00006,calibration,0,B1,-100.02042847564559,-39.99486551253074,0.005787491993275257
calibration_00006,calibration,0,B2,100.02241754487471,-40.02422390068366,0.002184024347531817
calibration_00006,calibration,0,B3,100.02055973962477,39.97561896635692,0.015447367319332498
calibration_00006,calibration,0,C1,649.9913689119102,-89.9868885382434,-9.98548818190235
calibration_00006,calibration,0,C2,849.9840165872167,-89.96987282708267,-9.961168277985351
calibration_00006,calibration,0,C3,850.0672368623904,-9.975365626606782,-9.998463114392212
calibration_00006,calibration,1,A1,-749.9963676836963,-19.984892082182416,0.00881793111573983
calibration_00006,calibration,1,A2,-549.9498004543068,-20.02075874709616,0.01866492362306464
calibration_00006,calibration,1,A3,-549.9447503910408,59.97600067900039,-0.04539127726920039
calibration_00006,calibration,1,B1,-100.00687528008206,-40.025433415344466,-0.0013311271067980978
calibration_00006,calibration,1,B2,100.00404368617475,-40.00727589248907,0.01492449257741972
calibration_00006,calibration,1,B3,99.97314668024136,39.987022180226916,-0.00545216632239151
calibration_00006,calibration,1,C1,550.0141376749219,-60.03258205515588,-0.04810463669745108
calibration_00006,calibration,1,C2,749.9645924147197,-60.003856043217226,-0.06496816711186636
calibration_00006,calibration,1,C3,749.9608452461605,19.98470281199731,0.024197439233713806
calibration_00006,calibration,2,A1,-600.0257785907157,-40.098882801288454,-0.04718275515109722
calibration_00006,calibration,2,A2,-400.0119668048713,-40.03723769485286,0.10308561174164632
calibration_00006,calibration,2,A3,-400.0548459273202,39.99413759721497,-0.0037682060735415787
calibration_00006,calibration,2,B1,-100.02626823333956,-40.030769966692304,-0.04076710693996945
calibration_00006,calibration,2,B2,99.95426551548614,-39.97884978794993,0.0036635103466085405
calibration_00006,calibration,2,B3,99.97681430695663,40.04949169666777,-0.01891988904658812
calibration_00006,calibration,2,C1,550.0152698470608,-59.99313359291772,-0.08387437941331725
calibration_00006,calibration,2,C2,749.9800905903817,-60.024673019559074,-0.1069082351691942
calibration_00006,calibration,2,C3,749.9498887162989,19.955706025630747,0.020601729269441538
calibration_00006,calibration,3,A1,-600.0334725528954,-40.08537380857515,-0.10562770988808505
calibration_00006,calibration,3,A2,-399.97512522886024,-40.04334315617491,0.05604009811973726
calibration_00006,calibration,3,A3,-399.98482012248985,40.039927434876304,-0.06250881366051034
calibration_00006,calibration,3,B1,-100.08979073785169,-40.02344763034189,0.018777038838496206
calibration_00006,calibration,3,B2,99.95497773382166,-39.95613966574487,0.008637965515957618
calibration_00006,calibration,3,B3,100.00125943279674,40.0567424244744,-0.029300892660880283
calibration_00006,calibration,3,C1,400.02151117945544,-39.9685803888106,0.10920143016223532
calibration_00006,calibration,3,C2,599.9379981092687,-39.86258116177236,0.18311588168311138
calibration_00006,calibration,3,C3,599.9312027541536,40.1824925080141,0.035371913945745875
calibration_00006,calibration,4,A1,50.0977265910476,-580.0203669893983,29.99829857808098
calibration_00006,calibration,4,A2,49.99295927062442,-379.9558286631446,29.972677744146672
calibration_00006,calibration,4,A3,-30.0719967189518,-379.99840933212005,30.064089081528746
calibration_00006,calibration,4,B1,50.01710936961142,-80.0216829560908,29.913984753209295
calibration_00006,calibration,4,B2,49.923740806463975,120.03890072391164,29.944789144599795
calibration_00006,calibration,4,B3,-30.037882935475288,120.07121306800795,29.98826962285788
calibration_00006,calibration,4,C1,50.13141575431415,419.99173880115006,30.014234223586886
calibration_00006,calibration,4,C2,49.86370679287985,619.9999474937952,30.004730421984384
calibration_00006,calibration,4,C3,-30.032229991827045,619.9228255945643,29.998298497663725
calibration_00007,calibration,0,A1,-850.010505511337,9.985540131372092,10.038233955819788
calibration_00007,calibration,0,A2,-650.0027316454268,10.005124061034401,10.024784663309525
calibration_00007,calibration,0,A3,-649.9886723965575,89.99677031667233,10.031710482973065
calibration_00007,calibration,0,B1,-100.03060170319355,-39.997328351568584,0.05497083615312534
calibration_00007,calibration,0,B2,99.991547697468,-40.00140122334217,-0.006581462911068402
calibration_00007,calibration,0,B3,100.01799205876802,40.01341703146039,0.011930635355566306
calibration_00007,calibration,0,C1,650.0471672057848,-89.87655776088668,-9.990488122347358
calibration_00007,calibration,0,C2,850.0161993752849,-90.0055804458524,-9.975637028374358
calibration_00007,calibration,0,C3,850.0320775523721,-10.044831781754269,-9.996531983861233
calibration_00007,calibration,1,A1,-750.0346036546028,-19.923865581206684,-0.06931537762276901
calibration_00007,calibration,1,A2,-550.040233886802,-19.946117107071625,0.05128128986316744
calibration_00007,calibration,1,A3,-549.9879127776044,59.94247572649907,-0.029154915186611473
calibration_00007,calibration,1,B1,-99.99197858744222,-39.982591699439574,-0.06453818613064347
calibration_00007,calibration,1,B2,99.98706592074424,-39.98116659492706,0.02471258546684929
calibration_00007,calibration,1,B3,100.01206498224902,39.93626167406128,0.03833680650309844
calibration_00007,calibration,1,C1,549.9879885851204,-60.10226310789781,0.03725350390764458
calibration_00007,calibration,1,C2,749.929703500868,-60.030618123623746,-0.033165649465268204
calibration_00007,calibration,1,C3,749.9953317323668,20.08184314475192,0.030103498005761203
calibration_00007,calibration,2,A1,-600.0117354358184,-39.94400120400498,-0.25390601301575494
calibration_00007,calibration,2,A2,-399.96249676888283,-39.93257940902439,-0.21983355994308182
calibration_00007,calibration,2,A3,-399.9403841234016,39.9880476151961,-0.14295937707527975
calibration_00007,calibration,2,B1,-100.07170366705492,-40.01995824084556,-0.15453450167147229
calibration_00007,calibration,2,B2,99.9848252437883,-39.99422448044315,-0.010913906465155238
calibration_00007,calibration,2,B3,99.99231837179349,40.01273274611661,-0.06774839601522047
calibration_00007,calibration,2,C1,549.9752871342567,-60.10305614404961,-0.028014509199835703
calibration_00007,calibration,2,C2,750.0072541803578,-60.004366164618304,-0.005878956547451296
calibration_00007,calibration,2,C3,749.9366687915499,20.044839538897524,-0.03372871405518059
calibration_00007,calibration,3,A1,-599.9517218257791,-39.928213063422916,-0.30564501331883487
calibration_00007,calibration,3,A2,-399.9583649523629,-39.953683574442564,-0.27438302879836773
calibration_00007,calibration,3,A3,-399.93337009624724,39.99561513110848,-0.100405316692013
calibration_00007,calibration,3,B1,-99.97149479312012,-40.02024947312339,-0.053645024282599735
calibration_00007,calibration,3,B2,99.97726947900648,-40.06640779010054,0.08997069964051023
calibration_00007,calibration,3,B3,100.06006080147787,39.980098806529405,-0.05490471527823533
calibration_00007,calibration,3,C1,399.98287132834344,-39.95718910183479,0.27987968664064855
calibration_00007,calibration,3,C2,599.9334042077109,-39.95907908512377,0.3794866483982807
calibration_00007,calibration,3,C3,600.0696213277622,40.060474396193996,0.3701984368102593
calibration_00007,calibration,4,A1,49.903407589768946,-579.9649763560811,30.083024768869194
calibration_00007,calibration,4,A2,49.947591894612785,-380.05465764211164,29.96884220099314
calibration_00007,calibration,4,A3,-29.94047817090514,-379.9617787838206,30.122410817043686
calibration_00007,calibration,4,B1,50.012470441576774,-80.0818143965013,30.00247671160112
calibration_00007,calibration,4,B2,50.10143382892628,120.01198379187592,29.95312550826894
calibration_00007,calibration,4,B3,-30.001903871769407,119.95876164524424,29.89221294030039
calibration_00007,calibration,4,C1,49.9919958982138,419.8722468015776,30.0457992664473
calibration_00007,calibration,4,C2,49.91401423902583,619.9123477455022,30.002214902401576
calibration_00007,calibration,4,C3,-30.097041041161567,620.0581696032483,29.987052575585093
calibration_00008,calibration,0,A1,-849.9770614969693,9.999941385324348,9.984222938812838
calibration_00008,calibration,0,A2,-650.0157022617893,10.00994730009714,10.020812806553417
calibration_00008,calibration,0,A3,-650.0188468724991,89.96611806138549,9.982371801360234
calibration_00008,calibration,0,B1,-100.00914230582426,-40.021916901578514,-0.011287588474063975
calibration_00008,calibration,0,B2,100.00691277752675,-39.976111445825175,-0.016522926681788168
calibration_00008,calibration,0,B3,99.96512885551023,39.96846156524356,-0.011412444105615059
calibration_00008,calibration,0,C1,649.9867653498874,-89.99352603495673,-9.996398817609052
calibration_00008,calibration,0,C2,850.0105096439278,-89.99659013605594,-10.044281050317661
calibration_00008,calibration,0,C3,849.9728771257568,-9.946974726984262,-9.961507854971442
calibration_00008,calibration,1,A1,-750.0093065204352,-20.00705892375165,0.06480666496056042
calibration_00008,calibration,1,A2,-550.0019649274096,-19.97741543029901,-0.03952783932609622
calibration_00008,calibration,1,A3,-550.0310814184749,60.01147906830388,6.552079367760032e-05
calibration_00008,calibration,1,B1,-99.90842345269772,-40.008219750252,-0.06457808789153785
calibration_00008,calibration,1,B2,99.9893125724436,-40.0374474514446,-0.0008242177779106408
calibration_00008,calibration,1,B3,100.02354037384876,39.96918672861712,0.05433960577598622
calibration_00008,calibration,1,C1,550.0016889701195,-60.06796744537048,-0.046468246655518367
calibration_00008,calibration,1,C2,749.9543803054296,-60.01066593391398,0.05607733988073652
calibration_00008,calibration,1,C3,750.0052653259396,19.94148932824394,-0.0018369935198903203
calibration_00008,calibration,2,A1,-599.9548826531469,-39.93568434334172,-0.28075995736740506
calibration_00008,calibration,2,A2,-399.83785713071984,-39.95169541519973,-0.159987548752201
calibration_00008,calibration,2,A3,-399.9532744742192,39.959318152133534,-0.14877016919538932
calibration_00008,calibration,2,B1,-99.919875618005,-39.97691163009878,-0.028959633458256577
calibration_00008,calibration,2,B2,99.94770296657008,-39.98058121187682,0.011668438190469515
calibration_00008,calibration,2,B3,100.06604352118478,39.945609554009366,-0.008600111224176284
calibration_00008,calibration,2,C1,549.9724801269513,-60.00853220819126,-0.04338805262650362
calibration_00008,calibration,2,C2,750.0040682217943,-60.02017742694466,0.07596120122327599
calibration_00008,calibration,2,C3,750.0142966414506,19.98348810584478,-0.05851340768840202
calibration_00008,calibration,3,A1,-600.0031179055962,-39.994311637019614,-0.2298916814909842
calibration_00008,calibration,3,A2,-399.88187692751904,-40.047264321857924,-0.18206458504274647
calibration_00008,calibration,3,A3,-399.97196803130424,40.02153906768223,-0.21556209494295975
calibration_00008,calibration,3,B1,-99.94746408243049,-40.0706374822926,-0.03988051157451107
calibration_00008,calibration,3,B2,100.09496142679438,-40.040451691557074,-0.03623614902476559
calibration_00008,calibration,3,B3,100.03995393660982,39.95028214553491,0.06107651350282693
calibration_00008,calibration,3,C1,400.0030852344982,-40.0782532042246,0.09911030445643437
calibration_00008,calibration,3,C2,600.0294135276635,-40.2042577053225,0.12310380330435541
calibration_00008,calibration,3,C3,600.0245130385259,39.849984593838506,0.0461043858968965
calibration_00008,calibration,4,A1,50.00986565992623,-579.9658462654348,29.893177415272525
calibration_00008,calibration,4,A2,49.924555517186455,-379.8847221639773,30.02156263298936
calibration_00008,calibration,4,A3,-29.978374426057233,-380.08122741806073,30.086468608220517
calibration_00008,calibration,4,B1,49.99699017802206,-80.0703287208478,30.033136098885844
calibration_00008,calibration,4,B2,50.003441451865434,120.0291944004286,29.949999009440365
calibration_00008,calibration,4,B3,-30.033264877604413,120.04858175073747,30.06843438316347
calibration_00008,calibration,4,C1,49.9981295627809,420.0524710587653,29.96413316375145
calibration_00008,calibration,4,C2,49.9782464671971,619.967598021788,29.94627447908667
calibration_00008,calibration,4,C3,-29.978052863243313,620.0023004029086,29.979969649671204
calibration_00009,calibration,0,A1,-850.0352569699536,9.981907373148037,10.028872654262704
calibration_00009,calibration,0,A2,-649.9822505612473,9.97658540151239,10.01466453083333
calibration_00009,calibration,0,A3,-649.9439808344713,90.02069797373913,9.988848979509164
calibration_00009,calibration,0,B1,-99.97803018447496,-40.03415170171834,0.026838405820248913
calibration_00009,calibration,0,B2,99.98642575774197,-39.96651467715344,0.027040292796247527
calibration_00009,calibration,0,B3,100.0132266699797,40.01028951722398,-0.01780592002980637
calibration_00009,calibration,0,C1,649.9778919964364,-89.96188403064319,-9.963451137048272
calibration_00009,calibration,0,C2,849.9868557836006,-89.97779904298254,-9.95045843181229
calibration_00009,calibration,0,C3,849.9903867017176,-10.067429139500751,-10.045792795900915
calibration_00009,calibration,1,A1,-750.0149625278117,-19.96859380045494,-0.007224810838292423
calibration_00009,calibration,1,A2,-550.1058377522862,-19.969837722717518,0.055314303011592
calibration_00009,calibration,1,A3,-549.994294659891,59.96039950390758,0.05694598594461574
calibration_00009,calibration,1,B1,-100.04580035487734,-39.971443461661806,-0.10592885556104517
calibration_00009,calibration,1,B2,99.98065891055708,-39.97978680011064,-0.005913195163468846
calibration_00009,calibration,1,B3,100.03553808596895,39.96119122587529,-0.023406089672901913
calibration_00009,calibration,1,C1,550.0096910016263,-60.00422680351691,-0.029363943481470377
calibration_00009,calibration,1,C2,750.0383673619814,-59.98924650510032,-0.0044511722231706866
calibration_00009,calibration,1,C3,749.9874653413942,20.000457611985116,0.01906499697524101
calibration_00009,calibration,2,A1,-599.9754481485722,-39.8804439817985,-0.3222613510052234
calibration_00009,calibration,2,A2,-400.0363662194475,-39.79698246637178,-0.3521309716487903
calibration_00009,calibration,2,A3,-399.9983249778562,40.096859042433664,-0.23947407891020941
calibration_00009,calibration,2,B1,-100.0494937280317,-39.95172349558843,-0.06401688150667828
calibration_00009,calibration,2,B2,100.00174759532031,-39.94685902273247,-0.1149185994185708
calibration_00009,calibration,2,B3,100.01394374888456,39.912676888868575,0.02173324811249148
calibration_00009,calibration,2,C1,550.0946977729988,-60.091848240628345,-0.04996719028301873
calibration_00009,calibration,2,C2,750.0241646233161,-59.98127358160663,-0.02832025483454474
calibration_00009,calibration,2,C3,749.9296758125921,20.027295582774467,-0.02361003990432501
calibration_00009,calibration,3,A1,-600.0079965082706,-39.88590154902501,-0.36385764454281
calibration_00009,calibration,3,A2,-400.05135600790436,-39.81928976147181,-0.25339408644368233
calibration_00009,calibration,3,A3,-400.0361306786689,40.081655232625366,-0.27920286601574323
calibration_00009,calibration,3,B1,-100.02458078384039,-39.95599606472617,-0.12147799932607337
calibration_00009,calibration,3,B2,99.96582395229518,-39.97048061607127,-0.041365623363767284
calibration_00009,calibration,3,B3,99.98751337592672,39.956424963403755,-0.01574802906220065
calibration_00009,calibration,3,C1,399.98695905500693,-40.19241228699084,-0.15611869033278408
calibration_00009,calibration,3,C2,599.9895268222149,-40.18362146976448,-0.22371616205104988
calibration_00009,calibration,3,C3,599.9744126350059,39.79273587994983,-0.1259146399613607
calibration_00009,calibration,4,A1,50.008863429150196,-579.9281200691703,29.906419254128462
calibration_00009,calibration,4,A2,49.9218434410207,-380.06071938274147,29.959284689578904
calibration_00009,calibration,4,A3,-30.038425868678583,-379.93948386604995,29.927219791975
calibration_00009,calibration,4,B1,50.022652680845844,-80.0415827986453,30.04869617161845
calibration_00009,calibration,4,B2,49.876940081844566,120.06962448557768,30.138640941723892
calibration_00009,calibration,4,B3,-29.96136931217884,119.96245241349179,30.137811754364886
calibration_00009,calibration,4,C1,50.001625042914796,420.0403019122549,30.04843431657542
calibration_00009,calibration,4,C2,50.00359687286051,619.9776422631509,29.898942963481396
calibration_00009,calibration,4,C3,-29.996593928569435,619.9410775460392,30.004692768596954
calibration_00010,calibration,0,A1,-850.0369932314412,10.039115199005437,10.02818795943861
calibration_00010,calibration,0,A2,-649.9718765160637,9.937002787378105,9.98893722116631
calibration_00010,calibration,0,A3,-649.971810108288,90.03463525589066,9.980238511986576
calibration_00010,calibration,0,B1,-100.0414044602443,-40.000408398502536,-0.03294519626334466
calibration_00010,calibration,0,B2,99.94835583692713,-40.0149844753237,-0.006722506136722877
calibration_00010,calibration,0,B3,99.98618580889735,40.00783673746386,-0.03501003634370777
calibration_00010,calibration,0,C1,649.96020145779,-89.96884968650538,-9.979918993335497
calibration_00010,calibration,0,C2,849.939463450912,-89.99341043214433,-9.96523650681306
calibration_00010,calibration,0,C3,849.986794610419,-10.058805465021724,-9.969972732260466
calibration_00010,calibration,1,A1,-749.9941983452188,-20.04597092377781,0.04177152179802015
calibration_00010,calibration,1,A2,-549.9986533552925,-19.99393798398054,-0.07228597056960964
calibration_00010,calibration,1,A3,-550.0609359773842,59.94638598385766,-0.030235337922100272
calibration_00010,calibration,1,B1,-99.96785221050605,-40.017409283770355,0.043549781081546446
calibration_00010,calibration,1,B2,99.95231761433608,-40.00124196175001,-0.05486586093487393
calibration_00010,calibration,1,B3,100.07255418301423,39.980805370725285,0.09619302738170449
calibration_00010,calibration,1,C1,550.0704287414262,-60.010694708162006,-0.0011511688007353471
calibration_00010,calibration,1,C2,750.0655102543691,-60.00871281047566,-0.01278847748366745
calibration_00010,calibration,1,C3,750.0677104709549,20.008042123167282,-0.08221980855364053
calibration_00010,calibration,2,A1,-599.9571491313677,-39.875906212678444,0.17751157583063287
calibration_00010,calibration,2,A2,-399.9304605217402,-39.904783340787155,0.23676015177361398
calibration_00010,calibration,2,A3,-399.9230048979356,40.080861818729176,0.36600130163379757
calibration_00010,calibration,2,B1,-100.01329631103714,-40.00000380740779,0.039288494103436725
calibration_00010,calibration,2,B2,100.04750423897046,-40.00708272730458,0.030487999561514552
calibration_00010,calibration,2,B3,100.05209815471078,39.967593597368094,0.06447031263363819
calibration_00010,calibration,2,C1,550.1125346106295,-60.04742354726404,-0.05790076298121895
calibration_00010,calibration,2,C2,750.0184950773494,-59.964835479077,-0.056811225600178455
calibration_00010,calibration,2,C3,749.9771571288554,20.022080175283484,-0.10961993788211977
calibration_00010,calibration,3,A1,-600.0159214659309,-39.86477972707345,0.15829226913353
calibration_00010,calibration,3,A2,-399.87249586396115,-39.89512549307903,0.2478597914617042
calibration_00010,calibration,3,A3,-399.9695665436639,40.066658196318265,0.38512556894896904
calibration_00010,calibration,3,B1,-99.97763954776326,-39.99398618226786,0.08930538439307363
calibration_00010,calibration,3,B2,99.95091957589155,-39.999499758732846,-0.013338371058350215
calibration_00010,calibration,3,B3,100.08592390768989,39.94054247114737,0.04592609651853862
calibration_00010,calibration,3,C1,400.02524637332124,-40.01188645967045,0.07663747572496672
calibration_00010,calibration,3,C2,600.0219338938134,-40.070661058527655,-0.048092911683547
calibration_00010,calibration,3,C3,599.9955972256467,39.87425489760157,0.09424024623378528
calibration_00010,calibration,4,A1,49.99469904218807,-580.1011598408977,29.979055391280248
calibration_00010,calibration,4,A2,50.029497965698475,-379.93344565034585,30.152452696679738
calibration_00010,calibration,4,A3,-30.003459628474165,-379.9805785217418,30.065672897560724
calibration_00010,calibration,4,B1,50.0808437800222,-80.04708947434032,29.94324643164987
calibration_00010,calibration,4,B2,50.05931105290755,119.99645970893208,29.96445042803518
calibration_00010,calibration,4,B3,-29.924201000933717,120.03914681826325,29.884563568735576
calibration_00010,calibration,4,C1,49.965551236605755,419.9776655267437,30.084971859195257
calibration_00010,calibration,4,C2,49.94736633637892,619.9923167138386,30.003702016720627
calibration_00010,calibration,4,C3,-29.933621599211122,620.0330106708633,30.036060486444477
calibration_00011,calibration,0,A1,-850.0348937570519,10.01911608095599,10.048024581565645
calibration_00011,calibration,0,A2,-649.9752334570059,10.018182515748371,9.985351427376733
calibration_00011,calibration,0,A3,-649.9736134402285,89.98540814161157,10.028417436603753
calibration_00011,calibration,0,B1,-99.96890482154689,-39.963687217130975,-0.055586518208408715
calibration_00011,calibration,0,B2,99.97241869013885,-39.978248590569315,-0.014293215453869175
calibration_00011,calibration,0,B3,100.0151013852987,40.01497125088665,0.046119840563433434
calibration_00011,calibration,0,C1,650.0216012803076,-90.03940062772529,-10.05153130956608
calibration_00011,calibration,0,C2,850.0384206988573,-89.98806675706737,-9.977135388363584
calibration_00011,calibration,0,C3,849.9853414816467,-10.015474963820674,-10.020794332862717
calibration_00011,calibration,1,A1,-750.0338273203939,-20.024598445196233,-0.18871642191818042
calibration_00011,calibration,1,A2,-549.9809506733706,-19.986025586620055,-0.04977279503454493
calibration_00011,calibration,1,A3,-550.0119198642462,60.01336056120613,-0.07131607518369394
calibration_00011,calibration,1,B1,-99.9479006974826,-40.06138344002146,0.0640184158256846
calibration_00011,calibration,1,B2,99.99941930662942,-40.00885113221994,0.044271774349629506
calibration_00011,calibration,1,B3,99.975272748292,39.993230052524666,0.01593699454806803
calibration_00011,calibration,1,C1,549.8562221583654,-59.983418200415315,0.013813125288477581
calibration_00011,calibration,1,C2,749.9850016526968,-60.04077996071136,-0.016908690384960408
calibration_00011,calibration,1,C3,749.929883957266,19.9342147498138,0.10771477150299663
calibration_00011,calibration,2,A1,-599.9534109193579,-40.24632745552652,0.19930206542536463
calibration_00011,calibration,2,A2,-399.9837421194412,-40.12994901305239,0.10295579807297986
calibration_00011,calibration,2,A3,-399.9997454102181,39.80396968965937,0.05886417829992825
calibration_00011,calibration,2,B1,-100.01091849033553,-40.11509187273904,0.06942888762216741
calibration_00011,calibration,2,B2,100.01238480433314,-39.94681772170493,0.051360676188290696
calibration_00011,calibration,2,B3,100.07517206848411,39.92538609181365,-0.07461924488409503
calibration_00011,calibration,2,C1,549.8993715938093,-59.97905391122093,-0.01998594088970776
calibration_00011,calibration,2,C2,750.0323405132146,-60.024131576228136,0.007051268761793378
calibration_00011,calibration,2,C3,750.0395003726192,19.93773586757818,0.08343485464462344
calibration_00011,calibration,3,A1,-599.9451011352779,-40.21877358771283,0.16948636103726167
calibration_00011,calibration,3,A2,-399.9761633891884,-40.17696063245539,0.10221286958336202
calibration_00011,calibration,3,A3,-399.9937999201248,39.81391981756264,0.07864858597389227
calibration_00011,calibration,3,B1,-100.0008868313576,-40.153217165990476,0.07842147808326466
calibration_00011,calibration,3,B2,99.98513674333232,-39.96155064411081,0.00650970763125776
calibration_00011,calibration,3,B3,100.00918211768602,39.974303516078955,-0.008889908971641124
calibration_00011,calibration,3,C1,399.933051161755,-39.85639900515533,0.08509293646632424
calibration_00011,calibration,3,C2,600.1159528488859,-39.8878232348397,-0.042646342586104447
calibration_00011,calibration,3,C3,600.0024924343907,40.1805671760955,-0.18265199640177324
calibration_00011,calibration,4,A1,49.99438165326827,-580.0378188165823,30.021447330331835
calibration_00011,calibration,4,A2,50.00511427310898,-380.0242017263546,29.994598963900646
calibration_00011,calibration,4,A3,-29.957338487748398,-379.9388878918725,30.019421081695846
calibration_00011,calibration,4,B1,49.96308472914279,-79.99346491387202,30.059884684580773
calibration_00011,calibration,4,B2,49.988184917877696,119.95199297609156,29.933140123888112
calibration_00011,calibration,4,B3,-29.87313236856965,120.01136994432046,30.010608903839017
calibration_00011,calibration,4,C1,49.92883581159405,419.9413301155723,30.08965694796574
calibration_00011,calibration,4,C2,50.03115433067973,620.0743387189008,30.07259573253713
calibration_00011,calibration,4,C3,-30.009016163630065,620.0259375238902,29.968493410917457
calibration_00012,calibration,0,A1,-850.0026375267836,10.02081715684516,9.986624086046552
calibration_00012,calibration,0,A2,-649.9776716637232,9.979343643740286,10.00717714051031
calibration_00012,calibration,0,A3,-649.9824482626974,90.04036956545603,9.984851530069502
calibration_00012,calibration,0,B1,-99.92487866974861,-39.98642834769074,-0.03407507973223084
calibration_00012,calibration,0,B2,100.03695911868827,-40.01643910036926,-0.039199395721538584
calibration_00012,calibration,0,B3,100.00328098166825,40.03905288325936,0.0058367199305759026
calibration_00012,calibration,0,C1,650.0077877990866,-89.98372700149324,-10.00034284444677
calibration_00012,calibration,0,C2,850.0393107834512,-90.02431686981026,-10.011472846814518
calibration_00012,calibration,0,C3,850.0214585290416,-9.984669061524764,-10.007567973625882
calibration_00012,calibration,1,A1,-750.027836048648,-19.98110615046035,0.0870566517406768
calibration_00012,calibration,1,A2,-550.0213706351848,-19.953594969147776,-0.07329122375129474
calibration_00012,calibration,1,A3,-550.0296516775147,60.00539634227371,0.06279106817301167
calibration_00012,calibration,1,B1,-100.06884367615353,-39.974014339530065,0.013465255097476984
calibration_00012,calibration,1,B2,99.94597758248253,-40.04414616603413,0.07237305956769764
calibration_00012,calibration,1,B3,99.93886921696212,40.01740747112052,-0.030078323083450466
calibration_00012,calibration,1,C1,550.027587911081,-59.97411183818725,0.030297346381865993
calibration_00012,calibration,1,C2,749.9891387223628,-60.00095568395667,0.02094896326355248
calibration_00012,calibration,1,C3,750.012888025027,19.944099125237788,-0.011865654953460163
calibration_00012,calibration,2,A1,-600.042482772548,-39.922363736586995,-0.16014551438647784
calibration_00012,calibration,2,A2,-399.9759525432232,-39.95790819377468,-0.001971668682477851
calibration_00012,calibration,2,A3,-400.0786801182831,40.037767228739774,-0.17976061509331204
calibration_00012,calibration,2,B1,-100.00869169409974,-39.973959552514756,-0.0008259894268893668
calibration_00012,calibration,2,B2,99.95583163989976,-40.04173644183083,0.0478140175636072
calibration_00012,calibration,2,B3,99.90624609785921,39.97324183778744,-0.03061389835718493
calibration_00012,calibration,2,C1,549.9761896602636,-60.001070700875296,0.016508778314481984
calibration_00012,calibration,2,C2,749.9272025335441,-60.00008626505146,0.013729641877220047
calibration_00012,calibration,2,C3,750.0109084640276,19.914226052811262,0.002586461685156468
calibration_00012,calibration,3,A1,-599.9751535999158,-39.95297023462403,-0.18308415469181705
calibration_00012,calibration,3,A2,-400.084343749739,-39.947468272919856,0.04835536017507363
calibration_00012,calibration,3,A3,-400.06141901370165,40.016905816229446,-0.19495962486943946
calibration_00012,calibration,3,B1,-100.096710230185,-39.98186634281496,0.008234922801619218
calibration_00012,calibration,3,B2,99.89747979164036,-40.04022447137188,0.11758839186208829
calibration_00012,calibration,3,B3,99.94007795532626,39.98336827888833,-0.007925108812480482
calibration_00012,calibration,3,C1,399.99852526890675,-40.052564527488826,0.0937901456949638
calibration_00012,calibration,3,C2,599.9242068144915,-40.05677369094245,0.16318402415041378
calibration_00012,calibration,3,C3,599.9305661773759,39.90636756964265,0.07838962896011259
calibration_00012,calibration,4,A1,49.9470058943094,-579.9120933886678,29.916179213240518
calibration_00012,calibration,4,A2,49.95078515204533,-380.03083837104464,30.044092651035534
calibration_00012,calibration,4,A3,-29.955918794080002,-380.0075896658774,29.933379695419767
calibration_00012,calibration,4,B1,49.94495780551274,-80.05124244971833,29.92476236579359
calibration_00012,calibration,4,B2,50.04321849163841,119.92423786229551,30.041013022270647
calibration_00012,calibration,4,B3,-30.01838967632202,120.00132594337629,30.02661322766541
calibration_00012,calibration,4,C1,49.99229525632907,420.01869676624625,29.95384064283948
calibration_00012,calibration,4,C2,49.92356954038717,620.0595209187493,30.05094642752765
calibration_00012,calibration,4,C3,-29.93291448920257,619.9969677736023,29.953939585916796
calibration_00013,calibration,0,A1,-849.9773667795575,9.987707979430382,9.990817006334984
calibration_00013,calibration,0,A2,-649.9657207569094,10.002920361418887,10.001055725517686
calibration_00013,calibration,0,A3,-649.9986476891283,89.95859345302141,10.022954039314405
calibration_00013,calibration,0,B1,-100.00952103494129,-39.98690489362722,0.058926543256851135
calibration_00013,calibration,0,B2,100.0399355908219,-40.0406854744728,-0.014535220838585428
calibration_00013,calibration,0,B3,100.00208225754953,39.99926199199292,0.004973473132797354
calibration_00013,calibration,0,C1,649.9779678922681,-90.04008662179174,-10.01707181780703
calibration_00013,calibration,0,C2,849.9350684021498,-90.02298086709335,-9.995518930084595
calibration_00013,calibration,0,C3,849.9522186160416,-9.991063381726036,-10.01727872119354
calibration_00013,calibration,1,A1,-749.9597248493187,-20.0256376559825,0.04003785106756022
calibration_00013,calibration,1,A2,-549.9420717921619,-19.991474563701075,-0.006407331381222996
calibration_00013,calibration,1,A3,-550.0488580714153,59.96554131113542,0.007879874549292986
calibration_00013,calibration,1,B1,-99.99281641722786,-39.96824058727687,-0.0841813838783518
calibration_00013,calibration,1,B2,99.98789993328963,-40.05726758457382,0.029596330040747555
calibration_00013,calibration,1,B3,99.99551677947045,39.97464594823598,-0.04449564642736982
calibration_00013,calibration,1,C1,550.0354916226164,-59.976302216509154,-0.010010237291371824
calibration_00013,calibration,1,C2,750.0687812857284,-59.945335812847276,0.05150279887546712
calibration_00013,calibration,1,C3,750.1364111529164,20.032045662917028,-0.0020280125006297747
calibration_00013,calibration,2,A1,-600.1273602451378,-39.74585864753573,-0.38568490519517146
calibration_00013,calibration,2,A2,-399.9982866252307,-39.92573670681743,-0.2870466711573228
calibration_00013,calibration,2,A3,-400.0483147061558,40.111074726742814,-0.2893791566549155
calibration_00013,calibration,2,B1,-100.05236858311457,-40.00175566911624,0.022347800036095683
calibration_00013,calibration,2,B2,99.9812064557842,-39.967109822254734,-0.027713418881800716
calibration_00013,calibration,2,B3,99.94492100311408,40.036869802515376,0.08301391739231853
calibration_00013,calibration,2,C1,550.1204796550229,-59.97248369173669,0.027812151617822575
calibration_00013,calibration,2,C2,749.9941389134138,-60.030975913652576,0.031318265831497445
calibration_00013,calibration,2,C3,750.1555567224046,20.067285226289222,-0.029725261916336825
calibration_00013,calibration,3,A1,-600.0994407272823,-39.67676656052223,-0.32571967336006924
calibration_00013,calibration,3,A2,-400.09743430931,-39.98744977752131,-0.3522886811376625
calibration_00013,calibration,3,A3,-400.0979737240542,40.115283509362726,-0.28875145909341715
calibration_00013,calibration,3,B1,-100.0710609989553,-40.016957592085575,-0.010408682377268129
calibration_00013,calibration,3,B2,100.00582323280732,-39.93329032539646,-0.012755169962490357
calibration_00013,calibration,3,B3,100.0205351084921,40.032994191247,-0.05643398740397644
calibration_00013,calibration,3,C1,399.94630065604383,-39.977292230911544,-0.21557327293435916
calibration_00013,calibration,3,C2,599.9524980005688,-39.90140377124804,-0.14435502587682347
calibration_00013,calibration,3,C3,599.9803901112748,40.10327245996199,0.031276160184450674
calibration_00013,calibration,4,A1,49.82967786780583,-579.9439390806623,29.955161153833345
calibration_00013,calibration,4,A2,49.96323929614835,-379.98190608494747,29.97932864190615
calibration_00013,calibration,4,A3,-29.950547749115085,-379.9980995556048,29.927299895739257
calibration_00013,calibration,4,B1,49.99594024523885,-79.98506290665676,30.131313321294435
calibration_00013,calibration,4,B2,49.958073370696276,120.0681682496384,30.13673412922046
calibration_00013,calibration,4,B3,-29.90178428776913,120.03776568409046,30.106174105308273
calibration_00013,calibration,4,C1,50.05903459738178,420.044300151964,29.934825223873577
calibration_00013,calibration,4,C2,49.99364268494642,619.9891475126415,29.878969344795777
calibration_00013,calibration,4,C3,-30.054324211613334,620.0554854144158,30.01549258797647
calibration_00014,calibration,0,A1,-849.9957332366752,9.985817634058693,9.970364700601216
calibration_00014,calibration,0,A2,-650.0299710350868,10.014139539502468,10.02971711677275
calibration_00014,calibration,0,A3,-650.0310249609872,90.02411785037658,9.96044104629449
calibration_00014,calibration,0,B1,-99.99155379684716,-40.003559776249105,-0.0029407122114393155
calibration_00014,calibration,0,B2,100.03907427267816,-40.042347627512285,-0.05296902959992373
calibration_00014,calibration,0,B3,100.03646236627831,40.02774094171594,-0.03409374321944092
calibration_00014,calibration,0,C1,650.0375730056867,-90.03365711610664,-10.057120103620493
calibration_00014,calibration,0,C2,849.9695787139287,-90.0202001988459,-9.972451232189464
calibration_00014,calibration,0,C3,849.9990497018083,-10.013582376201484,-10.00956959108338
calibration_00014,calibration,1,A1,-749.9881062076993,-19.97530069320934,0.018046645032427124
calibration_00014,calibration,1,A2,-549.9791110909429,-20.024783436041062,-0.04040220449457251
calibration_00014,calibration,1,A3,-549.9971330333148,59.90624779112667,0.055505330346279615
calibration_00014,calibration,1,B1,-100.05403044785494,-40.014157066930885,0.05008143360483641
calibration_00014,calibration,1,B2,100.00760193929241,-39.92903843338824,0.09784992968137342
calibration_00014,calibration,1,B3,99.96239327564086,40.035436232734554,0.06022061548567651
calibration_00014,calibration,1,C1,549.9760330287681,-59.95994928099159,0.012271696960333887
calibration_00014,calibration,1,C2,750.063389451453,-59.965502047739776,-0.0021881999803050195
calibration_00014,calibration,1,C3,749.9743504354127,20.03012070144242,0.03341499955837974
calibration_00014,calibration,2,A1,-599.9808561554321,-40.17845070725526,-0.11137014982603403
calibration_00014,calibration,2,A2,-399.9346339302241,-40.070740939119446,0.014978510143742345
calibration_00014,calibration,2,A3,-400.0738297898024,39.889750629648994,-0.018621402729224357
calibration_00014,calibration,2,B1,-100.06504650599594,-40.00093843045077,0.12401723670642067
calibration_00014,calibration,2,B2,100.00369606269136,-39.95776305149866,0.0805905653176621
calibration_00014,calibration,2,B3,100.04947001639016,39.97545164027589,0.0651577860582828
calibration_00014,calibration,2,C1,550.00174983771,-59.98043224787684,0.00772782567175153
calibration_00014,calibration,2,C2,750.0364156333134,-59.969140697639425,0.017649480857505458
calibration_00014,calibration,2,C3,750.015561280039,20.004890505188374,0.027077054861985268
calibration_00014,calibration,3,A1,-599.9974031076164,-40.225027969746506,-0.058817355512315754
calibration_00014,calibration,3,A2,-399.95517643355174,-40.01606981172475,0.002811340525698331
calibration_00014,calibration,3,A3,-400.0872927558393,39.89362671500276,-0.02046054053994071
calibration_00014,calibration,3,B1,-100.01722233186001,-40.097003460863164,0.0806101120336951
calibration_00014,calibration,3,B2,100.04671457175361,-39.99874605073615,0.0930815509004866
calibration_00014,calibration,3,B3,100.01832399450639,40.030866718909934,0.08209108584377553
calibration_00014,calibration,3,C1,399.95107366868956,-40.01616942820032,-0.028121526079152706
calibration_00014,calibration,3,C2,599.9979799159016,-39.98397776230265,-0.02978013619681111
calibration_00014,calibration,3,C3,599.9689948167357,39.964301026137896,-0.0820990867503643
calibration_00014,calibration,4,A1,50.139466710064724,-579.9588048118221,29.953264718392123
calibration_00014,calibration,4,A2,49.868294614404434,-379.9568335066095,30.013522809474324
calibration_00014,calibration,4,A3,-30.001178719245935,-380.11284745956914,29.948566483316483
calibration_00014,calibration,4,B1,49.959460513850615,-80.02163512117384,30.130931052563103
calibration_00014,calibration,4,B2,49.97306467934227,119.94512843914809,30.149177832444114
calibration_00014,calibration,4,B3,-30.07700221482827,120.06865983341689,30.00474180019048
calibration_00014,calibration,4,C1,49.96223551150578,420.0035633385513,30.072101055512107
calibration_00014,calibration,4,C2,50.06344986167903,620.05917996687,30.004423459175257
calibration_00014,calibration,4,C3,-29.93229477577338,619.9499664964992,29.915687051022555
calibration_00015,calibration,0,A1,-849.997118950302,10.022794027939442,9.979336543844136
calibration_00015,calibration,0,A2,-649.9694444366319,10.087380955952241,9.956709149512557
calibration_00015,calibration,0,A3,-649.9839209436598,90.0126577666891,10.045364182232912
calibration_00015,calibration,0,B1,-100.0089970343175,-39.974964208400394,0.03200909777093653
calibration_00015,calibration,0,B2,99.9325942394479,-40.02529854431506,0.029444369751659656
calibration_00015,calibration,0,B3,100.00419539377253,40.052727995283924,-0.025459604501949326
calibration_00015,calibration,0,C1,650.0329034001828,-90.06034938518997,-9.972630789148331
calibration_00015,calibration,0,C2,849.9890904026671,-89.98534236798598,-10.079837408793969
calibration_00015,calibration,0,C3,850.0559542607988,-9.953918246696599,-9.99883328828542
calibration_00015,calibration,1,A1,-750.0277483762507,-19.980342230904157,0.016266007071577722
calibration_00015,calibration,1,A2,-550.0624757485573,-20.017091274262935,0.02272400758002744
calibration_00015,calibration,1,A3,-549.9865836500965,60.01769055639509,-0.06876653475038301
calibration_00015,calibration,1,B1,-99.9470826759713,-40.035845385003185,-0.08829319119557356
calibration_00015,calibration,1,B2,99.99930007302412,-39.97969029846772,0.003994088691300374
calibration_00015,calibration,1,B3,100.03135607459136,39.99240867227859,-0.028592477537970666
calibration_00015,calibration,1,C1,549.9661656559607,-60.00765946253394,-0.04051927633461198
calibration_00015,calibration,1,C2,749.9742636990097,-60.08914397615899,0.07940230483502914
calibration_00015,calibration,1,C3,749.9429518088663,20.023796016437785,0.0027116776310946375
calibration_00015,calibration,2,A1,-599.9615236504895,-40.161832569030366,-0.39559456361062517
calibration_00015,calibration,2,A2,-399.9511323920495,-40.08352202402976,-0.17539912772334942
calibration_00015,calibration,2,A3,-399.9973108955331,39.90409344258757,-0.287444635542452
calibration_00015,calibration,2,B1,-99.94081544644845,-39.983734429507216,-0.024252205848668294
calibration_00015,calibration,2,B2,100.04483548877238,-39.94429421212063,-0.0629794913026836
calibration_00015,calibration,2,B3,100.00409283043582,40.012431851444,-0.06380160689719672
calibration_00015,calibration,2,C1,549.9733739542997,-59.9884444438886,-0.02712216371973736
calibration_00015,calibration,2,C2,749.962874477697,-60.05126673177596,0.10992990907533293
calibration_00015,calibration,2,C3,750.0041473524008,20.01072663858653,-0.05083906210615498
calibration_00015,calibration,3,A1,-599.9916919261165,-40.14219721396969,-0.3703123452114497
calibration_00015,calibration,3,A2,-399.97529475448493,-40.10788026910141,-0.20111234406091547
calibration_00015,calibration,3,A3,-399.94396707660377,39.989755431405044,-0.27495338633079014
calibration_00015,calibration,3,B1,-99.9850847931965,-39.947517700082436,-0.034797254871334976
calibration_00015,calibration,3,B2,100.00466894421518,-40.069703164545054,-0.04553429727389696
calibration_00015,calibration,3,B3,99.97454995679796,40.01489361009709,-0.09873370846101458
calibration_00015,calibration,3,C1,400.02440758807126,-39.91979559045122,-0.13389169737387183
calibration_00015,calibration,3,C2,599.9834344905265,-39.858887967094496,-0.13279968991285668
calibration_00015,calibration,3,C3,600.005547942663,40.16800134158492,-0.10181374723910636
calibration_00015,calibration,4,A1,50.038384888213585,-579.9611756673039,29.86823307714067
calibration_00015,calibration,4,A2,50.01890927291083,-379.93846196670194,30.092985132129613
calibration_00015,calibration,4,A3,-30.035278693613417,-379.9678214884721,30.041976456250868
calibration_00015,calibration,4,B1,49.98531645271136,-79.93725103122861,30.124227583026403
calibration_00015,calibration,4,B2,50.026886563399856,120.04994372692329,30.069060962769957
calibration_00015,calibration,4,B3,-29.980967157885207,120.04736712074605,30.14853924723432
calibration_00015,calibration,4,C1,49.987143909019444,419.9944483377254,29.981274315100507
calibration_00015,calibration,4,C2,49.950390422787265,619.90168847174,29.886025118787813
calibration_00015,calibration,4,C3,-30.011637390880086,620.0690651313306,30.010003430368332
calibration_00016,calibration,0,A1,-849.9714218789409,9.98853178481618,10.025983262082335
calibration_00016,calibration,0,A2,-650.014602498399,10.007340903238099,10.006634988194719
calibration_00016,calibration,0,A3,-649.9990269007344,90.0332118779503,9.97495105547662
calibration_00016,calibration,0,B1,-99.98556776064596,-40.009126320927784,-0.01470880685533071
calibration_00016,calibration,0,B2,99.98787596778065,-39.96542497634744,-0.033827778727992246
calibration_00016,calibration,0,B3,99.982988822628,39.99343400189097,0.04139697848999259
calibration_00016,calibration,0,C1,650.0059362435911,-89.97936697054858,-10.035517469035346
calibration_00016,calibration,0,C2,849.9675211482336,-90.10234379878533,-9.962326306145549
calibration_00016,calibration,0,C3,850.0006633471712,-10.034028141093737,-10.020767851262155
calibration_00016,calibration,1,A1,-749.9850233527548,-19.953144986751,-0.011509706080274558
calibration_00016,calibration,1,A2,-549.9837953154625,-20.010548741642147,-0.017918051728003235
calibration_00016,calibration,1,A3,-549.9225367869998,59.918914603258294,-0.018021597265828165
calibration_00016,calibration,1,B1,-100.00798841419318,-39.98521544567877,-0.034885230169914835
calibration_00016,calibration,1,B2,99.93451568991541,-39.98647613050608,-0.0004257355165204549
calibration_00016,calibration,1,B3,99.98202976376035,39.94459120803599,0.011588961665200917
calibration_00016,calibration,1,C1,549.997902018292,-60.102012941924464,0.0478372118557938
calibration_00016,calibration,1,C2,750.0206701805885,-59.93424599928392,-0.015205649256217715
calibration_00016,calibration,1,C3,749.988573266663,20.131418019971616,0.025413031536138782
calibration_00016,calibration,2,A1,-600.0372141885647,-39.88085663231894,-0.09300370438940384
calibration_00016,calibration,2,A2,-400.06132086490385,-39.86277561300434,-0.05183160389521884
calibration_00016,calibration,2,A3,-399.9810110520454,40.11569734331302,-0.04003756842838295
calibration_00016,calibration,2,B1,-99.98747373977805,-39.99706635651747,-0.07082501098907698
calibration_00016,calibration,2,B2,99.92916711755835,-39.98904009242244,0.05515263647414875
calibration_00016,calibration,2,B3,100.04297376121153,39.97458642645846,-0.00659531115887956
calibration_00016,calibration,2,C1,550.0740571254478,-60.04699466925909,0.012937982965494234
calibration_00016,calibration,2,C2,750.0425005112509,-59.965522045781015,-0.08662570440464346
calibration_00016,calibration,2,C3,749.9829606864243,20.070800363039904,0.036416119403971
calibration_00016,calibration,3,A1,-600.0481375367407,-39.92265566903302,-0.08779783053049925
calibration_00016,calibration,3,A2,-400.0263416442558,-39.891888837264005,-0.0685543345289912
calibration_00016,calibration,3,A3,-400.0050241704115,40.10916639905485,-0.11016497143267798
calibration_00016,calibration,3,B1,-99.97448862497352,-39.946551551074315,-0.041168981611764126
calibration_00016,calibration,3,B2,99.94193838425663,-40.0043579697008,0.09593067186484358
calibration_00016,calibration,3,B3,99.95868836988113,39.976366383375506,0.06143771613462063
calibration_00016,calibration,3,C1,399.9891558724454,-40.04931655356901,0.33488500029796553
calibration_00016,calibration,3,C2,600.0442968778774,-40.08138002320228,0.4343815023315039
calibration_00016,calibration,3,C3,599.9608178071053,39.95223343608584,0.311068375388988
calibration_00016,calibration,4,A1,50.0400095063685,-580.0157543805772,30.066072498449287
calibration_00016,calibration,4,A2,50.09182949539769,-380.13419109452974,30.019060772299657
calibration_00016,calibration,4,A3,-29.92779556993485,-380.0006939900393,30.050364756737842
calibration_00016,calibration,4,B1,49.98096875667718,-79.91944034907844,29.878658492173578
calibration_00016,calibration,4,B2,49.95999366618904,119.94057282668496,29.93210771230429
calibration_00016,calibration,4,B3,-29.953554103585986,120.04236419565696,29.934072709538558
calibration_00016,calibration,4,C1,49.911103057966386,420.00875788358604,30.023743695378982
calibration_00016,calibration,4,C2,50.06611592657335,620.0455529794949,30.062337763641445
calibration_00016,calibration,4,C3,-30.04353696833686,619.9591751290895,30.00294407888602
calibration_00017,calibration,0,A1,-849.9856360003294,9.992063875330915,9.996693723472644
calibration_00017,calibration,0,A2,-650.0121000846602,9.997681678828553,9.99227335253069
calibration_00017,calibration,0,A3,-650.0734910881505,89.98643243689862,10.0719196895283
calibration_00017,calibration,0,B1,-100.02398187122927,-40.00398218127847,-0.02760910931568418
calibration_00017,calibration,0,B2,100.05151291092027,-40.00102148481862,0.05066861522542793
calibration_00017,calibration,0,B3,99.97386672121901,40.00369363607974,0.022307384338013554
calibration_00017,calibration,0,C1,650.0059700807162,-90.01188196682106,-9.999517484736202
calibration_00017,calibration,0,C2,850.0123453975692,-90.00875874716638,-10.00695801476517
calibration_00017,calibration,0,C3,850.0364011318771,-10.010418986421822,-10.052392638646193
calibration_00017,calibration,1,A1,-749.9844670314292,-19.975099652853306,-0.06254653098026747
calibration_00017,calibration,1,A2,-550.033476633007,-19.94792401104903,0.06808845094826249
calibration_00017,calibration,1,A3,-549.9455726139338,59.91336464504692,0.00489059730491094
calibration_00017,calibration,1,B1,-99.9853257762532,-40.07348299242049,0.11311809174992782
calibration_00017,calibration,1,B2,100.01436251336568,-40.05326253584744,-0.03429206870724105
calibration_00017,calibration,1,B3,99.98963067124166,39.988350878191426,-0.0826687897264017
calibration_00017,calibration,1,C1,549.9524458698424,-60.013421184240116,7.741769364576906e-05
calibration_00017,calibration,1,C2,750.0544697315001,-60.00080380146758,0.002020336810980978
calibration_00017,calibration,1,C3,749.9575826836955,20.03543141855866,0.06611044181108595
calibration_00017,calibration,2,A1,-599.963329660593,-40.27987153399062,0.4983779846093742
calibration_00017,calibration,2,A2,-399.95061646503257,-40.11541980915512,0.3415739682892758
calibration_00017,calibration,2,A3,-400.02901761750985,39.85485498308587,0.18811301439267045
calibration_00017,calibration,2,B1,-99.9837882575866,-40.06533393319414,-0.0070680816465987645
calibration_00017,calibration,2,B2,99.991165645892,-40.03586001796706,-0.03265372082977849
calibration_00017,calibration,2,B3,99.94029310655473,39.98260795830755,-0.06576229154658435
calibration_00017,calibration,2,C1,549.9514747312684,-60.00235751266793,0.04295128493647181
calibration_00017,calibration,2,C2,750.0291562876545,-59.94470076547537,0.04779949038193393
calibration_00017,calibration,2,C3,749.9378465277471,19.967687050770763,0.11542654088976975
calibration_00017,calibration,3,A1,-600.0365516950138,-40.214490275386694,0.4958896027857697
calibration_00017,calibration,3,A2,-399.9786480612668,-40.05983085181454,0.2502559800525813
calibration_00017,calibration,3,A3,-399.98939865938,39.84183102695432,0.1407518683772436
calibration_00017,calibration,3,B1,-99.95415788880295,-40.08817109461358,-0.013639172597001294
calibration_00017,calibration,3,B2,99.97370164989904,-40.03666779395596,0.06666394429788833
calibration_00017,calibration,3,B3,99.97519846200012,39.98451780287686,0.05017020641537705
calibration_00017,calibration,3,C1,399.97781093577237,-39.88345462359096,-0.11144336777527357
calibration_00017,calibration,3,C2,600.004030313037,-39.83277572361386,-0.075118974170651
calibration_00017,calibration,3,C3,599.9723969298408,40.07771014752135,-0.09383689907548425
calibration_00017,calibration,4,A1,50.02201485251334,-579.9753481594868,30.120209422047594
calibration_00017,calibration,4,A2,49.92575829002178,-379.9593063147479,30.026659242748142
calibration_00017,calibration,4,A3,-29.98044026159472,-380.05241690842814,30.001658611529415
calibration_00017,calibration,4,B1,49.94873906650777,-79.96034736017175,29.891937425009633
calibration_00017,calibration,4,B2,50.040230868609285,119.9165715376141,29.95074446831259
calibration_00017,calibration,4,B3,-30.076585157851127,119.9278270394168,29.956560357039805
calibration_00017,calibration,4,C1,49.93641196786415,419.9454651753788,29.92976592201436
calibration_00017,calibration,4,C2,50.0346899176275,619.9674533923389,29.946928272099136
calibration_00017,calibration,4,C3,-29.992102310089628,619.9664166286344,30.028576400217666
calibration_00018,calibration,0,A1,-850.0117096315498,10.008371514688912,9.97640346834487
calibration_00018,calibration,0,A2,-649.9933676823355,9.998204115132957,10.013629796965924
calibration_00018,calibration,0,A3,-649.9869424765131,89.99313589944138,10.002102010797936
calibration_00018,calibration,0,B1,-100.01847610951697,-40.02235017127375,0.05168046767778017
calibration_00018,calibration,0,B2,100.0109426418918,-39.98416917176974,0.004660651204064984
calibration_00018,calibration,0,B3,99.9713129151159,39.96608233717272,-0.02970853144533574
calibration_00018,calibration,0,C1,650.0069828379019,-89.97538420144363,-9.973718890033824
calibration_00018,calibration,0,C2,849.9935663880949,-89.95113663008854,-9.960248264684225
calibration_00018,calibration,0,C3,849.9845174084874,-9.96551476919462,-10.015672126712072
calibration_00018,calibration,1,A1,-750.0349817334999,-19.9730499764348,0.03471839424637392
calibration_00018,calibration,1,A2,-550.0245459269368,-19.99147402465513,-0.017431667208311658
calibration_00018,calibration,1,A3,-550.0684466119446,60.05911944498032,0.011098375625119162
calibration_00018,calibration,1,B1,-100.00067939520235,-39.9377360966563,-0.011413450184004794
calibration_00018,calibration,1,B2,100.06549384377814,-39.99503939753225,0.013941646642799732
calibration_00018,calibration,1,B3,100.0449054588531,39.99497212236849,0.026149061923351622
calibration_00018,calibration,1,C1,550.0354511005067,-60.017465621519946,-0.027825851822846775
calibration_00018,calibration,1,C2,749.963159587209,-60.04503228165126,-0.10043172441274945
calibration_00018,calibration,1,C3,749.969173460935,19.967068139343134,0.0008173586559369964
calibration_00018,calibration,2,A1,-599.9334670096024,-39.76087429667149,-0.08436786934680102
calibration_00018,calibration,2,A2,-400.01212889686434,-39.92434830371651,-0.06913281753248136
calibration_00018,calibration,2,A3,-399.9382830365389,40.111703401366135,-0.0560586248746483
calibration_00018,calibration,2,B1,-100.03085103982633,-40.07608233776106,0.0018741663709652932
calibration_00018,calibration,2,B2,99.97491813023926,-39.87972249380888,-0.042849373208837645
calibration_00018,calibration,2,B3,100.04822741124397,39.996135982771825,0.04177615395111526
calibration_00018,calibration,2,C1,550.0636984777701,-59.98568672703852,-0.03486731468002581
calibration_00018,calibration,2,C2,750.034298541336,-60.08487413010371,-0.038351401520861
calibration_00018,calibration,2,C3,750.009370069855,19.946177852226672,-0.020326785722911828
calibration_00018,calibration,3,A1,-599.895268202769,-39.84975621244911,-0.0405285188844089
calibration_00018,calibration,3,A2,-399.9988356638721,-39.96043714300588,-0.09684258908550263
calibration_00018,calibration,3,A3,-399.8831880635969,40.113591842884304,-0.12660337629227067
calibration_00018,calibration,3,B1,-100.00187737839381,-39.9884934093881,-0.016504441108761314
calibration_00018,calibration,3,B2,99.9604545721954,-39.95289834711941,-0.030426199047181482
calibration_00018,calibration,3,B3,100.03140136151727,39.98630712064573,-0.016160957016457242
calibration_00018,calibration,3,C1,400.0552722344224,-39.78933163860186,-0.07432534590254647
calibration_00018,calibration,3,C2,599.9973737104688,-39.74461535718984,-0.144906327784185
calibration_00018,calibration,3,C3,599.8864021550554,40.291691493902526,-0.008188766319137487
calibration_00018,calibration,4,A1,49.83720461949973,-579.9968581549942,30.05131031676565
calibration_00018,calibration,4,A2,49.940725591770004,-379.98755334858936,29.993171858860045
calibration_00018,calibration,4,A3,-30.080599891978544,-379.86725060673643,29.90921211466031
calibration_00018,calibration,4,B1,50.08059709088156,-79.97636055773256,30.094067198997454
calibration_00018,calibration,4,B2,50.09456959965327,119.93240895526975,30.01562277784317
calibration_00018,calibration,4,B3,-29.863306781834503,120.02796561382776,30.030183144995465
calibration_00018,calibration,4,C1,49.952576551715296,419.9714934112537,29.88643182051747
calibration_00018,calibration,4,C2,49.94638488714356,619.881741729641,29.963851973640484
calibration_00018,calibration,4,C3,-30.06209732481204,619.8101331588097,30.019307053931946
calibration_00019,calibration,0,A1,-850.0328365618283,9.942762299666674,10.079279559908324
calibration_00019,calibration,0,A2,-650.011973296679,10.00557061986062,10.04037036194819
calibration_00019,calibration,0,A3,-650.0148077677458,89.96097874084,10.031839270578146
calibration_00019,calibration,0,B1,-99.98716156021767,-39.9700993852394,0.0026812512371392613
calibration_00019,calibration,0,B2,99.99521430246003,-40.02323510887933,0.01180953275513411
calibration_00019,calibration,0,B3,100.02039083853515,39.99407543390952,-0.04383381346137128
calibration_00019,calibration,0,C1,649.9223039591467,-89.96085188174469,-10.020070409441074
calibration_00019,calibration,0,C2,850.0346335433253,-89.97284262233447,-9.984883404367084
calibration_00019,calibration,0,C3,849.9846260488379,-10.00199874883467,-9.9622143431402
calibration_00019,calibration,1,A1,-750.0378185557316,-19.909617825261716,-0.08659213835110077
calibration_00019,calibration,1,A2,-549.9832777628719,-19.970905149083414,-0.04395719405822443
calibration_00019,calibration,1,A3,-550.0017518709411,60.09387440093185,-0.010728674441765165
calibration_00019,calibration,1,B1,-100.05203941951883,-40.00780592855127,0.011829355160662275
calibration_00019,calibration,1,B2,99.96962958369603,-39.956215335722476,0.01254301147949798
calibration_00019,calibration,1,B3,99.96987873418671,39.89371974548762,0.024753465643586377
calibration_00019,calibration,1,C1,549.9991708198928,-60.09344532817199,0.025542191406658716
calibration_00019,calibration,1,C2,750.0592839582017,-60.06662838896725,-0.03358272759447743
calibration_00019,calibration,1,C3,750.0879860643855,19.996596953523877,-0.005500040726286391
calibration_00019,calibration,2,A1,-599.9883807267132,-40.02954738285246,-0.010240300060459201
calibration_00019,calibration,2,A2,-400.02804859395803,-40.05974178167045,0.0748465338594677
calibration_00019,calibration,2,A3,-399.9223268507951,40.02509164676762,0.007348333714822606
calibration_00019,calibration,2,B1,-99.9948719658564,-40.01831684765131,0.029335377004218312
calibration_00019,calibration,2,B2,99.96604975783771,-40.01101165713279,0.022918814123739015
calibration_00019,calibration,2,B3,99.96125293151727,39.949687884659006,0.058074102914670994
calibration_00019,calibration,2,C1,550.072731619647,-60.04328217778264,0.012359072893657307
calibration_00019,calibration,2,C2,750.0423788504922,-60.02544867795182,-0.07272837737859998
calibration_00019,calibration,2,C3,750.0682753344757,19.996434594641176,-0.03777363888112355
calibration_00019,calibration,3,A1,-600.081494533123,-40.03312774470648,-0.030149639488720098
calibration_00019,calibration,3,A2,-399.9834620588129,-40.04719622376918,0.05268751328171739
calibration_00019,calibration,3,A3,-399.9413745700221,40.052555352245534,0.00020037439923790978
calibration_00019,calibration,3,B1,-100.06748757700288,-40.03912744845774,-0.022528650956158185
calibration_00019,calibration,3,B2,99.9280326972067,-39.96764479627306,-0.028016844585712644
calibration_00019,calibration,3,B3,100.00998296773719,39.983363361828296,-0.03771168932175712
calibration_00019,calibration,3,C1,399.95401675107996,-40.02944442436614,0.004153195548714822
calibration_00019,calibration,3,C2,599.9722158005933,-40.047411950461125,-0.019073689161763056
calibration_00019,calibration,3,C3,599.9554316717985,39.93510058129573,0.10463218639601594
calibration_00019,calibration,4,A1,49.98107241467026,-579.9533264375353,30.026669408449138
calibration_00019,calibration,4,A2,49.939519034945306,-380.02264719081234,30.01779251181188
calibration_00019,calibration,4,A3,-30.01347915326281,-379.9099753646289,30.027861599019285
calibration_00019,calibration,4,B1,49.98157411549743,-79.90122197434742,29.946585963854925
calibration_00019,calibration,4,B2,49.91841390215563,119.92160167893455,29.966945546370205
calibration_00019,calibration,4,B3,-30.036919715067118,119.98892925292374,30.000107223873506
calibration_00019,calibration,4,C1,50.040793588181025,420.0215577676743,30.04761623863959
calibration_00019,calibration,4,C2,49.977832157299176,619.9813030785807,29.94228202539109
calibration_00019,calibration,4,C3,-30.010343638531378,620.0080156911891,30.09409045491343
calibration_00020,calibration,0,A1,-850.0136064678741,10.024334439941532,10.025199908408435
calibration_00020,calibration,0,A2,-649.9892669942589,10.040329508643653,10.067545713068444
calibration_00020,calibration,0,A3,-650.0082658849982,89.96612621449637,10.024816053447505
calibration_00020,calibration,0,B1,-99.96477166893091,-40.01710667522814,0.016054695258579502
calibration_00020,calibration,0,B2,99.99352781798312,-39.99322722942266,-0.019802277135846518
calibration_00020,calibration,0,B3,100.01917423688307,40.01046494972963,0.0030755582901206605
calibration_00020,calibration,0,C1,650.0138734640432,-90.02076660698211,-10.03931229630957
calibration_00020,calibration,0,C2,849.9976643833198,-89.9467979526321,-10.015516540074252
calibration_00020,calibration,0,C3,849.9753224404975,-10.017703330577946,-9.998634484868056
calibration_00020,calibration,1,A1,-750.0138993456817,-19.96702906216356,-0.027309278671752354
calibration_00020,calibration,1,A2,-550.0139721751266,-19.96727986257632,-0.10144196682383369
calibration_00020,calibration,1,A3,-549.9336356463531,59.940908145614614,-0.05992120030969748
calibration_00020,calibration,1,B1,-99.99014468312842,-39.93944115121377,-0.03340554244397501
calibration_00020,calibration,1,B2,100.01634207527336,-39.97546891701377,-0.014081989128762497
calibration_00020,calibration,1,B3,99.95874786483124,39.99593983524461,0.07076296215361791
calibration_00020,calibration,1,C1,549.9818992133435,-59.9745355164183,0.05044076047493573
calibration_00020,calibration,1,C2,749.967593517255,-60.00552385847154,-0.05504483793532933
calibration_00020,calibration,1,C3,750.0371852990111,19.97570306444952,0.01704972961455553
calibration_00020,calibration,2,A1,-600.0125251389443,-39.92942955474669,-0.13091068303788933
calibration_00020,calibration,2,A2,-400.08132133664725,-39.8629628049378,0.018667351369502993
calibration_00020,calibration,2,A3,-399.96296943587464,40.11342359799522,0.028354875082008957
calibration_00020,calibration,2,B1,-100.02217733279954,-39.936738869596375,-0.0890262554161303
calibration_00020,calibration,2,B2,99.9778114401222,-39.9926681521557,0.05786018925410426
calibration_00020,calibration,2,B3,100.02910822739014,40.01614027124919,-0.021489656948269868
calibration_00020,calibration,2,C1,550.0434817333578,-60.03266054871434,0.11328652838352549
calibration_00020,calibration,2,C2,750.0081127262775,-60.04287284464958,-0.033530755860999836
calibration_00020,calibration,2,C3,749.971511688121,20.08403142280006,-0.020160213413935667
calibration_00020,calibration,3,A1,-600.0203180570347,-39.93553826078486,-0.10265461726379982
calibration_00020,calibration,3,A2,-400.1372997136867,-39.84582294610895,0.007173292496911512
calibration_00020,calibration,3,A3,-400.02193858893014,40.03756557985753,0.07766853359482065
calibration_00020,calibration,3,B1,-100.06095587974443,-39.95749271258708,-0.008215566193456467
calibration_00020,calibration,3,B2,99.89798782974586,-40.03407601021255,0.08653943569306537
calibration_00020,calibration,3,B3,99.96998139782082,40.02474613079347,-0.04002067463192402
calibration_00020,calibration,3,C1,399.97592308430194,-40.08896754637164,0.22472294532048395
calibration_00020,calibration,3,C2,599.9633994303223,-40.25943386077561,0.38537379059085625
calibration_00020,calibration,3,C3,600.0727205749779,39.821420404846975,0.3605973120109748
calibration_00020,calibration,4,A1,50.109994057741666,-579.9331677734839,29.971965702890973
calibration_00020,calibration,4,A2,49.94057761220488,-380.05408303669526,30.06929635317198
calibration_00020,calibration,4,A3,-29.95907626033672,-379.96482443682595,30.076622088202704
calibration_00020,calibration,4,B1,49.96702448871207,-79.91334476547992,29.882195810478724
calibration_00020,calibration,4,B2,49.95501018188073,119.95712265676174,29.915709733521695
calibration_00020,calibration,4,B3,-30.064636234615083,120.08482397050491,29.7803836921042
calibration_00020,calibration,4,C1,49.989956211447875,420.1104709678718,30.091313927728955
calibration_00020,calibration,4,C2,50.091892084830654,620.0237054209135,30.12994821649168
calibration_00020,calibration,4,C3,-29.96231125665114,620.0258223620334,30.056048517690368
calibration_00021,calibration,0,A1,-850.0295385173254,10.020641270217439,9.976688259532171
calibration_00021,calibration,0,A2,-650.0165559843695,10.009775519927071,9.963201303412404
calibration_00021,calibration,0,A3,-650.0208637422438,90.03375096271881,9.991493412796789
calibration_00021,calibration,0,B1,-99.98314884222476,-40.006125274972575,0.012504136161871232
calibration_00021,calibration,0,B2,99.97960280037694,-39.98093117453213,0.005239200304443004
calibration_00021,calibration,0,B3,99.95828937136402,40.03847723754681,0.014904625094023268
calibration_00021,calibration,0,C1,649.994016243971,-89.94644577001088,-10.024965890705042
calibration_00021,calibration,0,C2,849.9834312911416,-89.95907538661821,-10.078632304904154
calibration_00021,calibration,0,C3,850.0147470467417,-9.960120634450686,-10.000802699176612
calibration_00021,calibration,1,A1,-749.9988983537589,-20.036001895005594,0.08107301107623706
calibration_00021,calibration,1,A2,-549.9223484794084,-19.980843810849375,0.019074621885938156
calibration_00021,calibration,1,A3,-549.977918331112,59.99488171771332,0.005596916662053284
calibration_00021,calibration,1,B1,-100.00738130292903,-40.065824320389524,-0.03190152042060836
calibration_00021,calibration,1,B2,99.94500551347059,-39.99429041651158,0.05573523050093593
calibration_00021,calibration,1,B3,100.02166003680021,39.94795396845864,0.02017895030891158
calibration_00021,calibration,1,C1,549.9988277670597,-60.061394329822555,0.022506393316147816
calibration_00021,calibration,1,C2,749.9685196284765,-60.041402184015034,0.10145030929099433
calibration_00021,calibration,1,C3,750.0056917838556,20.002152677001277,0.033386797776390066
calibration_00021,calibration,2,A1,-600.0287452530246,-40.09442789505871,-0.3222266804290755
calibration_00021,calibration,2,A2,-400.0247009868509,-40.10466726967706,-0.18484673250265415
calibration_00021,calibration,2,A3,-399.96553713355956,39.831334705027515,-0.16535462031694415
calibration_00021,calibration,2,B1,-100.00994613949695,-40.03781144923845,-0.02540522553036811
calibration_00021,calibration,2,B2,100.00324701041758,-39.996216629044035,0.059821958351591056
calibration_00021,calibration,2,B3,100.05457517356626,39.94904080707249,0.025798537510636294
calibration_00021,calibration,2,C1,550.0120521374317,-60.047362349434714,0.03391696003359922
calibration_00021,calibration,2,C2,750.0007012829948,-60.02900222095054,0.06603537106711488
calibration_00021,calibration,2,C3,750.0098603092172,19.952345964927837,-0.004814026560339087
calibration_00021,calibration,3,A1,-600.0746517165172,-40.05050461850264,-0.33322356498549877
calibration_00021,calibration,3,A2,-400.0478914244514,-40.101130898592935,-0.1532872377205362
calibration_00021,calibration,3,A3,-399.98426753594794,39.915253512280735,-0.19456884241348285
calibration_00021,calibration,3,B1,-100.03991212568428,-40.094213522936734,-0.06650408921301344
calibration_00021,calibration,3,B2,100.04595925766212,-40.03644769074571,0.03304141224601696
calibration_00021,calibration,3,B3,100.01694807628114,39.91211858171305,-0.0013820424527098626
calibration_00021,calibration,3,C1,400.0231895426731,-40.08348852557627,0.12718890173232525
calibration_00021,calibration,3,C2,599.9704283277377,-40.00365406030305,0.2792354683138082
calibration_00021,calibration,3,C3,600.01063458438,39.95565044916907,0.2605361229169369
calibration_00021,calibration,4,A1,49.99413413679098,-580.0512463458839,29.97937479234341
calibration_00021,calibration,4,A2,50.084790097476834,-380.05613792011195,30.07540622386382
calibration_00021,calibration,4,A3,-29.947535920390045,-379.9548300476997,30.02575341572066
calibration_00021,calibration,4,B1,50.008783030861935,-80.01574660520936,29.973315589131047
calibration_00021,calibration,4,B2,49.96091530977199,119.93696081753538,30.025153349746283
calibration_00021,calibration,4,B3,-30.03326346327379,120.03036888978116,29.921167606506827
calibration_00021,calibration,4,C1,50.03456981561693,419.95358184167907,29.96848906935629
calibration_00021,calibration,4,C2,49.940004649045406,619.9660595055897,30.00911040484867
calibration_00021,calibration,4,C3,-30.021234096032785,620.0128706186157,29.993265671367855
calibration_00022,calibration,0,A1,-850.0395594043085,9.979631512777075,10.018216912323545
calibration_00022,calibration,0,A2,-650.045205249181,10.002633138230113,10.031023120502113
calibration_00022,calibration,0,A3,-649.9818201086254,89.98047493173323,10.015678537861131
calibration_00022,calibration,0,B1,-99.99586820972934,-39.990992393441175,-0.012116210824150467
calibration_00022,calibration,0,B2,99.99345628525948,-40.01199778996114,0.04854803665579371
calibration_00022,calibration,0,B3,100.02164063217865,40.015200002519485,0.04817665312471726
calibration_00022,calibration,0,C1,650.0229460217988,-89.9855397291182,-10.027465532111338
calibration_00022,calibration,0,C2,850.012658756719,-90.00325941535566,-10.014743994880101
calibration_00022,calibration,0,C3,849.9547671023213,-10.020795480863036,-9.990062363429004
calibration_00022,calibration,1,A1,-749.9189583507392,-20.025489695517265,-0.010940974374075313
calibration_00022,calibration,1,A2,-550.0004557396593,-19.989128956130948,-0.0582474587168944
calibration_00022,calibration,1,A3,-549.9824894324792,59.987959310283024,0.014874145317135996
calibration_00022,calibration,1,B1,-99.99200151676902,-40.0065972244684,0.03391572829922077
calibration_00022,calibration,1,B2,100.03417737840684,-39.98876841124295,-0.01551062521403071
calibration_00022,calibration,1,B3,100.08466613831885,39.96903407993529,0.015126335573126853
calibration_00022,calibration,1,C1,550.0311082969711,-60.03032440024546,0.01950303673246555
calibration_00022,calibration,1,C2,750.0018104177819,-59.9981787797629,-0.0032871146371272614
calibration_00022,calibration,1,C3,750.0435684634014,20.074372617454507,-0.07071716928194341
calibration_00022,calibration,2,A1,-599.8936721862717,-39.95206646823995,0.13215518210002286
calibration_00022,calibration,2,A2,-399.96581930211596,-39.92554372541306,0.18241250422462424
calibration_00022,calibration,2,A3,-399.9774136807642,40.02641204884543,0.06820802741833439
calibration_00022,calibration,2,B1,-100.06369186826011,-40.057518580421565,0.01417268063965121
calibration_00022,calibration,2,B2,100.09962891024561,-40.04632968293719,-0.0671649862057014
calibration_00022,calibration,2,B3,100.00644057288135,40.047319464825236,0.0673105869866275
calibration_00022,calibration,2,C1,549.9742621926317,-59.963862161283274,0.04235458513786942
calibration_00022,calibration,2,C2,749.9884735491386,-60.02746506076751,0.07763458772975548
calibration_00022,calibration,2,C3,749.9498052749337,20.016345080614197,-0.03993610060865875
calibration_00022,calibration,3,A1,-599.9557820276534,-40.014539151462685,0.13675223566321357
calibration_00022,calibration,3,A2,-399.93775224602444,-39.94687935820416,0.19690084832590657
calibration_00022,calibration,3,A3,-400.01673584534495,40.12155307152042,0.07198863433333903
calibration_00022,calibration,3,B1,-100.02702750474407,-40.01336818594888,0.04592143618500172
calibration_00022,calibration,3,B2,100.03442079858084,-40.026324172839175,-0.07416491987056496
calibration_00022,calibration,3,B3,99.97037939456281,40.034032445542486,0.008462700126369037
calibration_00022,calibration,3,C1,400.09315058764764,-39.96526764904421,-0.2676009869092181
calibration_00022,calibration,3,C2,600.0570608863779,-39.878659330652766,-0.3727069018069014
calibration_00022,calibration,3,C3,600.0117379896409,40.128349731560704,-0.13057717850073813
calibration_00022,calibration,4,A1,50.01936471747598,-579.9680142034839,29.968548951536036
calibration_00022,calibration,4,A2,49.93652746768142,-379.9663049979754,30.076828611850015
calibration_00022,calibration,4,A3,-30.064811747790795,-380.0010650732713,29.811497350261284
calibration_00022,calibration,4,B1,50.11641598113546,-80.01721198867718,29.99478905730941
calibration_00022,calibration,4,B2,50.07191088406452,119.99837337814702,30.07769170659044
calibration_00022,calibration,4,B3,-29.998355329869273,120.00658947214876,29.959417703108905
calibration_00022,calibration,4,C1,49.96065405924074,420.0402949823811,29.941842045222398
calibration_00022,calibration,4,C2,49.97152484903358,620.0318520619003,29.926553627719017
calibration_00022,calibration,4,C3,-30.03242167655511,619.9952644639936,30.09411046039768
calibration_00023,calibration,0,A1,-850.001574812565,10.071655602415492,9.956967161578907
calibration_00023,calibration,0,A2,-649.9993453569265,10.019577082077765,10.024973414464379
calibration_00023,calibration,0,A3,-650.0491169541349,90.01397004189127,10.0108337983321
calibration_00023,calibration,0,B1,-99.99401882931723,-39.97826420035657,0.03867485618564962
calibration_00023,calibration,0,B2,100.00490948910159,-39.999057076681126,-0.06498380103652482
calibration_00023,calibration,0,B3,99.9840423728172,39.950394350178215,-0.039658661151079216
calibration_00023,calibration,0,C1,649.9426869554892,-89.98299687947576,-10.00478245488449
calibration_00023,calibration,0,C2,850.0026585173706,-89.97212164845632,-9.97112764632297
calibration_00023,calibration,0,C3,849.9966224764224,-9.971346135518793,-9.99045967376657
calibration_00023,calibration,1,A1,-749.9342137379003,-20.09420088823929,0.04533582038806265
calibration_00023,calibration,1,A2,-550.0257501289057,-19.964783449304583,-0.03555905854525254
calibration_00023,calibration,1,A3,-550.0137012493806,59.963129744158046,-0.012323853288630674
calibration_00023,calibration,1,B1,-99.97887892225161,-40.10438296809307,-0.05333866080596554
calibration_00023,calibration,1,B2,99.95252859616441,-39.93809486502592,0.07984624887308825
calibration_00023,calibration,1,B3,100.04060096069757,40.046620639718704,0.05127885501115031
calibration_00023,calibration,1,C1,550.0959024748363,-60.010087387356045,0.02245412672528055
calibration_00023,calibration,1,C2,750.0231231071534,-59.995471675729206,-0.011714798665094856
calibration_00023,calibration,1,C3,749.9819179081924,19.93192494910756,0.039682623815937346
calibration_00023,calibration,2,A1,-599.9513162652369,-40.319196100327275,-0.408366741435065
calibration_00023,calibration,2,A2,-399.9780578254895,-40.35732580496664,-0.23606764292768836
calibration_00023,calibration,2,A3,-400.03492046111575,39.66279207460803,-0.28155987242371444
calibration_00023,calibration,2,B1,-99.99166777545766,-40.06944148988162,-0.009437198768237422
calibration_00023,calibration,2,B2,100.01828948048167,-39.935444537038514,0.10160398538043969
calibration_00023,calibration,2,B3,100.01613169913657,40.01016577677957,0.11977515547518457
calibration_00023,calibration,2,C1,550.0826345494132,-60.02606948924235,-0.036666563767796645
calibration_00023,calibration,2,C2,749.9653006514789,-60.00234771416135,-0.08381915575497129
calibration_00023,calibration,2,C3,750.0133994189697,19.90842518269747,-0.05122751265000008
calibration_00023,calibration,3,A1,-599.8945122701376,-40.3187687251762,-0.4606834353855728
calibration_00023,calibration,3,A2,-399.9659124056776,-40.31889109374574,-0.21171364283657276
calibration_00023,calibration,3,A3,-400.02778167757407,39.63391918118127,-0.29224683050005024
calibration_00023,calibration,3,B1,-99.91037598674333,-40.15663045773884,-0.0583321341218465
calibration_00023,calibration,3,B2,99.96607146473279,-40.01581102965204,0.04836539754092901
calibration_00023,calibration,3,B3,100.0898831301915,39.99318605094922,0.03240373860399543
calibration_00023,calibration,3,C1,400.0379396667863,-39.78388602628599,0.31535515157316857
calibration_00023,calibration,3,C2,600.0801877381817,-39.688196941918825,0.45786198396249383
calibration_00023,calibration,3,C3,599.9971446661502,40.26529068829204,0.4098548592574803
calibration_00023,calibration,4,A1,49.95271898862876,-580.0467753711658,29.916564555395905
calibration_00023,calibration,4,A2,50.04171354601607,-380.055962252602,29.98358286171664
calibration_00023,calibration,4,A3,-29.94958829061012,-379.96136077313366,30.017627714914948
calibration_00023,calibration,4,B1,49.92510626344091,-79.95056501591235,30.05473118845923
calibration_00023,calibration,4,B2,50.02142729322936,119.91593485063028,30.031606473448427
calibration_00023,calibration,4,B3,-30.027536217878243,120.03174158881153,29.929862673542228
calibration_00023,calibration,4,C1,49.98540601599419,419.9739597983896,29.92151360383524
calibration_00023,calibration,4,C2,49.993524964595125,619.9608053729104,29.95391975066397
calibration_00023,calibration,4,C3,-29.97946865020299,619.9199928776818,29.992822085454165
calibration_00024,calibration,0,A1,-850.0338868007424,9.97723500599675,9.998941899213895
calibration_00024,calibration,0,A2,-650.0095805806837,9.999659063081806,10.014156835249558
calibration_00024,calibration,0,A3,-650.0589956952174,90.00245109128029,9.968998574272069
calibration_00024,calibration,0,B1,-100.02481998179601,-40.00473925230987,0.02058107135378008
calibration_00024,calibration,0,B2,99.98615890196082,-39.956503895617544,-0.015910956915509894
calibration_00024,calibration,0,B3,99.99958406449126,40.00438293278122,-0.02678811705806778
calibration_00024,calibration,0,C1,649.9644169537756,-89.97451534525398,-10.011507280720409
calibration_00024,calibration,0,C2,849.9889639364103,-89.93183674274891,-10.006287504018596
calibration_00024,calibration,0,C3,850.0115680700887,-10.008215324588688,-10.024813717632679
calibration_00024,calibration,1,A1,-750.0419375390826,-19.962959127757784,-0.02767282516199957
calibration_00024,calibration,1,A2,-549.9549056179034,-20.01905870365225,-0.033630123545418826
calibration_00024,calibration,1,A3,-549.9881358436542,59.97095045072379,0.03525039242179864
calibration_00024,calibration,1,B1,-100.00669584593473,-40.036192548191465,0.0065872928231187
calibration_00024,calibration,1,B2,100.02297457755412,-40.00353153274211,0.021264614172131303
calibration_00024,calibration,1,B3,99.98944497866293,40.05485127399883,0.0784220615243012
calibration_00024,calibration,1,C1,550.0370974574778,-60.04839969101134,0.05685455147338775
calibration_00024,calibration,1,C2,750.0026494956043,-60.0428419925055,0.06077533934227621
calibration_00024,calibration,1,C3,750.0040075800947,20.023327159213103,-0.000796703854317079
calibration_00024,calibration,2,A1,-599.9278291537365,-40.21404640523158,-0.022190315113735072
calibration_00024,calibration,2,A2,-399.96640534876,-40.114610306376576,-0.02878003634924134
calibration_00024,calibration,2,A3,-400.0638270926401,39.87399618437975,0.08520499218469146
calibration_00024,calibration,2,B1,-99.9482906300974,-39.89984449721266,-0.020844963327811973
calibration_00024,calibration,2,B2,100.04221359883611,-40.08630801614903,0.0010863978118017328
calibration_00024,calibration,2,B3,100.00135384366486,39.93892832668288,0.058984444388164435
calibration_00024,calibration,2,C1,550.0182969869674,-60.013974420983985,0.01249306529704694
calibration_00024,calibration,2,C2,749.9280846948911,-60.01541310527297,0.17681352661970487
calibration_00024,calibration,2,C3,749.9977581242205,19.93369388146803,0.05795600472849154
calibration_00024,calibration,3,A1,-599.953949536628,-40.222459229108935,-0.034980648246908004
calibration_00024,calibration,3,A2,-399.99051245640584,-40.12724624503725,-0.031626546313553494
calibration_00024,calibration,3,A3,-400.0690368771582,39.92100673917189,0.09710770538351236
calibration_00024,calibration,3,B1,-99.93577175361132,-39.88667085333918,-0.04741169520122261
calibration_00024,calibration,3,B2,100.02881974099704,-40.06394734614257,0.038249208561668316
calibration_00024,calibration,3,B3,100.01222490408036,40.046519169152816,0.0631370291355942
calibration_00024,calibration,3,C1,400.11551730798993,-40.307014066852744,0.014743068946338197
calibration_00024,calibration,3,C2,600.0524239912577,-40.41456785396548,-0.0005616044907097717
calibration_00024,calibration,3,C3,600.1007008562584,39.61821756629675,0.10004758781276647
calibration_00024,calibration,4,A1,50.18488550281824,-580.0087711376848,30.081584853750964
calibration_00024,calibration,4,A2,50.03535000030891,-379.9465967711005,30.021870242843466
calibration_00024,calibration,4,A3,-29.954509113522214,-380.08616048361085,29.957972846701864
calibration_00024,calibration,4,B1,49.809525140167786,-79.99261197428926,30.03623590280292
calibration_00024,calibration,4,B2,49.89008389047757,120.06002799253078,30.023869443968405
calibration_00024,calibration,4,B3,-30.218510773399387,119.99574878601796,29.975653374198085
calibration_00024,calibration,4,C1,50.05657723849275,420.0638559268217,30.014613606374127
calibration_00024,calibration,4,C2,50.130526136123244,619.940915148541,29.85949483929168
calibration_00024,calibration,4,C3,-29.921681083336818,620.0402053660852,29.929882119666743
calibration_00025,calibration,0,A1,-850.0393003357655,9.969607698926643,10.018714652344775
calibration_00025,calibration,0,A2,-649.9959735088406,10.084464601030263,10.009149016428811
calibration_00025,calibration,0,A3,-650.0214572800569,89.97994618924157,10.027592804922163
calibration_00025,calibration,0,B1,-99.97138124431635,-39.99540382608014,0.03695589686890715
calibration_00025,calibration,0,B2,100.01431907537057,-40.024289184076046,0.034501801596029294
calibration_00025,calibration,0,B3,99.98817745806991,40.03324344789607,0.009864757102849047
calibration_00025,calibration,0,C1,650.0372928399834,-90.01309249563272,-10.032272830244045
calibration_00025,calibration,0,C2,849.9990837980089,-90.0062053372406,-9.965437159863763
calibration_00025,calibration,0,C3,849.9388073650086,-9.97485216557897,-10.02441325477977
calibration_00025,calibration,1,A1,-750.0359051183684,-19.96153875574502,-0.021463775004914185
calibration_00025,calibration,1,A2,-549.9694565026193,-20.00175697420856,0.010053896501033877
calibration_00025,calibration,1,A3,-549.9700916629417,59.992526459321745,-0.005916442217476676
calibration_00025,calibration,1,B1,-100.02496641731103,-39.939234754447995,-0.03694929316254529
calibration_00025,calibration,1,B2,100.00477469189069,-40.041667516579,-0.03466176121961617
calibration_00025,calibration,1,B3,99.98661066755032,40.072802894109955,0.01981181428033301
calibration_00025,calibration,1,C1,549.9490563136889,-59.96475933790169,0.0344473222776258
calibration_00025,calibration,1,C2,749.9784455525667,-60.06748687853734,-0.041929554900474925
calibration_00025,calibration,1,C3,749.9809041683835,19.998318388091107,0.045826315405083924
calibration_00025,calibration,2,A1,-599.9991283354185,-39.87127147433321,-0.05678998758270989
calibration_00025,calibration,2,A2,-399.95709480312803,-39.89164761005916,-0.14232033055175386
calibration_00025,calibration,2,A3,-399.90538866811534,40.1306104952182,0.01567609719062082
calibration_00025,calibration,2,B1,-100.07610235696292,-40.05760908632402,-0.06570182462644779
calibration_00025,calibration,2,B2,100.00681616957917,-40.02423425219117,-0.03328350518029028
calibration_00025,calibration,2,B3,100.05411629610875,40.05689763175002,-0.006218212153899477
calibration_00025,calibration,2,C1,550.0001586670248,-59.988831443830236,0.10244307156640264
calibration_00025,calibration,2,C2,749.9969222474526,-59.95036369186363,-0.0301813836736923
calibration_00025,calibration,2,C3,749.9758748057557,20.051425565516077,0.041421275023837335
calibration_00025,calibration,3,A1,-599.9827283414323,-39.844847872777635,-0.02921800379618864
calibration_00025,calibration,3,A2,-399.9756062195171,-39.856879944124465,-0.07961274357948268
calibration_00025,calibration,3,A3,-399.9820881736421,40.064000249284824,0.08833077717657328
calibration_00025,calibration,3,B1,-100.0719393728862,-39.968008649872324,-0.1050265209225307
calibration_00025,calibration,3,B2,100.0438336424584,-39.966344689079826,-0.09861373444824754
calibration_00025,calibration,3,B3,100.07166383394994,40.019766262236836,0.034970655705196446
calibration_00025,calibration,3,C1,400.046153933351,-39.93287564910703,-0.08293597844570676
calibration_00025,calibration,3,C2,599.9887988294853,-39.981407622443236,0.08349148785898207
calibration_00025,calibration,3,C3,599.9997582224122,40.05316948455664,0.009354685135251603
calibration_00025,calibration,4,A1,49.94423505254203,-580.0970618764163,29.982260590844696
calibration_00025,calibration,4,A2,50.00629445710474,-380.0056014634937,29.97023580879133
calibration_00025,calibration,4,A3,-30.024037767210373,-379.9764797807649,30.050223785481
calibration_00025,calibration,4,B1,50.06397004452909,-80.0239070170081,30.047106310920338
calibration_00025,calibration,4,B2,50.05159965278095,120.01963940192864,29.91957659234104
calibration_00025,calibration,4,B3,-29.99112145494337,120.1144260126825,30.00520097833774
calibration_00025,calibration,4,C1,49.95061530473984,420.03730784675787,29.97273047739119
calibration_00025,calibration,4,C2,49.955298998027,619.9721581217183,30.098504789953054
calibration_00025,calibration,4,C3,-30.07018699625817,620.0591548970225,29.9851486206903
calibration_00026,calibration,0,A1,-850.0264679791787,10.001614214344546,10.015055298006036
calibration_00026,calibration,0,A2,-649.9714031031456,9.913182526680462,10.002539627608055
calibration_00026,calibration,0,A3,-650.0451391315427,89.97139129648497,10.008598335753637
calibration_00026,calibration,0,B1,-100.00952208210381,-39.91469586212007,-0.030197643469468793
calibration_00026,calibration,0,B2,99.9591098981207,-40.04260817277585,0.045997736161443224
calibration_00026,calibration,0,B3,100.01811649599479,39.95969300767526,-0.02112503326121585
calibration_00026,calibration,0,C1,649.947955862072,-90.04200942817178,-10.027500641169452
calibration_00026,calibration,0,C2,849.9889925826295,-90.02026843099685,-10.042504265999723
calibration_00026,calibration,0,C3,850.0186029655512,-9.98089363371541,-10.011209603964854
calibration_00026,calibration,1,A1,-749.946497095705,-19.914071178113517,0.007085498351497837
calibration_00026,calibration,1,A2,-549.9644722873596,-19.970671827986905,-0.0712657682696149
calibration_00026,calibration,1,A3,-549.9796762072738,59.97578119460007,0.03367560344659323
calibration_00026,calibration,1,B1,-99.98133260259081,-40.01738660160199,0.05614092302929474
calibration_00026,calibration,1,B2,100.05723519088153,-39.945599386035994,-0.03510880786760536
calibration_00026,calibration,1,B3,99.9904941278258,40.049878471154166,0.010422121746869937
calibration_00026,calibration,1,C1,550.0217677793745,-60.00883764477995,-0.008242407122539434
calibration_00026,calibration,1,C2,750.0456770660988,-59.976263483029896,0.04641391182331842
calibration_00026,calibration,1,C3,750.033624272289,19.983053494072397,0.010071580433875646
calibration_00026,calibration,2,A1,-599.9451638054823,-40.2598509381207,0.25012357227487303
calibration_00026,calibration,2,A2,-399.9941565419578,-40.10787360391614,0.2130255210317088
calibration_00026,calibration,2,A3,-399.9899347079796,39.85775693957451,0.21146005261394502
calibration_00026,calibration,2,B1,-99.96868518523141,-40.03655376950645,0.021103116740438205
calibration_00026,calibration,2,B2,100.06371479979047,-39.98682583247136,0.008201490246055909
calibration_00026,calibration,2,B3,100.04240302961337,40.02417389017164,0.015516894061387967
calibration_00026,calibration,2,C1,549.9759178027209,-60.03515503150261,-0.08133782203811805
calibration_00026,calibration,2,C2,750.0480141601982,-59.96686021348591,0.0520482122776494
calibration_00026,calibration,2,C3,749.953387779952,19.99067968706598,0.022933945002616904
calibration_00026,calibration,3,A1,-600.0083236757439,-40.25104534780684,0.3077872508892092
calibration_00026,calibration,3,A2,-399.979029674208,-40.07876542018299,0.28159215192742176
calibration_00026,calibration,3,A3,-399.96196728363054,39.87152787215543,0.15702546143557156
calibration_00026,calibration,3,B1,-99.91870456018569,-40.09720382662208,0.030157347645783934
calibration_00026,calibration,3,B2,100.07105430546639,-40.02605924574427,-0.019153662691949427
calibration_00026,calibration,3,B3,100.01156771053482,40.041610623294794,0.00666316110092278
calibration_00026,calibration,3,C1,400.01630228637856,-39.89031206519151,0.045456502668538186
calibration_00026,calibration,3,C2,600.0834874734057,-39.827422401463565,-0.015849744811926234
calibration_00026,calibration,3,C3,600.0589985222091,40.1043809112696,-0.058643299973172795
calibration_00026,calibration,4,A1,50.07053229505267,-580.0439231866768,29.987514062671885
calibration_00026,calibration,4,A2,50.00172949161398,-379.98074563470675,30.01649944547159
calibration_00026,calibration,4,A3,-30.061805115635273,-380.0686332569423,30.04653136015899
calibration_00026,calibration,4,B1,49.98844971414245,-79.98379825555628,29.891662885854178
calibration_00026,calibration,4,B2,49.95412978961957,120.04431350561741,29.907183603037222
calibration_00026,calibration,4,B3,-30.113187130784215,119.99780512143353,29.98958696005142
calibration_00026,calibration,4,C1,49.9591828942748,419.94009997371484,30.00985286355004
calibration_00026,calibration,4,C2,50.046125160763175,620.061122329138,29.98217845882366
calibration_00026,calibration,4,C3,-29.958157173543096,619.9866165181438,30.0570089538174
calibration_00027,calibration,0,A1,-849.9989283599565,10.043116231454839,9.98724335111013
calibration_00027,calibration,0,A2,-650.025097834515,9.963876647581877,9.981100119524589
calibration_00027,calibration,0,A3,-649.9604163389471,90.00074247744182,9.990115812827952
calibration_00027,calibration,0,B1,-99.92359007147435,-40.073385576784254,0.029305880056563045
calibration_00027,calibration,0,B2,100.01974388814388,-40.013494438651165,-0.0684819002851527
calibration_00027,calibration,0,B3,99.97171241000156,39.96849035821741,0.0013686464078157305
calibration_00027,calibration,0,C1,650.04026625301,-90.02106310589983,-9.966471186787523
calibration_00027,calibration,0,C2,849.9971126238769,-90.05431299121128,-9.999026732962957
calibration_00027,calibration,0,C3,849.9963555386315,-9.976933852362782,-10.01134170305279
calibration_00027,calibration,1,A1,-749.9927746363045,-20.039903703700798,-0.02047265156879221
calibration_00027,calibration,1,A2,-549.9852723681029,-19.96543084899361,0.024948765678499074
calibration_00027,calibration,1,A3,-550.0454334078887,60.023506452010764,-0.023007890218938086
calibration_00027,calibration,1,B1,-100.06211854956713,-39.94532736720283,-0.002135373858642828
calibration_00027,calibration,1,B2,99.95810246652545,-39.9890582707972,0.03498189423346052
calibration_00027,calibration,1,B3,100.03012114373142,40.03096432642606,0.04112207948215424
calibration_00027,calibration,1,C1,550.010740340428,-59.95648348416319,-0.013685847131956964
calibration_00027,calibration,1,C2,749.9983320705411,-59.994906673675565,0.014546032608609333
calibration_00027,calibration,1,C3,749.9596826153283,20.009693159740593,0.042689618250902235
calibration_00027,calibration,2,A1,-600.0116803706284,-39.784840284142746,-0.10651296517243475
calibration_00027,calibration,2,A2,-400.05506565007914,-39.86064451279769,-0.03150211204724874
calibration_00027,calibration,2,A3,-400.0090036179685,40.1665911308445,-0.02820971991218181
calibration_00027,calibration,2,B1,-100.07992317302528,-39.940504616188804,-0.0027870123490915805
calibration_00027,calibration,2,B2,99.95322785144744,-39.943610857424225,0.04994704124517027
calibration_00027,calibration,2,B3,99.95530796759736,40.02830961785837,0.04974339696866556
calibration_00027,calibration,2,C1,549.9449293998092,-59.99152005021867,-0.023391126307055303
calibration_00027,calibration,2,C2,750.0330374309809,-59.98193200206908,0.09292419160082072
calibration_00027,calibration,2,C3,749.964530159457,20.042769237774376,0.030129696669123792
calibration_00027,calibration,3,A1,-599.9734234058058,-39.797350963403,-0.18102892785674468
calibration_00027,calibration,3,A2,-400.0615240749099,-39.81082517254088,-0.0727783816216337
calibration_00027,calibration,3,A3,-399.98539676131696,40.21233492648969,-0.012332434100592076
calibration_00027,calibration,3,B1,-100.05108974843554,-39.919154795200086,-0.010119854256157645
calibration_00027,calibration,3,B2,99.96462500403932,-39.98727840526827,0.07326704781996099
calibration_00027,calibration,3,B3,100.00076967050482,39.969736202997844,0.05105083187083946
calibration_00027,calibration,3,C1,399.8898452182462,-40.046211725782555,0.12387356716262302
calibration_00027,calibration,3,C2,599.92605759819,-39.99374617950775,0.04497336661569978
calibration_00027,calibration,3,C3,599.9361182946506,39.989219570125535,0.15933336521864258
calibration_00027,calibration,4,A1,50.0073061538212,-579.9508463568376,30.01172059140879
calibration_00027,calibration,4,A2,49.99700603079917,-380.0231613943809,30.056431451501318
calibration_00027,calibration,4,A3,-30.08393698475748,-379.96629488166946,29.958892806668786
calibration_00027,calibration,4,B1,50.00254890940187,-80.07331332896587,29.970879704802023
calibration_00027,calibration,4,B2,50.056793694625675,120.03857445937291,30.13534997288936
calibration_00027,calibration,4,B3,-29.88539637618846,120.08648526653134,29.977635514512638
calibration_00027,calibration,4,C1,50.05900517347562,419.99670203600937,30.110139376207528
calibration_00027,calibration,4,C2,49.92556839260793,619.952725686851,30.053621094195503
calibration_00027,calibration,4,C3,-30.06709076591846,619.9642980895,30.001355542548783
calibration_00028,calibration,0,A1,-850.0384028564551,10.017318035905813,10.016126751937064
calibration_00028,calibration,0,A2,-650.0337599804353,9.990377582049195,10.019823920958855
calibration_00028,calibration,0,A3,-649.9587436226753,90.03578834943337,9.951396844529048
calibration_00028,calibration,0,B1,-100.0079239911451,-40.00714264087986,-0.030684371260783598
calibration_00028,calibration,0,B2,99.96909490002841,-40.03712956239859,-0.038927023994167566
calibration_00028,calibration,0,B3,100.00193247716115,39.99257528695026,-0.03921661410067947
calibration_00028,calibration,0,C1,649.942739911093,-89.96172197903856,-10.035883753258808
calibration_00028,calibration,0,C2,849.9900978963622,-89.9919120411035,-9.94464227097283
calibration_00028,calibration,0,C3,849.9799585617407,-9.98857347065595,-9.936939147195192
calibration_00028,calibration,1,A1,-749.891537839706,-20.011036869822977,0.009353343620637505
calibration_00028,calibration,1,A2,-550.0423494035026,-19.979779815665832,0.0705825556340199
calibration_00028,calibration,1,A3,-549.9633077879648,60.00178119872694,0.03962861058661078
calibration_00028,calibration,1,B1,-100.0316258647221,-40.04426309061548,0.010294307245163352
calibration_00028,calibration,1,B2,99.94946826925965,-39.95649469447576,0.03969247001237523
calibration_00028,calibration,1,B3,99.98161129440335,39.988675796491364,0.10337764588063506
calibration_00028,calibration,1,C1,549.990316142371,-60.036885297932685,-0.054048031041140865
calibration_00028,calibration,1,C2,750.0548671890841,-59.91883599964382,-0.09347092133787961
calibration_00028,calibration,1,C3,750.0969496899422,19.976516357847053,-0.11600394290371005
calibration_00028,calibration,2,A1,-600.0384365520445,-40.147287600428,-0.09360328049063785
calibration_00028,calibration,2,A2,-400.0488849435912,-40.14229540298895,-0.09866147781095061
calibration_00028,calibration,2,A3,-400.047159051309,39.88742670998188,0.02902069026339542
calibration_00028,calibration,2,B1,-100.02192886883162,-39.98835034366926,0.08483043170413411
calibration_00028,calibration,2,B2,100.0543159566197,-39.974208262573164,0.03762271347941584
calibration_00028,calibration,2,B3,99.96393716452394,40.035449933013886,0.08310050267224489
calibration_00028,calibration,2,C1,549.9115887672103,-60.046963079628775,0.07288776259266727
calibration_00028,calibration,2,C2,749.9695205776079,-59.94862542472106,-0.10257730044906359
calibration_00028,calibration,2,C3,750.034631937115,19.96087196882456,-0.08910904826956335
calibration_00028,calibration,3,A1,-599.9404366784148,-40.15071719765243,-0.008272145304940986
calibration_00028,calibration,3,A2,-400.0502348819071,-40.13619905502283,-0.05485281697403496
calibration_00028,calibration,3,A3,-400.00569252385924,39.90236400979732,-0.0031292854365720206
calibration_00028,calibration,3,B1,-99.99650013852258,-39.98654567313739,0.031616824640613356
calibration_00028,calibration,3,B2,100.03740725691772,-40.02531083322575,0.09515416026667618
calibration_00028,calibration,3,B3,99.99903636514134,40.07125211140629,0.023417598819557364
calibration_00028,calibration,3,C1,400.03601170917716,-39.91808830612487,-0.013556995080450576
calibration_00028,calibration,3,C2,599.998247101755,-39.82615969245378,-0.13691910381068656
calibration_00028,calibration,3,C3,600.1126705303764,40.14867284629125,-0.05012163935267348
calibration_00028,calibration,4,A1,49.999226111895624,-580.0242130305405,30.00933506044251
calibration_00028,calibration,4,A2,50.03218563372791,-380.11218262548823,29.93933576073508
calibration_00028,calibration,4,A3,-29.94267533153289,-380.03358317384647,30.044110347237666
calibration_00028,calibration,4,B1,50.01657511234052,-80.01535820939516,30.035207613000427
calibration_00028,calibration,4,B2,49.98125140784553,120.02474978578445,30.09000385121082
calibration_00028,calibration,4,B3,-29.998774609327363,119.99592347422518,30.080471527389133
calibration_00028,calibration,4,C1,50.00888576416361,419.92681208364957,30.005202183861194
calibration_00028,calibration,4,C2,49.965478802997616,619.9570780966449,29.938934172282746
calibration_00028,calibration,4,C3,-29.968880126068097,620.0975078610209,29.991413893453945
calibration_00029,calibration,0,A1,-850.0391344861141,10.029064042820798,10.00649069179633
calibration_00029,calibration,0,A2,-650.0085622080289,10.03949951274027,9.982310580665567
calibration_00029,calibration,0,A3,-649.9592704194106,89.96358710767943,10.043060238509415
calibration_00029,calibration,0,B1,-99.95886856527503,-40.00971179293445,-0.029001984440719986
calibration_00029,calibration,0,B2,100.02555396235475,-39.97918839462328,-0.021228654821622932
calibration_00029,calibration,0,B3,99.9409198861224,40.049835016490526,-0.010540382244595789
calibration_00029,calibration,0,C1,650.0139638561608,-90.00404709029773,-10.00222447618129
calibration_00029,calibration,0,C2,849.9739848847902,-90.01337618459678,-9.988734388143994
calibration_00029,calibration,0,C3,849.988881616824,-9.978485163259807,-9.981356189403703
calibration_00029,calibration,1,A1,-750.0292766001726,-20.06623044864299,-0.0004291583368027565
calibration_00029,calibration,1,A2,-549.9743358191371,-19.966639285374317,0.023348639642787362
calibration_00029,calibration,1,A3,-550.0371998788202,60.02938617843704,-0.05477937941310133
calibration_00029,calibration,1,B1,-100.0303138686464,-40.027200773690296,-0.020539541112924796
calibration_00029,calibration,1,B2,100.03630872048213,-40.08081565545653,0.08256928790209359
calibration_00029,calibration,1,B3,100.02286097062907,39.95902084308031,0.015687305774295494
calibration_00029,calibration,1,C1,550.0009542707286,-60.00287885960938,-0.007123265660762053
calibration_00029,calibration,1,C2,750.0584654421075,-60.00615179465932,-0.037759471783330625
calibration_00029,calibration,1,C3,750.0372487219855,19.946740893831024,-0.059081304275676594
calibration_00029,calibration,2,A1,-599.9983302711851,-39.93031046466529,-0.26698685815330686
calibration_00029,calibration,2,A2,-399.95938349495634,-40.03095915293337,-0.20448537494652755
calibration_00029,calibration,2,A3,-399.9403319748023,39.99948463919894,-0.15238655902102985
calibration_00029,calibration,2,B1,-100.05878545071883,-39.95508964651864,0.03345423184284851
calibration_00029,calibration,2,B2,99.91057148186682,-40.00946935113457,0.033986205225817606
calibration_00029,calibration,2,B3,99.99301336783797,39.91976034877154,0.052842288877675794
calibration_00029,calibration,2,C1,550.0211484761566,-60.03282306966389,0.007005120062811657
calibration_00029,calibration,2,C2,749.9948271874565,-60.00718155818411,0.047245146261346384
calibration_00029,calibration,2,C3,750.0562637040198,20.00285303119249,-0.03891916547898887
calibration_00029,calibration,3,A1,-600.0499379175811,-39.89612774216056,-0.32660550321667264
calibration_00029,calibration,3,A2,-400.0207439153467,-39.96277547996327,-0.2036209711232124
calibration_00029,calibration,3,A3,-399.984168516567,40.03504300460249,-0.24606595685383081
calibration_00029,calibration,3,B1,-100.03547002744904,-39.969396116002116,-0.00010124060913403038
calibration_00029,calibration,3,B2,99.99994213509977,-40.05916188516392,-0.03569285338359075
calibration_00029,calibration,3,B3,99.99773047572577,39.91744050365047,0.025651318901761838
calibration_00029,calibration,3,C1,400.00487108603573,-40.1836538680471,0.021758170509022567
calibration_00029,calibration,3,C2,599.9208717028855,-40.358540416122075,-0.028527252468556485
calibration_00029,calibration,3,C3,599.9659245766946,39.7031792195696,0.010892781349940081
calibration_00029,calibration,4,A1,50.06102686076396,-580.0658743615128,29.936668046557322
calibration_00029,calibration,4,A2,50.15716466785097,-379.9831109487082,29.97785657313381
calibration_00029,calibration,4,A3,-29.905988318260444,-379.93246130523204,29.93784759473735
calibration_00029,calibration,4,B1,49.84160500106689,-80.08085172279205,30.077709997566455
calibration_00029,calibration,4,B2,49.91604893600607,120.0577463192208,30.09547565671944
calibration_00029,calibration,4,B3,-30.07083036432112,119.97420079551856,30.036938991990333
calibration_00029,calibration,4,C1,49.98376832741618,419.9668929912919,29.98318817039946
calibration_00029,calibration,4,C2,50.01083718456945,619.9432451178534,29.908036501308768
calibration_00029,calibration,4,C3,-29.99747281144121,619.989865733244,30.023109427413644
test_00000,test,0,A1,-850.0320110379828,10.027413249021386,10.003789445114284
test_00000,test,0,A2,-649.9612757015286,10.00759356277725,9.98730254600403
test_00000,test,0,A3,-649.9445695628729,89.95092032452249,10.02061103945415
test_00000,test,0,B1,-100.02381422111036,-40.01993103420749,0.028697393241099534
test_00000,test,0,B2,100.04454493852208,-40.002800044746905,0.01495898209564082
test_00000,test,0,B3,99.99940225639916,40.05800943847047,0.009869777966524364
test_00000,test,0,C1,650.0541837919375,-90.04266523715741,-9.948610906649765
test_00000,test,0,C2,849.9580205238741,-89.99028844257927,-9.986489884434471
test_00000,test,0,C3,850.0330513580319,-10.031095426116577,-10.037946310866655
test_00000,test,1,A1,-749.944199018376,-20.108703519432314,-0.005965893433433667
test_00000,test,1,A2,-549.9584960248939,-19.974681807091958,-0.05255607783682979
test_00000,test,1,A3,-550.0225084504397,60.010454266750855,-0.015372680963770528
test_00000,test,1,B1,-100.00179805371987,-39.99286764041924,0.03901659587349034
test_00000,test,1,B2,99.97602631236273,-40.02533063038572,0.007628871638578818
test_00000,test,1,B3,100.01323995384321,39.98851505177225,0.010039713225973655
test_00000,test,1,C1,549.9442870695714,-59.93096551911116,-0.04524240636025379
test_00000,test,1,C2,749.9759545514975,-60.006542329838176,0.04169542752591085
test_00000,test,1,C3,749.988788896667,19.958189716883016,-0.0012888654939917643
test_00000,test,2,A1,-600.0316360808519,-39.90414276993994,0.13599640631028237
test_00000,test,2,A2,-400.00286257918003,-39.89980176823516,0.11964171784652368
test_00000,test,2,A3,-399.98171611962044,40.06468054553997,0.028296679981667593
test_00000,test,2,B1,-99.08166201685373,-38.745145143936064,1.1707274356673811
test_00000,test,2,B2,99.94813646031928,-40.0742182780948,-0.001337664227795141
test_00000,test,2,B3,100.05259838396503,39.89348678303601,0.031402470495101774
test_00000,test,2,C1,549.9362383383836,-59.96455723871996,-0.06523784502509414
test_00000,test,2,C2,749.9720720063457,-60.04028845441889,-0.005873634392069116
test_00000,test,2,C3,749.9477420990652,19.969731998748284,0.035155149317117745
test_00000,test,3,A1,-600.0384405774148,-39.90089430188454,0.16946146209398122
test_00000,test,3,A2,-400.02193488918806,-39.95251744825908,0.050797647967551485
test_00000,test,3,A3,-399.97089788461733,40.12621140344178,-0.012429108216717215
test_00000,test,3,B1,-99.06244241410349,-38.72284321618465,1.1885694409072776
test_00000,test,3,B2,99.98252125109653,-40.10176244104597,-0.006058014006473256
test_00000,test,3,B3,100.00375638181536,39.916681433182305,-0.05414295109685241
test_00000,test,3,C1,400.12604353677517,-41.54621071561119,-1.7606812456976966
test_00000,test,3,C2,600.2433659905912,-42.53439529270045,-3.031300091331628
test_00000,test,3,C3,600.5655788880061,37.42211712563554,-2.9755656605176797
test_00000,test,4,A1,50.70849869010797,-580.1474658024716,29.07058427051934
test_00000,test,4,A2,50.39284995297085,-380.1397910833351,29.52145822662658
test_00000,test,4,A3,-29.705763146238997,-380.31218952006634,29.697760778875146
test_00000,test,4,B1,48.47019538115946,-79.2314999961347,31.483554448139753
test_00000,test,4,B2,49.33583309212392,119.86773513284375,30.809953051006584
test_00000,test,4,B3,-30.675273911671237,119.67981546023076,31.02526417045586
test_00000,test,4,C1,50.08272668413418,420.1047086156506,29.873575818883438
test_00000,test,4,C2,50.563493621473334,620.0523797210809,29.183721641654675
test_00000,test,4,C3,-29.403959820918722,620.2056298828267,29.3359706367118
test_00001,test,0,A1,-849.9515142148724,10.006638670613638,10.005431282926512
test_00001,test,0,A2,-649.9939451807086,10.03915325184734,9.971008985662616
test_00001,test,0,A3,-649.9800752395035,90.00636982334181,10.033402919739077
test_00001,test,0,B1,-99.95615792297151,-40.01750547222486,-0.04668598334739086
test_00001,test,0,B2,100.02067062274011,-40.01293736370759,-0.04804893982411258
test_00001,test,0,B3,99.99583618832001,39.939919118547444,-0.00020511238151560976
test_00001,test,0,C1,650.0276212686211,-90.0040205184106,-10.043270338134622
test_00001,test,0,C2,849.9856625248416,-89.99035077571666,-10.049900790422063
test_00001,test,0,C3,850.0634372099316,-10.013136341633345,-9.957936230110784
test_00001,test,1,A1,-750.0401133971726,-19.963496134840433,0.01833646323113363
test_00001,test,1,A2,-550.0340724747715,-20.091546345389,0.0007994704790675348
test_00001,test,1,A3,-550.0128224428306,59.985397597483804,-0.04263138120810588
test_00001,test,1,B1,-100.08653080033248,-40.021930301822046,-0.026219203288253112
test_00001,test,1,B2,100.02120595976511,-39.92891923730492,0.05259144263767307
test_00001,test,1,B3,100.00486544657207,40.0506940539379,-0.009689935695736484
test_00001,test,1,C1,549.9730487354997,-60.02738253920898,0.05785018903940848
test_00001,test,1,C2,749.980961145418,-59.952628907237454,0.06378095337325394
test_00001,test,1,C3,750.0160303866563,20.00127265355285,-0.11590411096915348
test_00001,test,2,A1,-600.0223199038699,-40.1698670381179,-0.2872943214785983
test_00001,test,2,A2,-399.9812432688819,-40.07230436128934,-0.18323479405219728
test_00001,test,2,A3,-400.04508249366927,39.89665234616188,-0.13841235822575862
test_00001,test,2,B1,-100.04701294265973,-40.034754670484446,-0.0033547947906218747
test_00001,test,2,B2,99.92640301584063,-39.93016340356153,0.012399508293402126
test_00001,test,2,B3,99.97435926927845,40.09579600238233,-0.016322277016001408
test_00001,test,2,C1,549.9782856912622,-60.01116947674368,0.036842660072401875
test_00001,test,2,C2,749.9514453050131,-59.949481197209394,0.0546776012980221
test_00001,test,2,C3,749.9860209839619,20.034466354660104,-0.04344392532510815
test_00001,test,3,A1,-600.0151061927321,-40.19727484461939,-0.2563284678522345
test_00001,test,3,A2,-400.0240896858364,-40.15587435054531,-0.15510822962581963
test_00001,test,3,A3,-400.05164900941867,39.81286598921876,-0.16499884503200848
test_00001,test,3,B1,-100.04552886169543,-39.93749177922577,0.003704013020678045
test_00001,test,3,B2,99.99909988081981,-39.975338913485196,0.08103553912418468
test_00001,test,3,B3,99.93554067105313,40.03691266525604,0.028210420665866397
test_00001,test,3,C1,399.9818014884538,-39.76513906442059,0.14799865045431454
test_00001,test,3,C2,599.89863006262,-39.66478646049118,0.06642406216490444
test_00001,test,3,C3,600.0055305475659,40.323971845543575,-0.059796501700220314
test_00001,test,4,A1,49.930637825565576,-579.9332743460507,29.912022332986865
test_00001,test,4,A2,49.9863435319839,-379.96957350683476,29.959581560907168
test_00001,test,4,A3,-29.994141133496736,-379.97932482612714,30.030182314601074
test_00001,test,4,B1,49.969020207612076,-79.98416733897069,30.12228192389131
test_00001,test,4,B2,50.03793636521229,120.00314886101935,30.134148063183627
test_00001,test,4,B3,-29.96357047333979,120.04635699839208,30.118534565207845
test_00001,test,4,C1,49.982832872409816,419.9666086043071,30.069173378537165
test_00001,test,4,C2,50.02472074991983,619.9496322582892,29.89944886913951
test_00001,test,4,C3,-29.951655217081953,620.0587205543449,29.948951419238156
test_00002,test,0,A1,-850.0185654678602,9.970000258539736,9.980509550265078
test_00002,test,0,A2,-649.9867086986478,9.939119859774397,10.035063881903152
test_00002,test,0,A3,-649.9532689769262,89.99965380789668,10.024843941223688
test_00002,test,0,B1,-99.9671190726361,-40.03939187233469,-0.04975505772095409
test_00002,test,0,B2,99.972322452342,-40.02865415829076,-0.031369143330519746
test_00002,test,0,B3,100.05876856906256,39.997356969845654,0.007577281879065992
test_00002,test,0,C1,649.95211912552,-90.03279527808643,-10.009259680910883
test_00002,test,0,C2,849.998652501056,-90.01794996867942,-9.987486315822364
test_00002,test,0,C3,849.9904553544536,-10.028026619751008,-9.959472536937943
test_00002,test,1,A1,-749.9684741754943,-19.97503638778279,0.029020860408126556
test_00002,test,1,A2,-550.0554751481951,-19.965976132282353,-0.06535641023814866
test_00002,test,1,A3,-550.0141567292377,60.01369604704548,-0.057674681008467496
test_00002,test,1,B1,-100.00246252892161,-39.95531303065142,0.03925472608036608
test_00002,test,1,B2,99.95718792691885,-39.86926336718142,0.04529630609638304
test_00002,test,1,B3,99.95127779427716,40.054966021696266,-0.006089812621441169
test_00002,test,1,C1,549.9803017849412,-59.95734331906806,-0.020711823110242812
test_00002,test,1,C2,749.9435161685185,-60.02568061256263,-0.010063150062014924
test_00002,test,1,C3,750.0028435162519,20.010815369423653,-0.08907039928948252
test_00002,test,2,A1,-599.9587249808218,-40.12896469965785,-0.01703917710111007
test_00002,test,2,A2,-400.03719211064544,-40.03203961378716,0.03434001909789167
test_00002,test,2,A3,-400.0515105740653,39.980295437951405,0.032706478223683125
test_00002,test,2,B1,-99.95770955852787,-40.027358947480266,0.05341281364019207
test_00002,test,2,B2,99.94920713699675,-39.89277623827655,0.08094837495951487
test_00002,test,2,B3,99.93971159082449,40.02033294121785,-0.05386658323228184
test_00002,test,2,C1,550.0611047075329,-60.07591401663915,-0.03313769051162843
test_00002,test,2,C2,750.0226433040917,-59.96584878924917,-0.013557471143096083
test_00002,test,2,C3,750.0926473672507,20.053374300847477,0.0007897817130057341
test_00002,test,3,A1,-600.0145902118416,-40.177458897008904,-0.014490959128062812
test_00002,test,3,A2,-399.9743726836679,-40.01949405051429,0.11487015334687434
test_00002,test,3,A3,-400.0694332714304,39.954339515026604,0.0778423846555194
test_00002,test,3,B1,-100.04763412628195,-39.901679407612654,0.10543670287872675
test_00002,test,3,B2,99.92272740231407,-39.958630178555026,0.03960206447157326
test_00002,test,3,B3,99.98593374300403,40.099818630302885,-0.042179103516883934
test_00002,test,3,C1,399.9695991351391,-39.703723642095696,0.17217779218654786
test_00002,test,3,C2,599.9016758961116,-39.72915879900751,0.17085822451012986
test_00002,test,3,C3,599.9083683407808,40.29584403396618,-0.04574769418388443
test_00002,test,4,A1,50.07102941873383,-580.005970581268,29.864773788149847
test_00002,test,4,A2,49.93113028073804,-379.999180920848,30.00402763879554
test_00002,test,4,A3,-30.031148399640067,-380.0665949798232,30.05841669226024
test_00002,test,4,B1,49.96654247438434,-80.07781395603686,29.9645278232652
test_00002,test,4,B2,50.066399953586554,119.98485116538735,29.889265666789335
test_00002,test,4,B3,-29.985732986927594,119.9321127689731,29.907548785915587
test_00002,test,4,C1,49.89809088191378,419.95375604608773,30.055275832800717
test_00002,test,4,C2,50.03628902772314,619.9803740417711,29.973518075246204
test_00002,test,4,C3,-30.034595485777718,620.0716193994309,29.940549831074566
test_00003,test,0,A1,-850.0307694710797,9.943550604581375,10.005981421726323
test_00003,test,0,A2,-650.0108484416935,10.03612548387463,9.987900106734768
test_00003,test,0,A3,-650.004551305679,89.99749954993703,9.971934150955954
test_00003,test,0,B1,-99.96838930870032,-39.97550513034702,0.020680206445243866
test_00003,test,0,B2,100.0103279762727,-40.02766783937989,0.0025454765999038567
test_00003,test,0,B3,99.97702993794677,40.07101223599421,0.04514493032477415
test_00003,test,0,C1,649.994634565099,-90.03901918792013,-10.00720764581329
test_00003,test,0,C2,850.0117342491591,-90.009886712563,-9.961485264156993
test_00003,test,0,C3,850.01427070225,-10.007633685010353,-9.99855503225925
test_00003,test,1,A1,-750.0133039140836,-19.911464057517836,-0.02802670203657921
test_00003,test,1,A2,-550.0072045007757,-20.042743137031415,0.0711797959660508
test_00003,test,1,A3,-549.9374783962053,59.95066237701749,0.07300224788237175
test_00003,test,1,B1,-99.94144469943312,-40.02400923160903,-0.056201006019243174
test_00003,test,1,B2,100.02572902221497,-40.044090661726585,-0.07303111603980716
test_00003,test,1,B3,100.05924833300472,39.964724096251956,-0.051298575421411
test_00003,test,1,C1,549.9681562220323,-59.957561105938986,0.07516057443107294
test_00003,test,1,C2,749.9783647194589,-60.00438254492836,-0.04783842768305309
test_00003,test,1,C3,749.9377304074729,19.9959204504862,-0.013349210858075264
test_00003,test,2,A1,-600.0209486200326,-39.89237502827047,-0.014624982462155503
test_00003,test,2,A2,-399.97274158679033,-39.98454602908556,-0.06666823900515083
test_00003,test,2,A3,-399.90669211148645,40.00499202135078,-0.025040195000195203
test_00003,test,2,B1,-100.91842198278259,-39.25764256197402,-1.6882503254661945
test_00003,test,2,B2,100.04158704252204,-39.979745617223635,0.007223037602927026
test_00003,test,2,B3,100.0329378571285,39.98692211570991,-0.08434893464618068
test_00003,test,2,C1,550.0624724020366,-59.996017218261336,0.03374994601443502
test_00003,test,2,C2,750.0112156198942,-59.987245607896725,-0.10087429879421844
test_00003,test,2,C3,749.9387573214283,20.03492354727827,0.053679525049393474
test_00003,test,3,A1,-599.924909223559,-40.01237762594863,-0.0506431718075286
test_00003,test,3,A2,-399.90217734304105,-40.01590360051848,-0.09500318796217493
test_00003,test,3,A3,-399.96830000538705,40.09053279480588,0.015760064019595198
test_00003,test,3,B1,-100.91492250477212,-39.33477798566637,-1.6600491761998206
test_00003,test,3,B2,100.0579581970837,-40.0366544573561,0.02449634190405955
test_00003,test,3,B3,100.0512588977287,39.91956147487946,-0.02330077017242313
test_00003,test,3,C1,399.59327462566,-41.20578918145631,2.4844773340686728
test_00003,test,3,C2,599.4933506149363,-42.07041895357396,4.2125185597363455
test_00003,test,3,C3,599.927101976525,37.98974197471893,4.1618835837511075
test_00003,test,4,A1,50.602070722011526,-579.7384438327604,31.435821424553446
test_00003,test,4,A2,50.29982202535588,-379.68990172917,30.588943429032383
test_00003,test,4,A3,-29.678229599194154,-379.90306811077426,30.486731681107933
test_00003,test,4,B1,48.99846856517614,-80.70567801661021,27.889979782928847
test_00003,test,4,B2,49.31054787106746,120.27386456376556,28.82017668557391
test_00003,test,4,B3,-30.657695733981768,120.13206502171131,28.541125449155537
test_00003,test,4,C1,50.00228335707858,419.86488689895407,30.22995537969777
test_00003,test,4,C2,50.51598308921975,619.7135578159147,31.205474413873663
test_00003,test,4,C3,-29.519074015999443,619.9873104858165,30.89040768375975
test_00004,test,0,A1,-849.9878230721381,9.924665361770357,9.969745256142541
test_00004,test,0,A2,-649.95430789248,9.953707777972177,9.980353264470963
test_00004,test,0,A3,-650.0377160419242,89.99167206141331,9.988243695448553
test_00004,test,0,B1,-99.98819105762418,-40.02609405884923,-0.007899354304571496
test_00004,test,0,B2,100.04621266167511,-40.03066505081527,0.0062227248256737705
test_00004,test,0,B3,99.99245831877568,40.020988779003325,0.005398659634624094
test_00004,test,0,C1,649.9547841929252,-90.02177388533076,-9.986843743385371
test_00004,test,0,C2,850.0311345706524,-90.03641649326194,-9.984058231295784
test_00004,test,0,C3,850.0153807149426,-10.05223265660079,-9.99944478803184
test_00004,test,1,A1,-750.0065382257762,-19.977156868496955,0.04663134902089468
test_00004,test,1,A2,-549.9653338559372,-19.960932820682157,0.05916549160145235
test_00004,test,1,A3,-548.954031858264,58.78054694098351,-1.2960428188034265
test_00004,test,1,B1,-100.00629126405194,-39.97800378214932,0.03301505864571075
test_00004,test,1,B2,99.95527415506767,-39.96735934617256,-0.010287986313077214
test_00004,test,1,B3,100.01754154691733,39.92790620617007,-0.020888838775411887
test_00004,test,1,C1,549.9670434457071,-60.00672047990089,-0.0045654942106050506
test_00004,test,1,C2,750.0172433148572,-59.97994950324602,0.008965985715333134
test_00004,test,1,C3,749.9668911332838,20.03105346567932,0.004746902840818423
test_00004,test,2,A1,-600.2643320321635,-39.8846259416139,0.13783301391450803
test_00004,test,2,A2,-400.26891070314286,-39.229092801828315,0.11216472563530885
test_00004,test,2,A3,-399.6021832553417,39.60698450968713,0.08582519497022122
test_00004,test,2,B1,-100.03556505963907,-39.96699346058099,0.05190162165201063
test_00004,test,2,B2,99.94640967105425,-39.93250982574548,-0.016303277937978235
test_00004,test,2,B3,99.9658042703121,39.984001188945385,-0.026141228505666157
test_00004,test,2,C1,550.0031081279438,-60.0123537514308,-0.03336826102229153
test_00004,test,2,C2,749.979933633847,-60.015283519244406,-0.030828093132888583
test_00004,test,2,C3,749.9661256630528,20.051010806337494,-0.004442910718758113
test_00004,test,3,A1,-600.3501805709849,-39.89014605526112,0.2040874727723172
test_00004,test,3,A2,-400.23898967289654,-39.158401062278095,0.06286003517658524
test_00004,test,3,A3,-399.606666815095,39.56294633702946,0.051170017563682904
test_00004,test,3,B1,-100.02279355525641,-39.93126965357123,0.03407521017749792
test_00004,test,3,B2,99.9332088570085,-40.04134326248373,0.009527422701446409
test_00004,test,3,B3,99.96193072120954,40.035685049468285,0.01840252727106963
test_00004,test,3,C1,399.97696881393034,-39.91496709475907,-0.10261417927261542
test_00004,test,3,C2,600.0053196473477,-40.06359245317604,-0.19966989695663473
test_00004,test,3,C3,599.9789356192492,40.01795331436517,-0.10972970824019995
test_00004,test,4,A1,50.13586089330322,-580.2336655852491,30.004966704594995
test_00004,test,4,A2,49.256960348381114,-380.178029547003,29.924836630993358
test_00004,test,4,A3,-29.49342249013739,-379.5835354052637,29.997942772582753
test_00004,test,4,B1,50.041315252883905,-80.08650001437556,29.98332184077536
test_00004,test,4,B2,49.99627528076249,119.97247915930927,29.99572920473324
test_00004,test,4,B3,-30.005760546186888,120.00534465964641,30.04390234683656
test_00004,test,4,C1,49.938619757942014,420.08335875203034,29.982349457902338
test_00004,test,4,C2,50.035672339956676,620.0520869414206,29.933958654521987
test_00004,test,4,C3,-30.02895887924312,619.9893170178412,30.00839938843827
test_00005,test,0,A1,-849.9800221450672,9.977305059591888,9.971845585354599
test_00005,test,0,A2,-650.0143721801505,9.953408935872648,9.93938970558424
test_00005,test,0,A3,-650.0278719608617,90.00761867056345,10.016238738799638
test_00005,test,0,B1,-99.98847895513721,-39.99729502230208,0.0141171893395495
test_00005,test,0,B2,100.00839577279761,-39.98895995493989,-0.013871480706287041
test_00005,test,0,B3,100.01885862968037,40.019486259922644,0.03105838913905596
test_00005,test,0,C1,649.9449320952237,-89.94492495909626,-9.993652365248636
test_00005,test,0,C2,849.966121422627,-90.02716735148417,-9.991271252389426
test_00005,test,0,C3,849.9885083083674,-10.03258520599173,-10.029886869449474
test_00005,test,1,A1,-749.9656947958133,-19.939724400872162,0.01259172151482624
test_00005,test,1,A2,-550.0453283867907,-19.938909786416897,0.04908514869629367
test_00005,test,1,A3,-550.078969808004,60.086795171046155,0.018546216346910775
test_00005,test,1,B1,-100.00536182984966,-39.9619529831227,0.0005222637305278156
test_00005,test,1,B2,99.99984985558062,-39.96932554822746,0.010666287149820125
test_00005,test,1,B3,100.03034454863389,39.93110024056562,-0.005931163071762936
test_00005,test,1,C1,550.0269736279469,-60.05649158585608,-0.007818807160002602
test_00005,test,1,C2,750.0591433999886,-59.91285831399768,-0.032844993204716476
test_00005,test,1,C3,749.9695900075805,20.02442165292022,-0.02847245441840338
test_00005,test,2,A1,-599.9523171564892,-39.88620556655551,0.0032940188043659203
test_00005,test,2,A2,-399.890002574951,-39.92027355506429,-0.05966233592939236
test_00005,test,2,A3,-399.9852032905611,40.0762598067029,-0.1386476655181893
test_00005,test,2,B1,-100.04356323108611,-40.00878724717657,0.03830630176470031
test_00005,test,2,B2,100.0086161826287,-39.98614105931511,0.09213524543271433
test_00005,test,2,B3,99.99106300419868,39.96909038373584,-0.008469725926919032
test_00005,test,2,C1,549.9841879836291,-60.04840879419434,-0.011040087519139393
test_00005,test,2,C2,750.0473899092319,-59.92916950487523,-0.028039760072105225
test_00005,test,2,C3,749.9992377797887,19.958421046914907,0.04762095263130933
test_00005,test,3,A1,-600.0263267456254,-39.804484413821314,-0.09138487099009474
test_00005,test,3,A2,-399.94230784292193,-39.9499622135679,0.017631163427741556
test_00005,test,3,A3,-399.9818043548437,40.11109885994914,-0.13208953192151493
test_00005,test,3,B1,-100.06807449679485,-39.96561563611482,-0.011413733348217686
test_00005,test,3,B2,99.99765003526912,-40.021659388817966,-0.03391433375881937
test_00005,test,3,B3,100.01235709771316,39.927327554407256,-0.014665123274020607
test_00005,test,3,C1,399.9645706924353,-40.08857304244633,0.24058551336368622
test_00005,test,3,C2,599.9712781525654,-39.908440105600604,0.24398258204237888
test_00005,test,3,C3,599.9439726979058,39.96456149597168,0.13678605277661626
test_00005,test,4,A1,49.933837338851774,-579.9448587420784,30.027768240602093
test_00005,test,4,A2,50.07509588880739,-379.90987971217163,30.060984092630147
test_00005,test,4,A3,-30.060663041836364,-379.9033381201485,30.072672073628322
test_00005,test,4,B1,49.02239467493489,-78.97463653506446,28.664627381322838
test_00005,test,4,B2,50.08018994181013,120.08072525627811,29.897422628216177
test_00005,test,4,B3,-30.00653376257136,120.00591916899667,30.006324535985154
test_00005,test,4,C1,50.02569607475389,420.00158656872037,30.00800215870195
test_00005,test,4,C2,49.89702524516571,619.9989318903571,30.00031078461417
test_00005,test,4,C3,-30.055441243601184,619.9352264317378,29.951529563762843
test_00006,test,0,A1,-849.9653759772497,9.993713521762919,9.999425697760227
test_00006,test,0,A2,-650.0428748024708,10.022936085238443,9.995594064626024
test_00006,test,0,A3,-649.9642288454781,89.98922011058731,9.9600961702412
test_00006,test,0,B1,-100.00753716728353,-39.9830940062057,0.018738529394078347
test_00006,test,0,B2,99.99706268128128,-39.99836350125061,-0.03569659823111141
test_00006,test,0,B3,100.07643918044842,40.018238849945426,0.03604325146471388
test_00006,test,0,C1,650.0132005769078,-89.98669730525988,-9.994865375143235
test_00006,test,0,C2,849.9833794271397,-89.91702673013322,-9.963690002940536
test_00006,test,0,C3,850.0187460507133,-10.008078977495321,-9.978189466854372
test_00006,test,1,A1,-750.0210264526839,-20.0259407679638,0.0036639080524371453
test_00006,test,1,A2,-550.0750087264252,-19.94188903353634,-0.04669325459787764
test_00006,test,1,A3,-550.0307096946298,59.91550771355872,0.046915858899783225
test_00006,test,1,B1,-99.96719725649413,-40.00842262354738,0.013732319393935814
test_00006,test,1,B2,100.00150873231149,-39.97619132539476,-0.02548185874872059
test_00006,test,1,B3,100.04378444411661,40.00120437667038,-0.06703340784174226
test_00006,test,1,C1,550.0049139878017,-60.02907512432324,0.03173254029941121
test_00006,test,1,C2,750.0317350604598,-60.01197906155375,-0.007466555611199924
test_00006,test,1,C3,750.0650091580908,19.976024894631205,-0.016644925502377145
test_00006,test,2,A1,-600.0096531058311,-39.950122595921435,0.10642681972765666
test_00006,test,2,A2,-399.9739268648756,-39.937034338019274,0.048114906356986925
test_00006,test,2,A3,-399.97259210869834,40.01587941789835,0.012768166154771771
test_00006,test,2,B1,-99.98258204098687,-40.035432342451664,-0.04731324870185558
test_00006,test,2,B2,99.9981628264073,-40.07666003909912,0.01984783334226798
test_00006,test,2,B3,99.92764182835765,39.97268944572711,-0.05426736506221212
test_00006,test,2,C1,550.0189751478753,-60.011593643901676,0.04572989746613874
test_00006,test,2,C2,749.977788358313,-60.032081995570096,-0.06296486704990717
test_00006,test,2,C3,750.028297619839,20.102896983982895,-0.08733375444101107
test_00006,test,3,A1,-599.9973473847123,-40.028013398239395,0.15085066888690862
test_00006,test,3,A2,-400.238243701751,-40.53493163133051,-1.7912118067936404
test_00006,test,3,A3,-399.9498167015477,40.045906346397416,0.05075556678148693
test_00006,test,3,B1,-100.00618387436711,-40.058993244898055,-0.0004270211482632711
test_00006,test,3,B2,99.98190919077803,-40.08432735107486,0.01600983117939872
test_00006,test,3,B3,99.98377269919936,39.952420143486805,-0.10446099766802128
test_00006,test,3,C1,399.9496448080704,-39.985692998368,0.14376479964163552
test_00006,test,3,C2,599.9305054572616,-40.05284709022732,0.19768142996749474
test_00006,test,3,C3,600.0424460414466,39.97201334068375,0.19524373172701776
test_00006,test,4,A1,49.84896660248692,-579.9279347938013,30.6841234784234
test_00006,test,4,A2,50.47910543630574,-380.25870817041965,28.675604270440026
test_00006,test,4,A3,-30.207916439179076,-379.9180706736363,30.22856985473182
test_00006,test,4,B1,49.92300728523105,-79.94038819200392,30.265898367624654
test_00006,test,4,B2,50.00377485889217,120.01867404182074,30.03597872167428
test_00006,test,4,B3,-30.01983565357328,120.0650617004971,29.893517114821098
test_00006,test,4,C1,50.017503213388224,419.99551579086756,30.154775027223586
test_00006,test,4,C2,50.10661932653994,620.003133880484,30.089354157982207
test_00006,test,4,C3,-30.04404279028721,620.1106023833669,29.8388214169683
test_00007,test,0,A1,-850.0007957140468,10.006710695484399,10.014109573274256
test_00007,test,0,A2,-649.9895507706339,10.000623085026284,9.932460090316821
test_00007,test,0,A3,-650.0090518907923,89.99434926282707,10.030852947285206
test_00007,test,0,B1,-99.98823206753447,-40.015331569194,-0.017915400469236287
test_00007,test,0,B2,99.99776133428931,-39.97844950222675,0.01694708323577025
test_00007,test,0,B3,100.03113029474738,40.00008208806918,-0.03893998689601993
test_00007,test,0,C1,650.0746119638484,-90.03361566213013,-9.983110967457241
test_00007,test,0,C2,849.9845943159551,-90.00383761806305,-10.004341040909384
test_00007,test,0,C3,850.0011207666734,-10.014669125564486,-9.980123667951974
test_00007,test,1,A1,-749.9975039212351,-20.00456407309528,-0.002193299832868079
test_00007,test,1,A2,-550.0355699173075,-20.005317392466136,0.11237461127307055
test_00007,test,1,A3,-550.0218185091911,59.974715535944576,-0.07084131913936023
test_00007,test,1,B1,-100.05508950124323,-40.00968174671959,-0.0625574386883331
test_00007,test,1,B2,99.93466277703696,-40.012035926156805,-0.03485272063769269
test_00007,test,1,B3,99.91724677635546,40.01689934182279,-0.03042069287295035
test_00007,test,1,C1,550.0055991114168,-59.95946702452933,-0.06405304199797159
test_00007,test,1,C2,749.9797377005726,-60.07357905157835,-0.031034910983285414
test_00007,test,1,C3,750.0156112217095,20.04357731149506,-0.009743585698733856
test_00007,test,2,A1,-600.0390208703427,-40.12366378672842,-0.09633911320420233
test_00007,test,2,A2,-400.042368090977,-40.009519594890506,-0.13164786652212646
test_00007,test,2,A3,-400.0738001535259,39.99310845817779,-0.08385134068714262
test_00007,test,2,B1,-100.00676329312238,-40.072030932716885,0.052752957572407916
test_00007,test,2,B2,99.98562164138998,-39.98328866231865,0.0025061951013628167
test_00007,test,2,B3,99.9903357514215,40.023910558474995,0.0072815639766376505
test_00007,test,2,C1,550.0249189923643,-59.97512623272573,-0.08218241522255113
test_00007,test,2,C2,750.0229595313508,-60.035705086091895,-0.003926394476332258
test_00007,test,2,C3,749.9797089621416,19.946334859688204,-0.0035516327792720617
test_00007,test,3,A1,-600.048079040266,-40.12146592249276,-0.11845688878251347
test_00007,test,3,A2,-400.0803882740313,-40.00878206177088,-0.14362121343040007
test_00007,test,3,A3,-399.9923388260633,39.99087760489603,-0.008051788124294839
test_00007,test,3,B1,-99.99505446921638,-40.07995632889095,0.03116070409328194
test_00007,test,3,B2,99.96691097125313,-40.027989850788146,-0.03217541962728117
test_00007,test,3,B3,100.03166293474347,40.040486010543475,0.08060418127951696
test_00007,test,3,C1,399.9769697737674,-39.89613206256727,0.011298744533075625
test_00007,test,3,C2,599.9691623050707,-39.7963229775542,-0.038269621902800435
test_00007,test,3,C3,599.9058399374497,40.27187088631146,-0.1340832514642262
test_00007,test,4,A1,49.92090332926412,-580.0888637210273,29.945523480259403
test_00007,test,4,A2,49.89907915113261,-379.95659114390094,29.872689907902668
test_00007,test,4,A3,-30.000366653225974,-380.01894446441344,30.066364231042954
test_00007,test,4,B1,50.01759509205439,-80.04212803305063,30.011221265118373
test_00007,test,4,B2,50.09160907500223,120.0333244080117,30.1007392925174
test_00007,test,4,B3,-30.011086642033554,120.01827199535363,30.130260072347465
test_00007,test,4,C1,49.98272610811419,420.10027547269766,30.024632591619973
test_00007,test,4,C2,49.92837111944505,620.0012741577281,29.900445848311527
test_00007,test,4,C3,-30.184096713207293,619.9865390096473,29.872021356681323
test_00008,test,0,A1,-850.0507048942633,10.042261443574258,10.099737804143517
test_00008,test,0,A2,-650.02361706671,9.984368146239595,9.962250729091407
test_00008,test,0,A3,-649.9826527081987,90.00677062416399,10.01822887607779
test_00008,test,0,B1,-99.99341630287125,-39.93550782954907,-0.025210401504461067
test_00008,test,0,B2,100.01199478388376,-40.00565957288575,0.008000057130740583
test_00008,test,0,B3,100.05907146566254,40.00975795091195,-0.0639710390576517
test_00008,test,0,C1,650.032052091465,-89.97662424408088,-9.998616187542122
test_00008,test,0,C2,849.9471577871834,-89.95927134184146,-9.964698675894734
test_00008,test,0,C3,850.0448167527304,-9.968436449796155,-10.01314275844566
test_00008,test,1,A1,-749.9494088447757,-19.989971183413083,-0.0882273004371717
test_00008,test,1,A2,-549.9398700006371,-20.01703611018695,0.04107304229694165
test_00008,test,1,A3,-550.0567624566704,60.02834002802797,-0.03850782454821473
test_00008,test,1,B1,-99.97910113287298,-40.00364213187414,0.0262439381362938
test_00008,test,1,B2,99.95514006570248,-39.98488007274299,0.017014881784954722
test_00008,test,1,B3,100.00330557616087,40.00321293782185,0.0999312363272336
test_00008,test,1,C1,549.976968373827,-60.059493243408305,-0.009463722263977702
test_00008,test,1,C2,750.0487614580619,-60.03442173332251,-0.0273477912900239
test_00008,test,1,C3,749.9638431638348,19.985528118882524,0.06347137131652855
test_00008,test,2,A1,-600.0320492473859,-40.041236803704386,-0.0028758642390688746
test_00008,test,2,A2,-399.9961889884845,-40.02916364256437,0.05478371454129195
test_00008,test,2,A3,-400.0869612799938,40.00962213932217,0.1529991032681061
test_00008,test,2,B1,-100.02629721613542,-40.106714644267605,-0.017090843737184645
test_00008,test,2,B2,100.03355445241445,-39.9850097491486,0.01579913549312411
test_00008,test,2,B3,98.91271967910401,40.23741332592665,-1.5751351326532699
test_00008,test,2,C1,549.9845836395797,-60.01870394791792,-0.01964145543871601
test_00008,test,2,C2,750.058158654037,-60.00526072579623,-0.043690782295162434
test_00008,test,2,C3,750.0700421529073,19.991535298259638,-0.0031260332840594984
test_00008,test,3,A1,-599.9048878877643,-40.032116234931664,0.03470922238041796
test_00008,test,3,A2,-399.9646183805675,-40.03221565029567,0.07405522320707142
test_00008,test,3,A3,-400.0085167869783,40.04901567622765,0.12542740280841816
test_00008,test,3,B1,-99.97710100832712,-40.119269117162474,0.009400859091366474
test_00008,test,3,B2,100.01497109124514,-39.96494134441318,-0.09368479077004357
test_00008,test,3,B3,98.83903506257245,40.17232726470807,-1.5131161089055716
test_00008,test,3,C1,399.6514094384859,-38.911445712799114,0.09847201199573458
test_00008,test,3,C2,599.7046607367154,-38.30692022491433,0.07106009766370915
test_00008,test,3,C3,599.4278867296337,41.684266689111176,-1.4292849086820962
test_00008,test,4,A1,49.61721256339193,-579.7743995385105,29.69119059819378
test_00008,test,4,A2,49.91224766596697,-379.75003603346585,29.87695167275314
test_00008,test,4,A3,-30.166647615377602,-379.6428853673214,30.80694162491047
test_00008,test,4,B1,50.36192321002312,-79.82955677881165,29.91393659635876
test_00008,test,4,B2,50.61640885759175,120.14974997514462,30.016457010818854
test_00008,test,4,B3,-29.604656059812278,119.18994006436762,29.40870454573462
test_00008,test,4,C1,49.97283170080923,419.85122741838757,30.219773012329107
test_00008,test,4,C2,49.669034030466484,619.9252551204436,30.3261393791337
test_00008,test,4,C3,-30.30084846174436,619.8438256023542,29.719548498387844
test_00009,test,0,A1,-850.0300138116843,10.027550980585229,9.97951360436578
test_00009,test,0,A2,-649.9605547000393,9.99826466804084,10.017555555792873
test_00009,test,0,A3,-649.9988542598937,89.93477608212223,9.990855410106743
test_00009,test,0,B1,-99.99777564330603,-39.98064879645513,0.00025160491840034454
test_00009,test,0,B2,100.05993266255435,-39.97686909056092,-0.030121796280601815
test_00009,test,0,B3,100.03521424960468,39.99446107310643,0.005114303053962217
test_00009,test,0,C1,649.9845616566362,-90.02829625461992,-9.966432256842806
test_00009,test,0,C2,850.0073681194034,-90.01679765383213,-10.013779061831924
test_00009,test,0,C3,849.9774231779472,-10.05743509575714,-10.018636423418517
test_00009,test,1,A1,-749.9465381737439,-20.01958030217213,0.00785617546533888
test_00009,test,1,A2,-550.0186259072568,-19.918629332564446,-0.006929815752776156
test_00009,test,1,A3,-550.0204293776042,59.97647371122021,0.056415827312806054
test_00009,test,1,B1,-100.05151307406493,-39.99504781027355,-0.03889298285837981
test_00009,test,1,B2,99.97514069313874,-40.06521077426356,-0.013941087151701781
test_00009,test,1,B3,99.99378802551456,39.9799068626598,0.0022380356880396324
test_00009,test,1,C1,550.0570442413268,-59.96012141258533,-0.031565757460312545
test_00009,test,1,C2,749.9716644913399,-59.92628005301133,0.03316238074765428
test_00009,test,1,C3,750.001599045029,20.040247472910565,0.027901018334546418
test_00009,test,2,A1,-601.3128966727794,-41.306733379853526,0.0833806930556552
test_00009,test,2,A2,-400.0812422435869,-39.90405999535678,-0.11924821218161483
test_00009,test,2,A3,-400.04250381498696,40.02961660987202,-0.026697845880173023
test_00009,test,2,B1,-100.0227860622409,-40.074591404062,-0.0399561842023851
test_00009,test,2,B2,99.94932437147303,-39.96530264021575,0.016394363180873506
test_00009,test,2,B3,100.02939367076438,40.02357900881269,-0.005955834481562153
test_00009,test,2,C1,549.990706012801,-59.95908510344338,-0.009242066423262026
test_00009,test,2,C2,750.0250654812897,-59.97585773701604,0.035252436708894885
test_00009,test,2,C3,750.0308969906027,20.03117558107911,0.03532932522369923
test_00009,test,3,A1,-601.3661782545763,-41.31158505468572,0.14558614943390663
test_00009,test,3,A2,-400.00689872249626,-39.92564033647948,-0.10108846995347558
test_00009,test,3,A3,-400.1025686103278,40.040706594861156,-0.05130043107376261
test_00009,test,3,B1,-99.99110527942358,-39.99111180439753,0.06430262022881851
test_00009,test,3,B2,99.91999929376841,-40.03847135509853,0.033456213821951165
test_00009,test,3,B3,99.96473315915142,40.0236150905025,0.010770722389110029
test_00009,test,3,C1,399.95437090383797,-39.90415025630233,0.07770534000375988
test_00009,test,3,C2,599.9623483692068,-39.80086863670867,0.08475590056195989
test_00009,test,3,C3,599.9901779417276,40.23416777734176,0.16196270088655615
test_00009,test,4,A1,50.777126068646155,-581.2137139155342,30.077963662960045
test_00009,test,4,A2,49.54171127203707,-379.8301532047088,29.92034544116979
test_00009,test,4,A3,-30.480263941953364,-379.88056037800754,29.93140472970001
test_00009,test,4,B1,49.83841089986028,-79.85374683015188,29.970919254861933
test_00009,test,4,B2,49.962611164418966,120.0795939029658,29.960438977362827
test_00009,test,4,B3,-30.06081869659321,120.20000690813885,30.007739967992205
test_00009,test,4,C1,50.00712960806811,420.1830703557444,29.98440007929696
test_00009,test,4,C2,50.18005275984968,620.141271806645,30.072486321564913
test_00009,test,4,C3,-29.91941669627032,620.1350590434616,30.108468695980044
