sample_id,s0_A1_x,s0_A1_y,s0_A1_z,s0_A2_x,s0_A2_y,s0_A2_z,s0_A3_x,s0_A3_y,s0_A3_z,s0_B1_x,s0_B1_y,s0_B1_z,s0_B2_x,s0_B2_y,s0_B2_z,s0_B3_x,s0_B3_y,s0_B3_z,s0_C1_x,s0_C1_y,s0_C1_z,s0_C2_x,s0_C2_y,s0_C2_z,s0_C3_x,s0_C3_y,s0_C3_z,s1_A1_x,s1_A1_y,s1_A1_z,s1_A2_x,s1_A2_y,s1_A2_z,s1_A3_x,s1_A3_y,s1_A3_z,s1_B1_x,s1_B1_y,s1_B1_z,s1_B2_x,s1_B2_y,s1_B2_z,s1_B3_x,s1_B3_y,s1_B3_z,s1_C1_x,s1_C1_y,s1_C1_z,s1_C2_x,s1_C2_y,s1_C2_z,s1_C3_x,s1_C3_y,s1_C3_z,s2_A1_x,s2_A1_y,s2_A1_z,s2_A2_x,s2_A2_y,s2_A2_z,s2_A3_x,s2_A3_y,s2_A3_z,s2_B1_x,s2_B1_y,s2_B1_z,s2_B2_x,s2_B2_y,s2_B2_z,s2_B3_x,s2_B3_y,s2_B3_z,s2_C1_x,s2_C1_y,s2_C1_z,s2_C2_x,s2_C2_y,s2_C2_z,s2_C3_x,s2_C3_y,s2_C3_z,s3_A1_x,s3_A1_y,s3_A1_z,s3_A2_x,s3_A2_y,s3_A2_z,s3_A3_x,s3_A3_y,s3_A3_z,s3_B1_x,s3_B1_y,s3_B1_z,s3_B2_x,s3_B2_y,s3_B2_z,s3_B3_x,s3_B3_y,s3_B3_z,s3_C1_x,s3_C1_y,s3_C1_z,s3_C2_x,s3_C2_y,s3_C2_z,s3_C3_x,s3_C3_y,s3_C3_z,s4_A1_x,s4_A1_y,s4_A1_z,s4_A2_x,s4_A2_y,s4_A2_z,s4_A3_x,s4_A3_y,s4_A3_z,s4_B1_x,s4_B1_y,s4_B1_z,s4_B2_x,s4_B2_y,s4_B2_z,s4_B3_x,s4_B3_y,s4_B3_z,s4_C1_x,s4_C1_y,s4_C1_z,s4_C2_x,s4_C2_y,s4_C2_z,s4_C3_x,s4_C3_y,s4_C3_z
calibration_00000,-849.9697103471992,9.956799102054019,10.06226643707858,-650.0378395698123,9.959157757334772,9.979376132588893,-650.0392609127407,89.96059472338025,9.963395699394466,-99.99747105818228,-40.01420278737811,-0.02954063903606447,99.99375388353505,-39.92966551183308,-0.016437615297971497,100.06828660370864,40.02158532599729,-0.04597313143889911,649.9669974197209,-90.02614654451212,-9.953008674708688,850.0183471464242,-89.99119349940173,-9.973808776866564,849.9993008470984,-10.017550979275262,-9.996154759212164,-749.9883737956984,-19.94378388116792,-0.06337049574485143,-550.0348699536332,-19.963865356049013,-0.02745386503440478,-550.0382200924909,60.10937004298637,0.053797676251631565,-100.00681117372709,-40.06161876843749,0.016750933298715912,99.9503401546197,-40.09300264537996,-0.027096364836928687,100.01363268742878,39.99658106617387,0.06386494746767121,549.9811360399982,-60.01454431810951,-0.08642388794713793,750.0394275411281,-60.031697000934706,-0.014193727123559954,750.0038957034329,20.039217575225642,-0.04672283830682759,-600.0113549049167,-39.980915147686105,0.12309672316589956,-399.98992562901987,-40.09355690722345,0.16623859881825576,-400.0152414517983,39.96195022121244,0.219495274140676,-99.99932066882818,-40.03182401124716,0.12921708006878252,100.01241964172527,-40.01629533133443,0.009310447536837185,99.9714343171492,39.95363179643915,0.024372973208033964,549.956475804017,-60.05844750249197,-0.031776743374374805,750.0132710759966,-59.971983783459414,-0.011330448110173736,749.9699675835128,20.008667100431243,-0.01593910702724645,-599.934615822116,-40.06025577255175,0.17564032738046811,-400.0012171281314,-40.08692894352823,0.0773948760580696,-399.96159623025585,39.93971445581388,0.20539708010707744,-100.0085457591365,-40.01154709585833,0.039901065922084145,99.94308978418967,-40.038631640083636,0.047859121550680866,99.88406379159316,39.93222634446294,0.05377646650763593,399.97016571401355,-40.01787391500753,-0.21283708714332145,600.0487443743245,-39.96311386016085,-0.2518651562646637,599.9523128362472,39.953253220749666,-0.3135336896235837,50.0274351370449,-579.9463897524993,29.87688259644678,50.05003907848339,-379.99102923232846,29.966935602695067,-30.022261604639343,-379.9503132768509,29.95056945870716,49.91283461686039,-80.02731168334059,30.013270929261974,49.96802375440892,119.9551030286811,30.174401237995923,-29.920125196516953,119.9521241726133,30.10847106200749,50.00096619661756,420.055033663621,30.046917320440475,49.99830697313027,620.0566267298938,29.981102910599436,-29.9631004406815,619.9796239443677,29.90875994417105
calibration_00001,-850.0024797261932,9.966638251753993,10.041425756203138,-649.9728911654998,10.034054476092944,9.97893930629704,-649.9917207217994,90.00358629438423,10.011439926725119,-99.99401607775316,-39.95883872789462,-0.02411178196542802,99.96309780436822,-40.07063344746373,0.004866441011656635,100.00695245888129,40.026210768381624,-0.018344345564914686,650.0578040794239,-90.0123742470787,-9.98656628986371,850.0155494564957,-90.00177031817562,-10.021952853518656,850.0071117556515,-9.960442843817074,-9.998176843925874,-750.0126411887103,-19.99548626597632,-0.002354968766864224,-550.0130535720511,-20.0741754643074,-0.03248505321917925,-550.0186550588319,59.959852007325814,-0.004527411554946758,-99.98172291137178,-40.0714660726682,0.06835665299557146,99.95482777732657,-40.02496673823363,-0.039650268992384906,100.01571596992702,40.03839695669358,0.03475983693118284,549.9727414869667,-60.04149593357271,-0.024106175273903165,749.9539871263047,-60.00933375083512,0.07816771250288598,749.9690971000165,19.966335628069785,0.032163468875715646,-600.0235604010089,-40.238071240511466,0.3159526709818351,-400.05104698418614,-40.132325563890014,0.26577976764633743,-399.9869032501494,39.798001983953,0.3422742081876329,-99.93512051181125,-40.094854527873565,-0.06624193350636093,100.01370009661012,-40.0427329936142,-0.04802941445636663,99.96019610788404,40.059952666017764,-0.019368410408425903,550.0001255419174,-59.97849964087619,-0.05186769123721903,749.9560039382583,-59.99600929776508,-0.04093195639477924,749.9782018553095,19.99640621048129,0.02636837623433998,-599.9807711580469,-40.144055604883484,0.25142751978911126,-400.00708383767187,-40.164223762418096,0.3017257208437289,-399.99208105910543,39.85302004801497,0.31765371777370094,-99.94556970258203,-40.058926843943155,0.004369209782474506,100.03912115223255,-39.99381684642093,-0.059835044349585934,99.94585758398088,40.06206730498283,0.01721161000283205,399.97152077311796,-39.832154027168535,-0.016948474673102454,599.9429334847679,-39.75804585008499,0.06836572817469745,599.9794494480093,40.27377100145762,0.024532497130305166,49.995610282054564,-579.9918832521505,30.032967487589218,50.041532192343496,-379.98462988436927,30.10380445488933,-29.985960721022458,-379.9336849892343,30.021200891947252,49.98603238084188,-79.99918959851078,29.955511148707213,50.047253994567704,120.03335912327506,29.883669689496067,-29.954628959752352,119.96381004737458,29.899618434318327,49.99081069691363,420.0566225155831,30.01790594383407,50.002524920169904,619.9884283674792,30.174421934330194,-30.056724173302896,620.0768614497081,30.044614060873432
calibration_00002,-850.0060939932199,9.995853340241815,10.033951911651762,-650.0401795837073,9.978889239614265,10.02665976435753,-650.0572294515099,89.9999197038182,10.041451792751104,-99.99570983213334,-39.96650467133568,-0.01632381921386401,100.00644150298056,-39.99081119192605,0.05316096042926886,99.96812443443358,40.011599029552166,-0.043314759059694743,649.9772021134312,-90.00234259341921,-9.950957494207092,850.0284606999287,-89.98764033513446,-9.9800784514939,849.9883328078016,-10.001023857485485,-9.985492249788877,-749.9602196196001,-19.95250342190225,-0.08356703749541103,-549.972117530649,-20.01105943835332,0.033198201893593654,-549.9380915803833,59.95833832102851,-0.07541803867382896,-100.01135462277166,-40.06664191433588,0.07344685535997432,99.96366913585224,-40.05676479225357,-0.007864657262615891,100.0288832793427,40.071627630415634,0.012257945640701508,550.013644015307,-59.990672235936685,-0.022848862936229918,749.9990859498445,-60.018000991554935,-0.018054700052664335,750.0300862327708,19.98895030579843,0.015188593083930446,-600.0428640636783,-40.18544822187636,0.2638679790454583,-400.03034010257113,-40.06139253074966,0.17122921488441845,-400.08217237858304,39.871465454134594,0.22758639020088958,-100.00122542620599,-40.07994776283402,0.08980765988230058,99.94033133378929,-40.03129241659322,-0.038592731048890855,100.05852074189153,40.061423490699696,0.04430706649037082,550.0394825302723,-60.05715995102106,-0.001293601240497523,750.0455504472588,-59.97241755134657,-0.050777898685000745,749.9723413496366,19.966116735681723,-0.045093565640969904,-600.050935718585,-40.21565636997209,0.26011599281060094,-400.0746372303899,-40.04324044561218,0.21645004243563168,-400.04285032108726,39.90814245485072,0.2186294598592975,-100.04553061724508,-39.90716374848495,0.07983662535792478,99.97261097410315,-40.01601621645101,-0.02335726543289417,100.05071863090093,39.94829675836334,0.06546283408645666,400.014415025312,-39.92484874446339,-0.3055409947578536,600.001022924792,-39.83364817293671,-0.3701037855962464,600.0176857547583,40.08837258746686,-0.263966526145645,50.0879828535418,-580.0542004186603,29.94792452960586,49.93896459814247,-380.0034529258984,29.9442191045787,-29.98574574056799,-380.04432734695996,30.006142245591075,49.94228553701701,-80.00718436132445,30.085209131799072,50.047557775249,120.01115073417182,30.04055488176274,-29.890863409078865,120.08247416610573,30.02961222155152,49.952025127457546,420.0735971853128,29.958151471218674,50.01012022919074,620.0174023410509,30.02721231547371,-29.999203791071377,620.0819658834304,30.07330219344719
calibration_00003,-850.0058188421912,10.115887060492295,10.068661733860335,-650.0469664185024,9.959933990524656,9.95255041380124,-650.0249756117906,89.97159661867195,10.020537899711297,-100.00887331991167,-40.0077644278036,0.0022448540749686755,100.02482863258652,-39.99637253966321,0.009218755056502635,100.01745829638138,40.02182062777047,0.01369929177857308,650.0364650201576,-89.99656918192804,-9.982856090308495,850.0186021557588,-90.02190281014403,-10.012414227036931,849.9948873452983,-10.026536525722753,-9.99180855254583,-749.9152443865734,-20.16331967670272,-0.1546877374667938,-550.0010978878679,-19.9985227237002,0.08633629454283286,-550.0153683335334,60.02255171613017,0.03879706540294989,-100.04273776259808,-40.03669822539756,-0.0006629547315063437,100.01550359964263,-40.03628299813097,0.06371989643496481,100.01146826879372,40.04910307654109,-0.05626701627012791,549.9280173502582,-60.02681691624198,0.017878994389052657,750.0148123901139,-60.018181330515574,0.05786346578752596,749.984318336134,20.044799669969407,0.0678606474207403,-599.9322924526887,-40.09224386056049,-0.13764975099774743,-399.9885792681753,-40.1117748702742,-0.10947813076282341,-399.96012264254216,39.93208819044381,-0.26317303900106037,-100.04841132586793,-39.9912707573899,-0.02156990578063211,99.99305865170354,-39.962863118955845,0.03275981602796894,100.01306705579735,39.96051346423278,-0.020577855460686963,549.9162710208104,-60.080808592413675,-0.01632993768661288,749.9919374179185,-60.00012603330862,0.042009016710282995,750.0261724443598,20.03906039941373,-0.031130614239876758,-599.9813677582467,-40.01500712888918,-0.14474846355228743,-400.02992632017026,-40.05988552628951,-0.06811654138492601,-400.00774463316577,39.99242391244572,-0.312927783946819,-100.07638606654304,-40.064600252947706,0.007974184387003659,99.97552406799737,-40.064054578287454,0.10285929332605427,100.00672302599959,39.959034185244,-0.009852047009758561,399.9084747794306,-40.05628236514343,0.12651378093613255,599.9808890989735,-40.131581343726275,0.1450697110219164,600.0455677127147,39.85935468776462,0.09717242572180859,50.018409847093935,-579.9503109771247,29.96788271723228,50.00296721022908,-380.0042075821398,29.948212842188607,-29.947115896427423,-380.03101683152704,29.93541918853803,49.93875630160914,-79.97649952686821,29.99852711954819,49.932925317640354,120.02759029909059,30.05678924581456,-30.02101640649475,120.04941372892452,29.990812802390984,49.88323120492543,419.92592808596476,29.98019300897683,49.90209920693405,620.0150038138422,29.966233381262214,-30.046699373737862,620.0481317265694,30.06493051449718
calibration_00004,-849.9938887502118,9.993698434560084,10.009499441326254,-649.9983499547772,10.034220471274958,9.994676902759139,-649.9784319733036,89.98957094948774,9.959864069897447,-99.99905403811569,-40.03249772818942,-0.012819610807744266,100.02003534462881,-39.99930340481328,0.00042239142301794824,99.9512368948598,40.03914874914555,0.026783429939887873,649.9640847676671,-89.98571553368522,-10.037459459896422,849.9922566226497,-90.00560778866833,-10.014770434484833,850.0236012684644,-10.002206488667133,-10.002260329412975,-750.0053754663156,-19.972350810725434,6.838512934523658e-05,-549.9971868631126,-20.046963918701834,0.03545593263749501,-549.9933826145153,59.97621780297433,0.04476282534972716,-99.94901163743283,-39.93334884459111,-0.005104646884659444,99.98175218828024,-40.039358685835374,-0.00602661692492326,100.00999484913376,39.983495018935706,-0.021731290928724945,550.0500292905267,-60.051668927799234,-0.005917157326771607,750.0436040903863,-59.98016227489145,-0.023329674178145823,749.934798908195,20.032346239948048,0.02749894054677409,-599.9532653088727,-39.785480980964344,-0.021853925712069826,-400.05428474792717,-39.72450296076843,0.014813354535603602,-400.00625703189206,40.15601779171741,-0.007591808822744316,-100.01703922158275,-39.99078627534662,-0.006144258640895782,99.96755343735566,-39.97578306194187,-0.017909228522693298,99.97839963994939,39.99854090333725,-0.05134610842937326,549.9958496766661,-60.075445133250405,0.018932611161585802,750.020481336543,-59.99271414844655,0.005037569300916846,749.9436726614882,19.979822857146484,0.07041986843621166,-599.9377073609737,-39.74880467221746,0.0006885919341898276,-399.9966037520448,-39.69659339435495,-0.0020353823400636965,-400.0325502154845,40.221719489431266,-0.004314342110754703,-100.00567620227433,-39.95835570715665,0.027938585484914756,100.0150883660283,-39.92489462102427,-0.04936907114237615,99.97733609965702,39.967286074496954,-0.08325055028893957,400.0096945918915,-39.88642823969609,-0.04321139810908385,600.0084134984559,-39.971320334463236,-0.015613386169144018,599.996668724998,40.006647229385095,-0.11852237808522285,50.04093168929722,-580.0349874611956,29.97502251886133,49.91305469304677,-380.0823386487537,29.951917671002207,-30.035419656836,-380.0426690682779,30.011540636136825,50.129779612943494,-80.00687961940349,30.009394407538537,50.077369820574106,120.00919061659837,30.07335952956766,-29.820826509665842,120.01095693298386,30.05392006186644,49.942744624596045,419.9680031164933,30.02350926672221,50.02634985846823,619.9928644594665,30.0406750981987,-30.0600564872393,619.9713007505158,29.94294559452214
calibration_00005,-850.0130917641732,9.941056328388386,10.009768600437406,-649.9773843464797,10.023371965922498,10.002749458821388,-650.0197789816079,90.06785923644372,10.034782586744557,-99.93201987105226,-40.01590196990222,-0.01151939555370597,100.00522456867421,-40.04776449598946,0.027729262656210302,100.02333326669891,40.00998212530525,-0.03422902983406189,650.0313271673884,-89.98655409511942,-9.986393652361691,849.9582097645687,-89.98766833939145,-9.977728416426618,849.9686262366616,-10.003810266296618,-9.94914139767739,-750.0079530859877,-19.967309543388044,0.03882290567196276,-550.0006597447284,-20.09049192611214,-0.03330808636030391,-549.9450094665934,59.935619525772346,-0.09276676835566787,-100.01862925386581,-40.00985116195868,0.03054363303732422,99.98913724230994,-39.95645202520574,-0.009117631518597829,99.95589949251404,39.94575816837252,0.02915712887979364,550.0178836082999,-60.03193165739956,-0.09167167169558396,750.0037433923293,-59.98453139290899,-0.015709505659908418,749.9849317753566,19.97462826314624,-0.025609094384751688,-599.9516138464664,-40.04792770203909,0.050600747433728305,-400.02595901574585,-39.99530535579683,0.11720076191551318,-400.0474252651494,39.9316533685562,0.16740512608313468,-100.10710953547753,-40.06872636089772,0.005205004541895271,99.92465600179526,-39.92953022237778,0.09189292073208671,99.98061329991712,40.04291196481916,-0.021737531396497853,549.9930693812173,-60.02487411859181,-0.09405450937211833,749.9845599831568,-59.98852929637368,-0.0023469075030575146,749.9285621619578,19.993132927776987,-0.05822561632890879,-599.971396058924,-40.07245581869589,0.11736925273735621,-400.0264459830898,-40.0033834316389,0.07553772424717331,-400.00703732670416,39.96202955469121,0.14176375236981975,-100.06899826695275,-40.01962393002203,-0.025286676823315077,99.95087902392456,-39.977728844313305,0.049933712295327295,99.97004410596493,40.01551067436066,-0.007344325664053103,399.9984037294458,-39.80524341718602,0.2531825789520057,599.9677387853945,-39.678068046890154,0.22322497676886524,599.9090727135971,40.22527353137741,0.1850644416387808,49.98158614433826,-579.9042239112049,30.035052529664558,49.990796613999926,-379.9109026425209,29.97388480474078,-30.033858664717958,-379.99840632149835,30.12206790208315,50.10584766370479,-80.05065520979839,29.90857041967271,50.077298873781814,119.94880758986021,29.869712950547438,-29.900772739880917,120.0266120209448,29.885008860835764,49.97960491138787,419.9800704785401,30.0947442518978,49.94693996469997,619.970832880967,30.08358587541806,-30.022771357412235,619.9385071483968,30.071220859432113
calibration_00006,-850.0226110278189,10.00014663437467,10.006336721679151,-649.9931779768665,9.977212122854915,9.969500503284225,-650.0073316378972,89.98090880819454,10.02868821005631,-100.02042847564559,-39.99486551253074,0.005787491993275257,100.02241754487471,-40.02422390068366,0.002184024347531817,100.02055973962477,39.97561896635692,0.015447367319332498,649.9913689119102,-89.9868885382434,-9.98548818190235,849.9840165872167,-89.96987282708267,-9.961168277985351,850.0672368623904,-9.975365626606782,-9.998463114392212,-749.9963676836963,-19.984892082182416,0.00881793111573983,-549.9498004543068,-20.02075874709616,0.01866492362306464,-549.9447503910408,59.97600067900039,-0.04539127726920039,-100.00687528008206,-40.025433415344466,-0.0013311271067980978,100.00404368617475,-40.00727589248907,0.01492449257741972,99.97314668024136,39.987022180226916,-0.00545216632239151,550.0141376749219,-60.03258205515588,-0.04810463669745108,749.9645924147197,-60.003856043217226,-0.06496816711186636,749.9608452461605,19.98470281199731,0.024197439233713806,-600.0257785907157,-40.098882801288454,-0.04718275515109722,-400.0119668048713,-40.03723769485286,0.10308561174164632,-400.0548459273202,39.99413759721497,-0.0037682060735415787,-100.02626823333956,-40.030769966692304,-0.04076710693996945,99.95426551548614,-39.97884978794993,0.0036635103466085405,99.97681430695663,40.04949169666777,-0.01891988904658812,550.0152698470608,-59.99313359291772,-0.08387437941331725,749.9800905903817,-60.024673019559074,-0.1069082351691942,749.9498887162989,19.955706025630747,0.020601729269441538,-600.0334725528954,-40.08537380857515,-0.10562770988808505,-399.97512522886024,-40.04334315617491,0.05604009811973726,-399.98482012248985,40.039927434876304,-0.06250881366051034,-100.08979073785169,-40.02344763034189,0.018777038838496206,99.95497773382166,-39.95613966574487,0.008637965515957618,100.00125943279674,40.0567424244744,-0.029300892660880283,400.02151117945544,-39.9685803888106,0.10920143016223532,599.9379981092687,-39.86258116177236,0.18311588168311138,599.9312027541536,40.1824925080141,0.035371913945745875,50.0977265910476,-580.0203669893983,29.99829857808098,49.99295927062442,-379.9558286631446,29.972677744146672,-30.0719967189518,-379.99840933212005,30.064089081528746,50.01710936961142,-80.0216829560908,29.913984753209295,49.923740806463975,120.03890072391164,29.944789144599795,-30.037882935475288,120.07121306800795,29.98826962285788,50.13141575431415,419.99173880115006,30.014234223586886,49.86370679287985,619.9999474937952,30.004730421984384,-30.032229991827045,619.9228255945643,29.998298497663725
calibration_00007,-850.010505511337,9.985540131372092,10.038233955819788,-650.0027316454268,10.005124061034401,10.024784663309525,-649.9886723965575,89.99677031667233,10.031710482973065,-100.03060170319355,-39.997328351568584,0.05497083615312534,99.991547697468,-40.00140122334217,-0.006581462911068402,100.01799205876802,40.01341703146039,0.011930635355566306,650.0471672057848,-89.87655776088668,-9.990488122347358,850.0161993752849,-90.0055804458524,-9.975637028374358,850.0320775523721,-10.044831781754269,-9.996531983861233,-750.0346036546028,-19.923865581206684,-0.06931537762276901,-550.040233886802,-19.946117107071625,0.05128128986316744,-549.9879127776044,59.94247572649907,-0.029154915186611473,-99.99197858744222,-39.982591699439574,-0.06453818613064347,99.98706592074424,-39.98116659492706,0.02471258546684929,100.01206498224902,39.93626167406128,0.03833680650309844,549.9879885851204,-60.10226310789781,0.03725350390764458,749.929703500868,-60.030618123623746,-0.033165649465268204,749.9953317323668,20.08184314475192,0.030103498005761203,-600.0117354358184,-39.94400120400498,-0.25390601301575494,-399.96249676888283,-39.93257940902439,-0.21983355994308182,-399.9403841234016,39.9880476151961,-0.14295937707527975,-100.07170366705492,-40.01995824084556,-0.15453450167147229,99.9848252437883,-39.99422448044315,-0.010913906465155238,99.99231837179349,40.01273274611661,-0.06774839601522047,549.9752871342567,-60.10305614404961,-0.028014509199835703,750.0072541803578,-60.004366164618304,-0.005878956547451296,749.9366687915499,20.044839538897524,-0.03372871405518059,-599.9517218257791,-39.928213063422916,-0.30564501331883487,-399.9583649523629,-39.953683574442564,-0.27438302879836773,-399.93337009624724,39.99561513110848,-0.100405316692013,-99.97149479312012,-40.02024947312339,-0.053645024282599735,99.97726947900648,-40.06640779010054,0.08997069964051023,100.06006080147787,39.980098806529405,-0.05490471527823533,399.98287132834344,-39.95718910183479,0.27987968664064855,599.9334042077109,-39.95907908512377,0.3794866483982807,600.0696213277622,40.060474396193996,0.3701984368102593,49.903407589768946,-579.9649763560811,30.083024768869194,49.947591894612785,-380.05465764211164,29.96884220099314,-29.94047817090514,-379.9617787838206,30.122410817043686,50.012470441576774,-80.0818143965013,30.00247671160112,50.10143382892628,120.01198379187592,29.95312550826894,-30.001903871769407,119.95876164524424,29.89221294030039,49.9919958982138,419.8722468015776,30.0457992664473,49.91401423902583,619.9123477455022,30.002214902401576,-30.097041041161567,620.0581696032483,29.987052575585093
calibration_00008,-849.9770614969693,9.999941385324348,9.984222938812838,-650.0157022617893,10.00994730009714,10.020812806553417,-650.0188468724991,89.96611806138549,9.982371801360234,-100.00914230582426,-40.021916901578514,-0.011287588474063975,100.00691277752675,-39.976111445825175,-0.016522926681788168,99.96512885551023,39.96846156524356,-0.011412444105615059,649.9867653498874,-89.99352603495673,-9.996398817609052,850.0105096439278,-89.99659013605594,-10.044281050317661,849.9728771257568,-9.946974726984262,-9.961507854971442,-750.0093065204352,-20.00705892375165,0.06480666496056042,-550.0019649274096,-19.97741543029901,-0.03952783932609622,-550.0310814184749,60.01147906830388,6.552079367760032e-05,-99.90842345269772,-40.008219750252,-0.06457808789153785,99.9893125724436,-40.0374474514446,-0.0008242177779106408,100.02354037384876,39.96918672861712,0.05433960577598622,550.0016889701195,-60.06796744537048,-0.046468246655518367,749.9543803054296,-60.01066593391398,0.05607733988073652,750.0052653259396,19.94148932824394,-0.0018369935198903203,-599.9548826531469,-39.93568434334172,-0.28075995736740506,-399.83785713071984,-39.95169541519973,-0.159987548752201,-399.9532744742192,39.959318152133534,-0.14877016919538932,-99.919875618005,-39.97691163009878,-0.028959633458256577,99.94770296657008,-39.98058121187682,0.011668438190469515,100.06604352118478,39.945609554009366,-0.008600111224176284,549.9724801269513,-60.00853220819126,-0.04338805262650362,750.0040682217943,-60.02017742694466,0.07596120122327599,750.0142966414506,19.98348810584478,-0.05851340768840202,-600.0031179055962,-39.994311637019614,-0.2298916814909842,-399.88187692751904,-40.047264321857924,-0.18206458504274647,-399.97196803130424,40.02153906768223,-0.21556209494295975,-99.94746408243049,-40.0706374822926,-0.03988051157451107,100.09496142679438,-40.040451691557074,-0.03623614902476559,100.03995393660982,39.95028214553491,0.06107651350282693,400.0030852344982,-40.0782532042246,0.09911030445643437,600.0294135276635,-40.2042577053225,0.12310380330435541,600.0245130385259,39.849984593838506,0.0461043858968965,50.00986565992623,-579.9658462654348,29.893177415272525,49.924555517186455,-379.8847221639773,30.02156263298936,-29.978374426057233,-380.08122741806073,30.086468608220517,49.99699017802206,-80.0703287208478,30.033136098885844,50.003441451865434,120.0291944004286,29.949999009440365,-30.033264877604413,120.04858175073747,30.06843438316347,49.9981295627809,420.0524710587653,29.96413316375145,49.9782464671971,619.967598021788,29.94627447908667,-29.978052863243313,620.0023004029086,29.979969649671204
calibration_00009,-850.0352569699536,9.981907373148037,10.028872654262704,-649.9822505612473,9.97658540151239,10.01466453083333,-649.9439808344713,90.02069797373913,9.988848979509164,-99.97803018447496,-40.03415170171834,0.026838405820248913,99.98642575774197,-39.96651467715344,0.027040292796247527,100.0132266699797,40.01028951722398,-0.01780592002980637,649.9778919964364,-89.96188403064319,-9.963451137048272,849.9868557836006,-89.97779904298254,-9.95045843181229,849.9903867017176,-10.067429139500751,-10.045792795900915,-750.0149625278117,-19.96859380045494,-0.007224810838292423,-550.1058377522862,-19.969837722717518,0.055314303011592,-549.994294659891,59.96039950390758,0.05694598594461574,-100.04580035487734,-39.971443461661806,-0.10592885556104517,99.98065891055708,-39.97978680011064,-0.005913195163468846,100.03553808596895,39.96119122587529,-0.023406089672901913,550.0096910016263,-60.00422680351691,-0.029363943481470377,750.0383673619814,-59.98924650510032,-0.0044511722231706866,749.9874653413942,20.000457611985116,0.01906499697524101,-599.9754481485722,-39.8804439817985,-0.3222613510052234,-400.0363662194475,-39.79698246637178,-0.3521309716487903,-399.9983249778562,40.096859042433664,-0.23947407891020941,-100.0494937280317,-39.95172349558843,-0.06401688150667828,100.00174759532031,-39.94685902273247,-0.1149185994185708,100.01394374888456,39.912676888868575,0.02173324811249148,550.0946977729988,-60.091848240628345,-0.04996719028301873,750.0241646233161,-59.98127358160663,-0.02832025483454474,749.9296758125921,20.027295582774467,-0.02361003990432501,-600.0079965082706,-39.88590154902501,-0.36385764454281,-400.05135600790436,-39.81928976147181,-0.25339408644368233,-400.0361306786689,40.081655232625366,-0.27920286601574323,-100.02458078384039,-39.95599606472617,-0.12147799932607337,99.96582395229518,-39.97048061607127,-0.041365623363767284,99.98751337592672,39.956424963403755,-0.01574802906220065,399.98695905500693,-40.19241228699084,-0.15611869033278408,599.9895268222149,-40.18362146976448,-0.22371616205104988,599.9744126350059,39.79273587994983,-0.1259146399613607,50.008863429150196,-579.9281200691703,29.906419254128462,49.9218434410207,-380.06071938274147,29.959284689578904,-30.038425868678583,-379.93948386604995,29.927219791975,50.022652680845844,-80.0415827986453,30.04869617161845,49.876940081844566,120.06962448557768,30.138640941723892,-29.96136931217884,119.96245241349179,30.137811754364886,50.001625042914796,420.0403019122549,30.04843431657542,50.00359687286051,619.9776422631509,29.898942963481396,-29.996593928569435,619.9410775460392,30.004692768596954
calibration_00010,-850.0369932314412,10.039115199005437,10.02818795943861,-649.9718765160637,9.937002787378105,9.98893722116631,-649.971810108288,90.03463525589066,9.980238511986576,-100.0414044602443,-40.000408398502536,-0.03294519626334466,99.94835583692713,-40.0149844753237,-0.006722506136722877,99.98618580889735,40.00783673746386,-0.03501003634370777,649.96020145779,-89.96884968650538,-9.979918993335497,849.939463450912,-89.99341043214433,-9.96523650681306,849.986794610419,-10.058805465021724,-9.969972732260466,-749.9941983452188,-20.04597092377781,0.04177152179802015,-549.9986533552925,-19.99393798398054,-0.07228597056960964,-550.0609359773842,59.94638598385766,-0.030235337922100272,-99.96785221050605,-40.017409283770355,0.043549781081546446,99.95231761433608,-40.00124196175001,-0.05486586093487393,100.07255418301423,39.980805370725285,0.09619302738170449,550.0704287414262,-60.010694708162006,-0.0011511688007353471,750.0655102543691,-60.00871281047566,-0.01278847748366745,750.0677104709549,20.008042123167282,-0.08221980855364053,-599.9571491313677,-39.875906212678444,0.17751157583063287,-399.9304605217402,-39.904783340787155,0.23676015177361398,-399.9230048979356,40.080861818729176,0.36600130163379757,-100.01329631103714,-40.00000380740779,0.039288494103436725,100.04750423897046,-40.00708272730458,0.030487999561514552,100.05209815471078,39.967593597368094,0.06447031263363819,550.1125346106295,-60.04742354726404,-0.05790076298121895,750.0184950773494,-59.964835479077,-0.056811225600178455,749.9771571288554,20.022080175283484,-0.10961993788211977,-600.0159214659309,-39.86477972707345,0.15829226913353,-399.87249586396115,-39.89512549307903,0.2478597914617042,-399.9695665436639,40.066658196318265,0.38512556894896904,-99.97763954776326,-39.99398618226786,0.08930538439307363,99.95091957589155,-39.999499758732846,-0.013338371058350215,100.08592390768989,39.94054247114737,0.04592609651853862,400.02524637332124,-40.01188645967045,0.07663747572496672,600.0219338938134,-40.070661058527655,-0.048092911683547,599.9955972256467,39.87425489760157,0.09424024623378528,49.99469904218807,-580.1011598408977,29.979055391280248,50.029497965698475,-379.93344565034585,30.152452696679738,-30.003459628474165,-379.9805785217418,30.065672897560724,50.0808437800222,-80.04708947434032,29.94324643164987,50.05931105290755,119.99645970893208,29.96445042803518,-29.924201000933717,120.03914681826325,29.884563568735576,49.965551236605755,419.9776655267437,30.084971859195257,49.94736633637892,619.9923167138386,30.003702016720627,-29.933621599211122,620.0330106708633,30.036060486444477
calibration_00011,-850.0348937570519,10.01911608095599,10.048024581565645,-649.9752334570059,10.018182515748371,9.985351427376733,-649.9736134402285,89.98540814161157,10.028417436603753,-99.96890482154689,-39.963687217130975,-0.055586518208408715,99.97241869013885,-39.978248590569315,-0.014293215453869175,100.0151013852987,40.01497125088665,0.046119840563433434,650.0216012803076,-90.03940062772529,-10.05153130956608,850.0384206988573,-89.98806675706737,-9.977135388363584,849.9853414816467,-10.015474963820674,-10.020794332862717,-750.0338273203939,-20.024598445196233,-0.18871642191818042,-549.9809506733706,-19.986025586620055,-0.04977279503454493,-550.0119198642462,60.01336056120613,-0.07131607518369394,-99.9479006974826,-40.06138344002146,0.0640184158256846,99.99941930662942,-40.00885113221994,0.044271774349629506,99.975272748292,39.993230052524666,0.01593699454806803,549.8562221583654,-59.983418200415315,0.013813125288477581,749.9850016526968,-60.04077996071136,-0.016908690384960408,749.929883957266,19.9342147498138,0.10771477150299663,-599.9534109193579,-40.24632745552652,0.19930206542536463,-399.9837421194412,-40.12994901305239,0.10295579807297986,-399.9997454102181,39.80396968965937,0.05886417829992825,-100.01091849033553,-40.11509187273904,0.06942888762216741,100.01238480433314,-39.94681772170493,0.051360676188290696,100.07517206848411,39.92538609181365,-0.07461924488409503,549.8993715938093,-59.97905391122093,-0.01998594088970776,750.0323405132146,-60.024131576228136,0.007051268761793378,750.0395003726192,19.93773586757818,0.08343485464462344,-599.9451011352779,-40.21877358771283,0.16948636103726167,-399.9761633891884,-40.17696063245539,0.10221286958336202,-399.9937999201248,39.81391981756264,0.07864858597389227,-100.0008868313576,-40.153217165990476,0.07842147808326466,99.98513674333232,-39.96155064411081,0.00650970763125776,100.00918211768602,39.974303516078955,-0.008889908971641124,399.933051161755,-39.85639900515533,0.08509293646632424,600.1159528488859,-39.8878232348397,-0.042646342586104447,600.0024924343907,40.1805671760955,-0.18265199640177324,49.99438165326827,-580.0378188165823,30.021447330331835,50.00511427310898,-380.0242017263546,29.994598963900646,-29.957338487748398,-379.9388878918725,30.019421081695846,49.96308472914279,-79.99346491387202,30.059884684580773,49.988184917877696,119.95199297609156,29.933140123888112,-29.87313236856965,120.01136994432046,30.010608903839017,49.92883581159405,419.9413301155723,30.08965694796574,50.03115433067973,620.0743387189008,30.07259573253713,-30.009016163630065,620.0259375238902,29.968493410917457
calibration_00012,-850.0026375267836,10.02081715684516,9.986624086046552,-649.9776716637232,9.979343643740286,10.00717714051031,-649.9824482626974,90.04036956545603,9.984851530069502,-99.92487866974861,-39.98642834769074,-0.03407507973223084,100.03695911868827,-40.01643910036926,-0.039199395721538584,100.00328098166825,40.03905288325936,0.0058367199305759026,650.0077877990866,-89.98372700149324,-10.00034284444677,850.0393107834512,-90.02431686981026,-10.011472846814518,850.0214585290416,-9.984669061524764,-10.007567973625882,-750.027836048648,-19.98110615046035,0.0870566517406768,-550.0213706351848,-19.953594969147776,-0.07329122375129474,-550.0296516775147,60.00539634227371,0.06279106817301167,-100.06884367615353,-39.974014339530065,0.013465255097476984,99.94597758248253,-40.04414616603413,0.07237305956769764,99.93886921696212,40.01740747112052,-0.030078323083450466,550.027587911081,-59.97411183818725,0.030297346381865993,749.9891387223628,-60.00095568395667,0.02094896326355248,750.012888025027,19.944099125237788,-0.011865654953460163,-600.042482772548,-39.922363736586995,-0.16014551438647784,-399.9759525432232,-39.95790819377468,-0.001971668682477851,-400.0786801182831,40.037767228739774,-0.17976061509331204,-100.00869169409974,-39.973959552514756,-0.0008259894268893668,99.95583163989976,-40.04173644183083,0.0478140175636072,99.90624609785921,39.97324183778744,-0.03061389835718493,549.9761896602636,-60.001070700875296,0.016508778314481984,749.9272025335441,-60.00008626505146,0.013729641877220047,750.0109084640276,19.914226052811262,0.002586461685156468,-599.9751535999158,-39.95297023462403,-0.18308415469181705,-400.084343749739,-39.947468272919856,0.04835536017507363,-400.06141901370165,40.016905816229446,-0.19495962486943946,-100.096710230185,-39.98186634281496,0.008234922801619218,99.89747979164036,-40.04022447137188,0.11758839186208829,99.94007795532626,39.98336827888833,-0.007925108812480482,399.99852526890675,-40.052564527488826,0.0937901456949638,599.9242068144915,-40.05677369094245,0.16318402415041378,599.9305661773759,39.90636756964265,0.07838962896011259,49.9470058943094,-579.9120933886678,29.916179213240518,49.95078515204533,-380.03083837104464,30.044092651035534,-29.955918794080002,-380.0075896658774,29.933379695419767,49.94495780551274,-80.05124244971833,29.92476236579359,50.04321849163841,119.92423786229551,30.041013022270647,-30.01838967632202,120.00132594337629,30.02661322766541,49.99229525632907,420.01869676624625,29.95384064283948,49.92356954038717,620.0595209187493,30.05094642752765,-29.93291448920257,619.9969677736023,29.953939585916796
calibration_00013,-849.9773667795575,9.987707979430382,9.990817006334984,-649.9657207569094,10.002920361418887,10.001055725517686,-649.9986476891283,89.95859345302141,10.022954039314405,-100.00952103494129,-39.98690489362722,0.058926543256851135,100.0399355908219,-40.0406854744728,-0.014535220838585428,100.00208225754953,39.99926199199292,0.004973473132797354,649.9779678922681,-90.04008662179174,-10.01707181780703,849.9350684021498,-90.02298086709335,-9.995518930084595,849.9522186160416,-9.991063381726036,-10.01727872119354,-749.9597248493187,-20.0256376559825,0.04003785106756022,-549.9420717921619,-19.991474563701075,-0.006407331381222996,-550.0488580714153,59.96554131113542,0.007879874549292986,-99.99281641722786,-39.96824058727687,-0.0841813838783518,99.98789993328963,-40.05726758457382,0.029596330040747555,99.99551677947045,39.97464594823598,-0.04449564642736982,550.0354916226164,-59.976302216509154,-0.010010237291371824,750.0687812857284,-59.945335812847276,0.05150279887546712,750.1364111529164,20.032045662917028,-0.0020280125006297747,-600.1273602451378,-39.74585864753573,-0.38568490519517146,-399.9982866252307,-39.92573670681743,-0.2870466711573228,-400.0483147061558,40.111074726742814,-0.2893791566549155,-100.05236858311457,-40.00175566911624,0.022347800036095683,99.9812064557842,-39.967109822254734,-0.027713418881800716,99.94492100311408,40.036869802515376,0.08301391739231853,550.1204796550229,-59.97248369173669,0.027812151617822575,749.9941389134138,-60.030975913652576,0.031318265831497445,750.1555567224046,20.067285226289222,-0.029725261916336825,-600.0994407272823,-39.67676656052223,-0.32571967336006924,-400.09743430931,-39.98744977752131,-0.3522886811376625,-400.0979737240542,40.115283509362726,-0.28875145909341715,-100.0710609989553,-40.016957592085575,-0.010408682377268129,100.00582323280732,-39.93329032539646,-0.012755169962490357,100.0205351084921,40.032994191247,-0.05643398740397644,399.94630065604383,-39.977292230911544,-0.21557327293435916,599.9524980005688,-39.90140377124804,-0.14435502587682347,599.9803901112748,40.10327245996199,0.031276160184450674,49.82967786780583,-579.9439390806623,29.955161153833345,49.96323929614835,-379.98190608494747,29.97932864190615,-29.950547749115085,-379.9980995556048,29.927299895739257,49.99594024523885,-79.98506290665676,30.131313321294435,49.958073370696276,120.0681682496384,30.13673412922046,-29.90178428776913,120.03776568409046,30.106174105308273,50.05903459738178,420.044300151964,29.934825223873577,49.99364268494642,619.9891475126415,29.878969344795777,-30.054324211613334,620.0554854144158,30.01549258797647
calibration_00014,-849.9957332366752,9.985817634058693,9.970364700601216,-650.0299710350868,10.014139539502468,10.02971711677275,-650.0310249609872,90.02411785037658,9.96044104629449,-99.99155379684716,-40.003559776249105,-0.0029407122114393155,100.03907427267816,-40.042347627512285,-0.05296902959992373,100.03646236627831,40.02774094171594,-0.03409374321944092,650.0375730056867,-90.03365711610664,-10.057120103620493,849.9695787139287,-90.0202001988459,-9.972451232189464,849.9990497018083,-10.013582376201484,-10.00956959108338,-749.9881062076993,-19.97530069320934,0.018046645032427124,-549.9791110909429,-20.024783436041062,-0.04040220449457251,-549.9971330333148,59.90624779112667,0.055505330346279615,-100.05403044785494,-40.014157066930885,0.05008143360483641,100.00760193929241,-39.92903843338824,0.09784992968137342,99.96239327564086,40.035436232734554,0.06022061548567651,549.9760330287681,-59.95994928099159,0.012271696960333887,750.063389451453,-59.965502047739776,-0.0021881999803050195,749.9743504354127,20.03012070144242,0.03341499955837974,-599.9808561554321,-40.17845070725526,-0.11137014982603403,-399.9346339302241,-40.070740939119446,0.014978510143742345,-400.0738297898024,39.889750629648994,-0.018621402729224357,-100.06504650599594,-40.00093843045077,0.12401723670642067,100.00369606269136,-39.95776305149866,0.0805905653176621,100.04947001639016,39.97545164027589,0.0651577860582828,550.00174983771,-59.98043224787684,0.00772782567175153,750.0364156333134,-59.969140697639425,0.017649480857505458,750.015561280039,20.004890505188374,0.027077054861985268,-599.9974031076164,-40.225027969746506,-0.058817355512315754,-399.95517643355174,-40.01606981172475,0.002811340525698331,-400.0872927558393,39.89362671500276,-0.02046054053994071,-100.01722233186001,-40.097003460863164,0.0806101120336951,100.04671457175361,-39.99874605073615,0.0930815509004866,100.01832399450639,40.030866718909934,0.08209108584377553,399.95107366868956,-40.01616942820032,-0.028121526079152706,599.9979799159016,-39.98397776230265,-0.02978013619681111,599.9689948167357,39.964301026137896,-0.0820990867503643,50.139466710064724,-579.9588048118221,29.953264718392123,49.868294614404434,-379.9568335066095,30.013522809474324,-30.001178719245935,-380.11284745956914,29.948566483316483,49.959460513850615,-80.02163512117384,30.130931052563103,49.97306467934227,119.94512843914809,30.149177832444114,-30.07700221482827,120.06865983341689,30.00474180019048,49.96223551150578,420.0035633385513,30.072101055512107,50.06344986167903,620.05917996687,30.004423459175257,-29.93229477577338,619.9499664964992,29.915687051022555
calibration_00015,-849.997118950302,10.022794027939442,9.979336543844136,-649.9694444366319,10.087380955952241,9.956709149512557,-649.9839209436598,90.0126577666891,10.045364182232912,-100.0089970343175,-39.974964208400394,0.03200909777093653,99.9325942394479,-40.02529854431506,0.029444369751659656,100.00419539377253,40.052727995283924,-0.025459604501949326,650.0329034001828,-90.06034938518997,-9.972630789148331,849.9890904026671,-89.98534236798598,-10.079837408793969,850.0559542607988,-9.953918246696599,-9.99883328828542,-750.0277483762507,-19.980342230904157,0.016266007071577722,-550.0624757485573,-20.017091274262935,0.02272400758002744,-549.9865836500965,60.01769055639509,-0.06876653475038301,-99.9470826759713,-40.035845385003185,-0.08829319119557356,99.99930007302412,-39.97969029846772,0.003994088691300374,100.03135607459136,39.99240867227859,-0.028592477537970666,549.9661656559607,-60.00765946253394,-0.04051927633461198,749.9742636990097,-60.08914397615899,0.07940230483502914,749.9429518088663,20.023796016437785,0.0027116776310946375,-599.9615236504895,-40.161832569030366,-0.39559456361062517,-399.9511323920495,-40.08352202402976,-0.17539912772334942,-399.9973108955331,39.90409344258757,-0.287444635542452,-99.94081544644845,-39.983734429507216,-0.024252205848668294,100.04483548877238,-39.94429421212063,-0.0629794913026836,100.00409283043582,40.012431851444,-0.06380160689719672,549.9733739542997,-59.9884444438886,-0.02712216371973736,749.962874477697,-60.05126673177596,0.10992990907533293,750.0041473524008,20.01072663858653,-0.05083906210615498,-599.9916919261165,-40.14219721396969,-0.3703123452114497,-399.97529475448493,-40.10788026910141,-0.20111234406091547,-399.94396707660377,39.989755431405044,-0.27495338633079014,-99.9850847931965,-39.947517700082436,-0.034797254871334976,100.00466894421518,-40.069703164545054,-0.04553429727389696,99.97454995679796,40.01489361009709,-0.09873370846101458,400.02440758807126,-39.91979559045122,-0.13389169737387183,599.9834344905265,-39.858887967094496,-0.13279968991285668,600.005547942663,40.16800134158492,-0.10181374723910636,50.038384888213585,-579.9611756673039,29.86823307714067,50.01890927291083,-379.93846196670194,30.092985132129613,-30.035278693613417,-379.9678214884721,30.041976456250868,49.98531645271136,-79.93725103122861,30.124227583026403,50.026886563399856,120.04994372692329,30.069060962769957,-29.980967157885207,120.04736712074605,30.14853924723432,49.987143909019444,419.9944483377254,29.981274315100507,49.950390422787265,619.90168847174,29.886025118787813,-30.011637390880086,620.0690651313306,30.010003430368332
calibration_00016,-849.9714218789409,9.98853178481618,10.025983262082335,-650.014602498399,10.007340903238099,10.006634988194719,-649.9990269007344,90.0332118779503,9.97495105547662,-99.98556776064596,-40.009126320927784,-0.01470880685533071,99.98787596778065,-39.96542497634744,-0.033827778727992246,99.982988822628,39.99343400189097,0.04139697848999259,650.0059362435911,-89.97936697054858,-10.035517469035346,849.9675211482336,-90.10234379878533,-9.962326306145549,850.0006633471712,-10.034028141093737,-10.020767851262155,-749.9850233527548,-19.953144986751,-0.011509706080274558,-549.9837953154625,-20.010548741642147,-0.017918051728003235,-549.9225367869998,59.918914603258294,-0.018021597265828165,-100.00798841419318,-39.98521544567877,-0.034885230169914835,99.93451568991541,-39.98647613050608,-0.0004257355165204549,99.98202976376035,39.94459120803599,0.011588961665200917,549.997902018292,-60.102012941924464,0.0478372118557938,750.0206701805885,-59.93424599928392,-0.015205649256217715,749.988573266663,20.131418019971616,0.025413031536138782,-600.0372141885647,-39.88085663231894,-0.09300370438940384,-400.06132086490385,-39.86277561300434,-0.05183160389521884,-399.9810110520454,40.11569734331302,-0.04003756842838295,-99.98747373977805,-39.99706635651747,-0.07082501098907698,99.92916711755835,-39.98904009242244,0.05515263647414875,100.04297376121153,39.97458642645846,-0.00659531115887956,550.0740571254478,-60.04699466925909,0.012937982965494234,750.0425005112509,-59.965522045781015,-0.08662570440464346,749.9829606864243,20.070800363039904,0.036416119403971,-600.0481375367407,-39.92265566903302,-0.08779783053049925,-400.0263416442558,-39.891888837264005,-0.0685543345289912,-400.0050241704115,40.10916639905485,-0.11016497143267798,-99.97448862497352,-39.946551551074315,-0.041168981611764126,99.94193838425663,-40.0043579697008,0.09593067186484358,99.95868836988113,39.976366383375506,0.06143771613462063,399.9891558724454,-40.04931655356901,0.33488500029796553,600.0442968778774,-40.08138002320228,0.4343815023315039,599.9608178071053,39.95223343608584,0.311068375388988,50.0400095063685,-580.0157543805772,30.066072498449287,50.09182949539769,-380.13419109452974,30.019060772299657,-29.92779556993485,-380.0006939900393,30.050364756737842,49.98096875667718,-79.91944034907844,29.878658492173578,49.95999366618904,119.94057282668496,29.93210771230429,-29.953554103585986,120.04236419565696,29.934072709538558,49.911103057966386,420.00875788358604,30.023743695378982,50.06611592657335,620.0455529794949,30.062337763641445,-30.04353696833686,619.9591751290895,30.00294407888602
calibration_00017,-849.9856360003294,9.992063875330915,9.996693723472644,-650.0121000846602,9.997681678828553,9.99227335253069,-650.0734910881505,89.98643243689862,10.0719196895283,-100.02398187122927,-40.00398218127847,-0.02760910931568418,100.05151291092027,-40.00102148481862,0.05066861522542793,99.97386672121901,40.00369363607974,0.022307384338013554,650.0059700807162,-90.01188196682106,-9.999517484736202,850.0123453975692,-90.00875874716638,-10.00695801476517,850.0364011318771,-10.010418986421822,-10.052392638646193,-749.9844670314292,-19.975099652853306,-0.06254653098026747,-550.033476633007,-19.94792401104903,0.06808845094826249,-549.9455726139338,59.91336464504692,0.00489059730491094,-99.9853257762532,-40.07348299242049,0.11311809174992782,100.01436251336568,-40.05326253584744,-0.03429206870724105,99.98963067124166,39.988350878191426,-0.0826687897264017,549.9524458698424,-60.013421184240116,7.741769364576906e-05,750.0544697315001,-60.00080380146758,0.002020336810980978,749.9575826836955,20.03543141855866,0.06611044181108595,-599.963329660593,-40.27987153399062,0.4983779846093742,-399.95061646503257,-40.11541980915512,0.3415739682892758,-400.02901761750985,39.85485498308587,0.18811301439267045,-99.9837882575866,-40.06533393319414,-0.0070680816465987645,99.991165645892,-40.03586001796706,-0.03265372082977849,99.94029310655473,39.98260795830755,-0.06576229154658435,549.9514747312684,-60.00235751266793,0.04295128493647181,750.0291562876545,-59.94470076547537,0.04779949038193393,749.9378465277471,19.967687050770763,0.11542654088976975,-600.0365516950138,-40.214490275386694,0.4958896027857697,-399.9786480612668,-40.05983085181454,0.2502559800525813,-399.98939865938,39.84183102695432,0.1407518683772436,-99.95415788880295,-40.08817109461358,-0.013639172597001294,99.97370164989904,-40.03666779395596,0.06666394429788833,99.97519846200012,39.98451780287686,0.05017020641537705,399.97781093577237,-39.88345462359096,-0.11144336777527357,600.004030313037,-39.83277572361386,-0.075118974170651,599.9723969298408,40.07771014752135,-0.09383689907548425,50.02201485251334,-579.9753481594868,30.120209422047594,49.92575829002178,-379.9593063147479,30.026659242748142,-29.98044026159472,-380.05241690842814,30.001658611529415,49.94873906650777,-79.96034736017175,29.891937425009633,50.040230868609285,119.9165715376141,29.95074446831259,-30.076585157851127,119.9278270394168,29.956560357039805,49.93641196786415,419.9454651753788,29.92976592201436,50.0346899176275,619.9674533923389,29.946928272099136,-29.992102310089628,619.9664166286344,30.028576400217666
calibration_00018,-850.0117096315498,10.008371514688912,9.97640346834487,-649.9933676823355,9.998204115132957,10.013629796965924,-649.9869424765131,89.99313589944138,10.002102010797936,-100.01847610951697,-40.02235017127375,0.05168046767778017,100.0109426418918,-39.98416917176974,0.004660651204064984,99.9713129151159,39.96608233717272,-0.02970853144533574,650.0069828379019,-89.97538420144363,-9.973718890033824,849.9935663880949,-89.95113663008854,-9.960248264684225,849.9845174084874,-9.96551476919462,-10.015672126712072,-750.0349817334999,-19.9730499764348,0.03471839424637392,-550.0245459269368,-19.99147402465513,-0.017431667208311658,-550.0684466119446,60.05911944498032,0.011098375625119162,-100.00067939520235,-39.9377360966563,-0.011413450184004794,100.06549384377814,-39.99503939753225,0.013941646642799732,100.0449054588531,39.99497212236849,0.026149061923351622,550.0354511005067,-60.017465621519946,-0.027825851822846775,749.963159587209,-60.04503228165126,-0.10043172441274945,749.969173460935,19.967068139343134,0.0008173586559369964,-599.9334670096024,-39.76087429667149,-0.08436786934680102,-400.01212889686434,-39.92434830371651,-0.06913281753248136,-399.9382830365389,40.111703401366135,-0.0560586248746483,-100.03085103982633,-40.07608233776106,0.0018741663709652932,99.97491813023926,-39.87972249380888,-0.042849373208837645,100.04822741124397,39.996135982771825,0.04177615395111526,550.0636984777701,-59.98568672703852,-0.03486731468002581,750.034298541336,-60.08487413010371,-0.038351401520861,750.009370069855,19.946177852226672,-0.020326785722911828,-599.895268202769,-39.84975621244911,-0.0405285188844089,-399.9988356638721,-39.96043714300588,-0.09684258908550263,-399.8831880635969,40.113591842884304,-0.12660337629227067,-100.00187737839381,-39.9884934093881,-0.016504441108761314,99.9604545721954,-39.95289834711941,-0.030426199047181482,100.03140136151727,39.98630712064573,-0.016160957016457242,400.0552722344224,-39.78933163860186,-0.07432534590254647,599.9973737104688,-39.74461535718984,-0.144906327784185,599.8864021550554,40.291691493902526,-0.008188766319137487,49.83720461949973,-579.9968581549942,30.05131031676565,49.940725591770004,-379.98755334858936,29.993171858860045,-30.080599891978544,-379.86725060673643,29.90921211466031,50.08059709088156,-79.97636055773256,30.094067198997454,50.09456959965327,119.93240895526975,30.01562277784317,-29.863306781834503,120.02796561382776,30.030183144995465,49.952576551715296,419.9714934112537,29.88643182051747,49.94638488714356,619.881741729641,29.963851973640484,-30.06209732481204,619.8101331588097,30.019307053931946
calibration_00019,-850.0328365618283,9.942762299666674,10.079279559908324,-650.011973296679,10.00557061986062,10.04037036194819,-650.0148077677458,89.96097874084,10.031839270578146,-99.98716156021767,-39.9700993852394,0.0026812512371392613,99.99521430246003,-40.02323510887933,0.01180953275513411,100.02039083853515,39.99407543390952,-0.04383381346137128,649.9223039591467,-89.96085188174469,-10.020070409441074,850.0346335433253,-89.97284262233447,-9.984883404367084,849.9846260488379,-10.00199874883467,-9.9622143431402,-750.0378185557316,-19.909617825261716,-0.08659213835110077,-549.9832777628719,-19.970905149083414,-0.04395719405822443,-550.0017518709411,60.09387440093185,-0.010728674441765165,-100.05203941951883,-40.00780592855127,0.011829355160662275,99.96962958369603,-39.956215335722476,0.01254301147949798,99.96987873418671,39.89371974548762,0.024753465643586377,549.9991708198928,-60.09344532817199,0.025542191406658716,750.0592839582017,-60.06662838896725,-0.03358272759447743,750.0879860643855,19.996596953523877,-0.005500040726286391,-599.9883807267132,-40.02954738285246,-0.010240300060459201,-400.02804859395803,-40.05974178167045,0.0748465338594677,-399.9223268507951,40.02509164676762,0.007348333714822606,-99.9948719658564,-40.01831684765131,0.029335377004218312,99.96604975783771,-40.01101165713279,0.022918814123739015,99.96125293151727,39.949687884659006,0.058074102914670994,550.072731619647,-60.04328217778264,0.012359072893657307,750.0423788504922,-60.02544867795182,-0.07272837737859998,750.0682753344757,19.996434594641176,-0.03777363888112355,-600.081494533123,-40.03312774470648,-0.030149639488720098,-399.9834620588129,-40.04719622376918,0.05268751328171739,-399.9413745700221,40.052555352245534,0.00020037439923790978,-100.06748757700288,-40.03912744845774,-0.022528650956158185,99.9280326972067,-39.96764479627306,-0.028016844585712644,100.00998296773719,39.983363361828296,-0.03771168932175712,399.95401675107996,-40.02944442436614,0.004153195548714822,599.9722158005933,-40.047411950461125,-0.019073689161763056,599.9554316717985,39.93510058129573,0.10463218639601594,49.98107241467026,-579.9533264375353,30.026669408449138,49.939519034945306,-380.02264719081234,30.01779251181188,-30.01347915326281,-379.9099753646289,30.027861599019285,49.98157411549743,-79.90122197434742,29.946585963854925,49.91841390215563,119.92160167893455,29.966945546370205,-30.036919715067118,119.98892925292374,30.000107223873506,50.040793588181025,420.0215577676743,30.04761623863959,49.977832157299176,619.9813030785807,29.94228202539109,-30.010343638531378,620.0080156911891,30.09409045491343
calibration_00020,-850.0136064678741,10.024334439941532,10.025199908408435,-649.9892669942589,10.040329508643653,10.067545713068444,-650.0082658849982,89.96612621449637,10.024816053447505,-99.96477166893091,-40.01710667522814,0.016054695258579502,99.99352781798312,-39.99322722942266,-0.019802277135846518,100.01917423688307,40.01046494972963,0.0030755582901206605,650.0138734640432,-90.02076660698211,-10.03931229630957,849.9976643833198,-89.9467979526321,-10.015516540074252,849.9753224404975,-10.017703330577946,-9.998634484868056,-750.0138993456817,-19.96702906216356,-0.027309278671752354,-550.0139721751266,-19.96727986257632,-0.10144196682383369,-549.9336356463531,59.940908145614614,-0.05992120030969748,-99.99014468312842,-39.93944115121377,-0.03340554244397501,100.01634207527336,-39.97546891701377,-0.014081989128762497,99.95874786483124,39.99593983524461,0.07076296215361791,549.9818992133435,-59.9745355164183,0.05044076047493573,749.967593517255,-60.00552385847154,-0.05504483793532933,750.0371852990111,19.97570306444952,0.01704972961455553,-600.0125251389443,-39.92942955474669,-0.13091068303788933,-400.08132133664725,-39.8629628049378,0.018667351369502993,-399.96296943587464,40.11342359799522,0.028354875082008957,-100.02217733279954,-39.936738869596375,-0.0890262554161303,99.9778114401222,-39.9926681521557,0.05786018925410426,100.02910822739014,40.01614027124919,-0.021489656948269868,550.0434817333578,-60.03266054871434,0.11328652838352549,750.0081127262775,-60.04287284464958,-0.033530755860999836,749.971511688121,20.08403142280006,-0.020160213413935667,-600.0203180570347,-39.93553826078486,-0.10265461726379982,-400.1372997136867,-39.84582294610895,0.007173292496911512,-400.02193858893014,40.03756557985753,0.07766853359482065,-100.06095587974443,-39.95749271258708,-0.008215566193456467,99.89798782974586,-40.03407601021255,0.08653943569306537,99.96998139782082,40.02474613079347,-0.04002067463192402,399.97592308430194,-40.08896754637164,0.22472294532048395,599.9633994303223,-40.25943386077561,0.38537379059085625,600.0727205749779,39.821420404846975,0.3605973120109748,50.109994057741666,-579.9331677734839,29.971965702890973,49.94057761220488,-380.05408303669526,30.06929635317198,-29.95907626033672,-379.96482443682595,30.076622088202704,49.96702448871207,-79.91334476547992,29.882195810478724,49.95501018188073,119.95712265676174,29.915709733521695,-30.064636234615083,120.08482397050491,29.7803836921042,49.989956211447875,420.1104709678718,30.091313927728955,50.091892084830654,620.0237054209135,30.12994821649168,-29.96231125665114,620.0258223620334,30.056048517690368
calibration_00021,-850.0295385173254,10.020641270217439,9.976688259532171,-650.0165559843695,10.009775519927071,9.963201303412404,-650.0208637422438,90.03375096271881,9.991493412796789,-99.98314884222476,-40.006125274972575,0.012504136161871232,99.97960280037694,-39.98093117453213,0.005239200304443004,99.95828937136402,40.03847723754681,0.014904625094023268,649.994016243971,-89.94644577001088,-10.024965890705042,849.9834312911416,-89.95907538661821,-10.078632304904154,850.0147470467417,-9.960120634450686,-10.000802699176612,-749.9988983537589,-20.036001895005594,0.08107301107623706,-549.9223484794084,-19.980843810849375,0.019074621885938156,-549.977918331112,59.99488171771332,0.005596916662053284,-100.00738130292903,-40.065824320389524,-0.03190152042060836,99.94500551347059,-39.99429041651158,0.05573523050093593,100.02166003680021,39.94795396845864,0.02017895030891158,549.9988277670597,-60.061394329822555,0.022506393316147816,749.9685196284765,-60.041402184015034,0.10145030929099433,750.0056917838556,20.002152677001277,0.033386797776390066,-600.0287452530246,-40.09442789505871,-0.3222266804290755,-400.0247009868509,-40.10466726967706,-0.18484673250265415,-399.96553713355956,39.831334705027515,-0.16535462031694415,-100.00994613949695,-40.03781144923845,-0.02540522553036811,100.00324701041758,-39.996216629044035,0.059821958351591056,100.05457517356626,39.94904080707249,0.025798537510636294,550.0120521374317,-60.047362349434714,0.03391696003359922,750.0007012829948,-60.02900222095054,0.06603537106711488,750.0098603092172,19.952345964927837,-0.004814026560339087,-600.0746517165172,-40.05050461850264,-0.33322356498549877,-400.0478914244514,-40.101130898592935,-0.1532872377205362,-399.98426753594794,39.915253512280735,-0.19456884241348285,-100.03991212568428,-40.094213522936734,-0.06650408921301344,100.04595925766212,-40.03644769074571,0.03304141224601696,100.01694807628114,39.91211858171305,-0.0013820424527098626,400.0231895426731,-40.08348852557627,0.12718890173232525,599.9704283277377,-40.00365406030305,0.2792354683138082,600.01063458438,39.95565044916907,0.2605361229169369,49.99413413679098,-580.0512463458839,29.97937479234341,50.084790097476834,-380.05613792011195,30.07540622386382,-29.947535920390045,-379.9548300476997,30.02575341572066,50.008783030861935,-80.01574660520936,29.973315589131047,49.96091530977199,119.93696081753538,30.025153349746283,-30.03326346327379,120.03036888978116,29.921167606506827,50.03456981561693,419.95358184167907,29.96848906935629,49.940004649045406,619.9660595055897,30.00911040484867,-30.021234096032785,620.0128706186157,29.993265671367855
calibration_00022,-850.0395594043085,9.979631512777075,10.018216912323545,-650.045205249181,10.002633138230113,10.031023120502113,-649.9818201086254,89.98047493173323,10.015678537861131,-99.99586820972934,-39.990992393441175,-0.012116210824150467,99.99345628525948,-40.01199778996114,0.04854803665579371,100.02164063217865,40.015200002519485,0.04817665312471726,650.0229460217988,-89.9855397291182,-10.027465532111338,850.012658756719,-90.00325941535566,-10.014743994880101,849.9547671023213,-10.020795480863036,-9.990062363429004,-749.9189583507392,-20.025489695517265,-0.010940974374075313,-550.0004557396593,-19.989128956130948,-0.0582474587168944,-549.9824894324792,59.987959310283024,0.014874145317135996,-99.99200151676902,-40.0065972244684,0.03391572829922077,100.03417737840684,-39.98876841124295,-0.01551062521403071,100.08466613831885,39.96903407993529,0.015126335573126853,550.0311082969711,-60.03032440024546,0.01950303673246555,750.0018104177819,-59.9981787797629,-0.0032871146371272614,750.0435684634014,20.074372617454507,-0.07071716928194341,-599.8936721862717,-39.95206646823995,0.13215518210002286,-399.96581930211596,-39.92554372541306,0.18241250422462424,-399.9774136807642,40.02641204884543,0.06820802741833439,-100.06369186826011,-40.057518580421565,0.01417268063965121,100.09962891024561,-40.04632968293719,-0.0671649862057014,100.00644057288135,40.047319464825236,0.0673105869866275,549.9742621926317,-59.963862161283274,0.04235458513786942,749.9884735491386,-60.02746506076751,0.07763458772975548,749.9498052749337,20.016345080614197,-0.03993610060865875,-599.9557820276534,-40.014539151462685,0.13675223566321357,-399.93775224602444,-39.94687935820416,0.19690084832590657,-400.01673584534495,40.12155307152042,0.07198863433333903,-100.02702750474407,-40.01336818594888,0.04592143618500172,100.03442079858084,-40.026324172839175,-0.07416491987056496,99.97037939456281,40.034032445542486,0.008462700126369037,400.09315058764764,-39.96526764904421,-0.2676009869092181,600.0570608863779,-39.878659330652766,-0.3727069018069014,600.0117379896409,40.128349731560704,-0.13057717850073813,50.01936471747598,-579.9680142034839,29.968548951536036,49.93652746768142,-379.9663049979754,30.076828611850015,-30.064811747790795,-380.0010650732713,29.811497350261284,50.11641598113546,-80.01721198867718,29.99478905730941,50.07191088406452,119.99837337814702,30.07769170659044,-29.998355329869273,120.00658947214876,29.959417703108905,49.96065405924074,420.0402949823811,29.941842045222398,49.97152484903358,620.0318520619003,29.926553627719017,-30.03242167655511,619.9952644639936,30.09411046039768
calibration_00023,-850.001574812565,10.071655602415492,9.956967161578907,-649.9993453569265,10.019577082077765,10.024973414464379,-650.0491169541349,90.01397004189127,10.0108337983321,-99.99401882931723,-39.97826420035657,0.03867485618564962,100.00490948910159,-39.999057076681126,-0.06498380103652482,99.9840423728172,39.950394350178215,-0.039658661151079216,649.9426869554892,-89.98299687947576,-10.00478245488449,850.0026585173706,-89.97212164845632,-9.97112764632297,849.9966224764224,-9.971346135518793,-9.99045967376657,-749.9342137379003,-20.09420088823929,0.04533582038806265,-550.0257501289057,-19.964783449304583,-0.03555905854525254,-550.0137012493806,59.963129744158046,-0.012323853288630674,-99.97887892225161,-40.10438296809307,-0.05333866080596554,99.95252859616441,-39.93809486502592,0.07984624887308825,100.04060096069757,40.046620639718704,0.05127885501115031,550.0959024748363,-60.010087387356045,0.02245412672528055,750.0231231071534,-59.995471675729206,-0.011714798665094856,749.9819179081924,19.93192494910756,0.039682623815937346,-599.9513162652369,-40.319196100327275,-0.408366741435065,-399.9780578254895,-40.35732580496664,-0.23606764292768836,-400.03492046111575,39.66279207460803,-0.28155987242371444,-99.99166777545766,-40.06944148988162,-0.009437198768237422,100.01828948048167,-39.935444537038514,0.10160398538043969,100.01613169913657,40.01016577677957,0.11977515547518457,550.0826345494132,-60.02606948924235,-0.036666563767796645,749.9653006514789,-60.00234771416135,-0.08381915575497129,750.0133994189697,19.90842518269747,-0.05122751265000008,-599.8945122701376,-40.3187687251762,-0.4606834353855728,-399.9659124056776,-40.31889109374574,-0.21171364283657276,-400.02778167757407,39.63391918118127,-0.29224683050005024,-99.91037598674333,-40.15663045773884,-0.0583321341218465,99.96607146473279,-40.01581102965204,0.04836539754092901,100.0898831301915,39.99318605094922,0.03240373860399543,400.0379396667863,-39.78388602628599,0.31535515157316857,600.0801877381817,-39.688196941918825,0.45786198396249383,599.9971446661502,40.26529068829204,0.4098548592574803,49.95271898862876,-580.0467753711658,29.916564555395905,50.04171354601607,-380.055962252602,29.98358286171664,-29.94958829061012,-379.96136077313366,30.017627714914948,49.92510626344091,-79.95056501591235,30.05473118845923,50.02142729322936,119.91593485063028,30.031606473448427,-30.027536217878243,120.03174158881153,29.929862673542228,49.98540601599419,419.9739597983896,29.92151360383524,49.993524964595125,619.9608053729104,29.95391975066397,-29.97946865020299,619.9199928776818,29.992822085454165
calibration_00024,-850.0338868007424,9.97723500599675,9.998941899213895,-650.0095805806837,9.999659063081806,10.014156835249558,-650.0589956952174,90.00245109128029,9.968998574272069,-100.02481998179601,-40.00473925230987,0.02058107135378008,99.98615890196082,-39.956503895617544,-0.015910956915509894,99.99958406449126,40.00438293278122,-0.02678811705806778,649.9644169537756,-89.97451534525398,-10.011507280720409,849.9889639364103,-89.93183674274891,-10.006287504018596,850.0115680700887,-10.008215324588688,-10.024813717632679,-750.0419375390826,-19.962959127757784,-0.02767282516199957,-549.9549056179034,-20.01905870365225,-0.033630123545418826,-549.9881358436542,59.97095045072379,0.03525039242179864,-100.00669584593473,-40.036192548191465,0.0065872928231187,100.02297457755412,-40.00353153274211,0.021264614172131303,99.98944497866293,40.05485127399883,0.0784220615243012,550.0370974574778,-60.04839969101134,0.05685455147338775,750.0026494956043,-60.0428419925055,0.06077533934227621,750.0040075800947,20.023327159213103,-0.000796703854317079,-599.9278291537365,-40.21404640523158,-0.022190315113735072,-399.96640534876,-40.114610306376576,-0.02878003634924134,-400.0638270926401,39.87399618437975,0.08520499218469146,-99.9482906300974,-39.89984449721266,-0.020844963327811973,100.04221359883611,-40.08630801614903,0.0010863978118017328,100.00135384366486,39.93892832668288,0.058984444388164435,550.0182969869674,-60.013974420983985,0.01249306529704694,749.9280846948911,-60.01541310527297,0.17681352661970487,749.9977581242205,19.93369388146803,0.05795600472849154,-599.953949536628,-40.222459229108935,-0.034980648246908004,-399.99051245640584,-40.12724624503725,-0.031626546313553494,-400.0690368771582,39.92100673917189,0.09710770538351236,-99.93577175361132,-39.88667085333918,-0.04741169520122261,100.02881974099704,-40.06394734614257,0.038249208561668316,100.01222490408036,40.046519169152816,0.0631370291355942,400.11551730798993,-40.307014066852744,0.014743068946338197,600.0524239912577,-40.41456785396548,-0.0005616044907097717,600.1007008562584,39.61821756629675,0.10004758781276647,50.18488550281824,-580.0087711376848,30.081584853750964,50.03535000030891,-379.9465967711005,30.021870242843466,-29.954509113522214,-380.08616048361085,29.957972846701864,49.809525140167786,-79.99261197428926,30.03623590280292,49.89008389047757,120.06002799253078,30.023869443968405,-30.218510773399387,119.99574878601796,29.975653374198085,50.05657723849275,420.0638559268217,30.014613606374127,50.130526136123244,619.940915148541,29.85949483929168,-29.921681083336818,620.0402053660852,29.929882119666743
calibration_00025,-850.0393003357655,9.969607698926643,10.018714652344775,-649.9959735088406,10.084464601030263,10.009149016428811,-650.0214572800569,89.97994618924157,10.027592804922163,-99.97138124431635,-39.99540382608014,0.03695589686890715,100.01431907537057,-40.024289184076046,0.034501801596029294,99.98817745806991,40.03324344789607,0.009864757102849047,650.0372928399834,-90.01309249563272,-10.032272830244045,849.9990837980089,-90.0062053372406,-9.965437159863763,849.9388073650086,-9.97485216557897,-10.02441325477977,-750.0359051183684,-19.96153875574502,-0.021463775004914185,-549.9694565026193,-20.00175697420856,0.010053896501033877,-549.9700916629417,59.992526459321745,-0.005916442217476676,-100.02496641731103,-39.939234754447995,-0.03694929316254529,100.00477469189069,-40.041667516579,-0.03466176121961617,99.98661066755032,40.072802894109955,0.01981181428033301,549.9490563136889,-59.96475933790169,0.0344473222776258,749.9784455525667,-60.06748687853734,-0.041929554900474925,749.9809041683835,19.998318388091107,0.045826315405083924,-599.9991283354185,-39.87127147433321,-0.05678998758270989,-399.95709480312803,-39.89164761005916,-0.14232033055175386,-399.90538866811534,40.1306104952182,0.01567609719062082,-100.07610235696292,-40.05760908632402,-0.06570182462644779,100.00681616957917,-40.02423425219117,-0.03328350518029028,100.05411629610875,40.05689763175002,-0.006218212153899477,550.0001586670248,-59.988831443830236,0.10244307156640264,749.9969222474526,-59.95036369186363,-0.0301813836736923,749.9758748057557,20.051425565516077,0.041421275023837335,-599.9827283414323,-39.844847872777635,-0.02921800379618864,-399.9756062195171,-39.856879944124465,-0.07961274357948268,-399.9820881736421,40.064000249284824,0.08833077717657328,-100.0719393728862,-39.968008649872324,-0.1050265209225307,100.0438336424584,-39.966344689079826,-0.09861373444824754,100.07166383394994,40.019766262236836,0.034970655705196446,400.046153933351,-39.93287564910703,-0.08293597844570676,599.9887988294853,-39.981407622443236,0.08349148785898207,599.9997582224122,40.05316948455664,0.009354685135251603,49.94423505254203,-580.0970618764163,29.982260590844696,50.00629445710474,-380.0056014634937,29.97023580879133,-30.024037767210373,-379.9764797807649,30.050223785481,50.06397004452909,-80.0239070170081,30.047106310920338,50.05159965278095,120.01963940192864,29.91957659234104,-29.99112145494337,120.1144260126825,30.00520097833774,49.95061530473984,420.03730784675787,29.97273047739119,49.955298998027,619.9721581217183,30.098504789953054,-30.07018699625817,620.0591548970225,29.9851486206903
calibration_00026,-850.0264679791787,10.001614214344546,10.015055298006036,-649.9714031031456,9.913182526680462,10.002539627608055,-650.0451391315427,89.97139129648497,10.008598335753637,-100.00952208210381,-39.91469586212007,-0.030197643469468793,99.9591098981207,-40.04260817277585,0.045997736161443224,100.01811649599479,39.95969300767526,-0.02112503326121585,649.947955862072,-90.04200942817178,-10.027500641169452,849.9889925826295,-90.02026843099685,-10.042504265999723,850.0186029655512,-9.98089363371541,-10.011209603964854,-749.946497095705,-19.914071178113517,0.007085498351497837,-549.9644722873596,-19.970671827986905,-0.0712657682696149,-549.9796762072738,59.97578119460007,0.03367560344659323,-99.98133260259081,-40.01738660160199,0.05614092302929474,100.05723519088153,-39.945599386035994,-0.03510880786760536,99.9904941278258,40.049878471154166,0.010422121746869937,550.0217677793745,-60.00883764477995,-0.008242407122539434,750.0456770660988,-59.976263483029896,0.04641391182331842,750.033624272289,19.983053494072397,0.010071580433875646,-599.9451638054823,-40.2598509381207,0.25012357227487303,-399.9941565419578,-40.10787360391614,0.2130255210317088,-399.9899347079796,39.85775693957451,0.21146005261394502,-99.96868518523141,-40.03655376950645,0.021103116740438205,100.06371479979047,-39.98682583247136,0.008201490246055909,100.04240302961337,40.02417389017164,0.015516894061387967,549.9759178027209,-60.03515503150261,-0.08133782203811805,750.0480141601982,-59.96686021348591,0.0520482122776494,749.953387779952,19.99067968706598,0.022933945002616904,-600.0083236757439,-40.25104534780684,0.3077872508892092,-399.979029674208,-40.07876542018299,0.28159215192742176,-399.96196728363054,39.87152787215543,0.15702546143557156,-99.91870456018569,-40.09720382662208,0.030157347645783934,100.07105430546639,-40.02605924574427,-0.019153662691949427,100.01156771053482,40.041610623294794,0.00666316110092278,400.01630228637856,-39.89031206519151,0.045456502668538186,600.0834874734057,-39.827422401463565,-0.015849744811926234,600.0589985222091,40.1043809112696,-0.058643299973172795,50.07053229505267,-580.0439231866768,29.987514062671885,50.00172949161398,-379.98074563470675,30.01649944547159,-30.061805115635273,-380.0686332569423,30.04653136015899,49.98844971414245,-79.98379825555628,29.891662885854178,49.95412978961957,120.04431350561741,29.907183603037222,-30.113187130784215,119.99780512143353,29.98958696005142,49.9591828942748,419.94009997371484,30.00985286355004,50.046125160763175,620.061122329138,29.98217845882366,-29.958157173543096,619.9866165181438,30.0570089538174
calibration_00027,-849.9989283599565,10.043116231454839,9.98724335111013,-650.025097834515,9.963876647581877,9.981100119524589,-649.9604163389471,90.00074247744182,9.990115812827952,-99.92359007147435,-40.073385576784254,0.029305880056563045,100.01974388814388,-40.013494438651165,-0.0684819002851527,99.97171241000156,39.96849035821741,0.0013686464078157305,650.04026625301,-90.02106310589983,-9.966471186787523,849.9971126238769,-90.05431299121128,-9.999026732962957,849.9963555386315,-9.976933852362782,-10.01134170305279,-749.9927746363045,-20.039903703700798,-0.02047265156879221,-549.9852723681029,-19.96543084899361,0.024948765678499074,-550.0454334078887,60.023506452010764,-0.023007890218938086,-100.06211854956713,-39.94532736720283,-0.002135373858642828,99.95810246652545,-39.9890582707972,0.03498189423346052,100.03012114373142,40.03096432642606,0.04112207948215424,550.010740340428,-59.95648348416319,-0.013685847131956964,749.9983320705411,-59.994906673675565,0.014546032608609333,749.9596826153283,20.009693159740593,0.042689618250902235,-600.0116803706284,-39.784840284142746,-0.10651296517243475,-400.05506565007914,-39.86064451279769,-0.03150211204724874,-400.0090036179685,40.1665911308445,-0.02820971991218181,-100.07992317302528,-39.940504616188804,-0.0027870123490915805,99.95322785144744,-39.943610857424225,0.04994704124517027,99.95530796759736,40.02830961785837,0.04974339696866556,549.9449293998092,-59.99152005021867,-0.023391126307055303,750.0330374309809,-59.98193200206908,0.09292419160082072,749.964530159457,20.042769237774376,0.030129696669123792,-599.9734234058058,-39.797350963403,-0.18102892785674468,-400.0615240749099,-39.81082517254088,-0.0727783816216337,-399.98539676131696,40.21233492648969,-0.012332434100592076,-100.05108974843554,-39.919154795200086,-0.010119854256157645,99.96462500403932,-39.98727840526827,0.07326704781996099,100.00076967050482,39.969736202997844,0.05105083187083946,399.8898452182462,-40.046211725782555,0.12387356716262302,599.92605759819,-39.99374617950775,0.04497336661569978,599.9361182946506,39.989219570125535,0.15933336521864258,50.0073061538212,-579.9508463568376,30.01172059140879,49.99700603079917,-380.0231613943809,30.056431451501318,-30.08393698475748,-379.96629488166946,29.958892806668786,50.00254890940187,-80.07331332896587,29.970879704802023,50.056793694625675,120.03857445937291,30.13534997288936,-29.88539637618846,120.08648526653134,29.977635514512638,50.05900517347562,419.99670203600937,30.110139376207528,49.92556839260793,619.952725686851,30.053621094195503,-30.06709076591846,619.9642980895,30.001355542548783
calibration_00028,-850.0384028564551,10.017318035905813,10.016126751937064,-650.0337599804353,9.990377582049195,10.019823920958855,-649.9587436226753,90.03578834943337,9.951396844529048,-100.0079239911451,-40.00714264087986,-0.030684371260783598,99.96909490002841,-40.03712956239859,-0.038927023994167566,100.00193247716115,39.99257528695026,-0.03921661410067947,649.942739911093,-89.96172197903856,-10.035883753258808,849.9900978963622,-89.9919120411035,-9.94464227097283,849.9799585617407,-9.98857347065595,-9.936939147195192,-749.891537839706,-20.011036869822977,0.009353343620637505,-550.0423494035026,-19.979779815665832,0.0705825556340199,-549.9633077879648,60.00178119872694,0.03962861058661078,-100.0316258647221,-40.04426309061548,0.010294307245163352,99.94946826925965,-39.95649469447576,0.03969247001237523,99.98161129440335,39.988675796491364,0.10337764588063506,549.990316142371,-60.036885297932685,-0.054048031041140865,750.0548671890841,-59.91883599964382,-0.09347092133787961,750.0969496899422,19.976516357847053,-0.11600394290371005,-600.0384365520445,-40.147287600428,-0.09360328049063785,-400.0488849435912,-40.14229540298895,-0.09866147781095061,-400.047159051309,39.88742670998188,0.02902069026339542,-100.02192886883162,-39.98835034366926,0.08483043170413411,100.0543159566197,-39.974208262573164,0.03762271347941584,99.96393716452394,40.035449933013886,0.08310050267224489,549.9115887672103,-60.046963079628775,0.07288776259266727,749.9695205776079,-59.94862542472106,-0.10257730044906359,750.034631937115,19.96087196882456,-0.08910904826956335,-599.9404366784148,-40.15071719765243,-0.008272145304940986,-400.0502348819071,-40.13619905502283,-0.05485281697403496,-400.00569252385924,39.90236400979732,-0.0031292854365720206,-99.99650013852258,-39.98654567313739,0.031616824640613356,100.03740725691772,-40.02531083322575,0.09515416026667618,99.99903636514134,40.07125211140629,0.023417598819557364,400.03601170917716,-39.91808830612487,-0.013556995080450576,599.998247101755,-39.82615969245378,-0.13691910381068656,600.1126705303764,40.14867284629125,-0.05012163935267348,49.999226111895624,-580.0242130305405,30.00933506044251,50.03218563372791,-380.11218262548823,29.93933576073508,-29.94267533153289,-380.03358317384647,30.044110347237666,50.01657511234052,-80.01535820939516,30.035207613000427,49.98125140784553,120.02474978578445,30.09000385121082,-29.998774609327363,119.99592347422518,30.080471527389133,50.00888576416361,419.92681208364957,30.005202183861194,49.965478802997616,619.9570780966449,29.938934172282746,-29.968880126068097,620.0975078610209,29.991413893453945
calibration_00029,-850.0391344861141,10.029064042820798,10.00649069179633,-650.0085622080289,10.03949951274027,9.982310580665567,-649.9592704194106,89.96358710767943,10.043060238509415,-99.95886856527503,-40.00971179293445,-0.029001984440719986,100.02555396235475,-39.97918839462328,-0.021228654821622932,99.9409198861224,40.049835016490526,-0.010540382244595789,650.0139638561608,-90.00404709029773,-10.00222447618129,849.9739848847902,-90.01337618459678,-9.988734388143994,849.988881616824,-9.978485163259807,-9.981356189403703,-750.0292766001726,-20.06623044864299,-0.0004291583368027565,-549.9743358191371,-19.966639285374317,0.023348639642787362,-550.0371998788202,60.02938617843704,-0.05477937941310133,-100.0303138686464,-40.027200773690296,-0.020539541112924796,100.03630872048213,-40.08081565545653,0.08256928790209359,100.02286097062907,39.95902084308031,0.015687305774295494,550.0009542707286,-60.00287885960938,-0.007123265660762053,750.0584654421075,-60.00615179465932,-0.037759471783330625,750.0372487219855,19.946740893831024,-0.059081304275676594,-599.9983302711851,-39.93031046466529,-0.26698685815330686,-399.95938349495634,-40.03095915293337,-0.20448537494652755,-399.9403319748023,39.99948463919894,-0.15238655902102985,-100.05878545071883,-39.95508964651864,0.03345423184284851,99.91057148186682,-40.00946935113457,0.033986205225817606,99.99301336783797,39.91976034877154,0.052842288877675794,550.0211484761566,-60.03282306966389,0.007005120062811657,749.9948271874565,-60.00718155818411,0.047245146261346384,750.0562637040198,20.00285303119249,-0.03891916547898887,-600.0499379175811,-39.89612774216056,-0.32660550321667264,-400.0207439153467,-39.96277547996327,-0.2036209711232124,-399.984168516567,40.03504300460249,-0.24606595685383081,-100.03547002744904,-39.969396116002116,-0.00010124060913403038,99.99994213509977,-40.05916188516392,-0.03569285338359075,99.99773047572577,39.91744050365047,0.025651318901761838,400.00487108603573,-40.1836538680471,0.021758170509022567,599.9208717028855,-40.358540416122075,-0.028527252468556485,599.9659245766946,39.7031792195696,0.010892781349940081,50.06102686076396,-580.0658743615128,29.936668046557322,50.15716466785097,-379.9831109487082,29.97785657313381,-29.905988318260444,-379.93246130523204,29.93784759473735,49.84160500106689,-80.08085172279205,30.077709997566455,49.91604893600607,120.0577463192208,30.09547565671944,-30.07083036432112,119.97420079551856,30.036938991990333,49.98376832741618,419.9668929912919,29.98318817039946,50.01083718456945,619.9432451178534,29.908036501308768,-29.99747281144121,619.989865733244,30.023109427413644
calibration_00030,-850.0029478157521,10.00025023575811,9.997964278315672,-649.9832858966175,10.029599554001589,9.985475010396213,-649.9933596815124,89.99594560085383,9.951941462463866,-99.97010460636098,-40.00431537662562,0.006306631032181212,100.00954410090105,-40.02037565165783,0.006906146547199703,100.05692547978056,39.96833198294519,0.014642308928151148,649.968563865725,-89.93385507013618,-9.978071072861894,850.0420508215035,-90.01604499763381,-9.99104758613068,849.9754823283605,-9.985439079024873,-10.038789401210142,-750.0181210584987,-19.952479215328776,0.037959649706231266,-550.0055272828712,-20.009365239199877,-0.04037401815381236,-550.018484101485,60.03723913636767,0.040051790915732376,-100.02039335427236,-39.9703020035444,-0.05523002520859679,99.94817999399329,-40.01354988068504,-0.019414811076503873,100.04432902171281,40.00878124765329,0.0362392272117739,550.0305460384018,-60.07060463403614,-0.08824660061011128,749.9861373234385,-60.04056096784499,-0.01838073641854545,749.9566091874856,20.03401258746959,0.10232660932066137,-600.0992093014295,-39.90634248710798,-0.23715133057531257,-399.9869264176908,-39.877462870350634,-0.004699293888022621,-399.9906171313592,40.07694264606882,-0.049492146719123595,-100.03814581697155,-40.03254413748161,0.01825560945342169,99.95583970210818,-39.98783744326516,-0.04636401272770706,100.02250845281557,39.96963098226929,-0.011736250852247498,550.0188112367917,-60.00520220974172,0.01282262386512632,749.9908751187603,-60.01594963147038,-0.05132027462055185,749.893646698054,20.052117643956525,0.07964784141316539,-600.0603769341019,-39.890468617486846,-0.15422137055582985,-400.0140634882328,-39.80421728870805,-0.011590703665399625,-400.05892553559556,40.070390907925564,0.0077599077115366386,-100.03355982485134,-39.95710270036175,-0.06268821728974269,99.9195873072831,-40.03219971173261,-0.037080123692308294,100.01329924546933,40.016868583192306,-0.005244543723552691,399.97753008125966,-39.98709437140447,-0.13490335406987183,599.9904123126972,-40.0816718316683,-0.22631114124554577,599.9452625582037,39.92936679657655,-0.21807730772580747,50.01653700799741,-580.010302079435,29.85005352381909,49.89642247050078,-379.9765014460081,29.96073490884279,-29.995067572309352,-380.05917153440004,29.95280219671808,50.00763832743727,-80.01443308498881,30.063194046955907,50.02812997866971,120.00918095125401,30.01792655908681,-30.005682802575066,120.02759943514152,30.029628954337912,49.98478820348318,420.1042290047326,29.9745025093513,50.06794750048089,620.0422526501007,29.945807160704007,-30.028326553011038,619.9141501469842,29.9819143046051
calibration_00031,-849.9389819546662,10.011658193026395,9.99605664454904,-650.019689028057,10.00007771385579,9.97047342487169,-650.0008144367265,90.0052424799729,9.969928973065974,-99.965667828617,-40.01429191682254,0.01000540344648921,100.03059622749154,-40.012763957725724,-0.011363204720357442,100.03279795362722,39.95174796006698,0.016299820992015154,650.0306490605823,-90.03920446217096,-10.012454261798954,849.9843068007742,-90.02678400003663,-9.983255228747757,850.0495576628689,-10.016896901457308,-10.043350629503035,-750.006280210495,-20.037564379692977,-0.0012169235929787026,-550.0147927130416,-19.998948280131394,0.04534005488110573,-550.0162657294406,59.98903922005133,0.04121634312926844,-99.98569642315896,-40.00920596458631,0.0635312327070042,99.97050224457655,-39.95649512323458,-0.049204975441978764,99.94572016430575,40.016352553965945,-0.017862553354890193,549.9458052721022,-59.94748983700813,0.013979954584873399,749.9481582710636,-59.989025864610475,-0.00995704377504799,749.9672759537074,20.02650881719891,0.02623265735828279,-600.0215373080748,-40.07428542847761,0.31738200945689415,-400.0291785457291,-40.057869129029726,0.2254075278928293,-399.9887519471579,39.90704335661779,0.2775593097353968,-100.0172055725372,-40.00142747995423,0.0378950323364268,99.99717581077299,-40.00357128616156,-0.11701794873381971,100.04971797533695,40.06013421222792,0.0007952676174117442,549.9190549576313,-59.96014054935672,0.10264931337129704,749.9766148694773,-59.906700724412495,-0.0019887613934811837,750.014202174154,19.977785558799937,0.01432339558203546,-600.0483285501467,-40.09610918146187,0.37888941976388163,-400.0145558570342,-40.11423137535137,0.22023828631731288,-400.016445282835,39.88610847988461,0.3297740472078742,-100.01188888532755,-40.04883635210422,0.009695161636675186,100.02594593351661,-40.00379285327488,-0.08205096690791472,99.93200208451802,40.00707398990596,0.0169184955190673,400.064670090141,-40.01165529267236,-0.40619959621802215,599.9682606596187,-39.952845594154645,-0.5601950280657695,599.996544270664,40.05244620990386,-0.3463854807335681,49.9662211782835,-580.0336909365475,29.986662789931234,50.03070242909598,-380.04078213634136,30.014635415139942,-29.966603838729725,-379.97824256751557,30.015238373363726,50.011938664224594,-79.96402414924668,29.974475583740293,50.04488571302864,120.0694658780374,30.12491928394478,-29.98873140785195,119.95506014151432,29.939159177363948,50.034332144978045,419.9687047736604,30.010271215828677,50.01461178434156,620.0408800440855,30.105640009848262,-29.96225338121331,620.0482894024254,30.050586625783467
calibration_00032,-850.0253553824756,9.996123118431667,9.974104628096624,-650.0033870626115,10.008937204732439,9.970070673051293,-650.0073089062306,90.03648687056157,9.968394656096104,-100.00375854304693,-39.96698281269358,0.011833342937160103,100.01006310943316,-39.956118221143626,-0.0024700671332239135,99.98597194080102,39.92151482225317,-0.002484061607950205,650.0090110178053,-89.96375933560417,-9.973888417485961,849.9866894372103,-90.01491057415275,-9.99077188579609,849.9478358449719,-9.929720882491749,-9.986807283918463,-750.0059798055747,-19.94530832287868,0.03353702324246269,-549.980362907723,-20.0116301614631,0.01270053874994671,-549.9012842666061,59.97774044867224,-0.029822261863271533,-99.9643416197448,-40.023538097902275,-0.029747540112609744,100.00778475845286,-39.98533126100228,0.02667323021555139,99.9245777358581,39.998518344314775,0.020512418716610793,550.1094640801457,-60.04326776032023,-0.07678205750223244,750.0480534532527,-60.02432995084482,-0.063858297639108,749.9743441627785,19.997372327376514,-0.009164905988580456,-600.0346130308908,-40.29679666947624,-0.15982651703511597,-400.0136967879127,-40.03094128888133,-0.12716415371947812,-400.0545279565599,39.93080642238033,-0.064814130792138,-99.96500608402842,-40.07957495502013,-0.019584323073470064,99.99256706132405,-39.97894914444945,-0.005167612587982824,100.01353788667531,40.06548093153994,0.06581111628390128,550.014145530963,-59.97179737278272,-0.004318803987904102,750.0546878125917,-60.06096937189502,-0.013554535485681396,750.0161637114179,19.978029405721973,-0.0076431989489479865,-600.0400619760636,-40.23313616039089,-0.18651533711327734,-400.01731330582055,-40.142855058460704,-0.1506791407759445,-399.9912639075196,39.9297019986669,-0.06904132363204259,-99.99332136349067,-40.06564756058876,-0.05702974845477553,99.99007371147339,-39.988201659153,-0.06080943686156165,100.09127457845734,40.08259735324452,0.05294100436087543,400.03637081244176,-39.807144394642464,-0.07319125641515793,600.1120364929911,-39.63699977113234,0.08120360842617225,599.9752157302171,40.32665819920952,0.14608640903781317,50.09040886456182,-580.0502535013595,30.00231441546331,49.94790670752274,-380.03616525252187,30.007177632079113,-30.03767346226952,-379.9211688105153,30.04142263004047,50.04813884651261,-79.94840892842483,30.13846669516029,50.10206315032925,120.01479668023686,30.01679537840012,-30.040076119901283,120.02782630801586,30.00547578714636,49.989552356602445,420.0450330182282,29.9649687027053,50.04054704295228,620.03019174471,29.995460398730128,-30.02034676900106,619.9318745688944,30.01173053296238
calibration_00033,-850.0073534192676,10.03147622031192,9.992780113028843,-649.9699705875131,9.98158655571036,9.963395841955624,-650.0522376775687,90.0005275629654,9.994121733948907,-99.98111253969503,-39.93363413912013,-0.0013279321322455522,99.96303558998842,-39.99683199407073,-0.018118209887588107,99.99691636847339,39.94744192402936,0.0025204021179955956,649.9772757526739,-89.99994028986784,-9.9722875272943,849.9820468904977,-89.97725649515979,-10.009994667419408,850.0138959934459,-9.981674674486609,-10.004257704169326,-749.9895585421125,-20.058709217826205,0.018073148791948348,-550.0085358428031,-20.081028121579703,0.01950883935221188,-549.9904392186221,60.04572221146817,0.023441597056121127,-99.96550922088862,-40.064371590306756,0.013592515634254232,100.04688607793294,-39.989739903733835,-0.01766338125560947,99.99438216020809,40.030158327730874,0.06816908554136855,550.0027669491126,-60.00169646102425,-0.05459786547054765,750.0649352748392,-60.008538249450474,0.03529316840486521,750.0185780553275,19.99614073356815,-0.0004993998247265624,-599.9348282010291,-40.27887375926057,0.13760098217952235,-399.995499740581,-40.230380618780906,0.058126891636536476,-400.03773882708015,39.81044850759048,0.2258006155807291,-100.03064948346858,-40.06586377501291,0.007720856751491437,100.04163052555444,-40.04897323396189,0.04605578499170365,99.9961693702029,40.01701226608578,0.01944586897725016,550.0160139444354,-59.97562333544657,-0.0910965321923302,750.0484805356117,-59.995211530013975,0.07552968127155393,749.9962385887023,20.007196157382655,0.0434675904834317,-599.9058119515147,-40.26219198516026,0.05337194622916557,-399.99754290402433,-40.162087223431016,0.051038926942199296,-400.0241233423413,39.88516574121044,0.17916919637975376,-99.95924263608961,-40.054470520947014,-0.006263578931100116,100.05088936307729,-39.97741631880639,0.007304124090441328,100.05561568414318,40.110239724079634,-0.06155191495329206,400.0197338747708,-39.96797863356616,0.059661969705374025,600.0563314795309,-39.92076725080251,0.08105105296147898,600.0043653501393,40.10645548513186,0.026422172779066583,50.066886371314396,-579.9704882885527,30.08213048494665,50.06806735925721,-380.0036572085356,29.950014667886034,-30.032566502370415,-380.03602804516294,30.13750896518404,49.930969840730846,-80.02394372486994,29.88844641320611,50.03655176026524,120.0079287307375,29.98402716621645,-30.084534953176618,119.98104834961516,29.887588171182237,50.08416056496959,419.9947230764996,30.082513811918954,50.02261373247942,619.9325741759246,30.114067523630773,-29.968083424131375,619.94967355201,29.98780126017087
calibration_00034,-849.9963110311882,9.968466075981382,10.043038298155164,-649.9829193898008,9.984841296409748,9.992161186495002,-649.9759823850845,89.98699659471538,10.011015224051537,-100.06017780994645,-39.994934143630886,-0.023058162488883115,99.98018318086667,-39.99855390514542,-0.020220510803649908,100.02003245094616,39.97340868107448,-0.026566763438343747,650.0078053862995,-89.99581582587194,-9.953147553301088,850.0078335815549,-89.99552044543607,-9.96846967378659,850.0534929632529,-10.02830687137709,-10.059759593092908,-750.033615019208,-19.938481769207083,-0.06461486714177464,-549.9772958298566,-19.98447708158556,0.02636359210259626,-549.9472046673656,59.96012646460149,-0.039190862969226664,-99.92809764051628,-40.006932634196,0.05032193867543473,100.0365974759992,-39.8678874576757,0.06371700076745211,100.03513702035458,40.008038487034966,-0.004889105356925907,549.930626936409,-59.976507048779496,-0.07254023635349555,750.0165107416373,-60.00056190437335,-0.03010266404348894,749.9791734376782,20.009316646456448,0.05733558078844503,-599.9849439358592,-40.22313070567432,0.023714976165186388,-399.8843314059434,-40.1367212496703,-0.016907623249859855,-399.98786676456484,39.85786099479615,0.03111348719860267,-100.01277685207155,-39.99024593850536,0.010035514339087979,100.00497907425948,-39.90984791541003,0.13279985158064922,99.98428069622895,39.99546178821826,-0.003263624467966103,549.9745024721534,-60.04803263291018,-0.050378359224297356,750.0146949301342,-59.97587817424407,-0.020134535120749062,749.9920014003648,19.940049402396667,0.02844215554662983,-599.9308045231634,-40.176965264267324,0.06497351621487253,-399.8049634719867,-40.104799078202646,-0.00790559298126799,-400.0411024318219,39.90068415951648,0.0579729240580609,-100.01076933447348,-40.09540403604073,0.06372431130961462,100.01521493264063,-39.87933860029784,0.1268562601333727,100.00641440870925,39.9681110780534,0.012926065513977035,399.9534017268558,-39.8731461956576,0.3571611133882866,600.0198666154267,-39.81721805440941,0.45197611497547246,600.0267434552075,40.133749879858556,0.2988448745990036,50.017280010334936,-580.0192380522055,30.01086133638306,49.95835800333288,-379.8472413781155,29.871516968936252,-29.970050263411537,-380.13283037360804,30.093197192891314,50.008057567110605,-80.08044788856672,29.7833822026538,49.886831384313346,119.96441924740209,29.909852662787383,-29.886218130735784,119.86451538434461,29.86263421222536,49.954733601604616,419.9584651762638,29.993153322533843,49.96439696777051,619.9742765345292,30.04030186874868,-29.96022847285384,620.0013564747816,30.064556568280686
calibration_00035,-850.0354112442487,10.00478918989543,9.989082563577892,-650.0154806325229,10.030456773982454,9.963918814551157,-650.0330642738998,89.97957943391263,9.988656016684123,-100.02616025667288,-39.99946323138868,-0.026442286830500452,99.93363513223811,-39.98995204820915,-0.005783911504296207,99.94214793813053,39.95787543776237,-0.01866779746118115,650.013037090451,-90.03817239203607,-9.980063413493438,850.0045595363449,-90.00226723483826,-9.98453565449975,850.0348640391045,-9.94726510515954,-10.025406854410212,-750.0003010064519,-19.94923540844679,0.034700434747691834,-549.9937077190756,-19.952159301624114,-0.03739202942741346,-549.9309870744721,59.98236314080453,0.003629835458673158,-99.92366355763343,-39.97505621189698,0.0021113726539858414,100.04200404111494,-39.98431275075942,0.0040329460628944725,100.03357073347696,40.03512189013221,0.05547566911610476,550.0072415968122,-59.958723890173,-0.033794466887786506,749.9623603674303,-60.044507824753616,-0.004169013181354802,749.9622981801195,19.962279798152807,0.05151745831379428,-599.9476953795344,-40.06010821861308,0.052352336096884784,-399.9792075032105,-39.937628312640186,0.0016575218513092543,-399.9623273075578,39.97513612302327,0.09266747097147934,-99.89667516219437,-39.94145795567296,0.03587913466627571,100.02330860697339,-39.97040152149035,0.055904305146162916,100.01312619632884,40.03218616093551,0.09848262028245068,550.0208023338511,-60.03983149753656,-0.03167481824246882,749.9734344218361,-59.998225874801705,0.00913098921732648,750.0022099080792,20.026858546852285,0.0588339636408067,-599.9681695567384,-40.12266340942738,0.03971085728676128,-399.97605497226704,-39.95810930488596,-0.025974507186008137,-399.9502188929533,39.94529528150093,0.0759986006802352,-99.90481463941225,-39.96802307196628,0.035071616234238566,100.02520278286748,-39.98379019074656,-0.008566216599978766,99.98142543484758,40.008036532659006,0.14083089128345772,400.0714348415794,-40.013992120712125,0.08539748957714309,599.9750603921476,-39.959606285723666,0.08219086469702101,600.0329479659941,40.0039891375195,0.12605729540419086,50.07072002428448,-580.0781164336922,30.014435087575727,49.90541809253952,-379.9219896790646,30.03917703846408,-29.979503856082157,-379.9026282447878,29.97106311612425,50.04940771739424,-79.94287293953391,30.013768269532097,50.00730427531204,120.02543483079802,29.94465554820481,-30.001888964985525,119.97387684700884,29.946625120785313,49.96161464091288,419.99570096014276,30.01406574285556,49.992211945859445,619.9287144546814,30.056165295196017,-29.966291238263242,620.034134436255,30.110476839251838
calibration_00036,-850.0050349984654,9.953159327535165,9.974937450182217,-649.9732901524205,10.025436580344321,9.98188129695189,-650.0326036060529,90.0011457534209,10.064636127132376,-100.00580363685127,-40.030897228608524,0.053066777746120695,99.97931297892019,-39.97364912856705,-0.03293387717037402,99.98365578820483,40.032122681616755,-0.01033460456194289,650.021384700505,-89.95798623351924,-10.019443057621913,850.0330197799464,-89.98249356392874,-9.981989459655667,850.0157656469074,-10.005772532752601,-9.96137519425647,-749.9733774598807,-19.918114819692427,0.05344547409443691,-550.0282859901974,-20.01322553365512,0.04163485252271602,-549.9861306288848,59.98417667341546,-0.10076791977602614,-99.93685935348132,-40.008454015851115,-0.05027873512404684,100.00303965999723,-40.00879674551203,-0.03703928172728004,99.96925028532972,39.9920380799138,-0.04416231242337196,549.9734076679495,-60.10837259984476,0.05026839966118729,749.9669352197863,-60.01231947532959,-0.008281879105546265,750.0113180471487,19.910368182848945,-0.013543735767942343,-599.9229320657203,-40.12797843078826,-0.1079270228254234,-399.97611893347096,-40.02464503882356,-0.08345016384088201,-399.9476340530452,39.93683711883511,-0.05314145144870078,-99.9738753798821,-40.01991540907698,0.033845337503006445,99.99127333460201,-40.060783943625744,0.055560099379230496,100.0019541770326,39.98258796098814,0.030552415302495715,549.9707833734396,-60.074513992877534,-0.026970123778377292,749.935473806328,-59.97664894506532,-0.030056477210144525,749.9924423137179,19.943299139481834,-0.026368264396525093,-599.9607859032258,-40.08809320297236,-0.12687325005486405,-400.01413328511336,-39.95698421502826,-0.08064760855204817,-399.93593338226833,39.89950302216132,-0.002164397596501142,-99.97456444780286,-40.03619001398165,0.012832579405922952,99.95443416207077,-40.052138016499164,0.039982113600756146,100.01707460139853,39.975931339746445,-0.017658466274232544,399.9879512806162,-40.10629852201104,0.24572114118672989,599.9814903989909,-40.0436612183175,0.14202267182989795,600.1694502805656,39.92309508717022,0.021756902378657694,50.069098856195986,-579.9535358852388,29.983456676477527,49.978028161043056,-380.019718085762,29.900533271230298,-29.935702069269873,-379.9853944688985,30.093886334942283,49.97897659202294,-79.9792486983926,29.988665302677706,49.9761400226916,119.94663352839665,29.972075451536675,-30.03292605382533,119.95355044404901,30.085230629855964,49.957133242563096,420.0040364913068,30.097149359570906,49.991399222736334,619.9236960031088,29.927918072538283,-29.986906062013055,620.0765663870758,29.95292219108054
calibration_00037,-849.9813260983427,10.017190870765834,9.978804829352036,-649.9938834478456,9.982594733980715,10.011623329586879,-650.02212320792,89.94587760444473,10.045187127280334,-99.99048431387166,-39.97013223858936,0.02655393679645073,99.98479468987122,-40.0138714901338,-0.00251459280205094,100.02060811342852,40.032413293884744,-0.006509871390506634,649.9893415280598,-89.97081316475783,-10.033032372977653,850.0130930102105,-89.98542477084811,-10.056419669100894,849.9889646104474,-10.012591431016617,-10.05466762409877,-749.9868168571362,-20.015879727328542,0.032614211721172036,-550.0057714232515,-19.95358974142996,-0.01965047472939104,-549.9599572644368,60.07217472083712,-0.04622621606341025,-99.9801739944444,-39.989701273975186,-0.08679881582574102,99.94781711538373,-39.962085721879966,-0.04056815363360598,99.97948915050569,39.95953268508169,-0.021779239428981034,550.0128444494023,-60.02667744774193,0.027460500765129563,750.0531651664265,-60.006693150852776,0.11690723166248969,750.0112943306723,20.038619979607063,0.06808649009397831,-600.0972432536554,-40.056804200140476,-0.15269160973805063,-400.0264085429024,-39.96544960590092,-0.1524329870191054,-400.01182390161125,40.06091870112464,-0.14514928430742474,-100.02546375160208,-40.04867773897959,-0.041485559449117304,100.01395196287734,-39.99712184858713,-0.03646673552163054,100.02409068152144,40.022694621482614,5.482131850575761e-05,550.0345005402418,-60.06070316425432,-0.0027561705569438613,750.0452548226626,-60.00368640841183,0.11105563008547278,750.0107968280356,20.00797761829302,0.11343674011567009,-600.0156911133552,-40.03140565049481,-0.18341824272719426,-400.10685253532387,-39.93592428047055,-0.19484126293069562,-399.9435589871253,40.0489805223839,-0.09779011447348324,-100.00686541900896,-40.0308631329005,-0.0967465704751216,100.07918357206596,-39.974210984018235,-0.050421544145247944,99.99577455026926,40.027820188971425,-0.013650015447886,399.9733629051342,-39.886719400362985,0.05977466169074917,600.0059141739818,-39.848438444507,-0.002793600288861678,599.9588867491652,40.066168220814596,-0.01909551292765907,50.023184615015765,-580.0181665310124,29.968883911892508,49.91374522926785,-380.0595826672535,29.92638583175664,-29.98753895367052,-379.9747682711279,29.95371091045796,50.077578621207415,-79.97273480128763,30.013616163510065,50.082124795367825,120.13349363771985,29.918559847765778,-29.899710659369024,119.98200273621728,30.087171999171826,50.0007732466299,419.98263102209194,30.00047049674676,50.015101219199614,619.945402390548,29.954475692663998,-30.015123422028097,620.0350870115417,29.95608700333069
calibration_00038,-849.9973079163333,9.986985573513419,9.959299604949928,-649.9933421807727,10.019855641353562,9.95900299232062,-650.0160473222367,89.93419882003215,10.013774613414549,-99.97555673839248,-39.977709558755315,-0.00908124769409772,100.011009961321,-39.980702676902524,0.02785286503928859,99.93381461056788,39.997950189522086,-0.018688621039214745,650.0204908958176,-90.05703023499836,-10.008499974096178,850.0159158431183,-90.01724559609063,-10.018339166667529,850.0060748520215,-10.039809976893801,-9.983861875087486,-749.9610030149207,-19.963190821289878,-0.013355289066675335,-550.0031697759523,-20.00985062022486,0.06804884763108868,-550.0128665990792,60.02519920672227,-0.03342446764546896,-100.0090487620959,-40.01077349881691,0.012856118574773038,100.04224664994702,-39.92635469076908,0.021532558953061096,100.03541327437341,39.96555087782493,-0.048591838851363686,549.9741614167252,-60.00945835609231,0.05520317249446535,749.9550117851213,-59.918154945086734,0.005629688199236434,749.953678111708,20.06580842305049,-0.016259275645206808,-599.9474266424356,-39.98446868133586,-0.029134589943554057,-400.0017089950676,-39.99280491876905,-0.0362845156328828,-400.01181734478365,39.97312114750696,0.02559376747925604,-99.97330903666706,-40.00957736098468,0.0029581517101961415,100.0619910509057,-39.97342947856824,0.020146724880908788,99.96267037971884,39.93587042068853,-0.04933068925572931,549.999151737041,-59.954246239730836,-0.021737177330199732,749.9722401934441,-60.01329199739462,-0.026986753151491766,749.978952336795,20.043767839530943,-0.005765588344434584,-599.980534633326,-40.00147069191256,-0.006259879486782034,-399.999701836086,-40.02007539489073,0.06576854174239455,-399.9675490450393,39.96112350290421,-0.05988940567314252,-99.96972861317133,-39.99367846426924,0.042377272770162254,99.99528481555947,-39.925917391521985,-0.028807758273017386,100.02954676207648,39.96769481720443,-0.0009634317320162435,400.03718074379333,-40.00107608349665,0.12986180184421514,600.0235282932823,-39.971517017352966,0.12161923182576447,600.0457116026627,40.08533474658218,-0.0024256031542227545,49.95511865121637,-580.0363539673923,30.087278418366385,49.96542257373792,-380.07215290881044,29.961352043595856,-29.994862915854313,-379.9672241498603,29.955653596489526,49.98310525146224,-79.98602913561497,29.948596836267612,50.008608245742984,120.00297819549871,29.88507380868121,-29.921979887871675,119.9784409153876,30.051953626172146,50.05931401010298,419.9413575514916,29.996486402261706,50.00411393873035,619.9410575254752,30.035735103422127,-29.956324015211102,619.9525829799663,30.002058945361036
calibration_00039,-850.0282352299814,9.983469601902815,10.037429490502191,-650.0127723663811,9.961374283153129,10.006745621180912,-649.9849160218606,89.9631760900873,9.98103170949507,-100.00399820491502,-39.990168086773394,-0.021266646675020436,99.95573155631809,-40.040101156063486,-0.06659746078357871,99.99073979157801,40.01512638956772,-0.007682878722288396,649.9373479458798,-89.99339004406714,-9.99856209277858,850.0029947899367,-90.04291353257479,-9.955365974498019,850.0278505869059,-9.996073342281612,-9.991548502178048,-749.9433946247042,-20.040580345180594,0.024220782290469832,-550.0577725802743,-19.944920968618106,0.02595214090649209,-550.0290751138726,60.053188118918044,0.022063179324191873,-99.87154257620206,-40.04093417318095,0.06348782369890253,100.05463134352749,-40.0748880874949,0.07317005395525167,99.96482278165433,39.97415314871991,0.012155665141007885,550.0123398762447,-59.96097482025747,0.036656024272239726,750.0425050951188,-59.95868093545485,-0.04049529121751887,750.0455873796362,20.06961863465952,0.005119620599344987,-599.9038597033714,-40.1096724007348,0.02165639341569968,-399.9790356523762,-40.102846649182815,0.004131905605602546,-399.87303469244466,39.87315843033227,-0.02683115711892691,-99.94046986378603,-39.96498048427848,0.1042333941008943,100.10152942804898,-40.00404111633783,0.03517248098781741,99.96291146374026,39.943480802019444,-0.006253628923919084,549.9716929277785,-60.025411242456926,-0.0011636175576921256,750.0237567107715,-59.93513023789398,-0.09543976560229475,750.0574333137467,20.06668427625818,-0.007970508824572935,-600.0030140214519,-40.107537295256236,0.04509726721044201,-399.97782169628226,-40.07965752470278,-0.0014130400403887383,-399.90459711132615,39.801854588660504,-0.08122009314276524,-99.9705409780778,-40.01624545310926,0.07451111412028186,100.0235035582844,-40.04030417212235,0.050860052692041455,99.95655968162826,40.01737733232679,-0.01876718346999619,400.0829000293086,-40.06899409728156,0.016665993700217117,600.0296284380627,-39.99911336185535,-0.137566229671726,600.0688569884032,39.93826086338256,-0.15947941802709928,49.95941086510963,-580.0277775013598,30.00664928547377,50.047007929666634,-379.9868049029636,29.943403036651123,-29.921269650292043,-379.9755311490048,30.00446390008832,49.940639347940945,-79.96529519902418,30.051128400242927,49.951598669251645,120.02379023000722,30.04852045410592,-30.045380255412113,120.00020547388621,30.124697041595542,50.08521970462626,419.9873008274123,29.993634738394874,50.01632733200796,620.0212350083989,29.89021144456756,-29.869155756797337,619.9894004999602,30.009210417144796
calibration_00040,-850.0003169510316,9.974805702672723,10.011278103398498,-650.0006922564667,10.053701585564601,10.00856798983171,-649.9532812214627,89.95851750022874,10.02180592337136,-99.95257679534194,-39.985994830579244,0.00295809188003333,99.98883610482413,-40.04778406423909,0.04291402255259283,99.9935996195446,39.959038308387655,0.013272215217698464,649.978086938542,-89.98790342847448,-10.0064191278916,849.998244515473,-90.02260589822689,-10.018494239784694,849.9794548953585,-10.036047726694463,-10.01007025324461,-750.0415090368786,-20.04394664001425,-0.04747485361112973,-550.0014974936777,-20.021308129065012,-0.046365624911137666,-549.970195850468,59.9981389990157,-0.05328055603977211,-100.01103270290221,-40.031221533866265,0.01359357262018012,99.9773459181307,-39.97013090743948,-0.004809138269967872,99.98408840734002,40.04343907562351,-0.0471010436535036,550.0269892196633,-59.95171429813111,0.009203739940188483,750.043043335312,-59.95920950369591,-0.04024256672844456,750.0380410565509,20.032336627813994,0.05336357569719071,-600.1043165741168,-40.14182644257264,0.16412705191797688,-399.99618342743014,-40.11466734335392,0.06983660090614513,-400.0595586874798,39.97046314888965,-0.0312766767716372,-99.95808678745996,-40.01336226499073,0.015388606274251614,100.05388306382393,-39.99761444751099,-0.007254590846641344,99.92391958867823,40.01275586213026,0.03279471148421267,549.9656285917681,-59.98158934634315,0.00398006106757991,750.0864585957793,-59.93306476655184,0.07853980359691798,750.0521678309015,20.061264278714024,0.05766359507028983,-600.141480678916,-40.17883592609139,0.10703565266461533,-399.9358568566782,-40.13328787622066,0.0995551737515567,-400.07590202043934,40.00163562715375,-0.03322568936603422,-99.99632537564698,-40.02458063337514,-0.019974573544088672,100.10359165388297,-40.00410354382803,-0.008173742999220681,99.97377551874852,39.930409366444536,-0.0006125982055711944,399.9744082933104,-39.88409866255566,-0.08108938914453008,600.046147219046,-39.8629587206646,-0.11576848966648573,599.9672135901009,40.200531579965,-0.06112432213496713,49.93914013159337,-580.0678681620897,30.061890200263477,50.040190723061556,-379.8918535743272,29.90391976456503,-30.060416117423355,-380.0021419725214,29.808619236552886,49.98300077384515,-80.07299241554166,29.95891228180524,49.99092844039946,120.04580657436935,30.07303700309798,-29.984293502514664,119.95237143469117,30.117650109214157,49.911967234184736,420.0247293158835,30.133626539957444,50.03201729659639,619.9717942828714,29.937396790629954,-30.019743946903667,620.0258135057362,30.03073995467961
calibration_00041,-849.976947997661,10.000330007795492,9.985659913233233,-650.0461921390604,9.991578775731217,10.03175771750418,-650.0170228853499,89.9816772855718,10.040209215022713,-100.01248898024184,-39.9958400824867,0.04760324161217994,99.97633481160628,-39.99519336146049,-0.013296928454800816,99.99596898575186,40.00333242822175,-0.0016765558197633223,650.0049617644694,-89.97025714791842,-9.976301797937577,850.069822130678,-90.00980104651268,-10.000570683699634,849.9798856510308,-10.01535058753781,-10.022927492135459,-750.0084377685174,-19.960237223215337,0.05551363122100705,-549.9741133083102,-20.00598278515655,-0.025155279501654856,-549.9962330784875,60.02634446577473,-0.06779773685999303,-99.9369914378106,-40.01528229269188,-0.007062163018531083,100.0132966911776,-39.98989542305944,-0.015901600394621507,100.02301062213257,40.06364320813709,-0.020017433132739453,550.0142898448682,-59.966583302968715,-0.03381904108216938,749.9522975366655,-60.03866288204508,-0.04485019422948416,750.0149371788041,20.061860423173343,0.05980886670905833,-599.9117165049354,-40.15546216059908,-0.08924301120134503,-399.90966615766115,-40.122430232095816,-0.0025556340074366635,-399.909554725168,39.87101973089044,0.03158082444260561,-99.87931008103176,-39.92716304188171,-0.06421430070311569,100.04643260705265,-40.03414391214101,0.02469588096946089,100.01006118059318,40.06091251399047,-0.048133113941586106,549.9592264737042,-60.07104924964666,0.004316150529768054,749.9852569382019,-60.04171137429603,-0.02111594702632067,750.0278225676694,20.00120533506819,0.0675401154456812,-599.9426146775443,-40.119433465067516,-0.08313963746697338,-399.99062372605084,-40.10148443224788,0.014880745133121232,-399.9285035274288,39.89633811050347,0.1250903476308679,-99.9455735850533,-39.98293501396313,-0.08867232005956065,99.99431241502725,-40.052540329027416,0.0008177081694007923,100.03575871015217,40.066643513959455,0.005720542273157304,400.0393776938174,-40.06612259687444,0.16086221143961696,599.9980131400887,-40.047347982475976,0.22246692397924753,600.0566223379462,40.09065563631679,0.16320204446806136,50.01644890892159,-580.0040929874659,29.97129260657292,50.075708218169765,-380.0512743275561,30.092440212577365,-30.000724261671884,-379.91903665684856,30.082357907751806,49.930760351522956,-79.9632178812541,29.83861771704635,49.989709100046525,119.93826114501915,29.85498376896069,-30.109212926426316,120.02040091183355,29.88200413081234,49.975139440371784,419.99971471474515,30.095048124359764,50.06363969340803,619.9354005822626,30.07662503512482,-30.035228624639355,620.0008737211168,29.920089242190635
calibration_00042,-849.9741131768195,9.970361357521151,9.990615718838697,-650.0002001958662,9.999613151586434,9.980599990738181,-649.9837801806834,90.02562048281139,10.007441609528486,-100.02612403833425,-40.03538879589991,0.023297276379747458,99.96082553399516,-39.97808258879688,0.0008808342721853046,100.00095380012446,39.98626192043321,0.02604315881735343,650.0316471141964,-89.98167147196573,-9.971826182625449,849.9948154088817,-89.98306733452554,-10.00693574586301,850.036765341192,-9.991103943020992,-9.97246832645015,-750.051863204872,-19.971926255118607,0.031514282691346686,-550.0069084630338,-20.01779571272698,0.01747844616099711,-549.9521113485603,60.00121919793301,0.032062976234232106,-99.91712507840873,-39.96079328532703,0.03993462380449881,100.10858327761984,-39.98248669282118,0.017435905098968085,100.01101065870407,39.95293354401562,-0.028402154183430076,549.9693366145267,-60.06945890873942,-0.028883391879379838,750.0239379821213,-59.98495912794826,-0.05105163559845984,749.9317426559535,20.012906893400633,-0.006577242830340998,-599.9097462307985,-39.96540873134887,0.0937869366197804,-399.9232771361168,-39.94334057175641,0.05257775509172503,-399.93801201701,40.11919409303815,-0.011973392386364015,-99.95606020208037,-39.97668874753046,0.020117103568701993,100.0661337352034,-40.039028373648655,-0.07963006795357919,100.02068199159518,39.995913830609766,-0.042026622386043655,550.0003582181536,-60.0332573186451,-0.021831275322945598,749.9573024738736,-60.00831150817613,-0.02061301628109978,750.0448731470822,19.98258002404658,0.02606326676798576,-599.9642129985463,-39.945922575113116,0.1667171494293268,-399.9145201194818,-39.96700321465656,0.05195964917540888,-399.89036817957304,40.10712689048266,-0.06301050969388178,-99.94786305151152,-40.006884297784865,-0.038990734276285334,100.042368950807,-39.96854499968263,-0.07337365950473547,99.90935360325918,39.94276403077767,-0.017491363103720445,399.9792178747293,-40.060631703504185,-0.22076308805048106,600.0051243160855,-40.081587907278795,-0.33764775997760527,600.0584633541665,39.890891914856354,-0.3352715302896413,50.062409297588076,-579.9454830036086,30.042078798939,49.9704980000757,-379.9349966642807,29.924083968402424,-30.049397150470117,-379.9521527508753,29.93659832435013,49.976512262772374,-79.97822666713448,30.012460597875943,50.01112494916254,120.07278396016464,30.033473329055145,-30.02405530389825,119.86499512637867,30.07405182012579,50.00598013847093,420.00166361552624,30.058630671686668,49.90554057369745,619.9552403010294,29.94539367298171,-30.055584139524985,619.9396928121785,30.028619336962386
calibration_00043,-850.0021176267104,9.960510779410006,10.027607871916592,-650.005065802755,10.064140951500798,9.982337678360263,-650.0354310525257,89.98183852092123,10.00840182581949,-100.04175161434961,-39.94969443214589,-0.04573642140793136,99.9725938214217,-40.03941870300747,0.011052161702558832,99.97814367460174,40.00062801505738,0.00018166281736648713,650.025713867127,-90.00762299674042,-9.999425260263806,849.9758238507477,-90.01731181815465,-9.944390123583014,850.0053736198865,-10.004678402419122,-9.969973656238428,-749.9880943127612,-19.993297260953245,0.0321583794809136,-550.0810519770898,-20.033855306463636,-0.016822050933501274,-549.941620730327,60.002350543303514,-0.06373851848802178,-99.88126666257885,-40.120090497321364,0.11395307836932081,100.08665553675341,-39.93962019348486,-0.035575719307837914,100.02547877240313,40.02448057439672,0.02241661906837993,550.0183793295286,-59.96795116294382,0.06310097529356365,749.9187343411434,-59.98754116913354,-0.03861695762063182,749.9983120825314,19.99575183285549,-0.061128507569473654,-599.9113527115311,-40.55003418448071,0.4236692836487454,-399.8575633529393,-40.38741663215184,0.3591858172602341,-399.9373804158595,39.627915218715856,0.4460770848842787,-99.9097367365836,-40.056344164475874,0.08402870069309215,100.10165390425703,-39.94278140065617,-0.06320335384495951,100.01208512620087,40.01317084221904,0.026875773183064434,550.0343293829615,-60.014011138969536,0.02408077147385433,750.0207224079506,-59.89453341875184,0.013524501776176534,750.0048194352804,20.0276592945543,-0.032827677486342,-599.9131209913827,-40.578369697876674,0.500467332763418,-399.98691708266597,-40.32084602529298,0.3871767667024725,-399.89006878028476,39.62565219111112,0.5137477617793313,-99.89130122796251,-40.10695809387271,0.08667165994763085,100.09936156475796,-39.95227934031659,-0.028332352368105523,100.01440780835783,39.97493107228826,0.0013956524017799121,400.08692497228344,-39.765688791197526,-0.2810264059152696,600.0674536300479,-39.69711339147763,-0.4538527503072013,600.0177683300518,40.182439967498844,-0.337820742674439,49.97059327529261,-580.03005120083,29.92796717918392,49.9356191637192,-380.0786411690257,29.963658855878595,-30.068310396131146,-379.93092746672096,30.06354900190871,49.90890697967633,-79.99240499928531,29.898995573818386,49.97247521431567,120.00043331367706,30.02395567260378,-29.995043475088544,120.01509658239875,29.8979778873895,49.91914967211072,419.9818733269265,29.999332782196237,50.04425393300024,620.0029258845801,29.969157989046128,-29.87165297811644,619.9311284548074,30.041132572926827
calibration_00044,-849.9648039494149,10.001293423474388,10.052951290417507,-650.0240492240373,9.992238870742504,10.032154331251459,-650.0116742540059,89.99857735818229,9.969425031438337,-99.97850297661408,-39.97066977164776,-0.019487042809179497,100.00478676483877,-40.01550046434041,-0.0009353103839518543,99.98724085408955,40.03130899474243,-0.025112836169764872,650.0025244380324,-90.02209865424066,-10.019473603565519,849.996577614357,-90.03628442926592,-10.000281138865201,849.9609511815397,-9.997016204692326,-9.990514941656405,-749.9852921285989,-20.033251740114803,-0.050178592916588424,-550.0848801592422,-19.964818333382148,-0.043978706913548715,-549.9840785539049,59.97865805893436,-0.03287906273029288,-99.98837746604822,-40.02763806855626,0.027389416740188112,100.01000737916921,-40.03463239922198,-0.0002627969061396382,99.90599717984325,39.98288879349763,0.03124353572334487,550.0058678972621,-59.927133215668064,0.05542216198278329,749.9881623985685,-59.98242926217558,0.05326634967423633,750.0006589186138,20.058472230536253,-0.05903000786723279,-600.0355233958003,-40.14638021645611,0.10929400928660524,-400.0175376570576,-40.1328649122337,0.13313322357738552,-400.0214374578722,39.91019371631586,0.19387264261518605,-100.063376938314,-40.019047610750015,0.021306464872965558,100.00180595037669,-39.97530189155218,0.024737761142413,100.07181708255685,39.97218583763316,-0.03041363804039858,550.0600486200785,-59.98060316498154,0.0378913880815065,750.0058920328245,-59.94486033552009,0.11596339207123031,750.044886690319,20.018470207148333,0.03516501297393447,-599.9314649257518,-40.21073917535792,0.21589008925336617,-400.03760095659175,-40.11828373785079,0.08425589013604087,-399.98444921703395,39.910539362573694,0.16827585055056105,-100.03851799894288,-40.02219749596064,0.04954522532585966,99.98946088799863,-39.95929610701433,0.07711561226763772,99.96341853200174,39.95027493300703,0.04651323783417254,400.08964743100415,-40.019851376108264,0.03780751396816758,599.9809319909065,-40.1716929218737,0.0808095372833048,600.0015300639639,39.889506244792244,0.0060379924357788495,50.100602192694616,-579.8839423338876,30.035308077765283,50.05106247954832,-380.0135752766169,29.97070004310254,-29.947372468547297,-380.06657424223204,30.044201212199646,49.88119970496205,-79.99920989298984,29.982840262892207,49.98707147302991,119.97264298737288,30.020212366817457,-30.040911607724397,119.98434746011797,29.91696523372028,49.987888822881764,420.0467381740674,29.973778250726983,50.12697764171541,619.9677038251733,30.000540194939234,-29.97662620128961,620.021210268217,29.908824984231835
calibration_00045,-850.0031216640153,10.01504627921578,10.033372268963333,-650.0148504590297,9.957325667061864,10.028483535545735,-649.9313247355291,90.0483546917603,9.953443173318822,-99.98038249853663,-40.02504835008281,0.010944891745890379,100.02847486516752,-40.00214622118772,-0.006289979357063019,100.00873902689247,40.037806396304646,0.01944281881212077,650.0106408154819,-89.99719567141133,-10.032913174937304,849.9830335368684,-90.06924774776654,-9.988358711035309,850.0367734215899,-10.063040417476273,-9.979952200442682,-750.0265932628873,-20.040596765572356,0.009873016300970244,-550.0403899072687,-19.95525239770341,-0.07406240312401233,-550.060570878037,59.985331610696804,0.02262072143520791,-100.03140713520192,-39.984110432935175,-0.0022511707959207376,99.98533954557195,-40.04803724584663,-0.012543904456644927,99.99330126859329,39.948538686962976,-0.014698431274242255,550.0126685478417,-60.033772985392474,0.06997203646936728,749.9660975246695,-59.95407298460485,0.03405554827550203,749.9613007592097,20.064097178138926,-0.014596152902143542,-599.984881143967,-39.80068633223163,-0.006145598065989978,-400.0956714473517,-39.86322469815854,-0.004142345785312557,-399.9277613827694,40.120580188159224,0.02339266862636211,-99.95661873609203,-39.94628901988275,0.0513078532669241,99.90558468318983,-39.98926917145144,-0.05894679980474054,99.99554097661974,39.941854675570646,-0.015451701901255395,550.0375538170244,-59.95261611400797,0.03401740619466842,749.9707958482664,-59.945105494565574,0.05969905024262089,749.9504840875583,20.02136691728572,0.03770868058238893,-599.9356639866244,-39.84352867307142,-0.05321003012733669,-400.1379236489206,-39.855261625569085,0.0438904772051728,-399.9653401939202,40.092071587368466,0.058096848419558214,-99.99131428367706,-39.95544786137218,0.02015128737125889,99.95891842107544,-40.04552988525992,-0.1132620793919196,99.99989098621215,39.876977589578566,0.03792300023609786,400.03777991110326,-40.13656347385252,-0.28947942628424117,599.9829983037667,-40.13864097329549,-0.3763276480143391,600.010683295805,39.86728553965163,-0.2900357109504687,50.037969388602164,-579.989997626478,29.868530857516735,49.95947774600682,-380.0379366645838,30.047810975650975,-30.05237947763222,-379.9719437763456,29.974674317062476,49.97992790279894,-79.93725459800523,30.11870824174771,49.96614221612205,120.02433368161093,30.103306761120624,-29.935102911732347,119.9972150397049,30.083490421568314,50.00385505157832,420.0138600330543,29.98931218820262,49.98573138055754,619.9486842649155,29.88311905571892,-29.947334657848902,619.9432711940264,29.92331277609287
calibration_00046,-849.9590237785987,10.019417791116242,10.065702638588101,-649.986635180068,9.981333073823864,9.951508488329832,-650.0880318315023,90.0508474911415,9.926989822749436,-100.02625583431751,-39.97969600276606,0.045932119811222284,100.04124723681682,-39.98869812592856,-0.012537138744826226,99.98758354671497,40.006452322285554,-0.016037228516549155,649.9732671010514,-90.00734020888416,-10.013632704305273,850.007408361368,-90.0041703767775,-9.993150329946985,849.9234529662834,-10.021853467787002,-9.988959994240707,-750.0238235847352,-20.088631211827792,-0.1265868070241394,-549.9892018316019,-20.069132182348525,0.05718800715736734,-550.0113945539163,59.980698531421346,0.09390924338070206,-99.98381399277973,-40.041763554776715,-0.08469687462634556,99.99251705769764,-40.029758960195956,-0.05054557636075244,99.9982366422743,39.921388808324096,0.01750581694736407,550.0333266646011,-59.95417266638442,0.031183871723276607,750.0242854518821,-59.93494210925039,0.0361372115852454,750.0667427491593,19.987556294194498,0.0255068146706487,-600.0549135235003,-39.925353433654486,-0.06925233117046581,-399.95711697546557,-40.084300566859966,-0.14421624728783874,-399.99787684158395,40.006943817982865,-0.0896516611113209,-99.93913891460336,-40.09200870784311,-0.09036847103172002,100.00291475270116,-39.96926517819953,-0.0023407628283820953,100.04521773513935,40.027811837935616,0.04610069371029172,550.0529582959194,-59.93439429488518,-0.0019096390539964899,750.0119460512673,-59.98895018829118,-0.012014672347856891,750.0497605216162,19.97740597386993,-0.016638158839885887,-600.0215750729728,-39.91365347992755,-0.10605664694660087,-400.0164726461489,-40.019071441417324,-0.12590886085412129,-400.01714506851295,40.04078877068696,-0.12345352096246093,-100.02243304565955,-40.052971950476085,-0.049986159146786516,99.9358995163869,-40.01477470514855,-0.016506899716302443,99.99047381875928,39.9975336678872,0.03446334688994086,400.0350467373066,-39.81262148499733,0.12609640898802,600.0129040627222,-39.73688291665787,0.2417221323243945,600.0331474996025,40.26102738981823,0.27704931286620216,49.91523147494015,-580.0661772254479,30.043839353676958,50.003933900085286,-380.0437236866716,29.967965801278165,-30.022533537605305,-379.98074126790607,30.008334790950595,50.10974974267656,-79.97492211876656,29.940008862199665,50.07605372153036,119.91751162256097,29.900373133591447,-29.916162321885896,120.05138547563273,29.983783439553072,49.996548976027874,419.99653305596456,29.989667377753403,49.96496233099324,620.0453478410859,29.952273733623308,-29.994856969176517,620.0053102246645,30.098239242524908
calibration_00047,-849.9976574650482,9.963836178661857,9.961760581149989,-649.9653645670439,9.964848403785604,9.963542363962956,-650.0065281446861,89.99228707106738,10.012715305611032,-100.0165308159797,-40.01319664634167,0.011151216361106995,100.05886322436386,-40.02393155130879,-0.025056358444252035,100.02531588236499,39.92931024996222,0.013742214214958958,649.9723132825122,-89.97485297063628,-10.055067944269869,850.0458618947099,-89.94703294242082,-10.012066350910272,849.957465927331,-9.954078924683705,-10.041192447591275,-750.0051513674791,-19.942161112518892,0.07141820025046326,-550.0480246451546,-19.944954681126834,0.052366326036606695,-549.9656514786072,60.01246807763923,0.00467712860866909,-99.98995070840617,-39.969923044923355,-0.027150734004445558,99.95198757038764,-39.9389108044997,0.03246948019125652,99.98022844877049,40.12239096901631,-0.044469626420761736,550.0030494218122,-60.00831348226463,0.060620398929908836,750.0229712372998,-60.080109212802775,0.06051972132362839,750.0179305643014,19.960316980132752,0.06280184800050725,-600.039063956314,-40.17690146140299,-0.19148627467431295,-399.99998119807003,-40.11722968982207,-0.08618127823565346,-400.10805237823564,39.923321497418875,-0.24497725866462736,-100.06966676454968,-40.02781831402716,0.024581436849596898,99.98119442711338,-39.92319009470459,0.025181093146135192,100.03590849280744,40.04680680055307,0.007724420971300048,550.0019064150238,-60.02012644762369,0.03959421904607901,750.038460036183,-60.15962251078029,0.056144038572233865,750.0766840696912,19.969879461245178,0.06621662092660087,-599.9909651833858,-40.094907741925766,-0.2607569546329266,-400.03736308318065,-40.09227967289505,-0.1288527338918393,-400.0776091941819,40.02397133693762,-0.26778045999078937,-100.06117416448667,-40.00016983947919,0.007593195776589977,99.99331168934053,-39.927554599269186,0.05242527656051671,100.02648282602728,40.084665156577465,-0.0063767190621387545,399.9485472100017,-39.88593883275348,0.02543088992493129,599.9864203142125,-39.81107589935871,0.04980550394507542,599.9222420146864,40.212777098568765,0.0546670705462673,50.02347745350231,-580.0615525963815,29.98209871352026,49.99651428209963,-380.00635020422163,30.135223026400585,-29.973803948952494,-380.0046279688527,30.007510546767637,49.954426948780196,-80.00123363382697,30.034349055330484,50.01231447950787,120.04525789461734,30.044724202881667,-30.035154042758048,120.1123690709384,29.985115291322593,49.96627607879487,419.96871229127504,30.00782783515323,50.004340438418424,620.0459478228202,29.976356273944482,-30.070315319189618,619.9914667080061,29.89781250882959
calibration_00048,-850.0291103072651,9.98923509850374,9.99388102952303,-649.9886973917304,10.00824351637692,10.041583186218913,-649.9943509527758,89.98838777619636,10.024524027284345,-100.0012958792162,-40.04003964860082,-0.03820733898185413,99.96493326872744,-39.94625745966788,-0.01935273473636015,100.00152627812979,39.97577059685449,0.012765979093622419,650.0081592333848,-90.04229054511671,-10.0105422822527,850.0425419779124,-90.03084861109768,-9.963737493930733,850.0084969520593,-9.999116109076159,-9.933513941262774,-750.0732681831295,-19.964799733984957,0.03530075446353628,-550.0177774637285,-19.99107509787032,-0.07667829286108634,-550.0329938048739,59.978883210865455,-0.04137724184273289,-99.94662402486101,-39.980391394298,-0.025631747357446024,99.99479303164249,-40.02148419538705,-0.012196304286771271,99.98847558146524,39.96902647567418,-0.013164929078005618,550.0208809003387,-59.94601639849566,-0.05510234188240512,749.9456659019585,-59.899971276612625,-0.02973705211572479,750.0147974916947,20.00848066739808,-0.027641576805723052,-599.9896750676153,-39.87186993334474,-0.10339197884828362,-399.963034361057,-39.95497769411513,-0.04322429245597531,-399.98346821766773,40.071588381255275,-0.055881966077006816,-99.98169859603404,-39.96713271207676,-0.03601126584891332,100.01178956500357,-40.0159367262833,0.033747517880418985,100.05554007046071,39.88747553226259,-0.032821333129842714,549.9903101339534,-59.94602754913752,0.061443397769488976,750.0412187066139,-59.926470295365874,0.014094099644422087,749.9700930258863,19.94987828404885,-0.07150482159577393,-599.9439926067819,-39.99238098994271,-0.12593666315129548,-399.9727891317467,-39.92358363523784,0.011235161003874679,-399.9490295085119,40.095134311700406,-0.024387150582132488,-100.0239855467874,-39.98031597489247,0.055431944832958796,100.07262650511737,-39.96853628627425,0.031961445022444454,100.05336081550125,40.0157259467514,-0.06125618444274994,400.01757268309285,-40.18101553631122,0.0820545196952866,600.0175126241921,-40.33702625116399,0.22282606579904393,600.1411817212644,39.68540492131162,0.20616246163124854,50.15736124136984,-580.0023702897781,29.924131722535435,49.99388527219515,-379.95111012012575,30.021539300255572,-29.970583780633397,-379.974446789617,30.06089353559151,49.979899866487465,-80.07097017443084,30.062361751571746,49.995615975986155,120.01834071509118,29.995332711702485,-30.07093362491794,119.99594481197941,29.88872165442808,50.01328417954497,419.94975725404873,29.91736161025354,50.00332358863717,619.9925085618818,29.980944668473445,-29.941786677342716,619.9899539894473,30.02015090581521
calibration_00049,-850.0138473895167,10.00769072945633,10.02408388952348,-650.0035865466814,9.98528458935847,10.005606608290815,-650.0166218229268,89.99088096337726,10.032126153093008,-99.97655466077566,-40.00997851155124,0.033278645883461494,100.01808775768203,-40.01718839146179,0.006953548557748047,100.03067031360115,39.99737606030713,0.012382518851759746,650.0175663088112,-89.9676724263973,-9.994768122892467,850.0058511031559,-90.01824208616775,-10.014628913008027,849.9601179462061,-10.055922899802962,-10.058421680816226,-750.0136150554885,-19.978279240121182,-0.007824675256023286,-549.9623749221423,-19.983834346732227,-0.03765718462036957,-549.9368708765868,59.93684388844469,-0.009237624401144073,-99.98278933943821,-40.00969880510448,-0.024783950999652443,100.01703616594797,-40.011777305612874,0.054433538720290844,99.94260487635772,40.033211039089174,-0.05572464343046214,550.0174473098406,-60.05514520801574,0.05868128213063311,750.0034404564531,-59.99232592040954,0.026284028277899534,749.9628962929226,20.0128808436921,0.06095285578750749,-599.9875738635262,-40.22229089304057,-0.23920821378353455,-399.9562679208129,-40.12328822617686,-0.1604826975632713,-400.00795538623726,39.93230566879169,-0.22964674482887948,-100.01223552562165,-40.02235262522268,-0.10947332968977032,99.98380904428167,-40.037028686516294,0.011910522752373542,99.90562789372726,39.9979754527391,-0.03490864654632701,550.079871102536,-59.9750839353529,0.03835682441056478,749.9974344688935,-59.96846108343574,0.019630235428183533,750.0456397300875,19.99244247730351,0.08618753405185312,-600.042590289206,-40.11316173844232,-0.26715076319634495,-399.9621053594364,-40.09230443424697,-0.11354311650243637,-400.0378314207496,39.91462174106361,-0.21013324045017828,-100.06719974939483,-39.98500722574699,-0.04451557858430817,100.01936766859907,-40.007926283755786,-0.07230849495461719,99.97091333890778,40.062276909583474,0.03860946239302258,399.9181902188346,-39.9325215133803,0.21538563054729062,599.9319514462766,-39.96690334873505,0.24897257921838545,599.9460467542676,40.026753941931446,0.22336853191120365,50.150044242769255,-579.9998794854946,29.959122851443354,49.97213237945251,-379.8871054548628,30.05780921532921,-29.948536497300847,-380.0273131380877,29.96738496275886,49.90594229194427,-80.02495072229023,30.05170032849982,50.08120882994773,120.04342525884434,29.987341670299994,-30.045892656850103,119.94000666364647,29.94466348246112,49.967457498430875,419.9830599488321,30.028294364434352,49.96659436696071,620.0355842261544,30.00205149942636,-29.99180095343605,619.9445762401094,30.051127568085736
calibration_00050,-849.9923760553045,10.06211317700427,10.038599833719399,-649.982977695137,10.02667022662618,9.947394040936278,-650.0142796337461,90.03070813598767,9.954288376572135,-100.06884768009802,-39.9967489898375,-0.008405156823883477,99.9908130546598,-40.02844570372385,-0.04362751847962394,99.9545138716493,40.03463847238004,-0.09130546329581676,650.03610413881,-89.99359611350356,-10.045606900593242,849.9593393466588,-90.01139132666923,-9.987574944444741,850.0232384295118,-9.927914710149322,-10.007488405234156,-749.9647134219769,-20.07184554386289,-0.022630335008939753,-550.0440999985619,-20.012456528571406,0.06576605110861364,-550.0567269888925,59.94772665291435,0.023088850820000468,-99.97511288123152,-40.036378573986575,0.04074610372613954,100.04386310256234,-39.97068684357492,-0.006495244814748974,100.05426404786193,40.02660073927431,0.04835009611644469,549.896763111239,-60.05547437756062,0.051409793103310925,749.923734903061,-60.02435657865073,0.03186996425325819,750.0066671535525,19.95157469673447,-0.06683766451419537,-599.9071708550752,-40.08897342424841,0.17818460115594661,-400.01319586453025,-40.121430545301166,0.10840749156917082,-399.9169410900919,39.89361048556025,0.21732565356816133,-99.95094930140266,-39.99617303885434,-0.047162429981378706,100.01588039044915,-39.99985044368309,-0.0037245428143508064,100.06371457714815,39.97290916172883,0.09564649763205069,550.006878386452,-59.985754332922006,0.03841793988772383,749.9940447009109,-60.07213148094465,-0.040652329977422366,749.9366718138231,20.019514011831223,-0.004168833180995167,-599.9455662751808,-40.074858540971306,0.1534888737145398,-400.0327849377231,-40.135718297578585,0.16393138985958364,-399.95323945669617,39.908718471097266,0.10067566546119405,-99.97073705869859,-40.085855281016904,-0.03236622137562847,100.00344300949047,-40.07385841701302,0.04952480772033117,100.01901896896025,40.02605552703127,0.12640740230541442,399.99044482956737,-40.057084910111875,0.12857678744144585,599.990921145891,-40.141871537854506,0.1713782391290678,600.1047096113934,39.94296682579112,0.10831284422624496,49.93567476509049,-579.9319980095465,30.058424130736054,50.05045338334745,-380.02972083820123,30.019498551983315,-29.991589080330893,-379.9879701862831,29.989813069957595,49.993239544202375,-79.93302423432351,29.885939075389064,49.97296585644499,120.00429699638632,29.91803888540372,-30.064616517477308,119.99897080296545,29.983467365461628,49.95518886427282,420.0098011560431,29.998183630938872,50.046994943304014,619.9764439500555,30.021702907748818,-30.092270464868438,620.1082902863371,30.046941277055044
calibration_00051,-850.0204339236652,9.990051608422014,10.04227117246473,-649.9388913404101,10.023940014038429,10.0057003930821,-649.961215465154,89.99155423352202,9.98342154778669,-100.01604027518846,-40.0348266629335,0.00927250051755466,99.97430798277601,-40.00998040952182,0.007830922049440305,100.01775238054275,40.017442586309805,-0.025118745831955534,650.0086620402639,-90.01118019666184,-9.978891580117214,850.0241072971874,-89.99005640007965,-10.023881573407154,850.011694972828,-9.947801193452669,-10.036102849767655,-750.0274414912998,-19.979011856386613,-0.10000935512450114,-550.0472897196016,-19.994022409137877,0.011027267250024179,-549.9779804424502,59.997022022671665,-0.06501840921419563,-100.04900911732597,-39.94323058307886,0.002657904649334646,100.02603277052638,-40.03999358214463,-0.020281642597569448,99.98431013837582,39.99593087244622,0.007544357207134492,549.9893895406462,-59.95813725261104,0.05971906149061913,749.969068950237,-60.00698837228529,0.013611060734768862,749.9782053037384,19.97351358081939,0.1403155548760358,-600.0286417061308,-39.765172150534994,0.1184440740031076,-400.0796843290825,-39.89896160333633,0.04296243910418761,-399.97814189613854,40.16077956644366,0.17133476761783087,-100.01646862321094,-39.97650439110368,-0.04295522880221343,100.02326036552945,-39.98140105754069,-0.014174188925373756,100.00947913758218,40.03770561571858,0.024194334466978468,550.001898088282,-60.028855707547834,0.01860007671872997,749.9665010618021,-60.026227087109945,0.02824899906999316,749.9424093609606,19.997198022649897,0.08402731072588537,-600.055021497692,-39.783185936375205,0.2656039730682026,-400.0342907434456,-39.866077430826095,-0.007657802406423941,-400.0175839692834,40.15509737071892,0.1323856179769594,-99.98011701803557,-39.942815204114034,0.005084863443468639,100.10557661007992,-39.98475268359234,0.013425186630858683,100.00751609185933,39.9077103638141,0.05874224071126344,400.05298038718524,-39.932873718180296,0.021477316319191503,599.9714314696747,-39.96810539418201,0.13283011462581507,599.975425958153,40.040059096634174,0.10455783430001506,50.025806536105634,-579.9657431597376,30.09227550577808,49.97948946430871,-380.0264667553664,29.885351903563055,-30.0355020219433,-380.0394171913046,30.040064273156016,50.09770758896488,-80.07039418197236,29.89409931330477,50.11825814166177,120.03897125339333,29.923439792356483,-29.909654972466768,119.96452554089996,29.936810759166555,49.928504890289155,420.0816566834075,30.028260321832196,50.01929008217656,620.0076352015922,29.993151974296403,-29.97039226975954,619.968675601699,30.05779277636261
calibration_00052,-849.9377573525039,10.038081199267484,10.048341294722611,-650.0544788684871,9.97397328076291,10.009587233209892,-650.0263031246946,90.01514707530065,9.98703314016459,-100.00117725507226,-40.00226486785339,-0.010613634025073633,100.01164355406546,-39.96360767178067,-0.008944822253676063,99.98070930142069,40.02442213840299,-0.01343574679915981,649.9895872831187,-90.00854713056286,-9.970263628515696,849.9532432298189,-90.01967957332398,-9.963942515314235,850.0243905140123,-9.983260324657168,-9.94783093365437,-749.987016861182,-20.098363831409,-0.08499753213066528,-549.9642847173407,-20.016414239286597,0.0014890778417910588,-549.9888966753724,60.01181776239756,0.06419570868221769,-100.0237241236931,-40.04403526887925,-0.03220225789475445,99.97528349569552,-40.02424090629277,-0.028817023814800016,99.96883543949201,39.92740954301879,0.0355468977498849,550.0220100053224,-59.958353148997126,-0.0870484345957783,749.9911921692732,-59.967276535320686,-0.04365606910606264,750.0768960467789,20.02060680702781,-0.05008627246788065,-600.0565192088721,-39.98299626353667,-0.0489004192713649,-400.04574441617143,-40.0147144144082,-0.024297309140280807,-399.98834358122576,39.88924457218812,-0.0704066601233375,-100.01313123412552,-39.97620957425936,-0.05456497289452455,99.95848844142738,-40.04669529738501,0.021942231913240094,100.01701752590806,39.94477183061461,0.020238393795768354,550.0016409998457,-59.99699274050548,0.0022992649471774984,750.0454679784374,-59.936174694487306,-0.024190109961951287,749.9418174898476,20.0164424264346,-0.09042183765665567,-600.0124947042547,-39.91520539793544,0.0050455691919889314,-400.0046189294955,-40.11459179564194,0.03223697393464449,-400.0020111876278,40.011262433154094,-0.0012930312589258218,-100.00045090207887,-40.04034906933046,-0.03885925656299792,99.9574435367729,-40.00026828445509,0.01795388697044417,100.04355740516125,40.00439054828711,-0.0011354817594523628,400.026705136432,-40.22793911134816,0.024323969394442355,599.9877995218972,-40.21064403549982,0.24018715709206592,600.025445565904,39.69598367302322,0.23309898049608704,50.007751293179965,-580.0973208773743,30.11358258568367,50.13510576176776,-380.0325433701921,29.97433356857058,-29.947721123104543,-379.9854365500047,30.035574842977994,49.93401593607812,-79.97520158309443,29.89216520826669,49.90614929984347,119.93757047833857,29.889322740917272,-30.093570120554496,119.97294457739429,29.987747997767126,49.95853419261059,419.94322227199615,29.947708432416505,50.047426368723066,619.9404271378759,30.119313712036533,-29.92785011940977,620.0561295471766,30.110549728896444
calibration_00053,-850.0277051614477,9.949815674930228,10.035554795358633,-649.9347270139941,10.03410588190626,9.967509805362457,-650.000497310043,89.96212222924225,10.064176340553741,-100.02436313395937,-39.96661565746594,0.00726556774335646,100.01128675237108,-39.99627928417588,0.0441528791630052,99.99932968773057,40.05820642590222,0.0026247144784450347,649.9998032899784,-89.9794360161628,-9.963929703324359,849.9817911055054,-90.03179291975367,-10.007214145831378,849.9852594125039,-10.037103696246493,-10.028326071984246,-750.0557174719042,-19.915051932032693,-0.05310993129437093,-550.0016109260549,-19.960884623384988,-0.03570383196610976,-550.0092716461468,59.992259374000085,-0.06103242881519309,-99.98390695260106,-40.04314287548301,0.04037749062133698,100.01562958703977,-40.054747818390055,-0.009042319368117786,99.93749382571555,40.04104060412633,-0.0038320639881052315,550.0285260775753,-60.000367902725394,0.013032270273901511,750.084901673512,-59.991599741674,0.0026295254305392568,749.9588343455504,20.084446244880372,0.03929399664197203,-599.8992027780392,-40.19358219794264,0.16641244905327077,-400.00480711486244,-40.111221567887505,0.1749388535096506,-399.965422937273,39.81220970356212,0.08979556507644293,-99.98511066542346,-40.081772561891405,0.07856088327520883,100.06358873761927,-40.03395755986706,-0.05678939099782687,99.94715889455327,40.03192864131678,0.006933541266656365,550.0413248426497,-59.9840558260677,0.039276138655756215,750.0892885338461,-59.96824059000946,0.030254836809328358,749.9653277505165,20.100160231743992,0.00027009726494928166,-600.0407967683517,-40.21299889565002,0.08318459846610735,-400.0484666590258,-40.03007075226455,0.15637291665005026,-399.9836626137189,39.77263266218912,0.09305938838088623,-99.94521307384844,-40.06799208397521,0.0709754631024081,99.99649130355706,-40.121319286070396,-0.0503028435666277,100.05312273776963,40.03649175880623,0.04016495944449456,399.9495094802549,-39.85218905231928,-0.35960605396517065,600.0517794700186,-39.78315247382862,-0.4289038808294731,599.961631780963,40.20562524221358,-0.37998700309428923,50.002187844815666,-580.0131721354676,29.86469883015443,49.92378534184563,-380.025844265795,30.073476657737803,-29.941812899729836,-379.999643312321,29.915261495505142,49.99754787857872,-79.93239604589753,30.066665329352602,50.112378942862236,120.05773533772586,30.1833940219913,-29.967274149179822,120.00123656473804,30.17693065694661,49.96731803153078,420.0566737499233,30.0034680698728,49.97235398850784,620.0030920148839,29.864967019959472,-30.01231865372597,619.9649891261915,29.995019589293474
calibration_00054,-850.0084889569364,9.992461791060308,10.018750751559898,-650.0219673254397,9.988930827964571,10.02785213930913,-650.0185883666453,89.98881322838974,10.035149726972845,-100.02688404956122,-40.015825320601934,-0.03839545877584984,99.99993933160917,-40.07950939499332,-0.00461137295509416,100.00466703530859,40.0390544987036,0.03884243510205823,649.9484276417138,-89.95957682266545,-9.984656900542069,849.9811195119786,-90.01364603117767,-10.037184098205397,850.0152273737737,-10.01763665270953,-9.965531790381672,-749.9185130206439,-20.00625060277209,-0.02801441681252583,-549.9640273101786,-20.011181713023937,-0.01907354825498573,-549.935062423843,60.020224123211285,0.007083396406582298,-100.0209699976755,-40.0021774023869,0.06789251411836875,99.9932959163732,-39.93920227884469,-0.015014910953573322,99.95785799788372,40.00256192526581,-0.0230995477547305,550.0700032707703,-60.03405054204014,-0.047193681919203416,749.9730941279474,-59.96259372625018,-0.027452343478552722,750.0589398027909,20.059873746428583,-0.06301200951524927,-600.0692505689284,-40.116490632243064,0.23650765258189982,-400.0034159063818,-40.079333235710024,0.08656339059546443,-400.11309255188206,39.893699352021706,0.1761092290240369,-100.0065700798727,-39.99993823249663,0.01160613243972056,99.96303766883793,-40.002747582906515,-0.010246115442866605,99.9183971545424,40.034679569194715,-0.07459075907142966,550.0643614275347,-60.10327370302651,-0.009380617243482811,749.9932497655338,-60.00386483421144,0.016047686672541445,750.0184996729583,19.907762495542954,-0.03946013141671717,-600.1128518557443,-40.09381147964126,0.28735690919110807,-400.0079460359266,-40.08652046813117,0.09116524691449064,-400.0679681667222,39.901951871870885,0.12915317481218908,-100.05040559480693,-39.99361740186596,0.007677512218028249,100.00729881008984,-39.95439997348704,0.00091329956658741,99.91089458323809,40.07119028750089,-0.11122684023667798,399.9863217729163,-39.94208546333901,-0.023523538509607596,599.9219914106972,-39.84866826028563,0.01583448914218442,599.9663454250523,40.08956327604012,-0.13260911517159574,49.970289658535094,-579.9659948549469,30.181799325441244,50.02505264833013,-379.98980604151126,29.921233377364864,-30.03268527315939,-380.0450939032471,30.087517920877275,50.02643449779851,-79.96344655013763,29.958110046021822,50.039301246703936,119.99931230858886,29.99753875018929,-29.929620064771854,119.95736909051696,29.977370608292535,50.059821341055276,419.9973024653377,30.00093960298399,49.96691288547113,620.0165720193875,30.102707390516695,-30.046032696568325,620.0938828904619,29.94624669238488
calibration_00055,-849.9976185487783,10.023718682293271,10.013658539390384,-650.0138818707857,10.002886446464155,9.961460725340872,-650.0299654156154,90.01611629549095,10.020398950936112,-99.975096185666,-39.96465023845964,-0.04344942219715211,99.9879841782869,-40.01929999258131,0.060628266896835536,99.98702950129704,40.02975052505655,-0.0198594493730559,649.9796501492775,-89.98155633545694,-9.972962831222876,850.0002817053671,-89.99965608789171,-10.028883492986184,850.0105708644313,-10.031270765249188,-10.05277852352171,-750.0110196476057,-20.01825811157282,0.02077433229963508,-550.02884455555,-20.047451306190098,0.009196942123948962,-550.0043097744481,59.95600422410509,-0.030050838918861036,-100.02488912086507,-40.02953284338968,0.02245891747922894,100.01538952938606,-40.01812241221501,-0.072013025049498,100.02230061618197,40.026977675682645,0.07339282985959936,550.0093115589,-59.999716295671945,-0.02902166580011216,749.9943637930478,-60.01501033016777,0.004205227584026309,749.8838530742114,20.047891424111743,0.07347629670583258,-600.0718452305584,-40.023003113700724,0.24910031864824106,-399.93396671604575,-40.03454213802842,0.1866076725962511,-399.8923613352252,39.93768318823216,0.3227647574174719,-100.00889833387191,-40.013714917422575,0.043296583559499995,100.0627708987901,-39.99488081937713,-0.06826949889007446,99.99446039812666,40.011764886901325,0.05622587165517649,550.0116035805999,-59.97851399681159,-0.011610631460116172,750.017032715312,-59.96885798929167,0.08974424345259716,749.9294893991238,20.090225609886783,0.12507235847467046,-599.9429028105304,-39.99278420152635,0.22578786858765457,-400.0060830236322,-40.08525499620448,0.19005685050882362,-399.85267054216524,39.95385693800106,0.2743988520375518,-100.04469846755636,-40.01415030459739,-0.01343718681178284,100.0582286602282,-39.9546760681746,-0.03079292767913385,100.03432789071661,40.00610542898966,0.060063828410729325,400.0178277499481,-40.01053604707099,-0.23540851707974647,600.0896264586495,-39.98448629322283,-0.4138367918292455,600.0431843493951,40.02919526289604,-0.2204293711797996,49.98581022751677,-580.0238091044474,29.993915731550896,50.06807782838742,-380.04314178188434,30.040351374732033,-29.950329994526765,-379.8735858426914,29.96896896801831,49.99715086290989,-80.08089931872345,30.0361741685055,49.98383855860223,119.94205519984598,29.96399955110545,-30.073449421184048,119.93815180758166,30.034640722291673,49.985616832325206,420.02858840693136,30.05579026300088,49.9842931470283,620.074983700122,29.895473877324296,-30.042007977723305,619.9561741463054,29.951795313041906
calibration_00056,-849.9541988876172,9.99422196860157,9.93234676723041,-650.0244204114522,10.011820254196005,9.989469158184324,-650.0466092379198,90.01514097933627,9.955748347722896,-100.03504870627683,-39.9956477135861,-0.01777778741914883,100.00070800169685,-39.993160658922804,-0.009004745957234791,99.99089254922366,40.0264876831736,0.011174586999774735,649.9675609290564,-90.04465024975488,-9.959076606464727,849.9928143781186,-90.00789379695927,-9.976769795109226,850.0232913707106,-9.970688362266445,-9.970637253800348,-749.9885364303705,-19.94350298461091,0.06867360642011813,-550.0519501155754,-20.005967370348234,-0.03058324208903295,-549.9996192636481,59.90459005763134,0.029703136497263576,-100.0363466260526,-40.07347061144279,0.06519861647779192,99.98279296257823,-40.030671223751106,-0.015852500748982947,100.02141804145293,40.02826073702633,-0.032609148250573594,549.9808485631859,-59.984304783310854,-0.06120125863479954,750.1098943344756,-60.01421122505014,-0.08107787656570577,750.0100213213357,19.939297379851137,-0.01711197165229383,-600.0009320242613,-40.174931853248815,0.3029832505926882,-399.9632514457299,-40.096874020050805,0.2448439779017158,-400.0063673441493,39.92402242748167,0.11962958245971728,-100.07710206085567,-40.02521229751104,0.04207231248131215,99.98649836397655,-40.05270804165368,-0.0390236392176419,100.04444733027974,40.0231083578355,-0.0575226661411909,549.9780761886628,-60.065069485782054,-0.04233264895570326,750.0038457807404,-60.03839058847825,-0.05274279048273439,750.0736078726941,19.982702575290375,-0.010542159649213616,-599.9225014055514,-40.235969850056534,0.3563181728910809,-400.03056554541195,-40.157006390843314,0.23545123333794304,-399.9797253010102,39.925610713860834,0.18468163483465116,-100.01971188953394,-40.02878027865924,-0.028758991538421187,100.01237174243815,-39.980318642351406,-0.03620389987653923,99.95831093913037,40.0425749659629,-0.0013152243080023778,399.956752899333,-40.07604476236393,-0.20573645840157984,599.9523259830273,-40.02810656940083,-0.18338976750472713,600.0567336601085,39.934709248644566,-0.336144994187491,50.02148930074295,-579.9046348151737,29.972050910856655,49.978706862963094,-380.0603804363327,30.044600002966124,-30.01964211816956,-380.0402053115029,30.03268085225856,50.003264968176886,-80.05647571168433,29.914994880852802,49.96320236645987,120.04787867479185,29.970677486544094,-30.104103833113914,120.04066047152054,30.072643317416045,50.03868045278138,419.9510891082732,29.876131177117212,50.00209154028144,619.9513223773049,30.084539545719544,-29.955881281846693,619.9757648351681,30.01311750928141
calibration_00057,-849.9884043079031,10.015079718125786,10.015712148589323,-650.0276870604478,10.0221075319536,9.990287968282175,-649.9957824100989,90.00229799759498,9.937082512135786,-99.95763413312518,-39.92038205025667,-0.033210624993975604,100.006918037014,-39.970768175543014,-0.03596342880296239,99.99481556519413,40.023754941041744,0.01869374870232354,650.0184964687911,-89.97343684628738,-9.989974304233158,849.9801229429402,-90.06770503990863,-9.96512810501047,849.9791775367587,-9.982203793364677,-10.021678597061875,-749.9934125752885,-20.03654790104362,-0.012186592400514387,-549.9957751302231,-19.993389968705312,0.008541897957578024,-550.0241327801397,59.89721040698087,0.08456307388897992,-99.98599829082869,-40.0666351535763,-0.006158106197496203,99.95198254599632,-40.004885814764506,-0.04536874851786761,100.00856652242216,39.96515705248801,-0.06427907178487118,549.9919847265764,-59.977191705560855,0.03307357423436855,750.0628984776864,-59.97866114905891,-0.042356978703118164,749.9930785147368,19.94759907083555,-0.010456562772437904,-600.0605752001512,-40.171851702759476,0.0786364510518681,-400.04236877983845,-40.068702814535186,-0.027256172346317546,-399.9996666001791,39.939649259986645,-0.033372510669946585,-100.04923786335034,-39.99777160276167,0.06687809450123391,99.90291754572019,-40.072439126631714,0.047414831699750457,99.96203612816707,39.96815765123998,-0.08176905297881094,550.0027020227934,-59.94307663025192,0.06762206495130126,749.9773706517124,-59.98107547881022,-0.07022698391623435,750.0005589251713,20.016437982996333,-0.007448592101152188,-599.9681431552527,-40.136803031923044,0.08344926542367076,-399.9526077880619,-40.10879974571325,0.043198308881940914,-399.99359622592,39.930445404477496,0.053574939368230746,-100.07520611339324,-40.04982204840119,0.05714035711324742,99.93043176860417,-40.12949505460476,0.020310106513056994,99.94189404879774,39.971600373340806,-0.08666047071485049,399.94910427722357,-40.144911907809096,-0.06673251154642984,599.9617729758687,-40.18208566504719,0.09521852008169951,599.942721247712,39.802319532805285,-0.11621765243187693,50.0725571018347,-579.9091068899467,29.94721899482868,49.99776595570744,-379.917516321105,29.99790797845533,-30.023395065492657,-379.9700597183229,30.062643851341143,49.920477087770074,-80.01657079622977,30.04774715376284,49.98567911444565,119.87008085455241,30.00171635265231,-30.069231371674622,120.0463022951823,29.89359237431058,50.05964363685573,419.96616196236084,29.981313963070896,50.06155111563518,619.9877880179362,30.068812689870047,-30.02906188593012,619.907985459308,30.014411382050497
calibration_00058,-850.0657327463177,10.012522568328924,10.054471543089017,-649.9995714197291,9.957103596091008,9.988850004195136,-649.9897352399281,89.99568757498685,9.949336019798032,-99.97191593017183,-40.04111729809939,0.03802964225778599,100.07178577349106,-40.00437582363142,-0.02731634105922596,99.98677410818928,39.93704349757204,0.027518020279163977,650.0270938909919,-90.023979604394,-10.03672842442699,850.008746126312,-90.02013350581949,-9.992855012262662,850.0559896660178,-10.016028725014827,-10.017558928519286,-749.9687744410992,-19.99931748723632,-0.05316042344314327,-549.9504121279369,-19.947744488018316,0.06189787731358454,-549.9825100110825,59.98726483035903,0.0166147939654454,-100.11160798606421,-39.9454290641753,0.004097564271266237,99.99305478895715,-40.034953636853615,-0.0073151671907645075,100.01315049959567,39.98414012411749,-0.05793633110801629,549.9459845389704,-59.94615109420229,0.06563996955393872,750.0125145120046,-59.998996983544885,-0.02746467193726282,749.9825885951471,20.034676356955377,0.0065508006396971935,-600.0993578208838,-39.72512652809579,0.010509493686306128,-400.05412823245103,-39.7738609973858,-0.049567781665533994,-400.0324288632944,40.18462427916675,-0.0245627442585418,-100.05510624664547,-39.920552043714004,0.015705553830434277,100.0015222882019,-40.00220703287371,0.005802047957751179,99.98475028234813,40.09737981338871,-0.0995164699449046,549.9848654344278,-59.98160349332933,0.043976861477196386,750.0233636437752,-59.980948032268465,0.03649765464120831,750.0069481789254,20.014481909138354,0.0072819009417172675,-600.1255377664867,-39.67832785002496,0.06632692969751272,-400.07299045992175,-39.81793792464425,-0.006940506541648583,-400.04435528950864,40.233889158459114,0.05655346368173224,-100.0825277131893,-39.90446387709037,0.009343467763352585,100.01014360781656,-39.9699381422806,-0.024267451786608055,99.95060422789491,40.057538148024086,-0.04796586718041023,399.9148907328473,-39.973870451287524,-0.024547896972402936,599.9706058219999,-40.037237422029094,0.006044341574669473,599.965547045388,39.89352984450226,-0.0755334996015096,49.972591861711365,-580.0738530624351,29.955926403823895,49.95961105685125,-379.97326618553166,29.9519837225343,-30.042542664101866,-380.0243750819758,29.98579067227656,49.99620279653216,-80.05024581379973,29.96652581067154,49.97671017868032,120.06525585050423,30.001582835522125,-29.951546872639536,120.01772745122828,30.03011146816349,49.90770346677905,419.9176365977084,30.054503382063512,49.96856449467631,620.1124283071335,30.009241230166293,-29.98464210631024,619.9855639113531,30.016607928962806
calibration_00059,-850.0013391886513,9.978310880748227,10.015896506063799,-649.9752707864417,10.033415619128297,9.95945907281915,-649.9640543193032,90.05530314042133,10.015240983405123,-100.00761875239581,-39.94244833454218,0.0329120587599345,100.01050985239083,-39.96577383318393,-0.008747754251017079,99.96903605471334,39.98800808706209,0.0014877805340072485,650.0146684422214,-90.04557292579554,-10.049163177794336,850.001214930372,-90.04414428396663,-9.949531647836178,850.0404185522111,-10.043309047658452,-10.040885489204795,-749.9870770103815,-20.015928694571254,-0.011766205264447653,-550.0245479286747,-20.08455892689266,0.02723195835871793,-550.0184058756288,59.932336894813396,0.012855172306865385,-100.0315410682193,-40.07532861271251,0.05373587883684451,100.0684045306613,-40.05302914924227,-0.029481486263359988,99.98024098373813,39.93665832025769,-0.04597465999057284,549.9565296050935,-59.96804020880055,0.07542833141845814,749.9276442287386,-59.989707082067326,-0.0015724837145938246,749.952968102476,20.05773277979422,0.05560995341350594,-599.9745331551152,-40.15635065632066,0.2513527658900368,-400.028994467579,-40.088087703721904,0.16052960761738355,-400.0169775211096,39.91928527508093,0.14882374262624645,-99.93354928530239,-40.063606022819286,0.013152722559935093,100.05826335317525,-40.01676250427587,0.04563767412108706,99.9623621699784,39.9902983017052,-0.0005007485420949528,549.9455892115922,-59.92090080083515,0.06778315974392778,749.9419749812878,-59.85706175824898,-0.07201357223357288,750.0027151634315,20.050591512006743,0.02123744016649433,-599.9851446354028,-40.16019288409853,0.2766784692599614,-399.9827765666957,-40.12305824015036,0.1862006515520175,-399.99456286083074,39.90652097516713,0.11531678538220347,-99.99628087592752,-40.02290923586945,-0.03959730645455971,100.05519348930075,-40.09873406180179,-0.0052653217831707955,100.01984817673629,39.929467809144825,-0.04242088969815362,400.0695290187808,-39.93920941021833,0.059977535140897396,599.9943108954493,-39.82516379527769,0.19637643820480963,600.0191216641291,40.13392349740575,0.14941468305552053,49.99713586283766,-579.9731366052399,30.086088064660725,49.99434305736972,-380.0599445563891,30.03494922889306,-29.981257091773365,-380.03085612913765,30.019828109776878,50.068906461309766,-79.9764785712284,29.892765885180825,50.0204922727166,120.11622848495671,29.920408386017,-29.97198286602173,119.94579391706709,29.919129213002964,50.02579326659921,420.0244087060616,30.010381039265518,49.98404007342346,620.0304427851604,30.054435772365704,-29.971097040824073,620.0796046785787,30.040265519360833
calibration_00060,-850.0088542309871,9.98677314692095,9.993256991361928,-649.9764557514104,9.995239696055583,9.989335659401288,-649.9943653848219,89.98509964104376,10.000946980945075,-99.98480983676545,-40.003497711699126,0.009795175136222157,99.95517589360406,-40.00324562591674,0.024675514687706623,99.97345916585085,39.94413924583912,-0.028967375521752037,650.0180518677187,-90.05582035545157,-9.978355529523398,849.9783721795927,-89.95235485549118,-9.955040044223493,850.0622545132254,-9.982483210623874,-9.99050783701045,-749.9697094393039,-20.02805264245845,-0.015428212916866968,-549.9306268724771,-19.970616657292748,-0.01077236896784379,-550.0016603644602,60.015770211427316,0.018148769481137878,-99.98886556986378,-40.04632871695068,0.004766076733099686,100.04490215932009,-39.90993899477972,0.005207459183232066,100.03917670407591,40.018350797248125,-0.005580396439731371,549.9802094556983,-59.96391078136273,-0.02290639865827453,749.9565233773103,-59.91064771144326,-0.0462714588018589,750.0343687302919,19.985879101567296,0.032644210189391676,-600.0703747754849,-40.233958666409734,0.08217628329105553,-399.9088720892646,-40.22082541679458,-0.00035869045269705936,-399.9263728759071,39.78016112316501,0.055792095204280884,-99.97395787052619,-40.03020698885133,0.08429993700463038,100.00290117351275,-39.96716986868734,-0.010750734026831021,100.00541387469214,39.9738723597316,0.08242928642880924,549.976220869409,-59.89762999451657,-0.08570418889701231,750.067975208354,-59.952336562111114,-0.10797118790973623,749.9702487987714,19.97380421033465,-0.002080974452208237,-600.0124096533723,-40.28850833598717,0.05456411988241604,-399.9111512847615,-40.15973173287051,0.011648382212769162,-400.00291148605936,39.80757510235496,-0.01167707671326174,-99.95750624604271,-40.05585346728324,0.06004033674554063,99.99321846643171,-39.917081695393925,-0.008119120062480764,100.02108080838077,40.012670021682176,0.07271727681626838,399.94675066160534,-40.03775588598603,-0.079529928134563,599.9991762749283,-39.917569251859504,-0.15696524470880396,599.9430031178986,40.05649689112063,-0.20728655877945973,49.99178038246013,-580.0260064703017,29.919404491320297,50.080636134483896,-379.9172459272038,29.961780950886524,-29.9535950604792,-380.00528183289964,29.950412986188923,49.97168584555628,-79.99082411835305,29.98171883345773,49.92263040793168,119.93902332327139,30.0516254645865,-30.018463068175635,120.05973343157648,30.076655557465326,50.10889389052827,419.8985992672989,29.960457534681833,50.024034279987276,619.9221796922612,29.85070812223133,-29.988730433900812,619.9297366113403,29.972756377647784
calibration_00061,-850.0481744387575,10.01267214578638,10.010865853229161,-650.0116944508073,9.986341682117912,10.012882128865995,-650.0136066193882,89.95494476756305,10.03475212261301,-100.00702273153051,-39.96369685352805,-0.0341499457674549,99.9807744563946,-39.96002746153252,0.01808630475413428,100.04032457944959,39.94324278790324,0.0017541401349195943,649.9641948967997,-90.00978588030819,-9.984157174599694,849.985962769511,-90.00896542548973,-9.984244678257083,850.0208482844495,-10.006140928580656,-10.00585732833962,-749.9999380060932,-20.02352156793273,-0.007462475259526106,-549.9554478099286,-19.977280155500704,-0.0032346988935699934,-550.0580784083897,60.01548297140749,-0.03542329766035378,-100.00623263872211,-40.030993115167426,0.024753105369933283,100.02774570464653,-39.93381540160871,-0.03885006663642307,99.96636674574177,40.019856918523125,-0.008772728159946938,549.9919028092708,-60.04234947913208,-0.07933203120905231,750.0716148817553,-59.98736725745853,-0.01960682426450257,749.9599513333064,20.00776704679711,-0.03497774010206661,-600.0121648696171,-40.1837747358308,0.18801195453571737,-399.93256683554,-40.211245095889694,0.15995583195847224,-400.02300995413856,39.79174504773292,0.18298560723512225,-100.00548729562155,-40.03882728270373,0.03768338032141326,100.00308279643893,-40.00285539652823,0.026393880931954977,99.98077282217041,40.000090362010944,-0.06322746046867173,549.988805704633,-59.97953325209932,-0.15811190758423022,750.0156341163037,-60.000426205589015,-0.04031377859184408,750.0085286284693,20.0505542247793,0.016906685029122504,-600.0360668849164,-40.1232021363815,0.30630842289480137,-399.9162628723795,-40.1726646246988,0.08869156837933825,-400.0604460586883,39.812424750934795,0.10893358736439872,-99.97060375946369,-40.05935869373637,0.02578039732735927,99.95761791823202,-40.01207852067591,0.06021278669586801,99.96969100968187,39.96939285917943,-0.021739054886784764,400.0323087369003,-39.94294547382437,0.04290853339336347,599.9618668915498,-39.982177295567254,0.06766698060234375,599.9897907920724,40.06275701134324,-0.099902117257713,50.03647944791412,-579.9637726643099,29.99325790694153,50.045634543718606,-379.9692166422005,29.94517115125485,-29.995048939025203,-380.0467468822317,30.031703337854932,49.953473309600966,-79.99966610070014,29.90108298026605,49.958173377629514,120.00042966750436,29.934441819337405,-30.088029355876568,119.97437790319962,29.965312026142527,49.94038011309825,420.03036571781786,29.950315868309925,50.03178085049936,619.9954907594467,30.079409920333692,-30.000556899119253,620.008894185286,30.00610136001281
calibration_00062,-849.9865901358369,9.99400356570527,10.0691946073526,-649.9970185243689,10.016248132863046,9.97040611507877,-649.9973257834187,89.98894846485865,10.00707013533367,-99.95953757919114,-40.02719121707537,-0.0381532514797975,99.9752224817222,-39.99275648792899,0.012335389461557834,99.99843509324525,40.008943695727076,0.027134624772827524,649.9652290506923,-89.93121102058024,-9.97408108481199,849.9526538893251,-89.95701438518053,-10.042013499292576,849.974151157912,-9.945041041472875,-9.978867475732258,-749.9642106372847,-19.947378077743842,-0.07953208444771506,-550.0224225665336,-19.99989912440968,0.08028329985924298,-550.0498974792325,59.97485265701161,0.01105715704948174,-100.04002533942585,-39.99710873982699,0.055101583933248974,100.00410767647388,-39.996593995129906,-0.02235414073424892,99.93451919748563,40.00796839599421,-0.015181653133134914,550.0472499018312,-60.10820264487824,-0.04103277595309343,750.0108854136678,-60.03079217537629,-0.006331170758016287,749.980531937717,19.914841444965113,0.03432257848728665,-600.0108729285579,-40.09296321058062,0.22832058223434484,-400.0338741003768,-40.06338003657367,0.1083025476672837,-400.0307405340572,39.96410513891339,0.17351794755199892,-100.0713546122799,-39.98066687067057,0.03757643715590088,99.98122154516057,-40.01556682744299,-0.04640632619322363,99.96533549912081,40.025349954112784,-0.06001266999628528,549.9990487238248,-60.04819704311301,0.04331961654374026,750.0141963185699,-60.101041575440775,-0.011133468815473387,749.9775358199806,19.937666928466584,-0.05991675410510275,-600.0208291474959,-40.08448482081519,0.23085500239027062,-400.0898509872015,-40.09040910864916,0.14029840112725167,-399.9953912507141,39.99074857503317,0.180744606075685,-99.9711890665969,-40.043720718806505,0.032963218941039325,99.97337008627673,-40.02955669610611,-0.056672640235800605,99.92438616557567,39.957549064414934,-0.06370070104423459,400.0204631665218,-40.02021311492662,-0.16968314945398216,599.9938042948861,-39.97508930734273,-0.24148054838892566,599.884374443447,40.03615038921409,-0.26212452358744576,49.99628817920581,-579.9878774378105,29.96208370555873,49.96325946932016,-380.0949903846957,29.98500406905372,-30.01073763907928,-380.0726154717081,30.047347323350014,50.00590035942063,-79.93971657573144,30.04534192143369,49.99545930506688,120.03482393324616,30.00086591732072,-29.96263232531511,120.0485505827781,30.024964929653567,50.021672266572175,419.9782407955533,29.997555132741418,49.97455371778296,619.9026511737648,30.040102512764445,-30.072434164283866,619.9791307662367,29.995647526785028
calibration_00063,-849.9761417392335,10.041611459701812,9.979673405272907,-649.915701322466,10.020252150913413,10.017330615598343,-649.9885119851722,90.04004966831789,9.997062895545676,-100.03105648870913,-39.96658434815687,0.015119410881109989,99.95337746679934,-40.016337040962384,-0.04249395715814945,99.99522731354651,39.9905493373949,0.013596725277892274,650.0195749611988,-89.96883116638034,-9.991830196429511,849.9402696001986,-89.95582732020125,-10.00389708792,850.0046742629237,-9.997529111407198,-9.979953945562404,-750.1119740992887,-19.960574129111365,0.045646086815001166,-550.0327938860689,-19.9750965122159,-0.050748056874945456,-550.0080542851051,59.99856238083684,0.013084057189527612,-99.93607093567117,-39.957884480938766,-0.08533915655024159,100.10716040531248,-40.04017470092646,0.013225323683569011,100.08609768725485,39.99504844644253,-0.006828467566648442,549.9810503611953,-60.05228232714848,-0.03581182865100845,750.0442633488871,-60.002655563075734,-0.004407972459490787,750.1188901581554,20.017878875849767,-0.03292509239766403,-599.9414029970211,-39.84695996443904,-0.38064507257197516,-399.8501672384465,-39.93213397298273,-0.11474868039210402,-399.887638249039,40.05358203801991,-0.2110554673739963,-99.89761203807933,-40.03025890679506,-0.06796984822507673,100.0067136040583,-40.0184846378478,0.06657308928786383,100.06684874560423,40.04777826486226,0.013336466640580106,549.9638499741571,-60.030700870020254,-0.012415882427089471,749.989085477652,-60.0365143010884,-0.042876365459102825,750.0518095553382,19.939640737303886,-0.005214042856119504,-599.9179630919317,-39.90041533381773,-0.35820570824367176,-399.9027525336996,-39.84398884440236,-0.18736656388445075,-399.8377005385638,40.13341824469888,-0.26404883650819827,-99.89417273106278,-40.02204988542428,0.005868014668772882,100.02653380692807,-40.02141717155902,-0.014533210468445273,99.99749489200383,39.9398426781933,-0.011663085510488183,399.99989366598214,-40.01375396065531,0.27900566439162217,599.9852186623099,-39.88647254486736,0.420711477617728,600.075693712747,40.162676892297235,0.2763927576517599,49.95571692960495,-579.9742772141426,29.918621770379126,50.02943795940669,-379.9485575133629,30.062492913417586,-30.016352442757896,-379.98166126712584,30.01801867713636,50.17732333905442,-79.94045621267723,30.044431858453976,50.047805105443885,120.00874566992805,29.913757635736395,-30.011354610684318,119.93879082684272,29.95316853581826,50.04199815533069,419.9831835775006,29.9918748554012,49.92200569794127,619.9552947295085,30.071400771626436,-30.091953682413948,619.9585756781116,29.94123790687138
calibration_00064,-849.97775229115,9.976102522279312,9.976470803829827,-650.0038917512753,10.012985252272063,10.0196341714471,-649.987282295105,90.03835724889242,10.016331040886001,-100.01628934548648,-39.97021145804981,0.05212493182059757,99.97833858615662,-39.98502146909389,-0.01546314185641968,100.00807809405396,39.97553753435967,-0.005038391267046471,649.9650657269493,-89.94046247784063,-9.99778711991649,849.9660085557064,-90.02178582819036,-9.94663686263636,849.9255441262933,-10.009583637201462,-9.950600687864199,-750.0539152101774,-19.985603356871227,0.08094311757310765,-549.9652139178588,-20.06410733177481,-0.007040439893686072,-549.9760561827496,59.96166437157924,-0.0025858674588052277,-99.96280215378862,-40.04232235650692,-0.06144225276814097,100.0161242320635,-39.953490090503685,-0.05953626245458257,99.94454029768183,40.02152683686917,0.03490551820590755,550.0246976168849,-60.09226467143424,0.01739538756228837,749.9900033606557,-59.92545133617635,-0.007091754732160269,749.9526879876979,19.97497034917473,-0.015865164215047627,-600.0644128684842,-40.32564654832383,-0.08211228628422243,-399.9918184680268,-40.151959908987315,-0.11594343409959439,-400.04332803308665,39.780911119522116,0.11014997749250528,-100.01341889085604,-40.111140861169204,-0.06964059673536406,99.97058011842398,-39.919581756008085,-0.009478987186941113,99.93718721417225,40.015247224821174,-0.013752581143939659,550.0709901244759,-60.155268691598714,0.07794072439355992,750.0656427765465,-59.880771190857864,-0.04560579365920192,750.0043890903029,20.011313466932688,-0.0650051334168052,-600.0705021248717,-40.345688773574004,-0.12440577309481676,-399.92681011283423,-40.16986087885674,-0.0987837001662051,-400.0137149911417,39.72988799181405,0.09423255422518419,-100.00777316121034,-40.115827012766324,-0.03226440912848411,99.94018714415637,-39.95836770978332,-0.02555632122839816,99.90580110587665,40.01126896877956,0.04014580565868789,400.0176817808949,-39.72335221650924,0.012209522139432077,599.9077795927859,-39.592907226023755,0.1545418056583452,599.9515652171192,40.30576742731885,0.12714284963061123,49.966349217704675,-580.0763516618614,30.009564473648567,49.983128395413004,-379.9637043704537,29.981319727341905,-30.001654583276103,-379.92918277642764,30.083798010712098,50.010139605012974,-79.99367986581059,30.010751386354478,49.89166264526169,119.97836687604693,29.973880135352363,-29.974991072682716,120.06595726260039,29.923907602348308,49.96710403128901,419.97734834704585,30.00770393509381,49.89542060447483,619.9069859098256,30.096139083031716,-30.02439243875757,620.0228259935299,29.986488865133442
calibration_00065,-850.0005928542906,9.995894067252628,9.988716487715886,-650.0340675658758,10.013123508396838,10.00560586450934,-649.988524224853,90.00027992870528,9.931174787427326,-100.01857522395774,-39.954080568331335,0.0047461207669727504,99.97583167457853,-40.054066557859024,-0.0021828740018558913,100.03324677497514,39.96945117308679,0.011973105366412372,650.0034398652721,-90.01483898637898,-10.024823193483783,849.9809792650638,-90.00005250754438,-9.9702408938716,849.9625810673266,-9.965027419450625,-10.02223878053165,-750.0375589388391,-19.958736578337604,-0.004520797616812835,-550.0316499334965,-19.96577838445793,-0.009902124304841615,-549.957210115734,59.93469850131238,0.05002356140994231,-100.0309050687039,-39.99604002204825,-0.0065505894944131,99.98598771021447,-39.9319531105066,0.008337994946188592,99.94767256331734,40.106129596089254,-0.027889929279807383,550.0327333767013,-60.030147197830196,0.058012784433415704,750.0058539695841,-60.0080772157668,6.909283347287382e-05,750.0317450584859,19.992928494719834,0.020684581844759437,-599.9910118766544,-40.25085896411175,-0.043980212975817036,-400.0040376426711,-40.14775680287543,-0.04073953560985958,-399.97312018740155,39.778048335550636,-0.03632769060636118,-99.98448282414736,-40.00194140203838,0.004073687795786509,100.00658941362069,-39.99270129006873,0.02998082920442012,99.87005225618351,40.014596028218705,-0.01737141443758996,550.0735818656442,-60.012676141329166,0.04802064240892242,749.9466950026894,-59.96347299155236,-0.08894926172933522,750.0772059434121,19.96913703356337,-0.011363965602892979,-600.0567095227916,-40.245950811974076,-0.04423172747193505,-400.05121536084874,-40.126884885320585,-0.04207371568127086,-400.0369174041169,39.84944778331908,-0.030427506197763052,-99.98720880590369,-40.10330818290386,0.0003186169109606731,100.04354848585409,-39.971472793723606,0.018852661362469776,99.89961442497112,40.06077520383574,-0.013836539678735129,399.93527269904246,-39.90510768347497,0.08322957778867786,599.9228564147802,-39.773734850189705,0.09388629589413011,599.9655894275415,40.11310711731846,0.08142896336098134,50.068055848389825,-580.006054612956,29.99563709357933,49.9804972931629,-380.0240990175094,30.00425849091718,-30.07563323157289,-379.9354143705656,30.073927099215652,50.051013526151834,-79.9123324602591,30.044713783049943,49.98225325841791,120.08445104209336,29.99493886586604,-30.034689765659486,119.9520913245923,30.016801899622358,50.05394157699741,419.93124646609425,30.024899488774274,49.95593049055859,619.8816735276707,30.013437225612787,-29.94370439779448,620.0842522958156,30.05467278941732
calibration_00066,-850.0412912250123,9.993871469257021,9.993226108032824,-649.9978330812886,10.031894710508599,10.016278432537487,-649.9903311729767,89.96253539044844,10.026967326546348,-99.95645082105345,-40.0148041628701,0.014778264665946289,99.97663680598885,-39.95017454852667,-0.021406721466566667,100.03124389223704,39.9195713842138,0.01382758555460373,649.9621551673193,-89.95679206771527,-9.99812743724144,849.9777915561752,-90.02129421161968,-9.981958735836725,850.018110967875,-9.956675251247335,-10.020607085498517,-750.0688374717475,-19.954661321867526,0.037005065985996864,-550.0086220084692,-19.985838405829252,-0.003027595375265507,-549.9571875220723,60.033912204937764,-0.030865116928909222,-100.02374953510655,-40.0501331530878,-0.02741140220396499,99.98506997489991,-40.01085773137412,0.007609383440635262,99.95595932844252,40.05659523956122,-0.032656760100124256,549.9741351874633,-60.06317467486105,0.027578703236989088,750.0241846285002,-60.02531970293917,-0.04656705457954845,750.0126238095075,19.98002634801663,0.07131916057377283,-600.0587033556158,-40.226557016206094,-0.12879502688819564,-400.0245506176968,-40.109757483899905,-0.09528542297551564,-400.04970457272003,39.85843311304561,-0.1530851865108883,-100.04167487156012,-39.97180025628092,0.006981359106197956,99.99140156750565,-40.01311662715041,0.04079789512020719,99.94434662373402,40.01865133713471,-0.03912894470931964,549.9652126253068,-60.06151433346163,-0.001434015730576997,750.0689402052959,-59.971534944152346,0.017035936429271915,750.0612988153883,19.96591546256735,0.06603879168328841,-600.0781562531001,-40.273218956224966,-0.09973795695945678,-400.005858103868,-40.212751464419895,-0.13720859437246077,-400.05160838323803,39.889472604979446,-0.15752527662634674,-100.12792862158548,-40.00479307676936,0.00892603017217281,99.97057439483127,-40.03736607085046,0.04692035974854304,99.90224636717276,40.002022016807,0.06750831121198626,399.93931842177534,-40.016005661756914,0.13032762718903085,599.9565700794241,-39.986789577350976,0.06566372206983948,599.9462372910027,39.98263645514427,-0.0006558461092528202,50.09953529304184,-579.981154000583,29.928073645112573,49.971682211921284,-379.8685245139083,29.86200646431634,-29.99455960063595,-379.9955130711169,30.007522304143457,49.99102357508299,-80.04457967677172,30.056204199307132,49.92421289120442,120.04125177445475,29.94910788001045,-30.060546771459567,120.0209936418903,30.021310456458004,49.910655791415444,419.9765564037057,30.07455046489731,50.057600935668205,620.0254043059284,29.905561381068562,-29.90720875747063,620.0144140558309,29.857907440357177
calibration_00067,-850.0628285680409,10.001114945117795,9.990137144633314,-650.0116428773832,10.009200501556219,9.971682379525895,-649.9973781818645,90.00482211245684,10.01460411098753,-99.95366579380998,-39.995587233600176,-0.023401477810405948,99.97906467970465,-39.979621949892724,0.010235813784707724,99.99509185714432,39.99046045983993,-0.02833608824981291,650.0004734899138,-90.01645556488057,-10.00130909529038,849.9926766218664,-90.00606556791476,-9.999963248815446,849.9847122469191,-9.995551511251715,-9.986367747610648,-749.9934271216873,-20.05848150067537,0.04228891456720657,-550.0197935166119,-20.026119409470567,-0.012978810344018772,-549.9918093344176,59.92811515942781,-0.030170733271488476,-99.9748536459524,-39.98523641682498,0.004311932321928334,100.00145346355997,-39.972402694695205,-0.02330848188089366,99.97881242351312,39.99642547252009,0.03643479880241613,550.0231420398795,-59.9901144427335,-0.009759287433248234,749.9494956291138,-59.98105983815842,0.0388312231553718,750.0394065268054,19.991294093105164,0.00984969849323949,-599.977893657861,-39.964363493862905,0.05996730353268723,-399.95278031383157,-39.990810215426244,0.03445077472044461,-399.99675201401016,40.05224746702928,0.064687141414505,-100.0498398354718,-40.03544869280329,-0.019241679274545693,99.98246102396418,-40.03967066189599,-0.0664825005080328,99.96877114363502,39.97166471081818,0.0575803117567749,549.988030708255,-59.99753895232888,0.028660721582088034,750.0884949875759,-60.01567829881651,-0.06291182942418674,749.9462647845444,20.037040821025,-0.011490645797957472,-600.0552066580694,-40.06128204049747,0.03757903657734136,-399.9736447774308,-39.98895183301562,0.0661050711448575,-399.9220061193313,40.00994691575356,0.0925988953374442,-100.05931895371755,-39.997350206073236,0.04336311262498721,100.01873468492349,-40.04912918472038,0.012709867518656062,100.00852392687207,39.991321112397,0.012982627228860323,399.9303324773208,-40.02410927164659,-0.18536604432098588,599.9550794628041,-40.06578578613965,-0.11278795882819007,599.9832276634475,39.945667783873816,-0.014539583912330905,49.99626527894833,-579.9621180646529,29.93660676807443,49.92383710713036,-379.942495412568,30.03427718533183,-30.065243668760044,-379.9318814091065,29.960859784667054,50.00399927318179,-80.02372386842596,29.98979020761626,50.09105012168409,120.10519772295375,29.973035739534037,-30.035219869070833,120.02267227642598,30.036636993390584,49.996539385190324,419.9226610219536,29.958863284136047,49.99651046432926,619.9472966834794,29.992875448124575,-29.98906455161408,619.9572805181541,30.035488874673813
calibration_00068,-850.0212865214387,10.032623441539775,9.952335947552696,-649.9956417521812,10.008930059178299,10.051533689420923,-650.0167451120361,90.00694569437557,10.039261572044477,-99.9731193844954,-39.981172653778856,-0.056725372631461136,100.00072331987566,-39.98921000168503,-0.008422941592571153,99.95085062482583,40.0081518139473,0.023912202113075574,649.9821962641678,-89.99291369334466,-9.985526337146547,850.0327186141716,-90.0098122469353,-9.972447355009173,850.0266521474031,-9.983673731968503,-10.004715825065517,-749.9794057853023,-20.07428624889647,0.0600239625935286,-549.9855548413576,-20.00889511549287,-0.03271887199260612,-549.9663953853718,60.00410287285366,-0.10125262195359604,-100.02947790016091,-40.0246377013011,0.02296672108137958,99.95502390960596,-40.03378435027644,0.03273784504569562,99.98068348684231,39.957686465987976,-0.00570748812275872,550.0063788429261,-60.01697010989546,-0.04212557602070278,750.0185723739545,-59.96204961717656,0.017699414106420352,749.9634662743734,20.023956694302527,0.04696344094138695,-600.0510903450422,-40.00320616749764,-0.024001905131830953,-400.06888733827486,-40.01436621882866,0.024107240927633083,-400.00965095413045,39.93687014447061,0.011571983854990297,-100.04997482153607,-40.041408690895636,-0.02676412404099492,100.0204545730312,-40.056792795205894,-0.02339614328128286,99.97497696913163,40.03261816897148,-0.011266275979911408,549.9882315486595,-59.93685348336606,-0.03800650735979715,750.0180230936784,-59.95873758060454,-0.019129737940828687,749.9910891756738,20.000904777421034,0.07841427026289743,-600.0876590197464,-39.94220475581675,0.02875332697107104,-400.13329377890364,-39.95609608689163,-0.03166602563108579,-399.98859497137374,39.96406777774004,0.049437420982431715,-100.00611600413077,-40.03402310022998,0.004984720804961191,100.02919791713674,-40.048882807337456,0.06262196942066342,100.00431941826618,39.960660847665004,-0.07268074466574741,399.9453441614746,-40.05777186936493,-0.056024971938801016,599.9926188832994,-39.90491043164726,0.03486283457229346,599.9451838179704,40.09908163224376,0.08472311340459798,49.86980473646013,-580.0378331095851,30.04993457512339,50.00911250595546,-380.02125960522784,29.89369123312327,-29.914929692429215,-379.85701817098396,29.965112706162436,50.00909795348169,-79.98508103962186,30.00329993098318,50.03175167799963,120.12730028285755,30.075042014656102,-29.946636465002044,119.9831969796,29.98844830343987,50.00429256581054,420.022198423022,29.951274065081833,49.964279913325576,620.0249715840297,30.01319480480603,-30.061482776322904,619.9629460166158,29.98516978384461
calibration_00069,-850.0590418655519,9.955596170402323,9.99784860189157,-649.982544768629,9.985307713721319,10.053779028933416,-650.0559501574218,89.97540119863136,10.023765197033152,-100.03974680387203,-40.016923027007735,-0.03712125819944495,99.9950951560523,-40.0256012268153,0.03383519871780174,99.98185847671849,39.982207956750635,0.0001028361570405762,649.9565243634058,-89.9581882005425,-9.986418990693672,849.9437653443338,-90.03549009016167,-9.986392240412178,850.0084070107711,-10.017115478165064,-10.002899569627987,-749.9365277442645,-19.97139004975076,-0.03786253266321218,-549.9474246905596,-20.015052967208643,-0.056823979255499826,-549.9803663877726,60.01026265669388,-0.029207503896337333,-99.9412034964903,-39.9906428523206,0.01887451961059356,100.0609494152938,-39.97201214812294,-0.02655228023393142,100.00337973299229,40.02108359216414,-0.010060644207433508,550.0070037207745,-60.05357897372163,-0.023830996388505395,750.0564300797757,-59.91448156992966,-0.003793068507316414,750.0160424800812,20.06988919221873,-0.02927481657643833,-599.9174281367655,-40.019440883447665,0.16795257045862616,-399.9868687752704,-40.08219104060725,0.049693930792228475,-400.0240371545637,40.05358987429476,0.09686293523997236,-100.01083402817366,-40.05352007804517,0.039856524986283594,99.99362017819153,-39.892578895961506,-0.022748731997741037,99.9769085658685,40.0315669514665,0.049983827798502814,550.0460874426117,-59.976444491426,-0.03302136740201893,750.0343414354131,-59.994450568023225,-0.012931265610635099,749.9721506748754,20.055516418100325,-0.03809656824278196,-599.9190374491354,-40.07670326976382,0.15086202218778602,-400.02303052841165,-39.999840165461876,0.07171889796761438,-400.04786247290036,39.977125758293916,0.13858869993271147,-100.03716096948233,-39.97376095667311,0.021431860132429127,100.03012894507592,-39.922290129608605,0.04651451058683774,100.00681721984066,40.10583449003829,0.06377621081162277,400.0042368642957,-39.79504830846442,-0.0901448976190398,600.0174224140029,-39.64963441273878,-0.18880093736198278,599.9182733823417,40.34022580276304,-0.15191402847916144,49.94170601901563,-579.8954555228777,30.02593100249601,49.93009281427956,-379.9485717826286,30.008683244805653,-29.993447548832883,-379.9582043785221,30.000759991219358,50.02851541244371,-80.06514598585595,30.011403348428306,50.07508825545454,119.98209226396149,30.051138087055413,-29.95743674007587,120.03756101187378,29.980179483579846,49.97925382814913,420.0043307848692,30.05586634332854,50.03089742737387,620.0537028842733,30.065738431376406,-30.046573731617592,619.9331824108388,29.972158121201222
calibration_00070,-850.036509193586,10.00443894469986,10.03075724109447,-650.0045884138558,10.003338644635129,9.99983511777208,-650.0117807990983,89.98511332163973,9.969904842649601,-99.98757742248095,-39.976580300317316,0.02562997970156873,99.98145328719363,-40.01039666760086,0.04948232601266832,100.025537864634,40.02395270230511,0.027034637204241003,650.0145953790449,-90.00487873202023,-9.992503950620117,849.9965801437286,-89.96535612085269,-10.058143855239411,850.0190233002729,-10.02607268136047,-10.02064989207254,-750.0095435945935,-20.015222102562277,0.0018727587581691433,-549.9988532895418,-19.973867050069817,0.0021773940724069824,-549.9286859394109,60.01465576403328,0.011772796254234196,-100.04189272297194,-40.008488527210226,-0.020466784342647967,99.97432467736321,-39.99153486888476,-0.023898056185824003,99.97458817699197,39.964327358274694,-0.023117451947685688,549.9723004405246,-60.04629242976355,-0.06013056734029089,749.9773021586398,-59.98776919825751,0.09242747242190288,750.03313042612,19.96715874377141,0.07201384821039294,-600.0866224031139,-40.01392059271959,-0.01856002486172636,-400.094766019981,-39.93182599838463,-0.04183369343556077,-400.04311055155705,40.05658508720562,-0.04194120680973671,-100.0276751789843,-39.953543270430714,-0.0075958295450414826,99.93081030377007,-40.0129222458261,-0.034482265607553936,99.93201682685647,39.97206629068232,-0.01882564081370335,550.0331378446743,-60.09465704098928,-0.033386420113248064,749.9801843126088,-59.96753871790227,0.05376794904594639,749.9784187686653,20.03428633823284,0.009290461712579768,-600.0369780659355,-40.02449959929258,-0.04143193490339539,-400.0087274344989,-39.97412637821656,-0.024598565464444548,-400.0197328644639,39.95714513526524,0.001504810750298187,-100.04519781796579,-40.03161540977386,-0.09670815798635826,99.9345177683981,-40.01934868431046,0.03642024713637988,99.94516500635326,40.054352586766996,-0.02666733352398721,399.8954195788344,-40.05382254452262,-0.1192169548474051,599.9240704568559,-40.08731897312999,-0.12769082162724765,600.0285620951429,39.81084504008647,-0.02744598845948593,50.02407518186278,-580.0153794598235,29.983710018173152,49.94860184644122,-379.96232872316466,30.02726937693738,-30.01158997986098,-379.9859711685442,29.914842886218857,49.936864043614044,-80.08231083449272,29.984548869593347,49.99493587656581,119.91550052852085,30.062300141447693,-30.054891026253447,120.00947191103086,30.009131314986327,49.95582551505499,419.89799120519643,30.02730134840934,50.01158712256805,620.0155326168093,30.001780457499084,-29.90817656414017,620.0900298711072,30.111101586384418
calibration_00071,-849.9587185990308,10.02211853542752,9.95970400331574,-650.0039468464228,10.101933322719095,9.989220977294066,-649.9965687867559,89.99409080472506,10.011238427635831,-100.0300345667804,-40.020722347682586,0.03687296490783887,99.97523564209897,-40.00255463700305,0.03465568934439298,100.01117639870226,39.968063267308,0.05384593497304041,650.0288187587704,-89.98203787972679,-9.97963300764226,850.0343358944699,-90.03721142476371,-10.026133455951504,850.0229804182396,-10.02917552860574,-9.990736072680173,-750.0007083311575,-20.00169283910748,0.019003787913146823,-549.9809730766791,-20.0494369093994,0.02192885759450184,-550.0154914054323,59.91062030776426,0.037325687430112324,-99.98900837393211,-40.05894608584668,-0.04307496700135176,100.05256185816916,-39.937865901288625,-0.08514980115831708,99.97439116534416,39.99750214902606,-0.09190913415992968,549.8650112922671,-59.9636441465077,-0.0491136428400837,749.9767491903541,-59.939094000356576,0.009348151442325672,749.9300602004416,20.095996128838596,-0.0539876628662592,-599.971365042244,-40.31254125074688,0.10326647177324785,-400.0140981215962,-40.159176392018566,0.03817255912076619,-400.0268231377729,39.82268276031366,0.02156347117242459,-99.97353282844259,-39.99437135880332,-0.03646948421929983,100.00977760194584,-39.97580370180121,-0.07921575987780112,100.08694771974876,40.05510452567362,-0.09823268768296475,549.9084866723588,-59.98789936151438,-0.06900155489864648,750.0448286713361,-59.89379561855476,0.029045282524694578,749.9262637335872,20.059579933081306,-0.02078900656268742,-600.0182378576455,-40.29900278957707,0.03837572853633428,-400.02591864258375,-40.15048251498077,0.07439075309720178,-399.99579298951073,39.78746550781451,-0.05597923760961013,-100.01522728285757,-40.02430711054277,-0.021442411178062643,99.9717217248162,-39.95022709033234,-0.0028569228483472757,99.98877209658195,40.058790752006466,-0.08419164167617249,399.9936343489543,-40.00704273485979,-0.056773684111842054,600.1042477062231,-39.975453842012406,-0.15663633416484654,600.0309765488475,39.995366387049636,-0.14824007149193413,50.07606940432023,-580.0180050111944,29.98577514819638,49.973818123111954,-380.0559400701933,30.009941365160795,-29.9641940380502,-379.98134393984765,30.018321601420908,49.88156061568319,-80.0410962972445,29.98110255010112,49.9048660266549,120.00382960409267,30.001513129298374,-30.07108673956128,120.03582123399508,30.045755067236108,49.96969248243,420.0149037814532,29.959781873652005,50.05691402228555,620.0539758580721,29.959442001671402,-29.944610948645867,620.0975945242536,29.96555507020395
calibration_00072,-850.0571550505147,9.948658338265082,9.996734339043478,-650.0164707287541,10.02946797845399,10.014802320943842,-649.9829631509065,90.06959437384532,9.959716885398413,-99.98281206787748,-39.97431158339287,-0.04309221444005799,100.05391763150028,-39.987368411794954,0.05403204929523443,100.00581961930902,39.96032935903844,-0.039094522433633996,650.0140646948881,-89.9878275916874,-10.02039403233746,850.0529112502271,-90.02408578506491,-10.009572817778492,850.0037933927325,-10.018317091592452,-9.97685095386643,-749.955201971821,-19.96908180457257,-0.03315352472946419,-549.9644442539721,-19.988710235103174,0.058049852892116616,-549.9574511126128,59.99111373936165,0.08705203268727349,-99.99243976240771,-40.02395243950499,0.030898372421009204,100.0063688425102,-40.00058243914678,-0.08730091353026659,99.99895409546032,40.04153965029183,0.03187265174967911,549.9662191858961,-59.98472116307089,0.04792794579914782,749.939132949423,-59.988177278705294,0.05769503078646036,750.0327610198873,20.014222783131437,-0.03301652623822236,-599.9753611377553,-40.0615311032577,0.3852973263924589,-399.9731909896388,-40.143752241157145,0.07877409800665222,-400.00139633314643,39.82730965995301,0.3238588109593651,-99.98740105363478,-40.04458879868475,0.006348433997037058,99.9062910301714,-40.043548159837286,-0.06466952132024115,99.94688030476446,39.977887496094965,0.1001786728389579,549.9548367083753,-59.976119197431444,0.005545070426743898,749.9776295935433,-60.003189859389124,-0.05781231138151989,750.051889122626,19.93058449286431,-0.008329305196346911,-599.9509208526798,-40.125815713972095,0.3195387012574877,-399.9545266606138,-40.14358177699939,0.14517090474391714,-400.02267532568044,39.85254218089173,0.3446111630818434,-100.02032569011197,-40.018072142004414,0.012303081900619097,99.98190819530403,-40.01455661977095,-0.0975970253701128,100.0565121052803,40.011754605995954,0.04202285327137717,399.9227998310653,-40.03615869976366,-0.16173590839924357,599.965842526584,-39.95274854123372,-0.21614655451168313,599.8854146979523,40.061958300655824,-0.055381537793564285,49.932785119474175,-579.9897062996496,30.099756523820727,50.01821335474234,-379.9825617387952,29.93933953891329,-29.950407144698694,-380.02422101466505,30.039860507218254,49.95215634729931,-79.99006806485906,29.942746522653767,49.85223976794234,119.93312815076146,30.00249504579245,-30.071963811651713,120.05950758302971,29.95944799174335,50.065761200482356,419.9456467795721,30.024518457924366,49.9952188782895,619.9471899177473,30.011607631186543,-29.968827749691677,619.9267912345287,30.03392882924817
calibration_00073,-850.0330951368281,9.97407419821157,9.986695162569028,-650.0539869662657,10.016063986542001,9.984292400110592,-649.9540278005284,90.00710538481646,9.984524066855748,-100.00990461846628,-39.99909744326942,-0.011432947051575505,100.02332633561603,-40.023617494555836,0.0016282871696943748,100.00433245273526,39.983031925361075,-0.019113509926021063,649.9710298369437,-90.04926382466653,-9.964993190111487,850.0041066126952,-89.97198576904266,-9.974784090791376,850.0132241526306,-10.001196934205844,-10.006357470103646,-749.9410146200003,-19.927541754494825,0.016324144409470345,-549.9959792859934,-19.99483245120676,-0.0276728318730322,-549.9989894985524,60.03531411537983,0.019712881916562446,-100.00482966619887,-40.00525492081501,0.01490209305186085,99.94657843374063,-39.98912106240225,0.07471968616575199,100.02124450030409,39.9861411866666,0.03557834810878466,549.9771381932951,-59.94335760451611,-0.10309206325799827,749.9464906665124,-59.994008739966745,-0.03951067259338862,749.9350272705803,20.00583383686822,-0.06718863886024755,-600.0185360948374,-40.017577689196145,-0.08511333499371115,-399.9932909616826,-39.96855192942976,-0.0631715058434562,-399.97508286237166,39.951964112431284,-0.10464008315681786,-100.07495207044839,-40.006270167755204,-0.017989396568285302,99.97743836262931,-39.98211555607583,-0.011654814552888379,100.0352032001431,40.007997458470456,0.07436966889179841,550.0257693774806,-59.94423171625467,-0.010766308037892948,749.926695156076,-60.002816071591276,-0.07308091938691114,749.9627808077252,19.97160086979425,-0.003692045565113499,-600.003786502773,-39.969103083247695,-0.10732820512100749,-399.9488655819986,-39.956548005366244,0.023877719961743933,-400.03701323130383,40.070662181059134,-0.06336662355248142,-100.11323964392739,-39.96103328652545,-0.046364351002952026,100.03379971929564,-40.00724450625009,0.014380876816586754,100.01702465333662,40.03489607141308,0.04676496285471608,400.02331368724845,-40.067994564533095,0.0018696326813956894,599.9833829706625,-39.97481930597125,-0.0008748547605635371,600.0449714139886,39.940215104791136,0.08058430951015107,49.95808583158719,-580.0828740896908,29.995418034891415,50.06353781807551,-379.97834858228543,30.015829837587464,-29.99774607557562,-380.0354472847498,29.992797463350136,50.05975506161932,-80.0977494589441,30.017986446596932,49.96548615654872,120.00507145613494,30.03642359391677,-29.999637757113845,120.03969904882386,30.01627834238161,50.01961006163192,420.02393520916513,29.96956888660514,49.97793107778794,619.9817339762719,29.964752789406152,-29.978724892694363,620.0842184994677,30.037943445889166
calibration_00074,-849.9926256975102,9.983130356853172,9.985208219390397,-649.9526484927022,10.020424897910397,10.015470033145062,-650.0204746860969,89.98236046271238,9.972532599131029,-100.0339469102735,-39.939872280716834,0.022099775989377048,100.04868666939394,-40.022706823945825,-0.02084419810025867,100.00303835267306,39.95482123103943,-0.00944516459157066,649.9574111284131,-89.99616169917631,-10.023370023419654,850.0143423604321,-89.99971502149873,-9.929431255358773,849.9894980106106,-9.976778511875269,-10.00223115018122,-750.0520022057319,-19.938555553503946,-0.03767378457539862,-550.0141691884177,-20.05376405848123,-0.023584456111247036,-549.9862008571799,59.99163105547362,-0.012265191057083274,-99.9459526642299,-40.0395454835974,-0.02190424692516654,99.97494065968239,-39.90878130776369,0.0939606486271142,100.02657329855847,39.97894686111334,0.0071052095983195444,549.9939608347255,-59.98714822047643,0.03307521157641753,749.9960365754886,-60.080390841274614,-0.12117978074834657,750.0521570311565,19.981420458278812,0.03591776745957151,-599.9673440405894,-40.16488653391736,-0.2742940378941645,-399.9675638396375,-40.13385027903125,-0.20080945402900505,-399.9856761220892,39.909658552503224,-0.23691590830115122,-99.99563143361468,-40.11172147267094,-0.032366286988338884,99.97445199858079,-39.95854302514599,0.032602745939924516,99.96561423304571,40.079424265615174,0.04853449171596487,549.9675244759297,-60.01125551572769,0.045767562110161863,750.0020547278606,-59.97719861319601,-0.0010704509032079743,750.0252145627593,19.96732919871986,0.04703962990884009,-599.9350282500119,-40.217493263163085,-0.29895652169521153,-399.9694072450113,-40.15958761021511,-0.1631807523003743,-399.9929842422911,39.87413739044247,-0.25190584860909737,-100.00818708358901,-40.076844449821344,-0.043680095115109306,100.01332521570693,-39.92534405543081,0.013737863412806417,99.95969664793745,40.02903840634584,0.06141187607643316,399.93517076669696,-39.70635820100419,0.11954501992426222,600.0366904008499,-39.543701661483894,0.13989977611764512,599.955119502666,40.488879917538554,0.1712515800811717,49.95077067740987,-579.9808845848288,29.95806859198606,50.03368031038875,-379.9897776759886,30.056054242227944,-30.043703506394845,-379.9207427848851,29.998228202992824,50.06947225075248,-80.02023862412376,30.04879858631089,50.08815749486387,119.92642500628851,30.044481204747626,-29.840756083667785,120.02025183224661,30.095140450082106,49.95054307295039,419.97299557203127,30.072003798260525,49.96465161566536,619.9637597046925,29.933247916405318,-30.001409110790437,619.9879844360664,29.973165578058868
calibration_00075,-850.0226818577871,10.000698864323963,10.004888125778425,-649.9831774425234,9.951662553166646,9.966983185939817,-650.0202561302893,89.95002618946087,9.993259318949036,-100.01260377978811,-40.025722059883556,0.02858510452730829,100.00033472639124,-39.984926315093354,-0.004788354677332317,99.98058739620437,39.962756628980344,-0.02101991008392159,649.9821249864567,-90.02599048021553,-9.99740250343264,850.0254802255007,-90.03822579781887,-9.966151712500132,850.0340991072521,-10.012242241803104,-9.97391966320605,-749.9473502762042,-19.96851961023577,-0.0034523752673747583,-549.9786185973213,-19.979969891910407,-0.013667178289854892,-550.0438132044742,60.03683556430315,0.04620942845450386,-99.9792869523577,-39.972221056267145,-0.049921642407599075,100.020510183148,-40.01388446707841,-0.03943394785613602,100.03276135371786,39.969743601362985,0.0023893363484722794,550.0133155279347,-59.99260051266102,0.0059475746497221,749.9902920424479,-60.04206500547233,-0.023228958494734435,749.9852267077484,20.042694225051726,0.01351681389385738,-599.9382156776293,-39.810293797584485,-0.026126946899118986,-399.94509212494484,-39.854681262631104,-0.05548856488945442,-399.99715569487915,40.136888480444185,0.019842152492958395,-99.99191359293621,-39.99275701267041,0.02690274795551777,100.00735892524457,-39.977813511995265,0.008100541815510537,100.05142404376328,39.96775087515223,-0.07704981866672676,549.9880858231636,-60.02514299651968,-0.014175640236919517,749.9994154620156,-59.93463688485682,0.025845950245427806,750.077935632712,20.051950252936674,0.022418931789787558,-599.9272860479916,-39.89759429225785,-0.08325180146532671,-400.00556382928187,-39.83607115549242,-0.007899348069837834,-399.95871456031716,40.15490225842489,-0.004073744581797288,-100.01049966582227,-39.95434629731091,-0.007969728587826363,99.95310343922894,-39.99595898923502,0.004083254095153657,99.98064847105739,40.02471084919426,0.0030935480310157436,399.92930194472353,-40.0099950500378,0.023227852134725842,599.9284857864998,-40.10502858211308,-0.06388791268460779,600.0338042536506,39.88766881283553,-0.16412168098923674,50.00012198328233,-579.9128689349509,29.957997264583145,50.01601348609874,-379.9570819040583,30.03074987986158,-29.98423033009534,-379.9200899348824,30.04868426558496,50.060907849465266,-80.02363029509974,29.984590309142163,49.964655127222656,119.99555215593408,30.031073957738883,-29.95221859783571,120.01621654794076,30.00317097112503,50.04708258220851,419.93000875401833,30.041728266839264,50.01884055010264,620.0134057748252,29.981860428662824,-29.971036016097763,619.9784116419886,29.86455953590308
calibration_00076,-850.0047816518365,10.023026048286257,10.0141663563191,-650.0473800965915,9.984355140655657,9.996595242301025,-649.9842138783109,89.99266747597936,9.980675651764544,-100.00360001579544,-40.045868327820095,0.048310886070756266,100.01698808232615,-40.002680108140986,-0.032177410145616335,99.98165935665828,40.07286969327281,-0.017836495195221614,649.9889142923904,-89.96547964928172,-9.968449011716109,850.019918210844,-89.9923715685486,-9.961774511465466,850.0084227595423,-9.948163457836324,-9.968435491492102,-750.0220302266971,-19.994704587776653,-0.05400838479226176,-549.939169862824,-19.959780983130326,0.06419776423572282,-550.042949102059,60.053471635723476,0.04603486504149895,-99.995322482121,-39.94367906234067,-0.010481917704297575,99.9573319233497,-40.00692166856206,0.02091096353347726,100.00661705888031,39.94808777432864,0.03540957753851761,549.922596000971,-60.039339309246174,-0.10048273674608743,750.0223933089273,-60.022871663286374,-0.009301500181913792,750.0026168207729,19.983555129909835,0.02473646132553814,-599.9744052707591,-39.72976981454228,-0.08127519668745753,-399.90687505655353,-39.9174580370856,-0.10917236290297613,-399.9840042230491,40.20030952406371,-0.1259805616128969,-99.86612900717769,-39.95307060247132,-0.02835535319823135,99.99518254596418,-40.09672603390878,0.00017815054636258904,100.02969392340435,40.05214028479597,-0.030815919685360706,550.0269736355361,-60.03327927429081,-0.06955778092395976,750.0528697435427,-60.08624077560275,-0.01746700388374481,750.0006985831842,20.00422022458648,0.02488036766441077,-600.0391341708685,-39.74794015233792,-0.045349226773492915,-399.9537117580733,-39.83763249270302,-0.09000419896198428,-400.003369884747,40.17446871815129,-0.09218651398607856,-99.95586522730737,-39.928745365327124,-0.051048912687639926,99.95893942065166,-40.0761177593444,0.08317351405640777,99.98838777339552,40.00588105362667,-0.011865381918464007,400.01743931607297,-40.00033069316701,0.019982294852642593,600.0076055168946,-40.1408041239403,0.05642366358609488,600.0057295519717,39.87064623501002,0.013140137148069636,49.9334713401261,-580.008062712953,30.018069354798175,49.98152827589521,-379.92646192316766,29.969117094579428,-30.03588066794057,-380.06222171009574,30.000080884566717,50.071471089373,-79.95415134664198,29.965610388697314,50.05952672316655,119.98723475690835,30.028190584178212,-30.039491114271737,120.05695365590559,30.00684069457421,49.94653632808905,420.0259960009077,29.98462788121205,49.96506800842824,619.9992007674723,29.982588131414396,-30.03978805672304,619.973017625688,30.02653203471084
calibration_00077,-850.0012133856977,10.00800315081846,10.008637445412587,-650.025510811796,10.01721581612299,9.942213658779092,-650.0091257724988,89.98710029177916,9.996539073755303,-99.96978444755409,-39.9654791559932,0.00404103823675314,100.0371322351149,-39.982569522762816,-0.06731355371301671,99.98620777374127,39.93623015105887,0.010203132774630155,649.9821700568824,-89.98830791581624,-9.9884130545529,850.0320697826251,-89.99426671042285,-10.0322247951373,850.0068850568815,-9.996872120855112,-9.963443535667436,-749.9927105802516,-20.00208500387677,-0.02147802789984548,-549.935862358125,-19.983856437479886,0.06768160415892227,-550.0225292705504,59.9662880906345,-0.03157319427531084,-100.06947995378985,-40.01120259088302,0.04678330784363166,99.93729519213818,-39.98373700168787,0.0580623558423579,99.99689646347754,39.976564689955616,-0.008226336237152469,550.055048392297,-59.97993879711336,-0.05179573476830505,749.9789600326159,-60.0225323870193,0.07442272089092708,749.8555330248707,19.950955179463374,-0.006645156994803225,-600.0089936101123,-39.88398829089305,0.03854262799337871,-400.06557621947684,-39.96679288320989,-0.05865578672436583,-400.05143595882936,40.03423817531275,-0.01560571795018403,-100.00490522929735,-39.98826691533606,-0.006781296859215028,100.00106580686852,-39.969706322464546,0.09529149723239817,100.01238604396111,40.00143131343871,0.04576798838877286,549.9666846975973,-59.98272416062696,-0.021334146646348376,750.0290261607378,-60.004957127085824,0.01907437835002455,749.9865889181161,19.967924361667897,0.01287207142503147,-600.0713412067248,-39.94911002113986,0.02863197626416476,-400.0881313708214,-39.988384942090434,0.05103863881817024,-400.02068930090667,40.02872162924218,-0.030558469937475026,-100.01774057945798,-39.96138557558419,-0.09918193123288983,99.99429919710333,-39.953591609671804,0.0578464135856554,99.9555540394786,39.99415677558683,-0.026260874794312317,400.04569280430314,-39.92052136907924,0.30380840268208775,600.0294319560388,-39.91263181880932,0.3803478185900713,599.9084471075781,39.978404224711426,0.29044396117402704,50.05317099474841,-580.0630312866901,30.062697247278006,49.960489594881885,-380.045904548507,30.01592320703822,-30.028864888444016,-379.9497297163324,30.065440320655906,49.999136668645356,-80.00955228048105,29.818453347485494,49.92842526762521,120.00921341926517,29.972698675577558,-29.996945605698304,119.97090322781091,29.929338674605166,49.985695536801074,420.10824899551676,30.009667067190215,50.020696699946996,620.1220081475669,30.032544538628137,-29.945037566743164,619.9879761399468,30.00734114382159
calibration_00078,-850.0118915549175,9.98733607117513,10.002770187038557,-650.0142169160446,9.976603183144087,10.057494970127387,-650.0533966696513,90.01500699619456,9.976372756696879,-99.93459543296292,-40.00495054424778,-0.04013682296724428,100.00732423224238,-40.0000162762302,-0.012769854692164503,100.03761432314806,40.007097021400945,0.04538217820677799,650.0457773585704,-89.98941579146917,-9.942306082786466,850.0120015886858,-90.01977028470166,-10.012520820114199,850.0039080096692,-9.938482846906332,-9.954305511406039,-750.0215767607497,-19.981954570857077,0.04356292973346283,-550.0065063467124,-20.00732411064614,-0.03432187316253289,-549.9259495794832,59.965739369074406,-0.01856604073634025,-100.05651892167344,-39.9960542679376,0.028110040061655187,99.97659971434169,-40.078750433916376,0.05181338584122697,99.91317985212325,39.98994474476471,-0.08297742518384676,549.9513214102452,-60.003322587586524,-0.049425232711811755,749.975860697866,-60.021100257016386,0.0009714997344151266,749.9834616670331,19.905508464109772,-0.11412711478596356,-600.0985899474979,-39.924729407614834,-0.07302998127558759,-400.0849445021067,-39.984242487109896,0.009085228223698349,-400.07796827579375,40.06368198179532,-0.12007547969415983,-100.00926200125214,-39.95210547770588,0.028659367197373015,100.02252663728339,-40.03138680160421,0.09167183111213562,99.92979437068529,39.97911593957557,-0.07416592165011533,549.8777204571968,-60.017752609977926,-0.011644585542138465,750.0402852892922,-60.0051276997925,0.023850660644464172,749.9836262235743,19.96903648450498,-0.03312244986243746,-599.9953995399053,-39.943918708610894,-0.047101765459469785,-400.0621284047454,-39.94817743348409,0.013002754160395619,-400.02695707783414,40.03622564039461,-0.11798054035333103,-100.00561708265705,-39.941371427971596,0.03783891032305382,99.97946478925581,-40.03545739717012,0.13709029413461393,99.99551376960665,39.93650891961877,-0.06786377824087593,399.97116411653064,-40.05610061073017,0.15691812772827463,600.026318766277,-40.07280153534337,0.22063399860815486,600.0566227019086,39.95831323106799,0.08961318820205882,49.97869093657797,-580.0364300410913,29.99481761835604,50.00750648038943,-380.03929244327657,30.041689699514095,-29.95858826852227,-380.0518653283138,30.00480170478826,50.03843253378297,-79.97387805891954,29.959445526164906,50.05346501101265,120.03502717319209,29.961192465639378,-29.925716208830256,119.92277847883993,29.996388159390282,49.978703675380224,419.97337480648577,30.03635541919079,49.99361978126604,619.9785563412837,29.965911996204678,-29.903845325572952,620.0459297202292,29.880801629454243
calibration_00079,-850.0063926538727,9.993734158859962,10.021299663774942,-649.993390184424,9.987607872624146,9.995946655813569,-649.9762739749398,89.96670882776942,9.999917043183986,-99.9680658170179,-39.948796192793274,-0.029551642084487833,99.99976792716552,-39.94013823287598,0.032012363892292235,99.97696649798638,39.97588163071085,0.013636792799749168,649.9966633846897,-90.00871282083007,-10.03449284470795,849.982522865483,-89.97012638799214,-9.99869144308464,849.9356268342775,-9.984250998419874,-10.012684348665719,-749.9909255688457,-19.99568296512908,-0.042063210446885484,-550.0182103008989,-19.99265288176768,0.0261092190721828,-550.0070588272359,60.04578228420726,-0.02435164523374756,-100.0170555562529,-40.02153328687352,0.08569131947866006,99.92591031030072,-39.97801554289682,-0.0840642333546904,100.05083024443428,39.91039421519379,0.030478808146828074,550.0720991671784,-60.006577535793056,0.028449393026528103,749.9681656368973,-60.02175884946308,0.0022522144082185273,749.9984870348237,19.915980989235656,0.0468287821915573,-600.049994749879,-39.869752640103606,0.5190365267199608,-400.04928052292826,-39.941384195455,0.2921021928572901,-400.0152223061656,40.09797354813746,0.4593729080222218,-99.99211546029535,-39.99920234343724,-0.03033237195172407,99.95367020117475,-40.042343662338936,-0.05397232802314094,100.00758918015812,39.99428992803259,0.07632079390964638,550.0952550861008,-59.95270306190591,0.024214137347587324,749.9749212386689,-60.018415200861185,-0.01663015499927072,750.0087503639985,19.9279700087324,0.008497007071005456,-600.1400104540983,-39.93585485306691,0.529347766482346,-400.05660055268004,-39.90181979607895,0.2896870380990751,-399.98159531070746,40.07382999443181,0.47893214457795236,-99.92363467646071,-40.02324773466462,0.003652443248484686,99.94034502268819,-40.0176785342151,-0.012545940541589785,100.08988296758082,39.98454548557996,0.027504026498385677,400.07313538597015,-40.10178523034404,-0.06435235825444909,599.9038088891327,-40.09275415587677,-0.09743579804547658,599.9871070040393,39.79292945859316,-0.005185420284439692,50.09634259096794,-580.011156934612,30.19833333016529,49.988961027039686,-380.00483257132765,29.961396639914728,-30.15789232492534,-379.99049527943913,30.158557738698192,50.04810273379008,-79.95190512335799,29.878589016055585,49.98067482498189,120.06176097591128,29.94028519039964,-30.021205914760593,120.02407628638393,29.855861560748135,49.93964837032096,420.1402236452905,29.956762519729647,49.94707079993957,619.9466323841303,30.01021827240269,-30.053059735256703,619.8879067016647,30.052771605234728
calibration_00080,-850.0076809360551,9.987014156937462,9.978461583802243,-649.9487526872744,10.004007597526723,10.009613104957596,-650.0498608101847,90.01554529416369,9.973777629169065,-99.97357884672373,-40.01063330098847,-0.002881361270690553,99.9882863593451,-39.992183027398816,-0.04749049066954162,99.93038334884572,40.01850693082016,0.022298250256536613,650.0197096511587,-90.03210387561937,-9.960633861793205,849.9674782044044,-90.00836974999022,-9.903228870263362,849.9746169116307,-9.97878583440435,-9.997762173280002,-750.0426488025253,-19.90511982771442,0.06748835544773553,-549.965648735353,-20.039971621720824,-0.07331697026830616,-549.894869387965,60.0229730157755,0.012609726759949823,-99.98407196502845,-39.98200291234059,-0.004732425842810168,100.02863658979146,-40.068307171862486,0.11392345714949624,100.03710305846674,39.999972382676596,-0.032313034360180175,550.0328841297892,-60.01603630464482,-0.05895129873694256,750.037713750165,-60.002434426315105,-0.09888094034614611,750.0329091191205,19.982777532856606,-0.044369001961661075,-600.0189289044558,-39.864160776466626,-0.30706942771923107,-399.98503034571695,-39.95347970943007,-0.16671837341029433,-400.0568685101412,40.09761155969149,-0.36972166876224644,-99.98119950234228,-39.947378054452194,0.02899479157075657,100.0893509734694,-40.06361082503536,0.03805408222709142,100.06358018883985,39.9123300144791,0.011812641374437521,550.0210006996392,-59.9907955909504,-0.060317069077071864,750.0435204727081,-60.027239422288275,-0.0528580576006068,750.0017278502211,19.947409736979008,-0.07468201878536511,-599.969367430596,-39.86569516353655,-0.35725989383997836,-399.94535489442325,-39.91991721912186,-0.20900154123091458,-400.00581373527854,40.01909918127267,-0.272328001714222,-99.95145324215682,-39.900229502225486,0.03551423129755677,100.10007600970323,-40.01819299310728,-0.012718464779140173,100.07204042826872,39.97871898747206,0.0030118350273092426,400.0468750448878,-40.199933169703705,0.09269708581167088,600.0031431505263,-40.39939988458403,0.05366174268538727,600.0762610939513,39.621063737917765,0.10856170031565321,50.1106603085322,-579.9570227649281,29.866287765553288,50.090877141380425,-380.1240626050628,30.041041749633276,-29.978395280649075,-380.0634290865292,29.864478953950034,49.92696880475376,-80.03198515241273,30.17342719685492,49.98867675208782,120.03932366172454,30.043724944248495,-30.04706955523551,120.00483450958562,29.962440756609087,49.969705114887276,419.9921839147384,29.997905505033724,50.10039717519142,619.9253049611164,29.902451332888553,-29.932758775159485,620.0432142694509,29.933332892625764
calibration_00081,-850.024249258488,9.99686088623407,10.013314284743746,-649.953961027637,10.011328416964588,10.00903062111162,-650.0577077403358,90.0311925479796,10.002909286718868,-99.92872402973853,-39.97891207905756,-0.008217147804015374,99.9913033139817,-40.04005186393367,-0.005485285410922452,99.97477962169594,39.99582778338715,0.019479687626917607,649.9829073381377,-90.02921811282965,-10.022801749087403,849.9930009121259,-90.04049415062146,-10.025508534236897,849.9608520127812,-9.968681877998392,-9.939500953740334,-749.9484773246195,-19.990676257561407,-0.040810845815348565,-550.0313314357815,-19.965039363921512,0.0070590313210953295,-549.9528417428894,59.98903563164903,-0.015022882684112579,-100.02986993831995,-40.02276332628146,0.02464227570724757,99.97014761359918,-39.933198126689845,-0.02255366995117822,99.96499987685452,40.04209777714716,0.03170417312610578,550.0272001202576,-59.93274660083003,0.07914484741278566,750.0716805373193,-60.00714286957808,0.08816236626988419,750.0683404569223,20.00395224558754,-0.04353120065049578,-599.986755393004,-40.18928589336952,0.14190729564905805,-400.0714852143978,-40.14452154078133,0.008249424495833796,-400.0266802477355,39.89575239488101,0.15355511590553875,-100.0413605511214,-40.00008301488731,0.043253295721913734,99.97324824706068,-39.91312151027608,0.005142378384532718,100.01518352885797,39.977640710100545,0.011122771978216347,550.0365826868211,-59.954913566784846,0.03350267027401209,750.0335323528543,-59.89900783319079,0.08140030104743601,750.0150728278799,19.970930948909526,-0.07795563479950567,-599.9930656017428,-40.188706699913986,0.17110079767272862,-400.0941446313018,-40.07361859048795,0.10741172331548632,-400.01720844992616,39.80714401646084,0.14795579405856074,-99.99024018857781,-39.99682557231731,-0.022958993703150694,99.95802073676468,-39.96013693669913,0.013923516305790666,100.03513793966502,40.017677714285384,0.00486232224829543,399.98477893354766,-39.929517861327724,-0.030882341872684606,599.9889959663184,-39.998368541934845,-0.13442067174637054,600.0241003856733,40.000356952904426,-0.03762642947735162,50.10480088750992,-580.0428983143369,29.996624962593092,49.97084753333582,-380.04914813598515,30.0024112600798,-29.973721003924926,-379.98887765560215,30.02204976147926,49.943224241145884,-79.97850698336237,29.92140463605996,49.99162365624763,119.94571546242419,30.028889030390996,-30.06611797004463,120.02280493506291,29.979551454856498,49.898367811277176,419.98917555972525,30.102097727878082,50.036046055059806,620.052329034481,29.923175968686895,-29.956515369277014,619.9360270305016,29.953306764750966
calibration_00082,-849.9831990323576,10.022410765728718,9.950287506341393,-650.0030781329345,10.01086219751321,10.065113346107097,-649.9631492000404,89.99072746697021,10.007340832196087,-100.01472954551079,-40.03106153454411,-0.04027490778236409,99.97640791553621,-39.978834245109724,0.010878768785509193,99.98255172705299,39.99455906723358,-0.01544928851394268,650.0641120280667,-89.96062900664374,-9.983707542244222,850.0459880772306,-90.07114079077638,-10.00004871654419,850.0312307980263,-9.988218998034997,-9.999001991378968,-750.0645744619894,-20.045333635426545,0.12958583486642616,-550.0163954365563,-19.998820039891278,-0.08981849500257355,-549.9902214564357,59.90721086249165,0.015327308221280263,-99.99683561711298,-39.90399127638212,0.01688195346872708,100.02112338710127,-40.014482874240485,-0.014127186297040094,100.06561903236384,39.94676511841256,0.015901000655607303,549.9651991865666,-60.03085009026046,0.038617610935617636,749.9579183747516,-59.957321820932144,-0.027999127813660794,749.9614853170802,20.120824232652698,0.004340120915111833,-599.9775657581653,-39.605846065286926,0.017864869682566172,-399.95126778315426,-39.65958602700292,0.05064899387591851,-400.0053984039588,40.217056106394736,0.022762375698311483,-100.02442846217009,-39.96565459760648,0.1132297845698236,100.05589809521796,-39.98878405825686,0.03057594258057936,100.05935547901427,39.93337721872184,0.05112769807591648,549.9557115242453,-60.02033993503576,0.042299177386514036,749.9523452091945,-59.98135127476635,0.0195922769015041,749.9677123781532,20.086715936299246,0.03431044951006759,-599.9603412647787,-39.620614291713416,0.06277279430779992,-399.9443066864142,-39.63796229986901,0.18414027316205805,-400.08537732385213,40.30575061868214,0.04887800706377394,-99.96079423931162,-39.934069587640785,0.015672422656043197,100.06414739799065,-40.034353855003594,-0.044077050675610144,99.99515904507562,39.91868284861012,0.025547925350837445,399.9913715494755,-40.12484956059451,-0.1127101986724432,599.9554195551432,-40.301345992685036,-0.19362075581812166,600.0872625588229,39.817381762783285,-0.17669540861583816,49.97844100345175,-579.9280228257769,29.915546181338215,49.985212914249395,-379.9804142220245,29.97827244072134,-29.97616860538304,-380.13122274576517,29.922989327943107,50.07086247021748,-79.9816833455849,30.01126136675953,50.07420577380003,120.06381277262635,30.04174915107066,-29.949319321064298,120.03573055736074,30.124593244516937,49.95739008835374,420.06358623321813,30.081658173967913,49.972597477503534,619.9805186766015,30.033621447898987,-30.07052875438822,620.0309259981253,30.026287613978482
calibration_00083,-849.988472623982,10.01835151756904,9.964837092689793,-650.0446698545841,9.998883080924205,9.999700043495494,-649.9838555706694,89.95168428370786,10.001070432047154,-100.0066628710014,-40.00931017945312,0.017953077579758305,100.02025701285054,-39.96087480082151,-0.026185141902856205,99.99000911752479,39.99620892576946,0.02153453309739244,650.0496641589663,-90.01831403225758,-9.985935868659096,849.9699912872436,-89.96790975828681,-9.9986864850841,850.0137774454237,-9.95260690341713,-10.011182209522003,-749.9717022250035,-20.06500982478861,0.05979761619380499,-549.9672248918391,-19.873609314937994,-0.07488049104712786,-549.9590509273806,60.02614840940165,0.010028649511794711,-100.01970114406718,-39.96293729186947,0.02937436078622232,99.98607908796453,-40.036775580941736,0.08959701652067444,99.99425005117777,39.99355092861272,-0.0560376573873403,550.0087364832624,-60.01744899410846,-0.011887459798423292,749.9575311346288,-60.03889023417537,0.054960920456069595,750.0839650477293,19.9529744736503,0.029890728978948282,-599.9839014661213,-39.86074400308033,-0.11055806165546264,-400.1267692254909,-39.89015163407215,-0.04484771285839549,-400.03600878943786,40.11547005160088,-0.26119195871708073,-100.06309849770273,-39.91248731026706,-0.03910779359610461,99.97792529811916,-39.972178640846096,0.06531656859538,100.06805021105434,39.9196323143045,-0.03223201632647538,549.993108041012,-59.99097554366054,0.011338789265128303,749.9148313219822,-60.05599224130088,-0.02569157700879044,749.9902116819478,19.92823268434748,-0.02649088078232855,-600.0823073614378,-39.896883573246356,-0.14629099555959962,-400.0815104148601,-39.90785776257076,-0.00018983209267293792,-400.0269723653634,40.1254714726666,-0.16836794949878614,-99.99127563204007,-39.9741498272148,-0.058246439118945385,100.03166554395925,-40.04518224187908,0.08656284370155956,100.0293890060486,39.9591617558541,-0.006862626257628441,399.9489110544254,-40.213844011415276,0.30515393160555254,600.0079865305878,-40.359000269973265,0.3468229796654705,600.0908814985644,39.56609093885785,0.22334025738517865,50.12183372096341,-579.959526553007,29.979289859178255,50.001231376526555,-380.129949770871,30.05747847621158,-30.02195682473851,-379.9891943264156,30.00222653196055,49.96373784437666,-80.03854839170837,29.923711682063715,49.89124812279592,120.05298359836999,29.937275266426997,-30.098550265647145,120.03887683899262,30.03820792167789,50.056292649028,420.0497191546745,30.02862895795748,50.058775246146986,620.038431168923,30.015076580472783,-29.951082006329436,619.9513992024566,30.017666983250752
calibration_00084,-849.9994279869478,9.944789230459316,10.001883253086982,-649.9950088741236,10.03141914742732,9.959750242267276,-649.9937176082501,90.01504902457229,10.033541854962492,-100.06291979358647,-40.05762886547823,0.01076430905240382,99.97942412274493,-39.96269855142276,5.723183080615587e-05,100.01726962174331,40.010996989564326,0.021100142854569962,650.0303142130487,-90.00729724365536,-10.001558605495145,849.9519184479977,-89.95629986230632,-10.002498335216549,849.9553778153106,-10.015644583539387,-10.019674077536875,-750.0076973853219,-20.005898577603254,-0.017112481060449054,-549.9591932781927,-20.006370743497232,0.017541413259935253,-549.9097294800787,59.94013029233061,-0.06852388564889614,-99.93209853738013,-40.003822664009675,-0.014812474876186817,100.0189597780128,-40.054687854872185,0.009831272892467893,100.03207114594926,39.99502700930687,0.0585406642949256,549.9855726965765,-59.96292210200529,-0.025500293289736284,750.0559406917588,-59.976784703392546,0.03915972929628497,750.0322616961488,19.96952502214314,0.032479469791803606,-600.0691872561074,-39.960883558157064,0.018983196848736818,-400.0805393088409,-39.91991581549471,-0.11590281091495527,-399.95731943924875,40.05958562251079,0.07837319578226588,-99.99964534514896,-39.97576595769127,-0.05557271800751361,100.06797908484019,-40.03511986135933,0.05838624080049752,100.03368821523773,39.936865041655935,0.004836748741233278,550.0037758377248,-59.967471464736754,0.0023149517876332164,750.0809240792755,-59.93865184940345,0.06324413374134123,750.0070823926106,19.97381415946102,-0.007703307257277589,-600.0571542193628,-39.93001432988421,-0.02216209150901472,-400.020413325635,-39.955772531102696,-0.05086713046009599,-399.96956672981975,40.007679811033896,0.028592554485873285,-100.01234707708079,-39.9952042928724,-0.04834112249175759,100.02857787797291,-40.051477930333554,0.03810173314527872,100.0828070364291,39.932330090375395,0.07808041532873,399.9733685290229,-40.207373542480745,0.1889222801565672,600.0608092958395,-40.2431262483897,0.23519742544401562,600.0095459270286,39.75722640173767,0.2871487677576181,50.0065012588901,-580.0299394525349,30.06277725948094,50.043828521405615,-379.9826988891645,29.964376403104378,-29.964012061968194,-379.9510969808279,30.02201759573448,49.96645445145403,-79.98540818572809,29.904586642485583,49.98826396299623,120.02339309071063,29.94535511937495,-30.045646866208994,120.05148566472597,29.93493694553761,49.991554624704065,419.9796085128994,30.085249313344832,49.9647317947181,620.0293464698386,30.027823326181913,-29.962898721554666,620.0375538622046,29.99592194795609
calibration_00085,-849.9931511175166,10.002933506362096,10.005622116976143,-649.9933709704741,9.961409805291476,9.972106037751626,-649.9640996052605,90.01002285004252,10.02255077812289,-100.00497339541778,-39.97260730950883,0.02029236195423517,100.0116232439343,-40.009994376545166,-0.0029921633843424953,99.97112632741381,40.00899067954584,0.03298213732076805,650.0251764813335,-90.02575874505216,-10.05867539407966,849.9790092982836,-89.98503221306945,-10.008548694364814,850.0318048699017,-9.990852078706064,-9.956566856642338,-750.0400027745126,-20.059676514049265,-0.0030666589824107334,-550.0526477849979,-19.965881517411418,0.054118447360873,-550.003485854604,59.99106185366149,-0.06080911117683818,-99.98356430860927,-39.972455556971006,-0.04355487702739634,100.01094112004404,-40.0125852812363,0.021060945150253488,100.03235022441493,40.00672429413663,0.007568203392955948,549.9871581842003,-60.025947454590536,0.10476693967170775,749.9374138259564,-60.01356589508737,0.014952834089878513,749.9697173588296,19.947086667758484,-0.02589110897986461,-599.9907306035996,-39.871935453367875,-0.18269336089673652,-400.01325247996544,-39.92277940570924,-0.17474997415747023,-399.8534463330602,40.12383692951911,-0.1262412074154608,-99.97200029143393,-39.98413387268684,-0.06660579005635868,99.96995852400129,-39.999607065641804,0.0454511569535732,99.97775116629899,40.02807950850203,-0.037429329889137206,550.0181136634286,-59.97122888736828,0.02228075237691119,749.9274168611238,-59.98494662893922,0.0074051776169680224,750.0574846982101,19.920738390421967,-0.07427260390678495,-599.9247873104484,-39.8801896566554,-0.21119755209681418,-399.91091045439634,-39.95898121398212,-0.1377902531704368,-399.9445176376679,40.100839260695395,-0.1441375987622694,-99.95082996309229,-40.04754467999922,-0.05471716084480868,100.06475927864099,-40.04544275025971,-0.029035729770931218,99.93178764023028,39.94502527926886,-0.0855530700705793,400.05307724800264,-39.942032316765385,0.29581977014353683,599.9533457281955,-39.95176862223743,0.3262067944142735,600.0183495549761,40.08583904745939,0.3070150462733848,49.87944481584021,-579.9252534318891,30.10385112426752,50.012842133823,-380.0173271580485,30.034825097298565,-30.008020388216252,-379.9766209621995,30.0544504465506,50.054748881266576,-79.98580325127342,29.950951987384585,50.044276604869864,119.98114294262102,29.88027316664067,-29.975367844722665,119.87959200666613,29.977621412504558,49.88418114042059,419.9611860851784,30.062590109437824,49.99776189742759,619.8795440918921,30.00674465780414,-30.016448682538332,619.984665105164,30.04495808627276
calibration_00086,-849.9780124324417,9.979455157708289,9.945862579854472,-649.9940363244316,9.978308807087709,9.993177143294334,-650.0014973897589,90.02672240354592,9.988032254316888,-100.02675846425733,-40.018734234248655,0.007269851291559029,99.9426807401452,-40.00959821204944,-0.035431306661770426,99.96059304362181,40.024823886849084,0.033940420201448926,650.0020364648874,-89.99134082600597,-9.986242988994682,849.9817368617488,-90.00187035686865,-9.98233299190944,850.0133820773337,-10.007974932235427,-10.001445819034368,-750.0269702932862,-19.988062533575206,-0.02593299014150338,-549.9956675628156,-20.006489602216682,-0.01575061601193648,-549.9817393774828,59.99437141949566,0.035554635536724395,-99.9656725201985,-39.91914412197643,-0.03385884258893082,100.08771712693469,-40.01514015272641,0.01844047558498322,100.03278616684,39.95066153344006,-0.07747302864673619,550.0382908720452,-60.00643877573331,-0.011640381610836196,749.9664569861317,-60.01533225405486,-0.02835878216665475,750.0378570228012,20.068808773525728,0.0010069311088145398,-599.9469180852303,-39.71190081425561,-0.11677795438644403,-399.9377516682485,-39.79469101783684,-0.1069872455062196,-399.9083648477257,40.159450350381945,-0.2502852362433457,-99.94213899611455,-39.98509504183712,-0.039379212262450836,100.05301864799031,-40.02855447316255,0.09958717975005071,100.00370641468086,39.93491840221326,-0.03322605669590817,550.0148995185372,-59.94989634340267,-0.01892837761420705,749.9446988590119,-59.98624586839423,-0.056188723335242864,750.0056179159656,20.064971090602846,-0.0337537412799161,-599.9590392199857,-39.67099398341069,-0.10059659751102723,-399.9713865536881,-39.79995145599242,-0.1430705615979035,-399.9140493451742,40.19659543791021,-0.27630100930382495,-99.93327162061233,-40.07314162456124,-0.030662783458436087,100.14967511810023,-40.00716839300424,0.09590474569735681,100.0554608875031,39.95419557340269,-0.05522273105616719,400.1065822473367,-40.04327013820604,0.2845268986666475,600.0397795644275,-40.198303380193074,0.430290726584282,600.0105749553952,39.890163550755105,0.3090226715352717,49.958341677146315,-580.027818127314,30.192002402743846,49.961263217674755,-380.0451950914409,30.07133150275702,-29.998863741277468,-380.0312080309487,29.94552325371133,50.10012411549742,-80.01547189446062,29.96858952408636,50.022943524716965,120.03536986698326,29.867746951308774,-29.89311678124169,119.92053519352652,29.944891343093232,50.029859891736244,420.04068105207836,30.021886569064645,50.061560486397894,619.9831589021627,30.05838697219334,-30.055855505864496,620.0361914734391,30.085595130385222
calibration_00087,-849.9958539803633,10.005808509073459,10.033515475110185,-649.9098022148899,9.981577756900775,9.984087975865377,-650.0004638885435,89.9734319152404,9.959597821681765,-99.95315061528265,-39.953734441039195,0.013715638855271323,99.9908016307246,-39.980692333276565,-0.005621538315150021,99.99907041594413,40.032140515760794,0.0034407306879969115,650.0027684492052,-89.94568712197315,-9.956808143848146,850.0321773448786,-89.97313213106321,-9.986345156338562,850.0518626560479,-10.01096666108556,-9.996811288219691,-750.1274651226371,-19.94349656103913,-0.009686049082679404,-550.0103348336726,-19.96629445714782,-0.00283678128354084,-550.0386565155619,60.08039439193979,0.013295883449698176,-100.00926966344255,-40.06068234383529,-0.05825551249837724,99.96679577844804,-40.00937510015981,0.016518104506671204,99.97495115863855,39.94840094974496,0.006266251757856287,550.0004460452493,-60.012997237367976,-0.047717816442200404,749.956864508728,-59.93089114536815,-0.011268931940570825,749.9571960715792,19.985794903716982,-0.030615133683486364,-599.988185847236,-40.22978806438901,-0.232982258475304,-399.94714861942225,-40.10535483319344,-0.12169431479101547,-399.99421814512664,39.89137044121955,-0.1802925180852976,-99.98469747400117,-40.05404860724578,0.005798689573300493,99.94660095301245,-40.02559952317113,-0.0570752080761155,100.01675544270174,39.94561345090243,0.04743071899642893,549.9714386291521,-60.040306141999764,-0.07111811891731462,749.9444178103435,-59.96588854132971,-0.040439829054445674,750.0110329098013,20.026667012769323,-0.06238060168842317,-599.9874013087418,-40.20923680134498,-0.1775726921967254,-399.98193794069726,-40.13288438105933,-0.13020370741487788,-399.99331001785356,39.98611376590897,-0.17243022295858065,-99.98608772516795,-40.1239654170418,0.0714590317197322,100.02788479425188,-40.0761072071613,-0.04598600952564636,99.99854379814352,39.891802813197515,-0.027199514923437525,400.0275463206384,-40.03590129089338,-0.1314324813371704,600.0066764419856,-40.02266490508001,-0.11289868204338177,599.9717316952731,39.89487499424526,-0.15224645693847388,50.01013974144801,-579.9751598269253,29.86104713740939,50.035524827885055,-379.9825099304428,29.97162954461789,-30.076796679228778,-380.0813966360887,29.90177637841752,49.91121383807269,-79.99087261082863,30.14252761526115,49.897653129336334,120.10957198521919,30.05451474345277,-30.054723978138156,119.98827772087206,30.064538995358983,49.88465436307476,419.97595584117306,29.93138735285086,49.94561809890945,619.9031526672444,29.959132349489753,-29.921451319703152,619.9202858548582,29.955911884865653
calibration_00088,-849.9327059639422,9.947681210113558,9.997542151504542,-649.9833078286756,10.006580779618341,10.006031821543713,-650.0001758125389,90.02632223746392,10.013088731297449,-100.01415387676309,-40.02595361898132,0.02732260893544136,99.99478632496375,-40.00401621555057,-0.01908042300432544,100.02590404020877,39.96602171187301,0.02164471606296287,650.042858171641,-89.93558871925723,-10.00353041390845,850.0033585281201,-90.01983590268924,-10.01168048839626,849.9794646482334,-10.028500629058906,-10.01550700991127,-750.0765443258132,-19.933693401465675,-0.095255957900311,-550.0056330234407,-20.014489542258072,-0.03294252305633987,-550.0245111163972,59.96009722976069,0.017449891522630198,-100.02118977271547,-39.97568880357741,-0.043060294286888505,99.9426601435856,-40.0072011858898,0.04316832777017941,99.96534227093952,40.02383645558805,0.03059608292505116,550.0135243218008,-60.06100684535063,-0.02150007192362653,750.0531764030395,-59.9476850332178,0.07064454388689262,749.9433974434793,19.988888950125915,0.048490456489551914,-600.0220903986118,-39.90259002195075,-0.20606295415441037,-400.0174212754868,-39.94806383811524,-0.20279162380590213,-400.06898529627716,40.03697244604811,-0.1350808734690149,-100.05211335849062,-39.99928514650467,0.013989427067822264,99.94980943672532,-39.94048242884426,0.029505080166603945,99.97469371581768,40.036063897724105,-0.017039591066306693,549.9648355538371,-60.042914948063064,-0.013298354291133845,750.0116951594914,-59.95261667110106,-0.05040188836780054,749.9504189542628,20.02089572849455,0.03368662942395551,-600.0246939765409,-39.97463728458882,-0.23517304008006729,-399.96714217163947,-39.97807612400811,-0.18155416613796888,-400.0952592009831,40.02825792783118,-0.1877196850141412,-100.00863782522732,-39.955377537274885,0.025785907251677762,99.93123622772018,-40.01874817032784,0.08095597394358678,100.06006856835721,40.02454040173697,-0.05847364001495567,399.8590274441129,-39.89199454900861,0.0016124566620846145,600.0079663968581,-39.94377343529298,0.16083546686282274,600.0054089763353,40.119170533354406,-0.04508881783910268,49.90281872149413,-579.9468672148564,29.99440539164791,49.91288892168858,-379.9361926494517,29.965060002113038,-30.07960991643836,-380.026690906992,30.035698472972992,50.01986018965587,-79.91955605204039,30.113110582599962,50.03401029990066,119.91467187210888,30.07160056839331,-30.001856960489032,120.1531211086718,30.07916702549179,49.99220357359538,419.9793549309701,30.007365938583405,49.89240257209056,619.985993563148,30.085737373306294,-30.052734592855273,619.9997833472953,29.95814360425761
calibration_00089,-849.9498508144952,9.994133802275636,10.003719450314383,-650.0640964470095,9.998849792984887,9.973559546805596,-650.0112667387818,90.02008637301746,10.000575425233526,-99.98019575110936,-40.002500535634276,0.05059707926697155,100.00586331861213,-39.97128202633498,-0.01801520780402315,99.9819885581276,39.96391945777819,-0.025767230849093346,650.0120932686089,-90.05269707730149,-9.97931172861873,849.9959719242657,-90.00714751012735,-9.997054111278747,849.9785676605172,-9.999784213733,-10.014074517827934,-750.0058888043884,-20.015995499247744,-0.028790487068468904,-550.0205134186132,-19.987729994263624,0.028271873726385986,-549.9996546962918,59.9918380196577,0.03311147587433575,-99.96996285148505,-40.001947623698776,-0.04899028238402953,100.02841351168102,-40.01798041269009,-0.047052760371603476,99.94991509630046,39.965349760902676,-0.044253336137221516,549.9794481127431,-59.95696330695647,-0.029219773583644405,750.0086514485457,-59.96324849141757,0.037700137471584946,750.0806264698781,20.004562221585097,0.0027926061250879153,-599.9918338390055,-40.04194744415205,0.017572130350708624,-400.02216871956193,-40.0438700545679,-0.009102471026203776,-399.97663964218737,39.94066205536817,-0.08603615750023019,-100.02018449714556,-39.99351478455355,-0.07556812521700336,100.01011129272023,-39.99764604859435,0.005699736076512623,99.9956697147483,39.99804328688856,-0.03600836302269136,549.9894135706088,-60.012389480390425,0.027263447981611802,749.981574869267,-59.979725588252585,0.05567115516636626,749.9754648856016,20.014609457050234,0.09481113566608561,-599.9808964435294,-39.98738608713496,-0.047229232376521886,-399.9650315036454,-40.054924370212746,0.000645649281999082,-399.9934002965543,39.96571877066337,-0.07865241305672245,-100.04814844126352,-39.93446727957979,-0.01733590798970868,99.9982494396481,-40.047047980889104,-0.03281183577108804,99.96476257837303,40.04737258471825,0.02499720077391873,399.97685084436824,-40.07219644596924,0.06951602017129428,599.9490423868002,-39.94426460095389,0.18133044231002884,600.0039995700104,39.99085655131465,0.08964715891509822,49.95591992841743,-579.985420964686,30.024850251908646,50.02683435006925,-380.01264589822443,30.05273041120691,-30.01576613773998,-379.96978487341664,29.96165640543052,49.954777270334176,-80.01538407226164,29.949799334564055,50.005360382602184,120.08230770781412,29.980578999029007,-30.0324316232399,119.96679232396636,29.982500067506063,49.992838414510295,419.9910118470572,29.961495988712244,49.93692647457571,619.9739631960174,30.114029379074587,-29.96295910072182,620.0717798745104,29.991176174360845
calibration_00090,-850.014028446099,9.997892774374888,10.035321908027228,-649.9491071343681,9.976545625433063,10.018622214183543,-650.0026663420145,89.95759815718787,10.02324228152838,-100.02549507909457,-39.98377798025848,0.05204964631452413,100.05964994649193,-39.91894319195857,-0.0005438666451483381,100.02166272958908,40.00340266976245,-0.0383800751754539,650.0213479243522,-90.00907622052833,-10.014104847742967,850.0333851606468,-90.0228585594302,-9.965437156947718,850.0129022538375,-9.959482876904193,-9.987888972585207,-749.9418968297198,-19.94997239943615,-0.07254522890116288,-549.9992890543529,-19.9787823856349,-0.08816546758696633,-549.9639179063481,60.04187582522655,0.013315866542697253,-100.02285676792789,-40.05169148488881,-0.02194754424717868,99.93926874845647,-40.08056081647113,-0.018785216671476555,99.93315582386549,39.93719606968548,0.052641450290611694,549.9457479578444,-59.94396083092015,0.06173364922732545,749.9746333745406,-60.062134940708916,0.005318242145284903,750.0348318899709,19.973357309424035,-0.032799500936680576,-600.0621638584734,-40.01088846396739,0.00900203696966807,-400.09391499890177,-40.057748685973216,0.07680904187167825,-400.0695980626571,39.958960413146684,0.03740398913311009,-99.99358275847055,-40.02146422996951,-0.04673570205137845,99.97528828284614,-40.058104932179056,-0.027175549960963198,100.02206362399647,39.85455029652222,0.1309083691746654,549.9287744642133,-60.01001087772346,0.06731782753347339,749.9666577428586,-60.09793782730074,-0.08120280951310808,750.013187324455,19.982628700761378,0.019283918647133413,-599.986882026935,-39.999517226304135,0.0026497706474950342,-400.0806212169406,-40.05761593145949,0.06484583472667789,-400.15340177708345,40.08495828357439,-0.023184201449155763,-99.91096035297433,-40.01982802409307,-0.04579795189153822,99.96997233693058,-40.16254499925114,0.015800678017246557,99.92274387170797,39.925142383072355,0.061522061176509546,399.97870507293754,-40.196980559330285,0.001980269975963879,599.971282789794,-40.27241192389512,0.023181911276767636,600.0170573515248,39.70004972083366,0.024879415787364578,50.0698630470359,-579.9942268957252,30.025563880182403,50.12114277749229,-380.0695929590347,30.019947318413188,-30.086023232812874,-380.0659225373525,29.978818516676515,49.96990822194781,-79.97216733603504,29.917711004818116,49.973519981937805,119.92678417798606,30.038668789666676,-30.06389851102522,120.02779409034316,30.05941129964712,50.03174166088994,419.984822349506,29.96973056360785,50.04320531262347,620.0425484978962,30.11778983283663,-29.950126726457274,619.9893098208321,30.087252769998912
calibration_00091,-850.012751811949,9.998486878560986,10.019602000789268,-650.0302435672933,10.005483933818127,9.95076723742084,-650.005615151633,90.00403035897503,9.99378884782541,-100.0000036952449,-40.003043389040464,-0.013912222964706568,99.95271574032658,-39.9801132397647,0.007008572792407355,99.99713833041513,39.99763069283259,0.04764700141300172,650.0053779545613,-90.036585210131,-10.010339601237625,850.011040864738,-89.9959400874585,-10.022781981949128,850.0045560640739,-9.978156785874647,-10.05183539385902,-749.9909673813655,-20.037277231080424,-0.026652798253903542,-549.9871817968396,-20.002553806564208,0.04449543794641378,-550.0079652536133,59.99655801505906,-0.004420190596081111,-99.96036390328408,-39.968367397540284,0.04445764262953486,100.05480989545784,-40.048229682251915,-0.015507693320135081,99.90190265836861,39.97134605961862,-0.05006596909661799,549.9881996149413,-59.97994860515125,0.06475156167838153,749.9615414964132,-60.04814285303912,0.011701516833135757,750.0924381923246,19.99130611785892,-0.0003155832838655226,-599.9382571193865,-39.9888577225702,0.21026306793819302,-399.9744598096973,-40.04128210730805,0.102207797791094,-399.922826539522,40.000237819212686,0.14533865027497442,-99.9947660129409,-39.9744870531038,0.08970654802804257,99.96028195227012,-40.04284237664011,-0.030063730925981687,99.9672918131918,39.931133662245294,-0.10861791549728883,549.9105453736926,-59.898388562691444,0.03958113248604003,749.9618368345691,-60.119510077451,0.06726616477143274,749.9911641031997,19.99535609704138,-0.005187974942104781,-599.999000832283,-39.966045176594754,0.21171582916995108,-399.9983126957639,-40.03933521665845,0.17980473642529504,-399.93833734380365,39.9924729657616,0.11554051395181308,-100.06628347001339,-39.9172798878521,0.016923128962519463,100.00914103521367,-39.99878347872378,-0.011972723812836483,100.0621890317966,39.966282798591365,-0.014094759038834642,399.9791587822621,-40.176187918315165,-0.20056269745678804,599.9861306680508,-40.16368424130061,-0.41027491272536765,600.0789883214347,39.87482001746524,-0.4160329722487466,49.9851059603734,-579.9942233606155,29.92587327417966,50.0523530077757,-379.9467604753599,29.940306145665076,-29.953289783797285,-379.913397699367,30.019736230116163,49.88767660220141,-80.01845240863658,30.050526867748847,50.01556194281471,120.01408813285246,30.018004776758293,-29.968521353624023,119.95640846120018,30.053208453559012,49.99340454549142,420.02567639934944,30.05799555923825,50.04426105243459,620.0966179400093,29.930310258506665,-29.9503760498579,620.0603699609208,29.98595179645446
calibration_00092,-850.0143345898871,9.97729200515484,9.965425576154432,-649.9912397012536,9.993703992949657,9.999163055825417,-650.0389817010902,89.97292401114433,9.949748284516065,-100.04637270019109,-39.96142315254525,0.007954861346408854,99.97176121457505,-40.036447111719276,-0.07973715330548767,99.98149910845696,39.974328459247104,0.0403285820021059,650.0169139314916,-89.9845702097419,-9.96821676264851,850.0004097122024,-89.95475098395242,-9.964153702843047,849.9860797370128,-10.011699575994529,-9.984837525785716,-749.9152875100019,-19.997648684592612,0.025116424306602093,-549.9435043197836,-19.96948446387749,-0.0043163606313358326,-549.962600097251,60.02859402600107,0.08893367535931924,-99.96051667157427,-40.058246247265366,-0.0028656741599160374,100.10219242888496,-39.966638435138336,0.119671996640275,100.01704203224088,39.99817574740306,-0.023533798535015447,549.9985438379211,-60.030001573837076,-0.04696358146774201,749.9257457823352,-59.97250826316715,-0.06873734812937472,749.963658973782,19.936497943042017,0.05612023979866324,-599.9466028185375,-40.269433169848575,-0.317333522537151,-399.9685229501164,-40.25123335614305,-0.16153509178448844,-400.0027523926883,39.819564092529795,-0.37889990364081017,-99.88373509845185,-40.03022856217971,-0.06267120439376933,100.03638157774436,-39.961036398313816,0.06665153637068717,100.0080455919724,40.12876232456023,-0.053772604529381096,549.9985875290507,-59.97020119857489,0.01170230560786412,749.9510302619103,-59.95322540495568,-0.057864975344116276,750.0311602468694,20.037609799992538,-0.00353754232771444,-599.9528693868732,-40.317679771798616,-0.2896427694581458,-400.0234645984028,-40.206871287019474,-0.09985360224125284,-400.0481749555939,39.748393308269655,-0.4208753959813021,-99.88066406508686,-40.028864458266256,-0.022996743794034446,100.06785178325106,-39.960305570596844,-0.011013590357104142,99.96351957481754,40.02097440581237,-0.10653017019959457,400.07330922418464,-39.753503630210936,0.23853371379696858,600.0479231818492,-39.666457330283855,0.37403553644351273,600.0375785566603,40.345089851298184,0.2799478078538253,49.960486958705516,-579.9729668326245,29.974879371820016,50.00854495250728,-380.0831928198988,30.018898803450664,-30.002048736708446,-380.02043820447545,29.99593414503541,49.98787521257052,-79.86177856127803,29.956615581357315,50.02459854988857,119.96578131367359,29.950943942575037,-30.069794790819376,119.98184363535233,29.950646825286128,50.03687474182679,420.09010187400503,29.99732304896199,50.02249923775354,620.0023391420607,29.925583976328728,-30.00343645262846,620.0647479622448,30.054816874796074
calibration_00093,-849.9827948786958,9.961706479122949,10.039546533001024,-650.0405782373637,9.984496404963656,9.985469296803494,-649.9697107074269,90.04778164860463,9.977128132949002,-100.01224354076142,-39.95877960908797,0.021922573691126497,100.02289932850903,-40.05889935285112,-0.06432958886109716,100.04121619569105,40.052008332648626,0.053628238917805146,650.0023919011645,-89.96965718857916,-9.99971581150189,849.9531164959316,-90.03368585504629,-10.00982140536482,849.9753498988186,-9.93367202577267,-10.010048677315414,-750.0542495334579,-20.03203001252214,-0.010066064675565563,-549.9956916678876,-20.000867224679716,0.012449220734226227,-549.9817424764682,59.94705275407002,0.05942788548145158,-100.07308242232435,-40.07647327010556,0.01773288461872815,100.00561611237833,-39.94753905395541,0.10568069058507462,99.90384093921502,40.09708345266289,-0.04284902982328504,549.9508577150347,-60.02362561240188,0.015412575704520603,750.0563346776003,-59.983602385200726,0.01690368263309726,750.0186211061749,20.023522081738065,-0.043550596141915074,-599.9902338011127,-40.466087199535174,-0.13928729822745442,-399.98954992310905,-40.263039150539846,-0.16353405499448911,-400.021652837527,39.75243541157096,-0.2786047627957939,-100.00301424085531,-39.9677941890807,-0.0049230968232321926,99.92584801714436,-39.998122081128336,0.02071135311024619,99.99825719023025,40.01211378577525,-0.12392008080705866,550.0162649933859,-60.078759739531414,0.04901408300039342,750.030579334804,-60.05491992448855,-0.0033200640393750147,750.0392235635616,20.006456635596667,-0.018052106316514386,-600.0346128586705,-40.47689582538168,-0.15784923302038872,-399.9867646652019,-40.25154442823375,-0.11334536365544312,-400.08647804604374,39.71898475821887,-0.32393759568012953,-100.02795604513375,-40.03670181300357,0.0003795611300383391,99.93934146674812,-40.017525527004686,0.05171884840188639,99.92275306020203,39.98839465094897,-0.0701078028915942,399.98836230462956,-39.95257303787369,0.04599241308909319,599.9884708965369,-40.159866798879385,0.1485606807300471,599.9447256682474,39.898512757545994,-0.06503610954100728,50.16612314287721,-579.8949508627277,29.917504090306743,49.9958560780743,-379.9967934922508,29.949104108632707,-29.944074194180875,-379.9882757445316,29.965465391545106,49.855386162028694,-80.04252678310158,30.054892484038128,49.88428156841563,119.96979427652386,30.011116085727018,-30.107619566103544,120.07056587885033,30.119445557472407,49.858167547461015,419.9721444059218,29.934879882636064,50.08099244736822,620.0546259297565,29.84160378656121,-29.92387384248768,620.0119621642574,29.928905709622693
calibration_00094,-850.0520048005066,9.95314919735997,9.983151880055495,-650.0100618858748,10.037583675758858,9.980065342118937,-649.9735645778663,90.00374127881662,10.005871488694329,-100.01184250061834,-39.9497163015654,0.0037087197471750584,100.01200322498659,-40.02140059840941,-0.021968139406015545,99.97095574866294,40.01093287804956,0.030907919587367844,649.9904334840807,-90.01943771409552,-9.956776439444726,850.0426193562795,-90.02230605858684,-10.02960713225225,850.0238950066182,-10.022732559186343,-10.052362391337036,-750.0165353573736,-19.998135344393557,-0.006641780726975972,-549.9806856184041,-20.01543086818067,0.027798299334684792,-549.9980458324401,59.98319863450344,-0.0077088465731535195,-99.94930354378147,-40.07526779250774,0.04031117639936271,100.07058948092963,-39.98620581965843,0.032285619832411565,99.94157852532975,39.95186687072779,-0.10697784053218565,549.9433317189773,-60.02671513010333,-0.043837669137506724,750.0333279299452,-59.96874562008354,0.016538495024629004,750.0143303136647,20.062594782619048,0.08982863232563612,-599.9977842508918,-40.41394158977358,0.06723401607457051,-399.868937857373,-40.3400604426809,0.06452691056206725,-399.9177541998221,39.757808546442256,-0.10531281978750186,-100.00320230013374,-40.021139325606036,0.013965600073655597,100.14624993812392,-39.975679830232814,0.02368870799609295,99.98050311072434,40.05254651444637,-0.0650336397335101,549.998667517188,-60.002481041456775,-0.06374023838258233,750.0716346033993,-59.99583640471859,0.0760932526220677,750.0428166684259,20.038989224261602,0.07166283046088762,-600.0183707194179,-40.37537289203288,0.0777609778697029,-399.9416601886418,-40.18289992039455,0.027341925972829195,-400.0022807006084,39.661790076139695,-0.019280702194532318,-99.9692552184991,-40.05535833806273,0.019594489403712414,100.03137429119926,-39.996255354756464,0.09148716595891097,99.97942940141843,40.06347968391705,-0.07370312444662874,399.9656135580741,-39.88966764548407,-0.017790959206530718,599.9309565266423,-39.79158824906968,-0.0224493408005593,600.0227616508986,40.30658934736332,-0.023079749225923568,49.962789240488526,-579.99614823653,30.05450494159213,49.98242699555086,-379.91618976006765,30.07712614633312,-30.00156164468093,-379.94384461063436,29.965924215304074,49.99143969309231,-80.04616426821983,30.03020454833234,49.913541160697385,119.988209912017,30.024858180751988,-30.05018706672124,120.00995738570127,29.93774322935802,50.00426875791612,420.00218008568254,30.08025442313746,50.00940679352376,619.9395360494341,29.973479196293077,-29.979403895360573,619.9974901315869,30.06249230544719
calibration_00095,-850.0091438740382,10.02585512399886,9.955784022229302,-649.9585911592117,9.995560446215219,10.051184981195002,-650.0467853538645,89.98244619518788,10.002204032932125,-100.00128938278026,-40.00353318275894,0.007237255230943398,99.9619710286584,-39.995460906627144,0.014247323107239066,99.96895665563048,40.011632519915544,0.01409233070447459,650.0093658336764,-90.02910259806264,-9.94608966084491,849.9817533178904,-89.94138102087516,-9.999149581871968,850.0573559510924,-9.982986142963618,-10.010926387176752,-749.9762470793354,-19.983486904517964,0.07035218382655724,-550.0309081123645,-19.951638039946342,-0.09160522592191676,-549.9479754956948,59.98894540300799,-0.042371467329271745,-99.9906929035849,-39.987246699282245,0.002454897078673786,99.96709468024332,-40.103938943876734,-0.0013235436911930945,100.05877210036896,40.04790221006337,0.001780680314799707,549.9826069950639,-60.028744120710634,-0.0436174359154918,750.0345329399509,-59.95137928893782,0.011265756715867688,749.9997488490427,19.930476089781266,-0.023390436023898713,-599.9723331632312,-39.8751464259544,0.016742395948358687,-400.0163254228602,-39.91722173762158,0.03420436666934714,-399.95057706963945,40.00521321063054,-0.009043347875147378,-99.96848084276672,-39.99663199219497,-0.034712150106505864,100.0361980896377,-40.08333392551001,-0.0048343163521957205,100.05365099919963,39.960442082565315,-0.02980376192011961,549.9520328064709,-59.94501943673774,-0.06517229348553141,750.0362838229622,-60.028179839380286,-0.031321811360417035,749.9692188344595,19.899486607795875,-0.006739028907030625,-599.9676786290945,-39.87051566351469,-0.0004200875059267792,-400.0129253126491,-39.8549793415047,-0.0004519103438906831,-400.0203154775773,40.111647750278365,0.07213032258317921,-99.9896973926648,-39.97212575135883,-0.005497391679689455,100.01881607887934,-40.157530735631184,-0.047416209525353144,100.05260878330623,40.024749640223796,0.01858302320522531,400.00796521473126,-40.160071260503244,0.11774096579688191,599.9580159460423,-40.223186386561814,0.036723086704876555,599.9518207268624,39.75799383655285,0.0843132638507523,50.10506697157617,-579.9184509155288,30.0100301966703,49.955036789547876,-379.9780099932614,29.98013274453211,-29.928708631595175,-379.9929832427677,29.995985084654045,49.94134992956109,-79.96829899366317,29.992436706139785,50.04385393743002,120.1150822576483,29.983175175950816,-30.039392130826627,120.00938118234686,29.904213779796564,50.01167449185646,420.0425769505226,30.069237338913663,49.90973145167708,619.9841794701584,30.052422277798055,-30.013078651120882,619.9523343832462,29.938364244740946
calibration_00096,-850.0034196068368,9.995772100839964,10.068447234441473,-649.9641231109497,10.004585291345908,10.005797563493141,-650.0049233541093,90.041501291606,9.96905430177226,-100.03880658010416,-39.96167266222393,0.07593811581941574,100.01633623836267,-39.91662440659971,-0.012454421025399062,100.0327964282576,39.977210418853836,-0.00920803276049966,650.0176656693209,-89.98731865990727,-10.026336874649148,850.0601317008413,-90.00506418588603,-10.006264431619043,849.9357757132001,-10.022251719490093,-10.030299716632124,-749.9719050593242,-19.9569829766624,-0.10847222348673666,-550.0274050085924,-20.010838018436413,-0.0329326675320138,-550.056188415147,59.90892314953324,-0.019527574275860708,-99.98660646769731,-40.09313295322938,-0.01806231730647475,100.06516990156976,-40.01360013841515,-0.02371343877629059,100.00038742729608,39.93953430054492,-0.018775172340118332,549.9964677670107,-59.95820198338329,0.05963273932516411,749.9509175750968,-60.03810599513687,0.028765941504120845,749.9870135217014,20.045124042495296,0.054256099366059914,-599.873122782883,-40.315291429461055,0.007396723168390747,-399.95505825180425,-40.19653539729458,0.034068086995279225,-400.0096449301445,39.87564570726612,0.0705147764878558,-99.97690403766934,-40.024555875181896,-0.056564473009908446,100.04030225830479,-40.024933617076435,0.0707626006128666,99.98987268199411,39.922881499473235,-0.030990501379829533,550.0468113509519,-59.96525758252791,-0.02292324277933312,749.9932362351213,-59.93837225185515,0.07604778636312304,749.9716818128886,20.015059913121938,0.009474608214803271,-599.9249133126382,-40.34683891017075,0.035956587782742924,-399.9734478180012,-40.11808186258439,-0.08665040248499756,-399.9658694251448,39.86480052388968,0.05502154236307878,-99.94370116934705,-39.99301208432356,-0.051282218178992,100.05463798719458,-39.99833367233297,0.051528477292252926,99.97492687203261,39.9620757269918,-0.004075127488197683,400.06647785080366,-40.04841525616048,0.3187676578436163,600.0200525145775,-40.080019713219606,0.37226667530711777,600.0076820437243,39.920137211105654,0.3068708320542134,50.06131449057879,-579.9740758872662,30.150768054053387,49.99910202314488,-380.0963048996285,29.988517082506405,-30.01053259047606,-380.0325969174241,30.1541804824531,49.89920027370074,-79.93456061283413,29.877424418391044,49.903059680579595,120.012478846197,29.893538139730143,-30.09003832743942,119.95943367969141,29.886272923280636,49.940422571736505,419.99242733916657,30.11442251090199,50.07564742974412,619.9437179752708,30.060703233817016,-29.995633169813914,620.0151024819459,30.084973643320538
calibration_00097,-850.0106061020705,9.938006720576839,10.029464155575837,-649.9652109474431,9.995576576459882,9.999649180377281,-649.9889611462253,89.97207548271894,9.985651565941223,-99.99578884451664,-40.01191424033801,-0.03100946748526787,100.03710503006576,-40.00141798544604,-0.003577729995041196,99.97445864869029,39.98899622389987,-0.03928486951493525,650.0366015640495,-89.91333088104028,-9.975311164188613,850.0078098194276,-89.9473823844922,-10.000167547844372,850.017690808177,-9.976980295540546,-10.014993731834483,-750.0351008526873,-20.016240948309623,-0.09153461684589304,-550.1018715434753,-20.00330482330636,-0.029779388462893953,-550.0683299721037,60.01782036438743,-0.02273126332606666,-99.9621612965278,-39.96559478054955,0.06545596806399677,99.96122972018419,-39.964370286352604,-0.031254825239503535,100.00805797416538,40.0187412549729,0.052467905852139,549.9983175445564,-60.06654405837305,-0.037256585779912824,749.9733388175866,-60.012418965987436,-0.0033325750332844307,749.9241347013335,19.997072837732688,-0.025767438402599856,-599.9677606613454,-39.8158086522192,0.31145341131276694,-399.99996948378816,-40.00209615573955,0.27542676258585663,-399.8763618858511,40.03237658470962,0.31087668859729517,-99.9341207525169,-39.98817913055568,0.011297584161258289,99.99048056716914,-40.02597715460119,0.013614554383860535,99.99881055682981,40.000994130312435,-0.022658667428262474,550.0423866017849,-60.04516304672167,-0.08947490075397833,750.0215024815479,-60.04006327613902,-0.04039886845716902,749.9078964721394,19.965208646187307,-0.06239652627646833,-599.9038975613557,-39.89161198923414,0.38693209008185486,-400.0209117525623,-40.0198608648755,0.26907741858928874,-399.8983579148551,40.014814143555036,0.30840546794049284,-99.90395032804052,-40.03218714975233,0.03933118590901771,99.94264572733378,-39.993160661786376,0.008095090005821152,100.03590382318693,39.99555373284293,-0.003232558522315753,400.02955011088284,-39.98127763950041,0.00854844140927287,599.9977034473,-40.03348766234649,0.0046749546568220085,600.0109108525918,40.05533374429848,-0.03243526015247751,49.93682318662225,-579.9714472950034,30.056034918804546,49.98586425894827,-380.131519244951,30.073683736624137,-29.968096211658793,-379.9290989352009,30.053652178036558,50.05387375962202,-79.9901537722523,29.81090361500014,50.00321006716298,119.86258956653303,29.98105422353471,-29.995221890094612,119.93511363399244,29.95794240303876,50.02724739822344,419.9537989868853,29.994050803016258,49.93060677432045,620.047601929057,30.119300565078465,-30.09086920536266,619.9208717939551,30.081433129028017
calibration_00098,-849.9850015215904,10.007684129035392,9.98701581441036,-650.0150680720982,9.968134009401846,9.996379932798131,-649.9905040050784,89.97062068483037,10.015858560828343,-100.03197817320574,-40.04812300358538,-0.0003573456784882232,100.00439278548595,-39.98530436714915,-0.015583203790942616,99.98774132124291,39.98915201864492,-0.01774891402632455,649.975844143804,-90.03959976941476,-9.947120655084602,849.9702501363423,-90.01743883983292,-9.998484588003054,850.000959241225,-9.960470040630131,-9.952262661483548,-750.0314882305911,-20.052012089272047,0.05288317534874205,-549.9947024005572,-19.99726521198303,0.0059030118184133645,-550.0279704953737,60.030363667093674,-0.054127963070847745,-99.98019863415814,-39.97324401409941,0.020815929906240378,99.96933277938419,-39.97522125462095,-0.016940057315260736,100.01503892564628,39.925105862320756,0.002829594273262944,550.0134980495885,-59.9801731876025,-0.05902607499200375,749.9965790500111,-59.97762427755316,0.036444767066589556,750.0697754996413,19.986621360201887,-0.09418169231059685,-600.0544142457526,-39.85626939893295,0.08124301327018342,-399.9846824897973,-39.81130550938172,0.11109131686452989,-399.9967437019071,40.1017594656804,0.10018264109860846,-99.94287572551382,-39.93875069808576,0.038914552081143555,100.03500482867106,-39.979177260469775,0.029207267513087623,100.0615018905004,39.910938327673676,-0.021999904229553273,550.0327371032114,-59.94134183950497,-0.09026502663792407,749.9577607886775,-60.00144314168947,0.009623711561833632,750.039788262904,20.01010367771571,-0.05079309355704897,-600.0032172579158,-39.7343665968266,0.03235264353073182,-399.96342814187585,-39.86402561803068,0.1336763631609093,-399.95908230343315,40.026200817367766,0.10954624324235657,-99.96906705478786,-39.98941166188867,0.07551223233725238,100.03813414031654,-40.0148833289579,0.008300111776582336,100.08302485414933,40.03208136558144,0.10944108610401462,400.02869837367786,-40.1593671147272,0.0027218776139932583,599.9821293331224,-40.229640019190505,0.06557833894814014,600.0917696913938,39.74982916328721,-0.01642497273721638,49.93730595848331,-579.9847426345983,29.909188853098165,49.980451892234946,-379.9687961363909,30.01911616267551,-29.956309951088567,-380.03232832419076,30.02843888632053,50.03262765121871,-80.04759023709946,29.996915091100508,49.97793234389797,119.96874831164432,29.939889021013958,-30.024204470052414,120.04997930370273,29.99420913335536,49.99467274053899,420.01350560837045,29.97996986285617,50.01731344217495,619.960706027598,29.97556702763743,-29.978519614424556,619.9385244376422,29.995946087650104
calibration_00099,-849.9644052801882,10.027014399399906,10.016280531687354,-649.9805535151978,10.007333392180671,9.9932379478735,-650.0189461345195,89.98653279264008,10.028822924946361,-99.96954282068252,-39.9889844029596,-0.039690562356700855,100.0216215093432,-39.99912667022918,-0.02036869389465065,100.0183087993378,40.03197896513877,0.0641995675108799,650.0037724104363,-89.96480482251832,-9.997901371192846,850.0093756500431,-90.00821070610252,-9.986056456240876,849.9603910450991,-10.033129218557072,-10.015291088803684,-750.0662135236166,-19.977827027212054,-0.013320069160232963,-550.0492071734195,-19.973680063320575,-0.005749457657928552,-549.9578214096679,59.95227864806942,-0.12249736510941997,-100.0264890768087,-40.04222767892318,0.049751015704710966,99.97553482098158,-40.01144711364317,0.03022858149799292,99.96902697199245,39.9473028774315,-0.10437309869469266,550.0383436491024,-60.03190691166341,-0.04488366553349957,750.0107542546773,-59.989679860545785,0.061742478325678696,750.0602967246326,19.983061435896932,0.011388857179326238,-600.0197421271556,-40.04632278256702,0.13811204760433557,-400.00499663772575,-40.08078400225243,0.05897361798247012,-400.0598612591555,39.9077893293568,0.04393678232866666,-100.024646051825,-40.00057357104797,0.040107125193707335,99.89360082615708,-40.009417716379915,0.026643869371892476,99.98801028403582,40.012390801903955,-0.07340909576535981,550.0518784140523,-59.98628032310778,-0.050341962330352444,749.9318561416824,-59.929808141308705,0.02196832673784361,750.0145337557391,19.978550406283816,-0.018434897320193377,-600.0097660185767,-40.14147101003435,0.08293522582466507,-400.0223337738002,-40.04735236820652,0.022740919600420087,-400.01457649769435,39.93969834528369,0.049010045670526,-100.12301202965172,-39.970230427111346,0.07193851748821405,99.93524515406439,-39.96336599214095,0.04183304757869224,99.97502804354569,39.973159672304774,-0.08046691958213563,400.01753080225774,-40.05325285127612,-0.025649337750845543,599.9272941080579,-40.12690895621078,0.11222528084943126,599.9679879619986,39.88898227788714,-0.10182826779277314,50.08902886681941,-580.027150783088,30.059735127902673,50.06428543815909,-379.9592274822344,29.93779470575826,-30.017772791866484,-379.95443530884086,30.103245947984107,49.952757858425194,-80.05779418251588,29.98588585427396,49.8676480758335,119.98600801458672,29.971867480416893,-30.005286061004007,119.98764468574161,29.96249696310866,50.02599249514336,420.05782862138176,29.960574129038683,50.01338334619511,620.004737593883,30.072186278848534,-29.9224325139332,619.9445671456104,30.02332368989637
calibration_00100,-850.0142057263752,10.011442382479803,10.000487576481618,-649.9761577192708,9.943247228390167,10.002247601762377,-649.9942821719627,89.97486409252845,9.93958066281398,-99.933253371654,-40.059496289802354,0.046707637252829504,100.00917035166411,-40.001142725086304,0.009485050861382684,100.00135179818668,40.08402663558335,0.019540687767474408,650.0124166592706,-89.93514392981388,-10.053017524083577,849.9849419502796,-89.98548248950976,-10.035519499332253,850.0256627221897,-9.952609682984546,-9.973011089613816,-749.930972337591,-20.019888585468518,0.008410420065182011,-549.9878786474184,-20.00330752726245,-0.045226750929637065,-550.0335716049802,60.05696006988023,0.06516670381325176,-100.07075747026654,-39.86947451137568,-0.009225092847598763,99.9577337622514,-40.07836394783555,-0.03892276759998923,100.03222702655368,39.977006445459,-0.03359212650758385,549.963050867166,-60.04661348932932,0.025969073138913727,749.9955417314605,-60.04537154670344,-0.03230528926583452,750.0558596292972,19.931195773870407,-0.04535560902028493,-600.0725106367455,-39.351795586644975,0.022199104295905436,-399.9984855425722,-39.55234655358085,0.05115943666975821,-399.9963198034448,40.50654234167041,-0.026419819901478955,-100.06357940450987,-39.934694612842335,0.03892091768466966,99.96558373041712,-40.06737682831238,-0.025296676442058547,100.05091753468325,39.95925634730819,-0.053280454743216764,549.9586096585033,-60.042406294634816,-0.04540455433062115,749.9906370650367,-60.01506409107593,0.08607782344943658,749.9483041276769,19.950526861744308,-0.02055871660618311,-600.0832711692021,-39.339535739128394,0.07360237207723351,-400.0586443929793,-39.559502255160105,0.07450760023247503,-400.02506557646643,40.452173627674895,0.04628677604764928,-100.032449814824,-39.98990351074598,0.06200168245201425,99.95297812460434,-39.994780808273724,0.027532651454990127,100.03047203871738,40.01466535432573,-0.052065503726047985,399.9629218683876,-40.22286855313565,-0.10287114236914839,599.9484873407775,-40.355264831808775,-0.08019793515091178,599.9961763250836,39.58848808146335,-0.272879742575669,49.88846919456228,-580.0495552783763,29.840031281138323,50.07704522523578,-379.96943386245306,30.00605913925999,-30.039646512123078,-380.0705397571161,30.014497370424248,50.19378229971307,-79.98691776960679,29.974042761664034,50.01252416490005,119.95854789858181,30.04268073247477,-29.958367692229643,120.00933135339362,30.024717753704575,50.000371102948584,419.99451534964106,30.034400568347042,49.909276660476,620.0616899189332,29.905214195952656,-29.999615369521763,620.047511587976,29.92494640088205
calibration_00101,-849.9922368995004,10.035360603217297,9.931477947621573,-649.9918396360173,10.007922478689183,10.01264681496254,-649.969565184921,90.025881145094,10.016568446044666,-99.99670942232359,-40.040162716056095,-0.022350918353891733,99.99010922859587,-40.023332621846656,-0.0749434191849585,99.97335309448326,40.00316893114008,0.02088346848926344,649.9903365855907,-90.00841790679284,-10.030679481906875,850.0320320716726,-90.02909246114483,-10.00281207097252,849.9821414861065,-9.97566499874875,-10.021838620231371,-749.9806764414848,-19.98594098334306,0.12031620174413582,-550.0180883364949,-20.04890907334497,-0.010984415941948064,-550.0478023262609,60.032744809014154,-0.045818503595759515,-100.03020699127862,-39.98528773495109,0.006119215332360893,99.95000178853154,-40.01768626131025,0.07120143669783445,99.98849030058815,40.07633294751032,0.02929734091538819,549.964832564392,-59.98575369480161,0.03264926231986874,749.9830003512548,-60.08602037603221,-0.007832295180076167,750.0978864396719,20.033802309020285,-0.01371617911640989,-600.0325118996637,-40.05384769338644,-0.18294146961946023,-400.0039268872795,-40.05155098250483,-0.14614368102895203,-400.02706275773363,39.975782283706096,-0.11468058734644584,-100.08751861141404,-39.996518875659284,-0.02289818970841847,99.96465642977054,-39.99651522497772,0.09989898060414353,100.02125775429977,39.96696386964671,-0.0018136827741943584,549.9716821512675,-59.96464693401071,0.10790313953568553,749.9708301343703,-60.056219789718334,-0.023577494849001162,750.0464574680108,19.991350316628495,0.14139404576774434,-599.9882320180394,-39.99690178305536,-0.17819395585107006,-400.0554615574132,-40.02371117350921,-0.038433308185777684,-400.11403731263385,39.94200143070771,-0.12642054237855266,-100.04399665295243,-39.906232797036374,0.003462750442669034,100.02747472389291,-39.97097152919099,0.013625846196967287,99.97993914280238,40.015554830146414,0.04179560726301929,399.93615685962,-40.04473130505869,0.21011299656491886,599.9722535277085,-40.119163393426724,0.404586576803369,600.004202583779,39.913247925515506,0.266031506999165,50.012496213039555,-580.0002472700136,30.07949431385122,50.08951172847801,-379.9919642724075,29.95961109272368,-30.00565579455791,-380.0211090595343,29.97112577425154,49.828215812114095,-80.02792578530972,29.899270983149645,50.014716351654556,119.99525363806598,29.9275359511949,-30.029600732695123,120.03565038586413,29.995672146953524,50.05153041810417,420.012431157788,29.960438590305472,50.02150493813528,620.0044654380579,30.103324872730486,-29.953784253597846,620.0091155063255,29.995449131185662
calibration_00102,-849.956943774506,10.000921729137401,9.995842690865995,-650.0416167576395,9.990489255514232,9.952004365827221,-649.9961979429643,90.00807000144034,9.986063878479031,-99.99807604467311,-39.9768765939645,0.01600136750826891,99.99083667847874,-39.96265031573345,0.04708331938956085,100.02287726872648,40.02508764796091,-0.011118323825238183,649.9757846580769,-89.98740501075861,-10.024071816018537,850.0336085666752,-90.04063906430162,-10.039398564878217,850.0178400982995,-10.013247214775157,-10.036642416636193,-749.9966210120435,-20.003783916664485,-0.002289894358647144,-549.9831926995574,-20.00516727844882,0.05914465878260476,-550.0203724471185,59.97538379215767,0.00302553493213364,-100.01088372584385,-40.02364275154636,0.0050130084073154065,99.9672957609706,-39.9874894712066,0.026519717770490905,99.9989049341079,40.058909478574066,0.0770662782522384,549.9817141184317,-60.066514296277155,0.037995434734499615,749.926517825263,-59.983126563159985,0.06094118803453619,750.0053988140655,20.02195200543955,0.03947475028565749,-600.0395716876009,-40.06570318968445,-0.07442696954025321,-399.9718458822417,-40.09377936483594,-0.07113809108565604,-400.004735812709,39.84635877298329,0.06989224775384091,-100.01773822176547,-40.051496947112604,-0.015194259751548839,99.92512882181455,-40.07121556864878,-0.05598637609655848,100.05502275903419,40.09481933918708,0.05404881800291651,549.9878415214268,-59.98808047381342,0.018784358904813336,749.9978371129514,-60.015059557723696,0.0069621499008718675,749.968335183259,19.989819642598587,0.04833760108866536,-600.0764262697136,-40.11844501116556,0.028759259055825638,-400.0128770417216,-40.06075077120765,-0.11851851014238161,-400.0326171537764,39.87372359119188,0.05624379644248427,-100.0242022254411,-40.07504821791076,-0.036821000102944895,100.023500978041,-40.04688746804728,-0.05493069244777643,99.97904019952676,40.04266247590185,-0.026168453384247843,399.9970055227755,-39.9950553050131,-0.1313652846811353,600.0053709621851,-39.91971245204415,-0.1320262972693771,600.0000223349775,40.043310310989874,-0.1229421633975809,50.01582694329997,-580.0045813202097,29.97752027052932,50.04548967697431,-380.00861686731525,29.93670627653702,-29.991829694595207,-379.9528315107201,30.01914186574899,50.02018910194914,-80.05904949803342,30.096802461708535,50.01154712655987,120.02122399777699,30.025547772000326,-30.038088272116045,120.00253659293857,30.022683678116532,49.99661377504427,420.09043261790725,30.01416686587598,49.91190305579123,619.977331426718,30.028205561814985,-30.027449070572366,620.111115175824,30.02144009481445
calibration_00103,-849.9654270489702,10.001749607308948,9.951812756267383,-650.0253254215173,10.044691906714254,10.00179177151134,-649.9973344455844,89.97726281657812,10.040226268180492,-99.9773899949494,-40.02457211048962,0.08342409549217024,99.97109339474798,-40.01143159412528,0.02568659636951942,99.9855668961306,40.02733655601373,0.01385042921576661,649.9893479645069,-90.00692949333309,-10.032685781444439,850.0176201123686,-90.04590530472038,-9.990149635073498,849.9749571631858,-10.019718433914417,-10.002351330323982,-750.01762384334,-20.00968836990496,0.07591345896085563,-549.9639918359229,-20.051816135532935,0.04189204412693094,-549.9752451282764,60.03152702173988,-0.039720920639396584,-99.98090979999145,-39.94666348970801,-0.08711137675809291,100.04193797648216,-40.02708818217635,-0.04451739858927558,100.00414531956909,40.00552694662111,0.005130824876244938,550.0065711200489,-60.00305051135434,0.038346921413878264,750.0896827106926,-60.00385120416421,0.0008401633153297117,750.0247290908533,20.031667212777066,-0.018821902856331837,-600.0077315694786,-39.86220486776777,-0.1954864239713133,-399.9254220632514,-39.91270162652378,-0.23159746914083218,-399.92228646455504,40.155852408578056,-0.09370375012837821,-99.9886039046782,-39.9258391788874,-0.06379488062818384,100.01728524360091,-40.02203067480731,-0.07775321745152908,100.01941955885243,40.026382753942926,0.003758992736939401,550.0072390045326,-59.88770916179558,0.017109377175918965,750.03578908364,-59.95181120039009,-0.07701216590467248,749.9713798229769,20.051200252396185,-0.03848151097900339,-600.0807572088304,-39.871854842191986,-0.20208587931085212,-400.0550175657306,-39.91611567723832,-0.21331335186125464,-400.00016251989865,40.169171914659834,-0.03951002128700981,-99.94209529111414,-39.959584875490485,-0.00397389415615736,99.9938495027176,-40.01902418040437,-0.001055567163645247,100.00614422985788,40.067005965187235,-0.024298037671356503,400.0525207373389,-40.182930002834105,-0.0444934058243611,599.9672509344475,-40.19519640283168,-0.10483947848942152,599.9860261581853,39.81576560931835,-0.018364981684730813,50.056150390244866,-579.971854745329,29.937366225674033,50.01153326844907,-379.9323493708726,29.94557683868433,-30.026735690901067,-379.94953558252195,30.050658601034794,50.01264784143794,-79.96927398873932,30.08553644304295,49.92033297691508,120.03905759415173,30.10620348161431,-30.06880055949417,119.99274192398374,29.943930924251074,50.0153946611536,420.1010692277697,29.9618296376654,50.01351275240599,620.0757910302095,29.955151477833162,-29.993831661004688,619.9617791295528,29.982672066868847
calibration_00104,-849.9624064727553,9.970660882607783,9.989485713572217,-650.0172912270002,9.993144638142903,10.020768042007019,-649.9598792730682,89.97847679942701,9.999107938584752,-99.9573253121603,-39.99883268962921,-0.05171936170974666,99.99588558061404,-40.00464320143581,0.018063457590940298,100.02658555041356,40.073448533110124,0.014758895928370746,649.9718950358256,-90.02474690410558,-9.986639410584383,849.996037319036,-90.05207333291104,-9.974999246981866,850.0210887494477,-9.99651007123109,-10.013965566846613,-750.0109841129441,-19.99747342206813,0.012653998507753164,-549.9872856801951,-20.045453057339962,-0.04047878617392899,-550.0090314932355,60.02101490977189,0.02923000402854723,-100.01536281513457,-40.05250398975001,0.0014901673210141256,100.01200121050331,-40.096428118790726,-0.026031940421374633,99.94422566797078,39.962573141822226,-0.04312847560318732,550.0286094126308,-60.05723682310887,-0.05561824193582492,749.9480805983388,-59.95546968761216,-0.04880171295344874,750.0503774835631,20.022978774581215,0.08664206455661008,-600.030646651468,-40.09684280593459,0.011790232025540462,-400.0533500998404,-40.0623809177798,0.0747113043031278,-400.0103117042752,39.95771442094582,0.08131029332528932,-100.01467213072189,-40.044805901967145,-0.0031798415074868747,99.9726467298689,-40.10620411836214,-0.016607873515860704,99.96531899496571,39.94801277138955,-0.016069525651923725,550.0826140807386,-59.96263599531175,0.013272367881177319,750.0280438405971,-59.90101630796936,-0.08175680516848595,749.9715780002755,20.017425224969585,0.05205620715670961,-600.0373046917458,-40.09979946139726,-0.048686287323106606,-400.0130405790236,-40.03629859919264,0.07026864037818038,-399.99806998968205,39.96657872838929,0.0027854566693769796,-100.05838710127487,-40.08329211727319,0.035634699561037105,100.02178881785409,-40.08673632991362,-0.04522690539439467,99.96479720047424,39.90224501898943,0.0034206401944276415,400.0006870989768,-40.07493432388597,-0.10791405009024302,599.9157290641411,-40.10501750239522,-0.029073224157891955,599.9572327928164,39.79459830679714,-0.05161560385051148,50.06277151913553,-580.0547685484911,30.06857878272153,50.028048982569835,-380.0183607369944,30.10943501604448,-30.066062166634396,-379.97216634420715,30.01766285673753,49.99398668916316,-80.01352142023471,30.14332090155003,50.01866520847223,120.07217584826603,29.976285659255097,-30.007270352121473,120.07976582619906,30.02452757223001,49.948083930802504,420.049829520926,29.90940662953134,50.06717051653424,619.9883410961712,30.025828557655363,-29.933170174369224,620.0056316633732,30.01426220067845
calibration_00105,-850.0069122784214,10.028227950788605,10.016166073292705,-650.0214068583291,9.980005927040533,10.079487449475932,-649.9954762672054,89.98185107045721,10.035712777519205,-100.01657658049281,-40.00473908820866,-0.008385040595275369,99.99587441367197,-40.009220132452235,-0.03647351670537959,99.97417166072873,40.040363448395865,0.026539290373346642,650.008689809544,-90.01865159436447,-10.008348121057496,849.9862515732378,-89.95386432755794,-10.006278113538116,849.9851050767522,-10.014262577564075,-10.004953721325945,-750.0201980007076,-19.991811761033677,0.003855830545503685,-549.9881662420718,-19.941830423973165,-0.04056365945884062,-550.0165540229879,60.02789477742862,-0.07457598483435512,-99.99632216091719,-40.00161310829929,-0.08604321175682683,100.0381088127916,-40.02972147755046,-0.002403043976417406,100.05914766806865,39.95642694296309,-0.04555182600981754,550.0114545786628,-60.05285194295892,0.013515563171147238,750.0041619013818,-59.99814147715121,0.012707233292016668,749.9874289771204,19.968190332749693,-0.032430849695331526,-599.9653135743553,-39.89894201385226,-0.334003504008876,-399.966674104213,-39.940123935449684,-0.20331458450781362,-399.9792349822274,39.96451144078537,-0.26496688969430415,-100.04519327763866,-39.998289529903886,0.02127550662292982,99.97735098971651,-40.06106218805207,0.04307591794301475,100.04855941266378,39.919591846960806,-0.05805184102684538,550.0175518484418,-59.94121877368869,-0.001536628709310631,749.9683179509377,-59.967507690314875,-0.002911335418989306,749.9893735045373,20.029722779980432,0.053798556634139114,-599.9541298409548,-39.91122752451891,-0.2850342669159931,-399.8969388498216,-39.8720119822682,-0.17271114077563113,-399.9520624112202,39.98953005012872,-0.26311802631225045,-100.0916546188483,-40.006128943185345,-0.007863659980486295,99.98149617892543,-39.987550279993044,0.04601438240571219,99.99039162221544,39.8782354948432,-0.01353197914128773,399.9874214528053,-40.23047495441681,0.1040470771657759,599.9767077738774,-40.28913828048145,0.11172828701650117,599.9797097449683,39.77806873867672,-0.07019676142759126,50.069420200394,-580.025748518608,29.866268914393526,50.02991946150161,-379.9373189164606,29.89812989790834,-30.014214998018545,-379.9920788416652,30.01083598093811,49.89429038608934,-79.98845626078402,30.049218935135457,49.98788004905823,119.94279953589627,30.03918327539267,-30.03738593499271,119.9630948421117,30.091334572191148,50.06080849615096,419.95232541162125,30.04318186874786,50.01016778158812,619.9675312285019,29.99936154812145,-30.004529541997943,619.984120369368,29.935892568221046
calibration_00106,-849.9573268532284,10.020445158431748,10.006205577167242,-649.9722854681314,10.01881112545403,9.976890918079908,-650.0092185259282,89.98093288158717,9.978937041368232,-100.01706679568689,-39.981979253718265,0.0028714128435068176,100.0054653961672,-39.94797100966999,-0.009095275140859544,99.98094075970562,40.02264555985253,-0.026806157500133928,650.0148960664031,-90.04682564610786,-9.954972678935349,849.9739991691923,-90.00057695598908,-9.977004770921747,849.9834472939349,-10.01975480841688,-9.986861041648899,-750.0166982720962,-20.001083284103196,0.02944170468695738,-550.0157139864914,-19.986948607241796,0.0006621439186709349,-550.0530974255727,60.005179000442055,0.03906142964062447,-99.99092347538128,-39.96443711250778,0.032508844361150584,99.93085614477046,-39.955382536471134,-0.044824465661735195,100.02916190756982,39.961866611026416,0.0066096537841020195,550.0169733407748,-59.91984782352639,-0.05049401232783794,750.0059241940038,-60.03114521036715,-0.006553608875574908,749.9844987016859,20.05758852613378,0.009379689834002874,-600.0687314427582,-39.76489473140235,0.24721940775301132,-400.02144559262194,-40.01772855411219,0.16966018733199612,-399.9955544784744,40.084079838764005,0.18972088240219998,-99.99574174316469,-39.996106468826156,-0.07307517684024654,99.99198963651932,-40.0475910396391,-0.08124404392873458,99.99459387418702,39.99196718046517,-0.0369634081491956,550.001839711852,-59.90361466538346,0.0042969399963389086,749.9937885178136,-60.00166019457276,0.005547547264169846,750.0105966403679,20.028252452623327,-0.009956134967382721,-599.9439446631905,-39.85049625388295,0.16294580002660586,-399.973527235915,-39.94862463117748,0.18433428541100141,-399.9605619671425,40.04509353452559,0.16950955661234512,-99.94080037433457,-39.95814419477393,-0.05007414126224127,99.95712748899076,-40.042093616934544,0.004534271839972716,99.9892338457981,40.00592022786792,0.03407712382664323,399.991603921715,-40.06691426243115,-0.1269503564448945,600.0612406530433,-40.172014276176704,-0.06873075047203497,599.9984110884906,39.87793153559802,-0.08192471529010152,49.91318737560489,-580.0075630279198,30.050211676891013,50.017392526524596,-379.93735379042823,30.01433872786821,-30.02456513618617,-380.0267718330557,29.995437519494217,49.97559362400637,-79.9582220497923,29.95858802067743,50.05898595525466,119.93174276872519,29.96454452486261,-30.051503968432243,120.00999696818221,29.96922538337861,49.97540119382733,420.0139050560925,30.056680630362177,50.00723318150228,619.9783843240359,30.072585959517973,-30.07651204488902,619.9891156181911,30.06950796786986
calibration_00107,-850.0467857311893,9.998666601808265,9.956625413825973,-650.0258390664958,10.015890346827508,10.015422467653357,-650.0525910091063,90.04560445373122,10.03294087301211,-100.01832070129747,-39.976151128416056,0.00988136833611926,99.96360139073191,-39.92247652397687,-0.045234608942257504,100.0220012438981,40.02228039074785,0.028407418975574,650.0171977880932,-90.02640331986568,-9.994801617217881,849.9963550077375,-89.99291170108067,-9.999477134127385,850.021270251514,-10.000222571342297,-10.05704647995943,-749.9466301582863,-20.03102163573552,0.07240518219397446,-550.0227921150436,-20.0275219795728,-0.06400370578977913,-549.9567207542082,59.928386282140174,-0.052340829750138984,-100.03610189406939,-40.00700938030193,0.013401646004902575,100.01707942134381,-40.01636500863511,0.06970974557020868,99.9719570909508,39.95879910210157,0.010956360781650448,549.9514616516408,-59.954117860217345,-0.061416374201314475,749.9698810900732,-60.01334859322035,0.019334317963818785,749.9619394841477,20.03245862551881,0.05146052615226587,-600.0200002543605,-39.961990147348274,-0.16079861939696133,-400.03117700771475,-39.98912000862003,-0.05994616395620925,-399.97671509624126,40.03907929886123,-0.12061081153931935,-100.00317473693546,-40.03513155617937,0.08061283307929364,100.02445416329269,-39.99062133016027,0.020048563715606406,99.99180589714933,39.862177874325916,0.020853421759202004,549.9074763584973,-60.002339058691895,0.0031132708720347634,749.9642368712521,-59.978324843151405,-0.023161939492626914,750.0237551212075,19.985604775273934,-0.013926793877142005,-600.0359338556866,-39.99467348471169,-0.14367240175090407,-400.07424717819003,-39.985101476312835,-0.08423045294282767,-400.00343070393546,39.97021624529776,-0.08112112046362058,-99.99184031119721,-40.08185194426329,0.11615480185689826,99.90362073432068,-40.00106943009402,0.02494236272974227,99.95203566479269,39.895096718061964,-0.015760329025602822,399.95354893710595,-40.14496552024608,-0.07591117490759758,599.9964930395624,-40.06063437062471,-0.15415044192570718,600.0099212160957,39.89365709250664,-0.10259652444427637,49.96293978169188,-580.0040474479514,29.900078740924943,49.989334877184085,-379.95372471001576,30.036306199873103,-30.03884424183,-379.9596815341159,29.951440886065683,50.00339408341362,-80.00730315793278,30.09212506023256,49.89153842484482,119.97527120767094,30.06401425626444,-30.001650450184776,120.04911842551809,30.0972286349117,50.09673596660659,420.0618789355793,29.964982569080963,50.10669375218144,619.9419102688981,29.932825667734086,-29.970042681298786,619.997460403304,29.95357690453326
calibration_00108,-849.9859692077163,9.97522045772336,9.95013146313938,-650.0785482047753,9.987475885670497,9.982354068685266,-650.0125760276879,90.00186596581864,9.955302496759716,-100.06545997177838,-39.99533607698223,0.024089107882503506,99.97748943636881,-39.995448070832786,0.0128340015651893,100.00043959865867,40.022019414985174,0.017915750255924213,650.0428072748819,-90.00186566706857,-9.971501640876133,850.0404249129264,-89.98431875030221,-9.997603110971207,849.9822219583016,-10.030321173449078,-9.958760109179286,-750.0051266586887,-19.97464576191729,0.027264937506617456,-549.9550375473635,-19.917278452266522,-0.0022732613041776366,-549.9532378814778,59.99030246965571,0.04260131337586989,-99.95446609188544,-40.01293674492914,-0.1043239019025655,100.02770883836818,-40.050138090347886,0.011578043252968859,99.96047918117029,40.06989073336724,0.06327627281087855,550.0169198875224,-59.96048122891166,0.04161048848142235,750.0184033030633,-60.03488762836161,-0.054997053872658214,750.0001320986776,20.08723185397072,-0.026095130981775835,-600.0010035897149,-40.13510584694253,-0.41703273497793636,-399.95512421425605,-40.163975729784106,-0.24702250559116545,-399.95923102892084,39.930218071182935,-0.2658924411718208,-100.02234855239351,-40.08595023446141,-0.11372736964162036,100.13351804536758,-40.042116453676414,0.049422204288902774,100.00503835282275,40.1409796515468,-0.006356794668421376,550.0211972291577,-60.05329486968014,0.03959407614085952,750.0014898584,-59.96569894050826,0.046655620690419,749.9675280121457,20.01166418840831,-0.09026293225562863,-600.0311432242597,-40.23640404253588,-0.4134886780984619,-399.98892569599235,-40.17633294754044,-0.24985876083021125,-399.9723311145683,39.87541005614098,-0.2635528692422924,-99.94567944283216,-40.07385772646106,-0.04609765044091778,100.07000636886535,-39.99187893189953,0.0017639411656138314,100.03955267368572,40.096147898215136,-0.013110666192635203,400.0082329752705,-39.72565491000911,0.2476390874962473,600.0471151344975,-39.63503338257052,0.4037027089105252,599.9105140669003,40.31178658228996,0.4149617501564942,49.959494300396884,-580.0290180534217,29.952118960575582,50.05219047502854,-380.11864024029916,30.033618383249497,-30.00838361707364,-379.954530009638,30.037685233088258,50.035498352174784,-79.91793941372494,30.03381534492182,50.07676218641871,120.0375157939289,29.922044395599052,-29.999018166344694,120.06500437951847,29.960116418336984,50.00424154307222,419.9872412534023,30.069778431448704,50.00790725741305,619.9556502196837,30.031859611432612,-30.0535404979888,619.980628327887,30.030331098255477
calibration_00109,-850.0242966765917,9.981465994862182,9.982695244091083,-649.9806613497552,10.040692604568294,10.00397613807745,-649.9990677292816,89.99444588216856,9.961206096760874,-99.98439574821629,-40.06718338043138,0.005634070433947548,100.03440034926868,-40.049592221812276,-0.07573583057453548,100.01211247769085,40.01899353203764,0.022719194812310446,650.0301388970989,-89.9423933801426,-9.96089325814846,849.9930020869202,-90.00253108648216,-10.027523896715138,850.0232536073509,-9.98604688203546,-9.941054141676918,-750.0478677296609,-19.965236595937885,0.007164713648837806,-550.0266681820215,-20.01720104731539,0.08721530751162589,-550.0033014351011,59.91553970307024,0.05333405737682196,-100.0624838620772,-39.937299403412645,0.01100406240662903,100.0208068092729,-40.000770092503906,0.038451447443060616,99.96455769933216,40.07153560230834,0.009250011163928923,550.038866045114,-60.041673448387485,0.016210145016935427,750.0182915974865,-59.99367286930615,0.06449917288775556,750.0090403281621,19.99720497118746,-0.03682456476448021,-600.0663368332299,-39.86252041831991,0.03009514840907395,-400.03341791024906,-39.88733270029914,-0.07334031293165805,-399.98600215895294,40.081528298425106,-0.06576857044332991,-100.12576316944401,-39.88982538318717,0.10628018615545878,99.94885405740187,-40.00177194546369,0.010705921090767553,100.02769990972023,40.04421367271612,0.042841300064914725,550.0938160506622,-60.058353120699536,-0.06073689358921241,749.9988633792183,-60.06376631660167,0.032784503170494944,749.9665156788489,19.9650743775686,-0.10991123470408201,-599.9758053078916,-39.85935254196626,-0.09608018248772629,-400.03048961530016,-39.86173201283992,-0.0682965663828958,-399.93896533893263,40.11196276252678,-0.06942224705140587,-100.12407089147031,-39.99872700341761,0.04212869354108973,99.9126782050392,-39.987821714947586,0.08357192659277107,100.00366778430607,40.08440902450429,0.008514772788882866,399.9157167664692,-40.11345411086737,-0.10661279445529293,599.9142383197147,-40.33872296719098,-0.2465593456627665,599.8904692959377,39.75184364073888,-0.179852768008161,50.144696352213685,-579.9733490574399,29.89976971049976,50.02568451693394,-379.95399333073124,29.954194740723008,-30.023529131858822,-379.94377060584657,30.03216902450517,49.96578071859721,-79.98468157307894,30.127217876360003,49.945875908870114,119.99518940838348,30.124051220804557,-30.15954608001584,120.01362821932591,30.1447092732245,49.95136954890419,419.9995986848827,29.92945192918417,50.05485258398225,619.9880379684249,29.84473640144986,-29.93696977289052,619.9478023833784,29.99589657751523
calibration_00110,-849.9707878279964,10.025324264300348,9.991395023684229,-650.0236504600246,9.982000595945548,10.010925919210667,-649.9917885947631,89.98720350985997,9.99530951410877,-100.00342502750337,-40.0138384710466,-0.0051073163093013,100.01430876020663,-39.914545099911294,-0.04485241933192591,99.9260116944906,39.980277584529055,-0.0057558651642017275,650.0244813123526,-89.96444280998215,-10.023210578876038,849.9778387772872,-90.02241970191434,-10.027769528559649,849.9798824695274,-10.048544244887776,-9.982516629332604,-750.0162032165448,-20.040834744976824,-0.001357326006731028,-550.0058670413313,-20.016536462425094,-0.014078963601418904,-550.0748976183042,59.95935843963898,-0.04678206988532621,-99.98276409108637,-39.954676962130335,0.04644618046331323,99.97900348129657,-40.00602933379623,0.08961854241162547,100.01454147077315,39.96344862374385,0.027418829708748496,549.968116087225,-60.03220322827118,0.012125803056945654,750.0400281531462,-59.925332286868546,-0.02270844390025994,750.0276683711845,19.982643082516784,0.04650865905784224,-599.9367251355587,-39.76532265308028,-0.0626439423448248,-400.0380771698125,-39.81648542962596,-0.016204339599710137,-400.0181405494841,40.15532812263704,-0.06375032176704609,-100.01647699694635,-40.0089207256629,0.05346587274699373,99.95728975075457,-39.95538476957436,0.11521091545936397,100.1111195084622,39.956262780650306,-0.006363444426289816,550.0209897074026,-59.988890870207236,0.02798293568471097,750.0802329367419,-59.98745778302098,0.03895175822702788,749.9688176094659,20.087590360309456,0.005318529503352256,-599.9149483003761,-39.80241435866871,-0.08238950215806876,-399.9787453647021,-39.77362750984318,-0.05609792113068436,-399.91222042599253,40.17964557802232,-0.12986357181810543,-100.05460508597895,-39.984633743122956,0.002947392608034057,100.0596023524999,-40.02281685587291,0.07818361349087755,100.10777813760271,40.01293614398418,-0.06074526147484799,400.0202989872676,-40.07561108524272,0.16556890858768386,600.0020351597974,-40.18031795509004,0.2708489830640868,600.0479206854496,39.929537567269165,0.12006205024651005,49.90395249501808,-579.9783525578583,30.07422438760576,49.982355654619205,-380.07805160390694,30.07111630493762,-30.023493582958306,-380.020134210617,30.080191034041114,50.038804029208485,-80.05092886985072,29.997642116822316,49.98528334848854,119.95815931863842,30.013946274065095,-29.949108466578167,120.0833577759144,30.034746497700205,50.045758073939055,420.04637654729646,30.03216743207321,49.960637754732424,619.996040150215,30.06063847437671,-30.00533718814821,620.0031110260784,29.984993882271503
calibration_00111,-850.0032421864985,9.981332735183047,10.060954902126408,-649.9727094995401,10.060367652343276,9.974170610117564,-649.9785926219907,89.97452081161117,10.050352937294942,-100.0318961552986,-39.99662591020762,0.08940911978489603,99.95689841968104,-39.99564005699972,-0.03565061013310028,100.00516784310302,39.981309124496796,-0.0007398229498014282,650.0166422626972,-90.02797238626053,-10.003902259677943,849.982379756781,-89.97987926542835,-9.980326392161961,849.9843132864905,-10.016174044383323,-10.047246425365582,-750.0270099628785,-19.982188864998342,-0.10935980038721335,-549.9859007597244,-20.03468699002266,0.010417452181614037,-549.9656488874562,60.00593320684486,-0.03824429853546588,-99.940778547866,-40.024407617519095,-0.11385487154243,100.00926927282592,-40.01653907462217,0.054649704661413015,100.04328268249603,39.985100032947564,0.0013081835970704565,550.040934929132,-59.96278162195127,-0.004268748012206228,749.9220379914109,-59.98699896427614,0.001914222137769421,750.0347570433107,20.009205324580545,0.047556978100219395,-599.9979844413881,-40.02464664004676,-0.46374384042629413,-399.98536469118403,-40.064386377256135,-0.40090650394201177,-399.9377987867573,39.964646946146225,-0.48219689569143054,-100.00223554140189,-39.95714723026896,-0.1542273066155137,99.95521729297647,-40.02833222567923,0.017963588979319774,100.04494151822821,40.08489267587822,0.02649007304435798,550.0026458497692,-59.945422507704556,-0.1058937515639257,750.0620858497184,-59.9701602480159,-0.02765626164853146,750.0021360159086,20.011745260969427,0.07238746669805309,-599.9758855354111,-40.07554707553625,-0.5354715455699627,-399.9620254746226,-40.03916250123555,-0.33192634500067336,-399.9079321023547,39.91186180306699,-0.3599405400766702,-100.02378742318393,-39.980860202558404,-0.08606720075057364,99.98045173635323,-39.975375197307386,-0.021382167446550034,100.05539702032225,40.0528246726366,0.013790044819531742,399.98888833069526,-40.04908325772073,0.3027414896698862,600.0445732038394,-40.15684171157841,0.5378455885464895,599.9759487143607,39.851334392424626,0.49131803256537177,50.01794071904803,-579.9825129322463,30.005933640419265,50.07045072488641,-379.95751107063097,30.034566294693636,-30.009901380842525,-379.95627257197475,29.978153077878375,49.888636636199344,-80.05511726185817,30.01526272969627,49.96772958107149,119.95476129958371,29.946375363451814,-30.077138619925197,120.07939088128451,29.929623059692027,49.922846560386,420.01133535081567,30.011721495028645,50.02515536276474,620.015680888958,29.996228840588817,-29.90931576505579,620.0154110201222,29.968365646948858
calibration_00112,-849.9719974544856,10.012836698610327,9.966527134123114,-650.0245817399519,9.994258282811757,10.021806308174737,-649.9913148550877,90.0002665217747,9.910908486202613,-99.97988188170193,-39.99279840513518,0.009917427501943962,100.00634868889077,-39.97704690538541,-0.021935803888723234,99.97289171930723,40.02238021758131,-0.01593809649763522,650.0387173589628,-89.98115166430753,-9.995059223131978,850.0127897739168,-89.98709880069825,-9.970200796531843,849.9961776814273,-9.932699097690175,-10.051107156624804,-750.0606546150955,-19.98394479525313,0.06789085772541543,-549.9212761473995,-19.96809196136408,-0.035151294465892366,-550.004809608155,60.03567088771953,0.05231748376874761,-100.00326043439233,-39.987893442503236,-0.005323694093274291,99.97585383604475,-39.96216176592546,-0.04543624248933879,100.01720256492007,39.936448054627846,0.01732387825968537,549.8995943454693,-60.02963043537746,0.002108600323381874,750.059227311246,-60.026180093062244,-0.03446747395234852,749.975852182031,20.085063570733706,0.04838603347315449,-600.0460996858171,-39.97551846364875,0.0020910669642721993,-400.0090024678156,-39.89982420858589,0.06963990250409942,-399.974683911186,40.01034129812508,0.13019191472976077,-99.9384514043849,-39.99713857547468,0.07987821941442834,100.00796669592627,-40.05544473768736,-0.005816393106796963,99.98512522608691,39.988823766488295,0.08120319051959504,549.9020205922739,-60.01384208115664,0.0351828023889052,750.0545981679447,-60.01351916756785,-0.008310981870038862,749.964630478337,20.011361912665052,0.026619243679814025,-600.0136156067722,-39.90274114735291,-0.0049365812020846535,-400.03196153862336,-39.974866234630916,0.014300318178075283,-400.0068939125105,40.01604418468433,0.2267046405213849,-99.99590944038947,-39.967215889481345,0.049452053603007265,100.06181072890726,-40.07419929845378,-0.02212589439910663,100.02359301050771,39.916084683943375,0.06186445897957115,399.9878482305552,-40.040468111898505,-0.14422272681281428,600.0345122619779,-40.08426397806357,-0.19026127355802833,600.0039516091504,39.92089084286488,-0.10193471162999772,49.94537250927863,-580.1136951514669,29.964959395116594,49.99251055581001,-380.01814004613163,30.00076827673996,-29.982657286678595,-380.0346246717576,29.983309976802964,49.98048322582401,-79.99551495416306,29.977250180581567,50.03614056806828,120.02214696255925,30.034511611118763,-29.952535068546446,119.99686384007188,30.004914988412786,50.006242932391935,420.0192707549208,30.051538303494077,49.930895051204004,620.0876093352804,29.954546672242,-30.08799471331538,620.032324809807,30.023921813291587
calibration_00113,-849.9583117524044,10.010379693062982,10.015199634235755,-650.0235645082618,9.98968802748843,9.992535743678026,-649.9906348779796,89.97349635054601,10.030859480635955,-99.92992830736348,-40.00318969377169,0.04858712148303706,100.0242570375379,-40.001629490999264,-0.030885974329621518,99.99888485990532,40.01200345089998,0.015722040394515174,650.0235975625966,-89.99295242606348,-9.982459018353152,850.0037037816207,-89.97997560866808,-9.991716292112967,850.0102682611848,-10.046352905597148,-9.98403578068588,-750.0053818081898,-20.035745112861374,-0.018518047162547187,-550.093834772664,-19.95627929466568,-0.015949624312489717,-550.0109303444933,60.01330299698339,-0.006110307190977229,-100.06541401719986,-39.9399041032334,-0.08323786673306449,99.96530503196233,-39.96010063188366,0.0860481164839861,99.93483165490571,39.970866731627616,-0.04697396799055834,550.0684513106478,-59.981322894525164,0.0417072693895686,749.9540583592019,-60.02511841391933,0.05400588716194113,749.9364863407067,19.994384580394186,0.022544361824324666,-599.9742260585724,-39.92187528220572,-0.5443904051033724,-400.1066133317597,-39.84874470993032,-0.3568059385502636,-400.0090075904171,40.114973401519485,-0.381080749274681,-100.08945552134607,-39.89534486926023,-0.05001735669302693,99.93349944448094,-40.00570071299058,-0.01277871462535668,99.92289794128973,40.02070849930089,0.016711449966831802,549.9828341262745,-59.964481883965995,0.04191582013671533,750.0079080481197,-59.93765039484281,0.01856924535694637,750.053535799497,19.979556779122095,0.029373036341216574,-600.0042170173085,-39.90228010981943,-0.5247798382395042,-400.05582057393644,-39.90699943127387,-0.3560216765526014,-399.9872959796517,40.126386933234926,-0.4255237072957166,-100.03279663501522,-39.940657596344856,-0.023747582031977556,100.02249166590441,-40.01033623197197,0.04021376903010129,99.96699407816831,39.987201447327045,-0.023746087600254616,399.8806874800847,-40.17382401279201,-0.004412411312870165,599.8728649798765,-40.24095493899958,0.11928818513345121,599.9319873760685,39.7639847439782,0.055686667371529844,50.08239060409322,-579.9779861324535,29.84716536408135,50.01052442027088,-380.1418625372822,30.08522182726133,-30.014422818521744,-380.03643112118857,29.974125857653885,50.01374303169693,-79.9536978572907,30.205240862502087,49.936523142391906,120.07844379746017,30.113497486413156,-30.04725248476651,119.96382923914213,30.132775335582593,50.02957665055158,419.92632510966945,29.907823085159453,49.97421754720366,619.9448064214272,29.953505224382756,-29.950616999849345,619.9581630147391,29.93106560219027
calibration_00114,-849.9588778276391,10.0094797923283,9.982301670745288,-649.984497470603,9.940980025005446,9.982003744317245,-650.0154253902681,89.93681334208804,10.004523068143762,-100.01173810725409,-40.063939334260965,0.013763817894338897,100.0112729259284,-39.95946780591705,0.062362791447688935,99.96542147318164,40.01257176632408,0.006365386988551846,650.016971302594,-89.97265260491646,-10.025344192303253,849.9980674363367,-90.03525560737403,-9.983529412269137,849.9886284265906,-9.982666311359184,-9.945272017305975,-750.0059088381034,-19.983873712590093,-0.029837062691324044,-549.9534369943408,-19.939526774923355,0.11639031298478994,-549.9705084830184,60.013442048503556,-0.056201533741403464,-100.0112597808001,-39.92826679001838,0.021458688238947587,100.00750050341578,-40.05077796843456,-0.05456724209511386,100.09938289779008,39.95424969669196,0.028847366859141223,550.014782182068,-60.022959687745484,0.037234100789617856,749.9941977838685,-59.986931635712835,0.00035011924987778803,749.9328485846544,20.01665399972396,-0.08034307781492493,-600.0385742889431,-39.58605161122806,0.22873495874216876,-399.9951707888764,-39.70248543899072,0.11092227798505161,-399.94844670052765,40.29032391534794,0.2329117225833297,-99.9822760739972,-39.957663451024736,-0.085947390872493,100.0531325601583,-40.02388822877556,-0.03108943386852763,100.02522545250487,39.95763321085921,0.014401375035417618,550.060571058606,-60.01313820784151,-0.013897770512532007,749.9596805149915,-59.97705937091388,-0.0010881712156369447,749.9620936049724,19.99774260991413,-0.10227707607205719,-599.9230498029875,-39.60736015982564,0.2841517447207463,-400.02259145802174,-39.710411108095684,0.03463207819965487,-400.0061593226345,40.3286500949636,0.23381807614549288,-99.95907973997038,-39.95855329687022,-0.05218166187857235,100.07174711979805,-40.073259482191425,-0.09631389260257839,99.98487385511179,39.91560602062754,0.01966521754437472,400.0664968012063,-40.15315314819801,0.0007978866149330882,599.9727510819562,-40.169949673118744,0.15621366383386198,600.0203702606848,39.79247506109939,0.2251017915101395,49.83589442243715,-579.9551184098325,30.23021189959514,49.92012342247685,-380.00382289131477,29.930848387683078,-30.13441724334146,-380.03719670733403,30.058008823107496,50.06994161367424,-79.97384732541119,29.903763865835803,50.05839464449258,119.9888021903351,29.866787827058182,-29.963970491108384,119.90888734722469,29.852902025381486,50.00484615555058,420.0714734155489,29.984602152091693,49.96489111629042,619.9205334845489,30.20118674114899,-30.036817866980435,619.9635403652135,30.038323082466594
calibration_00115,-850.0173191914597,10.007454012320647,10.009209716719868,-650.0211686567585,9.96318668152094,10.00574201624913,-649.9939731992312,89.97304500117994,9.98320042547569,-99.9397683637592,-39.996715377466174,0.007020127192839574,99.95386560849511,-39.94235426564629,0.017428001287922826,100.01138731533456,40.05386935482824,-0.021172753312014,649.9601179647799,-90.0461934563997,-10.005328860233105,850.0150178240402,-89.96135674559441,-9.994368786903248,850.0399530986818,-9.943041883960422,-10.065514572645684,-749.9521831007075,-20.01936386590125,-0.02936147819874424,-550.0621844609508,-19.94314298681294,-0.06818201114211167,-550.0163897270692,60.047847863686094,-0.021647017669500543,-99.99889265181001,-39.98626069469392,0.07458218917404952,99.97327001496934,-40.07888810885697,0.04025714812164417,100.03321548336578,39.95580642149198,0.01343558629248741,549.9499685112366,-59.95640645493135,-0.005765620390307232,749.984648502208,-60.03350581594023,-0.027942095135699372,749.9928712312836,19.94100586512674,0.05232186288005034,-599.9728237934436,-39.75090093308479,0.13727202935622357,-399.96646005829865,-39.86811130531079,0.24873343073261908,-400.03850793105346,40.168858162408334,0.1062812934195117,-99.96305276404946,-39.98909270840657,-0.03976240379047903,99.93593648537595,-40.100727132078305,0.05825332074199928,99.9727262096756,40.009010241474456,-0.04219726795754283,549.9618633081166,-59.996787665884824,-0.04048689641808921,750.040040595095,-60.01705106084653,0.06947036842119768,750.0457183759463,19.979900308858895,0.08138553099713258,-600.0057329725615,-39.78173218038011,0.13643750462984716,-399.9595593733266,-39.85400697077008,0.20884219395096962,-399.9498174044812,40.136007678456295,0.08408487096441611,-100.02819050252725,-40.130160251522895,0.0009455629369607629,99.96880437303722,-39.963348506206145,0.08845620557444432,100.0310325926533,39.92596469654801,-0.008254435310769328,399.9436288781739,-40.08871413338548,0.1589589959064243,599.8991605099599,-40.163696913929165,0.1845445175004762,599.9885027813959,39.83941491243284,0.2410222980568106,50.02472609834731,-580.0294325546424,29.97137137276371,49.95125752211896,-380.0093218056138,30.03012650130532,-30.03073930106781,-379.9589869945263,30.01250279366264,50.08429621476874,-80.00797441583519,29.809770286712425,49.92588001104518,119.96305239490168,29.933739729586847,-29.918141751845397,119.98576556253086,29.925424945854463,50.00316276521147,419.9106210224796,30.041927402667916,49.96424538418333,619.9564222142853,30.040418245941364,-29.96184257523856,620.0003249361135,30.04036525511747
calibration_00116,-850.040885814943,9.931959752970718,9.966634702292172,-650.0005074572035,10.027978279019042,10.013024879706387,-650.0233342979114,89.9880039401695,10.021610739580273,-99.99856326761645,-40.04613471526698,-0.024366999308933816,99.96027769105974,-40.00733742829717,-0.04914325345264919,99.9485313129089,39.98923596501432,-0.06402848292405608,649.9832351061501,-90.01806014367543,-10.059776530632938,850.0197664025937,-90.02876442478248,-10.017251009903422,849.9817306388566,-10.042774593113343,-10.0489839096676,-749.9742385897371,-19.933881975110978,0.02823424464668505,-550.0476196438622,-19.966838776349334,0.0033863506026981793,-549.9908235175167,60.04436695849836,-0.06109677242470167,-99.96317908710692,-39.981093346885025,0.00777122900398838,100.0037073668939,-40.01277388012487,0.08880114258749569,100.05473199776834,40.025650125818544,0.0788819410006921,549.9595736366172,-59.99215643251592,0.023156927840432336,749.957183826332,-59.972763252997574,0.032735734942308865,750.023292190064,20.01600950623868,0.017730186261485714,-599.9608460929906,-39.995489189403436,-0.23018113096417422,-399.99347832735936,-39.96873742553509,-0.14775386172106034,-399.9279631865176,40.02765032388082,-0.0962884992903274,-99.96751105064537,-39.9621337628422,-0.0536256103674536,100.06687390970222,-40.05464968936163,0.04435540539444191,100.07048984379121,39.9726844772712,0.15873553930746842,549.9764704425875,-59.953371948097846,0.00788879907597048,750.0566977604295,-59.978170388451844,-0.03645265998206951,750.0332130394473,19.979059242970298,0.10012564255921937,-599.9370099833386,-39.98676345637949,-0.13960913279178727,-399.9750737221059,-40.03960770632162,-0.07874959012788858,-399.8607844096604,40.0602867322847,-0.01618841554418181,-99.95496756004019,-39.99581601791418,0.03811706626418202,100.12465742902617,-40.01823158507676,0.04416570262741261,99.93948098196275,39.993700778930744,0.05196970986587596,400.00601794213765,-40.17023415611879,0.22352030999538863,600.0230254792735,-40.22519848286849,0.35234391932174103,600.072190542617,39.72182601764562,0.36513496892606945,50.023459259101266,-579.9964899413933,29.986550295434654,49.96734645638217,-380.0204350940739,29.985450710588903,-30.042853713207716,-379.98929105995586,29.906383804230497,49.939566798718964,-79.99872690214197,29.924157662841406,49.983405307465695,120.08608207868222,29.983014027486043,-30.117510856743042,119.90885316961995,29.992220864340094,49.95545884567474,419.9583465820249,29.924687392174896,50.04804235713899,620.0002043070723,30.03164630170286,-30.017277732681155,620.032672766167,30.00050008566466
calibration_00117,-849.9964233492228,10.020461332182744,10.007964895131263,-650.0396967716279,10.053928648681122,10.011191328888579,-649.9275496229358,90.00149301061045,9.977222176206288,-100.00754523788027,-40.0121126582194,0.03339455467147502,99.9824903851548,-40.01983203592521,-0.021670693977823945,100.01627794140644,39.97586234537218,0.0035761401755903797,650.0180875058903,-89.92881027520535,-10.002290589442511,850.0153107273907,-89.9491688299449,-10.055107867334554,849.9495252068225,-9.950010363250923,-10.045719469436444,-750.0380376133519,-20.033127059151965,-0.007908824114717706,-549.9897711918555,-19.983952193112838,-0.03950292438501511,-550.0230380033214,59.957549513182215,-0.010453588537284404,-99.92032390103088,-40.00901604209146,-0.06298874422972774,100.00813446164376,-39.95999152987616,0.06093640524168245,100.04022366184374,39.966275602952095,-0.06500771463713217,549.9853353757999,-60.040307463399735,-0.08698694809428652,749.994058080083,-60.0702177865277,0.04053915622078412,750.1019193585804,19.8948627150915,0.006248646417643543,-599.9659604922398,-39.99397086457222,-0.41221807893368057,-400.04283737221806,-40.01384914121808,-0.2054351144438175,-399.8847778780715,39.936545404494844,-0.35425603054383964,-99.8861835171918,-40.02848615620635,-0.037827819519340784,99.98994234473152,-40.02209106103078,0.021290333238724004,100.06552906725814,40.089968767743116,0.017006398055360326,549.9957694920348,-60.029315266715194,-0.0361502759537171,750.0056956773224,-60.08501965048131,0.09437634341812576,750.0251972444378,19.93248480690709,0.03406488080150149,-599.9809181725121,-40.03844259925078,-0.33666469018415135,-399.9621761681418,-40.010371476171784,-0.22988821641016477,-399.9758620186709,39.960185960796956,-0.41596152389539853,-99.97887573563762,-40.02876303650671,-0.02553324600733272,99.96624746156617,-40.008656212691726,0.03736244158461926,100.01602727921279,40.057805378811466,0.05251906051291902,400.072639913564,-39.82256994237355,0.12341676891381446,600.0320868388158,-39.78146900275435,0.1673189698006361,600.0424796197118,40.169944874607665,0.15222499825463603,49.89680776009762,-579.9663029327095,29.952417320162297,49.95434385548782,-380.0352244282865,30.027841349081037,-30.01356261401065,-380.0095093470328,29.92962347932469,50.00759584393479,-79.90748760921382,30.034485822425893,50.156943412721375,119.98557135028025,30.002229761901756,-29.885294354076915,120.06450275860713,30.050706763704337,49.985085804201674,420.0494972664889,30.006400736181966,50.04347446934258,619.9841694326121,29.84296940756286,-30.014203811629528,620.0731209139736,29.96416601258785
calibration_00118,-849.9578573884544,9.976719633735671,9.990162423493087,-649.9595338243797,9.981047070995105,10.01584063915772,-650.0262965724708,89.99337490644079,9.978675421617297,-100.01273142933624,-40.010413436888875,0.013412296994490189,100.02570333713312,-40.01758261199852,0.01664194117337691,99.99388179191772,40.007568319159695,0.039263823372877114,650.048671412613,-90.02088495716036,-9.997504834835995,849.9861605815606,-89.99483677330393,-10.03729580050651,849.9905288070227,-10.037621037538289,-10.013056443918094,-749.9918163268238,-19.96933658334119,0.03823840540203515,-549.9925203474907,-19.969926150911377,0.049416402010199055,-549.9073713971378,60.003014861402775,0.012312991452982001,-99.96413711559313,-39.968351928099686,-0.00797035734007174,99.96860405960047,-39.97296505185973,-0.048299427116602976,100.01270576383767,40.00222130414038,-0.02134153154668747,550.0318316199172,-60.02789403330988,0.02013556767272797,749.9996475300525,-60.02402755112927,0.005781062623666056,749.9879709069038,19.92711917401603,0.02771786599028192,-600.0352963764564,-39.98897962253967,0.1051018995710542,-400.03204025952766,-39.91831528298863,-0.010525624945440158,-400.11490834177624,40.04202249074268,0.10006775092269588,-100.04269681455007,-39.95220751173834,-0.07573843961726745,99.99167964408873,-39.896517171571105,-0.022319237400563158,100.02804819367607,39.964274192355695,-0.12715906758687118,550.0506366863199,-59.96680684560453,0.051739545570005416,749.9635370037122,-60.0553124122977,-0.0028422846519211634,750.0332646961393,19.945950998887625,-0.00048556722951435816,-600.0691999473022,-39.97536044679763,0.10401163526335107,-399.99687730311075,-39.90261550671641,0.02639462425009797,-400.0691753269703,40.06901849224107,0.009475760723507372,-100.01412606020611,-40.02220389664655,-0.043661289220570686,99.96259742482106,-39.87611754428095,0.02867525795447549,100.00970015803529,40.017847817248324,-0.13242253723095895,399.97580836998424,-40.02996236187636,0.06843608766543963,599.992336276772,-40.00622141793105,0.15628108498850113,600.0036665314918,40.02618336148839,0.006105923189062865,50.03252903021135,-580.0732190232683,30.07631458933103,49.919051083300396,-379.954795311778,29.98836086834717,-29.99319664904363,-380.00067697060535,30.106114770565505,50.05153639154131,-80.01438726756034,29.94662091279208,49.9526921359525,120.04046345306101,30.0404702699023,-29.98608332619821,119.98569594367437,29.939577167511576,49.992621350077094,420.01978782710944,29.965669925830447,50.03417671453418,620.0098623834458,30.061171786895432,-29.98032754850093,619.9094687022091,30.016154110917434
calibration_00119,-849.9819231949507,10.002258860279213,10.039230123273036,-650.0126140647592,9.974700460653759,9.96799342678304,-649.9877752075042,89.95740273706438,9.981261457308287,-100.00782706388695,-39.97976748066106,-0.003220305673412839,99.99871048474425,-40.038128769460506,0.006291881261781402,100.02195860853668,40.04866985902098,0.035601760613066545,650.0025030298306,-90.00016745032563,-10.035085926636496,849.996286907985,-90.007529875454,-10.043439759375074,850.013456668787,-10.012654653568998,-9.993780063308334,-750.0027893877277,-19.985954744376233,-0.06412290008262338,-549.9675943884437,-19.98848914022388,0.011526740555766822,-550.0375753909542,60.08234803800098,0.013303512256145858,-100.07005271298988,-40.051143009548085,0.018560149210936426,99.93614502280109,-39.97600261000251,-0.005100837473388033,100.00011126768611,40.0051271370777,-0.06954466667994597,549.9597737385002,-59.94968046532823,0.02528678046009527,749.9551686757671,-59.986243000230985,0.007197039631673813,750.013937060978,19.95361738879519,0.027563028134641454,-600.0381152505912,-40.10323588666759,0.1470894297612499,-400.0270758408683,-40.10217029461891,0.06392212847313568,-400.1107361282869,40.00850647327546,-0.009197614036252182,-99.98784633106838,-40.02360638017902,0.018000665055435554,100.00104650128772,-40.00264157058345,-0.05507996820475934,99.99470950204761,40.0748956583094,-0.04032974311690497,549.9916462692591,-60.033857069702954,0.054382569619928586,750.0964419253991,-59.956129509838355,0.05300371691473585,749.9959909500549,19.987860575227383,0.10898052722225933,-600.0391799387306,-40.10793158507155,0.09918428917429728,-399.96070164854825,-40.05546189058878,0.09352778162973022,-400.063714616781,39.92129353419462,-0.00875955752311038,-99.96657084123062,-40.00039000900452,-0.06235978418473187,99.97116561064153,-39.98932369162533,-0.04949897560726997,99.97272912307754,40.07577869282648,-0.018456595955055152,400.0037521317484,-39.797913094592346,-0.16679689790918417,600.0258767868846,-39.761020416251014,-0.18680691804580252,599.9599721496522,40.172383060699445,-0.26205490572478146,49.99345571814292,-580.0575054145139,30.047604763604067,50.03650494594117,-380.02421439472715,29.987678497250954,-29.952188345410757,-380.02511996725974,29.934485012901053,49.93824797618104,-80.08728758734291,29.979604998292302,50.055529852497465,119.92711359852551,30.043747852051464,-29.99252865368677,120.02484912411288,30.00142637305074,49.89013390051211,419.94033838269337,29.990648489421776,49.9585378845471,620.0825182200597,30.03714997256181,-29.932100613983057,619.9978675918857,29.89129947532325
calibration_00120,-849.9710555538956,10.028161115807926,9.977383002325325,-650.0595629869058,10.049218189500587,10.019092631338058,-649.9979856964711,90.03771251343426,10.009103239727759,-100.06892361485315,-39.96294785723288,-0.01869204769385539,99.94201124835894,-40.05849877555571,-0.04745984546278414,100.00901705584725,39.99099158781518,0.07862482934366272,650.0033175249544,-89.98604860303156,-9.99203701684133,850.0033109469665,-90.01398271765319,-10.050194104373348,850.0317692944458,-9.984072322275338,-10.006667112705548,-750.0144728971394,-20.030311558747755,0.046376103858805695,-550.0594880509536,-20.007516717821936,0.008277013287722835,-550.0015930630932,59.95803725148553,-0.006660453236397077,-99.95365110409276,-40.000594231124154,0.03906360234395957,100.12350033598344,-39.95741286802015,0.08573067737369229,100.00926564704332,40.03672360074623,-0.12490206005477587,550.0430532531363,-60.032723783165444,-0.010246525451932574,749.9639026392214,-59.95925280757677,0.12727056516667837,749.9635971262743,20.050014604800587,0.0701315142700561,-599.8656375644429,-40.19014855649933,-0.09829707147430713,-399.9137167153617,-40.128497173357154,-0.10574851772424249,-399.91363643278953,39.82998451263658,-0.24388178214635112,-99.92650452378714,-39.9898746607366,0.01843452571429329,100.092068232784,-39.94575380345319,0.058210814239337584,99.91921733241621,40.04082154786466,-0.05879518014527131,549.9905308634566,-60.07225130869005,-0.023036352307490342,750.0044973296749,-59.97638895896747,0.07707471965592949,749.9633953994818,20.056123282526947,0.0011944260665956788,-599.893025616181,-40.10707028979947,-0.11701930079647438,-399.8830574890611,-40.08353872314479,-0.08743554510512627,-399.9051053449255,39.899254882636185,-0.2481725004151254,-99.91452060272243,-39.96144375656328,0.04552563241568122,100.11327876048159,-39.875643483969895,-0.038907808711811376,99.99598896139345,40.0811776137559,-0.08763782723845712,399.9747781210369,-39.782902223080356,0.11182403472058156,600.0507750313569,-39.85230707259736,0.23133257055564382,600.0092701156633,40.3108920514691,0.022772698785471047,50.06077083251258,-579.8972192428648,30.00136516499829,50.00013008265954,-379.8330703786825,30.05573453010231,-29.91218409803091,-379.9783328022826,29.90221966346555,50.01097898486943,-80.01785168602927,30.047950352640253,49.98869450245505,120.00029656989142,29.914928096541896,-29.99140755196013,120.04457100759535,30.017898682944413,49.94677584446527,419.9624281439393,29.90672389743221,50.10657702035301,620.0340984370354,30.012683854819773,-30.11740952719544,619.8709599704475,30.046587393057294
calibration_00121,-850.0338192268125,10.000677126240992,9.967746698949446,-649.9684021559597,9.998229543841532,10.022741405195857,-650.0208953575385,90.04546734593426,10.009385575712264,-100.03898799651975,-39.98736529341407,-0.032400711909778446,100.03692037601516,-39.954204215175615,-0.05502534135785968,100.04497723927899,39.98665079610509,0.00909802418167172,649.9751811057434,-89.9531866501905,-9.962228460485044,849.951125976819,-89.99983713649674,-10.002947296552207,849.967749508307,-9.99261274130369,-10.04024466538045,-749.9341365842483,-20.018321205288363,0.025134273608835214,-549.9382007821905,-19.9912790971573,0.027162451347871968,-549.9711736525596,59.99538961990427,0.02159931797025048,-99.94484924394766,-39.96313897268507,0.012935290723645097,99.97114252763214,-39.901303969807145,0.013563616018628193,99.91476276296378,39.987709976995816,-0.0551724426018291,550.0231177192328,-60.0777842572441,-0.04336983857087774,749.9763762589733,-59.998545296199,-0.026847860608387033,750.0153368427515,20.05194683964975,0.06729962580071833,-600.032977200196,-40.03429445927436,0.0856077106183537,-400.03382071135485,-40.05160641160874,-0.05528072464295371,-400.049567085021,39.957927793683915,-0.032502894892265814,-99.9323721947332,-39.98434902549426,0.00839354446256855,100.04064437248992,-39.99427506233566,0.03165871775774268,100.02396426781868,39.998195149831204,-0.016378764847071098,550.0010410808788,-60.06586341235263,-0.08479853913217977,750.0487074178255,-60.0141453114241,-0.007334619714234774,750.086483834116,20.015552184190916,0.06229000470329632,-600.0247746333545,-39.99388579712794,0.09884062430539957,-399.99122123470306,-40.1087306263163,-0.10538457084080423,-400.0776521993659,39.974276125905234,-0.09364179027481394,-100.00978265867091,-40.046126438836936,0.03613612279254367,99.98933126958687,-40.014787010003545,-0.0006265680051193989,99.97498494018564,39.995576909896535,0.018384471414419533,399.9969733168707,-40.00477512573214,0.17734518511234076,600.0525202694438,-40.01892527841908,0.07646266071251523,600.0116467838037,40.08544991236932,-0.026750581138489958,49.95553532381827,-580.0083883684845,30.113086526817142,49.95687636668471,-379.9791137434999,29.85433549507611,-30.009187700615833,-380.1040875693563,30.03701100763033,50.0466625690532,-80.00060237093824,29.98499162185171,49.98600977596542,120.02564898657195,30.068173454776026,-29.97628623457542,120.04414120651404,30.043114074488088,49.959927348532794,420.01818487165303,30.005949268640688,50.08797277523949,619.9669375302824,30.014484332795735,-30.047196202515092,619.9340294510437,30.054641949781505
calibration_00122,-849.9977123307558,10.021614827660779,9.96305160680417,-650.0069283285795,9.984548194087054,10.016454087742025,-649.9589534098052,89.99864932578363,9.994185561545297,-100.01508265852628,-39.99013214625459,0.020649685730701573,99.98788839258401,-40.00223974831021,-0.042381580886398214,99.97167279704423,39.99824013977216,0.011211416813346219,649.9717476054532,-89.95853068285837,-10.010176938629371,850.0315718447455,-90.06380458636635,-10.015160157454917,850.0513456751474,-10.019618805276245,-10.00657178527857,-750.0569722724626,-20.050792116924075,0.046370206634945024,-549.9978236419157,-19.97459975157017,-0.02148878515160624,-549.9998209532939,59.965869030829445,0.028741733919260933,-100.0413720960883,-40.00700975842991,0.03891452091102841,99.96585752007464,-39.9840386044132,0.06606768338182,99.98762730285326,39.99897902488583,-0.04662631386043049,550.054588501971,-60.09038665935387,-0.006715382336262152,749.987322656808,-59.951587123348446,0.011305809534515085,749.9548635318192,20.03076296002741,0.011440124037766028,-600.0563850305174,-40.010316915083564,-0.07085976876792421,-399.9939337701751,-40.03743135860808,0.010352470333259693,-400.0499658164891,39.91540492209068,-0.08972917017022213,-100.06088504265405,-40.004019805150186,-0.0048319361905736855,100.05082034570184,-39.965044945782076,0.00854078505667016,100.037567681673,40.03430885481492,-0.03055785711181188,550.0162659784584,-60.013062388987926,-0.1209610136849475,749.9233904971211,-59.906387317956565,-0.033337861493340865,750.0369929017837,20.0154918427726,0.03487323889324258,-600.092159684289,-40.0366261785263,-0.07539652616154457,-400.0341259239249,-40.02233947961111,0.028487411854934072,-400.0005331181588,40.01951978474839,-0.08675976771740428,-100.10937724607732,-40.02515256376906,0.004665523602146461,99.99101587372367,-40.012568896259836,-0.018283199198662867,99.99456809508091,40.00472248501412,-0.014377971239331402,400.0325697975089,-39.95883059872415,0.0871328011134286,599.9148146226688,-39.88596862403722,0.007570721752126169,600.02912616596,40.11267707340627,-0.01858563783812059,49.98199956071594,-579.9841437229645,29.953532039388918,49.99527538559299,-379.9524022891881,29.962439494536245,-30.000379328467538,-380.02045644595734,29.96789875053869,49.96634648399451,-80.09140064650516,30.008029343048122,50.06982566360187,120.01694206805998,30.02312566166144,-30.001949603614428,120.03053679798586,30.016120222032423,50.0131285932976,420.07043901047564,30.029448009630475,49.94102746474909,619.9639662666544,29.970437390325095,-30.095252257824942,620.0774426743794,29.989926672205932
calibration_00123,-850.044109178516,9.952511812248154,9.996700960236142,-649.9922467463194,10.01206387552907,10.024848478191247,-650.0527202745769,89.96808989180569,10.017166502262096,-100.0025059823604,-40.02262585771364,-0.06417972573276634,100.00140289000126,-40.01514893084301,0.011605769530064874,99.95718048555128,39.98794453215342,-0.02965856979050247,649.963025800774,-89.9653133673862,-9.99818265859258,849.9611791133477,-90.01070388391103,-10.027524282244434,849.9677559369089,-9.997035565779061,-10.05191123938236,-749.9509430597225,-20.017064109970505,0.053048227504266854,-550.0062320497547,-19.97526950322613,-0.08198605582271969,-549.9609224928431,60.08214062763266,-0.0008785839922206534,-99.97054372376834,-39.94024544455883,0.09346577405869567,100.00649056157843,-39.9809877593441,0.02666160407965816,99.98637896532588,39.9707513255841,0.04559050677492785,550.0959385221682,-60.00054776319525,0.023933221100391196,750.0460452398131,-60.021176802484206,0.05520441577843332,749.981557754118,20.00535727980546,-0.017484374239285422,-599.9892037895587,-39.7810708838349,0.23717942884173943,-400.07355133315303,-39.92632191790125,0.21686870271363234,-399.96130809478683,40.09353331551785,0.20788840122082833,-100.0304605124579,-40.012109147553026,0.032630470353238746,99.97192500413699,-40.060406887496924,0.030335488068413234,100.01483358610739,39.97923856235279,-0.02008818109921872,550.0198835956667,-60.00147011988774,0.0028506100008114954,749.9714814448992,-60.00194128345953,0.014087631866919515,749.9825225544248,19.975920096815628,0.040530806383616336,-599.9810806635088,-39.84241890865738,0.22884808490209022,-400.04308728156633,-39.90821034588738,0.17737195168232933,-399.98395120879644,40.098285068200674,0.2855910216456342,-100.03309833636422,-39.93226835575318,0.013597017828620321,100.01314746932164,-39.981928728065085,-0.011201887790828993,99.98052370171084,39.97067808410651,-0.04757864232023848,399.9670178087596,-40.09047135261331,0.0704641136264699,599.9763206440153,-40.10183670381774,0.0055170065818917965,600.0152576831384,39.89726908815076,0.000735926051063495,49.96682159602011,-579.9930449563134,30.008524089811203,49.956097173528285,-380.0237231321774,30.080711592001407,-29.97160539323992,-379.93366381419787,30.026283152289064,50.05095091242138,-80.04322844801828,29.932506031695397,50.00921430597183,119.99475373952812,29.919931371138855,-29.979898203606993,120.01312153637525,29.95463704803376,50.031005651441674,420.04269855108225,29.97090665181817,49.96912583053952,619.9858193869585,30.04902302284215,-30.02055709141212,619.9961126709853,29.969378576413288
calibration_00124,-849.9844094547109,9.99294173578404,9.979994453457408,-649.9882334164604,9.979845003758566,10.02460213671476,-649.9930896671178,90.00304357514025,10.022138212524641,-100.00179153085614,-39.98070179360384,0.022295584702262342,100.0253232830581,-40.00166134603288,-0.014391497860215168,99.99855510473259,39.98707383169977,-0.0586583011198966,649.9913643712289,-90.03749239201119,-9.99959939354785,850.0136483983028,-89.98305571112698,-9.975970731221452,849.9841886978986,-10.014837889308918,-10.03776165114116,-750.0512215829674,-19.96756279881979,0.005540166905392337,-550.0266720794355,-19.9838311815842,-0.03989610546645214,-549.9948707149919,60.016937003988744,-0.03405329960042935,-100.03993169200564,-40.0395552496533,-0.0352289547376964,100.00132722884933,-39.99226237052279,-0.08685952018706217,100.03120844070904,39.989900607097134,0.051045769213857124,549.9972800619632,-59.981293207276074,0.03215246500677116,749.9437728271826,-60.002142365750224,-0.01657065427310812,749.9872709293901,20.01515370790581,0.02809691351559786,-599.9567133873683,-40.04791469092638,0.17277937744383504,-399.9864853148672,-40.06475940724989,0.076598600727633,-399.9793634030808,39.922883371696614,0.22737627567160562,-100.07460887035481,-39.99510186985242,-0.0008536260094325204,99.89157617102,-40.009155945270365,-0.04866887869145781,100.07277409979899,39.927731027800654,0.016699128563045958,549.9778356131777,-59.93549020848534,0.030657344228466755,749.9763106358278,-59.98995139224271,0.006020163299462145,750.0586062122825,19.99366889602059,0.06102391890510214,-600.0248625868461,-40.11358809981946,0.15166017145010513,-400.030442023275,-40.11754320050261,0.1376626616948509,-399.9377430735735,39.93260152218843,0.1684266929096924,-100.00328615177509,-39.995244751134216,-0.033152828691451364,99.9082044192981,-40.001532481246926,-0.05489601080884381,99.98052699323206,39.92825203623427,0.0897359185407798,399.9637324673157,-40.300420918961805,-0.1086552097783882,600.0173529509987,-40.26881432733162,-0.16841030341323032,599.9980572416858,39.7557760783113,-0.15229655157046695,50.008077960407356,-580.0045894177213,29.98470374896016,50.01789354935557,-379.99661804973493,29.945965576968828,-30.00318990148841,-379.9734967329109,29.979732882472298,49.87873141451823,-80.01965778698604,29.95834731149762,49.80732439786207,119.89178142818218,30.003934309830868,-30.074861693453492,120.0012715191639,30.084023870511277,50.13309026227911,420.00578863793476,29.9917674511938,50.03225131406359,619.9830471147578,30.000980640122,-29.98600112656318,619.9865387528126,29.92705085635537
calibration_00125,-849.9554549020176,10.038202379500271,10.001499772494705,-650.0416967242534,9.98485285144706,10.05447288302901,-650.0229167653381,90.03530230897427,9.962809891187584,-100.01220570694072,-39.99677008638195,-0.005522541875396133,100.02368452243103,-39.97705453084246,0.025224385325081953,99.99050048886895,39.98232702229529,0.026369989653316824,649.9820688553834,-90.02936464881095,-10.073967057287422,849.9893232142953,-90.10832034088395,-9.968585457739604,850.006790075366,-9.981243347242884,-9.997995075004889,-749.9689695273427,-20.03014058952245,0.0003409202829716268,-549.9608207218092,-20.055315626687246,-0.048222786226164015,-550.0399400208908,59.951324250235004,0.050057721340892106,-99.94772065354736,-40.064006198273006,0.02162903586005334,99.9654558666699,-39.938518491482206,-0.003404256704327438,100.04601195990294,40.00459716879554,0.021719595994362066,549.9705545143067,-60.01736142481379,0.14280002357164037,750.012539403828,-59.98876825219595,-0.03789460582195301,750.0289089368986,20.085333306010703,0.029250298045404122,-599.9498977287319,-40.19468079893511,0.060853778178199924,-399.9586110106527,-40.1415136855194,0.12375488202936816,-400.02182482046334,39.80296979188966,0.0282968506720205,-99.96659863139503,-40.01118465517347,-0.026299330039216307,100.01600069632275,-39.978980372342306,-0.0883245877904913,100.13892508206385,39.95539920377247,0.029415675860247657,549.9818720099348,-60.008765240489495,0.07205714439213333,749.981973341746,-59.941505657690826,-0.0777383272358774,750.0572150337667,20.060727300560487,-0.00904136495999247,-599.8858635584579,-40.20116896189028,0.008438919947825547,-399.8814621076323,-40.147721472565365,0.12454988927666924,-400.0748906635824,39.82437083734206,0.062280051447843904,-99.98390951847549,-40.03164994704503,0.003427232959432945,99.97849130085956,-40.01277563375839,-0.0629747209458036,100.11364467313484,39.97207998349155,-0.025897267878217556,400.03943466329594,-40.072877965169674,-0.08844132893361484,600.0699169287706,-40.168780731274126,-0.24652656823237612,600.1076213565368,39.901592788299915,-0.16690050548916327,50.02515187376055,-579.9934506173535,29.91404426265462,50.02551640811925,-380.05930010226024,30.047962895705783,-29.908483867476868,-380.08932962053154,29.992756240099467,49.90158729041937,-79.99889497428028,30.008043898607315,49.88721165487276,119.89364450206064,29.961607536195263,-29.970607682907488,119.99208622811604,30.045102578424977,50.04625006934048,420.001671904218,30.016531822745637,50.06954437996102,619.980531012753,30.026936102743946,-29.973048439382872,620.0192770867853,30.04581197080936
calibration_00126,-850.0153542096092,9.96228259093092,10.025634265377306,-650.0046259500398,10.04821794275999,10.007163117267599,-649.9648603544066,89.9765272081467,10.001445597421261,-99.99726189648094,-39.94239793477413,0.035310613227107206,100.0014511434562,-40.00772434257608,-0.03469250893197276,99.99859118368961,40.023267158535596,0.011674986927468104,650.0485240511424,-89.96017983401615,-9.943512629906772,849.9806535188591,-89.96224316943199,-9.964285752735528,850.0000934651146,-10.052847033549606,-9.98795925560158,-750.0240726094268,-19.964400323962217,-0.08068867237483768,-550.0101009464047,-19.98683013874705,-0.0661184942128903,-550.0353666273655,59.98904256019593,-0.02790747256200323,-100.0056858588604,-40.0566185923235,-0.0484759430330685,99.98597383456897,-40.02657937524242,0.06301517915881126,99.96095152073529,39.994138494742124,-0.03363283545637993,550.0256063831562,-60.050467338863285,-0.06412018757056395,750.0820157771471,-60.01039209339269,-0.0620950049406625,749.9520720295114,20.022983238873984,-0.07372354895603138,-600.0299952723674,-40.19724720911428,-0.2815472783367488,-400.0237122607208,-40.08981156128482,-0.09751826466531538,-400.0797639971067,39.834382898547524,-0.3208700583212708,-100.02374850252389,-40.053617010929976,-0.057367285002837456,99.94757611324887,-39.99923190502668,0.07618031530498562,100.0815919380359,40.01014558421206,-0.07507227326927109,550.0808692482789,-60.03839742270768,-0.09541505944862838,750.0296704237378,-60.02193052402245,0.020106868766318925,749.9443866286141,20.001475956177515,-0.08700957932062128,-599.9760366245137,-40.09035205577314,-0.2033210215669623,-399.95812203450424,-40.1774233442619,-0.1239729826313775,-400.00901300415273,39.83394359509823,-0.32731381059114006,-99.97023518491117,-40.111429652449374,0.03785417410542221,100.01906966672412,-39.998640673883564,0.038960786601888925,99.96797142666354,40.04561486149336,-0.02130493891004792,400.0657130865572,-39.92513562553316,0.19751011925605624,599.9078087643245,-39.9642496904988,0.37063783324892474,599.9144930170819,40.059275332208266,0.2962429982559365,49.94107062703989,-579.9483725838928,30.00920863842841,49.9560542311901,-379.9792660592046,30.031195680680565,-29.983155131284633,-379.97712409605236,29.977600830055025,50.016527853361346,-80.04647353319329,29.963554362500467,49.97814053100717,119.98582979667489,29.934035749631153,-30.100292709713536,119.98144591761749,29.90685229357227,49.96975083463779,419.97817341392545,29.98080376233274,50.06956298372353,619.8847796734301,30.038878246152535,-29.947374401469663,620.0175099695836,30.066493881132015
calibration_00127,-850.018878626384,10.074651363737749,9.941843235252279,-649.9736754592972,9.971595944272556,9.978481494187863,-650.0144635760804,89.98588856966838,10.011458220596651,-100.01201631543724,-40.06576148500376,0.0010966170465294594,99.99042856058182,-40.016050731265274,-0.006236549341927242,99.99111077743224,39.96379348589076,-0.025325078431023912,649.9929001229165,-90.02169683703309,-9.93742051424872,849.9624780312266,-89.96163081227054,-10.028501487489555,849.9986388640998,-9.940206275880207,-9.98231266180639,-750.0466601567051,-20.043933575217743,0.1267789835433516,-550.000780936741,-19.962098888968747,0.01113726091432431,-550.0568021364539,60.00797608506632,-0.08602609526314317,-100.00079250866513,-39.96079674212381,0.02396875147715139,99.96027765523431,-39.973543736889255,-0.03392381443616882,100.02759985427772,40.02468385668007,0.025321188239169807,550.0177848340686,-60.01357003041664,-0.11930253774011362,749.9932443297674,-60.080177816939624,-0.02473515858292783,750.0194476887523,19.92944374363172,-0.0076019118362070995,-599.9593447661366,-39.882935242641075,0.11693438415547065,-399.97806392193644,-39.91440665659556,0.12763233499403215,-400.00645209154766,40.04941549234343,0.17278597311868157,-100.02222558024575,-39.94476840280935,-0.00016774766463860044,99.98623269338682,-39.961720178083425,-0.010719043784463807,99.97217199074221,39.985441284505875,0.07625021090137837,549.953433188797,-59.98847280087992,-0.08150169292481652,750.0219708898163,-60.00705295218599,0.08955650646258588,749.9546565395871,20.014084771263825,-0.03404252273640751,-599.988372499818,-39.867103741920005,0.0812123655916212,-400.00845051209853,-39.87185081665948,0.18740185120171046,-399.9402908262181,40.07177531064312,0.23213189175608093,-100.03892488057532,-39.94875009692681,0.022169324950357616,99.89395731094201,-39.94654910481827,0.01698963251659827,99.99891599628255,40.003137275624816,0.005129471851388748,399.9973031889737,-40.090916450887384,0.016396456633697987,599.9397885627264,-40.0835824595762,-0.1074348207521901,600.0215201651349,39.94686640502221,0.09770040182685227,50.008592395879994,-580.0013822555826,29.938884716319286,49.98200340578914,-379.90644883700975,29.985209587711132,-29.922960576049935,-379.92266909056633,30.063605846559966,50.00939184516125,-80.00309884978772,29.970125825757382,49.97857710110899,119.99458806227119,29.952665549473384,-29.961653616074365,119.99131565190513,29.893092694117797,49.99864912801137,419.9924620306253,29.9710661832622,49.97219621051489,620.0342555744187,30.046245322823843,-30.04606541439644,620.018383290389,30.00844512902908
calibration_00128,-849.9586848894478,9.950602542840254,9.993917093253193,-649.9654558767613,9.968248979846605,10.01392798646398,-650.0501525213676,89.96703302257409,9.983326787461012,-100.00861441748245,-39.9622963226455,-0.022863056913795345,100.02450425738988,-40.03711334548317,0.04402465020240167,100.042722313636,40.03454782842724,-0.014563782839508701,649.9762872309636,-89.95895019592517,-10.058681459233844,849.9789329064245,-90.08396654606472,-9.972205354721995,850.0039255099682,-9.98996670292416,-9.955244077173012,-750.0227544131923,-19.915492047097427,0.07233485156405528,-550.0219945487871,-20.05073119750539,-0.0032306701594976006,-550.0108680695196,60.06217086532879,0.05119412494670224,-100.00462683181121,-40.01874420731687,-0.03071636461747999,100.0653268250981,-39.977183920392044,-0.0925693672598694,99.93851851629323,40.018625012812706,-0.03406706885150336,550.0042955355581,-60.08686850161033,0.08944578028822635,750.0124021091401,-59.93018227349541,-0.03848147974793757,749.9904204627214,20.01287706683034,-0.10303187185815044,-600.0433900703814,-40.191321543911904,0.09083170646585405,-399.9894759721592,-40.140932804105695,0.005382452618512371,-400.12873134355885,39.864527236309314,0.0869662069759224,-100.03780844567146,-39.95643478216528,-0.07284272863029308,100.02238115256145,-39.94445906264981,-0.05609045247022565,100.0790112524826,39.93918251594028,-0.0863171057730541,550.0263099257747,-60.00538461853932,0.0745985535500782,750.0816129383306,-59.973362481787944,-0.039237145057757425,749.9894197493677,19.949384694366223,-0.036823431890884606,-599.9522954864884,-40.248766359550864,0.13881402629060646,-399.95026608221707,-40.15889413417243,0.018887974717766744,-400.04638355672125,39.86462779808895,0.05939242421460804,-99.99390551187838,-39.9609899721244,-0.14383088317780343,100.01472196866243,-39.92941193999229,-0.008643677937706155,100.03696047106901,39.96594107795962,-0.04636082010470855,400.0185327925913,-40.09591588523654,-0.06411775962901202,600.0157827551843,-40.07372921826607,0.0069323745437261455,599.9701759301472,39.78869203628486,-0.11272004726782717,50.1428774668484,-580.0651021405657,29.99774889685127,49.98063868556786,-379.87397903762457,29.929206483592814,-30.045609625626707,-380.1169335954374,30.04008189333489,49.887011801293994,-79.93620866513726,29.97370664579788,49.852163263869194,120.01350282566186,30.050588802753232,-30.050777343568388,119.97650895734346,29.9696576359811,50.014432279586835,419.9781950640187,29.939973803734027,50.027519198974765,619.9653531556525,30.115068448400855,-29.8804117589838,619.9771612599521,29.97409220078309
calibration_00129,-849.9887186296681,10.03772052917928,10.026395781895834,-650.0039932875967,9.995681233845186,10.014782845164644,-650.0196317393314,90.00433421133725,9.956855143611438,-99.9640038447505,-39.98828079439741,-0.025296312272514856,99.97676266604203,-40.03242808130358,0.024600883483364356,99.98456091498016,40.00575648511515,0.03275037297797791,649.9991130352356,-90.00437916912072,-9.986798843768868,849.9900607247087,-89.9362954383463,-10.015814553527226,850.0030758208438,-10.057465676817374,-9.968609208934469,-749.9999661290167,-19.95616600912374,0.013552312940483893,-550.0287080161686,-20.018313989721285,-0.04111702173861205,-550.0257427632922,59.94774618262077,0.0245659209673629,-100.03592397417064,-39.94009709641022,0.005753827819814032,99.99453073783022,-40.00352921323584,0.022049809626085635,100.00842251769612,40.041923979376854,-0.07754143340028616,549.985350426803,-59.94568724752423,-0.08454741981513655,749.941223870386,-60.03480629014553,0.0639004787832027,749.990492898373,20.026170745145286,0.014489969384557367,-600.0605852585896,-39.920583395695274,-0.11270233276177125,-399.99882517182675,-39.84358439315859,0.07559035657537004,-400.01319600882937,40.129255406829834,-0.04780579429912296,-99.97653950845174,-40.03843300610577,0.016148139182018573,99.99467351287889,-40.00778432367341,0.011525532253765396,100.05599003731285,40.02329872667055,-0.006124818103648864,549.9823296293673,-59.92715279051698,-0.004885631290120047,750.002344416387,-59.9775587254151,0.08432162397160367,750.027778376541,20.047739534873077,-0.034738044706661184,-599.9951371532351,-39.886568480652656,-0.04996231843708857,-399.9314966044268,-39.84920445496909,0.024436963960878695,-399.9675745655871,40.154758516897964,-0.05730699136113497,-99.99383821429149,-39.964847661257096,0.024818933347695832,100.00839768825611,-40.03917028282186,0.04343340015401208,100.00386818803173,39.98362646781322,0.009177822699851224,399.96197291676583,-40.043194163732274,-0.017219156037232345,600.0518909512009,-39.93604439362249,0.026878892882327747,599.9812798097112,40.08162135654792,-0.029445918156084345,49.98704957606911,-580.0775015482897,29.991387773509935,49.95681845533488,-379.976775682057,30.109449613576274,-30.0004668880665,-380.0391612539432,30.018472652352127,50.021875439727275,-80.01342888366625,29.940344698672217,50.05709881778568,119.95126264978634,29.939583602686426,-29.99765757869304,119.98907204810374,30.128612903905136,50.06906317078494,419.95552125269927,29.930432949209255,49.99763913052771,620.1195112929407,30.008758749421172,-30.04069414004793,619.9414395467426,29.999720959709506
calibration_00130,-850.0236929869644,9.97824116902312,9.979060225596546,-650.0215468132209,9.99426715555166,9.983500363462948,-650.041282016916,89.9951226316726,10.004950295677487,-99.99795155170831,-40.00180283752638,0.016445804065877773,100.02308803927596,-39.94054512550156,0.02046719953634602,99.98723137380368,40.006303832000434,-0.05213671566524162,649.9776146597435,-90.02427198383961,-9.990288495431743,849.9349793815016,-90.00497197191811,-10.006964516098458,850.0072064319908,-10.03734746510573,-9.996301176232727,-749.9916025808349,-19.93426252682599,0.031057755072328663,-549.9339324998227,-20.043537085426916,0.01045993011911452,-549.8964753216685,60.04635745612419,0.007644042135495608,-100.0447410907696,-40.04744241292313,-0.012178174353992344,99.94914698975808,-40.03401137740331,-0.006646583131552641,100.02858736343293,39.97955170651473,0.05761190055803411,549.9686784151979,-59.97956619407357,0.006641426220380164,750.0153129958182,-59.95062531454169,0.0007037296479384739,750.0381276742257,20.033639894364974,-0.015750099570040768,-600.1394851218711,-40.0777441214738,-0.08778101605776417,-399.98566739395875,-39.96602581103144,-0.03389864369417461,-399.9855875808614,40.12355151923997,-0.011065677260038745,-99.99893743903729,-40.055630708390936,-0.02390773789810251,99.94818220128272,-40.11140014725108,-0.02706468646090347,99.95250989949662,39.95034882137423,-0.013908450175181983,550.0102100283531,-59.99581932465762,-0.05752278834320116,750.0216813347928,-60.016088611844594,0.021249055327644508,750.0057906202285,19.93699455851179,-0.07105185124331317,-600.205091331102,-40.06555211627825,-0.12491214498012207,-399.9686099102351,-40.03600632642261,-0.08145550334889276,-400.0045127688489,40.02425573274896,0.022085152718608402,-99.97109269989566,-40.02888463299455,-0.002887156659361942,99.9421607511878,-40.07532990203203,0.040828948212193156,99.99215315228221,39.89433714539149,0.06402010268794778,399.94748691360195,-40.04279635246556,-0.059193001649036216,599.8848897002691,-40.08401393015726,-0.05136006353229508,599.8825110441793,39.904393174010146,-0.05145801410079806,50.01589887342549,-580.0924984332004,29.98270239303841,49.99640560582637,-379.95148796975343,29.952699544965828,-30.074238194128498,-379.9467181185712,30.027650253648755,49.982186352118134,-79.9228246183764,29.997355672484805,50.05221901334713,120.03522054347395,30.084990275963786,-30.030104236175802,120.09063670616075,29.962602286384687,49.927926495683046,420.0397151824255,30.026557053036363,49.99782553162519,619.9823936771578,30.02771486938459,-29.99663643036648,619.9963402594318,29.967395983855653
calibration_00131,-850.0274740355554,9.989079341499426,10.064695800355906,-649.9862862283136,9.985650992045409,9.971894579300676,-649.9751935607454,89.97758529646222,10.03050997045827,-100.00139364621754,-40.0081454188152,-0.014020064899878382,99.9435891777088,-40.00267876537395,-0.015306634785077185,100.03100403000953,39.99836876844084,-0.0033536515370980033,650.0224449216163,-90.02044671623386,-10.00802053016934,849.9592295180494,-90.02257750638658,-10.020854533817804,850.0291977197248,-10.004409206982277,-10.042034236114832,-749.9298293793844,-19.988237228254434,-0.12654064811457372,-549.9688712218284,-19.987522819635817,0.010759266196285373,-549.9950395423929,59.99232582205028,-0.008703264455035008,-99.96846315561963,-40.02547911459766,-0.01714085876322472,99.97838689306629,-39.99233264917851,0.11018425065225237,99.9774021007866,39.98848304248223,0.04151785131688238,549.9715305472248,-60.08940502381033,0.0026695152139638136,749.992671092884,-59.99522843007109,0.017773928285914127,749.9964392264408,19.969237892593675,0.07563243139825629,-600.0122069646047,-40.0711816769181,-0.34017688915908245,-400.0401458594746,-40.04077097240856,-0.14327921679823355,-400.0379088481884,39.906091805287,-0.30188622526315734,-99.97620548606436,-39.952604798432375,-0.017796049593701707,99.9106059176604,-40.0033886629466,-0.03999820242464046,99.96032076223459,40.02062203049358,0.049164655387632566,549.9794494224462,-59.942375662583814,-0.05231790928508967,749.9446179123854,-60.060189358754236,-0.023175996552946797,750.0248646980966,19.951395503513393,0.11017525870784697,-600.0513263931574,-40.06710367176081,-0.28122368931689656,-400.0630299364357,-40.0188232159796,-0.12023665494930197,-400.033831555566,39.927719565494876,-0.32843634134434513,-99.9904754075052,-40.01582640966232,0.02348687430484843,99.91055151224901,-40.002661771086686,-0.10482509309399174,99.99962288582742,40.01221298742511,0.013077031736635644,400.01801015374133,-40.054098020517976,-0.044072168211169174,599.9760155020614,-40.04487029824047,-0.12211966367473485,599.9059950656182,39.94768885405636,-0.02517860394649932,49.991669815950424,-579.9449824599354,29.950509395520584,50.02955789100094,-380.0059413133924,30.064459302992354,-29.91168441945831,-379.9482446287739,29.83547235225454,50.04366416048371,-79.87330666194097,30.126276069562604,49.96013653267927,119.93351261251915,30.028399022479128,-30.02586900177216,120.01600058848288,30.11796558866471,50.097848722058124,420.0286842845696,29.93699457434084,50.02595043901463,619.9914652719989,29.91065863361014,-30.00394604419251,619.9881227309112,29.96959595331712
calibration_00132,-850.0008700274957,9.968912359141257,9.958368189830473,-649.959692464119,9.945631187196684,9.957262971459992,-649.9802529160164,89.99279669100818,10.021320984736512,-99.98772743732472,-40.04958516596499,0.035517202102675234,99.99523647331509,-40.01165364884051,0.03488306425689815,100.00583700654094,40.04189467037232,0.0017343727646699373,650.0140811197052,-90.02259954408244,-9.999920909980604,849.9713417450354,-90.0155879256754,-9.970957911994274,850.0621349576163,-10.062450615162097,-10.033226931588324,-749.967658810809,-19.966462695372833,0.0670013914773676,-550.0950085701122,-19.98084398923595,0.06416400404555385,-549.9710861419225,60.0132489691163,-0.05014660828677446,-100.02731699166401,-39.95263221661221,-0.06914611479111162,100.0091749678799,-39.99918928018164,-0.0006027251332661396,99.95583207811384,40.00741974910152,-0.00461663533399876,550.0198418810243,-59.96807028343614,-0.039394440598442715,749.9861326438056,-59.987019316921796,-0.08649310107325417,750.0034652229982,20.052589760518497,-0.06583245124124185,-600.0292912153907,-39.98460200218107,-0.2383372429018198,-400.0032565472812,-39.864494416512215,-0.17792769039582434,-400.0056807023917,40.08477830135002,-0.11117434966344718,-99.99780942982528,-39.98678176758258,-0.05237573867387589,100.0257939550791,-39.982780458573934,-0.07831674787253408,99.93778257343354,40.07843393369534,-0.07506884426981326,549.9732375920587,-59.96336141225117,-0.051132829463251414,750.0188706223832,-59.95124106036384,-0.1295728218508551,750.0407370341765,20.06491755887926,-0.016720034464681538,-599.9341516705563,-39.93025258516084,-0.283808650099921,-400.02364854152063,-39.86353450978867,-0.1173732884185868,-399.9916570902128,40.079772034449626,-0.15632986758069392,-99.97664683658381,-39.96417595962588,-0.04157548803563044,99.99731567675245,-39.990262346661936,-0.1185513812321935,100.00339780682431,40.05516261852186,-0.0530428492015427,400.02460081436544,-39.911249922560394,-0.09361958685476346,600.0118181127276,-39.80530756095455,-0.06111926500762517,599.9022119469556,40.217272967279676,-0.14892794360339906,50.01260079594334,-579.9842471043988,29.841778692508054,49.916242880309085,-380.02161274692423,29.953253427649955,-29.93959646986169,-380.01482907277483,29.986383747478516,49.977904132019155,-80.01371924337457,30.104707605145343,50.09103986217609,120.00398057966238,30.073533773683675,-29.94103848851917,119.99249171296987,30.061037213849325,50.03205493658082,419.9882368224376,30.023579561153962,49.953306648022114,619.9924378341758,30.015167535598543,-29.997367951024895,619.9901116358434,29.983283322107596
calibration_00133,-850.0142830280064,10.022017682663177,9.985464324625038,-650.0214109957466,9.99965746532265,9.983916224977255,-650.0424032411836,89.987263665639,9.987225851179266,-99.99626590415909,-40.045093841265945,-0.07558817303502491,100.02223984817371,-40.0108277074137,-0.006628294668642845,99.9695539090262,39.98176198037505,-0.02116521867247674,649.9399180279989,-89.97855369415998,-10.018074833133968,850.0059314502481,-89.9971334800632,-10.000300352634135,849.9771876367959,-10.016914250112846,-9.944867464088778,-749.9377892890699,-19.99760231003362,0.013165141415529269,-550.007549686386,-20.00122818627935,0.07094632088118955,-549.9464101241172,59.9943952728687,0.024239134200256418,-100.00112910387496,-39.94077942031861,0.14065146652360866,100.0477908020192,-40.05820516751525,0.046075394566829984,99.99490039571143,39.93403559703085,0.04067268527376404,549.9733342068552,-60.00047908208004,0.043924113254482866,750.1035901647101,-60.01601301850296,-0.0037318745887539176,750.0118952905016,20.00580243059284,-0.023660819044608948,-599.8821044239419,-39.787596688770236,0.32782986564560385,-400.11884084966715,-39.72627854943461,0.1979125835013941,-399.98371037979484,40.21614586843643,0.3267527974340061,-99.94359077851203,-39.98608484769678,0.05038143279572582,100.03171026425366,-40.028654055017945,0.045688529876350574,100.04742022937094,40.02176371736199,0.02206400265727551,549.9944278634538,-59.9923697973515,0.02935029918035282,750.0209754746754,-59.98645272091437,-0.020626487127799898,749.9908725427163,19.984649695298188,-0.06191276334670447,-599.9008343182761,-39.71348211521968,0.33022175285025757,-400.05472205980857,-39.76712347703215,0.18600891676244757,-399.9233940527864,40.18624564214036,0.28535663776709697,-99.99078602972392,-39.93313067463042,0.09887489372899894,100.04045760250798,-39.99532245263328,0.07029875806463536,100.05182022295195,40.0220979381727,0.02984623795140867,399.9984212990109,-39.97559517737602,0.17291509937702235,600.0740304782047,-40.0530450401902,-0.006759538387991856,600.0464847140656,39.88764139283088,0.006709968582109019,49.97118813562596,-579.9992894652635,30.051808173508494,49.954031571815975,-380.03803297385485,29.981300510190316,-29.97063267545378,-379.9658275998758,30.041503298206973,50.09440802702809,-80.03679000217039,29.88924586942388,50.00251800635454,120.00705237596765,29.938267085235214,-29.914784297872618,120.03102190049198,29.917238201747473,49.967178322755565,419.98977556056894,30.06686659551847,49.93192425709956,620.0589621952176,30.000075656781668,-29.938837084239623,619.9756084588921,29.996204455873283
calibration_00134,-850.0372534719577,10.046229868710997,10.042329530653088,-649.984390217903,10.01032997276056,10.013217883594374,-650.0043041905342,90.02231496174298,10.059262830860225,-99.97828666019522,-40.01024805657351,-0.028136180981465034,100.03157141036486,-39.97761186378675,-0.002098033604537598,100.02247720065935,39.98279380303393,-0.045349353411513076,650.0109422581704,-89.99104298798787,-10.056340660143677,849.9619182297934,-90.00556978736809,-10.015930654114868,849.9933827292713,-9.951923753258232,-9.995061382445355,-749.9812665341566,-20.049863604567342,-0.06660222541912988,-550.0142295138937,-20.05869150770349,-0.020971969854971087,-549.9963621736483,59.930235976006266,-0.04861485930898532,-100.07859006199541,-39.98648466051737,0.05910561297596843,99.93481785797049,-40.00612815856644,0.050977702902497965,99.93284258988828,40.004652781870526,0.008929202845813378,550.0558247435308,-60.02434934421959,0.03623565385965229,750.0406945653251,-60.052749293332646,0.009454381255823313,750.0742192344846,20.012329066923662,0.013398655973716079,-600.1189956235715,-39.95492006700394,0.09497102795458227,-400.08743556447075,-39.96002425257951,0.09768512747502545,-400.0694497065145,40.03156618464459,0.09311167258691345,-100.10510684369044,-39.964108969563455,0.038860394865330786,99.91650683903435,-40.10413081805227,-0.0018993274944210606,99.93656489700014,39.98760958735929,0.07845934419714105,550.0136034545386,-60.05210222190284,0.0868552923103014,750.0273770949391,-60.0815477921254,0.030819157201502457,750.0717639569868,20.015522331140332,-0.030997381955404815,-600.0995321035376,-39.980588362769055,0.15241859707013813,-400.019572381301,-39.92569026014703,0.02856104251055947,-400.0844709252548,40.08694951330688,0.045180100401415166,-100.02276534134656,-39.98799689716498,0.07885917432841733,99.96938814630285,-40.040822154971586,0.02158639207788187,99.91599095716161,40.03499975835773,-0.02635499434760311,399.9399453790263,-40.17627080691818,-0.05855882228669475,599.8087853217892,-40.236996095612234,-0.07964999797437854,599.962625274761,39.716212162082144,0.08942635114163892,50.147869460123964,-580.0527038819383,30.140017690897125,50.07678593180667,-379.9729524709935,30.011101901173955,-30.073079984636475,-380.02557804718754,29.97173583925813,49.947555242176946,-79.94093846065779,29.929674310448963,49.97498675774252,120.04959611356861,30.024852515133336,-30.048756520460483,120.06975743035062,29.989377430245135,50.04327145638945,419.9421790064804,29.910019307749515,50.067752046538295,619.9124495098519,29.92601250882758,-30.003386981789223,620.0270392592313,30.043150107739432
calibration_00135,-849.9959258210042,9.978360488955147,10.025387491188589,-649.9918873882006,10.003515544513169,10.044083999715205,-649.9904769033395,90.0173836955796,9.979769371597754,-99.98969826642066,-39.983213768541084,-0.05028839980967358,100.02347684035428,-39.96364649150673,0.009949788720356591,100.02082168386008,40.01265187363069,0.021641743151847158,650.0388807548904,-89.98324134174679,-9.974265039195478,850.024518482929,-89.9884922013219,-9.957890118706862,850.0139414879503,-9.963340072000532,-10.017532071650697,-749.9332206789021,-19.993764946782168,-0.061123846304937036,-549.9822922212765,-20.018084007276133,-0.09520232037409335,-550.0127797740091,60.00297915117256,-0.07841426184679925,-100.0000160051148,-40.024854057992734,0.059138492636473895,99.96272638926038,-40.02865383008939,-0.017530446727665246,99.98590732353325,39.97920511340071,-0.011344727858286252,549.9609150601109,-59.95231070349194,-0.08817196243486113,750.0058976137898,-60.03207594705803,-0.028645714022473286,749.9648372355997,19.935946547618098,0.06840537217597939,-599.9917572882139,-39.99307679127125,0.3560478248319394,-400.0658779606026,-39.9998725249236,0.2519347684725927,-400.0480930274085,40.0182535418669,0.18178302866321241,-99.95959122235263,-40.05472093962043,0.045465092509973264,99.96547793474903,-40.07499496282317,0.02444015419162158,99.97515460464972,39.98346977181324,-0.03893756467608228,549.9359239931366,-59.963406957439005,0.016290576904215388,749.9113680485755,-60.01853820632109,-0.08199129815833123,749.9550991297484,19.969448319882936,0.0849047637772122,-600.0374352834011,-39.979050748704374,0.3347080467359402,-400.06966194473404,-40.049771552379404,0.24746959194957208,-400.0429367600074,39.997577499233856,0.19975725958683252,-100.0407799100832,-40.11120775291009,-0.023816147199167748,100.01348602211745,-39.99672148938059,-0.028923650391406788,100.0309875573325,39.9536091686715,-0.03123435405745485,400.009710190834,-40.05708397277742,-0.11489440131187123,600.0386331079087,-40.06735109502626,0.061624240188752344,600.0177694576864,39.97985377508681,-0.12361408327501772,50.00918037143328,-579.9894791996461,30.037558759000266,50.06332972295759,-380.0442701726284,30.09433196864642,-30.11566742150901,-380.0003836856335,30.067490777818513,50.11373815358553,-80.03356356945947,29.917903560064598,49.965072668650286,120.0962836888033,29.93617084268818,-30.05535692506501,120.03617872361076,29.973802867345068,49.96072626665744,419.9911338394868,29.96138722737499,49.972399480900435,620.0648586063751,30.205161609975377,-30.09833543092226,619.9864306615956,30.00435652647723
calibration_00136,-850.0079043869415,9.987207040090752,9.970644731633229,-649.9553754323206,10.02093382243277,10.037674464029665,-649.9697687179721,90.00644016186692,10.041209938925311,-100.01682290541996,-40.06477244883242,0.05681812889055538,99.9893972923077,-39.97046643515904,-0.02034258557874891,100.03419335484277,39.97307525399275,-0.05716179954504361,649.9821664392393,-89.97080589198204,-9.99237539091032,850.0369244241917,-89.98496803781464,-9.943852651698785,850.0443524829092,-9.96736309032525,-9.96776130633907,-749.9930008556487,-20.00014757969144,0.020198140975573636,-550.0794745417581,-19.989247568282526,-0.09569578273467996,-550.0026573323679,59.99567667802232,-0.00749626887707135,-99.98669233143404,-39.884938055410615,-0.04993860076897718,99.95083744659972,-39.97969518323666,-0.01809855130106214,100.02209977923211,40.08806483409328,0.06784903953702977,549.9536324292737,-60.04458135808728,-0.06910276074640692,749.8896673703707,-60.05239712776584,-0.07703420800184771,749.9696925240977,19.995987224503182,-0.05347544910168008,-600.0308376446278,-39.732302173902326,-0.12277250157575793,-400.09478530495613,-39.78041802747094,0.007871312278439464,-400.0108088017612,40.19788828635349,0.011225119037875098,-99.92984318864792,-39.92763910146372,-0.11108552244716617,99.9807950348459,-39.94672268665042,0.0017255399833115302,99.96025970124823,39.9704415533074,0.012683739690494043,549.9801792560851,-59.99390273622074,-0.07438781181464044,749.9554628220866,-60.07323201012085,0.022419928159255476,750.0264181407144,20.004530551419197,-0.03663715730209759,-600.0396920033043,-39.73822179892857,-0.14335364935800615,-400.1426521975532,-39.78465584469002,-0.04072992508517792,-399.94448526445524,40.20567414961444,-0.02518398183682862,-99.97666277490032,-39.959787964984116,-0.15565117501054446,99.98232248698162,-39.920892757570904,0.013882610546435121,100.00352067789957,40.03172622645657,0.11447938486845455,400.03716752518596,-40.06826009427663,0.14946927640043448,600.0058887472424,-40.02773007041309,0.1831845129094784,600.0289951083216,40.00465141194523,0.32636408022532226,49.93419470696864,-579.9594910055562,30.03094914945661,49.97590499411138,-380.0736292319303,30.02772398857824,-29.97701871552085,-380.0054118810055,29.964027765267094,50.07740977971358,-79.92519027046092,29.882285662172666,50.00988056981406,119.96475598576366,29.95288087248125,-29.95142072822367,119.87845909650083,30.020452710110217,50.07864743792221,420.03266001745516,29.983494835285263,49.96176711250953,620.0071572106585,30.16226157415505,-30.014437821624384,620.0303574571531,29.99150031173524
calibration_00137,-850.0068425374396,9.925190528697017,9.994188584993616,-650.0176182167294,9.995300306353144,9.946421741767752,-650.0150230420985,89.96983769383938,10.016503290509075,-99.99532954827747,-40.03639254191627,0.009581531798644417,99.94974920882808,-40.01175120740173,-0.02366164290060978,100.02101920586976,39.99642614605048,-0.018947491377177713,650.0171609578298,-90.01854994817771,-10.022696122220255,850.0344441822278,-89.99113104225985,-9.985588434496034,849.9849228709533,-10.014929042011852,-9.965677041447657,-750.0133444556767,-19.95353992448375,-0.021202046060408992,-549.94844209272,-19.92720893368172,-0.026276916447541786,-549.9211865684096,59.97932449780487,-0.011287951457818763,-100.02395495279576,-39.96112230636391,-0.016435391453618164,100.05850402577708,-39.98123046142175,0.049046746870983905,100.00217133853671,39.986253503423114,0.008372411590360705,549.9948768440042,-59.959334504872444,-0.04301114253539059,749.9871300578726,-59.96402517769695,-0.050380866741556896,749.9974315695016,19.976458726054314,-0.029121263763251887,-599.9862255732371,-39.92583253020167,-0.22750593544323225,-400.0180078830551,-39.86829508377138,-0.11118610474297816,-399.99630233554205,39.990829244678054,-0.19649977319929562,-99.93015350143006,-40.00357494893726,0.039089602052646166,100.07307669812064,-39.94933998690136,0.04460457094573298,99.96927173488926,39.9155243522789,-0.03150884576175608,549.9783004972232,-59.95078678800507,-0.023516165585177322,750.033975414422,-59.936796428224454,-0.007704206972219199,749.9884368802738,19.964853579459128,0.00778316059821816,-599.9748151653605,-39.89710489667425,-0.15935066397711276,-400.038738554331,-39.90425263819648,-0.07078632526872329,-399.96533278322266,40.0058028801802,-0.1834180164736976,-99.99600606200603,-39.96674303618563,-0.03904789621982893,100.00841573655634,-40.014954889636066,0.013700349618202327,99.948132196446,39.98934284353837,0.018455166797413138,400.022946980362,-39.99948269661444,0.025565384748136945,600.0566078721206,-39.89395920661544,0.011446588089704696,599.9902168720014,40.040933984001974,-0.07854093547403108,49.923038248596356,-580.002872986037,29.957756323772166,49.988727608739936,-380.0072410451569,30.02041320596558,-29.96652779554907,-379.9463161767223,29.957188847174375,50.052999669435124,-80.02221155027367,30.057664749817768,49.95137037900987,119.99394354941977,30.053058888535755,-29.98847544709756,119.94255136463805,30.124990740933548,50.01289890731985,420.0845987833055,30.018664014820384,49.91915536716881,620.069871044848,29.94558322036536,-30.027187445765367,619.9401570903926,29.938512163260075
calibration_00138,-850.0187227342522,9.998164195833645,10.01356434059306,-650.0039337557035,10.029894049946215,9.995995300132822,-650.0502259307111,90.07815699551473,9.98363791511273,-100.03764212984879,-40.028297262758,-0.00946461847650244,99.95974800988577,-39.96629629380464,-0.0465723419521747,100.04801659063884,40.00144943652027,0.0034608579532644716,650.010430067863,-90.03089930415463,-9.996994961854039,850.0019019481274,-89.98312694226757,-10.006698888070904,850.0132045657414,-10.049353144977454,-9.961069066031456,-749.9306547047258,-20.047352950175284,0.016104377408856993,-550.0040207138439,-20.113082313341774,0.004424890443602145,-550.0412545440516,59.95374914499111,-0.062209598075819605,-100.02422445425692,-39.97045178950707,0.007938960739184358,100.02616503169872,-40.02773199517301,0.06096888100524759,100.01831879162101,39.99375199299717,-0.023061869566275914,550.0383679083424,-59.941219557198245,-0.002527972603067868,750.0198322547118,-59.947266616671165,-0.0008395803875964796,749.9110742401267,19.995024195367318,-0.006101022384861765,-599.9600324443862,-39.8225310437182,-0.14506435566247364,-399.96097033788755,-39.94042287454445,-0.040920153060136966,-400.0687375464334,40.12600327247223,-0.060496528471591635,-100.00023973191728,-39.933105913710925,-0.004246283013479178,100.00776523174612,-40.02305276228769,0.08807411140737763,99.96619737747098,40.04669952327035,-0.01280871250898131,549.9997217319092,-59.99328349208016,-0.03977914897846585,750.0066435474686,-59.95269187284058,-0.008657768738895304,750.0051767785898,19.9935135969628,-0.06588234337100829,-599.9807816177629,-39.87201293291409,-0.047951051957199654,-399.9629725234113,-39.846107230880285,-0.020840896632412554,-400.02527418027,40.168194220097384,-0.00019127508896395543,-99.98886253967946,-39.91160362369627,0.07268161594677236,100.04938546296788,-39.99801304722222,0.07626251750167895,99.99249750880769,39.9880465725175,0.025618680448233386,399.94462566905366,-40.04091878372565,0.22491198853196814,599.9458242421205,-40.039344938414295,0.32860692043630935,599.9522547655292,39.942464541620666,0.1594382428265887,50.05840928796094,-579.9386076640443,29.995462040141703,50.041982580084074,-380.0080141714708,29.99733478256113,-30.092593068022325,-380.00053846186125,30.016141649434456,50.061848333812065,-79.90934023903391,29.975451442703708,50.07109621741387,120.08824898304476,29.847618882433952,-29.938395709398222,119.97658754453067,29.949113118838284,49.98973057933602,420.05759544092183,30.05291053911256,49.96615575019832,619.9472374473214,30.03234464871594,-30.019246762733736,619.9471799318296,30.06086799782082
calibration_00139,-849.9355374473361,10.0024739171073,9.995524928201933,-649.9728215205685,10.008447963771017,9.974037380083995,-650.0021043458588,89.98448967089173,9.951502024185007,-99.9410010673892,-40.00046643880382,-0.02747286512406759,100.01838835394013,-39.98105091225896,-0.02581713819780453,100.01057454492077,39.969611875030914,0.04001126295441203,649.9290127798432,-89.99985586545044,-10.018498568040371,850.0084972593216,-89.96272654475767,-10.002111239841538,850.0262937778017,-9.97812836528659,-10.023351005529337,-750.0252787266179,-19.966440595512744,-0.043127997687454414,-549.9808016285024,-20.043900028661962,0.030289898328466222,-550.0589058607944,59.925385358294925,0.003548731886192459,-100.01461880059705,-39.99820907559173,0.026656376824132917,100.02870169444918,-39.976026883300044,0.012061878091627154,99.93320990866025,40.03359583726792,-0.14397554227786108,549.9760600465845,-60.01404423375232,0.012765296889361604,749.9423913874991,-60.03576002338414,0.04574647365097813,750.0129892401785,20.026914074689028,0.047269603903502044,-600.0302599960088,-40.08348716219853,0.0816161786144954,-400.02439037433805,-40.07209173022374,0.043050306605335945,-400.08536148778495,39.871770060966554,-0.09280540017234465,-99.99726228752739,-39.96945322067718,0.06316561975691971,99.96803482572328,-39.94849464534229,0.03343648688599761,99.90352633254138,40.016127865442535,-0.090998032808044,550.0177944142232,-60.05581620035124,-0.000702239006527227,750.0201568230416,-60.04158052696228,0.010912235079561346,749.9995466262002,20.045659298567937,0.05372101382166783,-600.0335195759711,-40.15679909857942,0.13041205146975654,-400.05823838413187,-40.00381887461432,0.013433896937859426,-400.0259745343968,39.83828430848095,0.0175848370876363,-100.07247425995213,-39.92245765827453,0.11272209662686886,99.93681789745385,-40.01593802165717,0.03387850100625539,99.9574733585153,39.97963156697807,-0.10841098331588434,399.92246925252584,-39.79958039009069,-0.011277939469942613,599.9092285526206,-39.962699132743644,-0.10944659276290744,599.9841430894926,40.119517101855095,-0.112346657396243,49.99355090136283,-579.929663946364,29.94600679241205,49.96415498738307,-379.9777815732699,29.94330176578909,-29.86271345469069,-380.013007939082,29.94412335769195,50.00135956209701,-79.99922177323869,30.07501916848533,49.98105946164568,120.01328970041533,29.97250247503199,-29.97714221908241,120.0731623421016,29.987641237530752,49.90794572603209,420.02058205510184,30.04580703085621,50.042753327778776,620.0329823317065,30.032689367984243,-30.03360209061034,620.0712341454313,29.980394177023495
calibration_00140,-850.0852693596406,9.997625031587344,10.007387949846887,-649.9891728816872,9.991934012943698,9.989456806523872,-650.0415087479,90.03796161569531,10.01107306749923,-100.00299467586999,-39.993953106989125,-0.04404237486384864,100.01651664291253,-40.02252529843957,0.03400957669238359,99.9918264034953,40.04327346680478,-0.02267334981206175,650.0243845660555,-89.97945871517616,-10.015194181894765,850.046095888245,-89.99688252592843,-9.980256373069746,849.9628242663786,-10.003648158064532,-9.945142174809883,-749.9886871235384,-19.99083800009695,-0.019269330274985043,-550.004177269873,-20.047034933990936,0.013899519606158168,-549.9497488389832,60.00170342212676,-0.0694079860326746,-99.98178005684703,-40.06283682692885,0.04794538843500463,99.93045210037948,-40.013499396235105,-0.015831124932277826,100.0706146559897,39.94316538942706,0.004078816412252346,549.9713523648076,-59.96258321702586,0.046861369313647955,749.8979910384658,-60.027138682804384,0.01993065057059448,749.9990978961043,20.01464157468344,-0.1385817716963373,-600.0156776150636,-40.07504304909447,0.2543457658165389,-399.9772612118217,-39.979583612389646,0.18703359039291373,-399.84059208180105,39.9999332105258,0.19956684366513702,-99.97574652072727,-40.061125189534415,0.06427316032199079,100.00273195569513,-40.01456701927531,0.004675232502536099,100.03926531237953,40.02977785260275,0.04827358456075601,549.9974738822722,-59.97187370238437,0.023041872065473534,750.0331381267523,-59.97274043057805,-0.013883700310426714,749.9763461299447,20.031594150720277,-0.1255843951231006,-599.9310744777172,-40.0547701599865,0.18428684870220063,-399.9663287745131,-40.08839855447139,0.12695325549498204,-399.89725992227176,40.00986948084823,0.19982322564250377,-99.99371586013895,-39.999293518865045,0.05777735168841003,99.96347660821685,-40.00129007659375,0.017711524393806556,100.05455677332131,40.03697965599306,-0.03228024261700502,399.9732168910792,-39.925235108617585,-0.07441848506753666,600.0397827083422,-39.92615851213562,-0.1565876130550589,599.9793565162872,40.06040971755164,-0.11401802747092273,49.99612031090609,-579.9800452608363,30.054560565352972,50.02093014340126,-380.0108289875127,29.990119375896256,-30.036988120367386,-379.89427528619865,30.0230946204077,50.01985313069895,-80.04127910403436,30.003993486603086,50.00631144354817,119.95293844104106,29.935025215546915,-30.021136755466113,120.04051120036287,29.966471927273886,49.93645857080731,420.00607156706775,29.943354621971274,49.97141684883909,619.9817301143278,29.938790340191932,-29.98987248253031,619.9413272518414,30.031610090371707
calibration_00141,-850.006574243034,9.99799495602372,9.971657324917516,-649.9741092550216,9.980891446571748,10.01351512385975,-650.0461816095614,90.01793791350676,9.99033091948397,-99.99363282058475,-40.002043321941535,-0.0149836770287058,99.97856255616715,-39.95990384033001,-0.01158836800339261,99.97041302516678,39.95899078969573,0.06423341142723456,649.966716654785,-89.9671488131263,-10.038306521612878,850.0200535656361,-90.02600416162929,-9.964870444992666,849.9433689886405,-10.031092618332355,-9.977122406310995,-749.9931629265487,-20.017937563709236,0.016943243290666658,-549.9481170417531,-19.966937174803803,-0.05112502823949112,-549.9797099644354,59.97858771941527,-0.06133859296272884,-99.98206191610109,-39.94397535601211,-0.012297234247745767,100.07478810059064,-40.03195695974788,0.009170211867577778,100.02579938477716,39.886487605610405,-0.07598708085858018,549.9832368954288,-60.046881289551415,0.06414637799422102,750.0320729860033,-59.9603087891937,-0.06647924505701872,750.0813932068355,20.04707913089974,-0.051799688397045456,-599.9002748559025,-39.64759964384743,-0.011529290169165752,-399.8897233630301,-39.80905490574983,-0.05759521230124072,-399.9552532538642,40.13966372524408,-0.01259557246833281,-100.02052330191262,-39.9578097490078,-0.002623052901931879,100.03956406508304,-40.045436171767314,0.055975855634446174,100.0087046931408,40.01242061885972,-0.07153102739704541,550.0039085765376,-60.05853998290181,0.06824273037326323,749.9478503733517,-59.92149679300612,-0.04259262366744632,750.0307521823885,20.031875276619537,-0.03928321973439928,-599.9557603393642,-39.70498602416497,-0.08335747777963573,-399.8963630269004,-39.83073815331672,0.03220840234567901,-399.9830529268628,40.12529654736349,-0.08051193339736687,-100.01621884003049,-39.90485866798358,-0.048752145319126174,100.02034813661967,-40.12573544352946,0.011010361629385575,100.06497582248933,40.034252598726006,-0.1123965526463219,400.0432471358366,-40.09944179924094,0.07426307454349064,599.9051956000994,-40.13332106543066,0.17066408590640753,600.0291790173848,39.81950550833206,0.07079847930323613,49.95271556674566,-579.9847735873674,30.00603953567906,50.02402511449183,-379.91118973352775,30.079475445680877,-29.870766141360782,-379.9857638858665,30.028148193183963,50.00226709801647,-79.95281927039859,29.99952659735907,50.10469326019233,120.01756534448259,29.97216535391246,-29.988648542787125,119.96745559213933,29.940914940349796,50.04447098068196,419.9370952558113,30.04635475538674,49.94693533737711,619.8880966607335,30.093941019736093,-30.014379265157764,620.0061005061361,30.043719177418808
calibration_00142,-849.9910939091667,10.047899185241494,10.03412950395006,-650.0072333513333,10.000249448984947,10.011456148728614,-649.9988703496153,89.96709518063994,10.040232145413349,-100.04244941248967,-39.994283908112976,-0.006828466682633929,99.99880888199003,-40.00274838084866,-0.005972672821756669,99.9801198211075,39.94930756049801,-0.013321036683960804,650.0076460582052,-89.98205720516819,-9.993518316286924,849.9541808597947,-90.00767967237779,-10.029876966036893,850.0213414935149,-9.98647238129927,-10.029780892758945,-749.9768912433204,-20.062051778391996,-0.06867088704039732,-550.0147691424419,-19.944768645837264,-0.0003765385573591684,-549.9951549890819,59.99321718298983,-0.009714704200163592,-99.97997898384493,-40.00913530234584,-0.0037968183475044336,100.02152900677437,-39.926456650236624,0.0380006838107746,100.09485382855102,40.0238578146566,-0.03737726368181284,550.0379806976691,-59.97989672426173,-0.0009241724393396831,750.045010845263,-59.96284316816674,0.029941998014977173,749.9100581477528,19.93333647967633,0.011355433868962005,-600.0145936039853,-40.050249909502774,-0.10843199486822208,-399.9542163077333,-40.04128702220661,-0.07603183364588112,-399.9481760419182,39.97894148928663,-0.16988100282576118,-100.00726519986107,-40.02536272407493,0.012308087513594404,100.0951696320997,-39.94237896175022,0.08082355562541452,100.0540724283823,40.050056208146536,-0.007962950319987224,550.0116711775046,-59.93625181980849,-0.005876056724422252,750.0298463419218,-60.055927549042714,0.027661118499475227,749.962871872658,19.97315066298041,0.06584379483658866,-599.9769534183823,-40.11272423290956,-0.14899277650704937,-400.00507717233086,-40.01192108876487,-0.07222200235510574,-400.00141419084207,39.95920759960202,-0.14388972322095886,-99.9686730661737,-40.02895606351272,-0.04380381716920673,100.10821674512711,-39.936373852425874,0.025708263174868528,100.06328143455661,40.05111678908948,0.04099338503398248,400.01285513819164,-39.807530338017614,0.20412298450627092,600.0721984906685,-39.815048184113756,0.23517380208421224,599.9081711995738,40.206002464341374,0.1697876766745429,50.02684763439249,-579.9628356039352,30.041580363964545,49.95006814523402,-379.9946285858949,30.02775397134741,-30.08551224725742,-379.97883841473487,30.051744963960317,50.03782016526883,-80.03616255660047,30.00928712999747,49.97856487353136,120.03314179020694,29.925446568341666,-29.94858332428839,120.02115003302077,30.034138716577438,49.876594345271066,420.09605583545056,30.127216481951443,50.00961272753601,620.0921314289062,29.978436425333143,-29.994728145947818,619.8876985025574,29.96715266141486
calibration_00143,-850.0724395302481,9.949694702610978,10.009844388484291,-650.016508916731,10.018345415993881,10.02196044163058,-649.9529558672576,89.9936241806732,10.019460436402296,-100.02215138736089,-39.973583113228095,0.017753451483152695,99.9697205107285,-40.011721284670635,-0.011953904842233045,99.98654508496308,39.995123075552264,0.006621091982748839,650.0006361388948,-90.03641486141596,-9.962247955783452,850.0290482874814,-90.03322939690452,-9.957547275195411,849.9909953744423,-10.003778540208925,-10.03450076281668,-750.0001630080147,-20.005842314005285,-0.04205569627088598,-549.9394289151153,-19.94454430132262,-0.024160669851774286,-550.0114140448467,60.03218021252329,-0.04527292846406836,-99.94859854716616,-40.052031439973995,0.04579830755938178,100.01675585566586,-40.02464693027228,-0.05552381411800915,99.97126078287785,39.9719381573606,0.05022638161647811,549.9667869853325,-59.920962208166834,-0.10489309193989815,749.9600721880364,-59.98052568359463,-0.05497855319316506,750.0248284153267,20.01404034070114,0.07516829102594892,-599.9926431276511,-40.218203589208194,0.3217603421851223,-399.9570745410809,-40.10462266714932,0.203683557290212,-399.9701094229026,39.90142874209365,0.2889140221802654,-100.01807122086753,-39.99832566640462,-0.04070229273686592,100.03408112293329,-40.01122165455104,0.018591701308510053,100.00210759816206,39.997898825275335,0.04436474016066401,550.0600719436206,-59.931751863383376,-0.05568820100007458,749.9327964193936,-59.999122453223464,-0.05188013254448047,750.0342796780008,20.012713807165543,0.01518961287573435,-600.0226185281945,-40.145927504589515,0.2968720712098177,-399.93462761797764,-40.09213092549366,0.22313692049463452,-400.01648399701753,39.94199339184633,0.22632164374497418,-99.93572560240625,-40.083125059265896,-0.0028095323002802278,99.96378406625804,-40.0648694185683,-0.06773857927206035,99.92069935741716,40.036664142229185,-0.007654294691762056,399.98203611536536,-40.00735870130416,0.13303114065092556,599.9607648105238,-39.99364675506636,0.148967195570269,600.0268666641311,39.98418993635357,0.1524937709148184,50.06978556465625,-579.9982759211831,30.232752717187083,49.99771005102542,-379.89850110410543,30.07414833501265,-30.015231401245423,-379.9982841536787,30.088668478473945,49.917596834442016,-79.97248762722523,29.835673684277662,50.00837946093604,119.98532765433575,29.85547526111811,-30.084132448640275,119.947353405197,29.870904661700592,50.00928983023078,419.9474024222222,30.081649803902447,50.029793313117324,619.9925525641478,30.080261858549314,-29.95250583548003,620.0878604537016,30.050302188001247
calibration_00144,-849.9927593304388,9.995263215583165,9.983983882203827,-650.009588985412,9.984102067458839,10.04611529893396,-650.0611572284641,89.95256581245656,10.06030242697366,-99.97832731500327,-40.01364643169698,-0.024999137236115094,100.00308180663865,-39.990109936156564,0.05985949492723907,99.98153146039714,40.025116679353914,-0.02437862521806152,649.9488823422932,-90.01572668862724,-9.942949610138667,850.004226595076,-89.98580162931597,-10.02957466918542,850.041619486605,-10.010779026907704,-10.005938111525985,-750.0207922752218,-19.98231485151796,0.018115909654273146,-550.032116856009,-20.011491298635665,-0.09053063084293467,-549.9894792554472,60.02276333447549,-0.030968902689975014,-100.02152613258681,-39.93457094075065,0.0345885163025572,99.9378153242592,-40.01481985888457,-0.08548166906709195,99.9573501194092,39.99127087269353,0.02591354112735859,549.9223426076279,-60.07861734254712,-0.009478574107780587,750.0667045351006,-60.001514305999095,0.03057957236044956,749.999905754458,20.014647847319356,0.04531728595396119,-599.9658643115565,-39.781260416020594,0.2835861880097064,-399.9287457612746,-39.82748474660515,0.22471133890870165,-400.05270381859737,40.21656008000848,0.2660636700451572,-100.00196348047366,-39.98523240494169,0.04259912498180197,100.01192719925328,-39.94262831800413,-0.061835850658123165,99.98493196782853,39.947437635865555,0.0861614309480982,549.8830370701361,-60.09412575929966,-0.07798472462910958,749.9899409775937,-60.033185362618745,0.10502339253051007,749.9535300432357,20.053674591500496,0.026225430336176386,-599.9630214174434,-39.788312126376574,0.2652672830259935,-399.9746465066725,-39.86805260057373,0.19588367229229744,-399.9856874066921,40.223668634952695,0.3154113351270996,-99.97548825281818,-39.88760400373019,0.02525706992711489,99.95510814364874,-40.03146790981229,-0.059283760540920306,99.97328686866294,39.996535886399094,0.0531205565455666,400.0105238028137,-39.926660344291086,-0.19764429578487847,600.0631525228066,-40.0187535051258,-0.43281226733627665,600.0080778992417,40.05941867972908,-0.22834763596544888,50.038229888676284,-580.0467832269989,30.017888128545167,50.022142891986114,-379.97798065920637,29.920237633965623,-30.125485416569774,-380.05532029763776,29.94385346008125,50.05578680778468,-80.0557444385845,29.997253842209194,50.08643844775574,119.95231200724311,30.051173518168742,-29.897920792332254,119.93205698496905,30.029412304859168,49.998805980518426,420.013754237842,30.063426047032813,50.016723297968895,620.0554894429235,29.95778223994353,-30.10575498220048,619.9975436527639,30.040235976827557
calibration_00145,-849.995900865677,9.985728320708613,9.971318312391764,-650.003818405659,10.016528937865804,9.913784007555286,-649.9920518984916,90.01616505651619,10.042402990488444,-99.96753885749338,-39.991218129850225,0.04501051847380576,99.99937751740424,-40.00335463693118,0.040300617917330674,100.01679784725835,39.96600272959358,-0.01871195937409227,650.0460758337193,-90.00439760296796,-9.966131579058755,849.9798419054993,-89.97566283166896,-9.96704078046395,849.9918356119106,-10.018028412807489,-9.954097598475457,-750.0035375356429,-20.039459172430355,0.053729767564416685,-550.0058151913794,-20.02720717170387,0.06107392063837533,-550.028316944419,60.000652283874395,0.008250248879474401,-100.02732328271613,-40.00231700053349,-0.009465471115901142,100.00539624849586,-40.006798036774384,-0.041923715179141036,99.9600334449859,40.053307143694624,0.05434367078344637,550.0111782431285,-59.975255156065295,-0.02432271511354399,750.0413287793433,-60.009681258476235,-0.0792871080369513,750.0119788070891,19.958680783443448,-0.048806600364647484,-599.9749226427653,-40.02774437806459,0.08061696707165739,-400.06294028623387,-40.035010800198684,0.044384517924746104,-400.06135544174884,39.99220494280188,0.09990590117211201,-99.93610600654613,-39.93682659545542,-0.03798067635261371,100.0030719433101,-39.9632588778964,-0.0038460449252625123,100.01352456279962,40.0130553665606,-0.015263456037128122,549.9524746617109,-60.015109021960264,-0.007199385967218128,749.970964367567,-59.954232945933406,0.01935115390356844,749.9669381025143,19.93370372729265,-0.061576831010941205,-600.0179704472296,-40.099507345858996,0.08923788013866715,-400.0182658956578,-40.119835148879744,0.049708949482045565,-400.0981112414154,39.946903110273716,0.07044556279879337,-99.9172942198548,-39.97054334395025,0.012090390660917376,100.1028121917985,-39.949028330259395,-0.028454656079935737,99.98908086463456,39.97449725480813,0.04595168691787252,400.11471796013586,-40.01058487754285,-0.04295863393251613,600.0491993641737,-39.96626513507208,0.022554335459481874,600.0888052056955,39.97245918377048,0.129455549766006,49.980732960715635,-580.0224050834436,30.073027486564076,50.041033010685396,-380.02769960154313,30.02583622752266,-30.039741403831727,-380.095397926055,29.979917511151072,49.96902137244284,-79.93892101575689,30.00039183574943,49.89101709637715,120.02382369161008,29.91006661893018,-29.982966817416703,119.91173308566138,29.994606006937914,50.01137706925364,420.0273566707371,29.993794356469987,49.996994612064874,619.9617268028177,30.008654071035732,-29.96019477579833,620.0888838960008,30.041058334138196
calibration_00146,-849.9779981757227,9.938736603418462,9.991504779250628,-649.9935899286826,10.014475105042363,10.015734124916468,-649.9917656685035,89.91393438629908,9.959279014264247,-100.03775617743224,-39.94244175531047,0.007230224467254452,100.01036387353959,-39.987061296480775,-0.009366118438974304,100.04262059038656,39.99471994423164,-0.021279750321148067,650.0127743755634,-90.01902087117678,-10.001137750347773,849.9712731416979,-90.02464365842499,-9.987718975384773,850.0351691341099,-10.0161506536381,-10.015252308452295,-750.0780979998417,-19.94673793059566,0.00523546091917554,-549.9865694660966,-19.93083487215704,-0.07673870037154995,-549.9970447974531,60.03395747635874,0.02066090346846736,-99.98173265793415,-40.100845848024406,0.015851212934440875,100.08293024896815,-39.99297467030864,0.03206148524312641,99.99487736395878,39.976969238142296,0.04477982028979925,550.0649675329198,-60.02540103684319,0.0201073485771866,750.0369376607091,-60.019936162675094,-0.02143413715395107,749.943345873194,20.037482918925186,0.07327542757838744,-599.9698069890408,-40.280529197688075,0.00749866000000074,-399.94315019571525,-40.271773006095316,0.04955641079466988,-400.0167891459559,39.76142522384809,0.0928366939943594,-99.96953454075498,-40.02019764120061,-0.008096379537079264,100.03474452792575,-40.00206490713727,0.03003874985667883,100.0091607986578,39.92374361798361,0.08902525710553165,550.0567878072438,-60.0220966350987,0.03007003361177891,749.9782717696967,-59.96409956904648,-0.002904285719695386,749.9552028325769,20.00706186531322,0.050849792393756824,-600.0031731475343,-40.3007397241413,-0.03752896343129673,-399.9267446628537,-40.297404069062914,0.03018895725423159,-399.97067272248165,39.73950631601925,0.022559386169963124,-99.95808961028408,-40.06597789291838,-0.04054804392682902,99.98900231568109,-40.01908658078231,-0.025469551615637114,100.0110186529769,39.97660673040591,0.10734565437197854,400.0357486068885,-39.9706118065858,0.09128323719579134,600.0159618405567,-40.042622739350975,0.1015953247447716,600.0661160624182,39.953615054715286,0.09901897458401594,50.08170641722215,-579.9789012009163,29.983815345713598,50.050461360038625,-379.9739383293146,30.085102476355672,-29.847679814017482,-380.1068188443055,29.989479226729326,49.8556652161756,-79.97330589248175,29.92890866679993,49.99607092584139,120.02480213578909,30.02434377156543,-30.027588921241055,119.9785505882678,29.959958664099986,50.04892654443273,419.9338113833688,30.01152279016,50.04363595225887,620.0351814938836,30.047987491560665,-29.93378530591944,620.0051460269077,30.040806912367167
calibration_00147,-849.9884186287678,9.977516062546018,9.984743903006931,-650.0473900577689,9.972053745451698,10.01345513727148,-650.0279105476887,89.99476528598372,10.001511312555998,-99.99906886890611,-40.002634641044246,0.028830902201463147,100.00952528619581,-40.072322739181054,-0.03369060815480483,100.07088276886158,40.00421004125105,-0.007039297408520135,650.0118697042454,-90.00200262297591,-10.027244474432154,850.0411023203783,-89.99541683349777,-10.014157629088848,850.0148438972843,-10.037129702662245,-10.021491761341096,-749.955283132693,-20.01542469019776,-0.013893744226283904,-549.9361082759078,-19.97832000253671,0.016768951135599307,-549.989997939482,60.05247183031013,-0.026261842664098464,-100.01013396022464,-40.008667753413334,-0.0519814094001713,99.97741669989604,-40.000448452862265,0.09724184173307862,99.95827727160633,40.06395932766605,0.054275639827907105,549.9895212539975,-59.99837504265804,0.01658243058176826,750.023506359454,-60.01581673376096,0.03045791942751526,750.0114261603247,20.002585769589917,0.04594819514675168,-600.0525942009086,-40.086828627867746,-0.42946285996738137,-399.99553623473867,-40.103008057295774,-0.2949621184994463,-400.0430642544117,39.895903840906826,-0.2700705144422617,-100.01636514549452,-40.042203866826924,-0.09267559415670618,99.99317282940278,-39.928563463950475,0.0775758795261153,99.96677332888981,40.0142705624093,0.05179414485769658,549.999611608903,-59.973387275591485,0.07570783089861104,750.0474549558712,-59.974430422786014,-0.013255840325678815,750.0172195172456,19.989558579510796,-0.005993101225028271,-600.0607750044672,-40.15092877363689,-0.43264960000061164,-400.1085493740169,-40.04361343521063,-0.2549841384169243,-400.03460585681313,39.9164660777621,-0.32055780636413633,-99.99606820720399,-40.03030703383354,-0.10503695100212658,99.95625690443303,-40.00126796555376,0.10037549883563274,99.94913231468745,39.98760201945678,-0.014650319629788584,399.91979115728833,-39.87459460998795,0.2849840368997991,599.9722125327976,-39.713958728493814,0.5300313129578079,599.9122750471303,40.218327034556644,0.4811786027160325,49.96139593294623,-580.0513475938096,30.121020581020304,50.00439136300192,-380.073656145992,30.04364027115659,-29.94596716288767,-379.91166902840433,30.104409863542767,50.043020889073325,-79.93808322654841,29.890984151415207,49.96784612884325,120.11481529241476,29.92733545523921,-29.981769640983607,120.0262408881906,29.994112918293204,50.05504527040301,419.9728536323009,29.95787742413492,49.90445117680663,620.0914989461747,30.059444182904745,-30.049188034614932,619.9655796657629,30.057125941251844
calibration_00148,-849.9339482675276,10.02929810140181,10.004292171884632,-649.8967887734082,9.968181161247768,10.012592379166724,-649.9519846615636,90.0364340587685,9.992333759650055,-99.95719496940596,-39.995398930183406,-0.012869352287877186,100.00786392223753,-39.96263133400615,0.02197824086131153,100.0447741199219,40.011755693335296,-0.040764154160422464,650.0245361237543,-89.95570226898529,-9.999485216703732,849.9974247742973,-90.02382070654856,-9.966813950583834,850.016575047971,-9.97733830376583,-10.015855482838743,-750.0596607387967,-19.99875214310217,-0.022954325581248457,-550.1191494108189,-20.0237201498829,-0.027197493371094655,-550.0959638396804,60.01822301374137,-0.024820804316399568,-100.10402168796604,-40.04408355421532,-0.031058748892434672,99.92284068409617,-39.98179627884665,-0.023346071259372422,99.95978773015159,39.92111494184186,0.07395004428083661,550.0231817023548,-60.02910172890973,-0.03598240664143176,749.9491680754783,-60.033409969853516,-0.04016860693780537,749.9948640997796,20.002095150247985,-0.016910338215930878,-599.9738374034679,-40.13778557474191,-0.04504540663464332,-400.0199167872443,-40.026491823191755,-0.02102073817092194,-400.1193450403968,39.91015848776281,0.06035048168757672,-100.08526738316358,-40.02938017801457,-0.009138034532983876,99.95902945388083,-40.02131498921037,-0.0625393666088597,99.9983127379773,39.93847326843016,0.07791329912059843,549.9817207710876,-60.0623944060069,-0.058553904901972445,750.0001586230819,-59.98890026982385,-0.0652776724597673,749.9999587058995,19.989493291359636,0.030367122176713567,-599.9502550529661,-40.06304131318623,-0.08170747532049759,-400.10298987538044,-40.03113038995839,-0.021382854900485384,-400.09141416016473,40.007709750353364,0.027527929990482376,-100.01976773958361,-40.003909945757755,-0.0062938313977379855,99.93079626994366,-39.974907002258036,-0.06590482773394271,99.9093994753791,39.91880446921634,0.11123305413792028,399.9708537059385,-40.153919155466504,-0.09216220346460567,599.9307990408146,-40.14842907952492,-0.15316548216019835,599.9384529553364,39.881660560218066,-0.08543723599237728,50.088853304863484,-579.9458477870089,29.981551634582306,49.90340892374504,-380.04495460811575,30.011633428090022,-29.96526846998084,-380.0173122024747,29.998217653289583,49.96590449909038,-80.02117663353215,30.069353532296805,49.93862512396445,119.96445130968911,30.027581999346765,-29.99458931834008,120.0040844667625,30.089476679846918,50.037494384001356,420.0504893570665,30.01880506218316,49.93444833783095,620.0293532118023,29.91662888127561,-30.09857424502807,619.9345693455457,29.941945023231717
calibration_00149,-849.9887121944728,10.037678171626938,10.003280869440937,-649.967939121682,10.027372461635473,9.995023068395115,-650.0315036276451,90.03391999503117,9.994961886450474,-100.0185519817256,-40.02368944849017,0.014742264599407003,100.03266932407274,-40.03063914087593,0.004343376084082844,99.99734459624746,39.97541751725984,0.04373503764034693,649.9934618038167,-89.95490326607398,-9.94809739638249,850.0240789762477,-89.9953256781162,-9.979860713902845,849.9752959587622,-10.004082071377356,-10.01147608426054,-749.983423635084,-20.018802032176634,-0.09045577908882618,-549.971144867148,-20.073507609504453,0.02340560476171112,-549.9691334900355,59.87517451484369,0.03425940855290584,-99.97888159429444,-39.97775310500973,0.012718730237289609,99.9729124913883,-39.908939218105814,-0.022278014425194382,99.97107828424198,40.03432554367778,-0.057374953942148324,550.0138221374317,-60.03699898018889,-0.044270736981029124,750.0626892948372,-60.04573696202184,-0.03300023244462544,749.9236343940446,20.007582530083386,-0.0036102006568253155,-599.9952723463529,-40.141204564895006,0.15928616282877875,-400.0298619622906,-39.96971929328727,0.033597385830982415,-400.1279587649046,39.96264635584526,-0.07292537851926945,-99.93407189411063,-39.99673285935125,-0.08185712073507986,99.9786865391076,-39.985332927807164,0.009682330249686004,100.0021462148037,40.015840128886,-0.08781159462970577,549.9281607707037,-60.041674053544504,-0.025807535237070203,750.0347184520139,-59.99746493606916,-0.05830674729337878,750.0479507192365,19.932437953482058,0.006649145199584752,-600.0170853326829,-40.17241593362622,0.2196259590759969,-399.9731984302637,-39.97717127742822,0.0022055851158547073,-400.1121302171454,39.97537290629312,-0.07281108414671611,-100.01400089774815,-39.99459799016992,-0.09469628786041014,100.04955872438596,-39.985122872367974,0.0032500083742265564,100.0584227897842,40.04304519968476,-0.07289729943807834,399.9580266862429,-39.96192887410377,0.13111534986084605,600.0091824430267,-39.90068175125845,0.23871284045426294,600.0246721135812,40.07278329630195,0.15780694160349815,50.069087076643385,-579.952772853773,30.256237902079373,49.89420537951175,-380.03391047731566,29.969947418023985,-30.019895316199996,-380.07209679775883,29.9693706985298,50.018174820245065,-79.96181918499623,29.838498076835595,49.95075085404264,119.96131787766825,29.938472878229426,-29.978199560080775,119.9688900013059,29.875537797142606,50.01606763945576,419.95549894444446,30.041330263461447,49.9405919136358,620.0097997400121,30.092053075758454,-30.018163873137077,619.9961528869713,30.182948741003827
calibration_00150,-849.956672225592,10.015052222191724,10.007457041335385,-649.9814155202914,9.96884914197676,10.00656330198148,-649.949665735207,89.97043312179781,9.989466491734163,-100.0098680328868,-39.986902298572936,0.021495571687701005,100.01223656106094,-40.012960386455674,0.01629438326796152,99.99696276686613,39.98992356146183,-0.024396239917546872,649.9978901767457,-90.02757177783126,-10.01562857253651,850.0204973018114,-89.96200488568945,-9.971176018300937,850.0384536375469,-10.003910305975527,-10.027485227709816,-750.0271889113733,-19.988738158880892,0.04280468738295577,-550.0249665002046,-19.948243789473125,-0.07014286868625175,-550.034028281556,59.980056915979496,0.07172742220416861,-99.98896258594814,-40.025953913852,0.010184895274861425,99.94656588578395,-39.968675387090485,-0.058996728478766254,99.96575138466054,40.032318012817946,0.08024350582576277,549.9949877171006,-59.99438927387609,0.013275123648138924,749.9483911843272,-59.9842074161498,-0.07017183290038907,749.95359397833,19.944441425723696,5.444467567157496e-05,-600.0262461136414,-40.193968935812826,0.17570016205541109,-400.01038965519854,-40.05782674487105,0.15407159180216803,-400.01440995548455,39.91880359463736,0.24668421638240762,-100.08022855374483,-39.933886194775134,-0.05681343298432146,99.96091192746668,-39.96411766854403,-0.032162875285312316,99.91564503712131,40.0172447806796,0.055325556621567476,549.9977734094039,-60.000933502228506,-0.006528031667444433,749.9622795239535,-59.965317748565276,0.02687404347345053,749.9079764076231,19.89758811261656,-0.04703009365268343,-600.0776868997777,-40.1418060342583,0.08887395124051908,-399.97217357451837,-40.03626260808566,0.15222268632699185,-400.00461105062703,39.82225522003395,0.2663596506042979,-100.10120167642286,-40.023308835971505,-0.0813590254748922,100.01691620605304,-39.99333249469192,0.04137267369937858,99.8772536301407,40.101982618683245,0.020067624085588664,399.92154223911314,-40.01894971276155,0.03211991001183491,599.921110963653,-39.94714424859861,0.02353610968768005,599.9606174585622,40.01332484523927,0.18086495872357308,50.01277935496607,-580.0414498878258,30.080668478311015,50.03309273407769,-379.9066997473243,30.135592494313794,-29.927658793541777,-379.99047583148,30.121592868302393,49.94959425843672,-80.01166589536989,29.88466434152392,49.94056519693847,120.02964533641908,29.958395339764117,-30.107595700400985,119.96799026034819,29.85075145610439,50.03448254450404,419.9717826065627,29.98355114467926,49.973718187989334,620.0176035804678,29.97517953225989,-29.908409137608327,620.0051819322831,30.111056704831206
calibration_00151,-849.9964921998527,10.01010142693429,9.958840686079014,-649.9858532804894,10.002503594098775,9.964841852740898,-649.9499972430336,90.01950263011423,9.985052120105461,-99.9998973204342,-40.014879831723654,-0.004608309801633577,99.97611694808388,-40.001815195224026,0.003929149601277968,99.99672013518159,39.97988795603401,-0.014686512253213942,650.0163648471565,-89.98580662239046,-9.986811280192216,850.0470893004018,-90.04289486175698,-10.017345496539205,850.009255983651,-10.029981823720409,-9.956833496270182,-750.0408854407558,-19.99852492686222,0.06442277553350098,-549.9306681785938,-20.034511844651995,0.12054424997492837,-549.9840159124011,60.02377368795216,0.03325741263711798,-100.0018086369551,-40.01741659472011,0.00816827803638702,99.92034683124676,-40.048695769208685,0.055190342064971136,99.977449623619,40.05862179207631,0.035947885866957234,549.9354750375303,-59.946864411474465,-0.042548142716090365,749.952485171355,-59.94918654451067,0.008855206806974748,749.9386521578768,20.028438799665196,0.0021221887840162344,-600.082734169374,-40.06235366656245,-0.11054977543856365,-399.9995493689296,-40.010901325222044,-0.11467321846395795,-400.1048806689875,39.93960023153659,-0.1691890878470219,-100.00590045716336,-40.01337679292394,0.008087757202863362,99.94283271655064,-40.07756727201151,-0.02063949242520114,99.94794885175503,40.07249495227732,0.022252984833000852,549.9517639704386,-59.96935560618132,-0.040521160535050144,749.9467062545165,-59.902971035227615,0.021834050172005175,749.9340488607872,20.042848519522174,0.011985400104990367,-599.9808238132025,-40.0843501229362,-0.1440975578517393,-400.0496000520184,-40.00177495691583,-0.04516621476502311,-400.10157219849043,39.9424224103646,-0.15853016077752707,-99.98355423418698,-40.02841206280802,0.07548593808068053,99.89356239622454,-40.04884608820683,-0.049624460622527046,99.9941494894865,40.11022917622467,0.024206588258434882,399.9885039655101,-39.918618734759605,-0.05436903904109483,600.0330666663518,-40.07984600442259,-0.1166740697472803,599.9205499273919,40.09067541821332,-0.0786844335480392,50.03596265588385,-579.9499692129912,29.925732942239023,49.938467647139625,-380.0181539246334,30.013875869664822,-29.967004877421196,-380.013945705844,29.97105729766642,50.01468154056432,-80.00236823847402,30.169747473865364,49.96237522941277,119.94050692458538,30.010954786215667,-30.099523560602808,119.94362001759998,30.148606075140567,49.97247844508634,420.0395910825347,29.98841495868099,49.95932201633303,619.9895809922211,29.90504958677929,-29.991600262709426,619.9266323869398,29.961773289869956
calibration_00152,-850.0186549285118,10.00982574754478,10.005910055479887,-650.0012642535607,9.943043064729666,9.973602251378223,-649.977053993543,89.99775614460717,10.034604444016875,-99.9679226362958,-39.983418784770834,-0.05417891770483085,100.0016292001019,-39.97035918189982,0.024274895099269063,100.06325182664071,40.003786313105735,-0.0015898483669770215,650.0225184843123,-90.03353913874236,-10.030835680729648,850.0004325273793,-90.06623231481773,-10.021632604520128,849.9368520702058,-10.010623891513253,-10.029462983462675,-749.9372778661957,-20.03170879121336,-0.027976141418351443,-550.0711573535456,-19.99288357827933,0.012436035957506612,-550.0226576841892,60.063173610534825,-0.04937437726595241,-100.0422600553225,-40.0363447842654,0.015875995736522194,99.96831037825494,-40.04455942708266,0.002386849648719187,99.96430057380583,40.00977180123326,-6.965972296204062e-05,550.0266442277804,-59.98322970595005,-0.008143794245366473,749.9811681236033,-59.99118759507888,0.058442895431240864,750.0146734189019,20.004351398062,0.06659622544755242,-599.9312377647389,-40.05587011433788,0.023856540370699966,-400.08102766153456,-40.02099527476398,0.04113194023975977,-400.0174910034519,39.934451017779594,0.07419264111975518,-100.08490772428894,-40.0276437649381,0.10202102947859915,99.98178628920066,-40.03652874112811,-0.012692029886708867,99.931318747757,40.023553941092594,0.01434300769427632,550.0059717427663,-59.94222611289358,0.0179009152113378,750.0341896805654,-59.94759809387235,0.01747638075038145,749.9626908024063,20.03420720425439,0.08380551299080458,-599.990024316761,-40.05250931496465,0.12442519770040333,-400.09720183953067,-40.056575179568384,0.10114707394397623,-400.0084371028226,39.94784378236497,0.01095992341953023,-100.03825957667033,-40.07710733335984,0.05718226431599441,99.9225141237837,-39.96584207230249,0.057287753339906905,100.00891264568291,40.03329574753335,0.0439190448468854,399.97191451835414,-39.93716742756964,-0.24493660704813108,599.9231134080292,-40.0121230170361,-0.35499688658539985,599.9655770390526,40.03181328238862,-0.2595431179746244,49.936768359751504,-579.9015786648037,29.92529043518099,50.01282217878855,-380.0477898366066,29.939144309331287,-29.957365007353307,-379.96018734001024,29.84378032142235,50.057323793033625,-80.0489481912699,30.03450939581961,49.97498095490918,119.97626005423346,30.199571421879536,-30.060192346908735,120.01872953071417,30.09220552698209,50.042160633642254,419.9842506630378,29.95305229815472,49.992795792162084,619.9978467096597,29.96383000507136,-30.016834568620673,619.9540460325734,29.940403008025765
calibration_00153,-850.0420935373556,9.9946121493523,9.975779331222222,-649.9872848250345,9.999905512487505,9.965199222297343,-650.029937646626,89.95714780304704,10.032211877434802,-99.99193600302979,-39.99022388039798,0.0837677572458592,100.07610260817503,-39.97631096202738,0.014637477967847236,100.01913383287145,39.969112987594414,-0.03969217312487381,650.0059235541432,-90.00448850690364,-10.01397882345903,850.0236541699294,-90.0012754575796,-9.9925130023847,849.9459136090014,-9.988305639603153,-9.960705309348217,-749.9070452227245,-19.932719533896886,0.032382498359114956,-549.9823389774334,-19.998824979097698,0.05034139481990854,-549.9691813453255,60.05294117118581,-0.02710223463317862,-100.03695797736151,-39.99899118498655,-0.11844414537220267,99.97604083705919,-39.99882402300761,-0.020607995809580948,99.96860407927151,40.00644544937394,0.051642673937339845,550.0420678783404,-60.03087888841661,0.08376846826832877,750.014449618597,-60.05862979497193,-0.027191824377934964,750.006298086905,19.970130077322374,-0.023771057191406895,-600.0545600116526,-40.08401083322547,-0.4505475907357514,-400.07645172229553,-40.059045544640234,-0.2630302651754782,-400.04612024401337,39.97279938646646,-0.18082531814358732,-99.98612034754264,-39.92167971129243,-0.10000540726929558,99.97621722177088,-40.03761325431595,-0.044788790902563984,99.89835645395684,40.00124483319503,0.03875467358883383,549.9959948648136,-59.95380596669005,0.04992613773265934,750.0468015353549,-59.99340030719601,-0.010055418328412434,749.9735923599023,19.998386600500286,-0.059213862052264706,-600.0944174009389,-40.12714656784012,-0.41780208477040515,-400.09104179257724,-40.05574249542556,-0.23730504811492764,-400.114172828075,40.01956049346894,-0.22456128973885645,-100.07372581367487,-39.96813517945272,-0.017335550423086127,99.9654113490372,-39.93585409501508,0.0006251508275885234,99.98812888953628,40.06356132391806,0.04557591176840574,399.9363413449043,-40.01843054489938,-0.0475735678187039,600.0529140279536,-40.16566089816973,0.10899751892193255,599.9798963147043,39.841711835546505,0.18164575434073105,50.015317752957756,-580.0275223084639,29.915800066710137,50.07796820643657,-380.0026685040012,29.95200788175383,-29.981674007458317,-380.095515785147,29.996469575921477,49.90954394172133,-80.01495079232683,30.093044370260845,49.90686591950659,120.02969850823601,30.047799516805018,-30.07902993234068,119.99401002162439,29.987015917005305,50.04251095486084,420.0328333519709,29.974531797730872,50.1135543923735,620.1288465250202,30.016418684772436,-29.951438738653653,619.9709883796472,29.985305221660443
calibration_00154,-850.0584858399634,10.004147127239131,10.012242821290544,-649.9751806270092,10.018043076536214,9.968783671870906,-649.9852650598766,90.01380736940524,9.974115138384855,-100.0313805451289,-40.00551397445624,0.010193888268649684,100.02464966799731,-40.00609276035383,-0.0022808131409954796,99.96458313240967,40.032492241838646,-0.0042539924825908005,650.0102920154319,-89.9982694217223,-10.070251916462917,849.9995517452907,-90.06332765129872,-10.002995301219826,850.0126561076827,-9.973587903068383,-9.964872027041212,-749.9160351605559,-20.04222398083761,0.015707430746812856,-550.0272673307195,-19.966264851837412,0.030949843021162167,-550.0046959781695,59.95582561532759,0.0023015568226332564,-99.98159477983761,-39.99971152551298,0.009538641939962197,100.00318856729365,-39.95802407000036,0.05496644736475452,100.02380943234415,39.946841010532275,0.0418633533341719,550.0132147129123,-59.99621772930896,0.09164449786759923,749.9860055857883,-60.02097957738524,0.0287752719304374,749.9966163652193,20.031751863102908,-0.08268577585642638,-599.9568072020759,-39.93935627320393,-0.05373754335302868,-400.023245689065,-39.955701636364886,-0.04764838737036272,-400.0399814186624,39.95894273861803,-0.06105528834027978,-100.08661560247712,-39.990429974138785,0.0062041515386353115,100.03258289495295,-40.02353991839813,0.0702593265811239,100.04921055208463,39.88590137798964,0.03464107139364943,549.9841919605096,-59.965830066343315,-0.0345288977232248,749.9777798001874,-59.971104103118954,0.013625473040308833,750.0081253050818,20.006579453752483,-0.0005035937768005437,-599.9258911666609,-39.88855190032429,-0.08818876572306043,-399.98583988274373,-39.974411396045284,-0.10775571088656065,-399.9866722917026,40.02006917391533,-0.05272112115619265,-100.03760758560634,-39.92966157999129,0.007579310218630932,99.99191083435356,-40.03185366578088,0.08293331942093665,99.99474862773776,39.934903626031655,0.02678247507795395,399.99199306743793,-40.24314416883022,0.1899706075744179,600.0501683320687,-40.35662453443856,0.18095149973699512,600.0537367989061,39.73564374205068,0.21553389245901092,50.06384423637495,-579.9540455213445,29.989811662341218,50.081595689560636,-380.04494774592143,29.97621164015263,-29.9620522950894,-380.006483118592,30.05058251179169,49.96457330794885,-80.09529196130842,29.98074715000369,49.88289095501362,119.98804789034702,29.965332872613914,-29.999427571358385,120.00334808729856,29.94814399382977,50.013855066432065,420.01072934031504,30.067753983764582,50.05093399939793,620.0423278326582,29.96962604996547,-29.96082719755684,619.9391491286187,29.97220654408205
calibration_00155,-849.9848804948142,9.943011474569966,10.011309784906835,-650.0194287376187,9.953812647928064,10.057290236594925,-649.9824908178305,90.01671631780115,9.985079225585054,-99.96908093033281,-39.988586559611285,0.020819450390570503,100.00722592893297,-40.01261795311724,-0.03890719170918172,99.98490363493114,39.988546948018936,-0.020180872147871745,649.9695720986797,-89.95171247829994,-10.017293256312673,849.9848981137859,-90.02432384177159,-10.063402997165356,849.9744647049578,-10.020565188040248,-10.033622002012585,-750.0359255278447,-19.91006732097582,0.017933909394628376,-550.0007411029328,-20.02286450755315,-0.0782762241649436,-549.9846836291383,60.06128229542064,-0.012313467693556866,-99.97903072075911,-40.00795213288831,-0.05117013951603125,99.97514913653315,-39.94453009524828,0.008638474723491748,99.98738370978306,40.02687995633764,-0.0007224792058618604,550.0268773378178,-59.98517184680827,0.030884143345276418,750.0192235881508,-59.96732148910741,0.0788552945359437,750.0408403176829,19.8974803443564,0.07830433946450453,-600.0011817054792,-40.151926695358235,-0.14945708627302853,-399.9823897373586,-40.09801480988129,-0.13390411050164636,-400.0812411119333,39.975343043532234,-0.03716040002568832,-99.99619780114966,-39.95062677747754,-0.11641159319568843,100.0351536737002,-40.00281245466166,0.0614460018552911,100.01910420898759,39.97937768211571,0.013125811151244907,550.0444726637306,-59.99767664418006,0.05868487602341639,750.0105957854739,-59.951029259867575,0.0758443601410638,749.9692721534835,19.996523118492483,0.035139715480907954,-599.9802986190225,-40.16839661574187,-0.18699299492765514,-400.0129969633549,-40.01640249616907,-0.1967251028528331,-400.0109176363579,39.95146628283561,-0.09550448518784753,-99.95232125977479,-40.026360792680656,-0.04151043723887519,100.0061486408445,-39.97040293165139,-0.035303874875220506,100.04046062736671,40.011832322281634,-0.013175807535045554,400.0037375948564,-40.064288309644965,0.3117206162381534,599.9746282811445,-40.09978365970089,0.6165142759652527,599.9870001794404,39.71353864811987,0.45940411748420446,50.084725502464124,-580.0014725272878,30.184643474396744,49.9683104137593,-380.0305726394718,30.0015288560311,-29.964397234947615,-380.00410025149745,30.1033571674253,49.95226353579557,-80.0094445906245,29.94390454387966,49.86333429946852,119.96354795264682,29.832986188804448,-30.092201123155892,119.9687929732954,29.918789690084054,50.01013142099173,420.00676204121834,29.950280488726705,50.112997856805535,619.9903943882774,30.06690464043863,-29.857831159044586,619.9607282159144,30.02160981699299
calibration_00156,-849.9745257274305,10.03326549624985,10.061684119115496,-649.9557716308054,9.982700788915333,9.97465758023786,-650.0088536248825,89.98327411538168,9.994468950030283,-100.02961021565302,-40.02700978317622,-0.016100042496321593,99.99283968578318,-39.95124255512234,-0.010928722673613377,99.93668976145004,39.97374949098795,0.005712250645085837,649.9958443899582,-89.97238840256212,-10.035908392111281,850.0094522989174,-89.97376215585885,-9.98939025288834,850.039509727634,-10.04025368736649,-10.03507718331074,-749.9707863786506,-20.008230829551135,-0.13936296635085002,-550.0504853708394,-19.99182594548256,-0.04466799345595986,-550.0960009855481,60.06447186808965,0.020280690825430513,-100.02470577836917,-40.01762585823881,-0.011562248378879304,100.03852117662515,-40.028288726611564,-0.020945323215340553,100.11594371494614,39.97963648724271,0.003203657689973608,550.0200817498766,-60.05667582028447,0.07706279814324218,749.9524548051864,-60.01353465103994,0.010486085665982777,750.0011313855847,19.99025649458461,0.058180578938269056,-600.0034024818677,-39.86370457436347,0.07229039131946348,-399.9716767529748,-39.88839701946257,0.0757583211980205,-399.90889741425536,39.99697529554823,0.02965150939497339,-99.9596739552576,-39.94981534638313,0.056589265942019185,100.03273026154153,-40.039494211552224,0.004328784286496589,100.08614525239751,39.93060804962703,-0.0010334140038923065,550.0241879676158,-60.044326161211266,0.04329301016987994,749.9358561650347,-59.968348959364,-0.018546652132925653,749.9680272179024,20.02908862649887,0.012922324454096634,-599.9622313764431,-39.8605200148466,0.051221021721155675,-399.9142139635099,-39.90236985860689,0.09330753665580444,-399.9404488178665,39.965265009567645,-0.03396942201558063,-99.9876271932082,-39.94646154254604,0.037233607934179874,99.97688060631967,-40.0413819247149,-0.0034847993785044815,100.14043220817804,39.946155444874044,0.010038775311073073,399.9745979282677,-40.199203832785024,-0.05391305048513571,600.0607932691744,-40.32187240385241,-0.16635327141571526,600.1051369519546,39.66375473322914,-0.13675511346397534,49.95980776682113,-580.0435087595471,30.022388104608563,50.0018496690998,-379.99613170033575,30.0596150737989,-29.91385237211358,-380.06654457991306,29.948865661385106,50.008222247825714,-80.04385074042051,30.011830341178037,49.860855164909424,119.9639091891813,30.06251823799272,-30.114353320372853,120.07052044257574,30.00745046755889,50.032280466754834,419.97022063488225,30.005313229888504,50.02456409839899,620.0262645233589,29.903188765603698,-29.91957506604437,620.0538520791719,29.912996767122845
calibration_00157,-850.0465612763198,10.00833327654277,9.964029155818453,-649.9689795565614,10.054273657284442,9.984416576705062,-649.9815144896272,90.02081872927137,9.986160831705433,-99.97502213013396,-40.011322707557916,0.024037442402283508,99.97197683852869,-39.980106934335346,-0.020835699363508,100.01801677318808,40.04116357409676,-0.03686900755075317,649.950503535071,-89.98060054800408,-9.951711102176665,849.9235748203228,-89.98213361986531,-9.971365047642855,849.9802072647714,-10.031117097027275,-9.982026354178114,-750.0563366978645,-20.07646998539636,0.055744202604835355,-549.9749524781944,-20.009177198604277,-0.0284149632835161,-549.99398561626,59.986549239154044,0.039504333171111655,-99.97896190894785,-40.015341532544035,-0.07074276769285988,99.98961974205771,-40.10367821587023,-0.006320938500700329,100.00634211278204,39.95771010351929,0.04861165665069798,550.0604219497136,-60.066203455033374,-0.03260276960120527,750.0523531495093,-59.99670821597591,-0.0016871525151243745,750.1190005499245,20.051544733553055,0.005121047286115294,-600.0945289841274,-39.90614522528342,-0.26884992143843445,-399.98729923344723,-39.953397621893224,-0.1864129613381159,-399.99369929340736,39.97932714419543,-0.1434466164066533,-99.92864891401966,-40.05051382891876,-0.04692795604733078,99.98946371978269,-40.01707872950495,0.04582115507444187,100.00032506096946,39.96129320193906,0.051422486342781876,550.124448261148,-60.06613750293745,-0.056509199190412696,750.11205381275,-59.97868950880107,-0.013905182033268175,750.0977194255437,20.085210611755166,-0.009147332564503908,-600.0551340153887,-39.83791633099039,-0.18305992045296846,-399.9818347706508,-39.92062497632066,-0.18740273591464454,-399.95707502463324,40.020573900232804,-0.11622416588188461,-100.02548046784713,-40.043032256690516,-0.07680906943863294,99.98841307426477,-40.07425854228436,0.04025071860086937,99.93884857502589,40.03010598049771,0.03870721572954207,400.010445951011,-39.97923910601303,0.25635101727087406,599.9710971344039,-39.98176235965206,0.27185588016363377,599.9840292771835,40.01605296794506,0.24506839809336528,49.9599459336266,-580.0397063539439,29.900109350264973,50.01310471097778,-379.99355629557135,30.06691983569456,-30.01611227015295,-380.02618689977885,30.061350054842737,50.11031218379276,-79.99533394101249,29.921665769720065,50.07117801377121,119.98221839577165,29.92830008811939,-29.984758585545865,120.01378211942254,30.009443188887857,49.981304046613786,419.9931884840233,30.066841792142398,49.96282143271541,620.031811580955,30.040799407779396,-30.058013151375363,620.060013020408,30.005337544687723
calibration_00158,-850.0112107990763,9.984479949495032,9.97741071760242,-650.0120536300851,9.970143316932118,10.01082750974072,-650.0108647549662,89.97587314135902,10.032684941244325,-100.01962132468522,-39.9934634455935,0.07840940453783629,99.96619276360715,-39.98311191413777,-0.04975566325559885,99.9882492727225,40.02286817087807,0.011017468590286532,649.9885519752902,-90.00759784146148,-9.992528394233855,850.0035654988825,-90.0294088621,-10.001477594592409,849.9996390798276,-10.087939678050308,-9.988508612029328,-749.9949905867859,-19.967192719666933,0.06257216838143909,-549.9784333996148,-19.9601044804996,-0.013655756488385871,-550.0123578488763,60.020288556380244,-0.06455327382238732,-99.98668805792222,-40.00851006309635,-0.06930037759776442,100.03026624888396,-39.9524011660453,0.033758386567025254,99.99548625391499,39.96195203454736,-0.02917349750930779,549.9908785075148,-59.99053071966064,-0.004812079502908233,749.9713480289033,-59.961900463389135,-0.044805682646813824,750.0106556152703,20.046497169915053,-0.07930560506915094,-599.954297334656,-40.098302776745925,-0.3603877147186894,-400.05235689266385,-40.04181529718421,-0.20238488699053425,-399.9376004202256,39.92718785643035,-0.25352998229385576,-100.02965204985463,-39.99319016057064,-0.04778983308285388,100.01772976126851,-39.99356625058378,0.016760375473615637,100.04634614251955,39.99303793308654,-0.04648737060758462,550.040698520803,-59.98882311389146,-0.0020864023335748,749.9997937530655,-59.956554871705976,-0.0960073845779186,750.0057333299897,20.05496583156862,-0.048640902170908995,-599.9502242934179,-40.03693451188189,-0.38721229706685906,-400.0192325276586,-40.15013729066236,-0.21752664418402035,-399.9898815886853,39.962661461960344,-0.2955940464218418,-100.00030577264295,-39.98312806701916,-0.05187583390455573,99.98068985071652,-40.012733554722914,0.05717193253683222,99.99823544768181,39.988109906489036,-0.0721694840456207,399.9769533676741,-40.05878834222218,0.10291240860469951,599.973678467416,-40.06793064093064,0.2815629286653633,599.9703157537616,39.86973714685796,0.13199933900498778,50.004402435823195,-579.93200093555,30.015737560258682,50.128420710153065,-380.01825950790203,30.027402617143228,-30.009665893367206,-379.9407653816423,30.007166403528814,49.88718279196646,-79.9812303896934,30.033789527382346,49.97858838100427,120.01824699135814,30.027338122234617,-30.137065087017568,120.01225345955089,29.999818782527353,50.04433714406838,420.0285604489618,30.01975648705735,50.00489862060901,619.9788851769595,30.060617355182814,-29.961920536020436,620.0157755186755,29.94441029728884
calibration_00159,-849.9963255276244,9.970025252487519,10.004337799197813,-649.9721233692075,9.99524356274811,10.026408951915428,-650.0058225134572,89.97199216375846,10.08959241335512,-100.04088623831609,-39.96381425181894,-0.009155441058194748,100.01337386932917,-40.0115001613953,-0.010127683145849099,99.97209536071641,40.0190516596997,-0.03134691255521443,649.9995561516961,-90.0140111014723,-9.969574558239849,849.9984889173217,-90.04870295644328,-10.000058967551707,849.9698453945089,-10.007345912185189,-10.00354384282531,-750.0177995211902,-19.919529262015974,0.020945289427359244,-550.0890566328965,-19.943470997177542,-0.0505556400932626,-549.948641902404,60.0668352769199,-0.10774134070667864,-99.98091779178999,-40.02360574641041,0.03397721968198709,100.02468725545619,-39.994364348744504,0.03056559731399947,99.99147832469137,40.005170582891395,0.05504743753517305,550.0325911540532,-60.02336150456038,0.004655315000562075,750.0395303278109,-59.978534411359746,0.022547524732337967,749.9449205099331,20.049898768007562,0.03543755331530497,-600.0032852890631,-40.176435742874446,0.012931290783955031,-399.94230677092486,-40.12584492773622,0.0591197530035597,-399.84692696033,39.90296495401525,-0.03994283987909911,-99.9700142099877,-40.036721830089206,0.013330018939474525,100.03538686101626,-40.03567953370027,0.006355112643097915,100.09138997660477,40.02335306300024,-0.0008049753017230314,550.0824008056883,-59.93576201235211,-0.03602305021678168,750.0388360261047,-60.020118466666396,0.004529978170301565,749.9852279770614,20.022433065779573,0.061899547190771495,-599.9530408383057,-40.1622866463999,0.11097675608382176,-400.01102602270134,-40.161177907300676,0.09146716894557945,-399.947605677147,39.89084233095214,0.055714147629965564,-99.9814040134714,-40.080003007913575,-0.013512869344962219,100.04192518715108,-40.024061149931974,0.057864856851164076,100.10071818606504,40.01827899559688,0.05400597656543797,400.03370815722974,-39.99409266115009,0.04627093249263473,600.0548644771769,-40.05876842891403,-0.04614207427751833,599.9835867923972,39.97590046210479,0.04392839762941084,50.04852632838331,-580.0033477949306,29.912299383653927,50.06279593752982,-380.02503268948425,30.066253057198573,-29.9686383018544,-379.9410403433972,29.996760922982567,49.94171977778346,-79.95851404195736,29.98413317356259,49.98010436543723,119.98079361293911,29.976543080084586,-30.053282483345804,120.05769024918152,29.940508204297345,49.926760025801514,420.0077355551583,30.104014897913082,49.97984369496938,620.0342406779424,29.912082221485505,-30.01590766353257,619.967124383786,29.925988795843345
calibration_00160,-850.0474280481313,10.017228529035753,10.02926657584698,-650.0481157293016,10.008751527174379,9.992808767082748,-650.0374963282195,90.02926206467725,10.00208734656723,-99.97495371019046,-40.04399306590342,-0.058573219186507916,100.05902472181968,-40.00206973567961,0.05569077896636455,99.9406662316394,40.00242055609918,0.008009932913170082,650.045637323678,-90.02524699183328,-10.023687434483637,850.0132793076626,-89.97489515253345,-10.034781772134911,850.0263202775085,-10.031072584611136,-9.971559561040529,-749.9005158131197,-19.950694890770116,-0.04208981524071421,-549.9499627020921,-20.064807062847915,0.008790166598370676,-549.9541355994568,60.01239221640608,-0.009508726318776828,-99.97862254755495,-39.93128805059295,0.09229034464703609,99.96295628171063,-39.991438813151795,-0.07121579654198833,100.0119849476285,39.972032451414194,0.03138807075935374,550.0012772554375,-59.92802934343308,0.042247006275450034,749.9760253627016,-59.97243187910624,-0.036800177961167614,749.8712464000715,20.02775163318698,-0.04603660817222378,-599.9629136851815,-39.809477017944,0.531564426185653,-400.05108645690007,-39.77372552841025,0.3650736830010786,-399.9856302113435,40.231777332139025,0.45014185162867004,-99.99510967848887,-39.92067668128547,0.10380469345546792,99.96238604447645,-40.00931256315095,-0.04928093778049638,100.02886913832417,39.942442915350426,-0.08467413287953887,550.0614643652273,-60.01533185225028,0.008194087812056508,749.9887898071967,-60.035296643975606,0.02223567640448525,749.9797866328396,20.022502087381966,-0.09263133022568464,-599.9886449939719,-39.79537707034583,0.5334138559762134,-400.0888590436393,-39.69942667823255,0.3661725120641313,-400.0562954758249,40.20322258264288,0.44173490496715423,-99.93528858704477,-39.87909737724283,0.10262582763428271,99.96328370308012,-39.987995550527415,-0.08370695393145679,100.03537956219746,39.99379269577609,-0.049665476881219764,400.0156340732876,-40.12929971061659,-0.3083360800541943,599.9999785715879,-40.3169459028104,-0.4208726149731717,599.970917209431,39.70739615654182,-0.43187724243798464,50.13857501571998,-579.9634968228963,30.012964049826447,50.006617436799175,-380.049535203893,30.001720062812037,-29.964811459562544,-380.02713056515927,30.044614550139375,49.94380542286115,-79.93703811255112,29.925245354811395,50.000398756260964,119.94170872646421,30.07186647610766,-29.95345804467687,120.01556090682547,29.968393188593712,49.93759377004371,420.04034454771426,30.068832595830525,50.078460007936165,620.009074579236,30.00862329768364,-29.9661936715263,620.0179314845477,29.914362343989655
calibration_00161,-850.0131763007049,9.957673238588454,10.039515025390624,-650.0319886848193,9.997204661776696,10.00110129775906,-650.0401246406906,89.97060127760481,9.965429449052918,-99.97917930691432,-39.98171448893643,-0.02305046879603108,99.9959403793701,-40.01384181386554,0.010501007439401976,100.02771706816512,39.90272938959829,0.005875342660050428,650.0048020511935,-90.01509148364599,-9.90616940553376,849.9732419129282,-89.9875869115535,-9.994783404978309,849.9982343953118,-10.00402272947766,-9.922698120844432,-749.9675867159339,-19.958060610479137,-0.034384949243292336,-549.9955058922249,-19.95531169167148,0.021106631551072036,-549.964236248182,60.043645943516125,-0.002187796073751535,-100.03941538081712,-40.042398830305515,0.04253542107133904,100.04631843515227,-39.94394089725148,-0.005987099259439034,99.94740306966236,39.97561668688998,-0.08844244398126189,550.0486357748491,-59.94210102009347,-0.0787393665325089,750.0287649275693,-59.978207683521994,-0.01140486310988817,750.026503674319,20.002949840138108,-0.04752582598989398,-600.066274406997,-40.16221515876542,0.11676352271922902,-400.00167827717337,-40.13798362386009,0.084061245623488,-400.00409562898847,39.82201621900854,0.03636937581973254,-100.03569669325559,-39.994156545319115,0.06778048597333396,99.98063997796905,-39.95841818758527,0.09062920435235951,99.91236799064158,39.99489324546797,-0.07510959487780366,550.0910040999725,-59.94437682932809,-0.07260803055973727,749.9280277919866,-60.05262431605285,0.02974598167098,750.0553370599109,20.058337884160277,-0.07391481032667681,-600.0417645452817,-40.248425102089875,0.17638721952246927,-400.05233828515344,-40.169867433721514,0.19115487694677546,-400.0138762665232,39.79458780391755,0.0893339377842699,-99.98860984230257,-40.03417307165416,0.08037074212707607,99.98941663195353,-39.952472099615385,0.018348802732915098,99.9014138105452,40.066204729925815,-0.04641050195161223,399.99972352034985,-39.98486229250046,0.08819790833529147,599.9969003783884,-39.86853228484321,0.1942687649425662,599.9066327313686,40.18300629569565,-0.011865732937675386,49.953387928806706,-579.9895654239853,29.99613602493431,49.99823273870133,-379.99458751254366,30.023268234265373,-29.977045838414895,-380.00171188065264,29.967801084040378,49.87621382308608,-79.98668748290686,29.92934412686547,49.958087083160116,119.96313963901913,29.870251509715445,-30.031076680081885,120.008959232382,29.94331472660029,50.078852879083804,419.9806081039855,30.061522513810637,50.066670581524775,620.0013458338167,30.050471524101305,-30.03615282808053,620.005053255395,29.94071208268407
calibration_00162,-849.9880008156097,9.953464538982507,10.05715924188721,-650.055505995717,10.034853003380924,9.985869283288514,-650.0158487317069,90.0208773652957,9.98953367819922,-99.9872202157606,-40.007484061023284,-0.022422245792563515,100.05099976577522,-40.00431863162672,-0.007275043100722842,100.01417213224953,39.98728043830344,0.02672948144969822,649.9725681084753,-89.97680927308635,-9.992682927096972,849.9532875334762,-90.067045328194,-10.02807812162686,849.9865105301759,-10.003358299025967,-9.998412199453353,-749.9671890912222,-19.91513107780018,-0.08160968786830194,-549.9220461474162,-19.97593842308698,0.04875100566666081,-549.9692272799088,59.9703953848565,0.05592018275705668,-99.99958044256925,-39.99614746810654,0.06747760105099632,99.91380922018357,-39.94055907584102,0.021071094273366318,99.93620143262427,39.957684159348375,-0.07465273029047853,550.0639887642709,-60.01286147909709,-0.07025781588685351,749.9832239057587,-59.9840910169622,0.02236945609174968,750.0651646585973,20.033254796575765,0.007697479971369986,-600.0303103097104,-40.11385396432464,0.21275369844602807,-399.98069222962533,-39.9205652495525,0.13796786108075812,-400.09460834129885,39.945770480696034,-0.050708222684905796,-100.04031790761528,-40.01190904290242,0.008847612372526008,99.90446358477764,-39.97317250135149,0.005181562215208029,99.99296345069263,40.01849259271231,0.003998060677925758,550.0421906048019,-59.998282995431246,0.01025211997763649,750.054573699362,-59.9504945102871,0.07315215688515872,749.950886287652,20.04959961694573,0.02632472429500335,-600.0940513401339,-40.050936908219235,0.2502859771075326,-400.0694084806885,-39.98386828054869,0.13261591769401307,-400.12529938724015,39.919635527496986,-0.030001050056105354,-99.9735463504072,-40.065830619608846,-0.033080205483004076,99.92656067664085,-39.898296598606535,0.030394318133575772,100.02026606626268,39.96535524466525,-0.04081979129704223,399.9840547037805,-39.98694243822187,-0.08440744562916626,599.9607023304037,-39.94996479112208,-0.05621733282819691,599.9762345903152,40.003398069112976,-0.048878436184332213,50.01388655535746,-579.9528776362511,30.106769923808343,49.99287231593656,-380.00598924129895,29.959066230183364,-29.919911564586567,-380.059256170141,29.912635806302603,50.01095406012863,-79.94609153864867,29.893231781950185,49.90815706975031,120.03325028150205,29.97818878791498,-29.912040953294483,120.06202789534638,29.95920412199747,50.03118137454938,420.0182545449884,29.997452190372744,50.0281881472498,619.9540143978522,30.030322311501994,-30.024734528748265,620.0420226158494,30.098317214466928
calibration_00163,-849.9762667733528,9.946923541009928,9.983138144412045,-650.0130208477545,10.032363708235492,9.977883561071716,-649.9646298637997,89.96362438156817,9.949374257565648,-99.94116963168227,-39.9532900678679,-0.03211241060996126,99.98755147125887,-40.041479176964074,-0.053172190195012826,100.01163732880441,39.9782186930044,0.0844176048019613,650.0275220942049,-90.03365337244894,-10.024027938709088,850.0073708740714,-90.03347967297218,-10.022458315317648,849.9920967357895,-10.024422385119856,-10.017013323556627,-749.9901410071135,-20.00380723727619,-0.017422440859538868,-550.0582472766281,-20.040655223368407,0.019284123691513996,-549.9731011726324,60.03051621961874,0.08056228132666166,-100.03809473313804,-40.03623022355749,0.002333391038915184,99.93873383225483,-39.99015322993925,0.07078044220930849,99.96320429260744,40.03344581030232,-0.040149538570929975,550.0472850044692,-59.93237514376725,0.03156116852685758,749.965258292367,-60.01607758685864,-0.0028428526468437416,750.0060984784318,20.032377016208873,0.04071931770068113,-600.0772298933234,-40.10198628229797,-0.1060155654951136,-400.0755551883022,-40.1441827649817,-0.04842113229223515,-400.03730756992223,39.91511710303149,-0.2304292538690172,-100.03335568557924,-39.98986514628005,-0.0034293213136112333,99.98651405529854,-39.94997988118143,0.04180151793198525,99.96757439466654,40.011358859616074,-0.06315039222159806,549.9912306501602,-59.89347798275662,0.10724495817753243,749.9419656166959,-59.988462739939926,-0.012573638270761557,749.8999817558421,20.012839329965555,0.04527961546052337,-600.0842906806508,-40.22673563605833,-0.13571300106263107,-400.08829631984446,-40.02560194350092,-0.11579670282684418,-400.106938462719,39.83979754996179,-0.22423021015222427,-100.04392664606586,-39.93681124646976,-0.026617568780078652,99.97207740734923,-39.96401758700381,0.13310942368492898,99.96438609479496,39.996766333545786,-0.07795832149686732,400.04397556062474,-39.987684250354604,0.1129333810090617,599.9395105817177,-39.88794288617585,0.1430918433917212,599.9737225300523,40.06818681868878,-0.00639289540690146,49.96699541266135,-579.972383973838,29.846129242206434,49.94794732607582,-379.9836466813118,30.063501926307477,-30.014104164185145,-380.0667993778782,30.009402871014153,49.92184177221513,-80.0266746808186,29.964663585771376,49.83239253650288,120.01189207075453,29.98784821862841,-30.029416051856007,120.0006961098729,30.05921721161263,50.05969341420395,420.1484702091611,29.927424424692205,50.03022429863686,619.9692741706031,30.026857666110892,-29.94761564451256,620.0840577336661,30.026204526753098
calibration_00164,-850.0344005363769,9.945860003657357,9.972454679716263,-650.0059089260379,9.999705941226015,10.02297140569534,-649.9878290318493,90.05062432817104,9.958728442368503,-100.00008148149432,-40.05731793685893,0.0010509009066614235,99.94032005318101,-40.019708978730975,0.000825841694959307,99.98546424213602,39.955911047980216,0.02849435474517727,650.0200282102045,-89.98050792067602,-10.023626155772378,849.9572831062997,-90.07553524234919,-9.995530991445811,850.0097444991966,-10.00716965959531,-9.958809706970174,-749.9682495730432,-19.952409101047312,0.001230768781853471,-550.0022533429841,-19.957664367229686,0.024465398087756437,-549.9191374869013,59.93147550146721,0.04247950856211169,-100.01641901481437,-39.944383876683524,-0.001123511419375698,100.03625462967833,-39.954808985354795,0.013247602800931348,99.94986847073446,40.04400772926637,0.008958846718224644,550.0321430395624,-60.02959184267911,0.03548719684991403,750.0163743210958,-60.000166776927976,-0.03506391555463345,749.9709070372019,20.0179767066305,-0.08169510311899894,-599.9738031531369,-39.98041613798891,-0.028271885833518945,-400.01444299461576,-39.9776477180456,-0.025189548177441814,-399.98541644412455,40.00980785398568,-0.03966982738586711,-99.98094151979681,-39.8967856977086,-0.043733918731426374,99.98085090807552,-40.00086092140941,0.0028854414194298614,100.03435311139536,40.05373277640949,-0.006865291519581138,550.0289499398897,-60.01693804147449,-0.0048314026608070985,750.0050031046686,-60.011947760933964,0.04550007189011333,749.9482230915955,20.04367845611013,-0.07279412099002205,-600.0092772199879,-39.9850991843732,-0.02698212693295898,-400.0016128180512,-39.932844230469264,0.0034004134744861914,-400.013767592788,39.98288377527798,0.016465625145532584,-99.97054173440868,-39.99775397269291,-0.02044187793033808,100.07004817891296,-40.00851851071569,0.05822174216558459,100.04594700425014,40.02890559958199,-0.021581958461097936,400.02097976759916,-40.10818487698293,0.10252775641169942,599.9915583336015,-40.14856127322694,0.11985822618102485,599.9547787401366,39.8030392717807,0.07769584239998002,50.006332105969534,-579.9947520424481,29.981255187241953,49.9616315667514,-380.0116783961055,29.903564102260948,-29.943427292420402,-380.0612430388261,30.00846709298404,50.00004429997887,-79.98130505001333,29.94724308474536,49.911443162324744,120.02248863140997,29.959772169016777,-30.04735297658492,120.10308382541797,29.879148314430324,50.010138929319666,420.03563974739893,29.998932656002793,50.03771435563094,620.0432671646028,30.109924649420112,-29.9380084498845,619.9338836779483,29.98717648128117
calibration_00165,-850.0150455504374,10.045145945789649,10.016428604013857,-650.0156253459238,10.011170160891375,9.99553998343283,-649.9787331715096,90.03103913925688,9.971033251745727,-99.99386650961192,-40.067426271627944,0.045011060715900345,99.98671886512555,-40.00722640769757,-0.05310855686218939,100.02841425533184,40.018541436113686,-0.005415185892688,649.9937014117536,-89.97136266884219,-9.990455830240665,849.977472063389,-89.95458776685226,-9.97551482596769,850.0334174865454,-9.948108494993841,-10.042514727427777,-750.0050110911845,-20.015315368029587,-0.004271061161604733,-549.935982026947,-20.037213402445545,0.01031646533408876,-550.0182303948777,59.95844827124417,0.03307973584650575,-100.00303799612878,-39.963409977527846,-0.036709215163990463,100.002535879119,-40.06864339806013,0.008973926467563578,99.98875294902206,39.995551473513146,-0.003464358209265772,549.9717983171681,-60.03344867465931,0.032364618544160166,749.9258549651239,-59.99245044298121,-0.02508715098580298,749.9319907704222,19.996194132595978,0.0063274240598955095,-599.9921227908277,-39.84471492345,-0.174622988780831,-399.9477411353679,-39.80180318770156,-0.09383255756483487,-400.003676572932,40.107766491818886,-0.09553278492580115,-99.98623474070718,-39.983385456357006,-0.015239700144246521,99.96513434667524,-39.99873097463159,0.0017789810897844778,100.01344686676326,40.040969546738886,-0.0024873013644479665,549.9990846854998,-59.97570943493799,0.010089209387760334,749.9887524799218,-60.01921949790309,0.002733936963020097,749.9781632356252,19.94627715509655,0.014800685221889591,-599.9849785976755,-39.84244090114359,-0.18862911614722094,-399.95176682362154,-39.785915017479354,-0.13965367135649673,-400.0543205716227,40.11840541776108,-0.05718147230757892,-99.97337624517053,-39.98508678738512,-0.054691788218295984,99.9763811932886,-40.01708551163834,0.0737816982427766,99.98985749959927,39.98823420185209,-0.06271138582266242,399.9486737317669,-39.983115846191204,0.03389181196977892,599.9123925948123,-39.96048414785974,-0.002899830851363784,599.9877583980194,39.91545069455872,-1.8313725753089406e-05,50.08179585900148,-580.012083844017,29.95758481637666,49.981318112469765,-379.9575851278263,29.997950732427384,-29.975746148462413,-380.0496086998459,30.045037531003505,50.07791208233466,-80.01050920729782,30.07195348208809,50.01309166985582,120.01996205495082,30.043858117953043,-30.03627062797029,120.04370661692705,29.968457339401695,50.033080960502986,419.9923757712144,29.994484438645657,49.91937603463095,619.9742188302805,29.998711462238703,-29.970391455979875,619.9285636499731,30.034249546804258
calibration_00166,-849.960259643483,9.985072207502256,9.94894912640325,-650.033370196661,9.99522932536525,9.969275989977996,-650.0069635892349,90.0051331961187,10.072936896383657,-100.0731617377106,-40.00439764664898,0.026547834285080174,100.02405876511409,-39.97445283500631,0.00900298839380637,100.0567860970517,39.92459914018865,0.04690637709443026,649.9903027405957,-90.00941986358687,-9.938350195964215,849.9906051856076,-89.97335832937878,-10.062405092475101,849.9853432533407,-9.986450757507972,-9.992501703499665,-750.020858298627,-19.968602146548765,0.001682364452766167,-549.906553230715,-20.00005714522496,0.08265999484092842,-550.0010550971772,59.974525232890414,-0.07575509242238473,-100.02302656019187,-40.03949366803487,-0.017201504610962304,100.03184065098753,-40.013840982935776,-0.01121292921630284,99.97689180945957,39.96109590221449,-0.06830106590576741,549.9991168954905,-59.954746610877116,-0.07506346171392926,750.0058257353525,-60.07849634430589,0.05474076300035244,750.002432192353,19.982193792737583,0.010910567985146722,-600.0844816934125,-40.05306550525621,-0.050599098523675404,-400.03796440337106,-40.058132841994414,-0.060783539207285825,-400.07288518638353,39.940579820381146,-0.11889052994111504,-99.97965374935909,-40.005686219318946,-0.006394008045180112,99.95975716168972,-39.93950450058342,-0.03422358630368176,99.92464217812459,40.05732763315106,-0.017278159253124443,549.9788893071117,-59.97994614188567,-0.08643752587975659,749.8870091532204,-60.07536898061353,-0.01871317753457101,750.0247052086455,19.97647442449535,0.0010552975488358342,-600.1507575903117,-40.13517065379753,-0.02732711686682244,-399.9084682813122,-40.076681479264636,-0.10071963173751816,-400.04854852707604,39.969526558101144,-0.08593358155859677,-100.02430968920758,-40.04600423724316,-0.034269539511480034,99.94420821644434,-39.99362042944749,-0.07129937352464727,99.98358157741909,40.07492972311213,-0.02398968417154615,400.00316200596797,-39.90216606795743,-0.050050316509090274,599.9685975330137,-39.7626729899862,-0.04302518626875809,600.0600263385597,40.172908905592905,-0.1062920123982176,50.034329443788394,-580.1453191444758,30.040887453386134,49.98349845978699,-379.8934601572226,29.979328696458317,-29.98163582852429,-379.96531435798016,30.02916999141852,50.0155016404822,-79.98773170681045,29.999986351325017,50.07807344855292,119.99626274432255,29.952015141802534,-30.133789819381587,120.00021034181471,30.091106117674997,49.982077034511114,420.00511363730647,29.99714828248533,49.96488590378349,620.0035929017772,30.014489084132464,-30.033746265866753,620.076465951528,30.00623856173489
calibration_00167,-850.0076177643643,9.986310403805897,10.056864397650607,-649.9825385743347,10.018540537967317,9.946117613144358,-649.9485404326649,90.04316253202255,10.03663998518541,-100.00510388198444,-39.96885921163384,0.07544656331689786,99.9699595833485,-39.98811183328591,0.012671379677612555,100.01137078479684,40.010475109229645,0.06910319031395916,649.9933673476709,-90.01458427802473,-10.042433402601052,849.9605910795459,-89.9344080772616,-10.044073468197654,849.9502497119704,-9.97322727543932,-10.002111284825848,-750.0157457274257,-20.014155690766877,-0.07921790543884161,-549.9990270245377,-20.019950939592167,0.06803277056834185,-549.9888188897663,59.995826391962716,-0.10948006804208435,-99.96820983271463,-40.070907523919914,-0.07757174137781525,100.00522079215304,-39.97769240717051,-0.08038043176703563,100.02237840158735,39.99468513975431,-0.01307265595079736,549.9758695333563,-59.96891725028096,0.032338680240822815,749.9846145131386,-60.01977014844078,0.021227729683585533,750.0474540964301,20.00239788869791,0.031682021557242715,-600.0381343189827,-40.16614713590721,-0.09810187829734042,-399.95970428525305,-40.16548208159712,-0.010136291636172263,-400.0207875096218,39.78261858561338,0.0039272391568402065,-99.94319816370611,-40.03179072150188,-0.026513510052936236,99.95052124935845,-39.99921876738997,-0.03342372473716744,100.04629410381214,40.0519067921024,-0.07216712258862018,549.9859898750904,-59.99155286312281,0.04494959280343547,750.0480434726036,-60.0138062014318,-0.03875551979287259,750.1101149401869,19.936654500031658,-0.0007238736636599255,-600.0211384873188,-40.14841038554866,-0.07655285260462807,-399.96007480103157,-40.20538600191166,-0.04652433755467061,-399.99271881538016,39.715492906894895,0.17143149469809443,-100.02919358348528,-40.044832342580484,-0.05487758061285568,99.9699005877864,-40.04954284852452,-0.01103522309136478,100.02963735418568,39.97413629348586,-0.02788526419543287,400.056391446604,-39.90584898514787,-0.05657391983823602,599.963779167243,-39.89101081023055,6.227826455782977e-05,600.0265065914645,40.15518797858162,-0.1352974516056193,49.96364338498967,-580.0472811165826,29.874096437059162,50.005450771283066,-379.97824422284947,29.944023343090787,-29.979994235824048,-379.98689400923917,30.057886331924834,49.93497504187582,-79.98026486447156,29.945709989049302,50.05882123342377,119.96936287234945,30.04971899788117,-29.965786008992236,119.94708490955354,29.893633984524875,49.99667789238882,420.02720723518337,30.022136822048573,50.050990612741785,619.9350881708963,30.109466130774425,-29.9929127576999,620.0773429247306,29.932843361637186
calibration_00168,-850.0446459536382,10.01944301684972,9.984473843017847,-649.9958912096965,9.990866099440716,10.006210888255984,-650.0110065558524,89.98577605469885,10.017832209556047,-100.00933284940305,-40.041180073599904,0.0002331574358005026,99.9757993615992,-40.02720291907156,-0.0019482654800591567,100.0059736759805,39.98226859862528,-0.03496036965849513,649.9687181727793,-89.99924075007952,-10.062229800813997,849.9680179730103,-89.99811773611442,-9.999073380240688,849.9555324411876,-10.013806254362482,-9.996703539552218,-749.9392669455904,-20.02515520991655,0.018530496013735846,-549.9403319721063,-20.00313855325262,-0.03269797898553144,-549.9994714492012,60.01078742816123,-0.037897383913391924,-100.044674468757,-39.8814091297896,-0.023231552970104333,100.04282910282306,-39.970978733845904,-0.08317147263441485,100.05515597355445,40.0569132017421,0.025058532747103113,550.0046386843374,-60.03157862962527,0.04455463924571363,750.0181220386825,-59.96420056511094,0.01290590740565354,750.0448750577899,20.043341644151216,-0.07069124466717476,-599.9948178955456,-39.60318421074475,0.19102087622798272,-399.9932128893924,-39.77307062358,0.1359461895103944,-400.01638762455445,40.26321782138009,0.25645931740863187,-99.99813189779697,-39.95080878781763,-0.01959415392096162,100.031685540592,-40.007452873336554,-0.030422113709929362,99.9957944191803,40.080293414946205,-0.0724602199067062,549.9313181271212,-59.96569550777336,0.007521375120795391,750.0356417098218,-59.98248453983847,-0.04204839352228922,750.0208645349591,20.01452305988429,0.019543486285170303,-599.9869014533692,-39.69432432969236,0.14455715885731302,-399.9903832207516,-39.83886409143348,0.09403421888222778,-400.00534206658904,40.18844700093921,0.20912545731329357,-100.01756807254036,-39.963414807702776,-0.022303210038939817,100.07703727488114,-39.99938733541824,0.0023807558781185206,99.99910625400673,40.03047681977106,-0.06126006731062238,399.9764519146516,-40.03396306926535,-0.04424506031203186,600.0097038927944,-40.030413546298014,0.005065255585135389,600.0295118261298,40.08810478385108,-0.186339023713759,49.84426003355842,-579.9320863331486,29.99692182411113,50.0141595847326,-380.01331141399004,29.996113614065422,-30.03361289164631,-380.02181134355016,30.04061575449177,50.07227233862682,-80.02352641333354,29.911427536562023,50.02004406868074,120.10897787683153,29.958185123617774,-30.03780003055347,119.98287761373815,29.97352589963512,49.97814582393913,419.98460437205955,30.042492472613628,49.98291552542508,620.1023957957573,30.126230076208827,-30.09972705752621,620.0528253928014,29.946807601936626
calibration_00169,-849.9842660642731,9.962865602962594,9.970585534972887,-649.9931739939559,9.997442924063758,10.017897983043365,-649.9733873090436,90.00170654918217,9.992817897697845,-100.03426071855546,-40.00150560105685,0.00936150126611721,99.96590742132194,-39.98398923383824,0.013239530388068759,99.99536156683544,40.00443715543594,-0.039176781312678675,650.0582649028817,-90.00938806470839,-10.01928180431917,849.9695868256366,-89.9877709133128,-10.030106447774498,850.0292517053745,-10.0377462957615,-9.988317919147546,-749.9975262281797,-19.918364780248762,-0.020862045741151507,-550.1007078958326,-20.03331763479021,0.014840938533857113,-549.9793685471317,60.023558937907545,0.07244456466340422,-100.01545511613959,-40.016325061825285,0.0830447298502039,100.038629629349,-39.97602997439991,-0.06291750494773998,100.03141126501048,40.01762058934252,0.05132304719587412,549.997478574763,-60.02547564619768,-0.04340451972027723,749.977932398102,-60.021354345465284,-0.004156402977021512,749.9573480048008,20.03186659092457,0.027859088394591364,-599.9521847990219,-40.088848959673314,0.4582496264083344,-399.9524413942103,-40.04532618271611,0.3217578429195626,-400.0288845145108,39.971831130413364,0.3375835933645545,-100.07033092912368,-40.05904075832301,0.024973640537023646,99.9889530368512,-39.975562904782386,-0.033595972895732226,100.0407415817516,39.98021877941637,0.03212292692097335,549.9558061018412,-59.929698104704826,-0.00456994550694062,749.9575050468727,-59.94592352616557,0.029789338827518965,749.9404201809057,19.985644193034183,-0.04652706214681104,-599.9886662872663,-40.11476063806096,0.483764767287793,-399.94912733115115,-40.152023317856376,0.32754493860524436,-399.95143000179695,39.976055224390635,0.3944897095255548,-100.07022800582067,-40.04323864154549,-0.00011995492622605616,99.96136909909711,-39.97865194720757,-0.15328512030142577,100.00709193862265,39.9995185351428,0.038577449150317675,400.0419855950179,-40.01329366452398,-0.11101505296096043,600.0398577307654,-39.96118424583762,-0.23262529228927348,599.9722400781288,39.993191346626865,-0.08151276233241457,50.00777209155655,-580.0413949116198,30.113163200386428,49.97263382366749,-379.90177550137815,30.013623753623236,-30.07912847786157,-379.9772149201921,29.969813621517815,50.08911184871361,-80.02945199622032,29.904483031722865,49.953628131972074,119.95122924884537,29.90133786265032,-29.96752495212854,120.01046533851854,29.93233817134687,50.010079232106484,420.06644798069686,30.067391335601194,49.97710624623592,620.0125261271859,30.068148694952665,-30.021139529211133,619.9791510529251,30.04549397918628
calibration_00170,-849.9905094888204,10.01082825555896,10.03669785226604,-649.9817430748548,9.968749427226175,10.027695095048804,-650.003795306895,90.02502747935819,10.026834165987118,-99.96652799947034,-39.9674753956792,-0.04797345941446573,99.98469170016595,-39.947860385628694,-0.023004069684272273,100.02510903773971,40.03001842666534,0.02898138671078254,650.0114410644571,-90.03360073265272,-9.996561738550325,850.0365511491049,-89.9886352505423,-10.010097369590374,850.0046892083917,-9.983528248248296,-10.017080953280232,-749.9791222622587,-20.020308526803163,0.005122067415497894,-549.9787829783407,-19.963341153776387,-0.025923197492447064,-549.9746139042485,60.02196578350329,-0.10755089075907912,-100.02589043756967,-40.022680413177056,0.024656711188051773,99.98328287700306,-40.04663334005644,0.00542128644103747,99.96685561440493,39.921733760331115,-0.12186580545077444,550.0213396518313,-59.91023194726891,-0.05471193200646376,749.9671834827316,-60.02534986074968,-0.0005949027518744147,749.9997382110882,19.96133182234422,-0.018412646847606406,-600.0376876919709,-39.983922476423274,-0.03055743389550742,-400.0667434011262,-39.99282758672154,0.07501888391971412,-399.99048513189393,39.999782917021086,-0.016754016194374614,-100.03040523751852,-40.078075659027846,-0.0015240728024786048,100.0073111765682,-40.04137044160749,0.03651511553225262,100.05807451753344,39.90279766272536,-0.01129639624738494,550.0593233481079,-59.93048286549594,-0.0646618644060578,749.9819102768209,-60.07798393771249,0.018774831234535244,749.9465473154197,20.004440969825954,0.015119588631938841,-600.0161405857284,-39.95703297936268,0.026798984093678306,-400.02811716336555,-40.02916228909529,0.05290033503244088,-400.0082989917309,39.9602319296772,0.057975274956251814,-99.97182927496563,-40.03814715516395,-0.00473876567349412,99.96072280612454,-40.02839932257418,0.005344079783037758,100.03785532555246,39.852523535021405,-0.049135644994836615,400.03249783464844,-40.04675197636441,0.1605304179576302,599.9921972085529,-40.08965172181869,0.13609364071584443,599.9634692648577,39.91336291890762,0.062056272106517214,49.89023192845766,-579.9439850800811,29.95699659774523,49.93604432748098,-380.05187086535136,30.032524101684665,-30.003901498458443,-380.0479752994455,30.029536610465044,50.00341588814581,-80.0277684971428,29.94540688059471,49.94563756457713,119.99013180351328,29.906569638839287,-29.98708046769142,119.98770292819735,29.915805720311965,49.99004986764,420.02240093940964,30.027816746099482,49.977503062641,619.985618643788,30.015153385816642,-30.005011696752522,619.9332156713716,30.060097432308805
calibration_00171,-850.0024748412321,10.008594511865233,10.01794544552918,-650.0263668609402,9.980894551414464,9.991088142419384,-650.0263081939785,90.07708581423886,10.043393576556065,-100.03206108503908,-39.96036951436263,0.008992853245832058,99.97682668998758,-40.00600033558854,0.007590640374273698,99.96749102004274,40.00355916688873,0.03381423795947414,649.9971288516624,-89.97539996835283,-10.011362080070738,849.9999516249023,-90.0048188338061,-10.01124626411063,850.0136100909131,-9.989685628651069,-10.06195826266415,-749.9645643497088,-19.967996532352707,-0.032142993954799054,-549.9387569335915,-20.047206407963635,-0.010657797669276454,-549.9801252451601,60.040688530082356,-0.04394792420915253,-99.95043578196935,-40.089622787546624,0.012514908133414736,100.08590150093245,-40.02268653775609,0.006415923550474802,100.0683553395491,39.97477830451884,-0.030088151060109886,550.0315099169039,-60.069322685732665,0.10547475770720649,750.0079948174039,-60.04825499249336,0.005362167938310604,749.9799894429823,20.002091875479184,0.018666601692960465,-599.9353355980195,-40.18207451621726,0.05637887969673063,-399.8334598484591,-40.216318684539125,0.048976133786131734,-399.99626706356383,39.847005956853124,-0.04554673135699062,-100.02108330375935,-40.01331230677591,-0.08342661120865372,100.12703451984648,-40.01879924517192,-0.01646337272216168,99.99135360287899,39.92099141553888,-0.004704115780574343,549.9699121210245,-60.024517352581306,0.03338334162688429,750.0409044838274,-60.025939269782796,-0.020794873725381555,749.9329329626938,20.005394160664856,0.08921997147211035,-599.9711924601688,-40.197489843911555,0.09582134692057331,-399.90047118385297,-40.20277762825519,-0.023676423639953564,-399.8993399179438,39.80808590971755,-0.02423579062905418,-99.9669373231701,-40.02822548460252,-0.0920867035243839,99.98757403902714,-39.996669618563196,0.023497343852478245,99.97289664644754,39.95457017081915,0.018435035716264037,400.0461126099879,-40.004491530470496,0.08338763501618836,600.0504632359102,-40.02011249501965,0.19908840931307614,600.0092064186578,39.96662276817249,0.1597369282521522,50.08548786213322,-579.9154579839957,30.131822597046604,50.096008680789865,-379.886282785218,29.970036445601412,-29.928817643788946,-379.9781736916904,29.97155243237719,49.87409860008457,-80.06952498465616,29.922453617084027,49.97641779888588,119.99775249673502,29.926933742170334,-30.03643322921466,119.9378598527756,29.857878558228226,49.97115140784833,419.8902418505814,30.033221097554637,50.08661920594098,620.0713725609589,30.03925302761213,-29.938927246476858,619.9354096140349,30.043974324391858
calibration_00172,-849.9882691566146,9.969116738727479,9.990729491437955,-650.0011140638057,9.985558103643235,9.98911720256965,-650.0136577463088,89.93611575417455,10.040490278835147,-99.96268861406492,-40.00631414480596,0.0028909420505690868,100.04188525451657,-39.95855213504426,0.005249790470703662,100.0007683924927,40.01013525724246,0.0015455356350648636,649.9701680468122,-89.99437778671968,-10.020078386588612,849.9991271529295,-89.96100348036545,-10.012299013461192,850.0313469570611,-10.017728615707124,-9.987256123705356,-749.9766551108916,-19.956664572020113,-0.043281836399205194,-549.9827785355463,-19.98527755871342,0.0015478049508615855,-549.9959426466662,60.0856681116927,-0.021702568957938425,-100.06675848389094,-40.033003747714744,-0.049014419357830394,99.88412481695758,-40.104051879439595,-0.010053560334370302,99.99910700529786,39.93520416579075,-0.03511331797074488,549.9441683604167,-60.02326530988827,0.07495475681916364,749.987196135765,-60.057931009548405,0.008145788368741944,749.9801406066398,19.946799521406934,-0.036144809456425286,-600.0434155767268,-39.800063419671105,-0.06908127253834861,-400.13349731882056,-39.881160027292744,-0.10673576097247148,-400.05078315299687,40.047413946595015,-0.1248851663642845,-100.01287333284084,-40.05483299944299,-0.017486374731563666,99.99260345250511,-40.04239636152035,-0.07318550225586054,99.92558377723432,39.96149414769303,-0.003582274065594371,549.9863320303751,-59.99944186000147,0.090219430161711,749.9436155198663,-60.0010739592979,0.02818579770296561,750.0428061732765,19.980695396686745,-0.02112730216826257,-600.0783458453371,-39.78471201839389,-0.12341071111307006,-400.07464375829045,-39.928043024488105,-0.019128883443503008,-400.00298225062414,40.15319152223944,-0.13321869188315796,-100.04550499436913,-40.04345505138309,-0.04776544767270979,100.02994204529497,-40.11427142137092,-0.023650270554224962,100.04392248674635,39.937741516266385,-0.05762910325376398,399.8791454113495,-39.958996449636636,-0.1533866172543672,599.9264009990272,-39.97491915041698,-0.23795490719808854,599.9657926360486,40.03188963808948,-0.10264504412124642,49.87181865025983,-580.0625300797685,29.907502924944954,50.025441370615624,-380.0432838420995,30.032506444192297,-30.071770621658278,-380.02204280701386,29.93288310029522,50.093856187232184,-79.977138529417,30.09885638955139,50.08659984089367,120.01819760567173,29.995514786272977,-29.898029472643934,120.06145119769863,30.02988960135157,49.98388503540434,419.9064253818091,29.980091402852086,49.88742815943215,619.9859164663392,29.864865619314184,-30.1132654840694,619.9631710602981,29.9633184733519
calibration_00173,-850.0490789820784,10.004277715500583,10.029563820699918,-649.9841713158593,9.995658749371417,10.027919053891814,-649.995614638308,90.03512355846995,9.940142712562636,-100.01129217396863,-39.98311152861056,0.032603597295223344,99.9923084556817,-40.028004333616934,-0.026308774113643987,100.05628184507762,40.017311425027124,0.01957868071935218,650.0266086781461,-89.94970738184384,-9.958679209288647,849.9993969938312,-90.03700597667451,-10.009832570304159,850.0079619994916,-10.028768142547815,-10.02627287025979,-749.9342801676208,-19.98711701445862,-0.02960256398247618,-549.9906301385445,-19.956508116056163,-0.09211390112751183,-549.9122555498819,59.99219658391991,0.07522333590593291,-100.01113497198057,-40.06807213062835,-0.04227192194472271,100.00877252910229,-40.01495004786479,0.003083538328448947,100.02203154083038,40.027896093834606,0.011540834677645027,549.9871985686015,-60.006769155512345,-0.05376327618792927,749.9708513276701,-59.99493015133811,-0.059646452647617254,749.9660878286288,20.050305613618196,0.0399768463560292,-600.0724033049046,-40.24847362704834,-0.11999346347495146,-400.0421816351533,-40.16714128951101,-0.07149807842712838,-400.0746204292222,39.876014769831826,-0.12895833433933074,-100.00202284895646,-40.06074417455916,-0.1177169788106959,99.95698205823884,-40.05956132622179,0.026788782035991665,99.96945973805019,40.01604062386376,-0.06838357618196887,549.9980880912818,-60.09014848797082,-0.030474422239900135,749.9507239542608,-59.88999777180255,-0.04264497158614365,750.0213203765264,20.077215771222512,0.024821462899486314,-599.9899815169031,-40.230515699450635,-0.19512729696709852,-400.0181234933321,-40.2274796760538,-0.061591104024541696,-400.0935534213136,39.89110909623817,-0.19597941814632014,-100.06162103716518,-40.0742732301554,-0.05045206930476167,100.02984069829337,-40.05291772612535,0.033366596580145576,100.00921855643982,39.98855964066793,0.006742421685173288,400.0630702123219,-39.9432076664027,0.26943524175775724,599.9557668998601,-40.00386489812656,0.4005294559271479,599.9933470338896,40.03932308812815,0.33297861729766837,50.04756669083175,-579.9828087217758,30.058835601056707,50.04497955249346,-380.01377967451424,30.031874807451118,-30.084123793555584,-380.00923920268207,30.042043776455493,49.98287589850575,-79.98315462157804,29.957222512078307,49.97852332140684,120.02686883902001,29.981130543578935,-29.984113348024394,120.0222604121143,29.97588131365475,49.991588906477155,419.93531248704596,29.996134940459676,49.98631644044646,620.0472356144346,29.942611864083606,-30.004186898546504,620.0077399241367,30.045474013038415
calibration_00174,-849.9636905621131,9.98163512540208,10.029992664510381,-649.978292767449,9.959574232778163,9.957850933459824,-650.0058427362503,90.02451598942605,10.001283295896425,-100.00678358561535,-39.95469692681117,-0.012299411399226813,99.99308162810661,-40.01814466843931,0.04266242411620593,99.98889846588834,40.02041554419699,-0.016842682372296622,650.0023467104272,-90.04090078037923,-10.009493216178411,850.0361789468944,-90.02067064552627,-9.978198333205754,849.9842010421489,-9.959340758969375,-9.9814494719309,-750.0208954709647,-19.992135215323994,0.003996784153769729,-549.9963826019152,-19.999626811685417,0.10307591296594118,-550.0140391958138,60.04854333768293,0.008812264723664968,-99.98376483793112,-40.072387884704014,0.03411267366030973,100.04562122755195,-39.97516573244999,0.012548091061461493,99.95819885418318,39.99783497498332,-0.06175384761194866,550.0069873549934,-59.94886716946231,0.03361589442285997,749.961335533493,-59.99581855312565,0.006707459435131121,749.9846432973119,20.01171681759402,-0.03069230282350769,-600.0087956087538,-40.354304934248475,0.022813845801767377,-399.9157878465506,-40.30025240733805,0.0664327392792552,-400.0640287708362,39.752439834141406,-0.007962605179381944,-99.98777679135898,-40.08869810824371,-0.03166215454741925,99.97216350356864,-40.05351162524269,-0.05442456949173782,99.97226207478812,39.985799562861835,0.04344229437992114,550.0061985732314,-59.967488703825495,-0.0018497516338434224,749.994741718662,-59.92878286296898,-0.022800847409665644,750.0365869944143,20.0596186595426,-0.06641680269252666,-599.9744873662372,-40.38380705192666,0.04730485745752146,-399.9318611648379,-40.26201519306678,0.012016914153237128,-400.06974216247306,39.83934155786144,0.04535786165010525,-100.00269669666116,-40.03374794907824,0.1266894397538868,99.98678431355984,-40.01388586058346,-0.03936642255803321,100.00486612617921,39.9646027636578,0.013310453970028332,399.96436287110555,-39.941722483088,-0.10530338863103988,599.9360696844801,-39.944327936469946,-0.12270478394527178,600.0469341379201,40.11842919261863,-0.034307872518961224,50.0014709727789,-579.9746685983779,29.93461947463426,50.08564976456574,-379.96240484925914,30.106303922768483,-30.090389170801505,-380.01835202611767,29.945227225737483,49.943909278264044,-79.94321096480711,30.063795105627985,50.00727075574404,119.94127208331443,29.95449733394772,-29.999350526671325,119.97444664766299,29.983696600022625,49.98434684060598,419.9025179530688,29.937523678217197,50.051167494438445,619.9732942220254,30.021283998849025,-29.951151084571407,620.0392810191797,30.06437905078967
calibration_00175,-849.979753181418,10.025028795854947,9.999504016976841,-649.963816767956,10.014918320918689,10.013001811467644,-649.9509758907624,89.98369145623944,10.005519090995966,-99.97563581565805,-39.97960336728461,-0.022661336073418397,100.00427602815614,-40.03830943455145,-0.03290284357838259,100.0149425198305,40.05837787690365,-0.008013298492033246,650.0357021732169,-89.98015252690016,-9.997854864620313,849.9671306412282,-89.98963933794825,-10.036118628125434,850.0561897054774,-10.001441561045777,-9.99937431824285,-750.025066110377,-20.070480042631303,-0.026449308374807027,-550.0729128772873,-20.083508784728433,-0.04403603868096696,-550.0430739982427,60.07989050906134,-0.0034496399825633614,-100.02501761762187,-40.00954136675202,-0.004865624730047072,99.99119661428449,-40.06814364376696,-0.0031996238831666565,100.01574885359538,39.98352443452672,-0.01731573820696447,550.0466558811072,-59.9874909462242,-0.0534793082624091,749.924027083089,-60.00029769981328,0.10384336260886062,750.0816560207169,19.996868533207433,-0.03746248756107316,-599.9583418348886,-39.896620668853046,0.0369848628305463,-399.99794189899717,-39.914871054333595,0.0539723666411846,-399.90571773923847,40.07397561762002,-0.029525161756579217,-100.01962481427395,-40.022622749479446,-0.016171152947734573,100.01299829812399,-40.02921920334434,0.009908824100422986,100.00078923160808,39.97301601339853,0.0015040196893339837,549.973861922898,-60.07538301525579,-0.0011178208918910092,749.9577937112381,-60.01482341854889,0.05746883852540938,749.9802148688777,19.933059506624794,0.01392764418240975,-600.019097301207,-39.87335413722607,0.0660001259776933,-400.02982600228296,-39.88481371487765,0.031566259606783297,-399.9888057936548,40.03085377743246,-0.05724430636173563,-100.00145823471777,-39.962114880489366,-0.027405282517331542,100.02862402305331,-40.0174039077189,0.0423941647981922,100.05447962628689,39.980302930440494,0.03953249440800033,400.0029225448931,-39.98876892973565,-0.0176084776020982,600.0311172777986,-40.02224894646024,0.0030495885111262097,600.1164626784825,39.97129392774661,0.09348041758787848,49.88951439991266,-579.9127429520421,30.00659269287399,49.97649304632766,-380.03980049084504,30.000576522843282,-30.00118838105857,-379.98928262748706,29.977469241248773,49.948062851978996,-80.10871133279568,29.967906613928495,50.05674131327976,120.01043202561169,29.9417575262635,-29.966718120856076,119.96763858874097,30.04130960982074,49.97602814413161,420.0866485775094,29.96447154635056,49.963530351108005,619.9034436657795,30.016683124838547,-30.015329784844184,620.109000621982,29.971760231299225
calibration_00176,-849.9797798143776,9.95537862980783,10.012286899757495,-650.0249281094193,9.966269561699661,10.027949059647005,-650.0084856654419,90.04049046004513,9.977746423583087,-100.00699615375902,-39.987226520685475,0.04635739299822227,99.96653700241015,-39.93864759844426,-0.054938238853317514,100.02953100912657,39.95137374853056,0.015682291462975825,650.0217263656689,-89.95104019128038,-9.98997694357175,849.9627817707114,-89.97962698104858,-9.945145848800564,849.9826600848008,-9.979193197016768,-10.01485702312708,-750.036170379672,-19.926366624737998,0.0469538910019302,-549.9914646733498,-20.04001047088705,-0.03802152927846481,-549.9408490826777,59.99834558670354,0.06638135540095368,-99.97437264423907,-40.05763466903667,-0.04301799753931618,99.99862435835388,-40.09805112253955,0.04064320126353916,100.00497347456181,40.023339013295235,0.00398442635502262,550.0938752470714,-60.03783523969192,0.0016173985156491405,750.0284141388825,-60.05542936654871,-0.05093137670695312,749.9842081180161,19.960489855050476,0.0012148284811191387,-599.999216942805,-40.106868034979264,-0.35038239745347893,-399.99079512940995,-40.10457686634926,-0.19677494046209307,-399.96426793488445,39.90260143971301,-0.24539819525312095,-99.902554489097,-40.03389205773458,-0.04081074381431825,100.00207950579589,-40.10403535753955,0.06371954628843418,99.98887015248448,40.04226409294886,0.0072628618690818636,550.0539450545216,-60.0696077553105,-0.0015695627185827298,749.9786753746274,-60.00851082665311,-0.027410218925105728,749.9421190865464,20.011338954053127,-0.03288553724090744,-600.0587806636291,-40.17302612443005,-0.27822406871541316,-399.966959788398,-40.09891968419821,-0.2609973021544795,-400.0065613395354,39.88039473082216,-0.20097201480556406,-99.94584169481128,-40.071198929980746,-0.03835473229498503,100.02377617726322,-40.04777364447753,0.031229785244708035,99.9474672744259,40.019927112622476,-0.027627732723819923,400.05424423307966,-39.972926453871345,0.218490137998807,599.9750436332093,-39.90715237404485,0.35102028417220493,600.0346284547976,40.00378655576098,0.26332237785761514,49.96497957675427,-579.9863759372167,30.007664106404935,49.98495604202232,-380.0686382474537,30.02633203482535,-30.01697210256531,-380.03324501442705,30.045940183021752,50.023338440713324,-79.96412091133669,30.057742795944964,49.99607999774305,119.97213729598691,29.98873641857886,-30.126823313126813,119.98579617996384,29.89675531176159,50.06888376103331,420.02300428129166,29.954175964836896,50.01912635592119,620.0274670282855,30.045588536333923,-29.959242809400536,620.0251038719888,30.02647469944726
calibration_00177,-849.9705493101477,9.99691011815548,10.025843721994534,-650.0535219809844,9.991091252253781,9.991266791073723,-650.0022403150581,90.02699396577395,9.999596113545788,-99.98735069247235,-40.012386296356276,0.011015004781998376,100.02308505775137,-40.08776502198739,-0.005750161820805486,100.02062570247435,40.026167335672255,0.03576335089844716,649.947525893724,-90.00491113165246,-10.012624930562671,850.0229740887435,-89.96453604619646,-10.022486953978708,850.0548910704008,-9.968694871873494,-10.007508348141181,-750.0477064824123,-20.016611506615344,-0.014480824366664712,-549.9617590692447,-20.0035805863881,0.044303372465218274,-549.9792575169355,59.98603692118309,-0.009769691082931513,-99.95097421872215,-39.939020628196964,-0.0045333204014038845,99.9674385324872,-40.004809106346855,0.042059756345974,100.00880782686293,40.02272521154605,-0.1090485411681114,550.0026659691486,-59.996205592506364,0.006782227287116763,749.9321648000785,-60.04082931409758,-0.0005269699603063687,749.9669020717754,19.98106419752101,0.032448299161748816,-599.9276690976446,-39.85372961145879,-0.12045302082498704,-400.02387239829204,-39.93012187935354,-0.08338154328785927,-399.94570887878774,40.14291957593569,-0.2254284019297515,-100.00577517038641,-39.96134067200491,0.01975094823400152,99.97278284303226,-40.02536868932677,-0.039012710496498106,99.99170350060392,40.0604188993833,-0.04810888228938357,550.0370816984731,-60.09788952333226,0.010197287823601305,750.0380124275902,-60.07153884363276,-0.02337526599061389,749.9939485283519,20.038127831976755,-0.009844065632877215,-599.9511717633125,-39.93288493664211,-0.15998980883375738,-399.97417647994496,-39.956051712914146,-0.03315221983752654,-399.8999182134835,40.155358498822544,-0.2510460292167845,-100.02988790243035,-39.97808862861577,0.0055032406855828435,99.95879369972266,-40.093739474666016,-0.023683488193242064,100.0428475525604,40.01764216064781,-0.07160156028171691,399.9136330680665,-40.050485433308125,-0.09496890248830989,599.9610936801424,-40.084211576656124,-0.19711920055417761,599.9568603046336,40.01920316445392,-0.14557590691421443,49.92362068904447,-579.9273757939495,29.977133555157096,49.95791511777935,-380.04093152172976,29.99906366610115,-30.0873835859122,-379.97453420937245,29.96229262316471,49.97222612699078,-79.96640784779089,30.050501873324208,50.00918935301635,120.01529382816629,30.08789470742737,-30.075057206610417,120.00135545610661,30.085055606533142,49.9888272553902,419.8844814317161,29.991640041747388,50.047109658785864,619.99039760665,29.971672905921473,-30.08521044799755,619.8931731829138,29.94336380417904
calibration_00178,-849.9982612127138,9.984365765872685,10.022432975667906,-649.9516488164404,10.004008432119134,10.016060284171672,-650.0142597900739,89.97024237662829,10.007371648410828,-99.99671785068736,-40.048330471981195,0.03225845671906173,99.95705497993171,-39.984048283776964,0.01225469853040353,99.96559658899382,39.974178037216696,0.012084882085334992,650.0399299743771,-90.02834806753742,-10.01915726553057,849.9491508356467,-89.98201087598993,-9.964375750559602,849.9735593960859,-9.93239985037993,-9.983981184267371,-749.9572867059271,-19.935625043365107,-0.049136418591289366,-550.0526415359506,-19.996978115414386,-0.02203062211673515,-550.0443628173979,60.013339652587234,-0.023080397979962943,-99.99992029214965,-39.92692522351878,-0.05471458138059945,100.00296988907178,-40.014372746958145,-0.013099429214723528,100.0729167184242,40.02031247651002,0.025844975542142434,550.0347008685924,-59.94960781094971,0.013345920468074611,749.9999175865054,-60.08426495241281,-0.05496174129921499,750.050237183119,19.98149142985653,-0.057009157860825235,-599.9758114636555,-39.73408554945707,-0.12675877913706293,-399.9689348405814,-39.79710420627514,-0.10931673415514445,-400.02744273993693,40.23866246506357,-0.12777668482166718,-99.9855900637634,-40.01821767713016,-0.06911620508889817,100.0046362379735,-40.027141126394056,0.026695855952589012,100.10300183997954,40.008996249653755,0.04356650204562845,549.9812618346585,-59.94933926409039,0.020686088127799703,750.0010442458165,-60.05942254720353,-0.01752667343376531,749.9944930850226,19.930085987922165,-0.024596817115808974,-599.916131616797,-39.75573109354227,-0.1288687089048322,-400.0292319060991,-39.869345875784205,-0.1626213518586042,-400.0016897900152,40.20939757181302,-0.1121371909675349,-100.02604118698915,-39.91750376263294,-0.05569972188845599,99.99499613738318,-39.99050575221651,0.0396452449080565,100.07117294796194,40.03548008271619,0.0006748440731517685,400.1249998615951,-40.060449011327265,0.19141579453600996,600.1236389174153,-40.16740248908259,0.2247744899079814,600.0249069027711,39.96333162565708,0.2837164122414631,49.978652110617936,-579.913041406287,30.068590998409764,50.040266857854945,-380.06416315198896,30.041380462862016,-30.02048966734463,-380.06739976326674,30.000319702524777,50.02545151690969,-80.06897338149548,29.9265476034222,50.07258547460262,120.00147334565985,29.98382090899127,-29.964501768607775,120.09594965597829,29.95458498294359,50.02764464075555,420.04765769037994,29.95163280550501,49.968595144583084,619.9902544281763,29.96870754750666,-30.11132828329633,620.0137808209529,30.035890568480564
calibration_00179,-849.9679625897752,9.96634136097078,9.955644257844552,-649.9797757057698,10.005628502272916,10.00708590443921,-650.0362034812573,90.04649427892548,9.974896144028396,-100.00381761828459,-40.04581370617885,0.008538056811790111,100.02454935636004,-40.008058652305294,-0.0361890766022935,99.9729378810536,39.93307957734864,0.004664048363882457,650.0072412089639,-90.05778738998232,-10.002456054828983,849.9917850339986,-89.9929837620027,-10.028296185308982,850.0305355307036,-9.999426121921339,-10.013231561350956,-750.0114332067732,-20.00515143472654,0.07002562046140501,-549.9979929824314,-20.001121136977574,0.0631297826062975,-549.9792580831693,60.00605389555695,0.01114460485938322,-99.9900369459208,-39.93516814670816,-0.006706234238067866,100.01306700463216,-39.99689909730604,-0.015880125443270606,99.97685591857312,40.01672078579535,0.06413570357323158,549.9793865060157,-59.93644146585637,0.03167200415732592,749.9850463093152,-59.98754660741533,0.01467655563077161,749.9843813369337,20.042759600522487,0.05376108298497063,-600.0836221985888,-39.846291259820475,-0.04734905879579996,-400.0106565301027,-39.92922673285355,-0.040392187824779026,-399.9788064639317,40.09056354563667,0.09954807138283475,-100.03271149228553,-39.89988260203789,-0.04050223396221457,100.1009558211894,-39.92579672564504,0.0054069230278782025,99.93294949603722,40.00167479298407,0.008197381970178882,549.9383096012203,-59.91017872859259,0.045233548975974036,749.9248957626218,-59.932622972502536,0.08447177722517715,749.9332950590724,20.033802583224286,0.009030779975295628,-600.0729502870355,-39.83886874561144,-0.010536973443931048,-399.97422421121786,-39.97228014061024,-0.11906944241607328,-400.0141470041219,40.059671895774606,0.12348286020796094,-99.97717048243379,-39.84948371726088,-0.004411699344022177,100.05778940361327,-39.97788202294391,-0.018910755670898075,100.0204381781716,40.00935946957539,0.031570906275035254,399.97759060988756,-40.082872311862424,-0.0020831566481614196,600.0736810900788,-40.00816611149672,-0.0033462663462375426,600.0051916014319,39.983309274108834,0.11892615040845764,49.911079612840624,-580.0958342659161,30.04669305650651,50.07120881992518,-380.01188681591015,29.977939617552384,-29.991331020224994,-379.9953069900945,30.05997001021716,49.891894321738604,-80.03593710659432,30.039460241438178,50.01144583930908,120.02635399949503,29.99997870008238,-30.00437863936747,119.98694137274552,29.962009605512065,50.026269923932375,420.0134761009427,30.032636483557756,50.00914890468538,620.0451455261037,30.076645389378942,-30.003675243279485,620.0515573555226,30.051364508099958
calibration_00180,-850.0353596968791,9.966401105521879,9.985102876262484,-650.019491635841,9.985117385806296,9.995863462108572,-650.0017402479677,90.00677390593901,9.990503502738319,-100.03023967020948,-39.95184457877893,-0.021464342376592387,100.00458486226563,-40.00887343801551,-0.01446072117788266,99.99815986027315,39.963910443733546,-0.008940198388411624,649.9954741536156,-90.03582239429375,-9.991638458139567,850.0268714743722,-90.01731054416183,-10.012555241284982,850.0128943548325,-10.014643103874645,-10.002764208022862,-749.9894755550606,-19.939365525071686,0.03527100237262494,-549.9845163639213,-19.99554102706721,0.003082568892232504,-549.9660211423313,59.98346186172428,0.010378893618450694,-100.02675797202758,-40.04268362464853,0.0270737435503373,100.00480806695319,-39.971859363882466,0.03756673024648843,99.99941750379547,39.98616885690482,0.019299932438454216,550.0507136296017,-59.971889934504695,-0.023727672670105664,749.9385197041512,-59.91499635794815,0.019419037291515943,750.0141264712846,19.96465757064616,0.02670700360269071,-599.9744316326519,-40.22090306983738,-0.009085399010726488,-399.9389686596554,-40.02761504746143,-0.10886819537351852,-400.07979916218375,39.9975112386036,0.03333252076257243,-99.93270349008151,-39.99628548113739,0.017344637740741013,100.0042978841917,-39.96537240797894,0.06049008816774623,100.00915361772961,39.995331067372554,0.06822143355935967,550.0508164596463,-59.96874744276537,-0.007750167027203582,749.9415630483952,-59.9746127098421,-0.06161550363502386,749.9994259773949,19.974949753484413,-0.04831301799405109,-599.9750316822827,-40.10967058039767,-0.026130830832489568,-399.91915088870667,-40.09420345122697,0.03735550148164121,-400.03238340513303,39.95511056343124,-0.009562050489518099,-100.01068223548343,-40.01346889102705,0.01983660228769362,100.01327782493024,-39.999489675822716,0.04094328204537534,100.00516365367031,40.03545175646292,0.07008798250455896,400.0514108101504,-39.90891819309173,0.11242209291026484,599.9885298990965,-39.94419766884204,0.2393673189877616,600.0372542815059,40.07389479977223,0.25953198450237913,50.043508507000716,-580.0430907298689,30.01947791407718,49.981015693234745,-380.0211594020551,30.02596685585573,-30.05683596073192,-380.095171803303,29.94909099261683,49.96456404360777,-80.0196976731584,30.03170617657879,50.03345850147604,120.04901962570855,29.92026395639848,-30.047602893627374,119.99538952350738,29.942558638094834,50.00167722587346,420.0461989686543,30.01386397697494,49.93849040756375,619.930252688625,30.04884040053092,-29.982924221769306,619.9860516969128,29.998728417758127
calibration_00181,-850.0181586318056,10.004161038124835,10.015652716346516,-649.9946479806697,10.009238486677768,9.974503216956899,-649.9893158378032,90.02188465891486,10.02485102872959,-100.07142722235626,-40.0078139010184,0.01480105101000715,100.03512214657617,-40.01009667469698,0.03048603362872508,100.01082603766311,40.03322185002642,-0.04275673188031402,650.0221286005662,-89.99582420976267,-10.008208070752161,850.0142149233095,-90.04447598186286,-10.038317384952046,849.9907760982119,-10.021958124702183,-10.054812627497961,-749.9587987896272,-20.016304507464064,-0.07019304465396234,-549.9897198492812,-19.99437267076334,0.035748739499316784,-549.9914890609879,59.957418496475285,-0.04294862115023901,-100.00507845752016,-39.99519077105106,-0.019583548421615266,99.99429951197229,-40.03710600804921,0.0019145107065777905,99.95926735196794,39.96090357866681,0.07486489660777622,549.9853569955768,-59.96330032652936,0.020689374612737413,749.9413363482989,-59.96439723072695,-0.02231347541141878,749.959904182224,20.00756319840856,0.042997752134849576,-599.9937908515561,-39.90483514259833,-0.036903893218108955,-400.0825660148686,-39.949499265544524,-0.052212403512028445,-400.0244308972334,40.08222921024037,0.039283343921704406,-100.04560149829243,-40.020108563364126,0.01825912748439357,99.94784907424662,-40.06986086634369,-0.06226105851387917,99.91316191372229,39.97377968192764,0.117926450347865,549.9513944162907,-59.982293890518605,0.025706491739060814,750.0112464386071,-59.921905791921056,0.0628253562864198,749.9857761048239,20.000375021724157,0.027704379030021688,-599.967300574786,-39.93551281738214,-0.06449686788442492,-399.9813810242644,-39.93090692825819,-0.0917350548928326,-400.0060104667804,40.045024127804645,0.0020221543641115516,-99.98437201329654,-40.075946905491904,-0.018220465102453093,100.0153085870276,-40.06691289166733,-0.014349882710452552,99.95977788756782,39.93823809762181,0.10391538607246338,399.849220832231,-40.063919197714284,-0.1659344345805444,599.9176199807708,-40.0517519538704,-0.33728039899670237,599.9119341908658,39.87311017568174,-0.028891426120408438,50.00574392251445,-579.9226325658624,29.96811407786876,49.95423673548288,-379.9586033617566,29.954984241807708,-29.984119767351455,-380.03431888277356,29.9771095672114,50.05541010533192,-79.91150550214581,30.113138117045505,50.01602664002361,120.04252855934483,30.094386783090748,-30.018683732739536,119.94254940622194,30.080395786165855,50.025889453062995,419.89016619760514,29.956489772071958,49.94064513259859,620.0030128135576,29.90889045130313,-30.024514115638453,619.9427802154092,29.994835113794124
calibration_00182,-849.9677242621668,10.029434280540427,10.003993726095686,-649.9814385874045,9.998970219710154,9.962705599063172,-650.0021150475185,89.98545805134033,10.042050949803016,-99.98109172454801,-40.014129571563096,-0.01811695314338399,99.97294497639817,-40.01388863674204,0.04894992279047476,100.02295788144045,40.05341252538412,-0.01582932507281576,650.0032389764243,-90.02327843725874,-9.989682200513645,849.9920641151165,-90.0069686971119,-9.98310035817536,849.9762865880845,-10.042726688283995,-10.024967910143534,-749.9938266225681,-20.050121821182625,-0.013589921352933472,-549.9616234384412,-19.95468136580196,-0.005412036531119709,-549.98669044875,59.96172072764046,-0.028462553776326303,-99.92063561860628,-39.91842884488341,0.011744693974781213,99.98061659860576,-39.98216972239033,-0.06982276468222344,100.05688802754491,39.97526336377116,0.014618735822361908,550.000895414572,-59.97818325197864,-0.0005951883113023849,750.0280702432418,-59.93439815003972,-0.028709545804631077,750.0331721819197,19.942547652662334,0.0453180585007046,-599.943885919008,-39.67604378081169,0.17016196357030078,-400.0063395200616,-39.739999364315125,0.1614690056342234,-399.9908198743242,40.269520586890785,0.21900995316656977,-99.97301883093405,-39.96606057987552,-0.014201476355090004,100.00464747687907,-39.93943632157456,-0.02693379111218728,100.03431120576526,40.05131947323495,0.03869747408621339,550.0161783070849,-60.02683091047595,-0.034251007419736246,749.993180437149,-59.96255865099083,0.04312912720516808,750.0146678499674,20.014400631987414,0.0017625342807313683,-600.0093414392186,-39.67327170037894,0.2737886873006484,-400.0552371051147,-39.73846586384548,0.16674932222440678,-399.9700147183847,40.24828148455832,0.21372827987471307,-99.97292717945031,-39.98265439823228,-0.03932564755867135,100.0403338582968,-39.974258890546224,-0.06250146417229868,100.02010995714515,40.016808115283695,0.04445674516615096,399.9952226577316,-39.867162710552904,-0.016978650842385104,600.0081237097799,-39.92600346078799,-0.06321471140287677,599.9449678434106,40.04404551853606,0.05607676290456276,49.890836560596085,-579.9300726773421,30.089519246248997,49.99499945921219,-380.07846763158057,29.98660698359438,-30.010899320566114,-379.9816015085866,29.95136525002485,50.14041115596728,-79.97623600044872,29.956978157301087,50.099140728016344,120.01722520690095,29.95420990041996,-29.915318063394253,119.96783483122297,29.945603029647877,49.923419190051824,420.0442831775125,29.993905575364117,49.94432385362267,620.0466063580407,30.05354537343543,-30.01764968358497,619.9634762477506,30.036935681393953
calibration_00183,-850.0340067564791,9.983750664872723,9.990040832484306,-649.9843245848182,9.96774479913668,10.011442876028054,-650.0023585648049,89.9934333282561,9.987504241166729,-99.92832697982206,-39.97759529923988,0.026568030998635625,99.9967864548437,-40.017414815906406,-0.041434673662228506,100.01548520800375,39.99325277573306,-0.011644168857519862,650.0330028741491,-90.03538338468854,-9.99770183860963,849.9611309315108,-89.99589623756414,-10.034977612568907,850.0564065882834,-10.018675834330349,-9.973331479658826,-750.0009325651979,-20.01714511273406,0.04188523349073537,-549.9748504109615,-19.98811878227567,0.01859786800439342,-550.0091894346604,60.09096990588018,-0.029773856625366506,-99.99078949269006,-39.976972852633345,0.001187217624113359,100.00450738327831,-39.95707162522182,0.029805016634793062,99.95953330628569,40.030462984907366,0.04609882849191735,549.9848651068261,-59.979655105125254,-0.00474948188984756,749.9559281656443,-59.97348975722164,0.02283749558146857,749.9988351227156,20.059213718714147,0.00879593480990442,-599.9589186334156,-40.04925895556284,-0.09537136352814757,-400.0505570350269,-40.113576747654555,-0.08673586653613101,-400.022604684806,40.00163076329171,0.019753180910949943,-100.03342980535048,-40.015538182227004,0.02953896231993372,99.97679414666959,-39.99955532130093,0.006435952812471267,99.96981407629553,39.933967310112266,0.02196504240076731,549.9782441920667,-59.93484149753962,0.032349296407403416,749.9712798798897,-60.04340899584375,0.019704622038357933,750.008940507049,19.975016991381782,0.05631802063592898,-599.9246058632967,-40.09520184142199,-0.1519390247415122,-400.0491499876597,-40.06654599618149,-0.05439309301601226,-400.006814666135,40.05278296211888,0.07242479344805818,-100.01965454909765,-40.035690970824206,0.051362762820436586,100.0226984605431,-39.96880184507745,-0.018605787365497426,99.98509081501099,39.928734230892076,0.02749076348354128,399.9684737027755,-40.04114132476321,-0.05549391478064207,599.9203088603876,-40.00599040324737,-0.042131057222772834,599.981377852707,39.88418202825137,-0.02554248303834833,50.04412655288157,-580.0070401049983,29.896711546764404,50.04662089433603,-380.0416039138684,29.971049864326133,-30.004716812566905,-379.9967644830325,30.07892348749908,49.97190980542337,-79.98649045342712,29.979708274324473,49.91643563399875,120.00952203860776,30.064942641901254,-29.959569585160068,119.97967651582734,29.943300337158288,50.050390403634275,419.9748994412285,30.025028520410995,49.95422516207996,619.9785886361598,29.94762630268777,-29.979034038404567,619.9428958565618,29.79211845454752
calibration_00184,-849.9544687538529,10.038421587270554,10.007160776945524,-650.0096822665843,10.009203110500195,10.009878356017001,-650.0261059667107,89.98567282542956,10.002355019318756,-100.03003388656826,-39.942540525540124,0.031263062554576664,99.93416710304807,-40.00169429025564,0.012782189314507343,100.01375471448851,39.976362924948695,-0.0021637355490489057,650.0622642392651,-89.97909302216985,-10.008765574091024,850.0054745292031,-90.02796313242607,-9.988096521065216,849.9912166641321,-9.964480706302314,-9.989224758060427,-749.9941040376157,-20.049940281175523,-0.0465856893661132,-550.0509929249216,-20.02976795771175,0.00093646858903003,-550.039140533044,60.03699550926583,-0.006966620083602854,-99.94399301390604,-40.101243719338356,-0.05985532190912164,100.10237165724247,-40.00421843080494,-0.02883202856258244,100.04013429961465,40.08341361526752,0.025386204554869514,549.9406887960669,-60.03174271981005,0.017039068608984475,749.9874121961182,-60.02260529663306,-0.0036398047461192237,749.9886690157518,20.026957671157902,-0.03006787896492724,-599.8496752879587,-40.36387242702125,-0.191457493270014,-399.90377958418793,-40.28437927081588,-0.1273371848893281,-399.8386431511593,39.671470455663595,-0.09119727536968109,-99.94293402538581,-40.0454235982211,-0.030946616537905956,100.03158107867387,-40.024731380496846,0.0033435978003904165,100.01280610920861,40.00971683465527,-0.04705284184954695,549.9622542415782,-59.95421326499323,0.04635903793350697,750.0191455887743,-59.90239714293813,-0.046202535500182836,749.967728010076,19.9411190558056,-0.100902670140754,-599.8722863225514,-40.30521177089019,-0.1614945906095865,-399.9125343518133,-40.30301667989326,-0.10089054690054308,-399.9128247423528,39.702008590503716,-0.08091303377422161,-99.98532835547812,-40.04618160035189,-0.06576007737035712,100.02746392141307,-40.03243085967098,0.07219985854094857,99.94618754507499,40.06099869746982,-0.01975812609855841,400.0419579112243,-39.97793786648973,0.015990822837235713,600.0476550994875,-39.91961106641336,0.16962435379224966,600.0682897120488,40.07195391625215,0.06764219417904498,50.05484738676287,-579.8918066418967,30.0570092299694,50.101843689191625,-379.9740002556008,30.053576421781766,-29.97506252137009,-379.86348953457434,30.091543963380776,49.91124617980936,-80.03989251974909,30.0153111426264,49.911925689081215,119.95876625084094,30.00779295389496,-30.10672337320227,119.94039335774764,30.000570264955623,49.98620893234856,419.96574788394526,29.92976090651563,49.99695072679078,620.0481433394543,29.94635149511031,-29.97838733452236,619.9973485228165,29.97719706590402
calibration_00185,-849.9831546409016,10.034936812742384,10.029003558946158,-650.0441009716474,9.984258583031131,10.001780412597249,-650.0122586435792,90.02445620407555,10.028571146352151,-99.98173637792969,-40.002079931032085,-0.02030636764471469,99.9820358733022,-39.93397444671737,0.034296556524627174,99.99399935178599,39.98052175878946,0.0033141479135309227,650.0106215283888,-90.08002692538493,-10.021998988828912,850.0752273931921,-89.98372624597538,-9.946206700428505,850.0295836537829,-10.024437172580106,-9.972823275835255,-750.0006821851819,-20.070066682149886,0.004248576944054894,-549.9757837390677,-20.041301980724015,0.03452973378553199,-549.9858685243918,60.035341690318575,-0.10100770847119975,-100.04171667745332,-40.00084841561065,-0.04447666762960281,99.9868699571254,-40.04078769080316,-0.059238234883997314,99.97263400619025,39.93073387594904,0.042144087053881236,549.9434935642248,-59.930005194497916,0.05852927759500119,749.951261551647,-59.952320113274354,-0.014030485656073656,749.9785632421346,20.025310846270344,0.010656165664205929,-599.9583866588562,-39.851460498160485,-0.005262122755013612,-400.01789002421583,-39.97046986041455,-0.07479393745847152,-399.92252324446457,40.096728311044195,0.16887788033269885,-100.03992035412288,-40.06254145881813,-0.08579802235369156,99.9823426509957,-39.996102768584414,0.015300495493263844,100.04330089274374,39.94166630389809,0.004904520777976373,549.9753224734819,-59.94065529518928,0.04021182859637219,749.9318039520759,-59.97019594031223,-0.07299662952209063,749.9695459242872,19.97287851590061,-0.10448130640015477,-600.0596870616586,-39.870498986048766,0.035327102776833985,-399.9510538686085,-39.98277218725168,-0.10143392039535809,-399.9836860455476,40.10587878947784,0.18895710122813653,-100.0587300274638,-40.06118275262884,-0.030237401481551504,100.03350909810317,-40.077064998277784,-0.04252666128390641,100.05380821711873,39.92322810361003,0.03162208031080578,399.9746121214533,-40.03535405553165,0.2251936291703607,600.0366935207378,-40.00919674262945,0.304691861988321,599.9437232030722,39.97002132518554,0.3614174155709272,49.965294067180395,-580.0485315565319,30.201435036143657,50.04419035352272,-379.98546382291215,29.96874317685678,-30.068707127339344,-379.9760665370639,30.075480665857874,50.05247070788555,-80.02943317615366,29.87779487412842,50.02296773675801,119.97475327172126,29.869900592826937,-29.887839117249577,120.1057599366833,29.80774607331743,49.92036553644159,420.014680516476,30.132851640410763,49.94149421539275,620.0082066883266,30.114866599938505,-30.05364820408984,619.9683359276492,30.009918057467864
calibration_00186,-850.0021055836959,10.022536380031816,10.00463442966271,-649.9887808929647,9.998101969136059,9.971508221617135,-649.9708914522798,90.00830967979681,10.047527444077993,-99.98146771493708,-39.92871258807098,-0.01270987859412752,99.99808273091912,-40.00621427294302,0.04654741446257807,100.01897035565024,39.97569834459365,-0.031222896496369244,649.96017274622,-89.9813338921793,-9.999616358737871,850.0232313308768,-90.02906553116435,-9.994442742407726,849.9812019887311,-9.995146704123483,-9.987757318445727,-749.999548796822,-19.948541081463794,-0.021045754212823134,-549.9767815702706,-20.002624077470937,0.021917743401821673,-550.0222845338297,59.97914351491072,-0.0007064765785020841,-99.99564153065907,-40.102701203932035,0.010746649247198963,99.96683947812176,-39.98583061281441,-0.06419099984877662,99.94183324165915,39.94371411753956,0.06931332717574878,550.0678859469023,-59.99613418518773,-0.0516201913384953,749.9748320614831,-60.013093255591905,-0.03149407173131741,749.9365945749607,20.03233016859671,0.019044729853295042,-599.9868768130124,-40.42195690716793,0.19827819622232498,-399.99092130299783,-40.21210110732789,0.14242507446216318,-400.0558206013735,39.77322952339608,0.2296440193516416,-100.04119221732371,-40.079549961186416,0.026263973050620327,100.02234497123808,-39.997056960178114,-0.06443936622487263,99.94405145640853,40.02125137500866,0.0694979453284623,550.1342701937293,-60.05950446050792,-0.054013110972521705,750.0287014600383,-60.01486294555058,0.03435195685325321,750.0125408402946,20.01335397437808,0.0026459964575368975,-599.9713872397009,-40.37390909678308,0.26248594687339055,-400.0305304466947,-40.20690234150394,0.15008162632680433,-400.0999312905225,39.715247291237475,0.23227957758906054,-99.98980945279293,-40.062103252961066,-0.016981522330251717,99.98989736966878,-40.03803427599719,-0.022599973086732998,99.90709661380649,40.06507364793041,0.10739728063070905,399.9712611047292,-39.79485318356156,-0.1652099521738258,599.9591709943418,-39.817991874189715,-0.27929374183949035,600.0686708036992,40.2579274904402,-0.16583524598958954,50.005359267328664,-580.0294773886621,29.912140798386776,50.0169569819187,-379.9561205021033,29.99062641093276,-29.99481002337208,-380.05492729213756,29.961376786852416,49.94008952542995,-79.95320952369443,29.951239519421286,49.936630767838174,119.97645127295324,30.068110115970317,-30.01541006161979,119.93656002011652,30.01139997191326,50.0052360870275,420.01385861157104,30.05234982794245,50.03255112485093,619.8993881539006,29.955019182035635,-29.9958522865416,620.0734230582905,30.043919835427854
calibration_00187,-849.9726145548461,10.028191460967484,9.90803098522241,-650.0014011032538,10.002364040828557,10.017067176361774,-649.974865110287,90.00076941078635,10.036983190344483,-100.00522029133552,-40.0087223063648,-0.03205869521473077,100.02798087950198,-40.003108582530835,-0.02292050444502727,99.96000069061256,39.960528695867566,0.024095127096530843,649.9970117781738,-89.94759539393323,-10.001279214665585,850.0349430558837,-90.00629689834169,-10.013584735745718,849.9875600921498,-9.974021309012166,-9.979901294982318,-750.0141523187764,-20.060227943367835,0.07469417224400758,-550.0466749474707,-19.968846982022484,-0.024354317500375127,-550.0152350514248,60.060015361687945,0.01713595262296652,-99.97734869374895,-39.95166939063289,-0.015936798780322222,100.01174153858439,-40.027369798804045,0.068814882260915,99.98883362475165,40.10565415206298,-0.03063146523049226,550.076848902878,-60.043268601980756,0.07129815097757804,750.0430993634085,-60.02970486744497,0.060020083641402516,749.9056987552799,20.021095476289457,-0.023873562913332896,-600.0068430916804,-39.94616287441288,-0.24273900303954285,-399.98911082141393,-39.92502475731536,-0.11919424798676478,-400.0062978676721,39.95117926346201,-0.3349377313031497,-99.93947413293758,-39.994796937451014,-0.05911283537023494,100.01076432835282,-39.938064465525535,-0.042834996054537416,99.95008393138491,39.985555256584185,0.05997123190115574,550.0622692530532,-60.04373935678511,-0.019547588660904246,750.0703213540755,-60.01857529342024,-0.005890204153085905,749.9582869099511,20.024136815680396,-0.0397169038832658,-600.0338277527038,-39.94341555635063,-0.27635615677429387,-399.96197837837246,-39.952482773457206,-0.10996058725349835,-399.9188621574111,40.000500644651396,-0.29962361732919085,-99.94192596002148,-40.044738287771914,-0.08051398632700107,100.05490194606303,-39.951078444624656,-0.015553821836083143,99.98428269817848,40.061328237122034,-0.056568215497215774,400.0311151770995,-39.8509633663821,-0.008367370401212368,600.0259096954062,-39.903220504355346,0.05165104572583051,599.9416681834771,40.13380572643483,0.1598402946921214,49.94106904041145,-579.9862502212055,30.09467705448832,49.92105472668875,-379.98995597693613,30.048615326657703,-30.029296834059295,-379.95502298448446,29.90705835992544,50.08372255497997,-79.95687183304229,30.085254109653913,50.05495903457638,119.92166746367289,29.99620227784267,-29.967910663315752,119.96486366473138,30.08212960945275,49.88860527397913,420.0023052731572,29.974104248985153,50.00757475480838,620.0558364090182,29.96410916536262,-29.981447083363765,619.9850638642434,30.094225066021313
calibration_00188,-849.9628937114898,9.966232246835945,9.961045382318026,-650.012967255648,10.004669533192697,9.994234080212614,-650.0152291756414,90.02045886485341,10.011311134128515,-100.00978991389927,-40.0092771561535,-0.021375142802833327,99.98812070091496,-39.969326635492656,-0.0021836592570227105,100.04021924996213,39.94626492097722,-0.022275711039314746,650.023283172403,-89.99179273687221,-10.045584754247642,850.0195039260373,-89.99516238249292,-9.982235198603338,849.9770633617028,-9.956824899829554,-9.967647712248082,-750.0794421880341,-20.0089764959565,0.027715976447825315,-549.970686498258,-20.013637928508672,0.013711944679655572,-550.0318427792762,59.928852978789706,-0.0035897105596021037,-100.03980306191322,-39.938686130613014,-0.030271609089343517,100.00039595478707,-39.95953753374228,0.02727928098794797,100.0412974705988,40.00366424045352,0.0490907292322649,549.9366377357002,-60.04203112148878,0.08992799195729936,749.985698138071,-60.0649042684816,-0.0487391567392647,749.9619203276968,19.966149590303946,-0.010986942178705626,-599.9641959336418,-39.781807611066256,-0.17954877486896456,-399.94808215376594,-39.770452858420605,-0.1601846684745696,-399.98716720039545,40.15867956204331,-0.1430584006178775,-100.03080224751477,-39.94580173889963,-0.040828129255869296,100.02503033031587,-39.96126580517923,-0.06876013170298689,99.96764869749683,39.96236476827744,0.028418688040272644,549.9259787044296,-59.985069553467184,0.05332819841072275,750.0726571059627,-59.95518823288867,-0.02149273273134591,750.0085058430986,19.883790481644155,0.03206522883636363,-599.9429796341357,-39.71397550196017,-0.2196503678528346,-399.96217070484465,-39.803874242682,-0.11466879104860453,-399.93370949836867,40.11221738895437,-0.09854714221413197,-100.08448772119284,-39.982979700207196,-0.024850022609733284,100.00174434664149,-40.03358369621068,-0.03594843821540433,100.00016314956198,39.97092375047862,-0.005005235919819686,399.91859642914625,-40.02998715317837,-0.15991497532002352,600.0669085698211,-40.03425278998149,-0.11988854775008713,600.0484857692326,39.90684490604937,0.022692128171738463,49.988066449183464,-579.9831630862017,29.95879008255138,49.93073794720932,-379.9660515987882,30.01529027987081,-29.937979816892742,-379.96697378009475,29.928127972057748,50.11813056302876,-80.09717714864153,30.034627815238736,49.97048861720438,120.03570475560818,30.033498329980727,-30.052961697989467,119.97530358685302,30.062381596598787,50.029235295688146,419.87962833820444,29.971263011917518,49.923370976635915,620.0104040228583,29.931806928808086,-29.982661470762523,619.9772807952218,29.91897310690994
calibration_00189,-849.983519742519,9.952896555004358,9.986264217302104,-650.0025033691722,9.97442516494376,10.040961914436526,-650.0395562029393,90.03037957804233,9.97815862520105,-100.04745112429832,-39.99428191730468,0.04147303180531359,100.0005751321664,-40.013822302310516,-0.07341634239170673,100.00933353707045,40.00695616516003,-0.050363996549952966,650.0006546423743,-90.012010770686,-9.969603675085027,850.0429714955376,-90.02550940877418,-10.006761246214277,850.0385380257866,-10.033910718548011,-10.043992394314955,-749.9765241131848,-19.984385184195293,0.02853802861034107,-549.974015621356,-20.013827447796984,-0.025040235724066426,-549.9855354621964,60.015335571262746,0.041209767671134934,-99.93605337011758,-40.0200097690907,-0.007078341447131521,100.0422122106038,-39.9732157147195,0.14830263836440755,100.0026548142739,39.98697292313562,0.05300756334069126,549.9874486984347,-59.99925876511422,-0.031365352441446226,750.0196184746409,-59.98231477385861,-0.02943941647492252,749.9587375924109,20.090211559486768,0.06940442231122064,-599.9278237932022,-40.14717901680966,-0.38518861182312353,-400.0361561344645,-40.15711360788363,-0.24870773749828853,-400.0348593098523,39.83864964108574,-0.4244114829378043,-100.02845367557981,-40.017285787900796,0.02196735278859731,99.93384908344049,-40.0276914684816,0.08010337129908157,100.00342807937423,40.054867499133294,0.038929689073813,549.9776008422999,-59.95763907378093,-0.06019269124163009,749.9985089015323,-59.89031146498518,-0.04760335852472257,750.0067812246303,20.08374437100883,0.027194548647696708,-599.9525767848978,-40.08494734094046,-0.37965802393630643,-400.07000295109435,-40.106400973675534,-0.21049895970928645,-399.9817585487224,39.89584073508945,-0.3701844925573577,-99.9783069615683,-40.01755841038767,-0.04085837756607953,99.97379455812356,-39.985584378089584,0.09902406330797338,99.98644590242564,39.976691561273945,0.04120228258433764,399.9577825756112,-40.030282719764145,0.24384326326759073,599.9359541180932,-39.98162819236673,0.24162767592738654,599.9705467403091,39.95355331822723,0.13979609221630063,50.07243714594659,-579.9242980248878,29.864855484550823,50.04986180827738,-380.03473425477125,29.966270653374387,-29.933569276564707,-379.93198152829115,29.976177703183367,49.97714669457357,-79.9394335976866,29.980476230956672,50.000371560070064,119.96425231613206,30.041372871213056,-30.05041104207106,120.02698822800565,30.09347379156977,49.92971476299722,419.9297633714461,29.992019087660115,50.030233028068764,619.8621383830892,29.944823095107747,-30.06403255058146,620.0000457250843,29.92734769773211
calibration_00190,-849.9685184294124,10.000917976687097,9.963812317096398,-650.037809477573,9.98581993067451,10.008681059994888,-650.0170284217161,89.99701128243856,10.037388644303983,-100.04445599842452,-40.02842293221073,-0.04094621366928491,99.99935923269365,-40.00555149265353,0.009991512905651,100.02567109209218,39.99889156976701,0.028837798998238302,649.9983133390884,-89.94698211896679,-10.01534917633883,849.9996414333683,-89.94679641325502,-9.959217218855832,849.9434286755721,-9.978664552984448,-9.998526468324126,-749.960766416239,-20.012133134439466,0.02925509503094252,-550.0656801762817,-20.04280261153987,-0.01032693496016188,-549.957974539558,59.995397766887756,-0.00443469958812605,-100.02660994195541,-40.00536127202092,0.03244997157573771,100.03387011386418,-39.95761164363801,0.012160220012497655,100.01485799679836,40.00442409621715,-0.03958415753724676,549.9938688210592,-60.0067296683159,0.03209292356365209,750.0149128287856,-60.06701840936639,-0.026992925509461124,750.0353623053577,19.945042963262782,-0.013599559112580945,-599.9949541180056,-40.08671012406451,0.16491613873493463,-400.0030107795051,-40.00196862620058,-0.019199581538277714,-399.96612608041926,39.96713545031653,0.004589536548735248,-99.97999567615143,-39.870249969923506,0.03962053123260774,99.98298801117977,-40.01431101008114,-0.0041311465006399276,100.0028304409628,39.97360866092374,-0.025421260333682433,549.8865039533619,-60.02183784803319,-0.05182097594018667,749.9643310642404,-60.094149770140014,-0.03175440741184729,750.0658261433691,19.970254220783247,-0.09635803413497007,-599.9791719239408,-40.08136893130844,0.13020257834389848,-400.0273317854917,-40.018608834513806,-0.005660115247040177,-399.92189317119596,40.00938017221936,-0.06937529738652448,-99.97788946148312,-39.90732510834834,0.06103093426069639,100.05499622502484,-39.956118114730984,-0.028154419325689996,99.98236643026173,39.93802495107905,-0.057440124328085866,399.9465220466083,-40.3173822543934,-0.018399299205840523,600.002059495054,-40.33983661509263,-0.1241774700176427,600.1451848041585,39.706617470390256,-0.04382123679301653,50.10930937330455,-579.9661895687213,30.037155393113583,50.06149068879638,-380.051297072973,29.942287490324638,-29.956944077624588,-379.95014163134186,30.044651248423186,49.82433528213398,-80.04063770905856,30.074164958634956,49.842362707483026,120.00562727172232,29.955304491591573,-30.11797149056604,119.9403462244267,29.969748998192753,50.050032681095246,420.0082845759791,30.00563563846161,50.08653108684529,619.9681064522397,29.89445935662601,-29.92414173030785,620.0167087159232,30.096632433978524
calibration_00191,-850.0140538541659,10.007783818876396,10.057636756287256,-650.0550465881643,10.005202179123,9.996440242492339,-649.9651375666102,89.98490787774351,9.941073888218357,-99.96275920484211,-39.9983505194688,0.023934739086597715,99.94564951137282,-39.98170549559297,0.03346125156604945,99.97612170930633,40.051407081985936,-0.03716754778443297,649.9878456347983,-90.0162082168849,-10.0009765691974,849.9651449190627,-90.05046771211936,-9.997775917639757,850.0451993951247,-9.93391607348192,-9.994608794515566,-749.9252020088993,-20.02019483789764,-0.04104404802920845,-550.0549372472007,-20.020720918781446,-0.01823939629153172,-549.9508983578432,60.02326971432741,0.06927550000504513,-99.9137663878507,-39.98015595072691,0.013335908093359487,100.00098880752034,-40.04741348824979,-0.0505037650119923,100.00906232649608,39.92781741893776,0.1027971319661217,550.0108750078555,-59.93251635174146,-0.012731856138029215,750.033789444226,-60.00101622874491,-0.004682029687864523,750.0258235707581,19.947299168904035,-0.04901025343713606,-600.0320072858743,-39.93035452831654,0.1545137150273504,-399.96153017055974,-39.92142698351463,0.15983724613544684,-399.9598621202205,40.156744974749785,0.22228151062253368,-99.95313208343597,-40.081132307687454,0.032387870457078256,100.07184638741063,-39.998510221418286,0.010807904539472394,100.0485371224365,39.991908474129424,0.06351151972218154,549.9989273937547,-59.94930787526028,0.03426814635163184,749.9806835910572,-60.03248339757405,0.032083213562176215,749.9977501054502,19.91989948963914,-0.08025458779723248,-599.9774424952806,-39.92554609265354,0.19220461629792962,-399.9558481002517,-39.79440579274388,0.2032610539332287,-399.8544751741392,40.15997040341458,0.22562205225436086,-100.0124836241234,-39.949311407644764,-0.006318083230512013,100.04383046131133,-40.030350030464206,-0.0025300551018502954,99.98250477272659,39.96576456215852,0.0997845277968964,400.05353846613144,-39.91642672405385,-0.01945638447957429,600.0644674780827,-39.780610867218336,-0.07161988226820273,600.0465423156056,40.153086370894954,-0.06593506381665237,49.987460240890776,-579.987884856973,29.932562699872356,49.92978839350752,-380.04909073288104,30.007850344654187,-30.039421082659022,-379.9941693896905,30.033721645960117,50.13137251320563,-80.05105265099081,29.92699856216779,50.10576289860751,119.95426433408912,30.039099814378144,-29.872782210813632,119.97837394006272,30.003912051262393,49.95505903520329,420.0262693107568,30.047809841747014,49.838734988647076,619.9977003547234,30.070943320603412,-30.104709602285325,619.9559988344728,30.007430589505
calibration_00192,-850.0523291537166,9.936540459397206,10.02783222570991,-650.0178899535032,9.981134525237124,9.98104184667799,-649.9912690525484,89.97163580225897,10.035569081693666,-99.97911903180928,-39.94045050178612,0.02794899246114637,100.04795518136326,-39.992834907945834,-0.030497481732582515,99.94165209380449,39.98491419813948,0.03906416986416621,650.0290444478505,-89.97040583633174,-9.968236042466087,849.9817154220821,-89.97071937239544,-9.992644724338806,849.9802296396193,-10.00343636557459,-9.978096655290628,-749.9544888759478,-20.012308774817356,-0.0063274550018177665,-550.0294443385114,-20.0015708770776,-0.0006583626988819419,-550.0320758542516,60.05393035348597,-0.074870916379801,-99.95766369404538,-40.01566597120368,-0.015513256449379755,99.99239289996333,-39.992302964698396,0.019109001822077733,100.0321704989061,39.98391405421737,-0.020528300084725556,550.0230308333861,-60.135686017826856,-0.09726414794925581,750.0329731243371,-60.02252839185373,-0.06873186019889474,749.9222381116667,19.980451376416116,-0.00492335543692541,-599.9734660675706,-40.01896611355273,-0.06412396775535183,-399.95722405362966,-40.01025515180238,-0.02431487831566192,-399.9303729756595,39.93745613785689,-0.10014844588679334,-99.94084007807496,-40.06328862247684,0.03666411831271883,99.91057204729354,-39.944348528757146,0.04137418732986123,100.05095065291248,40.008425344024296,-0.0800595266705144,549.9328714539952,-60.145921679708174,-0.07809457602236075,750.0576965546322,-59.9956957691107,0.021900237076021782,749.9544250917485,19.971710512903254,-0.05426215043684134,-600.020147231173,-39.955523606591896,-0.1156694331320225,-399.96211501634156,-40.019430299438035,-0.07515090125468495,-399.90035504583943,39.96767215282982,-0.12825593846440705,-100.00374523571179,-40.04757375283421,0.0916230450588541,99.98760013974459,-40.00039966780839,0.1531516568118486,100.04338751914268,40.038046044515404,-0.014534021638329495,400.0332237012992,-39.86609621391435,0.01741490655614428,600.0461735910659,-39.82353820405173,0.04052309487417576,600.0340011187632,40.16974471225168,0.027409449252594035,49.80324939633152,-580.1116026442552,29.992375965453405,49.98255961023452,-379.95882235446464,29.97044456366006,-29.937046676520744,-379.99728175731656,30.039161124328597,50.05055987877276,-79.9407268986694,30.02753258825977,50.03697890790499,119.94535691101923,30.063344443401654,-29.98545177835742,120.0847038600045,29.9329389210413,49.88253607978981,419.96875759209576,29.896209453174794,49.939353924719846,620.0158708383124,29.962948876856014,-30.069590113590785,620.032802212144,29.88457686938519
calibration_00193,-850.0223190660216,9.967376843194774,10.032450282092325,-650.0514477415211,9.999859025744666,9.991211416811078,-650.002095576533,89.99927548804855,9.992706068532293,-99.99447044050406,-39.99760615244489,0.003633445841237067,99.97999939705524,-39.985664597056804,0.030753579897835226,100.05833301841237,40.00937956053695,0.044189893123089644,649.9598327688468,-89.96813305577452,-9.973151205695496,850.0725156726294,-89.98644492327607,-10.013950578660799,849.9399864568018,-10.019873632517513,-10.008663794186166,-749.9227174037951,-19.953254282404846,-0.04124416421058931,-550.0037779347832,-19.991618575025704,0.06209616900989494,-549.9622584098228,59.973769769505935,0.03229179751848228,-100.0175936154727,-40.07002575210046,0.02130694357526971,100.03761108526301,-39.99869200177889,-0.04627803970062108,99.95107995343473,40.040166395818055,-0.01619314635160155,550.098684863022,-60.03465661810572,-0.008246227051412473,749.9932534160864,-59.96228433940609,0.010720294196474857,750.0150189240265,20.01162108306015,-0.012367983761582605,-600.0076328682193,-40.322932880814086,0.20789768828763394,-399.9667540496547,-40.27380468073492,0.11916839396247392,-400.06480179049026,39.76267571293052,0.11847122214358259,-100.02590664432508,-40.10420562176026,-0.008961159461649264,100.01426399720279,-40.016503917419115,-0.03135825203300672,99.96603314864801,39.96155818710957,0.008847704596580599,550.1195958541376,-60.04717799312637,-0.07021337070520658,749.9905196526933,-59.98178474113536,0.023690248832090498,749.9966112009486,19.98690763647912,0.038557745697574,-600.0327114674226,-40.370375535338106,0.1781136290808251,-400.00635208868016,-40.185101563422016,0.11537594808275842,-400.1302032393423,39.73603065797891,0.13225886226109654,-100.02514540499928,-40.00063891940907,-0.026032459142251413,99.98948028212696,-39.99008938151194,-0.02560297902337977,99.94385342560044,39.94885130895512,-0.03654837095239107,399.99823695948027,-39.887070229182605,-0.0592060904468409,599.9912949331449,-39.856847461249565,-0.052360500408215674,600.0061824444296,40.11790692050551,-0.06997227368477314,50.04504675552557,-579.9570851170745,30.031492349522683,49.956619817814406,-380.01157956536235,30.03692737551505,-30.00669569220964,-379.99017721838203,29.926301130260995,49.879758781625334,-79.97456653119448,29.97604754787872,50.01026333977536,120.03568099556666,29.917260496240665,-29.990864221839995,120.03493941412596,29.973580972065946,49.94726438888136,420.0150250504308,30.094563792758127,50.02923985868652,619.9450194459914,30.063915937814055,-29.93929193214391,619.9826473637838,30.01485116472451
calibration_00194,-850.0506628105712,9.994836307420469,9.949189288891963,-649.9686040289898,9.972802570422669,9.998865009870114,-649.9655184376395,90.02748992977273,9.965882957527096,-99.96661098450058,-40.03656009382267,-0.018636833203490515,100.01228030381883,-39.99425290526313,0.07570613790202639,99.99358269265008,39.99468672406132,-0.045473005927194624,650.0102652427188,-90.00466130121937,-9.983990775258535,850.027222444558,-90.01550634149424,-9.961579142906563,850.0153526491091,-9.936717871865142,-9.981560617208318,-750.01039835213,-19.99832300832333,-0.009258837820874537,-550.0041255239711,-19.94500795460195,-0.00012507140354225434,-549.9805276240173,60.071126205231444,0.02916094821869504,-99.92328167169062,-39.968583837625076,0.033125519908581785,99.99647053918885,-40.00954944415677,-0.07102749473959281,99.97922385840128,40.06512361637683,0.06060011660311631,550.007872448172,-59.966181280150934,-0.057720888263612664,749.9753299602966,-60.027690456312015,-0.03541642399702264,749.968866200807,20.032329473461438,-0.050059359617290425,-599.9918465230503,-40.01422206634746,0.32041251856979136,-399.9716735577088,-40.03722498686709,0.16478940825827318,-400.0022976447776,39.91939147842874,0.2873786574077881,-100.00747227839177,-39.95240304845895,-0.03784399290586081,99.96133592761163,-40.01439096021928,-0.09259512739224507,100.0154322229184,39.94985102770891,0.08840563186029823,549.9580306553263,-59.98607098446959,-0.027373231114852133,749.988231208116,-60.008901421459,-0.08870487443734942,750.0035104302258,19.986732611864387,-0.034661696236971726,-599.9167251244529,-39.96129103224875,0.3778919255173005,-400.0471211719633,-39.98639957061012,0.21467725440634355,-399.86523081778773,40.03325283814071,0.28695243638906587,-100.09880928000607,-39.931784551821984,-0.0306194758436737,99.9228499744369,-40.07700039230326,-0.1594786339568253,99.96687587091081,39.96021645109623,0.039851145250808094,399.9849250435957,-40.16923928943872,-0.25129574447111797,599.9858962110803,-40.269275687617,-0.209238017467704,600.0246719718346,39.74703265209748,-0.11726479199243299,50.15755615694347,-579.8540977877697,30.06138089239287,50.04608867398304,-380.0388203975532,30.001898560484378,-29.871021092581927,-379.9501306144558,29.923819722565,49.96650984702857,-79.9648169077003,29.959356622651033,50.005134796223416,119.99356082383827,29.94968899322608,-30.014624305223656,119.91323567421749,29.940582290201593,49.96782699756185,419.9802794147822,29.88062416523861,50.03804394233512,620.0370003301105,30.104115296261373,-29.924372007967918,620.0166883812324,30.12515047911698
calibration_00195,-850.0184678210635,9.994222462688924,10.036628531763494,-650.0286314761747,9.987276682316871,10.016044701583702,-649.9911460590796,90.02600865641132,9.976495384429791,-99.99635279446923,-40.033910629660454,0.07246335340834809,99.99570394763506,-39.989622305401824,-0.020707036903539033,99.96322158878868,39.987507045053995,0.028585961882724227,650.0212762414719,-90.01020589245445,-9.959565363739078,849.9135646392016,-89.98963241307604,-9.992297061836085,850.018727043532,-10.011789669724713,-9.99854960873958,-749.9787403255674,-19.99225959273965,-0.024489046288560273,-550.0096191391169,-19.9782923801097,-0.007765848978419062,-550.0328701547143,59.874446092623494,0.0121225045372383,-99.96508532981153,-39.990630889601405,-0.09541915906413179,100.02788329003597,-40.08777505039406,0.01989928101295703,100.06545152839526,40.00935031830519,-0.026010962829588233,550.0996717847463,-59.994645411571874,-0.05749992162611925,749.9759883976893,-59.94412165165267,0.059843130692372876,750.0285022136422,20.004467542193577,0.0865792135492354,-599.9561925497021,-39.86596256755808,-0.406170045605742,-399.98766380742387,-39.88910612607382,-0.2443485336085104,-399.91102708329026,40.117494107184875,-0.30245478272274706,-100.08313912412659,-39.95862729484769,-0.035521432223916787,100.03943152238864,-40.01984831555302,0.04293859899923696,100.03442975150661,40.037154229162674,-0.07450455119829213,549.9961012511824,-59.99604952636668,-0.005268120353895643,749.9967577193912,-59.9601279777429,0.0828195261293375,750.0607590227676,19.98238424197497,0.15576894453270176,-599.9913001374892,-39.85265649477084,-0.4241347951901737,-400.00534218929437,-39.92936832603095,-0.23585385673700354,-399.83158319544225,40.107380728441555,-0.28212119937951485,-100.01810827580248,-39.94109182734851,-0.07454102615308252,100.07793746052272,-40.00879072554896,0.054255443641341085,100.0950842921287,40.038999700205515,-0.04581376065203749,400.0722514576658,-40.08638383931989,0.1263397731766421,600.0119950627526,-40.13656943990536,0.19931480915274022,600.0051143396685,39.88336685993009,0.046508684729343566,50.04848873486383,-579.9763048142036,29.946694967627614,49.97791891692361,-380.02626731252735,30.050249104138803,-29.924966590980855,-379.9413967931646,30.00395170931575,49.95126498889885,-80.02230505853764,30.023132826692393,50.02108824279598,120.01820561732816,30.10205461979713,-29.940172639044565,120.03419661131052,29.990932712990155,49.97488630458499,419.97023719984065,30.000681549816388,49.980424575872206,619.9573987629717,29.975687518473237,-30.012498060120247,619.9605340967557,29.988151990657116
calibration_00196,-849.9776315055028,10.012746973182194,10.027052221404514,-650.015522321737,9.895461207291074,10.041353204047308,-650.0310799447477,89.97012072389259,9.99341208491994,-99.9799086712508,-39.995573920520584,-0.030148063796946994,99.99074292969145,-40.01513270209723,-0.02980743440948351,99.99268161341163,39.957410457041,-0.0288146222711432,650.0467863330972,-90.01478683053821,-9.972405194748289,849.9968207882034,-89.98028227758822,-9.94377444154321,850.0287754014373,-10.049239172097922,-10.027359926434977,-749.9636578399312,-20.02607024858282,0.0012280980804748598,-549.9619352579547,-19.977370683673772,-0.03100631368720984,-550.0700483673427,60.02095637050941,-0.0005743687328762454,-100.0033205069813,-40.02530681348175,0.030794384400215098,99.9855797100999,-39.97839103405859,0.09843597387807762,100.0178347827494,40.05061843079369,0.0892697027082344,549.9861251050851,-59.96364596344128,-0.02326310890230849,750.0518531704091,-60.00707959680769,-0.010135491125693535,749.9664245326873,20.012030300403474,0.054168334154594995,-599.9558741279426,-40.009761419600025,-0.1316167275943672,-399.9851224445205,-40.13745037899639,-0.031237893587302237,-399.9748734107921,39.92202847178886,-0.07154885667049657,-100.01464109721594,-40.01404950381834,0.03365844228978619,100.00567627779473,-39.979048721019524,-0.06650540842109401,99.95758114494846,40.078340014106054,0.03817610865916589,549.9581872829219,-60.006798024335104,-0.05603667232763994,749.9485309730626,-59.93781462876908,-0.10495997184251266,749.9679624727264,19.967990093612464,0.06738253223635,-599.9885407880214,-40.075342464102455,-0.1639761190430335,-399.97176235323604,-40.09974141079091,0.038460634359283215,-399.9684076283893,39.945923265970656,-0.13285522586696982,-99.97122405099522,-39.99647471141111,0.009351014966044874,99.96609971913922,-40.01416264003368,0.011299205904325375,99.9814431488064,40.05683887747614,0.07508601440165429,399.967389146291,-39.8244028490729,-0.1310400046477656,599.9415796614664,-39.72604806359088,-0.28031560023619667,599.9798953987879,40.17716383000975,-0.2514473481672858,49.885990536790786,-579.9949932335021,29.805968621698558,50.01331631665009,-379.9205962490652,30.058283520973596,-29.963140917840516,-379.9356189768297,29.964793304108312,50.015268860951174,-80.03080176003094,30.121290287154366,50.075414034418976,119.95097961478533,30.096274980466596,-30.064666769389664,120.01812561639088,30.175889423427954,49.94690011767365,419.9625295369042,30.005277142641525,49.965691521532605,619.9550399704355,29.79886244851484,-30.066303995053165,620.0011559241458,29.982185258229897
calibration_00197,-849.9851208132235,9.99173889148238,9.995896396128009,-650.0020961001622,9.991795563375838,10.051438082269938,-649.9662938936498,90.00984325661267,9.98139159906958,-100.0131731012688,-39.98793289751764,0.07394040528265108,100.01555636431154,-39.9746865859581,0.04005906074287519,100.02898899174136,39.98910924420885,-0.004127682212256862,650.0220939432471,-90.04278663393418,-9.983280295621707,850.0194061647423,-90.05096839183375,-9.985405239818984,849.9827237467248,-9.946606296650371,-10.04952222091751,-750.010809893365,-19.963572459079984,-0.010261504060107132,-550.0018995750429,-20.013026685507725,-0.11791774762856377,-550.0362349075408,60.053225032188124,0.00944051573160069,-100.03904508235107,-39.98636816984354,-0.039742443198709336,100.01173856113414,-39.964548534632584,-0.026840322062196782,99.94350461043882,39.99510867709428,0.029072817729156784,549.959177628925,-59.884445513623355,0.04533635821053715,749.9777291997592,-60.07429654469943,-0.045374741383225475,750.0123433825433,20.04813071032441,0.09378910388628289,-600.0973701785852,-40.06883534081972,-0.08268783409547112,-400.04869243962605,-40.09500468601824,0.024509777138396128,-400.0223832381556,39.971759352812384,0.06719857703023814,-99.97408751706273,-40.06044417182509,-0.05880615314299159,99.99211165256027,-40.00555496726509,-0.09703852758997301,99.92665880525539,40.04515388769164,0.023280530149711806,550.0030618957595,-59.8633824286904,-0.007548799761509283,749.9852955972576,-60.03957633527908,0.02637475275723302,749.9787870225348,20.088671627613486,0.05547050995954819,-600.0817706237702,-40.009410830833296,-0.08430122343295027,-400.0844053460974,-40.125139759523485,0.07007107254930522,-400.04423159557905,39.9473661726383,-0.009223258273967421,-100.0097337443443,-40.100183802689614,-0.1355037098451679,100.0071390410155,-39.918325229456556,-0.06625159024765882,99.97454276440187,40.00001066262629,0.023988336584275797,400.01184435925757,-39.82345062760658,-0.08243137826440579,600.0660235675755,-39.80343669735758,-0.2512891839796015,599.9965080456676,40.196988848838,-0.0642155092547871,49.915721885312465,-580.0131747001348,29.962526072123243,50.00544785419062,-380.0188540487405,30.068205325131412,-30.044266626380455,-380.03267964851926,30.038382434498967,50.08948938650727,-79.92032818779781,29.96229576083725,50.027336948547756,120.0241594163312,30.00785741898601,-29.95342073720742,119.98236631182778,30.047299407778173,50.041744208460045,420.072209258763,30.025013973595637,50.00702532382128,620.0353717591939,29.952239732475743,-30.08418029384323,619.9355529649152,30.008723779952955
calibration_00198,-849.9846805529234,10.007419938388997,10.06745403491763,-650.0227810057079,9.964858178348576,9.962908087230211,-649.9782046939584,89.97220290780764,10.047392118940541,-99.9595139433293,-39.997728530072095,0.01412843502874293,100.03040597546563,-40.00440228283308,0.02342073804229963,99.99153986183414,40.027846344585704,0.06508263213098808,650.0573503700938,-89.97219274021893,-10.0051386109612,849.9723669953165,-89.98429133098969,-10.01193846954693,849.9892910968887,-10.018454241997024,-10.023749495462068,-749.988962750085,-19.96082985710155,-0.08978180626314776,-550.0004819044443,-20.0620415440286,0.0848026085943159,-550.0358367789795,60.08678728264277,-0.07707372065459767,-99.96130464866766,-40.02348096558788,-0.069720888904814,99.91884308886698,-40.01959460747208,-0.02658707547825995,100.02610227962809,40.09642554211882,-0.03827043119485609,549.998686398634,-60.05609576353502,0.07883958373636257,750.0093557054334,-60.000541631170165,0.057817048301428656,749.9660797608017,19.99721695082813,0.016166156262957088,-600.0248734863817,-40.05419196583711,-0.14427629530640473,-399.93189898886794,-40.05272717021022,-0.14662669933435613,-400.08376950699295,39.98050919277074,-0.14637157483008736,-99.98914022530488,-40.02772412075539,0.08537362848895941,99.92847995484999,-40.00296962605825,-0.034481675420582315,99.93616414811468,40.04029091910155,-0.1424751493752048,549.9748788907957,-59.98927595814964,-0.0016544756272673725,750.0260690183361,-60.003290032391746,0.0002838826441464385,749.9558451453375,20.017023316634816,0.06648350333340251,-600.0043475143243,-40.12060807836005,-0.22068035615740494,-400.0047640356219,-40.113389776421606,-0.09714502539636041,-400.0222404942225,40.02234825033645,-0.2036555459708415,-100.0163256284361,-40.018368097626315,0.012503090559789487,99.86766678951305,-40.079063633614886,0.03145675575883411,99.94908155916292,40.01280023796551,-0.056015489791213735,400.0438006368471,-39.971193696790124,-0.17994643722196624,600.0333676860906,-39.79058543248469,-0.36728359465634614,599.9161189410237,40.12976494192731,-0.5568845495336135,50.005604563435746,-580.0336444880749,29.870841859672314,49.994349009132655,-380.0010447482277,29.937956952659995,-30.07323272778345,-380.0204352300193,29.965500200848034,49.96870732241491,-79.99978890561297,30.131226516296593,50.10439774666604,119.95153017969521,30.12754195573901,-29.979210940417445,120.01156857401811,30.144725876635455,50.03491857862872,420.0606020039367,30.002242652089205,49.939484199505976,620.0648585266745,29.869833942379852,-29.99057098236386,619.9541641563744,29.8794690288384
calibration_00199,-850.0167048494756,9.96038095698937,10.061542781716652,-649.9785274472506,10.004121985909244,9.970671493622094,-650.0284795756269,89.98291575032755,10.030976814311975,-100.00978568840418,-40.028345394925346,0.017261034597793476,100.03714054087078,-39.99908814839437,0.10409088376067048,99.9738302328128,40.013886240641526,-0.03860820593258778,650.0190635809829,-89.97274013188832,-10.000700823968353,850.0389248703617,-90.05515899691328,-10.076902722440616,850.0412747457024,-10.030389733669658,-10.001656453770039,-750.0278301924737,-19.926207391053694,-0.022234605392367712,-550.0378782747777,-20.010487101834464,0.0988418516246253,-550.0085093981002,60.10122763233358,-0.005444539378128933,-99.9870454912439,-39.97416652923993,-0.05520857868910507,100.00353083684635,-40.040990706081665,-0.11276262474092238,99.96068518517696,40.03102344670075,0.016491730070085038,549.9392581985379,-60.002873173289586,0.11539847614112075,749.9780293326882,-60.041832440153996,0.08449400672689636,749.9855931833712,20.008537945235574,0.006183019934800883,-600.034054907739,-39.95593213925968,0.0907193855562023,-400.02155651625736,-39.95792753236214,-0.05494263136030036,-400.0805145518058,39.96603998942065,0.26397985772544674,-99.9746128356808,-39.94344962113583,-0.017229338929221967,100.01911652317514,-40.03541435847598,-0.024590664773229326,99.9761147406643,40.000795790670765,0.057090597522781575,549.9727822494048,-60.09157584810581,-0.01383841159801081,750.0315605388589,-59.98299909671279,0.06651384547615495,749.8904816606799,20.022120875102125,0.007552768798933258,-600.0144369882712,-39.989069234815084,0.06163032845721346,-399.9571473637426,-40.025679138137605,-0.05944748977243901,-400.0009359392916,40.080607601012,0.1255366204348591,-100.0217851187277,-39.97021317414943,-0.05177258013788783,100.00894015517919,-40.045288721475394,-0.029314810942688636,100.00618794033484,40.015718520536005,0.0712626450183938,399.93761020479775,-40.03430755446151,0.0056751636296599565,600.0016503516202,-40.15976788429816,0.00817296192623147,600.0847803614552,39.798262058730955,0.027733663668402155,50.06184762647637,-580.0191062586828,30.022602672980724,50.05391841735889,-379.9627564009836,29.942508610595155,-30.031668121795846,-380.04195064883817,30.119173562557773,49.99029959881429,-79.99273804808924,30.032765435422714,49.969254067537115,120.02673889538454,29.944496566558062,-30.13956942708352,120.04016940352,29.965462324927838,49.87597578986699,419.9478802711224,30.12431325936845,49.94053204494211,620.008192526718,29.972495253195863,-29.871012998099694,620.1114501601592,30.033975351267177
